timestamp_ms,user_name,phase,action_label,segment_index,acc_x,acc_y,acc_z,gyro_x,gyro_y,gyro_z
456893180.000,Miguel,recording,switch_hand,1,0.392085,6.201607,8.377929,0.393849,0.359407,0.149657
456893190.000,Miguel,recording,switch_hand,1,-0.027396,6.447441,8.022350,0.468516,0.352727,0.076204
456893200.000,Miguel,recording,switch_hand,1,-0.348931,6.635472,7.799638,0.487518,0.289793,0.005383
456893210.000,Miguel,recording,switch_hand,1,-0.681590,6.602389,7.788175,0.485981,0.200909,-0.050545
456893220.000,Miguel,recording,switch_hand,1,-0.792340,6.343063,7.739968,0.493301,0.110683,-0.074123
456893230.000,Miguel,recording,switch_hand,1,-0.475716,6.118732,7.808999,0.524699,0.035508,-0.070503
456893240.000,Miguel,recording,switch_hand,1,0.097964,6.052166,7.765961,0.565960,-0.015039,-0.070136
456893250.000,Miguel,recording,switch_hand,1,0.533205,6.092819,7.350506,0.559135,-0.054976,-0.097800
456893260.000,Miguel,recording,switch_hand,1,0.565798,6.114959,6.588665,0.416565,-0.054556,-0.139468
456893270.000,Miguel,recording,switch_hand,1,-0.049317,5.653594,6.011179,0.104675,0.101545,-0.148297
456893280.000,Miguel,recording,switch_hand,1,-0.697484,5.285063,6.225460,-0.174256,0.292123,-0.103028
456893290.000,Miguel,recording,switch_hand,1,-0.610796,6.000493,7.190557,-0.277659,0.323145,-0.036371
456893300.000,Miguel,recording,switch_hand,1,-0.738001,6.181141,7.109221,-0.300597,0.255287,-0.002303
456893310.000,Miguel,recording,switch_hand,1,-0.488466,6.392528,7.650525,-0.271338,0.149321,-0.011892
456893320.000,Miguel,recording,switch_hand,1,-0.447819,6.361777,7.914431,-0.186107,0.017760,-0.047244
456893330.000,Miguel,recording,switch_hand,1,-0.175091,6.329351,7.822865,-0.076268,-0.128675,-0.101077
456893340.000,Miguel,recording,switch_hand,1,0.017672,6.209783,7.623905,0.024953,-0.278090,-0.169316
456893350.000,Miguel,recording,switch_hand,1,-0.014027,6.041219,7.243528,0.077750,-0.389512,-0.252634
456893360.000,Miguel,recording,switch_hand,1,-0.374872,5.834241,6.915624,0.060640,-0.421938,-0.327963
456893370.000,Miguel,recording,switch_hand,1,-0.918379,5.820871,6.892264,-0.006275,-0.385576,-0.347199
456893380.000,Miguel,recording,switch_hand,1,-1.083742,5.961809,6.987755,-0.083712,-0.339605,-0.293187
456893390.000,Miguel,recording,switch_hand,1,-0.654634,6.045732,7.098613,-0.151622,-0.321770,-0.198330
456893400.000,Miguel,recording,switch_hand,1,-0.048390,5.991894,7.239322,-0.210464,-0.329467,-0.114852
456893410.000,Miguel,recording,switch_hand,1,0.434452,5.985136,7.348973,-0.260001,-0.338101,-0.073984
456893420.000,Miguel,recording,switch_hand,1,0.536781,5.996544,7.578058,-0.293449,-0.321122,-0.060208
456893430.000,Miguel,recording,switch_hand,1,0.300476,6.079574,7.850726,-0.301714,-0.277377,-0.046899
456893440.000,Miguel,recording,switch_hand,1,0.212184,6.139962,7.931224,-0.277136,-0.227635,-0.027990
456893450.000,Miguel,recording,switch_hand,1,0.186223,6.105131,7.915499,-0.224799,-0.189064,-0.015274
456893460.000,Miguel,recording,switch_hand,1,0.179904,6.061299,7.911793,-0.162127,-0.167304,-0.017596
456893470.000,Miguel,recording,switch_hand,1,0.143546,6.128188,7.866049,-0.107478,-0.161842,-0.031760
456893480.000,Miguel,recording,switch_hand,1,0.183963,6.222572,7.898154,-0.070754,-0.154562,-0.053846
456893490.000,Miguel,recording,switch_hand,1,0.412149,6.370788,8.020150,-0.048712,-0.114295,-0.083853
456893500.000,Miguel,recording,switch_hand,1,0.653658,6.360442,8.204889,-0.033700,-0.032042,-0.115158
456893510.000,Miguel,recording,switch_hand,1,0.699455,6.121302,8.269042,-0.023829,0.073484,-0.135202
456893520.000,Miguel,recording,switch_hand,1,0.688177,6.038467,8.231128,-0.016998,0.180986,-0.143670
456893530.000,Miguel,recording,switch_hand,1,0.589915,6.021656,8.188796,-0.008522,0.273261,-0.148180
456893540.000,Miguel,recording,switch_hand,1,0.516253,6.071192,8.113361,0.001302,0.330695,-0.154744
456893550.000,Miguel,recording,switch_hand,1,0.427628,6.103480,8.056768,0.011297,0.337129,-0.168653
456893560.000,Miguel,recording,switch_hand,1,0.266425,6.112913,8.002675,0.023819,0.291531,-0.191438
456893570.000,Miguel,recording,switch_hand,1,0.060685,6.071202,8.001638,0.043774,0.209628,-0.216162
456893580.000,Miguel,recording,switch_hand,1,-0.161966,6.056294,8.015423,0.075456,0.111018,-0.233173
456893590.000,Miguel,recording,switch_hand,1,-0.305933,6.077018,8.100003,0.120635,0.013480,-0.235974
456893600.000,Miguel,recording,switch_hand,1,-0.373524,6.071539,8.088605,0.177059,-0.067829,-0.226859
456893610.000,Miguel,recording,switch_hand,1,-0.353508,6.000021,8.042504,0.237370,-0.128833,-0.214604
456893620.000,Miguel,recording,switch_hand,1,-0.338603,5.963545,7.946521,0.294961,-0.176111,-0.205808
456893630.000,Miguel,recording,switch_hand,1,-0.384485,5.940501,7.828655,0.347042,-0.220866,-0.201994
456893640.000,Miguel,recording,switch_hand,1,-0.443325,5.937466,7.733438,0.391610,-0.272630,-0.200033
456893650.000,Miguel,recording,switch_hand,1,-0.463373,5.961885,7.580500,0.426200,-0.334589,-0.198652
456893660.000,Miguel,recording,switch_hand,1,-0.475968,6.000531,7.483430,0.446262,-0.404090,-0.201624
456893670.000,Miguel,recording,switch_hand,1,-0.493246,5.956031,7.443181,0.448239,-0.461270,-0.208771
456893680.000,Miguel,recording,switch_hand,1,-0.564976,5.880904,7.449038,0.436018,-0.465593,-0.208736
456893690.000,Miguel,recording,switch_hand,1,-0.682338,5.789710,7.455158,0.417951,-0.399011,-0.187721
456893700.000,Miguel,recording,switch_hand,1,-0.711071,5.838664,7.368607,0.396395,-0.304791,-0.148999
456893710.000,Miguel,recording,switch_hand,1,-0.671348,5.993779,7.162993,0.367258,-0.235436,-0.108746
456893720.000,Miguel,recording,switch_hand,1,-0.694359,6.114607,7.012265,0.330391,-0.189103,-0.076142
456893730.000,Miguel,recording,switch_hand,1,-0.790690,6.117713,6.961241,0.291501,-0.132805,-0.048567
456893740.000,Miguel,recording,switch_hand,1,-0.780364,6.060913,6.959505,0.250948,-0.067161,-0.022711
456893750.000,Miguel,recording,switch_hand,1,-0.688559,6.081843,6.941856,0.203567,-0.021132,-0.000205
456893760.000,Miguel,recording,switch_hand,1,-0.650848,6.071882,6.973714,0.152428,-0.001068,0.016002
456893770.000,Miguel,recording,switch_hand,1,-0.645823,6.103128,7.037632,0.107270,0.007986,0.018588
456893780.000,Miguel,recording,switch_hand,1,-0.561092,6.164695,7.194341,0.088991,-0.014900,0.022738
456893790.000,Miguel,recording,switch_hand,1,-0.461865,6.254707,7.486258,0.105689,-0.098954,0.046507
456893800.000,Miguel,recording,switch_hand,1,-0.356975,6.229584,7.544227,0.131183,-0.205364,0.071692
456893810.000,Miguel,recording,switch_hand,1,-0.298555,6.193826,7.512537,0.143805,-0.267020,0.078975
456893820.000,Miguel,recording,switch_hand,1,-0.349829,6.137874,7.489594,0.143380,-0.253934,0.073679
456893830.000,Miguel,recording,switch_hand,1,-0.397792,6.108573,7.397014,0.133401,-0.189648,0.072380
456893840.000,Miguel,recording,switch_hand,1,-0.420277,6.168270,7.325599,0.113193,-0.109398,0.082566
456893850.000,Miguel,recording,switch_hand,1,-0.511239,6.284812,7.367113,0.088032,-0.028987,0.100751
456893860.000,Miguel,recording,switch_hand,1,-0.415741,6.439093,7.380974,0.070819,0.033828,0.119822
456893870.000,Miguel,recording,switch_hand,1,-0.312841,6.571180,7.442840,0.075814,0.054592,0.129160
456893880.000,Miguel,recording,switch_hand,1,-0.223435,6.629939,7.410018,0.109874,0.025686,0.114733
456893890.000,Miguel,recording,switch_hand,1,-0.194939,6.572420,7.258207,0.157392,-0.045790,0.072492
456893900.000,Miguel,recording,switch_hand,1,-0.226403,6.471687,7.118433,0.200147,-0.153913,0.025529
456893910.000,Miguel,recording,switch_hand,1,-0.326629,6.419680,7.025016,0.224190,-0.276412,-0.003193
456893920.000,Miguel,recording,switch_hand,1,-0.458861,6.371381,6.931109,0.220437,-0.373785,-0.011339
456893930.000,Miguel,recording,switch_hand,1,-0.488709,6.280605,7.013030,0.202461,-0.425118,-0.000001
456893940.000,Miguel,recording,switch_hand,1,-0.360518,6.305294,7.439101,0.196401,-0.445221,0.029302
456893950.000,Miguel,recording,switch_hand,1,-0.181877,6.246874,7.918752,0.218843,-0.442682,0.072334
456893960.000,Miguel,recording,switch_hand,1,-0.150122,6.051933,8.152924,0.274211,-0.395111,0.127742
456893970.000,Miguel,recording,switch_hand,1,-0.026369,5.956978,8.179920,0.355603,-0.302745,0.191881
456893980.000,Miguel,recording,switch_hand,1,0.134544,5.991834,8.069930,0.441896,-0.192868,0.251178
456893990.000,Miguel,recording,switch_hand,1,0.232488,6.110821,7.902086,0.508567,-0.083129,0.295809
456894000.000,Miguel,recording,switch_hand,1,0.242033,6.249183,7.645992,0.541148,0.018029,0.327675
456894010.000,Miguel,recording,switch_hand,1,0.287359,6.467984,7.362001,0.535336,0.102631,0.350973
456894020.000,Miguel,recording,switch_hand,1,0.389208,6.719238,7.064078,0.492521,0.165652,0.361121
456894030.000,Miguel,recording,switch_hand,1,0.524149,6.908855,6.800397,0.421596,0.210927,0.351292
456894040.000,Miguel,recording,switch_hand,1,0.601123,7.004262,6.603770,0.340419,0.248506,0.321091
456894050.000,Miguel,recording,switch_hand,1,0.618044,7.127132,6.569704,0.281944,0.281064,0.267630
456894060.000,Miguel,recording,switch_hand,1,0.704252,7.352313,6.786596,0.276990,0.281653,0.179011
456894070.000,Miguel,recording,switch_hand,1,0.864526,7.494869,6.920426,0.320102,0.208704,0.047546
456894080.000,Miguel,recording,switch_hand,1,0.958118,7.480619,7.003947,0.380056,0.052559,-0.113615
456894090.000,Miguel,recording,switch_hand,1,0.802060,7.291210,7.110817,0.439422,-0.139581,-0.275675
456894100.000,Miguel,recording,switch_hand,1,0.450474,6.967087,7.319289,0.501166,-0.287480,-0.405079
456894110.000,Miguel,recording,switch_hand,1,0.038443,6.671961,7.465607,0.569397,-0.345585,-0.480354
456894120.000,Miguel,recording,switch_hand,1,-0.361900,6.457230,7.578691,0.638734,-0.327459,-0.503574
456894130.000,Miguel,recording,switch_hand,1,-0.729270,6.239621,7.709794,0.700132,-0.256391,-0.488984
456894140.000,Miguel,recording,switch_hand,1,-1.092202,5.997329,7.624448,0.746464,-0.140100,-0.449688
456894150.000,Miguel,recording,switch_hand,1,-1.435952,5.791897,7.329179,0.771674,0.007930,-0.397153
456894160.000,Miguel,recording,switch_hand,1,-1.811051,5.617851,6.971656,0.769177,0.164782,-0.308363
456894170.000,Miguel,recording,switch_hand,1,-1.277047,5.931769,6.418726,0.685324,0.360169,-0.023353
456894180.000,Miguel,recording,switch_hand,1,1.438044,7.450137,5.369512,0.432357,0.559565,0.543029
456894190.000,Miguel,recording,switch_hand,1,3.896656,8.478948,4.568503,0.165898,0.336366,0.895447
456894200.000,Miguel,recording,switch_hand,1,5.116325,8.287332,4.478755,0.053931,-0.315149,0.726509
456894210.000,Miguel,recording,switch_hand,1,3.946467,8.467418,4.748622,0.005058,-0.813598,0.364475
456894220.000,Miguel,recording,switch_hand,1,1.323341,8.396409,5.171723,-0.041257,-1.056973,0.084202
456894230.000,Miguel,recording,switch_hand,1,-1.470241,8.398423,5.567250,-0.055559,-1.208187,0.006292
456894240.000,Miguel,recording,switch_hand,1,-2.329504,8.510073,5.359768,-0.046626,-1.259937,0.107097
456894250.000,Miguel,recording,switch_hand,1,-1.804303,8.127792,4.878042,-0.076113,-1.172338,0.257913
456894260.000,Miguel,recording,switch_hand,1,0.023324,7.479839,4.390152,-0.163043,-0.981026,0.349945
456894270.000,Miguel,recording,switch_hand,1,1.436935,7.098970,4.836750,-0.252669,-0.758002,0.354854
456894280.000,Miguel,recording,switch_hand,1,1.219199,7.158593,5.556788,-0.300316,-0.568194,0.314969
456894290.000,Miguel,recording,switch_hand,1,0.480762,6.857458,6.127669,-0.318877,-0.427837,0.280497
456894300.000,Miguel,recording,switch_hand,1,0.271416,6.054479,6.993655,-0.320459,-0.324699,0.259897
456894310.000,Miguel,recording,switch_hand,1,0.146068,5.464888,7.758273,-0.299755,-0.254129,0.245066
456894320.000,Miguel,recording,switch_hand,1,0.030751,5.478007,8.324414,-0.234518,-0.186957,0.265653
456894330.000,Miguel,recording,switch_hand,1,-0.094330,6.190801,8.875308,-0.100060,-0.077532,0.364096
456894340.000,Miguel,recording,switch_hand,1,0.580017,7.045362,8.998415,0.086997,0.129319,0.514984
456894350.000,Miguel,recording,switch_hand,1,2.408112,7.639995,8.859777,0.270019,0.446008,0.623174
456894360.000,Miguel,recording,switch_hand,1,3.969882,7.709855,8.448229,0.406540,0.785973,0.614582
456894370.000,Miguel,recording,switch_hand,1,4.170498,7.552463,7.904732,0.499763,1.021449,0.514344
456894380.000,Miguel,recording,switch_hand,1,4.097314,8.001715,7.421770,0.593003,1.079363,0.386081
456894390.000,Miguel,recording,switch_hand,1,3.591775,8.916956,6.926473,0.697037,1.023872,0.262147
456894400.000,Miguel,recording,switch_hand,1,2.724660,9.340547,6.212938,0.760835,1.000237,0.153585
456894410.000,Miguel,recording,switch_hand,1,1.912695,8.843897,5.620873,0.756486,1.058001,0.064597
456894420.000,Miguel,recording,switch_hand,1,1.160188,8.179397,5.118246,0.691275,1.206275,-0.013408
456894430.000,Miguel,recording,switch_hand,1,0.968775,7.737635,4.937563,0.596080,1.424987,-0.095104
456894440.000,Miguel,recording,switch_hand,1,1.078771,7.574113,4.922762,0.520118,1.622072,-0.184204
456894450.000,Miguel,recording,switch_hand,1,1.347394,7.606881,4.868541,0.462367,1.736482,-0.281227
456894460.000,Miguel,recording,switch_hand,1,1.373323,7.753538,4.573793,0.352495,1.712726,-0.379368
456894470.000,Miguel,recording,switch_hand,1,0.966746,8.183829,4.110001,0.161282,1.517882,-0.444643
456894480.000,Miguel,recording,switch_hand,1,0.337797,8.789422,4.231929,-0.087413,1.189419,-0.437018
456894490.000,Miguel,recording,switch_hand,1,-0.418704,8.601613,4.281509,-0.361755,0.797389,-0.357915
456894500.000,Miguel,recording,switch_hand,1,-0.896688,8.090452,4.979934,-0.610401,0.362086,-0.239673
456894510.000,Miguel,recording,switch_hand,1,-1.135735,7.591025,5.421901,-0.808641,-0.112518,-0.100389
456894520.000,Miguel,recording,switch_hand,1,-0.881108,7.894131,5.833009,-0.952594,-0.577728,0.046744
456894530.000,Miguel,recording,switch_hand,1,-0.325167,7.495200,6.129673,-1.015311,-1.000500,0.132315
456894540.000,Miguel,recording,switch_hand,1,-0.007021,6.258123,5.970851,-0.995049,-1.322495,0.095057
456894550.000,Miguel,recording,switch_hand,1,-0.190832,5.791464,5.495597,-0.978931,-1.474310,0.024870
456894560.000,Miguel,recording,switch_hand,1,-0.044324,6.515803,5.513045,-1.003214,-1.484987,0.029553
456894570.000,Miguel,recording,switch_hand,1,0.650944,6.956774,5.955378,-1.013793,-1.408379,0.070559
456894580.000,Miguel,recording,switch_hand,1,1.120355,6.910572,6.293757,-1.005452,-1.284325,0.075557
456894590.000,Miguel,recording,switch_hand,1,1.135852,6.473698,6.572892,-1.003994,-1.171661,0.036979
456894600.000,Miguel,recording,switch_hand,1,1.016326,6.203696,7.102328,-0.988697,-1.073741,0.008517
456894610.000,Miguel,recording,switch_hand,1,0.998414,6.520727,7.713783,-0.932829,-1.005954,0.037620
456894620.000,Miguel,recording,switch_hand,1,1.335363,6.578697,7.952733,-0.842746,-1.020349,0.086687
456894630.000,Miguel,recording,switch_hand,1,1.627386,5.989266,7.648918,-0.733277,-1.045361,0.066442
456894640.000,Miguel,recording,switch_hand,1,1.457943,5.135127,7.105938,-0.629305,-0.946024,-0.035143
456894650.000,Miguel,recording,switch_hand,1,1.281278,5.457592,7.151738,-0.532212,-0.713808,-0.139107
456894660.000,Miguel,recording,switch_hand,1,1.195766,6.323312,7.576586,-0.419544,-0.413186,-0.182018
456894670.000,Miguel,recording,switch_hand,1,1.181312,6.851418,7.914975,-0.288099,-0.091711,-0.159278
456894680.000,Miguel,recording,switch_hand,1,1.018795,6.741229,7.974934,-0.152714,0.211878,-0.106996
456894690.000,Miguel,recording,switch_hand,1,0.984389,6.415191,8.010270,-0.023190,0.468403,-0.061626
456894700.000,Miguel,recording,switch_hand,1,1.126609,6.304018,8.025611,0.096122,0.654225,-0.039724
456894710.000,Miguel,recording,switch_hand,1,1.287536,6.398008,7.935612,0.199050,0.768128,-0.042837
456894720.000,Miguel,recording,switch_hand,1,1.369535,6.460089,7.668148,0.279970,0.842529,-0.068736
456894730.000,Miguel,recording,switch_hand,1,1.281841,6.489287,7.256409,0.328741,0.913641,-0.107357
456894740.000,Miguel,recording,switch_hand,1,1.098314,6.562535,6.884998,0.337830,0.986290,-0.140991
456894750.000,Miguel,recording,switch_hand,1,1.013558,6.743097,6.716094,0.306140,1.037291,-0.153788
456894760.000,Miguel,recording,switch_hand,1,0.914829,6.950643,6.766506,0.247115,1.031888,-0.142721
456894770.000,Miguel,recording,switch_hand,1,0.750493,6.854256,6.774670,0.178445,0.962428,-0.122117
456894780.000,Miguel,recording,switch_hand,1,0.476099,6.599163,6.636720,0.097037,0.861199,-0.096491
456894790.000,Miguel,recording,switch_hand,1,0.295951,6.591049,6.545809,-0.007855,0.743497,-0.051246
456894800.000,Miguel,recording,switch_hand,1,0.321841,6.846148,6.670303,-0.121644,0.602700,0.001517
456894810.000,Miguel,recording,switch_hand,1,0.390163,6.954417,6.872716,-0.217730,0.451972,0.039262
456894820.000,Miguel,recording,switch_hand,1,0.381757,6.750270,6.873859,-0.292845,0.321013,0.067812
456894830.000,Miguel,recording,switch_hand,1,0.326419,6.486062,6.907788,-0.346371,0.234625,0.090045
456894840.000,Miguel,recording,switch_hand,1,0.393379,6.468677,7.038549,-0.372946,0.197881,0.101368
456894850.000,Miguel,recording,switch_hand,1,0.513732,6.521657,7.191150,-0.375595,0.195018,0.101568
456894860.000,Miguel,recording,switch_hand,1,0.516944,6.510160,7.336059,-0.359448,0.205293,0.090744
456894870.000,Miguel,recording,switch_hand,1,0.433970,6.376854,7.426066,-0.329169,0.214619,0.068106
456894880.000,Miguel,recording,switch_hand,1,0.328929,6.256477,7.460941,-0.292688,0.217826,0.037982
456894890.000,Miguel,recording,switch_hand,1,0.275713,6.334850,7.476015,-0.259884,0.204415,0.011724
456894900.000,Miguel,recording,switch_hand,1,0.302798,6.482433,7.474880,-0.237337,0.161085,-0.005093
456894910.000,Miguel,recording,switch_hand,1,0.311564,6.578644,7.483836,-0.226034,0.102211,-0.018785
456894920.000,Miguel,recording,switch_hand,1,0.225549,6.545186,7.616285,-0.216959,0.059324,-0.033883
456894930.000,Miguel,recording,switch_hand,1,0.030624,6.530753,7.811357,-0.196707,0.044328,-0.045845
456894940.000,Miguel,recording,switch_hand,1,-0.095318,6.602941,8.004748,-0.155502,0.044639,-0.048885
456894950.000,Miguel,recording,switch_hand,1,-0.145231,6.693148,8.022967,-0.100896,0.048747,-0.042355
456894960.000,Miguel,recording,switch_hand,1,-0.112130,6.745152,7.880239,-0.051943,0.057816,-0.030258
456894970.000,Miguel,recording,switch_hand,1,-0.028336,6.752737,7.664510,-0.019888,0.071171,-0.019419
456894980.000,Miguel,recording,switch_hand,1,0.076303,6.749165,7.533891,-0.006774,0.083281,-0.014987
456894990.000,Miguel,recording,switch_hand,1,0.144568,6.730787,7.469027,-0.006482,0.090808,-0.017742
456895000.000,Miguel,recording,switch_hand,1,0.105878,6.653901,7.447223,-0.009593,0.092546,-0.026683
456895010.000,Miguel,recording,switch_hand,1,-0.011866,6.555790,7.445230,-0.008133,0.095447,-0.036517
456895020.000,Miguel,recording,switch_hand,1,-0.096960,6.507879,7.405836,-0.003075,0.107469,-0.036389
456895030.000,Miguel,recording,switch_hand,1,-0.177779,6.553937,7.419718,0.001564,0.120831,-0.018769
456895040.000,Miguel,recording,switch_hand,1,-0.226672,6.616363,7.421580,0.004438,0.118102,0.014716
456895050.000,Miguel,recording,switch_hand,1,-0.187276,6.597034,7.315911,0.002217,0.099157,0.057952
456895060.000,Miguel,recording,switch_hand,1,-0.071269,6.502231,7.194706,-0.008778,0.080746,0.105030
456895070.000,Miguel,recording,switch_hand,1,0.082359,6.428589,7.154085,-0.027451,0.069587,0.149181
456895080.000,Miguel,recording,switch_hand,1,0.225228,6.341815,7.172481,-0.047313,0.065118,0.182687
456895090.000,Miguel,recording,switch_hand,1,0.331512,6.225807,7.214067,-0.065039,0.068286,0.199837
456895100.000,Miguel,recording,switch_hand,1,0.438367,6.184419,7.246012,-0.082267,0.071431,0.201936
456895110.000,Miguel,recording,switch_hand,1,0.604222,6.149559,7.256669,-0.098312,0.062222,0.190721
456895120.000,Miguel,recording,switch_hand,1,0.720926,6.096845,7.263567,-0.110714,0.046229,0.162021
456895130.000,Miguel,recording,switch_hand,1,0.810781,5.997741,7.271658,-0.117028,0.037845,0.116331
456895140.000,Miguel,recording,switch_hand,1,0.889884,5.898216,7.257454,-0.115606,0.041096,0.058050
456895150.000,Miguel,recording,switch_hand,1,0.924201,5.829569,7.226123,-0.109130,0.056936,-0.008635
456895160.000,Miguel,recording,switch_hand,1,0.872302,5.858759,7.217916,-0.102837,0.080425,-0.072762
456895170.000,Miguel,recording,switch_hand,1,0.710877,5.934228,7.281798,-0.099901,0.098592,-0.123271
456895180.000,Miguel,recording,switch_hand,1,0.444324,5.962215,7.383021,-0.098276,0.105987,-0.156032
456895190.000,Miguel,recording,switch_hand,1,0.228094,5.963566,7.466723,-0.093256,0.111813,-0.168018
456895200.000,Miguel,recording,switch_hand,1,0.211511,6.010195,7.577006,-0.078682,0.125664,-0.160873
456895210.000,Miguel,recording,switch_hand,1,0.340721,6.076440,7.650066,-0.049026,0.144962,-0.146310
456895220.000,Miguel,recording,switch_hand,1,0.470102,6.097524,7.590791,-0.006857,0.171512,-0.134194
456895230.000,Miguel,recording,switch_hand,1,0.515948,6.067507,7.371466,0.036746,0.222471,-0.111277
456895240.000,Miguel,recording,switch_hand,1,0.627778,5.860170,7.125939,0.080625,0.320308,-0.047424
456895250.000,Miguel,recording,switch_hand,1,1.158079,5.486207,6.893877,0.141372,0.499591,0.048414
456895260.000,Miguel,recording,switch_hand,1,2.294090,5.045652,6.282148,0.124061,0.647811,0.049710
456895270.000,Miguel,recording,switch_hand,1,3.611972,4.746841,4.485847,-0.274739,0.382207,-0.209051
456895280.000,Miguel,recording,switch_hand,1,3.765456,4.731468,5.045437,-0.859788,-0.082346,-0.567787
456895290.000,Miguel,recording,switch_hand,1,4.075347,4.999208,9.379536,-1.091119,-0.273473,-0.773098
456895300.000,Miguel,recording,switch_hand,1,5.029642,6.131248,10.253733,-0.908571,-0.293276,-0.926251
456895310.000,Miguel,recording,switch_hand,1,5.778429,6.176100,10.613742,-0.489290,-0.300197,-1.229830
456895320.000,Miguel,recording,switch_hand,1,4.979325,5.747613,9.593897,-0.047393,-0.345114,-1.720880
456895330.000,Miguel,recording,switch_hand,1,1.802933,4.914747,8.817207,0.280684,-0.327377,-2.230988
456895340.000,Miguel,recording,switch_hand,1,-1.756611,4.795274,8.207010,0.510979,-0.166096,-2.541768
456895350.000,Miguel,recording,switch_hand,1,-3.722316,5.129481,6.731675,0.606774,0.057915,-2.577445
456895360.000,Miguel,recording,switch_hand,1,-4.581094,6.439585,6.232198,0.545796,0.240295,-2.416825
456895370.000,Miguel,recording,switch_hand,1,-5.054426,7.387966,6.413258,0.423355,0.335470,-2.190282
456895380.000,Miguel,recording,switch_hand,1,-5.749308,7.412803,6.908917,0.294038,0.365738,-1.950835
456895390.000,Miguel,recording,switch_hand,1,-6.721710,7.033358,7.340943,0.168861,0.349544,-1.673317
456895400.000,Miguel,recording,switch_hand,1,-6.939186,7.004480,7.766430,0.076473,0.285592,-1.344135
456895410.000,Miguel,recording,switch_hand,1,-6.502630,7.685149,7.774654,0.026159,0.182282,-0.975356
456895420.000,Miguel,recording,switch_hand,1,-5.886699,8.027966,7.654576,-0.007394,0.055424,-0.581789
456895430.000,Miguel,recording,switch_hand,1,-5.010486,7.719744,7.888284,-0.023291,-0.047549,-0.214931
456895440.000,Miguel,recording,switch_hand,1,-3.555664,7.319833,8.020573,0.034125,-0.138905,0.074325
456895450.000,Miguel,recording,switch_hand,1,-2.489033,6.594462,7.305184,0.088359,-0.201957,0.288991
456895460.000,Miguel,recording,switch_hand,1,-1.789770,6.377910,7.132902,0.056538,-0.182512,0.448595
456895470.000,Miguel,recording,switch_hand,1,-1.549675,6.247141,7.911715,0.032771,-0.103458,0.578508
456895480.000,Miguel,recording,switch_hand,1,-1.289558,5.757625,8.292241,0.085454,-0.016879,0.689378
456895490.000,Miguel,recording,switch_hand,1,-0.846192,5.350831,8.329687,0.180267,0.068380,0.759128
456895500.000,Miguel,recording,switch_hand,1,-0.398589,5.446136,9.125021,0.286643,0.186773,0.754592
456895510.000,Miguel,recording,switch_hand,1,0.023535,5.575411,9.099464,0.408826,0.317868,0.663944
456895520.000,Miguel,recording,switch_hand,1,-0.075468,5.710490,8.634092,0.526226,0.431368,0.514617
456895530.000,Miguel,recording,switch_hand,1,-0.508865,5.836795,8.120630,0.614034,0.525769,0.350180
456895540.000,Miguel,recording,switch_hand,1,-1.086843,6.170323,7.323226,0.642688,0.598575,0.209304
456895550.000,Miguel,recording,switch_hand,1,-1.699599,6.620833,6.577046,0.589803,0.656862,0.114206
456895560.000,Miguel,recording,switch_hand,1,-2.150589,6.923293,6.112488,0.457126,0.727092,0.073490
456895570.000,Miguel,recording,switch_hand,1,-2.380973,6.990455,5.980932,0.256565,0.814208,0.091993
456895580.000,Miguel,recording,switch_hand,1,-2.555631,6.956488,6.305765,0.026728,0.890725,0.158145
456895590.000,Miguel,recording,switch_hand,1,-2.509742,6.826466,7.010783,-0.152636,0.871459,0.248399
456895600.000,Miguel,recording,switch_hand,1,-2.299599,6.701141,7.829884,-0.209656,0.703730,0.325430
456895610.000,Miguel,recording,switch_hand,1,-1.982111,6.634305,8.478392,-0.124929,0.435985,0.354232
456895620.000,Miguel,recording,switch_hand,1,-1.562604,6.661525,8.705997,0.058437,0.136547,0.335167
456895630.000,Miguel,recording,switch_hand,1,-1.162565,6.674184,8.467087,0.266535,-0.134135,0.286578
456895640.000,Miguel,recording,switch_hand,1,-0.939801,6.681317,7.950028,0.443721,-0.334217,0.224529
456895650.000,Miguel,recording,switch_hand,1,-0.793055,6.556622,7.428770,0.565868,-0.453506,0.161115
456895660.000,Miguel,recording,switch_hand,1,-0.840147,6.370230,7.065610,0.631669,-0.497210,0.108387
456895670.000,Miguel,recording,switch_hand,1,-1.081369,6.214158,6.878039,0.650250,-0.479120,0.079214
456895680.000,Miguel,recording,switch_hand,1,-1.317949,6.171054,6.635064,0.632448,-0.417699,0.078604
456895690.000,Miguel,recording,switch_hand,1,-1.508890,6.224613,6.375593,0.584674,-0.336891,0.104949
456895700.000,Miguel,recording,switch_hand,1,-1.600751,6.354163,6.161970,0.512090,-0.261723,0.151001
456895710.000,Miguel,recording,switch_hand,1,-1.601831,6.534903,6.081777,0.430199,-0.210378,0.199510
456895720.000,Miguel,recording,switch_hand,1,-1.456834,6.699892,6.055126,0.354423,-0.190862,0.228764
456895730.000,Miguel,recording,switch_hand,1,-1.256929,6.799098,6.030327,0.288421,-0.198080,0.226289
456895740.000,Miguel,recording,switch_hand,1,-1.095964,6.862772,5.986798,0.233977,-0.226926,0.200004
456895750.000,Miguel,recording,switch_hand,1,-0.936353,6.904771,5.962004,0.186240,-0.277213,0.160009
456895760.000,Miguel,recording,switch_hand,1,-0.962772,6.910099,5.970009,0.140039,-0.320461,0.108871
456895770.000,Miguel,recording,switch_hand,1,-1.071308,6.866742,6.027419,0.090458,-0.330198,0.057914
456895780.000,Miguel,recording,switch_hand,1,-1.216734,6.765177,6.047465,0.026626,-0.299174,0.020900
456895790.000,Miguel,recording,switch_hand,1,-1.385677,6.594945,6.088286,-0.054823,-0.214843,0.007993
456895800.000,Miguel,recording,switch_hand,1,-1.524871,6.476965,6.223665,-0.146019,-0.090058,0.025049
456895810.000,Miguel,recording,switch_hand,1,-1.559008,6.388387,6.456866,-0.227003,0.033715,0.065902
456895820.000,Miguel,recording,switch_hand,1,-1.460514,6.394789,6.755271,-0.275804,0.117967,0.109895
456895830.000,Miguel,recording,switch_hand,1,-1.194362,6.479775,7.044947,-0.281219,0.149024,0.133780
456895840.000,Miguel,recording,switch_hand,1,-0.884742,6.548466,7.173315,-0.248690,0.138365,0.124124
456895850.000,Miguel,recording,switch_hand,1,-0.723098,6.623812,7.105985,-0.197607,0.103513,0.083692
456895860.000,Miguel,recording,switch_hand,1,-0.779377,6.706699,6.989444,-0.148481,0.056131,0.031737
456895870.000,Miguel,recording,switch_hand,1,-0.975640,6.766180,6.911332,-0.111558,0.005951,-0.011792
456895880.000,Miguel,recording,switch_hand,1,-1.249814,6.780554,6.900504,-0.086769,-0.043589,-0.037536
456895890.000,Miguel,recording,switch_hand,1,-1.494945,6.779828,6.944341,-0.069789,-0.090536,-0.042482
456895900.000,Miguel,recording,switch_hand,1,-1.674116,6.726954,6.969307,-0.060260,-0.126736,-0.027928
456895910.000,Miguel,recording,switch_hand,1,-1.707549,6.692280,6.974135,-0.058544,-0.149408,0.000039
456895920.000,Miguel,recording,switch_hand,1,-1.593275,6.658635,6.989225,-0.062792,-0.158539,0.033764
456895930.000,Miguel,recording,switch_hand,1,-1.381824,6.657723,7.005612,-0.073888,-0.155582,0.062877
456895940.000,Miguel,recording,switch_hand,1,-1.151334,6.708997,7.008641,-0.091360,-0.142092,0.077732
456895950.000,Miguel,recording,switch_hand,1,-0.948173,6.780531,7.024566,-0.111369,-0.115315,0.075470
456895960.000,Miguel,recording,switch_hand,1,-0.800935,6.804612,7.059364,-0.127872,-0.083593,0.059671
456895970.000,Miguel,recording,switch_hand,1,-0.731641,6.773696,7.077846,-0.135910,-0.063284,0.035725
456895980.000,Miguel,recording,switch_hand,1,-0.743564,6.734345,7.132481,-0.131291,-0.059434,0.011585
456895990.000,Miguel,recording,switch_hand,1,-0.866359,6.693350,7.217930,-0.111270,-0.066706,-0.002182
456896000.000,Miguel,recording,switch_hand,1,-0.983888,6.679324,7.219898,-0.083025,-0.076263,-0.001806
456896010.000,Miguel,recording,switch_hand,1,-1.101798,6.701647,7.125294,-0.060488,-0.076408,0.009420
456896020.000,Miguel,recording,switch_hand,1,-1.114848,6.752484,7.049564,-0.052868,-0.058249,0.026274
456896030.000,Miguel,recording,switch_hand,1,-1.035871,6.669491,6.997896,-0.060558,-0.023121,0.042225
456896040.000,Miguel,recording,switch_hand,1,-0.930695,6.635552,6.939699,-0.079786,0.021222,0.052586
456896050.000,Miguel,recording,switch_hand,1,-0.879347,6.654007,6.863887,-0.109211,0.067800,0.055904
456896060.000,Miguel,recording,switch_hand,1,-0.920704,6.739363,6.810013,-0.144651,0.110140,0.054325
456896070.000,Miguel,recording,switch_hand,1,-0.950377,6.802656,6.840638,-0.177535,0.137608,0.048167
456896080.000,Miguel,recording,switch_hand,1,-0.941477,6.800134,6.845359,-0.202743,0.140976,0.035694
456896090.000,Miguel,recording,switch_hand,1,-0.909166,6.798431,6.911022,-0.217296,0.123001,0.020084
456896100.000,Miguel,recording,switch_hand,1,-0.920698,6.723994,7.000082,-0.217661,0.088749,0.006930
456896110.000,Miguel,recording,switch_hand,1,-0.940608,6.631836,7.101933,-0.202854,0.042459,0.000639
456896120.000,Miguel,recording,switch_hand,1,-0.984476,6.571009,7.190103,-0.172914,-0.008420,0.004247
456896130.000,Miguel,recording,switch_hand,1,-1.002334,6.535808,7.234405,-0.133380,-0.060964,0.016672
456896140.000,Miguel,recording,switch_hand,1,-1.002518,6.556315,7.213776,-0.094365,-0.108950,0.031962
456896150.000,Miguel,recording,switch_hand,1,-0.973282,6.560219,7.138153,-0.065378,-0.142780,0.046284
456896160.000,Miguel,recording,switch_hand,1,-0.930962,6.533480,7.030067,-0.052286,-0.161684,0.056868
456896170.000,Miguel,recording,switch_hand,1,-0.912686,6.563451,7.008635,-0.053556,-0.168339,0.062183
456896180.000,Miguel,recording,switch_hand,2,-0.896920,6.546574,7.038344,-0.063060,-0.162596,0.064583
456896190.000,Miguel,recording,switch_hand,2,-0.850462,6.547802,7.041473,-0.074870,-0.147442,0.065143
456896200.000,Miguel,recording,switch_hand,2,-0.797647,6.512675,7.098883,-0.085240,-0.133187,0.063883
456896210.000,Miguel,recording,switch_hand,2,-0.734336,6.493613,7.168653,-0.091686,-0.127742,0.062522
456896220.000,Miguel,recording,switch_hand,2,-0.728248,6.530491,7.260020,-0.091721,-0.128442,0.062445
456896230.000,Miguel,recording,switch_hand,2,-0.717331,6.566852,7.369429,-0.084343,-0.129527,0.063024
456896240.000,Miguel,recording,switch_hand,2,-0.741085,6.561061,7.486343,-0.069681,-0.125234,0.062859
456896250.000,Miguel,recording,switch_hand,2,-0.755100,6.563360,7.522840,-0.049556,-0.114494,0.061831
456896260.000,Miguel,recording,switch_hand,2,-0.778633,6.582839,7.469432,-0.031407,-0.101435,0.059272
456896270.000,Miguel,recording,switch_hand,2,-0.798605,6.598860,7.428542,-0.018858,-0.085889,0.055967
456896280.000,Miguel,recording,switch_hand,2,-0.800526,6.583054,7.384647,-0.012071,-0.065151,0.053825
456896290.000,Miguel,recording,switch_hand,2,-0.811977,6.576281,7.296820,-0.012053,-0.039521,0.051778
456896300.000,Miguel,recording,switch_hand,2,-0.799256,6.553736,7.231479,-0.019280,-0.015628,0.050330
456896310.000,Miguel,recording,switch_hand,2,-0.753634,6.548865,7.181315,-0.033042,-0.000629,0.049063
456896320.000,Miguel,recording,switch_hand,2,-0.629073,6.579317,7.226478,-0.048280,0.007091,0.043411
456896330.000,Miguel,recording,switch_hand,2,-0.542087,6.576180,7.272244,-0.058998,0.015491,0.030163
456896340.000,Miguel,recording,switch_hand,2,-0.561103,6.589182,7.306990,-0.063044,0.025655,0.011324
456896350.000,Miguel,recording,switch_hand,2,-0.644686,6.586502,7.332283,-0.058551,0.033050,-0.005385
456896360.000,Miguel,recording,switch_hand,2,-0.785417,6.547766,7.341302,-0.047705,0.034317,-0.012304
456896370.000,Miguel,recording,switch_hand,2,-0.870851,6.519415,7.289571,-0.037454,0.028376,-0.006252
456896380.000,Miguel,recording,switch_hand,2,-0.918078,6.529035,7.250228,-0.026833,0.020448,0.011760
456896390.000,Miguel,recording,switch_hand,2,-0.917186,6.524538,7.269748,-0.013543,0.011631,0.034166
456896400.000,Miguel,recording,switch_hand,2,-0.871241,6.519890,7.234270,-0.002225,-0.002896,0.052209
456896410.000,Miguel,recording,switch_hand,2,-0.757742,6.556606,7.201357,0.001899,-0.022585,0.062221
456896420.000,Miguel,recording,switch_hand,2,-0.588851,6.581548,7.204208,-0.002514,-0.040413,0.060891
456896430.000,Miguel,recording,switch_hand,2,-0.511365,6.595475,7.225530,-0.011945,-0.045924,0.048342
456896440.000,Miguel,recording,switch_hand,2,-0.512390,6.610886,7.309571,-0.020457,-0.034758,0.030962
456896450.000,Miguel,recording,switch_hand,2,-0.591384,6.596715,7.371586,-0.023618,-0.014340,0.014803
456896460.000,Miguel,recording,switch_hand,2,-0.688795,6.586491,7.369035,-0.020953,0.003638,0.004433
456896470.000,Miguel,recording,switch_hand,2,-0.771145,6.575464,7.345345,-0.015363,0.014895,0.001670
456896480.000,Miguel,recording,switch_hand,2,-0.772261,6.564696,7.326407,-0.008190,0.022870,0.004996
456896490.000,Miguel,recording,switch_hand,2,-0.752976,6.512876,7.283307,0.000341,0.026949,0.012745
456896500.000,Miguel,recording,switch_hand,2,-0.718904,6.512759,7.232318,0.009028,0.019451,0.021358
456896510.000,Miguel,recording,switch_hand,2,-0.682476,6.576605,7.179228,0.013287,-0.002372,0.026004
456896520.000,Miguel,recording,switch_hand,2,-0.666908,6.654422,7.145745,0.012048,-0.026646,0.024763
456896530.000,Miguel,recording,switch_hand,2,-0.627505,6.612079,7.156465,0.011296,-0.042794,0.017045
456896540.000,Miguel,recording,switch_hand,2,-0.606659,6.542276,7.164238,0.014796,-0.053422,0.005894
456896550.000,Miguel,recording,switch_hand,2,-0.664201,6.465269,7.169578,0.019878,-0.063350,-0.003316
456896560.000,Miguel,recording,switch_hand,2,-0.746122,6.432420,7.130625,0.021574,-0.071433,-0.007640
456896570.000,Miguel,recording,switch_hand,2,-0.807066,6.410148,7.104753,0.018375,-0.074540,-0.005084
456896580.000,Miguel,recording,switch_hand,2,-0.831035,6.402021,7.080986,0.009907,-0.074474,0.003015
456896590.000,Miguel,recording,switch_hand,2,-0.806103,6.360205,7.087333,-0.004613,-0.073560,0.011096
456896600.000,Miguel,recording,switch_hand,2,-0.806447,6.371894,7.097794,-0.022627,-0.070453,0.016429
456896610.000,Miguel,recording,switch_hand,2,-0.837814,6.436350,7.167544,-0.039004,-0.063024,0.019178
456896620.000,Miguel,recording,switch_hand,2,-0.868737,6.459614,7.216397,-0.051448,-0.053535,0.017503
456896630.000,Miguel,recording,switch_hand,2,-0.976944,6.426515,7.256569,-0.059215,-0.044758,0.013402
456896640.000,Miguel,recording,switch_hand,2,-1.206025,6.378019,7.279069,-0.066854,-0.042032,0.013756
456896650.000,Miguel,recording,switch_hand,2,-1.514752,6.315645,7.240288,-0.079086,-0.051267,0.027107
456896660.000,Miguel,recording,switch_hand,2,-1.745514,6.261477,7.223804,-0.097815,-0.069662,0.058119
456896670.000,Miguel,recording,switch_hand,2,-1.829437,6.150303,7.179429,-0.126089,-0.085478,0.101429
456896680.000,Miguel,recording,switch_hand,2,-1.785220,6.000507,7.226228,-0.161925,-0.078630,0.150940
456896690.000,Miguel,recording,switch_hand,2,-1.806462,5.642754,7.399681,-0.203874,-0.018968,0.214073
456896700.000,Miguel,recording,switch_hand,2,-1.963093,5.299212,7.675339,-0.249827,0.108277,0.304774
456896710.000,Miguel,recording,switch_hand,2,-2.032983,5.233364,8.027873,-0.284892,0.274372,0.423851
456896720.000,Miguel,recording,switch_hand,2,-1.877739,5.376819,8.456981,-0.282920,0.428516,0.548102
456896730.000,Miguel,recording,switch_hand,2,-1.509159,5.550011,8.790528,-0.224592,0.533092,0.643579
456896740.000,Miguel,recording,switch_hand,2,-1.191473,5.674404,8.869159,-0.112632,0.578113,0.692985
456896750.000,Miguel,recording,switch_hand,2,-0.996650,5.894203,8.597239,0.024718,0.569419,0.699813
456896760.000,Miguel,recording,switch_hand,2,-0.869191,6.228526,8.085877,0.150924,0.514198,0.676618
456896770.000,Miguel,recording,switch_hand,2,-0.821348,6.551321,7.543784,0.242654,0.419303,0.632864
456896780.000,Miguel,recording,switch_hand,2,-0.785447,6.789470,7.009406,0.294454,0.265385,0.565697
456896790.000,Miguel,recording,switch_hand,2,-0.566128,6.972149,6.476176,0.315773,0.010862,0.460154
456896800.000,Miguel,recording,switch_hand,2,1.171663,7.126211,6.136970,0.297544,-0.255910,0.328801
456896810.000,Miguel,recording,switch_hand,2,5.794111,7.034113,6.216552,0.180601,-0.268330,0.210187
456896820.000,Miguel,recording,switch_hand,2,6.560632,7.493172,6.043806,0.001141,-0.113884,0.044551
456896830.000,Miguel,recording,switch_hand,2,1.160368,7.745780,6.169401,-0.086747,-0.068796,-0.157900
456896840.000,Miguel,recording,switch_hand,2,-1.191143,7.684894,7.212768,-0.082053,-0.046992,-0.248662
456896850.000,Miguel,recording,switch_hand,2,-2.958562,7.293921,7.159792,-0.095785,0.018615,-0.190917
456896860.000,Miguel,recording,switch_hand,2,-2.743009,7.215516,6.843536,-0.137758,0.068921,-0.044000
456896870.000,Miguel,recording,switch_hand,2,-2.348661,7.369308,7.026606,-0.154890,0.099726,0.122841
456896880.000,Miguel,recording,switch_hand,2,-2.552345,7.331576,7.586252,-0.121591,0.150474,0.282323
456896890.000,Miguel,recording,switch_hand,2,-2.793708,7.173693,7.725289,-0.071365,0.237555,0.457360
456896900.000,Miguel,recording,switch_hand,2,-3.178491,7.035942,7.282229,-0.041859,0.267634,0.645720
456896910.000,Miguel,recording,switch_hand,2,-3.315443,6.864784,7.121423,-0.021646,0.161946,0.858159
456896920.000,Miguel,recording,switch_hand,2,-3.630567,6.647822,6.842460,-0.032108,-0.059742,1.131344
456896930.000,Miguel,recording,switch_hand,2,-3.094137,6.399957,6.745142,-0.080285,-0.373074,1.411438
456896940.000,Miguel,recording,switch_hand,2,-2.272344,5.961618,7.769686,-0.099560,-0.747557,1.648539
456896950.000,Miguel,recording,switch_hand,2,-0.602220,5.263648,8.761821,-0.056929,-1.146553,1.811498
456896960.000,Miguel,recording,switch_hand,2,0.559670,5.338632,8.429239,0.060348,-1.448899,1.825015
456896970.000,Miguel,recording,switch_hand,2,0.366452,6.223569,7.671917,0.276342,-1.420407,1.765897
456896980.000,Miguel,recording,switch_hand,2,1.053063,5.991203,6.326331,0.437118,-1.058137,1.764492
456896990.000,Miguel,recording,switch_hand,2,4.145737,5.314055,5.442584,0.378116,-0.625753,1.742738
456897000.000,Miguel,recording,switch_hand,2,6.685692,5.917487,6.163386,0.220402,-0.295874,1.554398
456897010.000,Miguel,recording,switch_hand,2,7.081915,6.371234,7.399485,0.097508,-0.036634,1.199551
456897020.000,Miguel,recording,switch_hand,2,6.006447,5.383930,6.673722,-0.103927,0.201723,0.782327
456897030.000,Miguel,recording,switch_hand,2,3.936719,5.076158,6.336791,-0.338896,0.437241,0.412009
456897040.000,Miguel,recording,switch_hand,2,2.382610,6.545340,6.532648,-0.516796,0.683440,0.123982
456897050.000,Miguel,recording,switch_hand,2,1.267201,6.659945,6.594594,-0.708196,0.903396,-0.066218
456897060.000,Miguel,recording,switch_hand,2,0.962651,7.194382,7.091172,-0.872702,0.948120,-0.175204
456897070.000,Miguel,recording,switch_hand,2,0.962111,7.177245,7.640108,-0.910825,0.765924,-0.284154
456897080.000,Miguel,recording,switch_hand,2,0.662668,7.037371,8.702644,-0.767772,0.465380,-0.393244
456897090.000,Miguel,recording,switch_hand,2,0.050571,6.609077,9.263325,-0.503432,0.097901,-0.445432
456897100.000,Miguel,recording,switch_hand,2,-0.325293,6.412486,8.779689,-0.225652,-0.246759,-0.431250
456897110.000,Miguel,recording,switch_hand,2,-0.488753,6.390981,7.632628,-0.032162,-0.472836,-0.372487
456897120.000,Miguel,recording,switch_hand,2,-0.326737,6.570916,6.544454,0.024714,-0.575095,-0.283599
456897130.000,Miguel,recording,switch_hand,2,0.067580,6.917543,6.005690,-0.040640,-0.609084,-0.187192
456897140.000,Miguel,recording,switch_hand,2,0.491994,7.003240,6.010728,-0.170659,-0.619683,-0.109477
456897150.000,Miguel,recording,switch_hand,2,0.629191,6.825208,6.236970,-0.315517,-0.616357,-0.050147
456897160.000,Miguel,recording,switch_hand,2,0.809379,6.518537,6.509792,-0.446392,-0.611048,-0.000032
456897170.000,Miguel,recording,switch_hand,2,1.017745,6.273017,6.870049,-0.549611,-0.615788,0.041394
456897180.000,Miguel,recording,switch_hand,2,1.334768,5.986051,6.991452,-0.625948,-0.627210,0.070142
456897190.000,Miguel,recording,switch_hand,2,1.577060,5.716366,6.843437,-0.686438,-0.613419,0.068892
456897200.000,Miguel,recording,switch_hand,2,1.460456,5.575009,6.789508,-0.736554,-0.532193,0.047468
456897210.000,Miguel,recording,switch_hand,2,0.992931,5.641521,7.120783,-0.768466,-0.388383,0.048789
456897220.000,Miguel,recording,switch_hand,2,0.547105,5.669371,7.657563,-0.779009,-0.246639,0.106426
456897230.000,Miguel,recording,switch_hand,2,0.448942,5.785383,8.136026,-0.775992,-0.174519,0.205038
456897240.000,Miguel,recording,switch_hand,2,0.300467,5.995308,8.570210,-0.741639,-0.154410,0.291117
456897250.000,Miguel,recording,switch_hand,2,0.637447,5.756554,9.004173,-0.644619,-0.115748,0.350167
456897260.000,Miguel,recording,switch_hand,2,1.087254,5.557558,9.000210,-0.496032,-0.024696,0.395612
456897270.000,Miguel,recording,switch_hand,2,1.640535,5.409381,8.861266,-0.340265,0.102283,0.412490
456897280.000,Miguel,recording,switch_hand,2,2.178240,5.222261,8.699556,-0.207116,0.217828,0.378068
456897290.000,Miguel,recording,switch_hand,2,2.403404,5.069649,8.710955,-0.097685,0.292204,0.288689
456897300.000,Miguel,recording,switch_hand,2,2.330739,4.962432,8.825048,0.003710,0.331280,0.167042
456897310.000,Miguel,recording,switch_hand,2,2.090292,4.975560,8.929963,0.110960,0.348554,0.050060
456897320.000,Miguel,recording,switch_hand,2,1.860892,5.067095,8.881330,0.225032,0.355687,-0.043459
456897330.000,Miguel,recording,switch_hand,2,1.691441,5.151488,8.687367,0.336093,0.368164,-0.114132
456897340.000,Miguel,recording,switch_hand,2,1.595179,5.210390,8.389345,0.431715,0.396078,-0.161403
456897350.000,Miguel,recording,switch_hand,2,1.517969,5.324178,8.113969,0.499829,0.435474,-0.179075
456897360.000,Miguel,recording,switch_hand,2,1.365942,5.514889,7.917818,0.532913,0.469433,-0.170023
456897370.000,Miguel,recording,switch_hand,2,1.157850,5.571295,7.871520,0.535100,0.474457,-0.144980
456897380.000,Miguel,recording,switch_hand,2,1.046488,5.464963,7.710523,0.511173,0.437811,-0.111086
456897390.000,Miguel,recording,switch_hand,2,1.090013,5.382641,7.484947,0.461878,0.369556,-0.078124
456897400.000,Miguel,recording,switch_hand,2,1.258115,5.396742,7.268598,0.389111,0.290584,-0.052043
456897410.000,Miguel,recording,switch_hand,2,1.443112,5.455089,7.071923,0.296698,0.216872,-0.033814
456897420.000,Miguel,recording,switch_hand,2,1.619573,5.442136,6.952651,0.193869,0.161855,-0.028916
456897430.000,Miguel,recording,switch_hand,2,1.618295,5.400425,7.004988,0.095307,0.136818,-0.037620
456897440.000,Miguel,recording,switch_hand,2,1.442836,5.421121,7.187451,0.019566,0.133813,-0.045363
456897450.000,Miguel,recording,switch_hand,2,1.265306,5.486285,7.347101,-0.028750,0.134988,-0.037274
456897460.000,Miguel,recording,switch_hand,2,1.226588,5.519431,7.461550,-0.060096,0.134089,-0.015822
456897470.000,Miguel,recording,switch_hand,2,1.329030,5.443512,7.550343,-0.081890,0.132156,0.005471
456897480.000,Miguel,recording,switch_hand,2,1.500064,5.432561,7.687536,-0.088855,0.136409,0.004909
456897490.000,Miguel,recording,switch_hand,2,1.646638,5.416158,7.803815,-0.081169,0.145075,-0.016293
456897500.000,Miguel,recording,switch_hand,2,1.585255,5.360651,7.856726,-0.072185,0.148642,-0.041850
456897510.000,Miguel,recording,switch_hand,2,1.621971,5.345225,7.969060,-0.066969,0.140582,-0.073252
456897520.000,Miguel,recording,switch_hand,2,1.655592,5.339499,8.062678,-0.064634,0.117926,-0.112656
456897530.000,Miguel,recording,switch_hand,2,1.628976,5.304184,8.093942,-0.064623,0.080538,-0.158169
456897540.000,Miguel,recording,switch_hand,2,1.546987,5.302711,8.095892,-0.063667,0.037918,-0.209175
456897550.000,Miguel,recording,switch_hand,2,1.360945,5.321743,8.085491,-0.054466,0.011703,-0.262153
456897560.000,Miguel,recording,switch_hand,2,1.130762,5.435558,8.033558,-0.033942,0.013822,-0.302883
456897570.000,Miguel,recording,switch_hand,2,0.982569,5.605478,8.040885,-0.007189,0.041031,-0.319302
456897580.000,Miguel,recording,switch_hand,2,0.782303,5.747615,8.035823,0.015271,0.070195,-0.308945
456897590.000,Miguel,recording,switch_hand,2,0.582612,5.813076,8.010473,0.022264,0.070234,-0.280914
456897600.000,Miguel,recording,switch_hand,2,0.605540,5.735696,7.936899,0.010415,0.032795,-0.256330
456897610.000,Miguel,recording,switch_hand,2,0.717348,5.705410,7.934509,-0.013582,-0.027689,-0.251106
456897620.000,Miguel,recording,switch_hand,2,0.821370,5.827652,7.975998,-0.035258,-0.091942,-0.268676
456897630.000,Miguel,recording,switch_hand,2,0.765260,6.068991,7.986490,-0.043895,-0.141096,-0.299535
456897640.000,Miguel,recording,switch_hand,2,0.487608,6.223187,7.940974,-0.039432,-0.154925,-0.322606
456897650.000,Miguel,recording,switch_hand,2,0.153856,6.330413,7.914794,-0.022636,-0.124700,-0.320064
456897660.000,Miguel,recording,switch_hand,2,-0.084768,6.400725,7.873166,0.002145,-0.061492,-0.290664
456897670.000,Miguel,recording,switch_hand,2,-0.188900,6.449000,7.842065,0.026048,0.012178,-0.242680
456897680.000,Miguel,recording,switch_hand,2,-0.215439,6.441674,7.872150,0.045219,0.071892,-0.185937
456897690.000,Miguel,recording,switch_hand,2,-0.168508,6.377265,7.914519,0.058612,0.099196,-0.128239
456897700.000,Miguel,recording,switch_hand,2,-0.137211,6.322171,7.932981,0.061075,0.082992,-0.074976
456897710.000,Miguel,recording,switch_hand,2,-0.046046,6.262845,7.897240,0.050130,0.028914,-0.035764
456897720.000,Miguel,recording,switch_hand,2,0.074321,6.121070,7.828098,0.033269,-0.038111,-0.017390
456897730.000,Miguel,recording,switch_hand,2,0.156321,5.971575,7.717203,0.017001,-0.089588,-0.014422
456897740.000,Miguel,recording,switch_hand,2,0.245913,5.920096,7.572949,-0.000883,-0.117150,-0.019401
456897750.000,Miguel,recording,switch_hand,2,0.351104,5.950145,7.476060,-0.022507,-0.125611,-0.028003
456897760.000,Miguel,recording,switch_hand,2,0.408100,5.967724,7.461702,-0.043868,-0.113545,-0.033974
456897770.000,Miguel,recording,switch_hand,2,0.338218,5.915607,7.496632,-0.058091,-0.078256,-0.032810
456897780.000,Miguel,recording,switch_hand,2,0.149836,5.894386,7.687698,-0.056355,-0.024683,-0.018430
456897790.000,Miguel,recording,switch_hand,2,0.012866,5.910161,7.871103,-0.036081,0.032539,0.013450
456897800.000,Miguel,recording,switch_hand,2,0.066749,5.967738,7.970498,-0.005330,0.079354,0.055669
456897810.000,Miguel,recording,switch_hand,2,0.226171,6.013269,7.938694,0.020664,0.108051,0.098756
456897820.000,Miguel,recording,switch_hand,2,0.383265,6.005560,7.840100,0.027273,0.110938,0.135875
456897830.000,Miguel,recording,switch_hand,2,0.623119,5.953754,7.790868,0.013317,0.085503,0.158269
456897840.000,Miguel,recording,switch_hand,2,0.812430,5.856712,7.702059,-0.013185,0.044529,0.158851
456897850.000,Miguel,recording,switch_hand,2,0.961943,5.752919,7.654058,-0.043650,0.003491,0.138874
456897860.000,Miguel,recording,switch_hand,2,1.096084,5.658802,7.666157,-0.070139,-0.029564,0.103601
456897870.000,Miguel,recording,switch_hand,2,1.190405,5.605298,7.734302,-0.085834,-0.048077,0.057264
456897880.000,Miguel,recording,switch_hand,2,1.189406,5.600564,7.792059,-0.087302,-0.048093,0.007344
456897890.000,Miguel,recording,switch_hand,2,1.071709,5.647031,7.854143,-0.074061,-0.026707,-0.034737
456897900.000,Miguel,recording,switch_hand,2,0.887849,5.695219,7.897637,-0.048037,0.014580,-0.059967
456897910.000,Miguel,recording,switch_hand,2,0.624881,5.712649,7.967917,-0.015222,0.067880,-0.062339
456897920.000,Miguel,recording,switch_hand,2,0.384308,5.719950,8.028546,0.016883,0.117348,-0.036648
456897930.000,Miguel,recording,switch_hand,2,0.293305,5.780207,8.046951,0.039501,0.138680,0.012100
456897940.000,Miguel,recording,switch_hand,2,0.414604,5.761467,7.981786,0.045887,0.123477,0.061498
456897950.000,Miguel,recording,switch_hand,2,0.620885,5.651658,7.893514,0.037087,0.087469,0.091337
456897960.000,Miguel,recording,switch_hand,2,0.797359,5.587850,7.840509,0.021747,0.050522,0.097819
456897970.000,Miguel,recording,switch_hand,2,0.984596,5.623177,7.843621,0.009332,0.023472,0.084561
456897980.000,Miguel,recording,switch_hand,2,1.118888,5.653027,7.798387,0.002151,0.010851,0.054679
456897990.000,Miguel,recording,switch_hand,2,1.122516,5.623565,7.771514,-0.001161,0.013891,0.011646
456898000.000,Miguel,recording,switch_hand,2,1.014807,5.595114,7.778847,0.004499,0.035628,-0.036466
456898010.000,Miguel,recording,switch_hand,2,0.844689,5.651635,7.877283,0.024394,0.077551,-0.077329
456898020.000,Miguel,recording,switch_hand,2,0.670024,5.729825,7.936218,0.053110,0.123911,-0.100004
456898030.000,Miguel,recording,switch_hand,2,0.477937,5.817894,7.914576,0.078769,0.155446,-0.100374
456898040.000,Miguel,recording,switch_hand,2,0.309754,5.858303,7.875719,0.091048,0.166056,-0.080579
456898050.000,Miguel,recording,switch_hand,2,0.230632,5.856836,7.887358,0.090352,0.155561,-0.050254
456898060.000,Miguel,recording,switch_hand,2,0.293285,5.826119,7.894789,0.083189,0.128646,-0.022185
456898070.000,Miguel,recording,switch_hand,2,0.480617,5.785829,7.833129,0.072119,0.097606,-0.006215
456898080.000,Miguel,recording,switch_hand,2,0.698346,5.757590,7.762736,0.057500,0.073310,-0.010070
456898090.000,Miguel,recording,switch_hand,2,0.884849,5.726444,7.743978,0.041247,0.056851,-0.034632
456898100.000,Miguel,recording,switch_hand,2,0.963311,5.684675,7.813777,0.028089,0.042986,-0.074667
456898110.000,Miguel,recording,switch_hand,2,0.901856,5.698399,7.895632,0.023568,0.031636,-0.121711
456898120.000,Miguel,recording,switch_hand,2,0.604354,5.735168,8.039164,0.033076,0.024974,-0.159830
456898130.000,Miguel,recording,switch_hand,2,0.248173,5.817175,8.078170,0.056946,0.023502,-0.171410
456898140.000,Miguel,recording,switch_hand,2,0.095925,5.925813,8.044617,0.088426,0.036696,-0.153072
456898150.000,Miguel,recording,switch_hand,2,0.219427,5.989588,8.020977,0.121324,0.069727,-0.118280
456898160.000,Miguel,recording,switch_hand,2,0.365164,6.025058,8.048893,0.153453,0.111256,-0.083379
456898170.000,Miguel,recording,switch_hand,2,0.498156,5.950836,8.144579,0.189522,0.148402,-0.063242
456898180.000,Miguel,recording,switch_hand,2,0.643455,5.819722,8.177323,0.232667,0.173950,-0.065610
456898190.000,Miguel,recording,switch_hand,2,0.749768,5.766144,8.097575,0.272740,0.183225,-0.085681
456898200.000,Miguel,recording,switch_hand,2,0.798426,5.813182,7.909708,0.294072,0.172074,-0.111848
456898210.000,Miguel,recording,switch_hand,2,0.796298,5.850550,7.734116,0.290002,0.141105,-0.135657
456898220.000,Miguel,recording,switch_hand,2,0.836314,5.833231,7.624966,0.268146,0.099050,-0.157673
456898230.000,Miguel,recording,switch_hand,2,0.796783,5.829161,7.531638,0.239376,0.057718,-0.178476
456898240.000,Miguel,recording,switch_hand,2,0.664511,5.846540,7.402518,0.207656,0.024670,-0.192103
456898250.000,Miguel,recording,switch_hand,2,0.511596,5.820268,7.246248,0.170295,0.005650,-0.192302
456898260.000,Miguel,recording,switch_hand,2,0.415624,5.851847,7.204282,0.127171,0.004113,-0.176222
456898270.000,Miguel,recording,switch_hand,2,0.421242,5.864748,7.276101,0.085425,0.010921,-0.145957
456898280.000,Miguel,recording,switch_hand,2,0.533634,5.768962,7.383656,0.054240,0.017293,-0.115356
456898290.000,Miguel,recording,switch_hand,2,0.657256,5.642489,7.488273,0.040698,0.019900,-0.098730
456898300.000,Miguel,recording,switch_hand,2,0.826185,5.524879,7.485972,0.046733,0.019643,-0.099978
456898310.000,Miguel,recording,switch_hand,2,1.066448,5.469664,7.364349,0.066176,0.029501,-0.117773
456898320.000,Miguel,recording,switch_hand,2,1.333181,5.425729,7.066628,0.042318,-0.001503,-0.188240
456898330.000,Miguel,recording,switch_hand,2,1.833754,5.206493,6.434298,-0.168821,-0.311745,-0.420516
456898340.000,Miguel,recording,switch_hand,2,1.825138,4.561910,6.870237,-0.508240,-0.962301,-0.733345
456898350.000,Miguel,recording,switch_hand,2,0.067038,4.695174,10.051701,-0.642161,-1.536613,-0.881055
456898360.000,Miguel,recording,switch_hand,2,-0.105992,6.148876,9.508861,-0.538204,-1.759932,-0.856564
456898370.000,Miguel,recording,switch_hand,2,-0.045837,6.430152,8.587006,-0.409378,-1.720030,-0.779856
456898380.000,Miguel,recording,switch_hand,2,0.265053,6.339932,7.991234,-0.256861,-1.511343,-0.804298
456898390.000,Miguel,recording,switch_hand,2,-0.215010,6.194651,9.980433,0.040902,-1.148553,-0.925086
456898400.000,Miguel,recording,switch_hand,2,-0.199871,5.999502,10.074197,0.444791,-0.679768,-0.993552
456898410.000,Miguel,recording,switch_hand,2,0.104778,5.485522,9.473551,0.797287,-0.267573,-1.005891
456898420.000,Miguel,recording,switch_hand,2,0.416381,5.768875,8.938176,1.050378,-0.007280,-0.990991
456898430.000,Miguel,recording,switch_hand,2,0.657204,6.277354,7.917373,1.202397,0.169600,-0.957674
456898440.000,Miguel,recording,switch_hand,2,0.562191,6.645478,6.316637,1.213951,0.359555,-0.896937
456898450.000,Miguel,recording,switch_hand,2,0.680143,6.775643,5.134309,1.066584,0.567716,-0.820459
456898460.000,Miguel,recording,switch_hand,2,0.712829,6.834682,5.082274,0.802971,0.657438,-0.764991
456898470.000,Miguel,recording,switch_hand,2,-0.745104,7.122652,6.203125,0.503514,0.448514,-0.704298
456898480.000,Miguel,recording,switch_hand,2,-3.593174,7.317163,8.858597,0.327196,0.076533,-0.539965
456898490.000,Miguel,recording,switch_hand,2,-4.431869,7.542414,10.194009,0.391541,-0.134706,-0.260226
456898500.000,Miguel,recording,switch_hand,2,-3.126368,7.967945,9.097042,0.583700,-0.151157,0.022349
456898510.000,Miguel,recording,switch_hand,2,-1.413724,7.128510,7.374203,0.722257,-0.085753,0.209667
456898520.000,Miguel,recording,switch_hand,2,-0.322478,7.002345,6.494473,0.763630,0.034719,0.305345
456898530.000,Miguel,recording,switch_hand,2,0.487402,7.208034,5.934721,0.745623,0.193040,0.358447
456898540.000,Miguel,recording,switch_hand,2,1.389402,6.894346,5.704707,0.684610,0.363274,0.366223
456898550.000,Miguel,recording,switch_hand,2,1.536452,6.575655,5.839704,0.584223,0.517447,0.322295
456898560.000,Miguel,recording,switch_hand,2,1.286796,6.542165,6.006773,0.466860,0.629949,0.261832
456898570.000,Miguel,recording,switch_hand,2,1.032119,6.620503,6.322815,0.369024,0.708208,0.204007
456898580.000,Miguel,recording,switch_hand,2,0.798355,6.473851,6.890747,0.318922,0.767500,0.146361
456898590.000,Miguel,recording,switch_hand,2,0.427557,6.461118,7.218526,0.322607,0.817088,0.099847
456898600.000,Miguel,recording,switch_hand,2,0.131940,6.553709,7.430180,0.372352,0.877563,0.069619
456898610.000,Miguel,recording,switch_hand,2,-0.057465,6.527776,7.458732,0.440597,0.941619,0.051500
456898620.000,Miguel,recording,switch_hand,2,-0.079648,6.454188,7.037132,0.504666,0.981598,0.028302
456898630.000,Miguel,recording,switch_hand,2,-0.236170,6.639287,6.465955,0.542787,1.014626,0.001623
456898640.000,Miguel,recording,switch_hand,2,-0.494591,6.856139,5.867880,0.526034,1.068724,-0.007772
456898650.000,Miguel,recording,switch_hand,2,-0.560111,7.078171,5.697078,0.474169,1.140675,-0.004142
456898660.000,Miguel,recording,switch_hand,2,-0.612163,7.225375,5.815035,0.426007,1.222196,0.003771
456898670.000,Miguel,recording,switch_hand,2,-0.736576,7.125081,5.735003,0.382976,1.310595,0.011574
456898680.000,Miguel,recording,switch_hand,2,-0.551041,7.236933,5.552723,0.302209,1.352978,-0.016052
456898690.000,Miguel,recording,switch_hand,2,0.109549,7.780633,4.981831,0.125084,1.245097,-0.131260
456898700.000,Miguel,recording,switch_hand,2,0.081248,8.232290,5.075964,-0.087865,0.996481,-0.281971
456898710.000,Miguel,recording,switch_hand,2,-1.182380,8.328682,6.681083,-0.132408,0.789279,-0.325369
456898720.000,Miguel,recording,switch_hand,2,-1.649759,7.943665,6.338623,-0.088461,0.651057,-0.295118
456898730.000,Miguel,recording,switch_hand,2,-0.705127,7.616858,5.833153,-0.107119,0.442812,-0.331852
456898740.000,Miguel,recording,switch_hand,2,-1.800595,7.012012,5.946897,-0.168830,0.215344,-0.357329
456898750.000,Miguel,recording,switch_hand,2,-2.192765,6.977850,6.167616,-0.269928,0.077792,-0.296900
456898760.000,Miguel,recording,switch_hand,2,-1.341602,7.087644,6.389159,-0.323077,-0.001064,-0.233833
456898770.000,Miguel,recording,switch_hand,2,-0.889008,7.354981,6.737642,-0.296697,-0.048035,-0.198505
456898780.000,Miguel,recording,switch_hand,2,-0.927427,6.919711,5.943838,-0.308871,-0.043393,-0.174992
456898790.000,Miguel,recording,switch_hand,2,-0.554586,6.904752,6.037028,-0.385793,-0.004150,-0.164692
456898800.000,Miguel,recording,switch_hand,2,-0.561029,6.900816,6.309752,-0.435561,0.047843,-0.169725
456898810.000,Miguel,recording,switch_hand,2,-0.547278,6.973954,6.257309,-0.456987,0.105935,-0.184127
456898820.000,Miguel,recording,switch_hand,2,-0.720556,6.988844,5.962354,-0.492131,0.159232,-0.198235
456898830.000,Miguel,recording,switch_hand,2,-1.085540,6.995976,5.742696,-0.558460,0.207468,-0.201344
456898840.000,Miguel,recording,switch_hand,2,-1.532726,6.961056,5.689565,-0.646718,0.264171,-0.184642
456898850.000,Miguel,recording,switch_hand,2,-1.883783,6.852167,5.833117,-0.738246,0.337582,-0.148867
456898860.000,Miguel,recording,switch_hand,2,-1.928267,6.708531,6.115154,-0.823242,0.423249,-0.118602
456898870.000,Miguel,recording,switch_hand,2,-1.847060,6.459495,6.422833,-0.890489,0.510124,-0.116076
456898880.000,Miguel,recording,switch_hand,2,-1.652552,6.288864,6.860252,-0.912305,0.545798,-0.112485
456898890.000,Miguel,recording,switch_hand,2,-1.347301,6.555709,7.472662,-0.870452,0.441588,-0.081741
456898900.000,Miguel,recording,switch_hand,2,-1.058068,7.178422,8.305328,-0.740241,0.173864,-0.043280
456898910.000,Miguel,recording,switch_hand,2,-0.902641,7.396420,8.803255,-0.526929,-0.149747,-0.036199
456898920.000,Miguel,recording,switch_hand,2,-0.765944,7.206836,8.975679,-0.282668,-0.425318,-0.074381
456898930.000,Miguel,recording,switch_hand,2,-0.544281,6.898832,8.993048,-0.045910,-0.638949,-0.137103
456898940.000,Miguel,recording,switch_hand,2,-0.514501,6.658856,8.805981,0.156739,-0.784984,-0.208020
456898950.000,Miguel,recording,switch_hand,2,-0.654998,6.635748,8.543725,0.306461,-0.854213,-0.277142
456898960.000,Miguel,recording,switch_hand,2,-0.884665,6.822594,8.233217,0.392397,-0.851330,-0.340169
456898970.000,Miguel,recording,switch_hand,2,-1.057424,6.946484,7.958008,0.416793,-0.786932,-0.394602
456898980.000,Miguel,recording,switch_hand,2,-1.162356,6.901375,7.735871,0.394603,-0.675466,-0.436663
456898990.000,Miguel,recording,switch_hand,2,-1.240524,6.711494,7.611858,0.343320,-0.539374,-0.462459
456899000.000,Miguel,recording,switch_hand,2,-1.324578,6.530408,7.543066,0.281477,-0.399170,-0.470171
456899010.000,Miguel,recording,switch_hand,2,-1.430716,6.437557,7.568705,0.227875,-0.272275,-0.463478
456899020.000,Miguel,recording,switch_hand,2,-1.515343,6.442942,7.648289,0.194274,-0.168236,-0.447874
456899030.000,Miguel,recording,switch_hand,2,-1.592069,6.437111,7.698987,0.185966,-0.087829,-0.427791
456899040.000,Miguel,recording,switch_hand,2,-1.640112,6.378814,7.685878,0.205147,-0.035489,-0.404423
456899050.000,Miguel,recording,switch_hand,2,-1.678081,6.256785,7.520931,0.243473,-0.015047,-0.375341
456899060.000,Miguel,recording,switch_hand,2,-1.773784,6.153604,7.253736,0.286019,-0.025090,-0.338680
456899070.000,Miguel,recording,switch_hand,2,-1.880341,6.198131,6.979069,0.319897,-0.064177,-0.297522
456899080.000,Miguel,recording,switch_hand,2,-1.962267,6.373847,6.763838,0.337254,-0.128150,-0.258337
456899090.000,Miguel,recording,switch_hand,2,-2.002553,6.533025,6.611366,0.339064,-0.207150,-0.224035
456899100.000,Miguel,recording,switch_hand,2,-1.965314,6.565139,6.549282,0.330774,-0.292962,-0.194260
456899110.000,Miguel,recording,switch_hand,2,-1.866465,6.510172,6.521891,0.317316,-0.379484,-0.170278
456899120.000,Miguel,recording,switch_hand,2,-1.795245,6.464620,6.533883,0.304092,-0.457894,-0.152963
456899130.000,Miguel,recording,switch_hand,2,-1.766004,6.486378,6.629969,0.296661,-0.524307,-0.139289
456899140.000,Miguel,recording,switch_hand,2,-1.726060,6.567698,6.717190,0.297557,-0.579734,-0.127763
456899150.000,Miguel,recording,switch_hand,2,-1.651742,6.578826,6.742623,0.304283,-0.623758,-0.120127
456899160.000,Miguel,recording,switch_hand,2,-1.522112,6.526657,6.719854,0.309602,-0.656979,-0.118911
456899170.000,Miguel,recording,switch_hand,2,-1.394204,6.477341,6.685184,0.306389,-0.678017,-0.125140
456899180.000,Miguel,recording,switch_hand,2,-1.279348,6.429756,6.695520,0.291949,-0.681888,-0.135898
456899190.000,Miguel,recording,switch_hand,2,-1.194811,6.426214,6.696137,0.263685,-0.661470,-0.149511
456899200.000,Miguel,recording,switch_hand,2,-1.190502,6.432824,6.732756,0.222584,-0.610088,-0.163030
456899210.000,Miguel,recording,switch_hand,3,-1.283055,6.457569,6.809085,0.177122,-0.532221,-0.169669
456899220.000,Miguel,recording,switch_hand,3,-1.431608,6.504789,6.914747,0.136969,-0.442383,-0.164072
456899230.000,Miguel,recording,switch_hand,3,-1.545961,6.603015,7.021378,0.108497,-0.355361,-0.147650
456899240.000,Miguel,recording,switch_hand,3,-1.591900,6.710276,7.063312,0.091015,-0.278269,-0.127376
456899250.000,Miguel,recording,switch_hand,3,-1.508905,6.740845,7.038558,0.077917,-0.211473,-0.110605
456899260.000,Miguel,recording,switch_hand,3,-1.389057,6.700867,6.948741,0.061202,-0.156216,-0.101162
456899270.000,Miguel,recording,switch_hand,3,-1.310433,6.708133,6.880049,0.037339,-0.114605,-0.100472
456899280.000,Miguel,recording,switch_hand,3,-1.305345,6.761662,6.862036,0.010972,-0.089468,-0.108929
456899290.000,Miguel,recording,switch_hand,3,-1.308531,6.799702,6.897842,-0.010288,-0.084046,-0.123623
456899300.000,Miguel,recording,switch_hand,3,-1.326846,6.750157,6.975792,-0.021082,-0.096813,-0.135606
456899310.000,Miguel,recording,switch_hand,3,-1.363542,6.623698,7.042076,-0.022113,-0.118747,-0.134575
456899320.000,Miguel,recording,switch_hand,3,-1.422767,6.538939,7.064302,-0.015617,-0.139945,-0.117725
456899330.000,Miguel,recording,switch_hand,3,-1.527934,6.585022,7.121190,-0.001809,-0.157208,-0.088829
456899340.000,Miguel,recording,switch_hand,3,-1.591944,6.665802,7.131896,0.016894,-0.168811,-0.055259
456899350.000,Miguel,recording,switch_hand,3,-1.576163,6.688460,7.109080,0.035897,-0.172556,-0.023420
456899360.000,Miguel,recording,switch_hand,3,-1.521518,6.664646,7.018062,0.050363,-0.171568,0.003519
456899370.000,Miguel,recording,switch_hand,3,-1.479641,6.627510,6.926867,0.058226,-0.169672,0.025212
456899380.000,Miguel,recording,switch_hand,3,-1.457789,6.610005,6.844651,0.057479,-0.167717,0.045520
456899390.000,Miguel,recording,switch_hand,3,-1.425508,6.647513,6.809188,0.047174,-0.165564,0.067202
456899400.000,Miguel,recording,switch_hand,3,-1.380730,6.704313,6.790209,0.029225,-0.160254,0.087803
456899410.000,Miguel,recording,switch_hand,3,-1.296709,6.759245,6.791637,0.007435,-0.145241,0.105049
456899420.000,Miguel,recording,switch_hand,3,-1.251272,6.741203,6.910693,-0.012227,-0.116915,0.123096
456899430.000,Miguel,recording,switch_hand,3,-1.183345,6.710712,7.012151,-0.024009,-0.082071,0.143963
456899440.000,Miguel,recording,switch_hand,3,-1.046903,6.679356,7.067593,-0.026060,-0.047376,0.161109
456899450.000,Miguel,recording,switch_hand,3,-0.962746,6.712100,7.060228,-0.020737,-0.014152,0.169856
456899460.000,Miguel,recording,switch_hand,3,-0.934964,6.779193,7.020046,-0.012023,0.010946,0.172159
456899470.000,Miguel,recording,switch_hand,3,-0.951379,6.878598,6.991406,-0.001925,0.019346,0.171494
456899480.000,Miguel,recording,switch_hand,3,-0.925589,6.928839,6.965434,0.009193,0.009493,0.167950
456899490.000,Miguel,recording,switch_hand,3,-0.901841,6.927229,6.932865,0.019782,-0.014121,0.160485
456899500.000,Miguel,recording,switch_hand,3,-0.906547,6.895016,6.893368,0.029541,-0.046813,0.150220
456899510.000,Miguel,recording,switch_hand,3,-0.932833,6.859723,6.860793,0.039444,-0.084645,0.141172
456899520.000,Miguel,recording,switch_hand,3,-0.972474,6.852324,6.824217,0.050104,-0.122654,0.133680
456899530.000,Miguel,recording,switch_hand,3,-0.996716,6.848964,6.809288,0.060832,-0.158387,0.125977
456899540.000,Miguel,recording,switch_hand,3,-0.985387,6.833981,6.825095,0.069295,-0.190520,0.118343
456899550.000,Miguel,recording,switch_hand,3,-0.927479,6.749619,6.815375,0.070105,-0.210451,0.111091
456899560.000,Miguel,recording,switch_hand,3,-0.896242,6.584870,6.818322,0.060871,-0.206171,0.108095
456899570.000,Miguel,recording,switch_hand,3,-0.970475,6.440890,6.833633,0.047035,-0.177886,0.116963
456899580.000,Miguel,recording,switch_hand,3,-1.123811,6.381996,6.883732,0.034698,-0.140120,0.141509
456899590.000,Miguel,recording,switch_hand,3,-1.279223,6.380232,6.912845,0.028552,-0.108115,0.178596
456899600.000,Miguel,recording,switch_hand,3,-1.374363,6.411189,6.937836,0.029644,-0.091111,0.221169
456899610.000,Miguel,recording,switch_hand,3,-1.385591,6.501472,6.913419,0.036014,-0.088407,0.260496
456899620.000,Miguel,recording,switch_hand,3,-1.292578,6.564503,6.881737,0.044326,-0.093617,0.290683
456899630.000,Miguel,recording,switch_hand,3,-1.134219,6.607442,6.864108,0.049452,-0.100311,0.308456
456899640.000,Miguel,recording,switch_hand,3,-0.947118,6.659957,6.793629,0.047516,-0.101807,0.312345
456899650.000,Miguel,recording,switch_hand,3,-0.801890,6.686045,6.717428,0.034910,-0.098550,0.303787
456899660.000,Miguel,recording,switch_hand,3,-0.714047,6.724346,6.671059,0.008123,-0.092043,0.287528
456899670.000,Miguel,recording,switch_hand,3,-0.674438,6.806077,6.692266,-0.031751,-0.080270,0.269679
456899680.000,Miguel,recording,switch_hand,3,-0.585500,6.907539,6.803439,-0.076783,-0.061566,0.254616
456899690.000,Miguel,recording,switch_hand,3,-0.446086,6.973311,7.021168,-0.114810,-0.030848,0.239947
456899700.000,Miguel,recording,switch_hand,3,-0.302428,6.945345,7.233948,-0.133833,0.013800,0.218350
456899710.000,Miguel,recording,switch_hand,3,-0.258989,6.824060,7.363433,-0.127840,0.064296,0.190290
456899720.000,Miguel,recording,switch_hand,3,-0.392147,6.729726,7.361474,-0.101117,0.105948,0.167478
456899730.000,Miguel,recording,switch_hand,3,-0.584915,6.668315,7.277708,-0.063532,0.126776,0.163783
456899740.000,Miguel,recording,switch_hand,3,-0.754462,6.651279,7.144687,-0.028305,0.122778,0.182150
456899750.000,Miguel,recording,switch_hand,3,-0.885333,6.657116,7.025314,-0.007976,0.098462,0.211989
456899760.000,Miguel,recording,switch_hand,3,-0.957967,6.706036,6.943402,-0.006548,0.065805,0.240970
456899770.000,Miguel,recording,switch_hand,3,-0.947542,6.748250,6.888526,-0.024760,0.040875,0.258510
456899780.000,Miguel,recording,switch_hand,3,-0.922490,6.730982,6.852057,-0.062673,0.035866,0.259375
456899790.000,Miguel,recording,switch_hand,3,-0.929962,6.592551,6.878426,-0.116760,0.059456,0.246227
456899800.000,Miguel,recording,switch_hand,3,-1.089550,6.396714,6.950510,-0.181798,0.114243,0.229408
456899810.000,Miguel,recording,switch_hand,3,-1.331358,6.194182,7.073180,-0.250805,0.188851,0.223920
456899820.000,Miguel,recording,switch_hand,3,-1.581663,6.088298,7.244282,-0.307403,0.260353,0.250240
456899830.000,Miguel,recording,switch_hand,3,-1.671570,6.281159,7.508538,-0.312245,0.272841,0.345494
456899840.000,Miguel,recording,switch_hand,3,-1.286105,6.872321,7.839484,-0.215717,0.156655,0.537554
456899850.000,Miguel,recording,switch_hand,3,0.036906,7.641737,7.873762,-0.001548,-0.110140,0.789465
456899860.000,Miguel,recording,switch_hand,3,2.473573,8.653724,7.434531,0.278465,-0.459898,0.984378
456899870.000,Miguel,recording,switch_hand,3,4.468262,9.144756,6.596059,0.514789,-0.723944,0.999420
456899880.000,Miguel,recording,switch_hand,3,4.126469,8.520711,6.244958,0.641454,-0.837001,0.838373
456899890.000,Miguel,recording,switch_hand,3,2.460368,7.433810,6.437281,0.692691,-0.910007,0.620712
456899900.000,Miguel,recording,switch_hand,3,1.321062,6.316274,6.209452,0.698842,-0.972340,0.419105
456899910.000,Miguel,recording,switch_hand,3,1.283580,5.368977,5.850810,0.655248,-0.899024,0.216830
456899920.000,Miguel,recording,switch_hand,3,2.388968,5.581983,6.728241,0.610255,-0.639116,-0.012190
456899930.000,Miguel,recording,switch_hand,3,1.230172,7.323850,6.979118,0.539921,-0.276851,-0.232529
456899940.000,Miguel,recording,switch_hand,3,-2.340734,8.186485,6.199672,0.405576,0.207442,-0.296572
456899950.000,Miguel,recording,switch_hand,3,-3.776838,7.794894,6.519875,0.345833,0.790242,-0.162274
456899960.000,Miguel,recording,switch_hand,3,-3.609448,7.839644,5.087153,0.314821,1.461965,0.066167
456899970.000,Miguel,recording,switch_hand,3,-4.000350,7.526856,2.483277,0.038967,1.977248,0.430040
456899980.000,Miguel,recording,switch_hand,3,-1.021754,7.649728,4.573920,-0.326512,1.821618,0.894887
456899990.000,Miguel,recording,switch_hand,3,2.482802,7.009168,7.215869,-0.553660,1.219774,1.168349
456900000.000,Miguel,recording,switch_hand,3,3.141127,7.406781,10.308533,-0.486718,0.697189,1.154359
456900010.000,Miguel,recording,switch_hand,3,2.270463,7.305650,10.375756,-0.137548,0.225681,0.961308
456900020.000,Miguel,recording,switch_hand,3,0.519157,7.301708,9.695719,0.202314,-0.248000,0.718229
456900030.000,Miguel,recording,switch_hand,3,-0.445770,9.202016,8.284068,0.426248,-0.580849,0.561155
456900040.000,Miguel,recording,switch_hand,3,0.278574,9.303283,7.767936,0.532514,-0.787096,0.470790
456900050.000,Miguel,recording,switch_hand,3,0.847925,8.829216,7.299425,0.587530,-0.980266,0.391390
456900060.000,Miguel,recording,switch_hand,3,1.052417,8.679198,6.442580,0.605145,-1.145276,0.319762
456900070.000,Miguel,recording,switch_hand,3,0.978185,8.613842,5.460547,0.560506,-1.240197,0.251246
456900080.000,Miguel,recording,switch_hand,3,0.840744,8.369650,4.707608,0.441579,-1.285546,0.194784
456900090.000,Miguel,recording,switch_hand,3,0.446217,8.082009,4.176511,0.245999,-1.313494,0.180923
456900100.000,Miguel,recording,switch_hand,3,0.524217,7.812529,4.024392,0.004389,-1.352249,0.217991
456900110.000,Miguel,recording,switch_hand,3,0.582217,7.630302,4.103247,-0.239310,-1.378564,0.284456
456900120.000,Miguel,recording,switch_hand,3,0.636775,7.238286,4.146535,-0.454238,-1.344456,0.353454
456900130.000,Miguel,recording,switch_hand,3,0.879157,6.709942,4.225368,-0.630879,-1.207407,0.401125
456900140.000,Miguel,recording,switch_hand,3,1.263263,6.349723,4.577178,-0.761587,-0.962566,0.419927
456900150.000,Miguel,recording,switch_hand,3,1.686301,6.150867,5.361536,-0.827500,-0.636907,0.420012
456900160.000,Miguel,recording,switch_hand,3,2.253970,5.982470,6.264424,-0.815933,-0.289190,0.403755
456900170.000,Miguel,recording,switch_hand,3,2.706029,5.713943,6.954670,-0.741552,0.006684,0.347127
456900180.000,Miguel,recording,switch_hand,3,2.643235,5.499416,7.380216,-0.637907,0.217685,0.248347
456900190.000,Miguel,recording,switch_hand,3,2.320288,5.624091,7.750272,-0.525001,0.337098,0.137811
456900200.000,Miguel,recording,switch_hand,3,1.893476,5.813109,8.063090,-0.415628,0.346599,0.042771
456900210.000,Miguel,recording,switch_hand,3,1.533766,5.915382,8.115526,-0.318965,0.262085,-0.019347
456900220.000,Miguel,recording,switch_hand,3,1.409953,6.096114,8.107238,-0.227882,0.141445,-0.053519
456900230.000,Miguel,recording,switch_hand,3,1.434469,6.305264,7.880493,-0.135484,0.033855,-0.074272
456900240.000,Miguel,recording,switch_hand,3,1.491657,6.582474,7.522269,-0.044973,-0.032843,-0.083927
456900250.000,Miguel,recording,switch_hand,3,1.486006,6.866426,7.043881,0.031409,-0.047884,-0.072676
456900260.000,Miguel,recording,switch_hand,3,1.522080,7.128593,6.585186,0.079834,-0.009381,-0.041880
456900270.000,Miguel,recording,switch_hand,3,1.455500,7.198650,6.286140,0.098154,0.074200,-0.002120
456900280.000,Miguel,recording,switch_hand,3,1.357780,7.152516,6.162415,0.095528,0.179369,0.041522
456900290.000,Miguel,recording,switch_hand,3,1.388222,7.047105,6.125063,0.078229,0.273023,0.086584
456900300.000,Miguel,recording,switch_hand,3,1.560575,7.010378,6.115866,0.042875,0.324200,0.129510
456900310.000,Miguel,recording,switch_hand,3,1.798075,6.954530,6.183988,-0.015604,0.314669,0.159652
456900320.000,Miguel,recording,switch_hand,3,1.921991,6.892007,6.279891,-0.089920,0.253868,0.163710
456900330.000,Miguel,recording,switch_hand,3,1.880487,6.812071,6.443108,-0.162150,0.173245,0.143783
456900340.000,Miguel,recording,switch_hand,3,1.676408,6.787262,6.681959,-0.212106,0.099200,0.120395
456900350.000,Miguel,recording,switch_hand,3,1.513319,6.798562,6.935213,-0.227368,0.053916,0.108671
456900360.000,Miguel,recording,switch_hand,3,1.443544,6.802229,7.114137,-0.208402,0.055922,0.106558
456900370.000,Miguel,recording,switch_hand,3,1.481620,6.815678,7.276251,-0.156972,0.103625,0.108209
456900380.000,Miguel,recording,switch_hand,3,1.546298,6.804655,7.355177,-0.079619,0.178345,0.116041
456900390.000,Miguel,recording,switch_hand,3,1.674893,6.821475,7.265403,0.002403,0.255223,0.127317
456900400.000,Miguel,recording,switch_hand,3,1.779104,6.770070,7.021184,0.064936,0.319844,0.130257
456900410.000,Miguel,recording,switch_hand,3,1.798405,6.706396,6.835203,0.101978,0.371456,0.119225
456900420.000,Miguel,recording,switch_hand,3,1.788432,6.594852,6.750586,0.121981,0.414389,0.097991
456900430.000,Miguel,recording,switch_hand,3,1.781403,6.540022,6.687904,0.130187,0.444268,0.071757
456900440.000,Miguel,recording,switch_hand,3,1.810739,6.587995,6.574125,0.124913,0.450407,0.043803
456900450.000,Miguel,recording,switch_hand,3,1.823063,6.656276,6.446373,0.100002,0.426777,0.014795
456900460.000,Miguel,recording,switch_hand,3,1.725390,6.679043,6.366461,0.053293,0.375749,-0.017158
456900470.000,Miguel,recording,switch_hand,3,1.568313,6.631441,6.361336,-0.007998,0.310164,-0.052243
456900480.000,Miguel,recording,switch_hand,3,1.337235,6.580158,6.473114,-0.071627,0.237775,-0.084149
456900490.000,Miguel,recording,switch_hand,3,1.140974,6.578406,6.689294,-0.124470,0.156751,-0.103895
456900500.000,Miguel,recording,switch_hand,3,0.999856,6.660360,6.888487,-0.158073,0.073420,-0.104981
456900510.000,Miguel,recording,switch_hand,3,0.903587,6.749602,6.957050,-0.175004,0.004946,-0.088199
456900520.000,Miguel,recording,switch_hand,3,0.904932,6.761513,6.968073,-0.179659,-0.031532,-0.065155
456900530.000,Miguel,recording,switch_hand,3,0.994462,6.755461,6.976018,-0.170876,-0.028239,-0.047708
456900540.000,Miguel,recording,switch_hand,3,1.149342,6.753116,6.983412,-0.150664,0.005057,-0.035017
456900550.000,Miguel,recording,switch_hand,3,1.311056,6.838003,6.955804,-0.128839,0.046403,-0.020149
456900560.000,Miguel,recording,switch_hand,3,1.458089,6.829549,6.800524,-0.119834,0.074895,-0.009349
456900570.000,Miguel,recording,switch_hand,3,1.522017,6.675690,6.579854,-0.136693,0.089258,-0.018288
456900580.000,Miguel,recording,switch_hand,3,1.424119,6.549090,6.584943,-0.175372,0.102999,-0.046443
456900590.000,Miguel,recording,switch_hand,3,1.201443,6.635879,6.915799,-0.205828,0.111582,-0.069505
456900600.000,Miguel,recording,switch_hand,3,1.099971,6.731364,7.264269,-0.204078,0.102606,-0.070170
456900610.000,Miguel,recording,switch_hand,3,1.081060,6.701749,7.306273,-0.181984,0.082266,-0.057793
456900620.000,Miguel,recording,switch_hand,3,1.178122,6.602616,7.111474,-0.166057,0.058721,-0.053086
456900630.000,Miguel,recording,switch_hand,3,1.357019,6.505941,6.927885,-0.171440,0.033313,-0.070079
456900640.000,Miguel,recording,switch_hand,3,1.450501,6.521794,6.926696,-0.193078,0.010261,-0.108163
456900650.000,Miguel,recording,switch_hand,3,1.271944,6.653310,7.176651,-0.208392,-0.008458,-0.148542
456900660.000,Miguel,recording,switch_hand,3,0.972301,6.747529,7.402290,-0.203305,-0.027434,-0.165815
456900670.000,Miguel,recording,switch_hand,3,0.736935,6.808236,7.438284,-0.183599,-0.043094,-0.151673
456900680.000,Miguel,recording,switch_hand,3,0.635216,6.866229,7.420018,-0.160541,-0.048587,-0.119280
456900690.000,Miguel,recording,switch_hand,3,0.569279,6.889035,7.407989,-0.137462,-0.043574,-0.081959
456900700.000,Miguel,recording,switch_hand,3,0.635072,6.904159,7.446228,-0.111378,-0.030559,-0.043268
456900710.000,Miguel,recording,switch_hand,3,0.780265,6.907509,7.480511,-0.081918,-0.013914,-0.003983
456900720.000,Miguel,recording,switch_hand,3,0.909866,6.942156,7.476124,-0.053902,0.000704,0.038012
456900730.000,Miguel,recording,switch_hand,3,0.931032,6.921130,7.458238,-0.031887,0.004131,0.081502
456900740.000,Miguel,recording,switch_hand,3,1.005267,6.668148,7.392723,-0.015562,-0.005908,0.112418
456900750.000,Miguel,recording,switch_hand,3,1.134031,6.351964,7.237488,-0.005566,-0.018444,0.116769
456900760.000,Miguel,recording,switch_hand,3,1.262735,6.219093,7.192994,0.001501,-0.021259,0.093104
456900770.000,Miguel,recording,switch_hand,3,1.350124,6.311069,7.218852,0.013927,-0.015707,0.053804
456900780.000,Miguel,recording,switch_hand,3,1.372605,6.428840,7.160297,0.033025,-0.005884,0.012975
456900790.000,Miguel,recording,switch_hand,3,1.331564,6.503768,7.059843,0.052050,0.012011,-0.026483
456900800.000,Miguel,recording,switch_hand,3,1.218755,6.562167,6.981448,0.063276,0.038637,-0.059744
456900810.000,Miguel,recording,switch_hand,3,1.028616,6.675707,6.994222,0.067847,0.065064,-0.077266
456900820.000,Miguel,recording,switch_hand,3,0.820249,6.794185,7.010294,0.068473,0.076672,-0.073149
456900830.000,Miguel,recording,switch_hand,3,0.714933,6.872108,6.948797,0.061248,0.071337,-0.044720
456900840.000,Miguel,recording,switch_hand,3,0.757520,6.925970,6.854965,0.040914,0.056374,0.001739
456900850.000,Miguel,recording,switch_hand,3,0.928148,6.923641,6.800262,0.008891,0.038847,0.046591
456900860.000,Miguel,recording,switch_hand,3,1.103174,6.840459,6.761166,-0.026959,0.027723,0.072872
456900870.000,Miguel,recording,switch_hand,3,1.240266,6.716153,6.776188,-0.059719,0.026880,0.077429
456900880.000,Miguel,recording,switch_hand,3,1.343325,6.646166,6.811623,-0.085685,0.035966,0.062697
456900890.000,Miguel,recording,switch_hand,3,1.366162,6.584185,6.843674,-0.102139,0.057900,0.035111
456900900.000,Miguel,recording,switch_hand,3,1.257442,6.549240,6.934671,-0.105220,0.090691,0.006958
456900910.000,Miguel,recording,switch_hand,3,1.077145,6.538712,7.067644,-0.091242,0.130289,-0.012348
456900920.000,Miguel,recording,switch_hand,3,0.945127,6.486120,7.194141,-0.060576,0.174195,-0.016604
456900930.000,Miguel,recording,switch_hand,3,0.871638,6.463233,7.254533,-0.023435,0.211487,0.000449
456900940.000,Miguel,recording,switch_hand,3,0.919655,6.514558,7.160029,0.005071,0.227697,0.035628
456900950.000,Miguel,recording,switch_hand,3,1.052271,6.477726,6.958168,0.008208,0.221971,0.077689
456900960.000,Miguel,recording,switch_hand,3,1.191556,6.414013,6.741097,-0.023794,0.206294,0.119083
456900970.000,Miguel,recording,switch_hand,3,1.307946,6.355859,6.684238,-0.082410,0.186510,0.154933
456900980.000,Miguel,recording,switch_hand,3,1.477447,6.196927,6.789068,-0.145736,0.169248,0.173200
456900990.000,Miguel,recording,switch_hand,3,1.641130,5.971109,6.933710,-0.193475,0.166384,0.164691
456901000.000,Miguel,recording,switch_hand,3,1.769191,5.863906,7.085605,-0.219604,0.176949,0.134892
456901010.000,Miguel,recording,switch_hand,3,1.885536,5.822092,7.216911,-0.224334,0.191763,0.091335
456901020.000,Miguel,recording,switch_hand,3,1.982479,5.708833,7.263197,-0.210244,0.211881,0.033045
456901030.000,Miguel,recording,switch_hand,3,2.037575,5.556109,7.237873,-0.182816,0.244467,-0.043112
456901040.000,Miguel,recording,switch_hand,3,2.128625,5.433342,7.249639,-0.143195,0.295541,-0.134103
456901050.000,Miguel,recording,switch_hand,3,2.233971,5.397373,7.339626,-0.088833,0.363840,-0.229491
456901060.000,Miguel,recording,switch_hand,3,2.329786,5.375730,7.337950,-0.023911,0.436213,-0.317959
456901070.000,Miguel,recording,switch_hand,3,2.906553,4.988434,6.502299,-0.146208,0.259410,-0.551644
456901080.000,Miguel,recording,switch_hand,3,4.346897,3.557470,5.242503,-0.823537,-0.692136,-1.250435
456901090.000,Miguel,recording,switch_hand,3,3.693880,2.670164,9.203946,-1.352390,-1.715411,-1.909964
456901100.000,Miguel,recording,switch_hand,3,2.078836,4.609749,13.545539,-1.041089,-2.092699,-2.101960
456901110.000,Miguel,recording,switch_hand,3,2.885406,5.291219,11.068238,-0.392857,-2.107921,-2.208130
456901120.000,Miguel,recording,switch_hand,3,2.074653,5.720673,8.170033,0.123027,-1.818693,-2.380919
456901130.000,Miguel,recording,switch_hand,3,1.375612,5.960836,6.742237,0.375161,-1.326349,-2.564648
456901140.000,Miguel,recording,switch_hand,3,0.750472,6.340575,6.303600,0.420137,-0.859018,-2.670334
456901150.000,Miguel,recording,switch_hand,3,-3.488309,7.559338,8.046636,0.397980,-0.609035,-2.567829
456901160.000,Miguel,recording,switch_hand,3,-12.563484,9.523053,10.651414,0.518060,-0.518904,-1.940162
456901170.000,Miguel,recording,switch_hand,3,-13.197465,10.129456,11.151704,0.825194,-0.456300,-0.791567
456901180.000,Miguel,recording,switch_hand,3,-5.936201,8.688620,9.315265,1.137166,-0.324170,0.300405
456901190.000,Miguel,recording,switch_hand,3,-1.825347,7.478474,7.680339,1.323435,-0.148541,1.006119
456901200.000,Miguel,recording,switch_hand,3,1.325781,7.057169,6.618602,1.379870,0.021936,1.367719
456901210.000,Miguel,recording,switch_hand,3,3.823861,7.184320,5.219030,1.286959,0.253600,1.431186
456901220.000,Miguel,recording,switch_hand,3,5.459925,7.664736,3.701055,1.048428,0.530364,1.279779
456901230.000,Miguel,recording,switch_hand,3,5.960132,7.760521,2.799070,0.709017,0.801555,0.994061
456901240.000,Miguel,recording,switch_hand,3,5.108683,7.641110,3.385358,0.343508,1.073564,0.666279
456901250.000,Miguel,recording,switch_hand,3,3.479195,7.287943,5.107729,0.065348,1.334749,0.383020
456901260.000,Miguel,recording,switch_hand,3,2.053450,7.013729,6.899789,-0.053247,1.569780,0.176293
456901270.000,Miguel,recording,switch_hand,3,1.341290,6.877112,7.972535,-0.013120,1.783043,0.040507
456901280.000,Miguel,recording,switch_hand,3,1.049782,6.719194,8.416390,0.139693,1.965708,-0.050931
456901290.000,Miguel,recording,switch_hand,3,0.790467,6.639965,8.013137,0.325408,2.087009,-0.131141
456901300.000,Miguel,recording,switch_hand,3,0.482517,6.507499,7.132429,0.467153,2.154458,-0.221170
456901310.000,Miguel,recording,switch_hand,3,-0.083438,5.838671,6.405323,0.549058,2.207309,-0.305964
456901320.000,Miguel,recording,switch_hand,3,-1.130126,6.091367,6.048293,0.559449,2.220399,-0.333532
456901330.000,Miguel,recording,switch_hand,3,-1.228728,7.632927,5.658990,0.435645,2.092037,-0.306421
456901340.000,Miguel,recording,switch_hand,3,-0.073470,8.798970,5.070320,0.206391,1.766018,-0.324985
456901350.000,Miguel,recording,switch_hand,3,0.407796,8.770688,5.861213,0.086201,1.329937,-0.478128
456901360.000,Miguel,recording,switch_hand,3,-1.374960,7.989338,6.738037,0.202451,0.923843,-0.662497
456901370.000,Miguel,recording,switch_hand,3,-3.273837,7.127010,6.236821,0.304092,0.644285,-0.702916
456901380.000,Miguel,recording,switch_hand,3,-3.544367,7.370413,5.279090,0.163993,0.518111,-0.571561
456901390.000,Miguel,recording,switch_hand,3,-2.557319,7.724560,5.885090,-0.029390,0.422585,-0.402490
456901400.000,Miguel,recording,switch_hand,3,-1.848715,7.194244,6.375086,-0.113339,0.247916,-0.318416
456901410.000,Miguel,recording,switch_hand,3,-1.708558,6.488245,6.233549,-0.152050,0.102343,-0.278319
456901420.000,Miguel,recording,switch_hand,3,-1.445294,6.912397,6.628148,-0.130048,0.039757,-0.201608
456901430.000,Miguel,recording,switch_hand,3,-0.999219,6.953799,6.171555,-0.115029,0.005879,-0.102988
456901440.000,Miguel,recording,switch_hand,3,-0.154741,7.302839,5.816453,-0.182036,0.040528,-0.041555
456901450.000,Miguel,recording,switch_hand,3,0.009461,7.410125,5.714956,-0.274471,0.145202,-0.026544
456901460.000,Miguel,recording,switch_hand,3,0.027141,7.579926,5.560613,-0.382001,0.244312,-0.035579
456901470.000,Miguel,recording,switch_hand,3,-0.534565,7.448672,5.687684,-0.475975,0.297041,-0.046665
456901480.000,Miguel,recording,switch_hand,3,-1.313015,7.142109,6.028486,-0.537229,0.327981,-0.043898
456901490.000,Miguel,recording,switch_hand,3,-1.826759,6.597631,6.171234,-0.588126,0.367750,-0.014060
456901500.000,Miguel,recording,switch_hand,3,-1.757849,6.252417,6.407882,-0.646803,0.402174,0.037006
456901510.000,Miguel,recording,switch_hand,3,-1.346496,6.478047,6.871560,-0.695340,0.411016,0.056711
456901520.000,Miguel,recording,switch_hand,3,-1.058960,7.105339,7.411893,-0.707518,0.393607,0.000600
456901530.000,Miguel,recording,switch_hand,3,-0.997806,7.451200,7.811180,-0.681957,0.371912,-0.111489
456901540.000,Miguel,recording,switch_hand,3,-1.027672,7.611329,8.015295,-0.627201,0.364367,-0.235813
456901550.000,Miguel,recording,switch_hand,3,-0.971858,7.581107,7.802188,-0.555168,0.333211,-0.342631
456901560.000,Miguel,recording,switch_hand,3,-1.101860,7.238716,8.076059,-0.469000,0.259914,-0.419010
456901570.000,Miguel,recording,switch_hand,3,-1.367854,6.809176,8.339452,-0.356865,0.181107,-0.458155
456901580.000,Miguel,recording,switch_hand,3,-1.732442,6.527652,8.489064,-0.221442,0.108693,-0.457765
456901590.000,Miguel,recording,switch_hand,3,-2.059777,6.481510,8.502290,-0.074678,0.033846,-0.419019
456901600.000,Miguel,recording,switch_hand,3,-2.356898,6.367973,8.382014,0.068852,-0.039755,-0.348112
456901610.000,Miguel,recording,switch_hand,3,-2.501955,6.247519,8.054216,0.192479,-0.105693,-0.254091
456901620.000,Miguel,recording,switch_hand,3,-2.592443,6.208389,7.693289,0.287453,-0.165275,-0.147244
456901630.000,Miguel,recording,switch_hand,3,-2.617640,6.261511,7.387997,0.355961,-0.227745,-0.039333
456901640.000,Miguel,recording,switch_hand,3,-2.498248,6.360682,7.164013,0.404180,-0.299089,0.056296
456901650.000,Miguel,recording,switch_hand,3,-2.245173,6.502212,6.973697,0.436746,-0.379324,0.123444
456901660.000,Miguel,recording,switch_hand,3,-1.912770,6.606200,6.806368,0.455467,-0.467322,0.152304
456901670.000,Miguel,recording,switch_hand,3,-1.651846,6.677382,6.602612,0.457188,-0.556323,0.145624
456901680.000,Miguel,recording,switch_hand,3,-1.467325,6.789681,6.505319,0.443149,-0.631033,0.112481
456901690.000,Miguel,recording,switch_hand,3,-1.341936,6.832930,6.456848,0.418119,-0.680080,0.066869
456901700.000,Miguel,recording,switch_hand,3,-1.280511,6.818002,6.388138,0.385142,-0.700935,0.021714
456901710.000,Miguel,recording,switch_hand,3,-1.257357,6.817216,6.371642,0.349619,-0.698316,-0.017294
456901720.000,Miguel,recording,switch_hand,3,-1.233111,6.683631,6.324123,0.313559,-0.687534,-0.050322
456901730.000,Miguel,recording,switch_hand,3,-1.196459,6.629766,6.279177,0.276773,-0.670574,-0.078894
456901740.000,Miguel,recording,switch_hand,3,-1.173389,6.595113,6.190084,0.228786,-0.644140,-0.112132
456901750.000,Miguel,recording,switch_hand,3,-1.104311,6.651516,6.118324,0.160394,-0.605890,-0.154572
456901760.000,Miguel,recording,switch_hand,3,-1.128059,6.699058,6.211755,0.084490,-0.545798,-0.196482
456901770.000,Miguel,recording,switch_hand,3,-1.127450,6.680402,6.324050,0.011956,-0.472124,-0.233786
456901780.000,Miguel,recording,switch_hand,3,-1.088313,6.531387,6.390439,-0.049086,-0.394631,-0.263816
456901790.000,Miguel,recording,switch_hand,3,-1.186609,6.389714,6.506304,-0.092871,-0.319761,-0.280258
456901800.000,Miguel,recording,switch_hand,3,-1.342159,6.270771,6.596667,-0.120356,-0.263208,-0.279902
456901810.000,Miguel,recording,switch_hand,3,-1.569472,6.290845,6.771267,-0.125968,-0.228059,-0.259892
456901820.000,Miguel,recording,switch_hand,3,-1.778118,6.419665,6.924275,-0.109672,-0.209843,-0.223645
456901830.000,Miguel,recording,switch_hand,3,-1.843174,6.507939,6.934451,-0.082890,-0.207592,-0.180592
456901840.000,Miguel,recording,switch_hand,3,-1.798825,6.529883,6.939612,-0.055697,-0.216529,-0.137535
456901850.000,Miguel,recording,switch_hand,3,-1.697696,6.536741,6.902502,-0.033192,-0.222165,-0.097912
456901860.000,Miguel,recording,switch_hand,3,-1.531815,6.624652,6.855553,-0.020297,-0.217198,-0.066680
456901870.000,Miguel,recording,switch_hand,3,-1.366436,6.689565,6.836073,-0.019263,-0.201096,-0.048309
456901880.000,Miguel,recording,switch_hand,3,-1.238374,6.703858,6.854329,-0.026156,-0.174282,-0.044037
456901890.000,Miguel,recording,switch_hand,3,-1.158628,6.644490,6.847232,-0.039717,-0.145417,-0.052809
456901900.000,Miguel,recording,switch_hand,3,-1.186045,6.579708,6.855740,-0.055385,-0.116324,-0.063868
456901910.000,Miguel,recording,switch_hand,3,-1.344622,6.563371,6.940932,-0.062929,-0.086638,-0.062640
456901920.000,Miguel,recording,switch_hand,3,-1.462174,6.509616,6.962716,-0.060914,-0.070887,-0.042549
456901930.000,Miguel,recording,switch_hand,3,-1.500814,6.548577,6.994669,-0.052238,-0.078091,-0.008908
456901940.000,Miguel,recording,switch_hand,3,-1.472051,6.612168,7.027216,-0.037374,-0.096865,0.027425
456901950.000,Miguel,recording,switch_hand,3,-1.406261,6.670042,7.077208,-0.017516,-0.118705,0.056890
456901960.000,Miguel,recording,switch_hand,3,-1.305200,6.667555,7.052870,0.002051,-0.140473,0.071683
456901970.000,Miguel,recording,switch_hand,3,-1.247025,6.710843,7.044258,0.013452,-0.156089,0.072782
456901980.000,Miguel,recording,switch_hand,3,-1.213975,6.788389,7.021623,0.013856,-0.159369,0.066093
456901990.000,Miguel,recording,switch_hand,3,-1.164794,6.878673,6.961394,0.002325,-0.146702,0.051826
456902000.000,Miguel,recording,switch_hand,3,-1.056973,6.976733,6.854210,-0.026149,-0.117718,0.028331
456902010.000,Miguel,recording,switch_hand,3,-0.990918,6.968064,6.824512,-0.066715,-0.071866,0.003124
456902020.000,Miguel,recording,switch_hand,3,-0.957502,6.853442,6.881724,-0.105737,-0.019906,-0.010641
456902030.000,Miguel,recording,switch_hand,3,-0.938881,6.702110,6.961954,-0.131392,0.023895,-0.006736
456902040.000,Miguel,recording,switch_hand,3,-0.961740,6.591244,7.053973,-0.132943,0.057349,0.012648
456902050.000,Miguel,recording,switch_hand,3,-1.024303,6.629261,7.188512,-0.109458,0.072387,0.040873
456902060.000,Miguel,recording,switch_hand,3,-1.039642,6.680090,7.243093,-0.067588,0.063631,0.070133
456902070.000,Miguel,recording,switch_hand,3,-1.014866,6.707743,7.185619,-0.018041,0.036806,0.094576
456902080.000,Miguel,recording,switch_hand,3,-0.941588,6.708038,7.032929,0.025193,-0.000448,0.108652
456902090.000,Miguel,recording,switch_hand,3,-0.913133,6.818132,6.876085,0.049744,-0.039005,0.108681
456902100.000,Miguel,recording,switch_hand,3,-0.905773,6.955235,6.783630,0.050848,-0.066725,0.096983
456902110.000,Miguel,recording,switch_hand,3,-0.892560,7.034789,6.782223,0.034121,-0.074541,0.078821
456902120.000,Miguel,recording,switch_hand,3,-0.884678,7.031045,6.809102,0.006371,-0.063836,0.058405
456902130.000,Miguel,recording,switch_hand,3,-0.838581,7.005913,6.879705,-0.027118,-0.041335,0.036665
456902140.000,Miguel,recording,switch_hand,3,-0.798140,6.962087,6.964277,-0.057908,-0.015995,0.014847
456902150.000,Miguel,recording,switch_hand,3,-0.823804,6.865605,7.077580,-0.077585,0.003571,-0.003866
456902160.000,Miguel,recording,switch_hand,3,-0.870373,6.772588,7.145820,-0.084658,0.010372,-0.019350
456902170.000,Miguel,recording,switch_hand,3,-0.948181,6.727891,7.209504,-0.079922,0.002737,-0.031101
456902180.000,Miguel,recording,switch_hand,3,-1.066991,6.681346,7.257886,-0.063450,-0.015359,-0.035162
456902190.000,Miguel,recording,switch_hand,3,-1.163520,6.609587,7.256219,-0.041153,-0.037209,-0.028437
456902200.000,Miguel,recording,switch_hand,3,-1.255436,6.577131,7.224648,-0.019821,-0.056692,-0.010415
456902210.000,Miguel,recording,switch_hand,3,-1.265213,6.596115,7.220391,-0.003584,-0.070220,0.014221
456902220.000,Miguel,recording,switch_hand,4,-1.209879,6.618957,7.186831,0.002898,-0.074234,0.036695
456902230.000,Miguel,recording,switch_hand,4,-1.109505,6.648121,7.173637,-0.001158,-0.066281,0.051318
456902240.000,Miguel,recording,switch_hand,4,-1.073424,6.682343,7.198285,-0.008908,-0.041287,0.058903
456902250.000,Miguel,recording,switch_hand,4,-1.086100,6.696639,7.218582,-0.016032,-0.008436,0.061405
456902260.000,Miguel,recording,switch_hand,4,-1.099133,6.630189,7.213514,-0.022512,0.019482,0.061294
456902270.000,Miguel,recording,switch_hand,4,-1.145331,6.597227,7.220889,-0.024845,0.041842,0.066203
456902280.000,Miguel,recording,switch_hand,4,-1.194505,6.568350,7.219065,-0.019313,0.058165,0.084349
456902290.000,Miguel,recording,switch_hand,4,-1.208181,6.611855,7.243826,-0.004628,0.067733,0.115092
456902300.000,Miguel,recording,switch_hand,4,-1.133758,6.675508,7.223015,0.016559,0.070113,0.148561
456902310.000,Miguel,recording,switch_hand,4,-0.949889,6.717470,7.176754,0.038545,0.069534,0.172166
456902320.000,Miguel,recording,switch_hand,4,-0.759904,6.752455,7.111589,0.056851,0.070777,0.176641
456902330.000,Miguel,recording,switch_hand,4,-0.653719,6.788403,7.028925,0.070982,0.076681,0.163758
456902340.000,Miguel,recording,switch_hand,4,-0.612909,6.824369,6.974378,0.080787,0.085686,0.142909
456902350.000,Miguel,recording,switch_hand,4,-0.622712,6.834424,6.881153,0.085709,0.093665,0.121638
456902360.000,Miguel,recording,switch_hand,4,-0.684180,6.853697,6.819080,0.087298,0.099413,0.107289
456902370.000,Miguel,recording,switch_hand,4,-0.767589,6.847906,6.766628,0.085953,0.102128,0.108497
456902380.000,Miguel,recording,switch_hand,4,-0.803367,6.898051,6.707609,0.082665,0.103332,0.129224
456902390.000,Miguel,recording,switch_hand,4,-0.746440,6.925251,6.681736,0.080573,0.103846,0.163429
456902400.000,Miguel,recording,switch_hand,4,-0.592767,6.927485,6.636542,0.081798,0.097839,0.197379
456902410.000,Miguel,recording,switch_hand,4,-0.416184,7.025818,6.647368,0.086850,0.079018,0.216167
456902420.000,Miguel,recording,switch_hand,4,-0.264983,7.139627,6.644704,0.097473,0.046765,0.211566
456902430.000,Miguel,recording,switch_hand,4,-0.188736,7.185634,6.625233,0.112507,0.004546,0.185391
456902440.000,Miguel,recording,switch_hand,4,-0.158893,7.208178,6.568540,0.126048,-0.045008,0.146006
456902450.000,Miguel,recording,switch_hand,4,-0.163801,7.215951,6.520393,0.133209,-0.097293,0.101588
456902460.000,Miguel,recording,switch_hand,4,-0.191826,7.177798,6.512738,0.130991,-0.143294,0.056875
456902470.000,Miguel,recording,switch_hand,4,-0.285390,7.152143,6.523366,0.119553,-0.176415,0.015612
456902480.000,Miguel,recording,switch_hand,4,-0.405305,7.090818,6.551038,0.101692,-0.195937,-0.019245
456902490.000,Miguel,recording,switch_hand,4,-0.537130,7.021704,6.573002,0.078683,-0.206936,-0.045582
456902500.000,Miguel,recording,switch_hand,4,-0.658211,6.951774,6.632251,0.051251,-0.211975,-0.061574
456902510.000,Miguel,recording,switch_hand,4,-0.755711,6.905645,6.739359,0.023551,-0.210959,-0.067106
456902520.000,Miguel,recording,switch_hand,4,-0.779570,6.854346,6.842392,0.000243,-0.206369,-0.067431
456902530.000,Miguel,recording,switch_hand,4,-0.807260,6.799999,6.951382,-0.012256,-0.193965,-0.068519
456902540.000,Miguel,recording,switch_hand,4,-0.869094,6.749195,7.065582,-0.011899,-0.171418,-0.071026
456902550.000,Miguel,recording,switch_hand,4,-0.938856,6.720710,7.076654,-0.008061,-0.146797,-0.074988
456902560.000,Miguel,recording,switch_hand,4,-1.032498,6.676593,7.046086,-0.008801,-0.121881,-0.079203
456902570.000,Miguel,recording,switch_hand,4,-1.130359,6.628015,6.995820,-0.011837,-0.092039,-0.075697
456902580.000,Miguel,recording,switch_hand,4,-1.276287,6.581410,6.978604,-0.014280,-0.059318,-0.055813
456902590.000,Miguel,recording,switch_hand,4,-1.340553,6.494009,6.926264,-0.018862,-0.034305,-0.019068
456902600.000,Miguel,recording,switch_hand,4,-1.356135,6.401625,6.884073,-0.026398,-0.021327,0.030556
456902610.000,Miguel,recording,switch_hand,4,-1.298977,6.422574,6.930798,-0.034410,-0.016633,0.085927
456902620.000,Miguel,recording,switch_hand,4,-1.230335,6.485130,7.012248,-0.038279,-0.016930,0.134270
456902630.000,Miguel,recording,switch_hand,4,-1.121057,6.565966,7.108755,-0.031260,-0.018338,0.166980
456902640.000,Miguel,recording,switch_hand,4,-1.021263,6.607463,7.154406,-0.010271,-0.018318,0.184013
456902650.000,Miguel,recording,switch_hand,4,-0.959877,6.609258,7.120854,0.019607,-0.022482,0.191905
456902660.000,Miguel,recording,switch_hand,4,-0.973824,6.633637,7.017355,0.050123,-0.038478,0.205412
456902670.000,Miguel,recording,switch_hand,4,-0.977282,6.707439,6.961903,0.077653,-0.065535,0.233864
456902680.000,Miguel,recording,switch_hand,4,-0.834674,6.831316,6.921229,0.101457,-0.097789,0.270101
456902690.000,Miguel,recording,switch_hand,4,-0.545357,6.971346,6.958201,0.122129,-0.126763,0.296972
456902700.000,Miguel,recording,switch_hand,4,-0.233875,7.058345,6.982248,0.141972,-0.146847,0.299539
456902710.000,Miguel,recording,switch_hand,4,-0.020003,7.032004,6.979988,0.160293,-0.157630,0.276837
456902720.000,Miguel,recording,switch_hand,4,0.005546,6.993174,6.929827,0.176334,-0.159531,0.241836
456902730.000,Miguel,recording,switch_hand,4,-0.152981,7.024433,6.857253,0.189428,-0.155921,0.215337
456902740.000,Miguel,recording,switch_hand,4,-0.326474,7.109431,6.770397,0.195689,-0.151426,0.215013
456902750.000,Miguel,recording,switch_hand,4,-0.378567,7.226569,6.690716,0.192315,-0.143012,0.243139
456902760.000,Miguel,recording,switch_hand,4,-0.234853,7.299750,6.628062,0.180186,-0.126882,0.285240
456902770.000,Miguel,recording,switch_hand,4,-0.019857,7.350786,6.609664,0.163616,-0.109121,0.321987
456902780.000,Miguel,recording,switch_hand,4,0.259717,7.409019,6.640535,0.149196,-0.097407,0.339583
456902790.000,Miguel,recording,switch_hand,4,0.545165,7.488395,6.650853,0.138994,-0.094669,0.328169
456902800.000,Miguel,recording,switch_hand,4,0.696649,7.524658,6.641119,0.131229,-0.099064,0.286880
456902810.000,Miguel,recording,switch_hand,4,0.694743,7.535252,6.622488,0.126785,-0.104294,0.229725
456902820.000,Miguel,recording,switch_hand,4,0.613711,7.514501,6.619696,0.126315,-0.108076,0.177203
456902830.000,Miguel,recording,switch_hand,4,0.516843,7.505769,6.605516,0.126954,-0.110843,0.139097
456902840.000,Miguel,recording,switch_hand,4,0.418864,7.433272,6.518332,0.124867,-0.111757,0.110788
456902850.000,Miguel,recording,switch_hand,4,0.398410,7.408411,6.461219,0.116664,-0.114407,0.083065
456902860.000,Miguel,recording,switch_hand,4,0.353843,7.366294,6.375035,0.098062,-0.121728,0.047343
456902870.000,Miguel,recording,switch_hand,4,0.297725,7.309979,6.335200,0.067544,-0.130910,-0.000648
456902880.000,Miguel,recording,switch_hand,4,0.147241,7.214172,6.351147,0.029096,-0.137591,-0.058133
456902890.000,Miguel,recording,switch_hand,4,-0.108609,7.061580,6.422400,-0.010443,-0.138670,-0.118161
456902900.000,Miguel,recording,switch_hand,4,-0.446092,6.849761,6.542415,-0.043143,-0.133489,-0.170638
456902910.000,Miguel,recording,switch_hand,4,-0.877384,6.591716,6.620608,-0.064121,-0.125483,-0.203683
456902920.000,Miguel,recording,switch_hand,4,-1.394888,6.363694,6.677534,-0.074966,-0.120310,-0.210745
456902930.000,Miguel,recording,switch_hand,4,-2.058132,6.156265,6.747209,-0.077190,-0.130585,-0.187678
456902940.000,Miguel,recording,switch_hand,4,-2.728857,5.934127,6.829775,-0.071678,-0.170711,-0.130966
456902950.000,Miguel,recording,switch_hand,4,-3.257707,5.625919,6.828219,-0.060573,-0.241303,-0.045157
456902960.000,Miguel,recording,switch_hand,4,-3.574699,5.276091,6.860902,-0.045846,-0.330522,0.065738
456902970.000,Miguel,recording,switch_hand,4,-3.688479,4.956281,6.891143,-0.028082,-0.423493,0.203047
456902980.000,Miguel,recording,switch_hand,4,-3.628068,4.852031,6.830127,-0.008913,-0.514837,0.360187
456902990.000,Miguel,recording,switch_hand,4,-2.921995,5.113343,6.436103,-0.013191,-0.595410,0.610960
456903000.000,Miguel,recording,switch_hand,4,1.857477,6.139160,5.756865,-0.107054,-0.558798,1.109280
456903010.000,Miguel,recording,switch_hand,4,11.035241,7.730410,6.084682,-0.229609,-0.276226,1.415672
456903020.000,Miguel,recording,switch_hand,4,9.857414,7.565051,7.544904,-0.112927,-0.028659,0.992383
456903030.000,Miguel,recording,switch_hand,4,5.886985,9.342171,8.335821,0.289469,-0.194629,0.228203
456903040.000,Miguel,recording,switch_hand,4,-0.408214,10.901007,10.487159,0.770342,-0.467959,-0.260773
456903050.000,Miguel,recording,switch_hand,4,-2.257568,10.651673,9.527816,1.122809,-0.407748,-0.324757
456903060.000,Miguel,recording,switch_hand,4,-3.165700,9.223508,7.981174,1.206751,-0.110649,-0.163670
456903070.000,Miguel,recording,switch_hand,4,-0.844207,8.189817,6.308906,1.129216,0.201053,-0.065793
456903080.000,Miguel,recording,switch_hand,4,-0.076170,8.060903,5.183768,1.040449,0.557839,-0.099721
456903090.000,Miguel,recording,switch_hand,4,0.157615,7.888841,3.107820,0.859892,1.008027,-0.129906
456903100.000,Miguel,recording,switch_hand,4,0.855187,7.220575,1.238572,0.391605,1.374411,-0.122756
456903110.000,Miguel,recording,switch_hand,4,0.971827,7.396931,1.036584,-0.334778,1.429363,-0.135835
456903120.000,Miguel,recording,switch_hand,4,0.641066,7.724581,3.423606,-1.053098,1.279796,-0.202393
456903130.000,Miguel,recording,switch_hand,4,-0.317513,7.357887,5.190040,-1.591238,1.183670,-0.296243
456903140.000,Miguel,recording,switch_hand,4,-1.388261,6.715885,7.475175,-1.879992,1.058578,-0.342695
456903150.000,Miguel,recording,switch_hand,4,-1.684885,6.080902,9.592817,-1.869495,0.713697,-0.304903
456903160.000,Miguel,recording,switch_hand,4,-0.990042,6.300421,11.473283,-1.527822,0.180399,-0.234685
456903170.000,Miguel,recording,switch_hand,4,-0.382071,6.523681,11.143086,-0.932163,-0.363737,-0.195342
456903180.000,Miguel,recording,switch_hand,4,-0.314890,6.478248,9.332690,-0.332698,-0.739211,-0.184432
456903190.000,Miguel,recording,switch_hand,4,-0.495554,6.586940,7.563850,0.055107,-0.930022,-0.163154
456903200.000,Miguel,recording,switch_hand,4,-0.692102,7.092591,6.306014,0.207602,-1.046954,-0.116717
456903210.000,Miguel,recording,switch_hand,4,-0.799003,7.505756,5.751101,0.209020,-1.131045,-0.055291
456903220.000,Miguel,recording,switch_hand,4,-0.773898,7.518414,5.539973,0.130830,-1.185061,0.022803
456903230.000,Miguel,recording,switch_hand,4,-0.711618,7.382268,5.494457,0.009934,-1.227826,0.130325
456903240.000,Miguel,recording,switch_hand,4,-0.527234,7.248226,5.511454,-0.143976,-1.268163,0.262948
456903250.000,Miguel,recording,switch_hand,4,-0.329022,7.176614,5.569204,-0.314297,-1.282719,0.406636
456903260.000,Miguel,recording,switch_hand,4,-0.024610,7.103709,5.605543,-0.467020,-1.235572,0.558233
456903270.000,Miguel,recording,switch_hand,4,0.396998,6.922023,5.633084,-0.585117,-1.123740,0.702737
456903280.000,Miguel,recording,switch_hand,4,0.977362,6.628257,5.606836,-0.679957,-0.972184,0.809174
456903290.000,Miguel,recording,switch_hand,4,1.412662,6.385838,5.688375,-0.768078,-0.803894,0.865266
456903300.000,Miguel,recording,switch_hand,4,1.742259,6.336612,5.974952,-0.847664,-0.621447,0.863750
456903310.000,Miguel,recording,switch_hand,4,1.831880,6.425097,6.452535,-0.910609,-0.431186,0.814605
456903320.000,Miguel,recording,switch_hand,4,1.799322,6.553520,6.969463,-0.946644,-0.266966,0.753712
456903330.000,Miguel,recording,switch_hand,4,1.754133,6.416447,7.445807,-0.949039,-0.149516,0.696577
456903340.000,Miguel,recording,switch_hand,4,1.702379,6.294412,7.878248,-0.924592,-0.081362,0.645583
456903350.000,Miguel,recording,switch_hand,4,1.554704,6.280920,8.215619,-0.882023,-0.061341,0.615867
456903360.000,Miguel,recording,switch_hand,4,1.296613,6.398530,8.515370,-0.822565,-0.076286,0.616643
456903370.000,Miguel,recording,switch_hand,4,1.316149,6.214606,8.569754,-0.747203,-0.112751,0.629222
456903380.000,Miguel,recording,switch_hand,4,1.402322,5.979560,8.452151,-0.664983,-0.148338,0.622770
456903390.000,Miguel,recording,switch_hand,4,1.465983,5.755307,8.398245,-0.582097,-0.142443,0.582359
456903400.000,Miguel,recording,switch_hand,4,1.410120,5.709016,8.583600,-0.485487,-0.077734,0.517034
456903410.000,Miguel,recording,switch_hand,4,1.475684,5.729339,8.879253,-0.355914,0.022860,0.447686
456903420.000,Miguel,recording,switch_hand,4,1.641748,5.744057,8.968328,-0.196349,0.140196,0.387329
456903430.000,Miguel,recording,switch_hand,4,1.825584,5.815330,8.945195,-0.030332,0.264398,0.333356
456903440.000,Miguel,recording,switch_hand,4,1.960876,5.804945,8.787485,0.112716,0.358344,0.276949
456903450.000,Miguel,recording,switch_hand,4,2.052275,5.660500,8.523377,0.204779,0.367118,0.209622
456903460.000,Miguel,recording,switch_hand,4,2.150815,5.626502,8.326306,0.237715,0.269401,0.126616
456903470.000,Miguel,recording,switch_hand,4,2.163915,5.703029,8.224205,0.230862,0.101103,0.038006
456903480.000,Miguel,recording,switch_hand,4,2.065456,5.766925,8.123851,0.212769,-0.081355,-0.037649
456903490.000,Miguel,recording,switch_hand,4,1.827345,5.799502,8.008805,0.203306,-0.230040,-0.087579
456903500.000,Miguel,recording,switch_hand,4,1.518965,5.919155,7.882656,0.212358,-0.320395,-0.105109
456903510.000,Miguel,recording,switch_hand,4,1.278790,6.069911,7.719901,0.242086,-0.357544,-0.089135
456903520.000,Miguel,recording,switch_hand,4,1.227000,6.215698,7.448058,0.283542,-0.345353,-0.044644
456903530.000,Miguel,recording,switch_hand,4,1.336817,6.367148,7.151622,0.322204,-0.283928,0.018299
456903540.000,Miguel,recording,switch_hand,4,1.497489,6.471273,6.851595,0.347567,-0.185159,0.088679
456903550.000,Miguel,recording,switch_hand,4,1.694552,6.464866,6.645846,0.353556,-0.071055,0.156823
456903560.000,Miguel,recording,switch_hand,4,1.898271,6.381388,6.509511,0.332913,0.028262,0.213594
456903570.000,Miguel,recording,switch_hand,4,2.078653,6.266926,6.483500,0.280725,0.081884,0.250972
456903580.000,Miguel,recording,switch_hand,4,2.174843,6.104413,6.558296,0.201178,0.070514,0.263108
456903590.000,Miguel,recording,switch_hand,4,2.180151,5.941512,6.705018,0.107630,-0.002694,0.255498
456903600.000,Miguel,recording,switch_hand,4,2.143987,5.834190,6.823757,0.015355,-0.112657,0.240511
456903610.000,Miguel,recording,switch_hand,4,2.119631,5.789339,6.966424,-0.062192,-0.220593,0.224180
456903620.000,Miguel,recording,switch_hand,4,2.049165,5.789338,7.082340,-0.113539,-0.292069,0.210021
456903630.000,Miguel,recording,switch_hand,4,1.965736,5.814082,7.216843,-0.133097,-0.312475,0.201793
456903640.000,Miguel,recording,switch_hand,4,1.880401,5.844153,7.272771,-0.123239,-0.283075,0.201119
456903650.000,Miguel,recording,switch_hand,4,1.883774,5.873812,7.265594,-0.091372,-0.209838,0.207471
456903660.000,Miguel,recording,switch_hand,4,1.967174,5.893878,7.234972,-0.045057,-0.099821,0.214857
456903670.000,Miguel,recording,switch_hand,4,2.080787,5.895905,7.250247,0.009464,0.037095,0.217877
456903680.000,Miguel,recording,switch_hand,4,2.167163,5.903134,7.233620,0.064980,0.184989,0.221053
456903690.000,Miguel,recording,switch_hand,4,2.221271,5.883070,7.190789,0.110271,0.320602,0.225510
456903700.000,Miguel,recording,switch_hand,4,2.245288,5.835573,7.147704,0.136106,0.423210,0.224401
456903710.000,Miguel,recording,switch_hand,4,2.247812,5.791562,7.145299,0.139884,0.480764,0.216040
456903720.000,Miguel,recording,switch_hand,4,2.239142,5.759948,7.147020,0.121079,0.492323,0.202720
456903730.000,Miguel,recording,switch_hand,4,2.199006,5.709071,7.233082,0.085821,0.464098,0.183025
456903740.000,Miguel,recording,switch_hand,4,2.118281,5.652760,7.355303,0.045905,0.399000,0.156855
456903750.000,Miguel,recording,switch_hand,4,2.080234,5.635447,7.414817,0.009174,0.302023,0.127162
456903760.000,Miguel,recording,switch_hand,4,2.105390,5.675644,7.409270,-0.023978,0.192116,0.093798
456903770.000,Miguel,recording,switch_hand,4,2.135419,5.736300,7.379002,-0.051367,0.105303,0.055826
456903780.000,Miguel,recording,switch_hand,4,2.111066,5.771619,7.433460,-0.062337,0.071892,0.017662
456903790.000,Miguel,recording,switch_hand,4,2.071637,5.819783,7.556494,-0.048319,0.086776,-0.011820
456903800.000,Miguel,recording,switch_hand,4,2.091042,5.946957,7.606672,-0.013807,0.126064,-0.026003
456903810.000,Miguel,recording,switch_hand,4,2.102256,6.041567,7.520565,0.026109,0.177830,-0.027172
456903820.000,Miguel,recording,switch_hand,4,2.026304,6.105328,7.365391,0.056006,0.242449,-0.021576
456903830.000,Miguel,recording,switch_hand,4,1.944163,6.139979,7.325980,0.071451,0.311798,-0.012645
456903840.000,Miguel,recording,switch_hand,4,1.949720,6.142525,7.375194,0.079525,0.366599,-0.002352
456903850.000,Miguel,recording,switch_hand,4,2.029973,6.096854,7.449644,0.087321,0.395946,0.003349
456903860.000,Miguel,recording,switch_hand,4,2.066964,6.040663,7.512296,0.095590,0.397243,-0.002565
456903870.000,Miguel,recording,switch_hand,4,1.992023,5.968583,7.534372,0.101193,0.369790,-0.021919
456903880.000,Miguel,recording,switch_hand,4,1.919177,5.920159,7.499278,0.100378,0.315037,-0.051790
456903890.000,Miguel,recording,switch_hand,4,1.878277,5.895603,7.414899,0.090596,0.242236,-0.088829
456903900.000,Miguel,recording,switch_hand,4,1.782331,5.932513,7.356075,0.074753,0.176536,-0.129174
456903910.000,Miguel,recording,switch_hand,4,1.679766,5.954915,7.424831,0.062461,0.134530,-0.164802
456903920.000,Miguel,recording,switch_hand,4,1.657653,5.975778,7.460797,0.062294,0.110564,-0.190311
456903930.000,Miguel,recording,switch_hand,4,1.703595,5.976717,7.485177,0.074170,0.102164,-0.209808
456903940.000,Miguel,recording,switch_hand,4,1.765607,5.969557,7.434682,0.091084,0.111522,-0.230086
456903950.000,Miguel,recording,switch_hand,4,1.705839,5.959857,7.415941,0.103964,0.131225,-0.251797
456903960.000,Miguel,recording,switch_hand,4,1.580519,5.957965,7.399124,0.108833,0.151578,-0.269921
456903970.000,Miguel,recording,switch_hand,4,1.358179,5.989198,7.416952,0.107158,0.165543,-0.278290
456903980.000,Miguel,recording,switch_hand,4,1.171876,6.030407,7.474160,0.101439,0.164257,-0.273954
456903990.000,Miguel,recording,switch_hand,4,1.124746,6.070840,7.485523,0.093724,0.143568,-0.259141
456904000.000,Miguel,recording,switch_hand,4,1.210370,6.119785,7.449440,0.083441,0.107751,-0.240571
456904010.000,Miguel,recording,switch_hand,4,1.359229,6.147676,7.340954,0.069450,0.067569,-0.228698
456904020.000,Miguel,recording,switch_hand,4,1.490854,6.126073,7.250783,0.053186,0.035823,-0.231696
456904030.000,Miguel,recording,switch_hand,4,1.581432,6.135859,7.168686,0.036971,0.019739,-0.246050
456904040.000,Miguel,recording,switch_hand,4,1.528855,6.193645,7.138347,0.021827,0.021198,-0.258719
456904050.000,Miguel,recording,switch_hand,4,1.310340,6.266721,7.143428,0.006947,0.035983,-0.254592
456904060.000,Miguel,recording,switch_hand,4,1.116857,6.306564,7.199889,-0.002660,0.056009,-0.231101
456904070.000,Miguel,recording,switch_hand,4,1.118903,6.259318,7.230234,0.000791,0.084989,-0.199105
456904080.000,Miguel,recording,switch_hand,4,1.179671,6.137668,7.237351,0.012007,0.128131,-0.173206
456904090.000,Miguel,recording,switch_hand,4,1.221338,5.980013,7.239280,0.016089,0.165711,-0.165442
456904100.000,Miguel,recording,switch_hand,4,1.442937,5.805302,7.283690,0.021517,0.186816,-0.159425
456904110.000,Miguel,recording,switch_hand,4,1.967411,5.736720,7.213125,0.024347,0.183407,-0.159468
456904120.000,Miguel,recording,switch_hand,4,2.438721,5.570463,6.870681,-0.044827,0.086451,-0.241517
456904130.000,Miguel,recording,switch_hand,4,3.541296,5.035691,6.075977,-0.324968,-0.276372,-0.543052
456904140.000,Miguel,recording,switch_hand,4,3.951402,4.246305,6.563243,-0.714102,-0.817724,-1.048268
456904150.000,Miguel,recording,switch_hand,4,2.410607,4.142115,9.449742,-0.831648,-1.233669,-1.528497
456904160.000,Miguel,recording,switch_hand,4,-0.841776,5.478208,11.382271,-0.493986,-1.499345,-1.757296
456904170.000,Miguel,recording,switch_hand,4,-4.587536,7.419067,12.319298,0.137978,-1.691611,-1.591088
456904180.000,Miguel,recording,switch_hand,4,-5.650101,8.933239,11.320175,0.777678,-1.782567,-1.079866
456904190.000,Miguel,recording,switch_hand,4,-3.840923,9.339815,8.989932,1.195075,-1.748346,-0.488894
456904200.000,Miguel,recording,switch_hand,4,-0.845741,8.634250,6.409637,1.304426,-1.568046,-0.081214
456904210.000,Miguel,recording,switch_hand,4,0.954151,7.870639,5.294223,1.195392,-1.266488,0.130742
456904220.000,Miguel,recording,switch_hand,4,2.069821,7.124461,5.075240,1.001512,-0.986811,0.241043
456904230.000,Miguel,recording,switch_hand,4,3.050366,6.731713,5.063561,0.794854,-0.777469,0.259245
456904240.000,Miguel,recording,switch_hand,4,3.445529,6.625331,4.891021,0.586660,-0.586882,0.209251
456904250.000,Miguel,recording,switch_hand,4,3.298486,6.736964,4.770747,0.374674,-0.408414,0.145356
456904260.000,Miguel,recording,switch_hand,4,2.806904,7.021432,4.987003,0.179109,-0.234069,0.102372
456904270.000,Miguel,recording,switch_hand,4,2.365824,7.149772,5.674334,0.040103,-0.054099,0.098037
456904280.000,Miguel,recording,switch_hand,4,2.333150,6.838611,6.525590,-0.015603,0.119783,0.130560
456904290.000,Miguel,recording,switch_hand,4,2.571100,6.414288,7.084753,0.013919,0.266824,0.167957
456904300.000,Miguel,recording,switch_hand,4,2.803720,6.216743,7.446570,0.111197,0.378250,0.178701
456904310.000,Miguel,recording,switch_hand,4,2.845829,6.279207,7.445841,0.235158,0.461857,0.162108
456904320.000,Miguel,recording,switch_hand,4,2.809796,6.492364,7.126843,0.334228,0.526428,0.146229
456904330.000,Miguel,recording,switch_hand,4,3.006943,6.857928,6.768607,0.374578,0.570880,0.147278
456904340.000,Miguel,recording,switch_hand,4,3.583791,7.326525,6.365177,0.349971,0.576373,0.078148
456904350.000,Miguel,recording,switch_hand,4,3.449528,7.376683,5.695712,0.247126,0.560408,-0.139039
456904360.000,Miguel,recording,switch_hand,4,1.453605,6.844824,4.975745,0.037261,0.616998,-0.380658
456904370.000,Miguel,recording,switch_hand,4,-0.822751,6.544407,5.888023,-0.141425,0.779591,-0.458517
456904380.000,Miguel,recording,switch_hand,4,-1.770976,7.087248,6.458581,-0.250811,0.992845,-0.330630
456904390.000,Miguel,recording,switch_hand,4,-0.762266,7.481859,7.015611,-0.328967,1.184421,-0.136375
456904400.000,Miguel,recording,switch_hand,4,0.061462,7.211066,8.309203,-0.273267,1.298079,-0.007940
456904410.000,Miguel,recording,switch_hand,4,0.600066,6.478170,8.886099,-0.129515,1.312538,0.045659
456904420.000,Miguel,recording,switch_hand,4,0.820468,6.358482,8.515503,-0.025621,1.251867,0.050787
456904430.000,Miguel,recording,switch_hand,4,0.842443,6.365259,8.599042,0.010414,1.214992,0.026689
456904440.000,Miguel,recording,switch_hand,4,0.877647,6.771656,8.630510,0.113870,1.201284,-0.001786
456904450.000,Miguel,recording,switch_hand,4,1.359179,7.386019,8.087182,0.272542,1.154368,-0.029471
456904460.000,Miguel,recording,switch_hand,4,1.488195,7.174887,7.078459,0.322980,1.105961,-0.069124
456904470.000,Miguel,recording,switch_hand,4,1.556396,7.322104,6.668476,0.252650,1.044359,-0.118789
456904480.000,Miguel,recording,switch_hand,4,1.011517,7.906550,6.431618,0.133121,0.967954,-0.160369
456904490.000,Miguel,recording,switch_hand,4,0.639688,8.147237,6.426706,0.010323,0.923260,-0.182431
456904500.000,Miguel,recording,switch_hand,4,0.546956,8.080330,6.320209,-0.120553,0.925187,-0.210797
456904510.000,Miguel,recording,switch_hand,4,0.349075,7.675397,6.487327,-0.237128,0.924600,-0.246540
456904520.000,Miguel,recording,switch_hand,4,-0.189107,7.164453,6.939046,-0.297007,0.879243,-0.258794
456904530.000,Miguel,recording,switch_hand,4,-0.688773,6.659546,7.344540,-0.299036,0.844170,-0.238481
456904540.000,Miguel,recording,switch_hand,4,-1.141459,6.242992,7.327444,-0.267053,0.859567,-0.192374
456904550.000,Miguel,recording,switch_hand,4,-1.173663,6.273973,6.601750,-0.239704,0.857016,-0.133287
456904560.000,Miguel,recording,switch_hand,4,-1.557028,6.303612,6.618622,-0.236094,0.783098,-0.065738
456904570.000,Miguel,recording,switch_hand,4,-1.515728,6.388017,6.762096,-0.228812,0.655365,0.008633
456904580.000,Miguel,recording,switch_hand,4,-0.763400,6.423079,6.878437,-0.200141,0.468483,0.052722
456904590.000,Miguel,recording,switch_hand,4,0.140112,6.520136,6.895420,-0.152271,0.227365,0.031363
456904600.000,Miguel,recording,switch_hand,4,0.366075,6.491620,6.999631,-0.086815,-0.014572,-0.039746
456904610.000,Miguel,recording,switch_hand,4,0.192623,6.500586,7.120026,-0.014078,-0.217281,-0.121604
456904620.000,Miguel,recording,switch_hand,4,0.035534,6.411249,7.158844,0.048054,-0.364386,-0.186658
456904630.000,Miguel,recording,switch_hand,4,-0.126130,6.332259,7.169448,0.090192,-0.447974,-0.228552
456904640.000,Miguel,recording,switch_hand,4,-0.172266,6.312124,7.191998,0.115450,-0.474872,-0.252400
456904650.000,Miguel,recording,switch_hand,4,-0.195178,6.326006,7.196770,0.126606,-0.452360,-0.264950
456904660.000,Miguel,recording,switch_hand,4,-0.194724,6.323331,7.190444,0.127184,-0.388337,-0.273067
456904670.000,Miguel,recording,switch_hand,4,-0.222542,6.370699,7.149010,0.121841,-0.298020,-0.279266
456904680.000,Miguel,recording,switch_hand,4,-0.259453,6.433621,7.099158,0.109415,-0.202675,-0.282560
456904690.000,Miguel,recording,switch_hand,4,-0.302673,6.504913,7.014641,0.090736,-0.114802,-0.283182
456904700.000,Miguel,recording,switch_hand,4,-0.338363,6.544848,6.936707,0.071886,-0.040525,-0.281576
456904710.000,Miguel,recording,switch_hand,4,-0.370303,6.579713,6.870316,0.054973,0.008981,-0.275167
456904720.000,Miguel,recording,switch_hand,4,-0.430356,6.621778,6.776358,0.038288,0.027925,-0.261429
456904730.000,Miguel,recording,switch_hand,4,-0.493766,6.680744,6.737477,0.020933,0.022383,-0.238068
456904740.000,Miguel,recording,switch_hand,4,-0.495188,6.707704,6.719510,0.004696,0.001134,-0.205785
456904750.000,Miguel,recording,switch_hand,4,-0.459080,6.684925,6.705120,-0.008377,-0.030239,-0.173985
456904760.000,Miguel,recording,switch_hand,4,-0.409932,6.716954,6.687371,-0.021114,-0.065156,-0.150853
456904770.000,Miguel,recording,switch_hand,4,-0.340095,6.741220,6.695514,-0.039231,-0.098806,-0.135606
456904780.000,Miguel,recording,switch_hand,4,-0.273561,6.728245,6.728621,-0.063468,-0.125931,-0.123784
456904790.000,Miguel,recording,switch_hand,4,-0.234415,6.670050,6.840293,-0.085983,-0.140195,-0.112496
456904800.000,Miguel,recording,switch_hand,4,-0.214620,6.666139,6.994641,-0.098133,-0.146097,-0.100785
456904810.000,Miguel,recording,switch_hand,4,-0.187353,6.764210,7.149795,-0.099871,-0.155351,-0.089115
456904820.000,Miguel,recording,switch_hand,4,-0.105201,6.875579,7.295498,-0.091305,-0.166313,-0.080891
456904830.000,Miguel,recording,switch_hand,4,0.010196,6.869010,7.383734,-0.070462,-0.167332,-0.080561
456904840.000,Miguel,recording,switch_hand,4,0.107464,6.820439,7.428178,-0.039528,-0.156999,-0.090590
456904850.000,Miguel,recording,switch_hand,4,0.093745,6.789945,7.387893,-0.004707,-0.144264,-0.108477
456904860.000,Miguel,recording,switch_hand,4,-0.012059,6.855247,7.261432,0.020556,-0.141060,-0.128334
456904870.000,Miguel,recording,switch_hand,4,-0.152358,6.963847,7.095996,0.022413,-0.143653,-0.145794
456904880.000,Miguel,recording,switch_hand,4,-0.201449,6.957183,7.018956,-0.000951,-0.138751,-0.160767
456904890.000,Miguel,recording,switch_hand,4,-0.225748,6.868871,6.992870,-0.042426,-0.123442,-0.172158
456904900.000,Miguel,recording,switch_hand,4,-0.251749,6.790866,7.111857,-0.089049,-0.100992,-0.176509
456904910.000,Miguel,recording,switch_hand,4,-0.244616,6.764149,7.277199,-0.124335,-0.079546,-0.176932
456904920.000,Miguel,recording,switch_hand,4,-0.208028,6.733121,7.412243,-0.142328,-0.062760,-0.182436
456904930.000,Miguel,recording,switch_hand,4,-0.187821,6.717621,7.487712,-0.146555,-0.047644,-0.197069
456904940.000,Miguel,recording,switch_hand,4,-0.212658,6.668397,7.552930,-0.137841,-0.035251,-0.214238
456904950.000,Miguel,recording,switch_hand,4,-0.254478,6.613036,7.656792,-0.114991,-0.028676,-0.227819
456904960.000,Miguel,recording,switch_hand,4,-0.313223,6.518667,7.685641,-0.078094,-0.029010,-0.237344
456904970.000,Miguel,recording,switch_hand,4,-0.418487,6.461809,7.632448,-0.033860,-0.038694,-0.241112
456904980.000,Miguel,recording,switch_hand,4,-0.600931,6.480728,7.507810,0.007558,-0.056006,-0.234645
456904990.000,Miguel,recording,switch_hand,4,-0.749494,6.468126,7.411952,0.041302,-0.073354,-0.215837
456905000.000,Miguel,recording,switch_hand,4,-0.802048,6.407212,7.328469,0.067250,-0.088456,-0.187098
456905010.000,Miguel,recording,switch_hand,4,-0.764822,6.350563,7.298579,0.087825,-0.100102,-0.154946
456905020.000,Miguel,recording,switch_hand,4,-0.677983,6.371206,7.288491,0.104658,-0.101709,-0.126628
456905030.000,Miguel,recording,switch_hand,4,-0.627307,6.445191,7.183589,0.113260,-0.089330,-0.106129
456905040.000,Miguel,recording,switch_hand,4,-0.603142,6.488734,7.090103,0.108473,-0.065168,-0.095460
456905050.000,Miguel,recording,switch_hand,4,-0.614709,6.493048,7.036847,0.094327,-0.035730,-0.090036
456905060.000,Miguel,recording,switch_hand,4,-0.592753,6.447731,7.030043,0.079794,-0.008034,-0.083396
456905070.000,Miguel,recording,switch_hand,4,-0.577310,6.424311,7.039291,0.069899,0.013818,-0.075658
456905080.000,Miguel,recording,switch_hand,4,-0.576969,6.438931,7.029958,0.065515,0.028178,-0.068735
456905090.000,Miguel,recording,switch_hand,4,-0.578695,6.453013,6.979342,0.064659,0.033669,-0.063071
456905100.000,Miguel,recording,switch_hand,4,-0.571177,6.444002,6.936224,0.064474,0.025998,-0.058017
456905110.000,Miguel,recording,switch_hand,4,-0.541673,6.436020,6.924317,0.065367,0.006969,-0.053764
456905120.000,Miguel,recording,switch_hand,4,-0.511142,6.460654,6.943498,0.068201,-0.013458,-0.051595
456905130.000,Miguel,recording,switch_hand,4,-0.487957,6.500197,6.948307,0.072965,-0.028526,-0.053353
456905140.000,Miguel,recording,switch_hand,4,-0.499609,6.588765,6.910741,0.075038,-0.038827,-0.058300
456905150.000,Miguel,recording,switch_hand,4,-0.559001,6.652835,6.809465,0.068622,-0.046003,-0.062082
456905160.000,Miguel,recording,switch_hand,4,-0.609348,6.672801,6.786659,0.053332,-0.051246,-0.061453
456905170.000,Miguel,recording,switch_hand,4,-0.587049,6.661740,6.821314,0.032059,-0.057551,-0.056534
456905180.000,Miguel,recording,switch_hand,4,-0.537422,6.682896,6.872228,0.010511,-0.061846,-0.051441
456905190.000,Miguel,recording,switch_hand,4,-0.484087,6.713731,6.917455,-0.007428,-0.059432,-0.051992
456905200.000,Miguel,recording,switch_hand,4,-0.469120,6.724510,6.947654,-0.021205,-0.052505,-0.060340
456905210.000,Miguel,recording,switch_hand,4,-0.466701,6.650118,6.979710,-0.033393,-0.047363,-0.069634
456905220.000,Miguel,recording,switch_hand,4,-0.478033,6.549615,7.027151,-0.045477,-0.043114,-0.071748
456905230.000,Miguel,recording,switch_hand,4,-0.500048,6.507669,7.105563,-0.052343,-0.032101,-0.063604
456905240.000,Miguel,recording,switch_hand,4,-0.541642,6.509610,7.178412,-0.048968,-0.016636,-0.045906
456905250.000,Miguel,recording,switch_hand,5,-0.580191,6.506699,7.204912,-0.035095,-0.005398,-0.023592
456905260.000,Miguel,recording,switch_hand,5,-0.596385,6.537423,7.202729,-0.016642,-0.005558,-0.001663
456905270.000,Miguel,recording,switch_hand,5,-0.609381,6.586198,7.177864,-0.000265,-0.020268,0.019437
456905280.000,Miguel,recording,switch_hand,5,-0.567431,6.649431,7.166997,0.012877,-0.042524,0.041430
456905290.000,Miguel,recording,switch_hand,5,-0.490525,6.716158,7.186109,0.025425,-0.062322,0.061083
456905300.000,Miguel,recording,switch_hand,5,-0.385461,6.734550,7.189258,0.037504,-0.075614,0.070766
456905310.000,Miguel,recording,switch_hand,5,-0.297696,6.735787,7.158536,0.045765,-0.083641,0.067139
456905320.000,Miguel,recording,switch_hand,5,-0.241198,6.744806,7.132302,0.048780,-0.090456,0.053244
456905330.000,Miguel,recording,switch_hand,5,-0.208219,6.791188,7.134599,0.046970,-0.094573,0.034100
456905340.000,Miguel,recording,switch_hand,5,-0.244245,6.856901,7.114810,0.039866,-0.092167,0.013140
456905350.000,Miguel,recording,switch_hand,5,-0.284549,6.881113,7.078096,0.027741,-0.083108,-0.007497
456905360.000,Miguel,recording,switch_hand,5,-0.330700,6.812193,7.065801,0.013167,-0.071197,-0.024525
456905370.000,Miguel,recording,switch_hand,5,-0.368414,6.702148,7.038638,-0.003273,-0.062111,-0.034749
456905380.000,Miguel,recording,switch_hand,5,-0.419426,6.637414,7.072651,-0.020134,-0.054495,-0.034225
456905390.000,Miguel,recording,switch_hand,5,-0.444273,6.636961,7.121260,-0.030273,-0.044284,-0.023439
456905400.000,Miguel,recording,switch_hand,5,-0.444214,6.646815,7.195895,-0.028156,-0.033468,-0.009952
456905410.000,Miguel,recording,switch_hand,5,-0.398056,6.626918,7.230809,-0.014773,-0.027533,0.000185
456905420.000,Miguel,recording,switch_hand,5,-0.339668,6.620034,7.244459,0.005790,-0.033118,0.003398
456905430.000,Miguel,recording,switch_hand,5,-0.291135,6.614375,7.184984,0.026096,-0.048503,0.001487
456905440.000,Miguel,recording,switch_hand,5,-0.305609,6.635112,7.124359,0.041814,-0.061929,-0.001303
456905450.000,Miguel,recording,switch_hand,5,-0.334909,6.642065,7.052945,0.052088,-0.069718,-0.002912
456905460.000,Miguel,recording,switch_hand,5,-0.380525,6.634639,7.006843,0.054294,-0.078135,-0.003326
456905470.000,Miguel,recording,switch_hand,5,-0.439947,6.649601,6.953225,0.046986,-0.088229,-0.002051
456905480.000,Miguel,recording,switch_hand,5,-0.476270,6.730121,6.952166,0.031310,-0.094531,0.001140
456905490.000,Miguel,recording,switch_hand,5,-0.476759,6.790401,7.004542,0.012975,-0.092030,0.004154
456905500.000,Miguel,recording,switch_hand,5,-0.410041,6.731009,7.054361,-0.002647,-0.080018,0.004699
456905510.000,Miguel,recording,switch_hand,5,-0.358834,6.643989,7.088861,-0.014274,-0.063991,0.001199
456905520.000,Miguel,recording,switch_hand,5,-0.315603,6.576273,7.092816,-0.024471,-0.052102,-0.003971
456905530.000,Miguel,recording,switch_hand,5,-0.371096,6.574284,7.113061,-0.034500,-0.046897,-0.006814
456905540.000,Miguel,recording,switch_hand,5,-0.424108,6.629711,7.182109,-0.041133,-0.045798,-0.004366
456905550.000,Miguel,recording,switch_hand,5,-0.435384,6.687746,7.246658,-0.041227,-0.045495,0.003171
456905560.000,Miguel,recording,switch_hand,5,-0.390102,6.696282,7.315062,-0.033587,-0.045641,0.011138
456905570.000,Miguel,recording,switch_hand,5,-0.295577,6.650978,7.365876,-0.021727,-0.046350,0.014413
456905580.000,Miguel,recording,switch_hand,5,-0.228166,6.652583,7.367553,-0.007884,-0.042135,0.012981
456905590.000,Miguel,recording,switch_hand,5,-0.262170,6.708507,7.377718,0.007826,-0.032181,0.008999
456905600.000,Miguel,recording,switch_hand,5,-0.301468,6.754733,7.367375,0.022049,-0.022858,0.004060
456905610.000,Miguel,recording,switch_hand,5,-0.337370,6.767833,7.332274,0.030871,-0.013976,-0.002385
456905620.000,Miguel,recording,switch_hand,5,-0.384185,6.737493,7.274145,0.033958,-0.002707,-0.011078
456905630.000,Miguel,recording,switch_hand,5,-0.433040,6.703778,7.199685,0.032163,0.007984,-0.018825
456905640.000,Miguel,recording,switch_hand,5,-0.521304,6.669508,7.176186,0.024867,0.014633,-0.021674
456905650.000,Miguel,recording,switch_hand,5,-0.591478,6.646409,7.180459,0.015308,0.014200,-0.018879
456905660.000,Miguel,recording,switch_hand,5,-0.594526,6.585177,7.194017,0.006918,0.007146,-0.012830
456905670.000,Miguel,recording,switch_hand,5,-0.582849,6.531616,7.235833,0.000639,-0.001383,-0.003313
456905680.000,Miguel,recording,switch_hand,5,-0.550092,6.514556,7.276951,-0.000895,-0.002859,0.009291
456905690.000,Miguel,recording,switch_hand,5,-0.522369,6.477751,7.350763,0.004854,0.006965,0.021758
456905700.000,Miguel,recording,switch_hand,5,-0.518952,6.399125,7.357185,0.018579,0.028000,0.033625
456905710.000,Miguel,recording,switch_hand,5,-0.579287,6.314893,7.308960,0.035399,0.055663,0.046956
456905720.000,Miguel,recording,switch_hand,5,-0.717611,6.287034,7.218777,0.050128,0.079340,0.065781
456905730.000,Miguel,recording,switch_hand,5,-0.816150,6.284134,7.134151,0.061981,0.090966,0.091226
456905740.000,Miguel,recording,switch_hand,5,-0.851889,6.309375,7.056672,0.068314,0.088621,0.119944
456905750.000,Miguel,recording,switch_hand,5,-0.844594,6.358226,7.015993,0.068444,0.075615,0.147444
456905760.000,Miguel,recording,switch_hand,5,-0.810127,6.445200,7.037597,0.066004,0.055813,0.172973
456905770.000,Miguel,recording,switch_hand,5,-0.732525,6.570312,7.095354,0.065863,0.035676,0.200641
456905780.000,Miguel,recording,switch_hand,5,-0.590157,6.642645,7.176905,0.071864,0.020339,0.226213
456905790.000,Miguel,recording,switch_hand,5,-0.365970,6.694559,7.216608,0.083962,0.009463,0.240026
456905800.000,Miguel,recording,switch_hand,5,-0.215018,6.726588,7.189856,0.100639,0.001063,0.237555
456905810.000,Miguel,recording,switch_hand,5,-0.149198,6.718222,7.128697,0.116563,-0.008367,0.221043
456905820.000,Miguel,recording,switch_hand,5,-0.159283,6.698388,7.064698,0.124930,-0.019858,0.197211
456905830.000,Miguel,recording,switch_hand,5,-0.207470,6.707068,6.989479,0.123366,-0.030152,0.171769
456905840.000,Miguel,recording,switch_hand,5,-0.276694,6.719768,6.960659,0.111756,-0.034245,0.148681
456905850.000,Miguel,recording,switch_hand,5,-0.402382,6.703838,6.921696,0.089690,-0.028572,0.132465
456905860.000,Miguel,recording,switch_hand,5,-0.530180,6.623920,6.906738,0.060371,-0.013195,0.129984
456905870.000,Miguel,recording,switch_hand,5,-0.636455,6.517974,6.921901,0.030822,0.010144,0.144766
456905880.000,Miguel,recording,switch_hand,5,-0.696815,6.462926,6.959365,0.006156,0.039959,0.170774
456905890.000,Miguel,recording,switch_hand,5,-0.737825,6.424108,6.999881,-0.012036,0.074462,0.195180
456905900.000,Miguel,recording,switch_hand,5,-0.737301,6.336911,6.995659,-0.025057,0.114111,0.207235
456905910.000,Miguel,recording,switch_hand,5,-0.773043,6.213378,6.892561,-0.038996,0.156137,0.201017
456905920.000,Miguel,recording,switch_hand,5,-0.927186,6.093478,6.731501,-0.062969,0.191877,0.178290
456905930.000,Miguel,recording,switch_hand,5,-1.162485,5.926380,6.577121,-0.102768,0.213930,0.151157
456905940.000,Miguel,recording,switch_hand,5,-1.460629,5.750209,6.449523,-0.157498,0.215852,0.131488
456905950.000,Miguel,recording,switch_hand,5,-1.864216,5.453613,6.467242,-0.216329,0.187010,0.126842
456905960.000,Miguel,recording,switch_hand,5,-2.339640,5.073203,6.588232,-0.264458,0.121584,0.147381
456905970.000,Miguel,recording,switch_hand,5,-2.902853,4.668815,6.753222,-0.291718,0.029564,0.208105
456905980.000,Miguel,recording,switch_hand,5,-3.615715,4.370333,6.938475,-0.297441,-0.070663,0.356389
456905990.000,Miguel,recording,switch_hand,5,-4.570709,4.345470,6.940550,-0.328248,-0.115257,0.798444
456906000.000,Miguel,recording,switch_hand,5,-2.995061,5.484097,6.714869,-0.451343,-0.059701,1.729198
456906010.000,Miguel,recording,switch_hand,5,7.146255,8.223457,7.302137,-0.463310,-0.159809,2.491675
456906020.000,Miguel,recording,switch_hand,5,16.318163,9.277480,8.462424,-0.117177,-0.471645,2.212594
456906030.000,Miguel,recording,switch_hand,5,13.132106,9.573467,8.082023,0.289560,-0.701201,1.288349
456906040.000,Miguel,recording,switch_hand,5,2.577979,9.661632,8.621731,0.524721,-0.753775,0.627875
456906050.000,Miguel,recording,switch_hand,5,-2.841980,9.146506,8.813060,0.730941,-0.694719,0.514606
456906060.000,Miguel,recording,switch_hand,5,-3.271654,8.445318,7.115771,0.861140,-0.582373,0.698109
456906070.000,Miguel,recording,switch_hand,5,-1.361119,8.618606,5.768381,0.838360,-0.414242,0.847462
456906080.000,Miguel,recording,switch_hand,5,-0.123571,8.768193,4.786317,0.705348,-0.213287,0.861439
456906090.000,Miguel,recording,switch_hand,5,0.530882,8.461608,4.216273,0.499506,-0.036748,0.796527
456906100.000,Miguel,recording,switch_hand,5,1.209283,7.858828,4.730478,0.279215,0.092104,0.696515
456906110.000,Miguel,recording,switch_hand,5,2.019027,6.780662,5.930263,0.120082,0.185797,0.566274
456906120.000,Miguel,recording,switch_hand,5,2.733196,5.989148,6.876946,0.043071,0.246602,0.404564
456906130.000,Miguel,recording,switch_hand,5,3.245335,5.999253,7.004255,-0.009671,0.268978,0.202230
456906140.000,Miguel,recording,switch_hand,5,3.211092,6.315133,7.115045,-0.071792,0.269101,-0.033895
456906150.000,Miguel,recording,switch_hand,5,2.479305,6.276995,7.459710,-0.113646,0.277540,-0.249315
456906160.000,Miguel,recording,switch_hand,5,1.571349,5.943465,7.738886,-0.129003,0.315028,-0.374277
456906170.000,Miguel,recording,switch_hand,5,0.754876,5.721195,7.780952,-0.169643,0.379165,-0.373703
456906180.000,Miguel,recording,switch_hand,5,0.478154,5.754960,8.096894,-0.197707,0.409553,-0.294715
456906190.000,Miguel,recording,switch_hand,5,0.402534,6.038259,8.747803,-0.173513,0.275408,-0.212602
456906200.000,Miguel,recording,switch_hand,5,-0.523087,6.538728,8.842809,-0.082044,-0.006924,-0.145912
456906210.000,Miguel,recording,switch_hand,5,-1.357047,7.054828,8.705747,0.073336,-0.300322,-0.080929
456906220.000,Miguel,recording,switch_hand,5,-1.094026,7.351358,8.117925,0.209922,-0.553485,-0.010741
456906230.000,Miguel,recording,switch_hand,5,-0.346969,7.729930,7.271653,0.289830,-0.769152,0.050980
456906240.000,Miguel,recording,switch_hand,5,0.621616,8.032535,6.219074,0.312602,-0.959272,0.081973
456906250.000,Miguel,recording,switch_hand,5,1.212502,8.081582,5.483395,0.285638,-1.089690,0.087375
456906260.000,Miguel,recording,switch_hand,5,1.575420,7.929122,5.332672,0.219042,-1.076405,0.095649
456906270.000,Miguel,recording,switch_hand,5,2.112109,7.535813,5.253865,0.121520,-0.909606,0.103281
456906280.000,Miguel,recording,switch_hand,5,2.272917,6.954755,4.677983,0.000317,-0.695869,0.093651
456906290.000,Miguel,recording,switch_hand,5,2.117744,6.936518,4.227260,-0.150409,-0.554269,0.083175
456906300.000,Miguel,recording,switch_hand,5,2.209826,7.345196,4.368538,-0.329994,-0.501424,0.079157
456906310.000,Miguel,recording,switch_hand,5,2.363249,7.533876,4.496175,-0.519561,-0.511286,0.072980
456906320.000,Miguel,recording,switch_hand,5,2.518139,7.499970,4.481564,-0.720654,-0.570833,0.056001
456906330.000,Miguel,recording,switch_hand,5,2.724719,7.489351,4.752388,-0.935106,-0.562797,0.006941
456906340.000,Miguel,recording,switch_hand,5,2.451374,7.232716,5.615190,-1.127283,-0.374729,-0.073121
456906350.000,Miguel,recording,switch_hand,5,1.831236,6.763322,6.879548,-1.222864,-0.055278,-0.133543
456906360.000,Miguel,recording,switch_hand,5,1.106051,6.361139,8.132080,-1.179660,0.243343,-0.126584
456906370.000,Miguel,recording,switch_hand,5,0.655421,6.209182,8.764266,-1.029295,0.407497,-0.052365
456906380.000,Miguel,recording,switch_hand,5,0.414661,6.191743,9.000845,-0.834756,0.428594,0.059971
456906390.000,Miguel,recording,switch_hand,5,0.376989,6.139404,8.757413,-0.654118,0.362958,0.173593
456906400.000,Miguel,recording,switch_hand,5,0.526398,5.981033,8.399062,-0.520621,0.270110,0.251774
456906410.000,Miguel,recording,switch_hand,5,0.799768,5.790262,8.223123,-0.428604,0.193874,0.283441
456906420.000,Miguel,recording,switch_hand,5,0.988550,5.730948,8.281693,-0.344498,0.159298,0.287403
456906430.000,Miguel,recording,switch_hand,5,1.328787,5.791412,8.482776,-0.239148,0.169785,0.278583
456906440.000,Miguel,recording,switch_hand,5,1.562946,5.936868,8.550930,-0.111963,0.210772,0.264131
456906450.000,Miguel,recording,switch_hand,5,1.654164,6.013840,8.395685,0.014715,0.247284,0.247202
456906460.000,Miguel,recording,switch_hand,5,1.708364,5.987682,8.024981,0.115698,0.251756,0.222103
456906470.000,Miguel,recording,switch_hand,5,1.752358,5.956369,7.651695,0.172740,0.231678,0.185178
456906480.000,Miguel,recording,switch_hand,5,1.724697,6.026110,7.404677,0.185386,0.203697,0.142177
456906490.000,Miguel,recording,switch_hand,5,1.669831,6.092109,7.230490,0.172679,0.171451,0.101489
456906500.000,Miguel,recording,switch_hand,5,1.689779,6.064323,7.100770,0.153837,0.140523,0.067284
456906510.000,Miguel,recording,switch_hand,5,1.761663,6.040042,6.997104,0.137655,0.131426,0.035668
456906520.000,Miguel,recording,switch_hand,5,1.834950,5.996676,6.972185,0.130319,0.168063,-0.002223
456906530.000,Miguel,recording,switch_hand,5,1.788782,6.000180,7.009342,0.134662,0.246305,-0.046764
456906540.000,Miguel,recording,switch_hand,5,1.693655,6.041159,6.991261,0.146886,0.334751,-0.084780
456906550.000,Miguel,recording,switch_hand,5,1.640123,6.131394,6.962418,0.156225,0.408420,-0.096391
456906560.000,Miguel,recording,switch_hand,5,1.583953,6.328769,6.920719,0.147678,0.452915,-0.064613
456906570.000,Miguel,recording,switch_hand,5,1.494695,6.520139,6.913644,0.116884,0.461949,-0.002473
456906580.000,Miguel,recording,switch_hand,5,1.418242,6.560911,6.897236,0.062675,0.437531,0.059163
456906590.000,Miguel,recording,switch_hand,5,1.379941,6.459316,6.800420,-0.015834,0.384462,0.112814
456906600.000,Miguel,recording,switch_hand,5,1.357209,6.207562,6.888670,-0.101701,0.321802,0.154677
456906610.000,Miguel,recording,switch_hand,5,1.370964,6.015183,7.049864,-0.172318,0.271311,0.179177
456906620.000,Miguel,recording,switch_hand,5,1.528169,5.924354,7.224317,-0.211817,0.239374,0.186863
456906630.000,Miguel,recording,switch_hand,5,1.719039,5.858194,7.327439,-0.219034,0.227840,0.175976
456906640.000,Miguel,recording,switch_hand,5,1.837255,5.865776,7.417228,-0.207524,0.238008,0.148754
456906650.000,Miguel,recording,switch_hand,5,1.884976,5.866067,7.496079,-0.187190,0.262300,0.111082
456906660.000,Miguel,recording,switch_hand,5,1.787519,5.837753,7.606918,-0.161282,0.287564,0.069987
456906670.000,Miguel,recording,switch_hand,5,1.676791,5.813934,7.697704,-0.131818,0.303822,0.033691
456906680.000,Miguel,recording,switch_hand,5,1.582281,5.831824,7.742952,-0.102995,0.301633,0.010587
456906690.000,Miguel,recording,switch_hand,5,1.537899,5.851853,7.715055,-0.080503,0.279373,-0.000556
456906700.000,Miguel,recording,switch_hand,5,1.528530,5.885981,7.664064,-0.071998,0.245953,-0.007292
456906710.000,Miguel,recording,switch_hand,5,1.488960,5.897856,7.632381,-0.080277,0.208094,-0.011655
456906720.000,Miguel,recording,switch_hand,5,1.414139,5.910427,7.683676,-0.098622,0.165553,-0.013524
456906730.000,Miguel,recording,switch_hand,5,1.339411,5.908417,7.751124,-0.117006,0.118109,-0.016678
456906740.000,Miguel,recording,switch_hand,5,1.269579,5.831289,7.815995,-0.123971,0.072990,-0.028563
456906750.000,Miguel,recording,switch_hand,5,1.288639,5.746901,7.831528,-0.112474,0.042172,-0.052092
456906760.000,Miguel,recording,switch_hand,5,1.382112,5.749915,7.841431,-0.084775,0.036564,-0.084253
456906770.000,Miguel,recording,switch_hand,5,1.447654,5.823135,7.859094,-0.046984,0.054732,-0.120297
456906780.000,Miguel,recording,switch_hand,5,1.438173,5.915365,7.810100,-0.006249,0.081863,-0.157116
456906790.000,Miguel,recording,switch_hand,5,1.367599,5.978085,7.761896,0.030507,0.108852,-0.191460
456906800.000,Miguel,recording,switch_hand,5,1.220433,6.024861,7.697733,0.057485,0.135922,-0.219130
456906810.000,Miguel,recording,switch_hand,5,1.077659,6.116399,7.653421,0.070075,0.157611,-0.233108
456906820.000,Miguel,recording,switch_hand,5,0.999811,6.231627,7.585672,0.067771,0.159235,-0.227320
456906830.000,Miguel,recording,switch_hand,5,0.951141,6.280973,7.555614,0.051582,0.135816,-0.206892
456906840.000,Miguel,recording,switch_hand,5,0.935349,6.294301,7.479240,0.022582,0.095694,-0.182016
456906850.000,Miguel,recording,switch_hand,5,0.860050,6.261104,7.425691,-0.016123,0.045387,-0.163273
456906860.000,Miguel,recording,switch_hand,5,0.830808,6.210951,7.347629,-0.058023,-0.008810,-0.156471
456906870.000,Miguel,recording,switch_hand,5,0.789550,6.217174,7.282664,-0.096207,-0.048996,-0.155947
456906880.000,Miguel,recording,switch_hand,5,0.714913,6.226478,7.318274,-0.122681,-0.049538,-0.154511
456906890.000,Miguel,recording,switch_hand,5,0.511841,6.302586,7.346808,-0.130302,0.004582,-0.145497
456906900.000,Miguel,recording,switch_hand,5,0.215658,6.381008,7.348500,-0.119674,0.111743,-0.113064
456906910.000,Miguel,recording,switch_hand,5,0.152056,6.390422,7.412014,-0.095062,0.252497,-0.047305
456906920.000,Miguel,recording,switch_hand,5,0.300875,6.337660,7.478127,-0.060200,0.392199,0.038088
456906930.000,Miguel,recording,switch_hand,5,0.544276,6.268102,7.476096,-0.024624,0.495769,0.116175
456906940.000,Miguel,recording,switch_hand,5,0.778789,6.187515,7.406545,-0.003384,0.548679,0.168544
456906950.000,Miguel,recording,switch_hand,5,0.990261,6.088765,7.292049,-0.009628,0.552991,0.191147
456906960.000,Miguel,recording,switch_hand,5,1.214014,6.016694,7.219801,-0.047786,0.512728,0.185405
456906970.000,Miguel,recording,switch_hand,5,1.384700,5.944355,7.225719,-0.108989,0.434780,0.152451
456906980.000,Miguel,recording,switch_hand,5,1.477172,5.855797,7.295986,-0.174590,0.334617,0.091179
456906990.000,Miguel,recording,switch_hand,5,1.389364,5.718830,7.435770,-0.226214,0.242183,0.006888
456907000.000,Miguel,recording,switch_hand,5,1.110082,5.641808,7.646235,-0.251916,0.185399,-0.083300
456907010.000,Miguel,recording,switch_hand,5,0.830144,5.637023,7.939921,-0.243095,0.171609,-0.156778
456907020.000,Miguel,recording,switch_hand,5,0.703088,5.700877,8.199983,-0.194618,0.193475,-0.198804
456907030.000,Miguel,recording,switch_hand,5,0.737185,5.758282,8.368091,-0.110873,0.240445,-0.209127
456907040.000,Miguel,recording,switch_hand,5,0.880375,5.760886,8.369064,-0.009036,0.298728,-0.197888
456907050.000,Miguel,recording,switch_hand,5,1.126024,5.663529,8.213324,0.085186,0.353383,-0.187790
456907060.000,Miguel,recording,switch_hand,5,1.428003,5.425340,7.934973,0.141048,0.382947,-0.211829
456907070.000,Miguel,recording,switch_hand,5,1.805314,5.072233,7.582876,0.123816,0.331475,-0.318047
456907080.000,Miguel,recording,switch_hand,5,2.897004,4.576012,6.885450,-0.034974,0.073829,-0.627477
456907090.000,Miguel,recording,switch_hand,5,4.368008,3.428883,6.482311,-0.338808,-0.392096,-1.189977
456907100.000,Miguel,recording,switch_hand,5,3.820451,3.095715,8.251075,-0.546993,-0.784215,-1.751361
456907110.000,Miguel,recording,switch_hand,5,3.225706,3.966412,9.433924,-0.456498,-0.922132,-2.121001
456907120.000,Miguel,recording,switch_hand,5,2.402820,4.711133,10.264597,-0.099067,-0.824250,-2.403468
456907130.000,Miguel,recording,switch_hand,5,-0.020974,4.970123,9.537551,0.360739,-0.593229,-2.659155
456907140.000,Miguel,recording,switch_hand,5,-9.053452,7.382594,9.678624,0.775202,-0.365547,-2.571006
456907150.000,Miguel,recording,switch_hand,5,-16.037433,10.738965,9.918710,1.082037,-0.152575,-1.753766
456907160.000,Miguel,recording,switch_hand,5,-9.119665,10.960155,8.442035,1.225734,0.114594,-0.671208
456907170.000,Miguel,recording,switch_hand,5,-0.026961,9.567959,5.844421,1.201863,0.415035,-0.052340
456907180.000,Miguel,recording,switch_hand,5,3.014832,7.371249,5.214775,1.055962,0.590442,0.076759
456907190.000,Miguel,recording,switch_hand,5,2.542257,6.281941,5.161972,0.817197,0.602057,0.012291
456907200.000,Miguel,recording,switch_hand,5,1.043110,6.319294,5.229000,0.485568,0.531156,-0.032105
456907210.000,Miguel,recording,switch_hand,5,-0.120945,6.669410,5.460012,0.115794,0.416325,0.047897
456907220.000,Miguel,recording,switch_hand,5,-0.784443,7.100750,6.459861,-0.150398,0.294227,0.267348
456907230.000,Miguel,recording,switch_hand,5,-0.010441,7.107356,7.650662,-0.221876,0.192282,0.515349
456907240.000,Miguel,recording,switch_hand,5,1.314397,6.813779,8.599293,-0.120708,0.085549,0.632954
456907250.000,Miguel,recording,switch_hand,5,1.844195,6.013152,8.795253,0.047162,-0.056844,0.563293
456907260.000,Miguel,recording,switch_hand,5,0.958912,5.192252,8.215954,0.121516,-0.191158,0.419895
456907270.000,Miguel,recording,switch_hand,5,0.348562,5.155965,7.680488,0.043468,-0.263268,0.307923
456907280.000,Miguel,recording,switch_hand,5,0.473886,5.575085,7.470299,-0.110269,-0.279401,0.187081
456907290.000,Miguel,recording,switch_hand,5,0.345135,5.785780,7.277954,-0.219841,-0.213005,0.047544
456907300.000,Miguel,recording,switch_hand,5,-0.442005,6.002845,7.600841,-0.216108,-0.025708,-0.028201
456907310.000,Miguel,recording,switch_hand,5,-0.799580,6.718388,8.030208,-0.129857,0.255387,0.001307
456907320.000,Miguel,recording,switch_hand,5,-1.019318,6.796856,8.115090,-0.031879,0.554612,0.090250
456907330.000,Miguel,recording,switch_hand,5,-0.912841,6.548293,8.246399,0.074625,0.792924,0.184340
456907340.000,Miguel,recording,switch_hand,5,-0.841277,6.444496,8.367882,0.208940,0.932290,0.257630
456907350.000,Miguel,recording,switch_hand,5,-0.741489,6.539539,8.190591,0.350114,0.992898,0.296847
456907360.000,Miguel,recording,switch_hand,5,-0.776879,6.637518,7.735653,0.478385,1.017754,0.304849
456907370.000,Miguel,recording,switch_hand,5,-0.947026,6.624324,7.135844,0.563851,1.029689,0.290024
456907380.000,Miguel,recording,switch_hand,5,-0.957882,6.594543,6.461779,0.571896,1.038565,0.257662
456907390.000,Miguel,recording,switch_hand,5,-0.791274,6.649097,5.999395,0.493814,1.050556,0.205738
456907400.000,Miguel,recording,switch_hand,5,-0.646817,6.787151,5.777912,0.350962,1.063780,0.127332
456907410.000,Miguel,recording,switch_hand,5,-0.779511,6.866856,5.689622,0.179149,1.071203,0.029165
456907420.000,Miguel,recording,switch_hand,5,-1.252067,6.880397,5.749702,0.013047,1.055502,-0.056136
456907430.000,Miguel,recording,switch_hand,5,-1.645016,6.930484,6.012327,-0.134471,1.006296,-0.102034
456907440.000,Miguel,recording,switch_hand,5,-1.821110,7.031562,6.320041,-0.264940,0.926944,-0.117460
456907450.000,Miguel,recording,switch_hand,5,-1.706405,7.040481,6.702920,-0.368748,0.822169,-0.125729
456907460.000,Miguel,recording,switch_hand,5,-1.510530,6.955550,7.119724,-0.433689,0.707693,-0.136676
456907470.000,Miguel,recording,switch_hand,5,-1.369925,6.744659,7.481343,-0.458188,0.604370,-0.147126
456907480.000,Miguel,recording,switch_hand,5,-1.367008,6.454695,7.696963,-0.456071,0.532144,-0.149563
456907490.000,Miguel,recording,switch_hand,5,-1.410060,6.258976,7.791568,-0.445001,0.489743,-0.140769
456907500.000,Miguel,recording,switch_hand,5,-1.284130,6.167922,7.886764,-0.416389,0.435072,-0.136129
456907510.000,Miguel,recording,switch_hand,5,-1.230218,6.206143,7.917814,-0.356849,0.332891,-0.144382
456907520.000,Miguel,recording,switch_hand,5,-1.524877,6.303868,8.000412,-0.279512,0.190626,-0.150422
456907530.000,Miguel,recording,switch_hand,5,-1.975319,6.404642,8.079870,-0.205385,0.070610,-0.133040
456907540.000,Miguel,recording,switch_hand,5,-2.049224,6.509331,7.966390,-0.134207,0.033546,-0.078222
456907550.000,Miguel,recording,switch_hand,5,-1.436582,6.739273,7.620351,-0.063915,0.030683,-0.006638
456907560.000,Miguel,recording,switch_hand,5,-1.197371,6.599172,7.878281,0.001965,-0.001232,0.041039
456907570.000,Miguel,recording,switch_hand,5,-0.933353,6.536752,7.802408,0.075805,-0.044920,0.048430
456907580.000,Miguel,recording,switch_hand,5,-0.940081,6.615583,7.713644,0.160452,-0.089698,0.031114
456907590.000,Miguel,recording,switch_hand,5,-1.009605,6.706076,7.450409,0.236972,-0.152454,0.014302
456907600.000,Miguel,recording,switch_hand,5,-1.073505,6.770300,7.150353,0.287689,-0.233727,0.011228
456907610.000,Miguel,recording,switch_hand,5,-0.981736,6.755143,6.986604,0.312365,-0.324673,0.022404
456907620.000,Miguel,recording,switch_hand,5,-0.841573,6.678994,7.000763,0.326051,-0.419626,0.037245
456907630.000,Miguel,recording,switch_hand,5,-0.675811,6.753643,7.153965,0.348618,-0.505533,0.037230
456907640.000,Miguel,recording,switch_hand,5,-0.586749,6.827392,7.266231,0.387045,-0.571466,0.016697
456907650.000,Miguel,recording,switch_hand,5,-0.500457,6.802695,7.249514,0.432923,-0.619761,-0.019029
456907660.000,Miguel,recording,switch_hand,5,-0.491100,6.721242,7.197791,0.475789,-0.654309,-0.063475
456907670.000,Miguel,recording,switch_hand,5,-0.498514,6.650831,7.025308,0.507102,-0.675306,-0.103923
456907680.000,Miguel,recording,switch_hand,5,-0.554874,6.631754,6.845759,0.518522,-0.684932,-0.133594
456907690.000,Miguel,recording,switch_hand,5,-0.589490,6.670681,6.676264,0.505796,-0.689111,-0.157416
456907700.000,Miguel,recording,switch_hand,5,-0.615129,6.710081,6.564856,0.471739,-0.691956,-0.184900
456907710.000,Miguel,recording,switch_hand,5,-0.643825,6.736154,6.511796,0.423765,-0.689511,-0.221383
456907720.000,Miguel,recording,switch_hand,5,-0.705003,6.704637,6.500678,0.368780,-0.675315,-0.263666
456907730.000,Miguel,recording,switch_hand,5,-0.833561,6.656767,6.500699,0.310366,-0.649534,-0.303623
456907740.000,Miguel,recording,switch_hand,5,-1.003707,6.593386,6.504635,0.253682,-0.617532,-0.331246
456907750.000,Miguel,recording,switch_hand,5,-1.143485,6.533852,6.516874,0.202302,-0.586271,-0.341650
456907760.000,Miguel,recording,switch_hand,5,-1.201839,6.505847,6.564071,0.154156,-0.561641,-0.337984
456907770.000,Miguel,recording,switch_hand,5,-1.121127,6.531154,6.681169,0.108096,-0.541614,-0.330718
456907780.000,Miguel,recording,switch_hand,5,-0.965162,6.581563,6.827266,0.068574,-0.510228,-0.334177
456907790.000,Miguel,recording,switch_hand,5,-0.858879,6.530327,6.946209,0.043176,-0.456895,-0.353741
456907800.000,Miguel,recording,switch_hand,5,-0.857301,6.445238,7.027255,0.034087,-0.391882,-0.383661
456907810.000,Miguel,recording,switch_hand,5,-1.013041,6.345384,7.028659,0.034614,-0.331154,-0.410216
456907820.000,Miguel,recording,switch_hand,5,-1.263187,6.247497,6.977044,0.036680,-0.284036,-0.416884
456907830.000,Miguel,recording,switch_hand,5,-1.518889,6.202410,6.931473,0.036245,-0.255555,-0.395328
456907840.000,Miguel,recording,switch_hand,5,-1.728236,6.228211,6.937870,0.035098,-0.246529,-0.349066
456907850.000,Miguel,recording,switch_hand,5,-1.833771,6.282087,6.980655,0.038820,-0.254795,-0.287788
456907860.000,Miguel,recording,switch_hand,5,-1.854563,6.353937,7.058974,0.051162,-0.275660,-0.222267
456907870.000,Miguel,recording,switch_hand,5,-1.774352,6.411436,7.102580,0.073341,-0.299088,-0.161396
456907880.000,Miguel,recording,switch_hand,5,-1.667292,6.412687,7.083259,0.100545,-0.321958,-0.111817
456907890.000,Miguel,recording,switch_hand,5,-1.580421,6.449194,7.051655,0.124533,-0.349599,-0.076257
456907900.000,Miguel,recording,switch_hand,5,-1.474477,6.516061,6.995888,0.138515,-0.377022,-0.053326
456907910.000,Miguel,recording,switch_hand,5,-1.360735,6.540549,6.954948,0.140274,-0.394853,-0.038931
456907920.000,Miguel,recording,switch_hand,5,-1.261859,6.489762,6.925029,0.132689,-0.403399,-0.028895
456907930.000,Miguel,recording,switch_hand,5,-1.205356,6.570583,6.951513,0.119635,-0.395608,-0.027082
456907940.000,Miguel,recording,switch_hand,5,-1.260916,6.609953,6.942750,0.101042,-0.369786,-0.030437
456907950.000,Miguel,recording,switch_hand,5,-1.264907,6.616990,6.937287,0.073447,-0.342697,-0.028717
456907960.000,Miguel,recording,switch_hand,5,-1.284884,6.527415,6.986909,0.039301,-0.316380,-0.018226
456907970.000,Miguel,recording,switch_hand,5,-1.267763,6.510721,7.002242,0.007182,-0.280787,0.000902
456907980.000,Miguel,recording,switch_hand,5,-1.251392,6.472508,7.095188,-0.017465,-0.234711,0.025571
456907990.000,Miguel,recording,switch_hand,5,-1.240780,6.462749,7.163310,-0.030264,-0.183838,0.053794
456908000.000,Miguel,recording,switch_hand,5,-1.233882,6.488591,7.247094,-0.027423,-0.137024,0.086400
456908010.000,Miguel,recording,switch_hand,5,-1.123298,6.514660,7.288149,-0.013408,-0.098820,0.121639
456908020.000,Miguel,recording,switch_hand,5,-0.931024,6.547518,7.257356,0.004093,-0.064608,0.153969
456908030.000,Miguel,recording,switch_hand,5,-0.743758,6.556225,7.172509,0.019768,-0.031159,0.176438
456908040.000,Miguel,recording,switch_hand,5,-0.655694,6.643658,7.106380,0.031566,-0.002730,0.183347
456908050.000,Miguel,recording,switch_hand,5,-0.634075,6.762582,7.023875,0.039251,0.015062,0.176884
456908060.000,Miguel,recording,switch_hand,5,-0.633720,6.880878,6.943655,0.041529,0.016653,0.162393
456908070.000,Miguel,recording,switch_hand,5,-0.611064,6.910909,6.847444,0.037515,0.004148,0.143648
456908080.000,Miguel,recording,switch_hand,5,-0.589673,6.900113,6.773798,0.028292,-0.012015,0.125753
456908090.000,Miguel,recording,switch_hand,5,-0.617730,6.872976,6.737709,0.015109,-0.027784,0.114148
456908100.000,Miguel,recording,switch_hand,5,-0.640911,6.852696,6.738557,-0.004151,-0.045591,0.112342
456908110.000,Miguel,recording,switch_hand,5,-0.604962,6.844496,6.765175,-0.031321,-0.063158,0.119936
456908120.000,Miguel,recording,switch_hand,5,-0.563606,6.836809,6.877212,-0.059136,-0.072467,0.133351
456908130.000,Miguel,recording,switch_hand,5,-0.508832,6.818542,7.020166,-0.075483,-0.070372,0.148341
456908140.000,Miguel,recording,switch_hand,5,-0.429178,6.781962,7.172172,-0.073716,-0.062066,0.161081
456908150.000,Miguel,recording,switch_hand,5,-0.268939,6.787898,7.302256,-0.056402,-0.052072,0.166367
456908160.000,Miguel,recording,switch_hand,5,-0.111617,6.842221,7.314088,-0.032605,-0.035328,0.156918
456908170.000,Miguel,recording,switch_hand,5,-0.051400,6.915314,7.237035,-0.010837,-0.008389,0.131791
456908180.000,Miguel,recording,switch_hand,5,-0.097898,6.963982,7.166985,0.005862,0.021823,0.098011
456908190.000,Miguel,recording,switch_hand,5,-0.216492,6.957938,7.051715,0.016392,0.047302,0.065037
456908200.000,Miguel,recording,switch_hand,5,-0.332648,6.920434,6.949064,0.019339,0.064542,0.042069
456908210.000,Miguel,recording,switch_hand,5,-0.450569,6.843314,6.860477,0.014415,0.071688,0.036540
456908220.000,Miguel,recording,switch_hand,5,-0.554981,6.808962,6.809474,0.003016,0.066770,0.051539
456908230.000,Miguel,recording,switch_hand,5,-0.571402,6.818880,6.849442,-0.010467,0.049547,0.082508
456908240.000,Miguel,recording,switch_hand,5,-0.479213,6.860304,6.943954,-0.018512,0.024005,0.117072
456908250.000,Miguel,recording,switch_hand,5,-0.322188,6.905728,7.055304,-0.014091,-0.001256,0.141678
456908260.000,Miguel,recording,switch_hand,5,-0.181269,6.934202,7.132004,0.002892,-0.017843,0.147671
456908270.000,Miguel,recording,switch_hand,5,-0.126787,6.934030,7.122322,0.027213,-0.026325,0.135948
456908280.000,Miguel,recording,switch_hand,6,-0.138374,6.937704,7.042999,0.050578,-0.031044,0.116304
456908290.000,Miguel,recording,switch_hand,6,-0.190445,6.936028,6.903819,0.063548,-0.034968,0.097249
456908300.000,Miguel,recording,switch_hand,6,-0.255452,6.934713,6.802552,0.059855,-0.041420,0.084151
456908310.000,Miguel,recording,switch_hand,6,-0.286577,6.961894,6.782715,0.041443,-0.050078,0.081349
456908320.000,Miguel,recording,switch_hand,6,-0.228230,7.022553,6.845951,0.017049,-0.054494,0.086240
456908330.000,Miguel,recording,switch_hand,6,-0.141068,7.029367,6.961153,-0.003158,-0.048498,0.088634
456908340.000,Miguel,recording,switch_hand,6,-0.033017,6.983286,7.029365,-0.012807,-0.035055,0.078742
456908350.000,Miguel,recording,switch_hand,6,0.050224,6.957435,7.056261,-0.013875,-0.022122,0.055500
456908360.000,Miguel,recording,switch_hand,6,0.047155,6.942424,7.078694,-0.010110,-0.010334,0.025169
456908370.000,Miguel,recording,switch_hand,6,-0.034155,6.945645,7.067500,-0.003305,0.004731,-0.002991
456908380.000,Miguel,recording,switch_hand,6,-0.137046,6.948777,7.050791,0.004259,0.020807,-0.020954
456908390.000,Miguel,recording,switch_hand,6,-0.246409,6.911423,7.015634,0.011865,0.030748,-0.026450
456908400.000,Miguel,recording,switch_hand,6,-0.332992,6.893676,6.993997,0.021134,0.033535,-0.020745
456908410.000,Miguel,recording,switch_hand,6,-0.364296,6.845508,6.967508,0.031818,0.032569,-0.007702
456908420.000,Miguel,recording,switch_hand,6,-0.317629,6.814195,6.929379,0.040226,0.027185,0.007257
456908430.000,Miguel,recording,switch_hand,6,-0.274401,6.807971,6.878207,0.044085,0.018772,0.018649
456908440.000,Miguel,recording,switch_hand,6,-0.260477,6.828579,6.838862,0.043089,0.010798,0.023788
456908450.000,Miguel,recording,switch_hand,6,-0.237305,6.861853,6.831866,0.037610,0.004980,0.021440
456908460.000,Miguel,recording,switch_hand,6,-0.214363,6.916725,6.798740,0.027437,0.001749,0.009216
456908470.000,Miguel,recording,switch_hand,6,-0.239304,6.980359,6.739716,0.012239,-0.001111,-0.011551
456908480.000,Miguel,recording,switch_hand,6,-0.291354,6.942647,6.735846,-0.005766,-0.007117,-0.035489
456908490.000,Miguel,recording,switch_hand,6,-0.383249,6.906910,6.750087,-0.023724,-0.016667,-0.054902
456908500.000,Miguel,recording,switch_hand,6,-0.451231,6.873582,6.802813,-0.038302,-0.028133,-0.064142
456908510.000,Miguel,recording,switch_hand,6,-0.526244,6.828545,6.870683,-0.046530,-0.040211,-0.062699
456908520.000,Miguel,recording,switch_hand,6,-0.556417,6.778979,6.965992,-0.046581,-0.051409,-0.051723
456908530.000,Miguel,recording,switch_hand,6,-0.571000,6.700858,7.022797,-0.038011,-0.059315,-0.033356
456908540.000,Miguel,recording,switch_hand,6,-0.562991,6.632888,7.077078,-0.021963,-0.062761,-0.012914
456908550.000,Miguel,recording,switch_hand,6,-0.549794,6.585849,7.063465,-0.003182,-0.064493,0.005313
456908560.000,Miguel,recording,switch_hand,6,-0.544400,6.578898,6.987968,0.013013,-0.066627,0.021255
456908570.000,Miguel,recording,switch_hand,6,-0.569213,6.577928,6.930710,0.023701,-0.069806,0.036020
456908580.000,Miguel,recording,switch_hand,6,-0.610280,6.614383,6.874589,0.025214,-0.075315,0.049109
456908590.000,Miguel,recording,switch_hand,6,-0.639675,6.650201,6.843980,0.018493,-0.083216,0.060205
456908600.000,Miguel,recording,switch_hand,6,-0.658699,6.670642,6.836078,0.007685,-0.088884,0.070637
456908610.000,Miguel,recording,switch_hand,6,-0.659193,6.694843,6.857696,-0.006508,-0.089769,0.080477
456908620.000,Miguel,recording,switch_hand,6,-0.626285,6.711187,6.898939,-0.021694,-0.088144,0.089528
456908630.000,Miguel,recording,switch_hand,6,-0.590606,6.705824,6.937318,-0.032812,-0.086026,0.096731
456908640.000,Miguel,recording,switch_hand,6,-0.530764,6.665044,6.935793,-0.040424,-0.086293,0.101389
456908650.000,Miguel,recording,switch_hand,6,-0.507174,6.618953,6.960314,-0.046401,-0.088265,0.105035
456908660.000,Miguel,recording,switch_hand,6,-0.532450,6.576549,6.990468,-0.048156,-0.089225,0.111257
456908670.000,Miguel,recording,switch_hand,6,-0.587926,6.541654,7.056213,-0.043989,-0.090747,0.124105
456908680.000,Miguel,recording,switch_hand,6,-0.646147,6.512072,7.094161,-0.032452,-0.093733,0.143986
456908690.000,Miguel,recording,switch_hand,6,-0.698638,6.508508,7.105332,-0.014967,-0.096589,0.171749
456908700.000,Miguel,recording,switch_hand,6,-0.699456,6.519398,7.053371,0.004827,-0.099774,0.209210
456908710.000,Miguel,recording,switch_hand,6,-0.592865,6.559191,6.994313,0.021839,-0.107785,0.252198
456908720.000,Miguel,recording,switch_hand,6,-0.456839,6.598022,6.949147,0.030937,-0.122407,0.292220
456908730.000,Miguel,recording,switch_hand,6,-0.302296,6.651002,6.941751,0.033420,-0.138638,0.321469
456908740.000,Miguel,recording,switch_hand,6,-0.161423,6.734542,6.935657,0.030600,-0.151347,0.335854
456908750.000,Miguel,recording,switch_hand,6,-0.065077,6.802245,6.973893,0.023151,-0.157287,0.335478
456908760.000,Miguel,recording,switch_hand,6,0.028813,6.850949,7.030115,0.015584,-0.153252,0.323587
456908770.000,Miguel,recording,switch_hand,6,0.092735,6.880472,7.085410,0.011205,-0.140690,0.302029
456908780.000,Miguel,recording,switch_hand,6,0.143557,6.879868,7.080096,0.011027,-0.124010,0.272562
456908790.000,Miguel,recording,switch_hand,6,0.150730,6.807683,7.055269,0.012974,-0.109990,0.238979
456908800.000,Miguel,recording,switch_hand,6,0.091279,6.731519,7.024590,0.013563,-0.104837,0.207339
456908810.000,Miguel,recording,switch_hand,6,-0.010564,6.674419,6.976861,0.010451,-0.107881,0.185511
456908820.000,Miguel,recording,switch_hand,6,-0.120314,6.662491,6.922566,0.002764,-0.115600,0.177029
456908830.000,Miguel,recording,switch_hand,6,-0.187194,6.626433,6.923830,-0.009458,-0.124282,0.179713
456908840.000,Miguel,recording,switch_hand,6,-0.246483,6.602770,6.959476,-0.024670,-0.127153,0.190865
456908850.000,Miguel,recording,switch_hand,6,-0.278027,6.566566,7.006059,-0.038702,-0.121366,0.208602
456908860.000,Miguel,recording,switch_hand,6,-0.297645,6.522023,7.065632,-0.048559,-0.112407,0.230585
456908870.000,Miguel,recording,switch_hand,6,-0.257627,6.542238,7.092973,-0.053319,-0.103002,0.252143
456908880.000,Miguel,recording,switch_hand,6,-0.182688,6.578744,7.083431,-0.053432,-0.093082,0.265268
456908890.000,Miguel,recording,switch_hand,6,-0.083645,6.599466,7.024766,-0.052107,-0.083238,0.262522
456908900.000,Miguel,recording,switch_hand,6,0.002996,6.627272,6.865637,-0.057035,-0.077125,0.237216
456908910.000,Miguel,recording,switch_hand,6,0.012196,6.628241,6.671858,-0.078890,-0.082384,0.191481
456908920.000,Miguel,recording,switch_hand,6,-0.076767,6.555389,6.538079,-0.123552,-0.105549,0.138692
456908930.000,Miguel,recording,switch_hand,6,-0.177308,6.430535,6.507199,-0.188252,-0.148833,0.089202
456908940.000,Miguel,recording,switch_hand,6,-0.298916,6.272739,6.573688,-0.261458,-0.207438,0.049545
456908950.000,Miguel,recording,switch_hand,6,-0.583028,6.091640,6.714535,-0.329752,-0.285084,0.026608
456908960.000,Miguel,recording,switch_hand,6,-1.101660,5.924623,6.980652,-0.393409,-0.371014,0.083241
456908970.000,Miguel,recording,switch_hand,6,-2.147536,5.494187,7.164654,-0.487963,-0.399412,0.471558
456908980.000,Miguel,recording,switch_hand,6,-1.353093,5.025014,7.546335,-0.566645,-0.434517,1.288568
456908990.000,Miguel,recording,switch_hand,6,7.405188,6.626666,9.084052,-0.367705,-0.698766,1.783262
456909000.000,Miguel,recording,switch_hand,6,13.384287,9.499718,10.066130,0.187181,-1.000620,1.306976
456909010.000,Miguel,recording,switch_hand,6,6.280004,9.210562,10.043289,0.780183,-1.079476,0.533464
456909020.000,Miguel,recording,switch_hand,6,0.632886,7.771198,8.944313,1.137851,-1.093046,0.199945
456909030.000,Miguel,recording,switch_hand,6,-0.791973,6.913480,6.868871,1.263171,-1.121829,0.200889
456909040.000,Miguel,recording,switch_hand,6,0.375262,7.736510,5.156485,1.250791,-1.106978,0.250106
456909050.000,Miguel,recording,switch_hand,6,1.343883,8.593127,4.414266,1.133253,-1.038953,0.215873
456909060.000,Miguel,recording,switch_hand,6,1.521936,8.393595,3.851583,0.914737,-0.944779,0.083744
456909070.000,Miguel,recording,switch_hand,6,1.598421,7.724243,3.607268,0.618835,-0.823847,-0.090228
456909080.000,Miguel,recording,switch_hand,6,1.105689,7.454912,4.286412,0.330205,-0.652120,-0.216268
456909090.000,Miguel,recording,switch_hand,6,0.883485,7.201999,5.321931,0.140002,-0.424965,-0.258185
456909100.000,Miguel,recording,switch_hand,6,1.117253,7.392652,5.819624,0.040524,-0.215864,-0.233074
456909110.000,Miguel,recording,switch_hand,6,1.969952,7.704139,5.708564,-0.056832,-0.118494,-0.176040
456909120.000,Miguel,recording,switch_hand,6,2.671246,7.073303,5.002778,-0.225535,-0.096282,-0.157961
456909130.000,Miguel,recording,switch_hand,6,2.891700,6.191614,4.294377,-0.514722,0.041660,-0.217794
456909140.000,Miguel,recording,switch_hand,6,2.254308,5.467976,2.919874,-1.023682,0.539987,-0.301402
456909150.000,Miguel,recording,switch_hand,6,1.732975,5.517623,1.858943,-1.677591,1.134623,-0.334626
456909160.000,Miguel,recording,switch_hand,6,1.991330,6.425361,6.364463,-1.919880,1.167031,-0.290581
456909170.000,Miguel,recording,switch_hand,6,2.045033,6.979950,10.761012,-1.657770,0.767603,-0.202933
456909180.000,Miguel,recording,switch_hand,6,0.990565,6.237378,11.805713,-1.277929,0.373953,-0.106611
456909190.000,Miguel,recording,switch_hand,6,-0.563249,5.992229,11.293746,-0.863224,0.024399,0.005684
456909200.000,Miguel,recording,switch_hand,6,-1.334865,6.520305,9.606351,-0.479026,-0.170113,0.140543
456909210.000,Miguel,recording,switch_hand,6,-1.128785,7.040751,8.443671,-0.195579,-0.186390,0.290790
456909220.000,Miguel,recording,switch_hand,6,-0.124107,7.260040,8.152561,-0.000230,-0.150665,0.443729
456909230.000,Miguel,recording,switch_hand,6,0.837792,7.125151,7.410540,0.105547,-0.133925,0.557443
456909240.000,Miguel,recording,switch_hand,6,1.212993,7.194932,6.901925,0.113977,-0.137641,0.618582
456909250.000,Miguel,recording,switch_hand,6,1.811946,7.153413,6.446816,0.060773,-0.129093,0.648603
456909260.000,Miguel,recording,switch_hand,6,2.446287,7.020594,6.100982,-0.033954,-0.100988,0.641139
456909270.000,Miguel,recording,switch_hand,6,2.950717,6.895133,5.853069,-0.159753,-0.055765,0.595786
456909280.000,Miguel,recording,switch_hand,6,3.118551,6.871821,5.799334,-0.306226,-0.009026,0.527757
456909290.000,Miguel,recording,switch_hand,6,2.946383,6.745623,6.124348,-0.444833,0.019652,0.446224
456909300.000,Miguel,recording,switch_hand,6,2.349446,6.601378,6.469624,-0.551720,0.042726,0.369925
456909310.000,Miguel,recording,switch_hand,6,1.712030,6.480304,6.710551,-0.625563,0.073963,0.324711
456909320.000,Miguel,recording,switch_hand,6,1.379634,6.508470,7.039547,-0.669835,0.110646,0.317921
456909330.000,Miguel,recording,switch_hand,6,1.314667,6.507717,7.469963,-0.680256,0.158538,0.342926
456909340.000,Miguel,recording,switch_hand,6,1.537771,6.363523,8.010001,-0.644644,0.212353,0.377382
456909350.000,Miguel,recording,switch_hand,6,1.737605,6.243527,8.461843,-0.563529,0.263193,0.392576
456909360.000,Miguel,recording,switch_hand,6,1.705258,6.274988,8.679038,-0.451388,0.308308,0.391409
456909370.000,Miguel,recording,switch_hand,6,1.689434,6.130862,8.877190,-0.317614,0.343594,0.385543
456909380.000,Miguel,recording,switch_hand,6,1.585372,6.004932,8.931936,-0.174293,0.365337,0.368161
456909390.000,Miguel,recording,switch_hand,6,1.567117,5.813494,8.865601,-0.040111,0.350987,0.335112
456909400.000,Miguel,recording,switch_hand,6,1.615716,5.633796,8.656105,0.073575,0.293141,0.290296
456909410.000,Miguel,recording,switch_hand,6,1.707576,5.602710,8.397823,0.162984,0.216193,0.237937
456909420.000,Miguel,recording,switch_hand,6,1.820888,5.647959,8.010771,0.221434,0.147247,0.180307
456909430.000,Miguel,recording,switch_hand,6,1.848499,5.731920,7.633575,0.248239,0.100850,0.120846
456909440.000,Miguel,recording,switch_hand,6,1.817151,5.800206,7.373043,0.252620,0.079454,0.067952
456909450.000,Miguel,recording,switch_hand,6,1.810412,5.878062,7.186496,0.244280,0.080752,0.031079
456909460.000,Miguel,recording,switch_hand,6,1.833221,5.951827,7.043649,0.228766,0.101690,0.008022
456909470.000,Miguel,recording,switch_hand,6,1.844059,5.982251,6.944637,0.206397,0.139964,-0.008967
456909480.000,Miguel,recording,switch_hand,6,1.672339,6.039299,6.963887,0.178913,0.188039,-0.015124
456909490.000,Miguel,recording,switch_hand,6,1.327113,6.151322,7.156742,0.152036,0.227200,0.006878
456909500.000,Miguel,recording,switch_hand,6,1.045644,6.241063,7.411753,0.134231,0.236587,0.063677
456909510.000,Miguel,recording,switch_hand,6,0.989913,6.199436,7.564311,0.130856,0.220224,0.139171
456909520.000,Miguel,recording,switch_hand,6,1.079706,6.117507,7.564951,0.137090,0.193391,0.211332
456909530.000,Miguel,recording,switch_hand,6,1.320979,6.049840,7.397806,0.141939,0.160578,0.263389
456909540.000,Miguel,recording,switch_hand,6,1.657552,6.004705,7.180241,0.135887,0.131132,0.286568
456909550.000,Miguel,recording,switch_hand,6,1.988127,5.978906,7.003223,0.117381,0.116569,0.282885
456909560.000,Miguel,recording,switch_hand,6,2.162185,5.983564,6.965907,0.093341,0.121680,0.262522
456909570.000,Miguel,recording,switch_hand,6,2.220184,6.012617,6.975199,0.071534,0.143740,0.236112
456909580.000,Miguel,recording,switch_hand,6,2.217244,6.051318,7.062492,0.055460,0.172087,0.208960
456909590.000,Miguel,recording,switch_hand,6,2.172656,6.030145,7.154391,0.045944,0.200833,0.184352
456909600.000,Miguel,recording,switch_hand,6,2.048482,6.035535,7.226029,0.040090,0.227548,0.169287
456909610.000,Miguel,recording,switch_hand,6,1.939599,6.023946,7.282504,0.033964,0.242199,0.168097
456909620.000,Miguel,recording,switch_hand,6,1.888379,5.982276,7.333391,0.024937,0.239470,0.174994
456909630.000,Miguel,recording,switch_hand,6,1.896038,5.891368,7.317741,0.010407,0.225031,0.181437
456909640.000,Miguel,recording,switch_hand,6,1.895758,5.811269,7.346400,-0.007471,0.207279,0.182416
456909650.000,Miguel,recording,switch_hand,6,1.884956,5.733351,7.470415,-0.018150,0.190424,0.177206
456909660.000,Miguel,recording,switch_hand,6,1.917459,5.658970,7.546417,-0.016819,0.175497,0.168021
456909670.000,Miguel,recording,switch_hand,6,2.017823,5.629807,7.506733,-0.012005,0.165533,0.152554
456909680.000,Miguel,recording,switch_hand,6,2.108472,5.668635,7.446578,-0.009730,0.160179,0.126657
456909690.000,Miguel,recording,switch_hand,6,2.209697,5.744873,7.504350,-0.007915,0.155008,0.095405
456909700.000,Miguel,recording,switch_hand,6,2.224549,5.738595,7.524007,-0.003651,0.152038,0.062985
456909710.000,Miguel,recording,switch_hand,6,2.261663,5.675668,7.550991,0.005465,0.155276,0.025155
456909720.000,Miguel,recording,switch_hand,6,2.256598,5.617001,7.547032,0.019758,0.162917,-0.019808
456909730.000,Miguel,recording,switch_hand,6,2.220341,5.670836,7.576708,0.036461,0.172088,-0.064700
456909740.000,Miguel,recording,switch_hand,6,2.109430,5.750523,7.610454,0.053421,0.179934,-0.102859
456909750.000,Miguel,recording,switch_hand,6,1.929178,5.779781,7.673277,0.070549,0.183188,-0.131534
456909760.000,Miguel,recording,switch_hand,6,1.710247,5.779549,7.745333,0.091404,0.182187,-0.146355
456909770.000,Miguel,recording,switch_hand,6,1.569058,5.828206,7.802368,0.118944,0.175448,-0.144019
456909780.000,Miguel,recording,switch_hand,6,1.545262,5.841356,7.746372,0.150141,0.161853,-0.132960
456909790.000,Miguel,recording,switch_hand,6,1.627922,5.817843,7.621330,0.177414,0.151290,-0.130922
456909800.000,Miguel,recording,switch_hand,6,1.770771,5.845993,7.450466,0.195959,0.154449,-0.144943
456909810.000,Miguel,recording,switch_hand,6,1.943913,5.894387,7.366634,0.207262,0.171724,-0.172768
456909820.000,Miguel,recording,switch_hand,6,2.076599,5.952590,7.289960,0.212938,0.196563,-0.211629
456909830.000,Miguel,recording,switch_hand,6,2.056932,6.006186,7.260167,0.213066,0.220026,-0.252911
456909840.000,Miguel,recording,switch_hand,6,1.866489,6.066596,7.268482,0.207889,0.230244,-0.284753
456909850.000,Miguel,recording,switch_hand,6,1.624328,6.100129,7.295950,0.198071,0.221592,-0.297750
456909860.000,Miguel,recording,switch_hand,6,1.378191,6.090244,7.224658,0.181355,0.199195,-0.289682
456909870.000,Miguel,recording,switch_hand,6,1.250610,6.099517,7.128735,0.154746,0.169683,-0.265061
456909880.000,Miguel,recording,switch_hand,6,1.260737,6.147048,7.107089,0.120171,0.135195,-0.226029
456909890.000,Miguel,recording,switch_hand,6,1.432186,6.129693,7.028244,0.082985,0.103602,-0.182803
456909900.000,Miguel,recording,switch_hand,6,1.714178,5.987709,6.935836,0.044479,0.089793,-0.155633
456909910.000,Miguel,recording,switch_hand,6,2.004755,5.807509,6.879443,0.007119,0.100967,-0.154094
456909920.000,Miguel,recording,switch_hand,6,2.263236,5.622380,6.898583,-0.022300,0.139342,-0.170780
456909930.000,Miguel,recording,switch_hand,6,2.598373,5.336183,6.965850,-0.043247,0.198213,-0.202972
456909940.000,Miguel,recording,switch_hand,6,3.125361,4.873857,7.029027,-0.089919,0.219756,-0.308732
456909950.000,Miguel,recording,switch_hand,6,4.296338,4.065395,6.940909,-0.237730,0.065057,-0.649720
456909960.000,Miguel,recording,switch_hand,6,5.899130,2.614146,7.469407,-0.451700,-0.296869,-1.279282
456909970.000,Miguel,recording,switch_hand,6,5.698299,1.593005,10.146979,-0.441336,-0.608133,-2.028115
456909980.000,Miguel,recording,switch_hand,6,4.531941,2.540646,11.038171,-0.089881,-0.738910,-2.766142
456909990.000,Miguel,recording,switch_hand,6,-2.336092,5.588257,10.938728,0.397339,-0.833278,-3.204846
456910000.000,Miguel,recording,switch_hand,6,-10.955034,10.334685,10.513667,0.876411,-0.865595,-2.894412
456910010.000,Miguel,recording,switch_hand,6,-8.449707,12.691928,8.004821,1.234298,-0.671187,-2.080451
456910020.000,Miguel,recording,switch_hand,6,-5.671387,12.147990,6.448354,1.365880,-0.415727,-1.307011
456910030.000,Miguel,recording,switch_hand,6,-3.518451,9.535585,5.608538,1.273920,-0.337164,-0.689110
456910040.000,Miguel,recording,switch_hand,6,-1.649597,8.195961,5.276635,1.053050,-0.330059,-0.246689
456910050.000,Miguel,recording,switch_hand,6,0.034615,7.660507,4.617920,0.790913,-0.276587,0.020506
456910060.000,Miguel,recording,switch_hand,6,0.042346,7.735100,4.347797,0.510182,-0.179510,0.195797
456910070.000,Miguel,recording,switch_hand,6,0.353092,7.754629,4.307589,0.212018,-0.056097,0.352434
456910080.000,Miguel,recording,switch_hand,6,0.884977,7.496860,4.868162,-0.074770,0.089684,0.485407
456910090.000,Miguel,recording,switch_hand,6,1.618296,7.382018,5.757669,-0.291762,0.267697,0.552822
456910100.000,Miguel,recording,switch_hand,6,2.328980,7.116256,6.776870,-0.395366,0.473349,0.544895
456910110.000,Miguel,recording,switch_hand,6,2.519475,6.615907,7.689004,-0.370205,0.692074,0.487419
456910120.000,Miguel,recording,switch_hand,6,2.856237,5.978685,8.202503,-0.254123,0.883678,0.390445
456910130.000,Miguel,recording,switch_hand,6,3.182908,5.657763,7.920831,-0.195910,0.958009,0.249587
456910140.000,Miguel,recording,switch_hand,6,3.084118,5.768961,6.910481,-0.311605,0.944557,0.092607
456910150.000,Miguel,recording,switch_hand,6,2.194194,6.164417,7.129855,-0.258511,1.001790,-0.017960
456910160.000,Miguel,recording,switch_hand,6,1.128406,6.640767,8.544806,0.062271,1.028916,-0.042388
456910170.000,Miguel,recording,switch_hand,6,0.853574,6.403333,7.740100,0.337756,0.919391,-0.066622
456910180.000,Miguel,recording,switch_hand,6,-0.196008,6.909039,7.385088,0.488356,0.805955,-0.150385
456910190.000,Miguel,recording,switch_hand,6,-1.550635,7.204843,6.862983,0.491994,0.783180,-0.211581
456910200.000,Miguel,recording,switch_hand,6,-2.387912,7.269915,6.137790,0.362529,0.894784,-0.190257
456910210.000,Miguel,recording,switch_hand,6,-2.035375,7.281986,5.586044,0.133413,1.114406,-0.113052
456910220.000,Miguel,recording,switch_hand,6,-0.990444,7.545801,5.393153,-0.129038,1.339629,-0.056457
456910230.000,Miguel,recording,switch_hand,6,-0.228417,7.618934,6.152780,-0.346324,1.527781,-0.069893
456910240.000,Miguel,recording,switch_hand,6,-0.096145,7.404241,6.771937,-0.503570,1.693995,-0.152079
456910250.000,Miguel,recording,switch_hand,6,-0.104825,7.399093,7.130015,-0.623445,1.801821,-0.282728
456910260.000,Miguel,recording,switch_hand,6,-0.285620,7.163479,7.223889,-0.733122,1.838218,-0.427104
456910270.000,Miguel,recording,switch_hand,6,-0.883286,6.618195,7.121483,-0.857682,1.885205,-0.537429
456910280.000,Miguel,recording,switch_hand,6,-1.478019,6.622613,7.357538,-0.904827,1.907506,-0.585432
456910290.000,Miguel,recording,switch_hand,6,-1.897425,6.819021,7.838382,-0.848065,1.755789,-0.603712
456910300.000,Miguel,recording,switch_hand,6,-2.555948,6.334940,7.674320,-0.766632,1.513399,-0.625055
456910310.000,Miguel,recording,switch_hand,6,-2.600287,5.985736,7.077304,-0.691486,1.378613,-0.606542
456910320.000,Miguel,recording,switch_hand,6,-2.684017,6.055759,5.829744,-0.669693,1.306157,-0.506238
456910330.000,Miguel,recording,switch_hand,6,-2.980497,5.814230,5.828003,-0.712328,1.156466,-0.333894
456910340.000,Miguel,recording,switch_hand,6,-3.140078,5.553798,6.550443,-0.760570,0.935286,-0.124023
456910350.000,Miguel,recording,switch_hand,6,-2.549060,5.839593,7.317204,-0.735974,0.650743,0.078476
456910360.000,Miguel,recording,switch_hand,6,-2.019603,6.052111,7.989510,-0.600545,0.305572,0.228432
456910370.000,Miguel,recording,switch_hand,6,-1.650629,6.261926,8.623608,-0.358526,-0.051272,0.298456
456910380.000,Miguel,recording,switch_hand,6,-1.307496,6.469649,8.823115,-0.066552,-0.386397,0.298626
456910390.000,Miguel,recording,switch_hand,6,-1.077773,6.594635,8.773541,0.210494,-0.668112,0.252832
456910400.000,Miguel,recording,switch_hand,6,-0.839599,6.602740,8.441500,0.434510,-0.873342,0.175674
456910410.000,Miguel,recording,switch_hand,6,-0.633505,6.619764,7.985859,0.578196,-0.989273,0.076881
456910420.000,Miguel,recording,switch_hand,6,-0.557656,6.574817,7.545034,0.632929,-1.013647,-0.032833
456910430.000,Miguel,recording,switch_hand,6,-0.635897,6.555209,7.207007,0.609051,-0.963087,-0.136821
456910440.000,Miguel,recording,switch_hand,6,-0.849476,6.551147,6.980351,0.527602,-0.863866,-0.219224
456910450.000,Miguel,recording,switch_hand,6,-1.082317,6.601180,6.921387,0.414148,-0.737128,-0.274421
456910460.000,Miguel,recording,switch_hand,6,-1.217818,6.671689,6.985154,0.292946,-0.599779,-0.305010
456910470.000,Miguel,recording,switch_hand,6,-1.211970,6.687990,7.128176,0.185005,-0.468010,-0.322928
456910480.000,Miguel,recording,switch_hand,6,-1.112497,6.628133,7.280983,0.103144,-0.355425,-0.344506
456910490.000,Miguel,recording,switch_hand,6,-1.015680,6.547684,7.411733,0.052662,-0.267885,-0.378306
456910500.000,Miguel,recording,switch_hand,6,-1.036915,6.475625,7.488958,0.035464,-0.205399,-0.420320
456910510.000,Miguel,recording,switch_hand,6,-1.146113,6.360800,7.536574,0.044973,-0.169587,-0.458167
456910520.000,Miguel,recording,switch_hand,6,-1.350628,6.220746,7.487766,0.071862,-0.159095,-0.479245
456910530.000,Miguel,recording,switch_hand,6,-1.573707,6.051860,7.396695,0.106294,-0.170711,-0.474897
456910540.000,Miguel,recording,switch_hand,6,-1.789433,5.908431,7.237430,0.136982,-0.201933,-0.442576
456910550.000,Miguel,recording,switch_hand,6,-2.050098,5.911226,7.141123,0.164114,-0.240046,-0.379740
456910560.000,Miguel,recording,switch_hand,6,-2.239656,5.992720,7.134138,0.191725,-0.285477,-0.293436
456910570.000,Miguel,recording,switch_hand,6,-2.244849,6.045069,7.074705,0.219886,-0.349915,-0.204558
456910580.000,Miguel,recording,switch_hand,6,-2.119836,6.115834,7.079079,0.250932,-0.426839,-0.133631
456910590.000,Miguel,recording,switch_hand,6,-1.957336,6.196345,7.049862,0.282685,-0.503985,-0.091080
456910600.000,Miguel,recording,switch_hand,6,-1.792394,6.251297,7.001186,0.308513,-0.572606,-0.074426
456910610.000,Miguel,recording,switch_hand,6,-1.689715,6.295159,6.965738,0.324325,-0.623855,-0.074919
456910620.000,Miguel,recording,switch_hand,6,-1.584940,6.291856,6.971567,0.331187,-0.654840,-0.083087
456910630.000,Miguel,recording,switch_hand,6,-1.466279,6.259548,7.003229,0.329901,-0.670806,-0.094656
456910640.000,Miguel,recording,switch_hand,6,-1.379089,6.165713,7.026399,0.320635,-0.669003,-0.111003
456910650.000,Miguel,recording,switch_hand,6,-1.386925,6.136635,7.045059,0.304706,-0.642725,-0.129917
456910660.000,Miguel,recording,switch_hand,6,-1.455429,6.180149,7.073499,0.285344,-0.599149,-0.145920
456910670.000,Miguel,recording,switch_hand,6,-1.549489,6.220406,7.088407,0.262729,-0.551397,-0.157486
456910680.000,Miguel,recording,switch_hand,6,-1.633643,6.222423,7.057769,0.235530,-0.504536,-0.166580
456910690.000,Miguel,recording,switch_hand,6,-1.712282,6.238281,7.022828,0.205968,-0.454157,-0.169742
456910700.000,Miguel,recording,switch_hand,6,-1.813025,6.296742,7.034793,0.172563,-0.399516,-0.160048
456910710.000,Miguel,recording,switch_hand,6,-1.811076,6.313394,7.017400,0.132063,-0.345391,-0.140174
456910720.000,Miguel,recording,switch_hand,6,-1.696896,6.342563,7.043161,0.085221,-0.288206,-0.118606
456910730.000,Miguel,recording,switch_hand,6,-1.515202,6.387043,7.097921,0.038300,-0.221597,-0.104419
456910740.000,Miguel,recording,switch_hand,6,-1.393031,6.394719,7.179337,-0.001783,-0.147835,-0.101465
456910750.000,Miguel,recording,switch_hand,6,-1.338120,6.364123,7.227812,-0.032265,-0.078541,-0.106576
456910760.000,Miguel,recording,switch_hand,6,-1.369163,6.330007,7.261355,-0.050203,-0.025022,-0.112905
456910770.000,Miguel,recording,switch_hand,6,-1.471972,6.325442,7.319311,-0.051228,0.007436,-0.111238
456910780.000,Miguel,recording,switch_hand,6,-1.574542,6.308676,7.326034,-0.037646,0.016880,-0.096147
456910790.000,Miguel,recording,switch_hand,6,-1.671653,6.306113,7.300300,-0.015950,0.008724,-0.065915
456910800.000,Miguel,recording,switch_hand,6,-1.700298,6.324759,7.275052,0.009040,-0.007197,-0.023867
456910810.000,Miguel,recording,switch_hand,6,-1.638288,6.358455,7.247274,0.034357,-0.025284,0.021658
456910820.000,Miguel,recording,switch_hand,6,-1.503123,6.394979,7.230290,0.057622,-0.044006,0.060361
456910830.000,Miguel,recording,switch_hand,6,-1.366872,6.451372,7.169639,0.074990,-0.060337,0.082930
456910840.000,Miguel,recording,switch_hand,6,-1.280865,6.543353,7.117101,0.084529,-0.064759,0.091318
456910850.000,Miguel,recording,switch_hand,6,-1.227202,6.604472,7.058871,0.087106,-0.054646,0.094044
456910860.000,Miguel,recording,switch_hand,6,-1.202977,6.623892,6.987944,0.082474,-0.041254,0.096438
456910870.000,Miguel,recording,switch_hand,6,-1.104931,6.608119,6.982523,0.070148,-0.033780,0.099706
456910880.000,Miguel,recording,switch_hand,6,-1.004712,6.616793,7.034421,0.055511,-0.027618,0.102811
456910890.000,Miguel,recording,switch_hand,6,-0.904437,6.650924,7.116698,0.047062,-0.013270,0.102028
456910900.000,Miguel,recording,switch_hand,6,-0.845082,6.655079,7.133266,0.047660,0.006793,0.093676
456910910.000,Miguel,recording,switch_hand,6,-0.855797,6.656883,7.094138,0.051649,0.019160,0.079900
456910920.000,Miguel,recording,switch_hand,6,-0.928442,6.691537,7.029595,0.053962,0.019864,0.067430
456910930.000,Miguel,recording,switch_hand,6,-0.989886,6.742735,7.001118,0.053992,0.016209,0.061057
456910940.000,Miguel,recording,switch_hand,6,-0.994309,6.747036,6.940666,0.048625,0.011992,0.059970
456910950.000,Miguel,recording,switch_hand,6,-0.993851,6.763149,6.842856,0.034715,0.010560,0.061816
456910960.000,Miguel,recording,switch_hand,6,-0.997463,6.778251,6.837927,0.014618,0.011578,0.065101
456910970.000,Miguel,recording,switch_hand,6,-0.921403,6.737150,6.872045,-0.006758,0.009515,0.067967
456910980.000,Miguel,recording,switch_hand,6,-0.817250,6.714803,6.944138,-0.023891,0.005570,0.066710
456910990.000,Miguel,recording,switch_hand,6,-0.753194,6.733038,7.044037,-0.031056,0.003976,0.059771
456911000.000,Miguel,recording,switch_hand,6,-0.710580,6.745820,7.119856,-0.024797,0.003441,0.047760
456911010.000,Miguel,recording,switch_hand,6,-0.718147,6.724063,7.139153,-0.008653,0.000360,0.031736
456911020.000,Miguel,recording,switch_hand,6,-0.753215,6.710387,7.055124,0.006633,-0.006196,0.015095
456911030.000,Miguel,recording,switch_hand,6,-0.833178,6.710636,6.992492,0.013079,-0.015402,0.003515
456911040.000,Miguel,recording,switch_hand,6,-0.894853,6.758131,6.949952,0.009430,-0.022773,0.000043
456911050.000,Miguel,recording,switch_hand,6,-0.892817,6.741560,6.952121,-0.000061,-0.023845,0.002409
456911060.000,Miguel,recording,switch_hand,6,-0.893224,6.711274,6.975675,-0.008439,-0.022079,0.006579
456911070.000,Miguel,recording,switch_hand,6,-0.891777,6.700162,6.997237,-0.012533,-0.024639,0.008856
456911080.000,Miguel,recording,switch_hand,6,-0.931134,6.748748,6.984854,-0.013245,-0.032829,0.007073
456911090.000,Miguel,recording,switch_hand,6,-0.931510,6.768179,7.002986,-0.012682,-0.045628,0.002420
456911100.000,Miguel,recording,switch_hand,6,-0.939593,6.739943,7.030857,-0.010991,-0.058480,-0.002443
456911110.000,Miguel,recording,switch_hand,6,-0.932066,6.682532,7.057491,-0.005598,-0.065251,-0.005500
456911120.000,Miguel,recording,switch_hand,6,-0.935345,6.629186,7.027191,0.003344,-0.068566,-0.005686
456911130.000,Miguel,recording,switch_hand,6,-0.946197,6.584071,6.984124,0.009869,-0.077909,-0.002690
456911140.000,Miguel,recording,switch_hand,6,-0.908522,6.597563,6.936387,0.006598,-0.094829,0.000862
456911150.000,Miguel,recording,switch_hand,6,-0.877127,6.661635,6.908499,-0.005858,-0.108056,0.003011
456911160.000,Miguel,recording,switch_hand,6,-0.854611,6.678841,6.980218,-0.021537,-0.110777,0.002559
456911170.000,Miguel,recording,switch_hand,6,-0.816507,6.715984,7.059555,-0.034625,-0.106286,-0.003741
456911180.000,Miguel,recording,switch_hand,6,-0.833262,6.715146,7.136279,-0.039713,-0.098092,-0.015390
456911190.000,Miguel,recording,switch_hand,6,-0.907734,6.738548,7.207774,-0.035915,-0.084778,-0.028220
456911200.000,Miguel,recording,switch_hand,6,-0.992090,6.750755,7.182619,-0.027596,-0.067874,-0.038189
456911210.000,Miguel,recording,switch_hand,6,-1.057202,6.707884,7.128782,-0.020179,-0.054248,-0.042106
456911220.000,Miguel,recording,switch_hand,6,-1.072315,6.617018,7.038743,-0.019256,-0.051859,-0.038684
456911230.000,Miguel,recording,switch_hand,6,-1.037676,6.579832,7.009404,-0.028122,-0.062463,-0.029380
456911240.000,Miguel,recording,switch_hand,6,-1.003013,6.597543,7.018211,-0.039909,-0.074538,-0.016675
456911250.000,Miguel,recording,switch_hand,6,-0.983842,6.632592,7.139159,-0.044285,-0.078772,-0.002601
456911260.000,Miguel,recording,switch_hand,6,-0.916011,6.600424,7.206629,-0.038040,-0.076868,0.009917
456911270.000,Miguel,recording,switch_hand,6,-0.840939,6.554792,7.200679,-0.025115,-0.073067,0.017109
456911280.000,Miguel,recording,switch_hand,6,-0.811390,6.550085,7.174957,-0.012656,-0.072014,0.020454
456911290.000,Miguel,recording,switch_hand,6,-0.840591,6.578303,7.157885,-0.005201,-0.072144,0.023223
456911300.000,Miguel,recording,switch_hand,7,-0.873401,6.658703,7.109290,-0.003119,-0.067552,0.025630
456911310.000,Miguel,recording,switch_hand,7,-0.901595,6.692212,7.086337,-0.004081,-0.057012,0.029068
456911320.000,Miguel,recording,switch_hand,7,-0.901427,6.657860,7.078252,-0.006555,-0.046420,0.033544
456911330.000,Miguel,recording,switch_hand,7,-0.861775,6.631741,7.065039,-0.011779,-0.042325,0.037874
456911340.000,Miguel,recording,switch_hand,7,-0.815011,6.614535,7.040933,-0.020381,-0.042724,0.041128
456911350.000,Miguel,recording,switch_hand,7,-0.786327,6.629731,7.051706,-0.029912,-0.039415,0.043889
456911360.000,Miguel,recording,switch_hand,7,-0.769035,6.629671,7.102973,-0.036186,-0.031423,0.046315
456911370.000,Miguel,recording,switch_hand,7,-0.738501,6.610796,7.147910,-0.038362,-0.027083,0.046085
456911380.000,Miguel,recording,switch_hand,7,-0.720385,6.606606,7.174967,-0.039317,-0.029804,0.041454
456911390.000,Miguel,recording,switch_hand,7,-0.748824,6.654621,7.210168,-0.037996,-0.033292,0.033765
456911400.000,Miguel,recording,switch_hand,7,-0.835323,6.674971,7.248791,-0.032136,-0.032877,0.028660
456911410.000,Miguel,recording,switch_hand,7,-0.914878,6.665769,7.256891,-0.022399,-0.030845,0.030040
456911420.000,Miguel,recording,switch_hand,7,-0.950953,6.634212,7.226183,-0.010746,-0.031762,0.037705
456911430.000,Miguel,recording,switch_hand,7,-0.936889,6.637057,7.174800,-0.002701,-0.038933,0.048152
456911440.000,Miguel,recording,switch_hand,7,-0.868984,6.676148,7.116591,-0.003195,-0.046962,0.059033
456911450.000,Miguel,recording,switch_hand,7,-0.785193,6.673411,7.127092,-0.009495,-0.047619,0.068604
456911460.000,Miguel,recording,switch_hand,7,-0.694871,6.661409,7.155514,-0.014070,-0.042203,0.071945
456911470.000,Miguel,recording,switch_hand,7,-0.613144,6.626922,7.178322,-0.015375,-0.039976,0.067418
456911480.000,Miguel,recording,switch_hand,7,-0.582666,6.613929,7.208618,-0.013564,-0.040632,0.055592
456911490.000,Miguel,recording,switch_hand,7,-0.619970,6.605921,7.183752,-0.008368,-0.036368,0.039212
456911500.000,Miguel,recording,switch_hand,7,-0.688548,6.589749,7.153880,-0.006104,-0.029244,0.024738
456911510.000,Miguel,recording,switch_hand,7,-0.782456,6.584764,7.124620,-0.009833,-0.024706,0.017595
456911520.000,Miguel,recording,switch_hand,7,-0.865802,6.590836,7.127279,-0.015116,-0.021824,0.019784
456911530.000,Miguel,recording,switch_hand,7,-0.905637,6.584773,7.143161,-0.019148,-0.020300,0.028647
456911540.000,Miguel,recording,switch_hand,7,-0.904401,6.552265,7.143667,-0.022019,-0.021977,0.039803
456911550.000,Miguel,recording,switch_hand,7,-0.872088,6.550659,7.198419,-0.021233,-0.024681,0.049356
456911560.000,Miguel,recording,switch_hand,7,-0.847992,6.564471,7.253181,-0.015067,-0.025925,0.055410
456911570.000,Miguel,recording,switch_hand,7,-0.826195,6.554414,7.250609,-0.006993,-0.024749,0.056251
456911580.000,Miguel,recording,switch_hand,7,-0.840112,6.532887,7.222569,-0.000734,-0.020512,0.051837
456911590.000,Miguel,recording,switch_hand,7,-0.854107,6.485182,7.187066,0.002716,-0.013303,0.044766
456911600.000,Miguel,recording,switch_hand,7,-0.888067,6.424787,7.128736,0.001606,-0.008210,0.038208
456911610.000,Miguel,recording,switch_hand,7,-0.941320,6.396925,7.080554,-0.006604,-0.006440,0.033588
456911620.000,Miguel,recording,switch_hand,7,-1.039528,6.371504,7.085245,-0.019397,-0.005011,0.032394
456911630.000,Miguel,recording,switch_hand,7,-1.114002,6.364501,7.119926,-0.032172,-0.003149,0.035048
456911640.000,Miguel,recording,switch_hand,7,-1.164773,6.341172,7.116858,-0.045279,-0.000184,0.037911
456911650.000,Miguel,recording,switch_hand,7,-1.208430,6.306067,7.104946,-0.058536,0.003974,0.040129
456911660.000,Miguel,recording,switch_hand,7,-1.284474,6.247567,7.097868,-0.069055,0.010058,0.044571
456911670.000,Miguel,recording,switch_hand,7,-1.383372,6.188177,7.125515,-0.078339,0.013061,0.055878
456911680.000,Miguel,recording,switch_hand,7,-1.464151,6.168974,7.135725,-0.087749,0.009649,0.079496
456911690.000,Miguel,recording,switch_hand,7,-1.494753,6.208047,7.195329,-0.092596,0.006291,0.119608
456911700.000,Miguel,recording,switch_hand,7,-1.406666,6.209212,7.266369,-0.089554,0.008615,0.172602
456911710.000,Miguel,recording,switch_hand,7,-1.229497,6.201966,7.322053,-0.080648,0.018865,0.226722
456911720.000,Miguel,recording,switch_hand,7,-1.037534,6.219564,7.320775,-0.069391,0.036878,0.270921
456911730.000,Miguel,recording,switch_hand,7,-0.898150,6.265059,7.294171,-0.058688,0.059589,0.298462
456911740.000,Miguel,recording,switch_hand,7,-0.814613,6.322055,7.260640,-0.051044,0.082665,0.309715
456911750.000,Miguel,recording,switch_hand,7,-0.806654,6.355305,7.212783,-0.046703,0.099670,0.311848
456911760.000,Miguel,recording,switch_hand,7,-0.845228,6.344813,7.167971,-0.046318,0.104896,0.310679
456911770.000,Miguel,recording,switch_hand,7,-0.887176,6.318913,7.146436,-0.048883,0.097328,0.310109
456911780.000,Miguel,recording,switch_hand,7,-0.922819,6.261165,7.159199,-0.049558,0.079444,0.315645
456911790.000,Miguel,recording,switch_hand,7,-0.947836,6.216833,7.209531,-0.045270,0.055633,0.329224
456911800.000,Miguel,recording,switch_hand,7,-0.963897,6.175474,7.227699,-0.034254,0.033734,0.348472
456911810.000,Miguel,recording,switch_hand,7,-0.975648,6.138696,7.205616,-0.019650,0.018352,0.368985
456911820.000,Miguel,recording,switch_hand,7,-0.965620,6.144727,7.131016,-0.007661,0.003777,0.387726
456911830.000,Miguel,recording,switch_hand,7,-0.961903,6.208932,7.089811,0.003537,-0.020548,0.403212
456911840.000,Miguel,recording,switch_hand,7,-0.913233,6.307129,7.054532,0.022256,-0.067741,0.413271
456911850.000,Miguel,recording,switch_hand,7,-0.734873,6.393066,6.959707,0.049872,-0.160826,0.409444
456911860.000,Miguel,recording,switch_hand,7,-0.654262,6.406635,6.656568,0.054947,-0.279527,0.445984
456911870.000,Miguel,recording,switch_hand,7,0.108797,5.848053,6.217880,-0.055426,-0.289682,0.755285
456911880.000,Miguel,recording,switch_hand,7,4.493770,5.104173,6.214293,-0.263998,-0.181893,1.269112
456911890.000,Miguel,recording,switch_hand,7,8.114590,6.362851,7.935952,-0.217991,-0.221434,1.306573
456911900.000,Miguel,recording,switch_hand,7,4.828541,8.046844,9.815541,0.214214,-0.376134,0.791796
456911910.000,Miguel,recording,switch_hand,7,0.886381,8.548300,10.829141,0.698016,-0.426510,0.352502
456911920.000,Miguel,recording,switch_hand,7,-1.938346,8.728504,9.433824,1.022842,-0.428097,0.226732
456911930.000,Miguel,recording,switch_hand,7,-1.469971,8.496302,7.258664,1.184401,-0.509297,0.263057
456911940.000,Miguel,recording,switch_hand,7,-0.144054,8.862036,5.872711,1.201658,-0.674460,0.270437
456911950.000,Miguel,recording,switch_hand,7,0.328762,9.001507,5.148166,1.094879,-0.838086,0.184573
456911960.000,Miguel,recording,switch_hand,7,0.759784,8.863233,5.453450,0.954072,-0.929287,0.011867
456911970.000,Miguel,recording,switch_hand,7,0.144446,8.338967,6.173350,0.883559,-0.960706,-0.162324
456911980.000,Miguel,recording,switch_hand,7,-0.814874,7.501201,5.946483,0.857531,-1.052410,-0.230948
456911990.000,Miguel,recording,switch_hand,7,-1.505939,6.684502,6.277295,0.807911,-1.170689,-0.158937
456912000.000,Miguel,recording,switch_hand,7,-1.576796,6.041539,6.121692,0.608787,-1.146288,0.028236
456912010.000,Miguel,recording,switch_hand,7,-0.414664,5.404382,4.652155,0.090072,-0.924998,0.225227
456912020.000,Miguel,recording,switch_hand,7,1.376228,6.024517,4.892735,-0.363846,-0.732806,0.262509
456912030.000,Miguel,recording,switch_hand,7,2.714950,7.332841,7.757474,-0.438488,-0.647267,0.071480
456912040.000,Miguel,recording,switch_hand,7,2.801207,7.411241,7.614384,-0.354509,-0.497567,-0.219216
456912050.000,Miguel,recording,switch_hand,7,2.385390,7.570892,8.217976,-0.253706,-0.330377,-0.470638
456912060.000,Miguel,recording,switch_hand,7,1.339467,7.344925,7.343657,-0.180921,-0.221409,-0.644288
456912070.000,Miguel,recording,switch_hand,7,0.411000,7.274074,6.842091,-0.123047,-0.136278,-0.750116
456912080.000,Miguel,recording,switch_hand,7,-0.299082,7.183645,6.389071,-0.108278,-0.013020,-0.794589
456912090.000,Miguel,recording,switch_hand,7,-1.176396,6.788949,5.881848,-0.193435,0.168267,-0.766626
456912100.000,Miguel,recording,switch_hand,7,-2.036393,6.921687,5.837893,-0.360021,0.328740,-0.652389
456912110.000,Miguel,recording,switch_hand,7,-2.108243,7.432395,6.225488,-0.516648,0.386398,-0.445448
456912120.000,Miguel,recording,switch_hand,7,-1.703627,7.743295,6.934955,-0.573929,0.319760,-0.176161
456912130.000,Miguel,recording,switch_hand,7,-0.827242,7.732398,7.570081,-0.491526,0.153435,0.098603
456912140.000,Miguel,recording,switch_hand,7,0.307252,7.284230,7.718042,-0.311112,-0.031064,0.327210
456912150.000,Miguel,recording,switch_hand,7,1.438133,6.548615,7.051860,-0.155354,-0.138483,0.476004
456912160.000,Miguel,recording,switch_hand,7,2.104492,6.036069,6.173061,-0.141571,-0.148419,0.543362
456912170.000,Miguel,recording,switch_hand,7,1.856855,6.736957,5.818087,-0.199087,-0.109337,0.544273
456912180.000,Miguel,recording,switch_hand,7,1.737900,7.380662,5.620088,-0.264391,-0.061872,0.502610
456912190.000,Miguel,recording,switch_hand,7,1.444527,7.291904,5.434045,-0.382824,0.012628,0.455896
456912200.000,Miguel,recording,switch_hand,7,1.175750,7.241867,5.568696,-0.531868,0.124483,0.423484
456912210.000,Miguel,recording,switch_hand,7,1.364134,7.359659,5.976472,-0.667258,0.235095,0.388900
456912220.000,Miguel,recording,switch_hand,7,1.517213,7.412477,6.495298,-0.753295,0.308903,0.338728
456912230.000,Miguel,recording,switch_hand,7,1.355383,7.463251,7.016449,-0.778039,0.328351,0.282434
456912240.000,Miguel,recording,switch_hand,7,0.928145,7.425400,7.468253,-0.748608,0.302870,0.233651
456912250.000,Miguel,recording,switch_hand,7,0.442333,7.261621,7.785294,-0.679921,0.245641,0.202344
456912260.000,Miguel,recording,switch_hand,7,0.064220,7.260790,7.898054,-0.593974,0.167771,0.195656
456912270.000,Miguel,recording,switch_hand,7,-0.089774,7.196275,7.964884,-0.507424,0.084357,0.211721
456912280.000,Miguel,recording,switch_hand,7,-0.041290,6.933169,8.044345,-0.425441,-0.004899,0.235686
456912290.000,Miguel,recording,switch_hand,7,0.096343,6.636407,7.946138,-0.355451,-0.121429,0.259743
456912300.000,Miguel,recording,switch_hand,7,0.244666,6.287715,7.885102,-0.297031,-0.259066,0.290087
456912310.000,Miguel,recording,switch_hand,7,0.392945,5.988866,7.862793,-0.234361,-0.361198,0.318871
456912320.000,Miguel,recording,switch_hand,7,0.615307,5.758640,7.721413,-0.163654,-0.390872,0.323895
456912330.000,Miguel,recording,switch_hand,7,0.653394,5.797380,7.442842,-0.100427,-0.364015,0.301819
456912340.000,Miguel,recording,switch_hand,7,0.698300,5.943793,7.128122,-0.061783,-0.313542,0.275910
456912350.000,Miguel,recording,switch_hand,7,0.796803,6.149646,7.012572,-0.049041,-0.251579,0.268954
456912360.000,Miguel,recording,switch_hand,7,1.017669,6.296463,7.143938,-0.040583,-0.163244,0.281098
456912370.000,Miguel,recording,switch_hand,7,1.253560,6.309028,7.298900,-0.013757,-0.053222,0.295552
456912380.000,Miguel,recording,switch_hand,7,1.390852,6.268137,7.237785,0.028254,0.058924,0.296382
456912390.000,Miguel,recording,switch_hand,7,1.355634,6.236574,7.218875,0.064189,0.167681,0.283249
456912400.000,Miguel,recording,switch_hand,7,1.218652,6.232435,7.280373,0.086295,0.254476,0.267840
456912410.000,Miguel,recording,switch_hand,7,1.117311,6.205881,7.290048,0.100439,0.299505,0.259763
456912420.000,Miguel,recording,switch_hand,7,1.111632,6.220836,7.230134,0.104280,0.312756,0.261430
456912430.000,Miguel,recording,switch_hand,7,1.175330,6.286730,7.160414,0.090312,0.310174,0.270306
456912440.000,Miguel,recording,switch_hand,7,1.275470,6.363105,7.096635,0.061208,0.294384,0.281714
456912450.000,Miguel,recording,switch_hand,7,1.333298,6.375230,7.084174,0.027464,0.270883,0.293570
456912460.000,Miguel,recording,switch_hand,7,1.331518,6.362500,7.146654,-0.004682,0.245798,0.309807
456912470.000,Miguel,recording,switch_hand,7,1.337980,6.420085,7.236025,-0.032237,0.213876,0.338186
456912480.000,Miguel,recording,switch_hand,7,1.302139,6.490514,7.320538,-0.055416,0.168138,0.379692
456912490.000,Miguel,recording,switch_hand,7,1.319531,6.390678,7.348920,-0.073712,0.115166,0.419381
456912500.000,Miguel,recording,switch_hand,7,1.418280,6.132751,7.319632,-0.084038,0.077735,0.436952
456912510.000,Miguel,recording,switch_hand,7,1.642137,5.899823,7.449602,-0.077169,0.092056,0.422810
456912520.000,Miguel,recording,switch_hand,7,1.920325,5.824517,7.738677,-0.037786,0.165399,0.380480
456912530.000,Miguel,recording,switch_hand,7,2.101196,5.882171,7.859612,0.031574,0.252524,0.318361
456912540.000,Miguel,recording,switch_hand,7,2.149959,5.941604,7.815466,0.108516,0.317367,0.245038
456912550.000,Miguel,recording,switch_hand,7,2.068321,5.940505,7.673368,0.169525,0.358483,0.170210
456912560.000,Miguel,recording,switch_hand,7,1.960117,5.871669,7.552519,0.204313,0.380859,0.099803
456912570.000,Miguel,recording,switch_hand,7,1.822462,5.821642,7.482430,0.218892,0.384240,0.036123
456912580.000,Miguel,recording,switch_hand,7,1.631756,5.887757,7.462508,0.219664,0.363032,-0.012573
456912590.000,Miguel,recording,switch_hand,7,1.399662,6.099789,7.470561,0.206133,0.310931,-0.027252
456912600.000,Miguel,recording,switch_hand,7,1.161887,6.268031,7.439328,0.179513,0.224520,-0.000727
456912610.000,Miguel,recording,switch_hand,7,1.028222,6.248111,7.288827,0.142230,0.112338,0.050325
456912620.000,Miguel,recording,switch_hand,7,1.031837,6.115366,7.079980,0.092657,-0.005774,0.105632
456912630.000,Miguel,recording,switch_hand,7,1.182720,6.031467,6.882156,0.030188,-0.108962,0.151653
456912640.000,Miguel,recording,switch_hand,7,1.456295,5.997813,6.813502,-0.033209,-0.174544,0.180535
456912650.000,Miguel,recording,switch_hand,7,1.752663,5.961971,6.915666,-0.078101,-0.181569,0.185709
456912660.000,Miguel,recording,switch_hand,7,1.983815,5.923321,7.047897,-0.091396,-0.133564,0.161791
456912670.000,Miguel,recording,switch_hand,7,2.145592,5.861882,7.113415,-0.078039,-0.055941,0.110251
456912680.000,Miguel,recording,switch_hand,7,2.249902,5.878397,7.165937,-0.055209,0.032885,0.037098
456912690.000,Miguel,recording,switch_hand,7,2.233891,5.883566,7.217358,-0.032240,0.119081,-0.048451
456912700.000,Miguel,recording,switch_hand,7,2.027706,5.948743,7.287810,-0.014711,0.181417,-0.127242
456912710.000,Miguel,recording,switch_hand,7,1.676369,6.045891,7.361197,-0.007508,0.199069,-0.179604
456912720.000,Miguel,recording,switch_hand,7,1.331009,6.099083,7.425426,-0.011120,0.166396,-0.200362
456912730.000,Miguel,recording,switch_hand,7,1.035328,6.079776,7.448202,-0.024806,0.098052,-0.196802
456912740.000,Miguel,recording,switch_hand,7,0.815741,6.042775,7.404735,-0.047631,0.013443,-0.176911
456912750.000,Miguel,recording,switch_hand,7,0.763112,6.021974,7.328432,-0.075415,-0.074876,-0.148837
456912760.000,Miguel,recording,switch_hand,7,0.911382,6.024066,7.261160,-0.100109,-0.151901,-0.125114
456912770.000,Miguel,recording,switch_hand,7,1.156892,6.026307,7.221182,-0.116077,-0.196045,-0.116832
456912780.000,Miguel,recording,switch_hand,7,1.380363,6.069396,7.174372,-0.122602,-0.200403,-0.128268
456912790.000,Miguel,recording,switch_hand,7,1.568853,6.125905,7.139640,-0.119872,-0.172903,-0.156684
456912800.000,Miguel,recording,switch_hand,7,1.664396,6.122924,7.186394,-0.106540,-0.115390,-0.199848
456912810.000,Miguel,recording,switch_hand,7,1.615001,6.125797,7.203695,-0.085523,-0.039718,-0.254551
456912820.000,Miguel,recording,switch_hand,7,1.436608,6.170621,7.208046,-0.065706,0.031908,-0.308449
456912830.000,Miguel,recording,switch_hand,7,1.208754,6.248466,7.196343,-0.054288,0.086345,-0.348343
456912840.000,Miguel,recording,switch_hand,7,0.988549,6.340462,7.241712,-0.055030,0.115054,-0.364172
456912850.000,Miguel,recording,switch_hand,7,0.777372,6.485150,7.299142,-0.068007,0.109657,-0.346209
456912860.000,Miguel,recording,switch_hand,7,0.572957,6.579927,7.369909,-0.087672,0.073647,-0.301080
456912870.000,Miguel,recording,switch_hand,7,0.450612,6.484719,7.375029,-0.106878,0.027480,-0.250326
456912880.000,Miguel,recording,switch_hand,7,0.381080,6.343392,7.307985,-0.125848,-0.006548,-0.206139
456912890.000,Miguel,recording,switch_hand,7,0.442632,6.330354,7.277844,-0.145048,-0.019709,-0.170158
456912900.000,Miguel,recording,switch_hand,7,0.663083,6.402122,7.335266,-0.159604,-0.014482,-0.144679
456912910.000,Miguel,recording,switch_hand,7,0.878374,6.431366,7.443526,-0.161878,0.003521,-0.134716
456912920.000,Miguel,recording,switch_hand,7,1.042811,6.349336,7.458674,-0.148174,0.028555,-0.143898
456912930.000,Miguel,recording,switch_hand,7,1.156125,6.264231,7.403881,-0.126207,0.062962,-0.171938
456912940.000,Miguel,recording,switch_hand,7,1.215502,6.220005,7.385085,-0.101957,0.117275,-0.216905
456912950.000,Miguel,recording,switch_hand,7,1.098627,6.209738,7.408961,-0.078405,0.184902,-0.264368
456912960.000,Miguel,recording,switch_hand,7,0.769607,6.293354,7.457985,-0.059408,0.242531,-0.289803
456912970.000,Miguel,recording,switch_hand,7,0.324227,6.382864,7.516845,-0.045207,0.274925,-0.279011
456912980.000,Miguel,recording,switch_hand,7,-0.022376,6.401342,7.491858,-0.034014,0.285244,-0.231231
456912990.000,Miguel,recording,switch_hand,7,-0.180375,6.345514,7.414383,-0.026993,0.296050,-0.154611
456913000.000,Miguel,recording,switch_hand,7,-0.053580,6.288915,7.354730,-0.024899,0.329112,-0.066356
456913010.000,Miguel,recording,switch_hand,7,0.346390,6.261234,7.370892,-0.020351,0.390608,0.013853
456913020.000,Miguel,recording,switch_hand,7,0.829115,6.148442,7.447515,-0.002456,0.477487,0.072840
456913030.000,Miguel,recording,switch_hand,7,1.210026,5.981229,7.540189,0.028676,0.564838,0.103761
456913040.000,Miguel,recording,switch_hand,7,1.499962,5.695114,7.632356,0.050222,0.606695,0.090275
456913050.000,Miguel,recording,switch_hand,7,1.708071,5.168254,7.728313,0.038962,0.591334,-0.025085
456913060.000,Miguel,recording,switch_hand,7,1.637254,4.418697,8.113104,-0.005209,0.469620,-0.308472
456913070.000,Miguel,recording,switch_hand,7,1.532975,3.576427,9.113761,-0.009260,0.200426,-0.701003
456913080.000,Miguel,recording,switch_hand,7,1.736205,2.808999,9.816127,0.166738,-0.164857,-1.034980
456913090.000,Miguel,recording,switch_hand,7,0.166513,4.985185,10.663551,0.488107,-0.679395,-1.227661
456913100.000,Miguel,recording,switch_hand,7,-0.904776,7.586143,10.017581,0.805611,-1.022510,-1.189622
456913110.000,Miguel,recording,switch_hand,7,1.440582,8.832278,5.307936,0.997053,-0.904039,-1.014615
456913120.000,Miguel,recording,switch_hand,7,-1.638088,8.782461,4.949923,1.002713,-0.616108,-0.851720
456913130.000,Miguel,recording,switch_hand,7,-4.099970,8.835771,4.433434,0.869243,-0.342005,-0.587138
456913140.000,Miguel,recording,switch_hand,7,-3.954786,7.683654,4.976678,0.635065,-0.107850,-0.245487
456913150.000,Miguel,recording,switch_hand,7,-2.164140,7.401312,5.346394,0.358125,0.020916,0.037956
456913160.000,Miguel,recording,switch_hand,7,-1.289194,8.069433,5.794912,0.112595,0.016104,0.251891
456913170.000,Miguel,recording,switch_hand,7,-0.470064,8.186964,6.188202,-0.074292,-0.077098,0.421257
456913180.000,Miguel,recording,switch_hand,7,0.595592,7.953439,6.150801,-0.225917,-0.174714,0.534923
456913190.000,Miguel,recording,switch_hand,7,1.352850,7.561892,6.239931,-0.373771,-0.208928,0.580159
456913200.000,Miguel,recording,switch_hand,7,1.669446,7.023047,6.165423,-0.528824,-0.176382,0.571191
456913210.000,Miguel,recording,switch_hand,7,1.722367,6.484834,6.667491,-0.660133,-0.077057,0.528495
456913220.000,Miguel,recording,switch_hand,7,1.935975,6.186993,7.714338,-0.691292,0.103855,0.452839
456913230.000,Miguel,recording,switch_hand,7,2.305522,5.463587,8.935317,-0.551766,0.396854,0.311496
456913240.000,Miguel,recording,switch_hand,7,2.606020,5.985412,9.448554,-0.279930,0.793263,0.068926
456913250.000,Miguel,recording,switch_hand,7,2.523541,6.620554,9.113834,-0.016959,1.128442,-0.226569
456913260.000,Miguel,recording,switch_hand,7,1.263376,6.320236,8.720215,0.179362,1.296830,-0.453858
456913270.000,Miguel,recording,switch_hand,7,0.312239,6.008293,8.813556,0.353856,1.404370,-0.547469
456913280.000,Miguel,recording,switch_hand,7,-0.095838,6.404738,8.837332,0.539876,1.530527,-0.541677
456913290.000,Miguel,recording,switch_hand,7,-0.085092,6.601161,8.426913,0.714167,1.643312,-0.478568
456913300.000,Miguel,recording,switch_hand,7,-0.075449,7.258129,7.901012,0.798356,1.692794,-0.383301
456913310.000,Miguel,recording,switch_hand,7,-0.146660,7.635290,7.234301,0.715842,1.600466,-0.321743
456913320.000,Miguel,recording,switch_hand,7,-0.581604,7.205688,6.596788,0.486018,1.311655,-0.324041
456913330.000,Miguel,recording,switch_hand,7,-1.672220,6.665135,6.627522,0.220150,0.974132,-0.272179
456913340.000,Miguel,recording,switch_hand,7,-2.192885,6.504282,7.286320,0.001408,0.710610,-0.094887
456913350.000,Miguel,recording,switch_hand,7,-1.614747,6.315912,7.213562,-0.174356,0.469304,0.098699
456913360.000,Miguel,recording,switch_hand,7,-0.806862,6.426561,7.000964,-0.319508,0.280400,0.185776
456913370.000,Miguel,recording,switch_hand,7,-0.851164,6.523723,7.398001,-0.335063,0.251798,0.163826
456913380.000,Miguel,recording,switch_hand,7,-1.542753,6.549855,8.275266,-0.199000,0.382870,0.132428
456913390.000,Miguel,recording,switch_hand,7,-1.376584,6.742132,8.004876,-0.046828,0.527197,0.125251
456913400.000,Miguel,recording,switch_hand,7,-0.699761,6.663031,7.932296,0.045625,0.550782,0.083888
456913410.000,Miguel,recording,switch_hand,7,-0.321525,6.896938,7.547408,0.089963,0.459071,-0.025516
456913420.000,Miguel,recording,switch_hand,7,-0.527301,6.935211,7.557247,0.128050,0.367877,-0.179498
456913430.000,Miguel,recording,switch_hand,7,-1.111784,6.812052,7.542826,0.182443,0.375439,-0.314714
456913440.000,Miguel,recording,switch_hand,7,-1.387991,7.157278,7.623587,0.298119,0.411313,-0.375570
456913450.000,Miguel,recording,switch_hand,7,-1.704072,7.191012,7.293364,0.399337,0.367741,-0.367385
456913460.000,Miguel,recording,switch_hand,7,-2.150050,6.875264,6.375509,0.375983,0.247856,-0.332557
456913470.000,Miguel,recording,switch_hand,7,-2.449546,6.899356,6.123528,0.297902,0.122323,-0.299106
456913480.000,Miguel,recording,switch_hand,7,-2.579356,6.828158,5.889430,0.223031,0.055605,-0.259648
456913490.000,Miguel,recording,switch_hand,7,-2.264849,6.748020,5.550216,0.140514,0.027508,-0.200592
456913500.000,Miguel,recording,switch_hand,7,-1.977787,6.625580,5.529381,0.046140,-0.014098,-0.131581
456913510.000,Miguel,recording,switch_hand,7,-1.749567,6.455421,5.768427,-0.038894,-0.081709,-0.068634
456913520.000,Miguel,recording,switch_hand,7,-1.224569,6.573063,6.364593,-0.095727,-0.144313,-0.029190
456913530.000,Miguel,recording,switch_hand,7,-0.863298,6.479142,6.928719,-0.116950,-0.142909,-0.014744
456913540.000,Miguel,recording,switch_hand,7,-0.712886,6.236968,7.276865,-0.092404,-0.084459,-0.003180
456913550.000,Miguel,recording,switch_hand,7,-0.599699,6.101695,7.402852,-0.026351,-0.035034,0.001097
456913560.000,Miguel,recording,switch_hand,7,-0.380529,6.296819,7.507188,0.064170,-0.009194,-0.021237
456913570.000,Miguel,recording,switch_hand,7,-0.447327,6.456468,7.337132,0.163091,0.001522,-0.065532
456913580.000,Miguel,recording,switch_hand,7,-0.663708,6.633554,7.077018,0.246689,-0.007809,-0.116086
456913590.000,Miguel,recording,switch_hand,7,-0.939838,6.778946,6.712341,0.294556,-0.032386,-0.156106
456913600.000,Miguel,recording,switch_hand,7,-1.204556,6.884479,6.401887,0.300239,-0.057608,-0.176323
456913610.000,Miguel,recording,switch_hand,7,-1.371976,6.963617,6.170354,0.267747,-0.079046,-0.176244
456913620.000,Miguel,recording,switch_hand,7,-1.440224,7.063936,6.074650,0.209108,-0.103725,-0.163319
456913630.000,Miguel,recording,switch_hand,7,-1.386997,7.244841,6.104556,0.138708,-0.134768,-0.152191
456913640.000,Miguel,recording,switch_hand,7,-1.273123,7.329250,6.159932,0.066898,-0.169951,-0.158545
456913650.000,Miguel,recording,switch_hand,7,-1.060661,7.297988,6.328484,0.003516,-0.210417,-0.188829
456913660.000,Miguel,recording,switch_hand,7,-0.896061,7.102805,6.515377,-0.043491,-0.252430,-0.237790
456913670.000,Miguel,recording,switch_hand,7,-0.830012,6.926696,6.654040,-0.071984,-0.286960,-0.293286
456913680.000,Miguel,recording,switch_hand,7,-0.888059,6.741443,6.757737,-0.085931,-0.312164,-0.342037
456913690.000,Miguel,recording,switch_hand,7,-1.060368,6.639515,6.820560,-0.091885,-0.328569,-0.372627
456913700.000,Miguel,recording,switch_hand,7,-1.289126,6.543392,6.866570,-0.091657,-0.335758,-0.378411
456913710.000,Miguel,recording,switch_hand,7,-1.471141,6.473054,6.908925,-0.085876,-0.338275,-0.359887
456913720.000,Miguel,recording,switch_hand,7,-1.580901,6.403698,6.948359,-0.076847,-0.342144,-0.323416
456913730.000,Miguel,recording,switch_hand,7,-1.641839,6.383251,7.049571,-0.061302,-0.344482,-0.277577
456913740.000,Miguel,recording,switch_hand,7,-1.651422,6.387591,7.135613,-0.035109,-0.339380,-0.229535
456913750.000,Miguel,recording,switch_hand,7,-1.672153,6.362619,7.131652,-0.001336,-0.328810,-0.184059
456913760.000,Miguel,recording,switch_hand,7,-1.690375,6.359277,7.055856,0.032900,-0.318411,-0.143518
456913770.000,Miguel,recording,switch_hand,7,-1.696914,6.395296,6.952722,0.058517,-0.313533,-0.109120
456913780.000,Miguel,recording,switch_hand,7,-1.642151,6.476356,6.910312,0.069336,-0.313232,-0.077634
456913790.000,Miguel,recording,switch_hand,7,-1.550159,6.538110,6.934556,0.070614,-0.310031,-0.046330
456913800.000,Miguel,recording,switch_hand,7,-1.403361,6.547799,7.002846,0.071955,-0.301064,-0.020040
456913810.000,Miguel,recording,switch_hand,7,-1.275110,6.517889,7.042384,0.079781,-0.289902,-0.003952
456913820.000,Miguel,recording,switch_hand,7,-1.170143,6.544224,6.987104,0.088137,-0.283558,-0.004240
456913830.000,Miguel,recording,switch_hand,7,-1.106606,6.665251,6.838680,0.080901,-0.284761,-0.025362
456913840.000,Miguel,recording,switch_hand,7,-1.091202,6.792112,6.771761,0.052462,-0.286470,-0.060958
456913850.000,Miguel,recording,switch_hand,7,-1.059213,6.881217,6.812215,0.010685,-0.277436,-0.103080
456913860.000,Miguel,recording,switch_hand,7,-1.036277,6.829936,6.875427,-0.033771,-0.251569,-0.146987
456913870.000,Miguel,recording,switch_hand,7,-1.092946,6.733703,6.939779,-0.073344,-0.214418,-0.184914
456913880.000,Miguel,recording,switch_hand,7,-1.201714,6.682536,7.042529,-0.104585,-0.177433,-0.208299
456913890.000,Miguel,recording,switch_hand,7,-1.287999,6.653333,7.193506,-0.124260,-0.144208,-0.212641
456913900.000,Miguel,recording,switch_hand,7,-1.288310,6.637113,7.357581,-0.127849,-0.110618,-0.202027
456913910.000,Miguel,recording,switch_hand,7,-1.262564,6.554746,7.456708,-0.111782,-0.076803,-0.186936
456913920.000,Miguel,recording,switch_hand,7,-1.275866,6.491503,7.495801,-0.077088,-0.049110,-0.171847
456913930.000,Miguel,recording,switch_hand,7,-1.349257,6.447180,7.441365,-0.032246,-0.033637,-0.152995
456913940.000,Miguel,recording,switch_hand,7,-1.441247,6.442726,7.314790,0.010471,-0.032465,-0.127468
456913950.000,Miguel,recording,switch_hand,7,-1.485040,6.498032,7.166672,0.040312,-0.040611,-0.098151
456913960.000,Miguel,recording,switch_hand,7,-1.491141,6.541620,7.035100,0.052342,-0.048054,-0.069058
456913970.000,Miguel,recording,switch_hand,7,-1.491981,6.594205,6.962587,0.049692,-0.051878,-0.043291
456913980.000,Miguel,recording,switch_hand,7,-1.470949,6.603190,6.906400,0.037774,-0.055447,-0.021598
456913990.000,Miguel,recording,switch_hand,7,-1.455491,6.630739,6.919101,0.020309,-0.060922,-0.002047
456914000.000,Miguel,recording,switch_hand,7,-1.399424,6.652306,6.953689,0.003104,-0.066026,0.015967
456914010.000,Miguel,recording,switch_hand,7,-1.297098,6.657855,7.038513,-0.007406,-0.067914,0.029938
456914020.000,Miguel,recording,switch_hand,7,-1.204503,6.649292,7.124191,-0.008259,-0.066451,0.036086
456914030.000,Miguel,recording,switch_hand,7,-1.120170,6.656976,7.142148,-0.002856,-0.061580,0.033096
456914040.000,Miguel,recording,switch_hand,7,-1.055577,6.652801,7.112463,0.004046,-0.055853,0.023359
456914050.000,Miguel,recording,switch_hand,7,-1.062020,6.661031,7.076820,0.009647,-0.054160,0.011624
456914060.000,Miguel,recording,switch_hand,7,-1.081852,6.639325,7.040216,0.011265,-0.058769,0.001412
456914070.000,Miguel,recording,switch_hand,7,-1.113361,6.688157,7.027403,0.009229,-0.065809,-0.007299
456914080.000,Miguel,recording,switch_hand,7,-1.148158,6.726500,7.025767,0.005498,-0.069860,-0.014455
456914090.000,Miguel,recording,switch_hand,7,-1.166731,6.716460,7.019871,0.002194,-0.067701,-0.018509
456914100.000,Miguel,recording,switch_hand,7,-1.185275,6.670928,7.016627,0.000547,-0.064737,-0.016682
456914110.000,Miguel,recording,switch_hand,7,-1.211008,6.631447,7.017646,0.000752,-0.069730,-0.006967
456914120.000,Miguel,recording,switch_hand,7,-1.200988,6.629133,7.022184,0.002654,-0.078206,0.009046
456914130.000,Miguel,recording,switch_hand,7,-1.157965,6.659918,7.067105,0.006539,-0.080964,0.027387
456914140.000,Miguel,recording,switch_hand,7,-1.107685,6.655086,7.087496,0.013693,-0.078002,0.044438
456914150.000,Miguel,recording,switch_hand,7,-1.038201,6.648103,7.090880,0.024989,-0.075803,0.057472
456914160.000,Miguel,recording,switch_hand,7,-0.985188,6.634245,7.092275,0.038294,-0.080944,0.065284
456914170.000,Miguel,recording,switch_hand,7,-0.940432,6.657164,7.042092,0.048220,-0.089975,0.070048
456914180.000,Miguel,recording,switch_hand,7,-0.934936,6.726042,7.024073,0.053450,-0.093732,0.072657
456914190.000,Miguel,recording,switch_hand,7,-0.902510,6.798490,6.975387,0.056113,-0.090667,0.070577
456914200.000,Miguel,recording,switch_hand,7,-0.875695,6.818605,6.965803,0.056149,-0.084493,0.062357
456914210.000,Miguel,recording,switch_hand,7,-0.853249,6.797216,6.938860,0.053367,-0.080827,0.049040
456914220.000,Miguel,recording,switch_hand,7,-0.864331,6.794588,6.911472,0.046822,-0.078802,0.032998
456914230.000,Miguel,recording,switch_hand,7,-0.872128,6.814036,6.879601,0.034961,-0.072243,0.018533
456914240.000,Miguel,recording,switch_hand,7,-0.888140,6.829865,6.847310,0.017224,-0.061127,0.005917
456914250.000,Miguel,recording,switch_hand,7,-0.889928,6.808107,6.792306,-0.006621,-0.049637,-0.006841
456914260.000,Miguel,recording,switch_hand,7,-0.903421,6.738699,6.802322,-0.036035,-0.043149,-0.017489
456914270.000,Miguel,recording,switch_hand,7,-0.911802,6.700949,6.863911,-0.065189,-0.043187,-0.021435
456914280.000,Miguel,recording,switch_hand,7,-0.908370,6.718404,7.014476,-0.085019,-0.044174,-0.017739
456914290.000,Miguel,recording,switch_hand,7,-0.876767,6.730278,7.160818,-0.087949,-0.042134,-0.011236
456914300.000,Miguel,recording,switch_hand,7,-0.847252,6.721165,7.229419,-0.072501,-0.040999,-0.007459
456914310.000,Miguel,recording,switch_hand,7,-0.847427,6.719590,7.277027,-0.045463,-0.046828,-0.007064
456914320.000,Miguel,recording,switch_hand,7,-0.874555,6.712276,7.277288,-0.014853,-0.058159,-0.005213
456914330.000,Miguel,recording,switch_hand,8,-0.873783,6.696499,7.209909,0.012641,-0.068564,-0.000919
456914340.000,Miguel,recording,switch_hand,8,-0.866638,6.654739,7.117807,0.029830,-0.076113,0.003242
456914350.000,Miguel,recording,switch_hand,8,-0.881050,6.699298,7.019939,0.030474,-0.080608,0.005533
456914360.000,Miguel,recording,switch_hand,8,-0.911542,6.794534,6.988143,0.017402,-0.077509,0.004955
456914370.000,Miguel,recording,switch_hand,8,-0.933188,6.844169,7.023393,0.001039,-0.063490,0.001939
456914380.000,Miguel,recording,switch_hand,8,-0.906938,6.765245,7.083945,-0.011069,-0.043246,-0.004366
456914390.000,Miguel,recording,switch_hand,8,-0.871052,6.692740,7.099166,-0.018303,-0.025204,-0.013381
456914400.000,Miguel,recording,switch_hand,8,-0.879719,6.643962,7.083855,-0.024102,-0.011635,-0.020685
456914410.000,Miguel,recording,switch_hand,8,-0.957734,6.646068,7.092535,-0.029509,-0.000198,-0.021944
456914420.000,Miguel,recording,switch_hand,8,-1.036507,6.635814,7.102527,-0.031581,0.008224,-0.016269
456914430.000,Miguel,recording,switch_hand,8,-1.085490,6.599276,7.113408,-0.029098,0.007661,-0.006882
456914440.000,Miguel,recording,switch_hand,8,-1.101029,6.577514,7.076850,-0.024219,-0.003372,0.002692
456914450.000,Miguel,recording,switch_hand,8,-1.146064,6.595079,7.091440,-0.018129,-0.019480,0.012911
456914460.000,Miguel,recording,switch_hand,8,-1.181799,6.598167,7.093993,-0.012537,-0.039626,0.023760
456914470.000,Miguel,recording,switch_hand,8,-1.211357,6.577599,7.071692,-0.010694,-0.060367,0.032567
456914480.000,Miguel,recording,switch_hand,8,-1.236374,6.584548,7.058857,-0.013379,-0.074419,0.038420
456914490.000,Miguel,recording,switch_hand,8,-1.285375,6.574540,7.070574,-0.021557,-0.082198,0.042466
456914500.000,Miguel,recording,switch_hand,8,-1.354651,6.523517,7.051324,-0.035475,-0.087888,0.046415
456914510.000,Miguel,recording,switch_hand,8,-1.463713,6.448059,7.029826,-0.053543,-0.093895,0.053156
456914520.000,Miguel,recording,switch_hand,8,-1.579305,6.392046,7.063765,-0.073901,-0.104110,0.067596
456914530.000,Miguel,recording,switch_hand,8,-1.667977,6.322468,7.097661,-0.093053,-0.118289,0.091433
456914540.000,Miguel,recording,switch_hand,8,-1.732256,6.255780,7.145840,-0.108990,-0.133510,0.122150
456914550.000,Miguel,recording,switch_hand,8,-1.764900,6.190297,7.174597,-0.118812,-0.147481,0.156982
456914560.000,Miguel,recording,switch_hand,8,-1.800204,6.140852,7.232764,-0.123459,-0.159427,0.193336
456914570.000,Miguel,recording,switch_hand,8,-1.816740,6.109274,7.277719,-0.126438,-0.172847,0.229462
456914580.000,Miguel,recording,switch_hand,8,-1.779127,6.119515,7.386207,-0.126915,-0.188810,0.260661
456914590.000,Miguel,recording,switch_hand,8,-1.639540,6.141595,7.502999,-0.125305,-0.203801,0.282477
456914600.000,Miguel,recording,switch_hand,8,-1.496839,6.101532,7.599720,-0.123145,-0.205896,0.290716
456914610.000,Miguel,recording,switch_hand,8,-1.344250,6.010181,7.632584,-0.122579,-0.178237,0.280834
456914620.000,Miguel,recording,switch_hand,8,-1.363386,5.927018,7.581294,-0.129331,-0.114528,0.256157
456914630.000,Miguel,recording,switch_hand,8,-1.618243,5.859986,7.501640,-0.145327,-0.026270,0.232748
456914640.000,Miguel,recording,switch_hand,8,-1.969015,5.794357,7.476784,-0.162282,0.058884,0.235166
456914650.000,Miguel,recording,switch_hand,8,-2.241153,5.779188,7.469972,-0.166394,0.106895,0.279567
456914660.000,Miguel,recording,switch_hand,8,-2.199550,5.850953,7.481523,-0.145012,0.091680,0.361802
456914670.000,Miguel,recording,switch_hand,8,-1.762181,5.998688,7.550999,-0.096120,0.016993,0.460021
456914680.000,Miguel,recording,switch_hand,8,-1.136663,6.193674,7.554369,-0.031197,-0.072840,0.545207
456914690.000,Miguel,recording,switch_hand,8,-0.568991,6.405973,7.465301,0.037404,-0.142014,0.593838
456914700.000,Miguel,recording,switch_hand,8,-0.156720,6.601694,7.387564,0.106825,-0.208704,0.597461
456914710.000,Miguel,recording,switch_hand,8,0.124908,6.660537,7.274739,0.183357,-0.320346,0.562188
456914720.000,Miguel,recording,switch_hand,8,0.260397,6.624544,7.167327,0.276088,-0.506597,0.504145
456914730.000,Miguel,recording,switch_hand,8,0.640960,6.559925,7.052117,0.365727,-0.659726,0.545640
456914740.000,Miguel,recording,switch_hand,8,3.072624,5.186513,6.860105,0.363397,-0.577555,0.911992
456914750.000,Miguel,recording,switch_hand,8,7.230732,5.314912,6.667535,0.318268,-0.491426,1.193318
456914760.000,Miguel,recording,switch_hand,8,5.939397,8.365794,7.027663,0.456825,-0.526842,0.960595
456914770.000,Miguel,recording,switch_hand,8,3.453581,9.873877,8.058349,0.779199,-0.479601,0.571963
456914780.000,Miguel,recording,switch_hand,8,-0.139567,10.528685,7.911591,1.044874,-0.407015,0.334511
456914790.000,Miguel,recording,switch_hand,8,-1.615862,9.192710,6.971721,1.143764,-0.325343,0.272217
456914800.000,Miguel,recording,switch_hand,8,-2.462186,8.009683,5.434336,1.128206,-0.093045,0.315644
456914810.000,Miguel,recording,switch_hand,8,-2.032906,7.905024,3.135070,0.987227,0.436976,0.368652
456914820.000,Miguel,recording,switch_hand,8,-1.436786,8.013956,1.190169,0.642827,1.083835,0.422411
456914830.000,Miguel,recording,switch_hand,8,-1.407097,8.482907,1.555573,0.089269,1.536201,0.562580
456914840.000,Miguel,recording,switch_hand,8,-1.400101,7.743629,2.223738,-0.618582,1.760052,0.805364
456914850.000,Miguel,recording,switch_hand,8,-0.969868,6.408271,3.138886,-1.398628,1.832808,1.023413
456914860.000,Miguel,recording,switch_hand,8,-0.165885,5.394845,5.209944,-2.115197,1.795507,1.107659
456914870.000,Miguel,recording,switch_hand,8,0.455438,4.801109,7.728521,-2.677022,1.612242,1.071116
456914880.000,Miguel,recording,switch_hand,8,0.948805,4.249901,9.620612,-2.995774,1.255226,0.930305
456914890.000,Miguel,recording,switch_hand,8,1.116887,4.797922,11.030287,-2.918591,0.834634,0.720138
456914900.000,Miguel,recording,switch_hand,8,0.520966,5.928321,10.511575,-2.450417,0.521592,0.511877
456914910.000,Miguel,recording,switch_hand,8,-0.214970,6.401764,10.066750,-1.793847,0.350612,0.379797
456914920.000,Miguel,recording,switch_hand,8,-0.054462,6.631671,10.113417,-1.180401,0.151394,0.367281
456914930.000,Miguel,recording,switch_hand,8,0.956368,6.756230,9.684752,-0.758890,-0.207231,0.388998
456914940.000,Miguel,recording,switch_hand,8,1.792849,6.577775,9.146776,-0.541777,-0.622748,0.331510
456914950.000,Miguel,recording,switch_hand,8,1.635781,6.057749,8.680831,-0.456769,-0.943744,0.186519
456914960.000,Miguel,recording,switch_hand,8,1.028527,5.634284,8.602066,-0.416496,-1.128343,0.007804
456914970.000,Miguel,recording,switch_hand,8,0.517906,5.591871,8.788797,-0.369095,-1.220887,-0.138455
456914980.000,Miguel,recording,switch_hand,8,0.391530,5.868475,8.947909,-0.308381,-1.286665,-0.208184
456914990.000,Miguel,recording,switch_hand,8,0.458859,6.236212,9.085610,-0.237713,-1.346580,-0.203145
456915000.000,Miguel,recording,switch_hand,8,0.588613,6.359593,9.084212,-0.160729,-1.379820,-0.144817
456915010.000,Miguel,recording,switch_hand,8,0.683872,6.191833,8.861383,-0.078921,-1.352014,-0.062888
456915020.000,Miguel,recording,switch_hand,8,0.696582,5.795671,8.575430,0.015131,-1.226544,0.020454
456915030.000,Miguel,recording,switch_hand,8,0.890064,5.536274,8.234326,0.120827,-1.001530,0.100240
456915040.000,Miguel,recording,switch_hand,8,1.349175,5.454182,7.722036,0.213706,-0.718445,0.163277
456915050.000,Miguel,recording,switch_hand,8,1.819774,5.491152,7.243806,0.262694,-0.422110,0.192539
456915060.000,Miguel,recording,switch_hand,8,1.996342,5.515344,7.082718,0.260313,-0.143422,0.190046
456915070.000,Miguel,recording,switch_hand,8,1.866856,5.469150,7.137702,0.222659,0.083730,0.166974
456915080.000,Miguel,recording,switch_hand,8,1.648485,5.345256,7.285589,0.165851,0.224908,0.128653
456915090.000,Miguel,recording,switch_hand,8,1.473307,5.171322,7.508886,0.101379,0.279075,0.076165
456915100.000,Miguel,recording,switch_hand,8,1.045957,5.204924,7.953888,0.048345,0.266027,0.042480
456915110.000,Miguel,recording,switch_hand,8,0.590003,5.363718,8.273255,0.018681,0.192573,0.057743
456915120.000,Miguel,recording,switch_hand,8,0.420405,5.387868,8.289335,0.005975,0.075384,0.104977
456915130.000,Miguel,recording,switch_hand,8,0.518600,5.346654,8.126356,-0.000989,-0.049292,0.155056
456915140.000,Miguel,recording,switch_hand,8,0.761525,5.290200,7.951662,-0.007950,-0.146590,0.188081
456915150.000,Miguel,recording,switch_hand,8,1.087159,5.243834,7.774479,-0.010546,-0.193527,0.197069
456915160.000,Miguel,recording,switch_hand,8,1.372922,5.249721,7.673409,-0.004163,-0.178296,0.183182
456915170.000,Miguel,recording,switch_hand,8,1.515709,5.280002,7.666756,0.014920,-0.106036,0.151973
456915180.000,Miguel,recording,switch_hand,8,1.536718,5.356936,7.698079,0.050498,-0.002717,0.110721
456915190.000,Miguel,recording,switch_hand,8,1.439918,5.440966,7.751405,0.099893,0.104709,0.069283
456915200.000,Miguel,recording,switch_hand,8,1.325534,5.466428,7.785506,0.157172,0.205333,0.037053
456915210.000,Miguel,recording,switch_hand,8,1.252474,5.524377,7.774752,0.215753,0.295281,0.016598
456915220.000,Miguel,recording,switch_hand,8,1.319759,5.643849,7.711950,0.265897,0.364433,0.005943
456915230.000,Miguel,recording,switch_hand,8,1.368373,5.761540,7.606061,0.295705,0.403050,0.001849
456915240.000,Miguel,recording,switch_hand,8,1.326179,5.781717,7.537504,0.300510,0.410028,0.000888
456915250.000,Miguel,recording,switch_hand,8,1.244447,5.743799,7.528102,0.284054,0.387982,0.001156
456915260.000,Miguel,recording,switch_hand,8,1.155863,5.739209,7.485746,0.251294,0.339642,0.005783
456915270.000,Miguel,recording,switch_hand,8,1.088354,5.801481,7.404496,0.204004,0.270648,0.019092
456915280.000,Miguel,recording,switch_hand,8,1.121536,5.819129,7.337640,0.143819,0.190954,0.038584
456915290.000,Miguel,recording,switch_hand,8,1.247308,5.777043,7.248225,0.074724,0.114675,0.054328
456915300.000,Miguel,recording,switch_hand,8,1.381201,5.718562,7.144669,0.001236,0.055454,0.056656
456915310.000,Miguel,recording,switch_hand,8,1.441381,5.709147,7.114225,-0.070691,0.022783,0.045192
456915320.000,Miguel,recording,switch_hand,8,1.378731,5.704513,7.257289,-0.129739,0.022388,0.028941
456915330.000,Miguel,recording,switch_hand,8,1.253553,5.671052,7.598637,-0.157536,0.054680,0.018322
456915340.000,Miguel,recording,switch_hand,8,1.191028,5.611644,7.934346,-0.143174,0.111743,0.015500
456915350.000,Miguel,recording,switch_hand,8,1.193171,5.549222,8.156026,-0.094552,0.180198,0.013619
456915360.000,Miguel,recording,switch_hand,8,1.241961,5.476029,8.227624,-0.028433,0.244790,0.004138
456915370.000,Miguel,recording,switch_hand,8,1.289695,5.441496,8.168755,0.036934,0.291881,-0.017169
456915380.000,Miguel,recording,switch_hand,8,1.344026,5.410530,8.030218,0.086307,0.318990,-0.049386
456915390.000,Miguel,recording,switch_hand,8,1.350759,5.402606,7.953282,0.115535,0.330263,-0.087178
456915400.000,Miguel,recording,switch_hand,8,1.297673,5.405559,7.938137,0.129694,0.327857,-0.125728
456915410.000,Miguel,recording,switch_hand,8,1.187388,5.394472,7.974059,0.136577,0.309361,-0.160672
456915420.000,Miguel,recording,switch_hand,8,1.107561,5.373937,7.948715,0.141330,0.275172,-0.188987
456915430.000,Miguel,recording,switch_hand,8,1.126413,5.371370,7.848659,0.142749,0.239609,-0.211924
456915440.000,Miguel,recording,switch_hand,8,1.189908,5.390034,7.785895,0.141397,0.221933,-0.230721
456915450.000,Miguel,recording,switch_hand,8,1.276811,5.374472,7.828360,0.144543,0.231519,-0.247796
456915460.000,Miguel,recording,switch_hand,8,1.350575,5.344301,7.954062,0.163031,0.266810,-0.267822
456915470.000,Miguel,recording,switch_hand,8,1.438507,5.298014,8.098530,0.205393,0.321526,-0.292821
456915480.000,Miguel,recording,switch_hand,8,1.563460,5.256177,8.177825,0.268729,0.384699,-0.324339
456915490.000,Miguel,recording,switch_hand,8,1.556829,5.249803,8.123125,0.330513,0.437929,-0.372647
456915500.000,Miguel,recording,switch_hand,8,1.285299,5.170952,8.157836,0.359971,0.446733,-0.441108
456915510.000,Miguel,recording,switch_hand,8,1.243702,4.987572,8.186134,0.353597,0.362933,-0.512920
456915520.000,Miguel,recording,switch_hand,8,1.758567,5.071772,7.378511,0.192821,0.019762,-0.672739
456915530.000,Miguel,recording,switch_hand,8,1.930353,4.806756,6.906051,-0.194230,-0.666520,-0.942545
456915540.000,Miguel,recording,switch_hand,8,0.905613,4.536215,10.128405,-0.363525,-1.227406,-1.100427
456915550.000,Miguel,recording,switch_hand,8,0.748023,5.258892,10.140643,-0.113584,-1.303253,-1.159093
456915560.000,Miguel,recording,switch_hand,8,0.807422,5.556240,8.573810,0.245603,-0.977628,-1.270554
456915570.000,Miguel,recording,switch_hand,8,0.069397,5.843084,7.089224,0.546230,-0.396375,-1.332509
456915580.000,Miguel,recording,switch_hand,8,-0.739668,6.204281,6.488750,0.672239,0.170433,-1.262064
456915590.000,Miguel,recording,switch_hand,8,-0.689650,6.879874,6.367910,0.545082,0.490513,-1.140943
456915600.000,Miguel,recording,switch_hand,8,-0.862640,8.324835,8.106190,0.514797,0.482763,-1.041133
456915610.000,Miguel,recording,switch_hand,8,-1.901636,9.308299,9.409564,0.689707,0.271036,-0.939343
456915620.000,Miguel,recording,switch_hand,8,-3.160741,8.417915,8.493053,0.821082,0.010391,-0.773669
456915630.000,Miguel,recording,switch_hand,8,-2.646464,7.482689,7.286969,0.859744,-0.185608,-0.567590
456915640.000,Miguel,recording,switch_hand,8,-1.675471,7.251132,4.596651,0.712749,-0.157527,-0.389555
456915650.000,Miguel,recording,switch_hand,8,-1.911470,7.486414,3.714601,0.365022,0.074124,-0.211058
456915660.000,Miguel,recording,switch_hand,8,-1.795873,7.460003,4.596860,-0.068355,0.357529,-0.009669
456915670.000,Miguel,recording,switch_hand,8,-0.903126,7.063883,5.791049,-0.418622,0.572543,0.165143
456915680.000,Miguel,recording,switch_hand,8,0.482376,6.875822,7.524480,-0.582407,0.641347,0.269522
456915690.000,Miguel,recording,switch_hand,8,1.990506,6.366354,8.171865,-0.613896,0.695808,0.275073
456915700.000,Miguel,recording,switch_hand,8,3.224396,6.180939,7.540684,-0.598875,0.841889,0.160043
456915710.000,Miguel,recording,switch_hand,8,3.049466,6.343923,7.652462,-0.556202,0.962385,-0.032660
456915720.000,Miguel,recording,switch_hand,8,2.264585,6.114512,8.021297,-0.499643,1.044221,-0.235651
456915730.000,Miguel,recording,switch_hand,8,1.072880,6.044375,7.962022,-0.433477,1.138729,-0.420280
456915740.000,Miguel,recording,switch_hand,8,-0.463324,5.765458,7.950401,-0.358979,1.231228,-0.564410
456915750.000,Miguel,recording,switch_hand,8,-1.836940,5.642248,7.815861,-0.282812,1.299230,-0.642960
456915760.000,Miguel,recording,switch_hand,8,-2.685876,5.819477,7.216020,-0.232709,1.319071,-0.647196
456915770.000,Miguel,recording,switch_hand,8,-2.964242,6.049315,6.922048,-0.235349,1.272416,-0.587624
456915780.000,Miguel,recording,switch_hand,8,-2.965402,6.374644,6.820924,-0.274730,1.170000,-0.488028
456915790.000,Miguel,recording,switch_hand,8,-2.907197,6.407677,7.223329,-0.314192,1.020785,-0.367523
456915800.000,Miguel,recording,switch_hand,8,-2.684083,6.352107,7.758846,-0.317286,0.802760,-0.239759
456915810.000,Miguel,recording,switch_hand,8,-2.340611,6.320636,8.360354,-0.247504,0.518802,-0.120260
456915820.000,Miguel,recording,switch_hand,8,-1.900802,6.257500,8.911111,-0.076537,0.175569,-0.025170
456915830.000,Miguel,recording,switch_hand,8,-1.494689,6.191986,9.245501,0.178170,-0.200655,0.027871
456915840.000,Miguel,recording,switch_hand,8,-1.126081,6.212311,8.974253,0.449104,-0.550122,0.037002
456915850.000,Miguel,recording,switch_hand,8,-0.925431,6.261009,8.411418,0.671025,-0.830453,0.020436
456915860.000,Miguel,recording,switch_hand,8,-0.905705,6.321413,7.883193,0.813428,-1.019349,0.001488
456915870.000,Miguel,recording,switch_hand,8,-0.925041,6.271627,7.549801,0.877941,-1.111566,-0.004402
456915880.000,Miguel,recording,switch_hand,8,-0.944906,6.161764,7.385925,0.884730,-1.122477,0.005338
456915890.000,Miguel,recording,switch_hand,8,-0.951374,6.132109,7.401588,0.862086,-1.078612,0.026517
456915900.000,Miguel,recording,switch_hand,8,-0.847618,6.197900,7.542186,0.835093,-1.006435,0.050081
456915910.000,Miguel,recording,switch_hand,8,-0.657792,6.275415,7.614491,0.815579,-0.920789,0.062120
456915920.000,Miguel,recording,switch_hand,8,-0.530160,6.361954,7.573875,0.803113,-0.832582,0.052492
456915930.000,Miguel,recording,switch_hand,8,-0.465988,6.538380,7.447625,0.790542,-0.755073,0.023360
456915940.000,Miguel,recording,switch_hand,8,-0.444499,6.696233,7.286077,0.771804,-0.691726,-0.015354
456915950.000,Miguel,recording,switch_hand,8,-0.481354,6.753636,7.128177,0.747348,-0.641776,-0.053931
456915960.000,Miguel,recording,switch_hand,8,-0.576695,6.739896,6.949029,0.718901,-0.610230,-0.085854
456915970.000,Miguel,recording,switch_hand,8,-0.700304,6.744380,6.802458,0.686854,-0.602861,-0.104990
456915980.000,Miguel,recording,switch_hand,8,-0.788004,6.819761,6.686358,0.651549,-0.617192,-0.106723
456915990.000,Miguel,recording,switch_hand,8,-0.864169,6.884892,6.662761,0.616114,-0.644071,-0.091730
456916000.000,Miguel,recording,switch_hand,8,-0.792806,6.905280,6.719948,0.587923,-0.680887,-0.067239
456916010.000,Miguel,recording,switch_hand,8,-0.660364,6.882713,6.835226,0.572796,-0.726017,-0.046306
456916020.000,Miguel,recording,switch_hand,8,-0.517142,6.868226,6.913448,0.571914,-0.772974,-0.038876
456916030.000,Miguel,recording,switch_hand,8,-0.453092,6.880876,6.921632,0.579869,-0.814589,-0.046887
456916040.000,Miguel,recording,switch_hand,8,-0.367095,6.881833,6.854145,0.585914,-0.839770,-0.065533
456916050.000,Miguel,recording,switch_hand,8,-0.346642,6.868004,6.770198,0.581925,-0.837804,-0.086957
456916060.000,Miguel,recording,switch_hand,8,-0.369158,6.886246,6.708042,0.562639,-0.808513,-0.104943
456916070.000,Miguel,recording,switch_hand,8,-0.387122,6.885666,6.632954,0.527895,-0.756041,-0.119618
456916080.000,Miguel,recording,switch_hand,8,-0.386018,6.842087,6.573138,0.483218,-0.685187,-0.133452
456916090.000,Miguel,recording,switch_hand,8,-0.412323,6.800814,6.524719,0.435814,-0.607699,-0.143254
456916100.000,Miguel,recording,switch_hand,8,-0.471066,6.802980,6.511127,0.392719,-0.537224,-0.145059
456916110.000,Miguel,recording,switch_hand,8,-0.567277,6.827570,6.499025,0.360543,-0.480361,-0.139609
456916120.000,Miguel,recording,switch_hand,8,-0.643701,6.864171,6.493600,0.339881,-0.441952,-0.129739
456916130.000,Miguel,recording,switch_hand,8,-0.673781,6.868542,6.422904,0.324423,-0.425082,-0.118075
456916140.000,Miguel,recording,switch_hand,8,-0.681168,6.859779,6.340214,0.307527,-0.421398,-0.106807
456916150.000,Miguel,recording,switch_hand,8,-0.657827,6.881804,6.242017,0.280379,-0.418283,-0.097097
456916160.000,Miguel,recording,switch_hand,8,-0.601005,6.872694,6.193767,0.239432,-0.406066,-0.089797
456916170.000,Miguel,recording,switch_hand,8,-0.538624,6.887481,6.181076,0.188175,-0.378783,-0.087344
456916180.000,Miguel,recording,switch_hand,8,-0.543607,6.876767,6.203546,0.132234,-0.336614,-0.089181
456916190.000,Miguel,recording,switch_hand,8,-0.598111,6.897690,6.262738,0.077455,-0.285437,-0.092609
456916200.000,Miguel,recording,switch_hand,8,-0.703434,6.862844,6.282754,0.024548,-0.230748,-0.094146
456916210.000,Miguel,recording,switch_hand,8,-0.845294,6.801741,6.334117,-0.026933,-0.175567,-0.085923
456916220.000,Miguel,recording,switch_hand,8,-0.956876,6.791587,6.416347,-0.074488,-0.124180,-0.062589
456916230.000,Miguel,recording,switch_hand,8,-0.972947,6.763275,6.518845,-0.113932,-0.076424,-0.025423
456916240.000,Miguel,recording,switch_hand,8,-0.971876,6.729423,6.668173,-0.139666,-0.032325,0.021459
456916250.000,Miguel,recording,switch_hand,8,-0.921195,6.713763,6.797109,-0.144899,0.001260,0.074717
456916260.000,Miguel,recording,switch_hand,8,-0.834318,6.703522,6.931799,-0.128126,0.020362,0.129147
456916270.000,Miguel,recording,switch_hand,8,-0.726776,6.721687,7.042998,-0.093594,0.026377,0.176916
456916280.000,Miguel,recording,switch_hand,8,-0.625084,6.784103,7.095478,-0.046127,0.019682,0.214143
456916290.000,Miguel,recording,switch_hand,8,-0.561981,6.869106,7.085819,0.007308,0.003049,0.244346
456916300.000,Miguel,recording,switch_hand,8,-0.493823,6.883379,7.033285,0.059290,-0.018451,0.268877
456916310.000,Miguel,recording,switch_hand,8,-0.446704,6.885014,6.957000,0.103569,-0.041066,0.285518
456916320.000,Miguel,recording,switch_hand,8,-0.412534,6.880489,6.854412,0.130362,-0.059699,0.296322
456916330.000,Miguel,recording,switch_hand,8,-0.410669,6.919326,6.729328,0.132876,-0.065020,0.305408
456916340.000,Miguel,recording,switch_hand,8,-0.382267,6.964058,6.655081,0.112783,-0.048110,0.316789
456916350.000,Miguel,recording,switch_hand,8,-0.312937,6.968210,6.638102,0.076437,-0.006567,0.329589
456916360.000,Miguel,recording,switch_hand,8,-0.241039,6.966213,6.713541,0.034724,0.057456,0.339292
456916370.000,Miguel,recording,switch_hand,8,-0.200926,6.994513,6.754165,-0.003480,0.136405,0.340036
456916380.000,Miguel,recording,switch_hand,8,-0.201501,7.001957,6.792030,-0.032671,0.216573,0.330924
456916390.000,Miguel,recording,switch_hand,8,-0.227616,7.009864,6.819153,-0.044014,0.267416,0.319915
456916400.000,Miguel,recording,switch_hand,8,-0.226339,6.968728,6.787803,-0.032981,0.250669,0.302552
456916410.000,Miguel,recording,switch_hand,8,-0.230861,6.881620,6.693465,-0.005703,0.157751,0.269892
456916420.000,Miguel,recording,switch_hand,8,-0.615242,6.791771,6.442382,-0.010316,0.055595,0.328554
456916430.000,Miguel,recording,switch_hand,8,-1.797778,6.262865,5.728727,-0.138954,0.048130,0.816554
456916440.000,Miguel,recording,switch_hand,8,-0.365463,5.690743,5.797349,-0.189364,-0.128007,1.584300
456916450.000,Miguel,recording,switch_hand,8,7.647903,7.349586,7.758963,0.117670,-0.537383,1.777409
456916460.000,Miguel,recording,switch_hand,8,10.198680,9.649887,7.936966,0.570417,-0.718102,1.243084
456916470.000,Miguel,recording,switch_hand,8,4.864531,9.927726,8.583623,0.874035,-0.617196,0.630495
456916480.000,Miguel,recording,switch_hand,8,-1.505914,10.278777,7.725362,1.041984,-0.434650,0.343579
456916490.000,Miguel,recording,switch_hand,8,-3.562373,9.840871,6.718535,1.189569,-0.093431,0.362897
456916500.000,Miguel,recording,switch_hand,8,-3.038211,8.328019,4.251614,1.272082,0.565665,0.512023
456916510.000,Miguel,recording,switch_hand,8,-0.846120,7.446967,0.842953,1.057838,1.379758,0.662557
456916520.000,Miguel,recording,switch_hand,8,0.605383,7.961433,-0.596417,0.414895,1.887445,0.769758
456916530.000,Miguel,recording,switch_hand,8,0.525177,8.424281,0.730477,-0.437377,1.908605,0.858515
456916540.000,Miguel,recording,switch_hand,8,-0.000589,7.535393,3.218096,-1.168096,1.675309,0.923981
456916550.000,Miguel,recording,switch_hand,8,0.278676,5.870609,5.287994,-1.672529,1.440589,0.923462
456916560.000,Miguel,recording,switch_hand,8,1.014156,4.530361,6.156321,-2.020910,1.276021,0.841178
456916570.000,Miguel,recording,switch_hand,8,0.995077,4.725004,6.604399,-2.209683,1.151140,0.683647
456916580.000,Miguel,recording,switch_hand,8,0.795767,5.417416,7.550540,-2.168416,0.965597,0.498883
456916590.000,Miguel,recording,switch_hand,8,0.742331,6.318337,9.009933,-1.926520,0.552850,0.368984
456916600.000,Miguel,recording,switch_hand,8,1.217110,7.033072,9.794035,-1.565448,-0.052764,0.310845
456916610.000,Miguel,recording,switch_hand,8,1.804667,7.109856,10.720712,-1.148520,-0.594204,0.260967
456916620.000,Miguel,recording,switch_hand,8,1.959403,7.079307,10.671026,-0.728875,-0.971501,0.191896
456916630.000,Miguel,recording,switch_hand,8,1.741818,7.013938,10.081502,-0.353333,-1.268149,0.124966
456916640.000,Miguel,recording,switch_hand,8,1.605045,7.143880,9.138414,-0.053444,-1.485620,0.065088
456916650.000,Miguel,recording,switch_hand,8,1.838900,7.613028,8.177846,0.146997,-1.585594,-0.005010
456916660.000,Miguel,recording,switch_hand,8,2.074079,8.125559,7.462726,0.247190,-1.599022,-0.089445
456916670.000,Miguel,recording,switch_hand,8,1.865692,8.045905,7.171970,0.292008,-1.545355,-0.146731
456916680.000,Miguel,recording,switch_hand,8,1.800150,7.949658,7.046841,0.328319,-1.433302,-0.138089
456916690.000,Miguel,recording,switch_hand,8,2.057961,7.786222,6.607717,0.355102,-1.307439,-0.084576
456916700.000,Miguel,recording,switch_hand,8,2.016003,7.655797,6.129817,0.350375,-1.174792,-0.008588
456916710.000,Miguel,recording,switch_hand,8,1.875487,7.407641,5.551312,0.297674,-1.016609,0.095263
456916720.000,Miguel,recording,switch_hand,8,1.858651,7.242159,5.265086,0.204949,-0.823912,0.200704
456916730.000,Miguel,recording,switch_hand,8,1.939346,7.111984,5.286281,0.097073,-0.580781,0.271794
456916740.000,Miguel,recording,switch_hand,8,2.010309,7.081597,5.446710,-0.010534,-0.298759,0.317831
456916750.000,Miguel,recording,switch_hand,8,1.982147,6.976087,5.683322,-0.113304,-0.029728,0.363404
456916760.000,Miguel,recording,switch_hand,8,1.993038,6.746349,6.039814,-0.213897,0.172640,0.410626
456916770.000,Miguel,recording,switch_hand,8,2.073714,6.526439,6.465088,-0.318065,0.264258,0.447502
456916780.000,Miguel,recording,switch_hand,8,2.215229,6.193332,6.947982,-0.403336,0.253394,0.465390
456916790.000,Miguel,recording,switch_hand,8,2.370555,5.818473,7.480718,-0.434190,0.191490,0.455606
456916800.000,Miguel,recording,switch_hand,8,2.459287,5.612436,7.667168,-0.406567,0.114191,0.402867
456916810.000,Miguel,recording,switch_hand,8,2.432918,5.575651,7.713269,-0.338232,0.042770,0.311677
456916820.000,Miguel,recording,switch_hand,8,2.271989,5.760012,7.733784,-0.244266,-0.010973,0.213673
456916830.000,Miguel,recording,switch_hand,8,2.064908,5.974963,7.708361,-0.133803,-0.043703,0.139308
456916840.000,Miguel,recording,switch_hand,8,1.980800,6.117337,7.506472,-0.017255,-0.047383,0.095789
456916850.000,Miguel,recording,switch_hand,8,2.111800,6.156789,7.189637,0.094307,-0.007198,0.067367
456916860.000,Miguel,recording,switch_hand,8,2.330009,6.150806,6.903820,0.189729,0.079611,0.036844
456916870.000,Miguel,recording,switch_hand,8,2.470453,6.243133,6.724602,0.266267,0.198252,0.008108
456916880.000,Miguel,recording,switch_hand,8,2.491347,6.409490,6.624768,0.325903,0.321756,-0.007486
456916890.000,Miguel,recording,switch_hand,8,2.490503,6.484549,6.448391,0.362064,0.422417,-0.010251
456916900.000,Miguel,recording,switch_hand,8,2.486448,6.467272,6.227850,0.361012,0.486504,-0.006690
456916910.000,Miguel,recording,switch_hand,8,2.398349,6.383789,6.058003,0.317484,0.509617,-0.004344
456916920.000,Miguel,recording,switch_hand,8,2.296807,6.322581,6.029272,0.240507,0.487261,-0.006028
456916930.000,Miguel,recording,switch_hand,8,2.250885,6.267203,6.082285,0.147805,0.423577,-0.012522
456916940.000,Miguel,recording,switch_hand,8,2.208697,6.216915,6.181187,0.056591,0.337819,-0.023676
456916950.000,Miguel,recording,switch_hand,8,2.137399,6.237825,6.282236,-0.025119,0.255076,-0.034464
456916960.000,Miguel,recording,switch_hand,8,2.052639,6.293719,6.453391,-0.090217,0.189676,-0.040144
456916970.000,Miguel,recording,switch_hand,8,2.000886,6.351882,6.553995,-0.134259,0.144544,-0.039245
456916980.000,Miguel,recording,switch_hand,8,1.980798,6.417548,6.627510,-0.160627,0.125975,-0.032550
456916990.000,Miguel,recording,switch_hand,8,2.013276,6.475890,6.706666,-0.172828,0.146060,-0.022734
456917000.000,Miguel,recording,switch_hand,8,2.098386,6.512772,6.819674,-0.170845,0.203728,-0.010453
456917010.000,Miguel,recording,switch_hand,8,2.158872,6.560071,6.964945,-0.157804,0.276507,0.010549
456917020.000,Miguel,recording,switch_hand,8,2.183167,6.658240,7.092442,-0.142650,0.330910,0.043645
456917030.000,Miguel,recording,switch_hand,8,2.243581,6.646448,7.163281,-0.135932,0.343213,0.077432
456917040.000,Miguel,recording,switch_hand,8,2.249398,6.443506,7.152975,-0.144541,0.312332,0.094692
456917050.000,Miguel,recording,switch_hand,8,2.295582,6.209734,7.155076,-0.167713,0.249169,0.085180
456917060.000,Miguel,recording,switch_hand,8,2.367154,6.074340,7.193968,-0.195578,0.169643,0.050667
456917070.000,Miguel,recording,switch_hand,8,2.416314,6.047308,7.304397,-0.214367,0.092784,-0.002045
456917080.000,Miguel,recording,switch_hand,8,2.373619,6.020694,7.451476,-0.212537,0.039196,-0.065973
456917090.000,Miguel,recording,switch_hand,8,2.248419,6.085558,7.595841,-0.185217,0.018091,-0.125488
456917100.000,Miguel,recording,switch_hand,8,2.112019,6.283843,7.660049,-0.139457,0.018628,-0.160636
456917110.000,Miguel,recording,switch_hand,8,2.009578,6.433657,7.609710,-0.089323,0.024776,-0.168585
456917120.000,Miguel,recording,switch_hand,8,1.923829,6.446799,7.481440,-0.049541,0.029067,-0.164070
456917130.000,Miguel,recording,switch_hand,8,1.831040,6.362409,7.348917,-0.027556,0.028709,-0.158695
456917140.000,Miguel,recording,switch_hand,8,1.745794,6.330107,7.296012,-0.020630,0.013231,-0.152254
456917150.000,Miguel,recording,switch_hand,8,1.714747,6.350866,7.259190,-0.024846,-0.028060,-0.139276
456917160.000,Miguel,recording,switch_hand,8,1.696209,6.397122,7.180627,-0.042253,-0.092175,-0.117823
456917170.000,Miguel,recording,switch_hand,8,1.681556,6.369204,7.067538,-0.074558,-0.164583,-0.097272
456917180.000,Miguel,recording,switch_hand,8,1.634949,6.281445,6.972066,-0.112923,-0.222233,-0.090404
456917190.000,Miguel,recording,switch_hand,8,1.581108,6.197383,6.956899,-0.142880,-0.245422,-0.096704
456917200.000,Miguel,recording,switch_hand,8,1.562655,6.264188,6.953877,-0.156855,-0.237185,-0.102684
456917210.000,Miguel,recording,switch_hand,8,1.663656,6.430571,6.917716,-0.157557,-0.209663,-0.099724
456917220.000,Miguel,recording,switch_hand,8,1.752527,6.530556,6.905721,-0.153322,-0.167477,-0.092495
456917230.000,Miguel,recording,switch_hand,8,1.774184,6.510596,6.899972,-0.151166,-0.117781,-0.088534
456917240.000,Miguel,recording,switch_hand,8,1.719940,6.443590,6.939845,-0.152016,-0.071500,-0.090486
456917250.000,Miguel,recording,switch_hand,8,1.614266,6.422985,6.999337,-0.153543,-0.039545,-0.094854
456917260.000,Miguel,recording,switch_hand,8,1.564954,6.453066,7.067303,-0.155436,-0.030032,-0.095783
456917270.000,Miguel,recording,switch_hand,8,1.553796,6.484697,7.080796,-0.160079,-0.041112,-0.091237
456917280.000,Miguel,recording,switch_hand,8,1.526787,6.531492,7.049467,-0.172898,-0.061341,-0.081212
456917290.000,Miguel,recording,switch_hand,8,1.486894,6.563991,7.015944,-0.196862,-0.080161,-0.066478
456917300.000,Miguel,recording,switch_hand,8,1.501753,6.551773,7.040135,-0.227239,-0.092963,-0.050305
456917310.000,Miguel,recording,switch_hand,8,1.502061,6.543909,7.153317,-0.254063,-0.096962,-0.034509
456917320.000,Miguel,recording,switch_hand,8,1.420141,6.520930,7.319189,-0.267480,-0.090497,-0.019557
456917330.000,Miguel,recording,switch_hand,8,1.338750,6.494913,7.494186,-0.261834,-0.077862,-0.004542
456917340.000,Miguel,recording,switch_hand,8,1.366861,6.453575,7.624651,-0.238956,-0.064217,0.010836
456917350.000,Miguel,recording,switch_hand,8,1.499813,6.473324,7.674245,-0.205745,-0.051252,0.022961
456917360.000,Miguel,recording,switch_hand,9,1.647412,6.490818,7.674925,-0.171413,-0.039360,0.029667
456917370.000,Miguel,recording,switch_hand,9,1.698134,6.476822,7.675629,-0.142382,-0.030257,0.029298
456917380.000,Miguel,recording,switch_hand,9,1.695842,6.418430,7.718214,-0.116024,-0.028216,0.020289
456917390.000,Miguel,recording,switch_hand,9,1.735558,6.375783,7.748969,-0.088128,-0.036638,0.006305
456917400.000,Miguel,recording,switch_hand,9,1.808585,6.327079,7.689906,-0.057767,-0.053242,-0.009779
456917410.000,Miguel,recording,switch_hand,9,1.862031,6.252915,7.591338,-0.029586,-0.064125,-0.031125
456917420.000,Miguel,recording,switch_hand,9,1.774027,6.218583,7.498955,-0.010271,-0.058940,-0.055687
456917430.000,Miguel,recording,switch_hand,9,1.650052,6.271256,7.488564,0.004044,-0.045749,-0.074282
456917440.000,Miguel,recording,switch_hand,9,1.592088,6.337827,7.488520,0.019944,-0.038098,-0.079451
456917450.000,Miguel,recording,switch_hand,9,1.617342,6.344577,7.393233,0.033082,-0.037825,-0.072573
456917460.000,Miguel,recording,switch_hand,9,1.741071,6.303333,7.212933,0.034473,-0.041049,-0.062666
456917470.000,Miguel,recording,switch_hand,9,1.833585,6.262007,7.013059,0.017759,-0.044289,-0.057130
456917480.000,Miguel,recording,switch_hand,9,1.736647,6.249971,6.964116,-0.013255,-0.034130,-0.057204
456917490.000,Miguel,recording,switch_hand,9,1.453587,6.228171,7.213455,-0.038484,-0.002836,-0.053001
456917500.000,Miguel,recording,switch_hand,9,1.186478,6.225289,7.508791,-0.036089,0.033261,-0.031208
456917510.000,Miguel,recording,switch_hand,9,1.157905,6.244626,7.627211,-0.006387,0.054981,0.009146
456917520.000,Miguel,recording,switch_hand,9,1.317212,6.291637,7.565105,0.030268,0.062505,0.055684
456917530.000,Miguel,recording,switch_hand,9,1.480438,6.328977,7.420109,0.053402,0.063687,0.095536
456917540.000,Miguel,recording,switch_hand,9,1.687575,6.325490,7.275078,0.055286,0.056977,0.119313
456917550.000,Miguel,recording,switch_hand,9,1.910853,6.230091,7.180013,0.041358,0.042602,0.122519
456917560.000,Miguel,recording,switch_hand,9,2.085868,6.162264,7.130722,0.020868,0.029286,0.105886
456917570.000,Miguel,recording,switch_hand,9,2.135477,6.113376,7.190961,0.000552,0.026487,0.074460
456917580.000,Miguel,recording,switch_hand,9,1.941834,6.130917,7.396334,-0.009022,0.038632,0.038718
456917590.000,Miguel,recording,switch_hand,9,1.586049,6.202256,7.659258,0.005044,0.054250,0.019189
456917600.000,Miguel,recording,switch_hand,9,1.365872,6.295313,7.836558,0.040965,0.054809,0.033985
456917610.000,Miguel,recording,switch_hand,9,1.381653,6.401651,7.773625,0.081522,0.038073,0.076468
456917620.000,Miguel,recording,switch_hand,9,1.597790,6.393251,7.540787,0.107580,0.016143,0.119823
456917630.000,Miguel,recording,switch_hand,9,1.867265,6.269662,7.275363,0.111933,0.003470,0.138385
456917640.000,Miguel,recording,switch_hand,9,2.111018,6.129048,7.130845,0.103343,0.009691,0.123917
456917650.000,Miguel,recording,switch_hand,9,2.268673,6.091119,7.121151,0.094679,0.034199,0.087212
456917660.000,Miguel,recording,switch_hand,9,2.352710,6.126477,7.151136,0.093552,0.065990,0.045375
456917670.000,Miguel,recording,switch_hand,9,2.341160,6.179523,7.138079,0.095262,0.091283,0.007895
456917680.000,Miguel,recording,switch_hand,9,2.140176,6.200561,7.075371,0.088506,0.106110,-0.022581
456917690.000,Miguel,recording,switch_hand,9,1.804889,6.173391,7.137960,0.072209,0.111452,-0.042149
456917700.000,Miguel,recording,switch_hand,9,1.474015,6.217918,7.276852,0.056474,0.100400,-0.041920
456917710.000,Miguel,recording,switch_hand,9,1.349366,6.239109,7.361317,0.049164,0.068009,-0.019913
456917720.000,Miguel,recording,switch_hand,9,1.448024,6.286918,7.288505,0.045847,0.021753,0.012935
456917730.000,Miguel,recording,switch_hand,9,1.701638,6.253941,7.093011,0.034222,-0.021862,0.040711
456917740.000,Miguel,recording,switch_hand,9,1.921784,6.230487,6.927344,0.007645,-0.045980,0.051602
456917750.000,Miguel,recording,switch_hand,9,1.916305,6.240810,6.909145,-0.025333,-0.041924,0.044751
456917760.000,Miguel,recording,switch_hand,9,1.752184,6.273991,7.113504,-0.045164,-0.013662,0.034813
456917770.000,Miguel,recording,switch_hand,9,1.667147,6.270048,7.318414,-0.039036,0.022873,0.036793
456917780.000,Miguel,recording,switch_hand,9,1.725843,6.247030,7.367569,-0.015748,0.051453,0.047996
456917790.000,Miguel,recording,switch_hand,9,1.858999,6.225388,7.238427,0.003431,0.064816,0.054382
456917800.000,Miguel,recording,switch_hand,9,1.919306,6.231072,7.083225,0.004063,0.067191,0.048720
456917810.000,Miguel,recording,switch_hand,9,1.910327,6.227946,7.061003,-0.012483,0.064893,0.036273
456917820.000,Miguel,recording,switch_hand,9,1.862344,6.209685,7.147289,-0.034026,0.058708,0.024304
456917830.000,Miguel,recording,switch_hand,9,1.832157,6.158328,7.246580,-0.048584,0.048792,0.014291
456917840.000,Miguel,recording,switch_hand,9,1.849994,6.122746,7.317144,-0.050870,0.039711,0.003944
456917850.000,Miguel,recording,switch_hand,9,1.843825,6.088422,7.335683,-0.042535,0.037742,-0.009923
456917860.000,Miguel,recording,switch_hand,9,1.864546,6.099975,7.338629,-0.028025,0.042540,-0.027322
456917870.000,Miguel,recording,switch_hand,9,1.935798,6.134333,7.301353,-0.013112,0.049443,-0.044866
456917880.000,Miguel,recording,switch_hand,9,1.971908,6.155496,7.197994,-0.004477,0.056703,-0.060595
456917890.000,Miguel,recording,switch_hand,9,1.931022,6.156078,7.135304,-0.006882,0.068300,-0.074307
456917900.000,Miguel,recording,switch_hand,9,1.728735,6.173531,7.212282,-0.016136,0.087417,-0.082012
456917910.000,Miguel,recording,switch_hand,9,1.459947,6.206099,7.388640,-0.019652,0.103196,-0.073181
456917920.000,Miguel,recording,switch_hand,9,1.389074,6.235859,7.494845,-0.011137,0.102701,-0.045905
456917930.000,Miguel,recording,switch_hand,9,1.523603,6.250851,7.466529,-0.000241,0.087080,-0.013169
456917940.000,Miguel,recording,switch_hand,9,1.734909,6.222162,7.311195,-0.000332,0.063006,0.008917
456917950.000,Miguel,recording,switch_hand,9,1.910331,6.166102,7.159004,-0.017103,0.033478,0.010572
456917960.000,Miguel,recording,switch_hand,9,2.028777,6.150651,7.087905,-0.046403,0.004832,-0.007196
456917970.000,Miguel,recording,switch_hand,9,1.988053,6.179064,7.167914,-0.075428,-0.009475,-0.033239
456917980.000,Miguel,recording,switch_hand,9,1.729556,6.217560,7.404543,-0.088475,-0.008103,-0.050555
456917990.000,Miguel,recording,switch_hand,9,1.534869,6.251006,7.596890,-0.077083,-0.005564,-0.049378
456918000.000,Miguel,recording,switch_hand,9,1.514486,6.255157,7.617250,-0.049234,-0.004587,-0.035419
456918010.000,Miguel,recording,switch_hand,9,1.597653,6.256818,7.514281,-0.021141,0.003472,-0.018880
456918020.000,Miguel,recording,switch_hand,9,1.681009,6.242017,7.411250,-0.001247,0.018961,-0.011272
456918030.000,Miguel,recording,switch_hand,9,1.805008,6.219614,7.365758,0.010499,0.035861,-0.017550
456918040.000,Miguel,recording,switch_hand,9,1.921380,6.183463,7.286556,0.015827,0.048863,-0.033806
456918050.000,Miguel,recording,switch_hand,9,2.018995,6.168888,7.241066,0.017902,0.059141,-0.058562
456918060.000,Miguel,recording,switch_hand,9,2.061214,6.146265,7.175903,0.016416,0.069925,-0.091239
456918070.000,Miguel,recording,switch_hand,9,1.955774,6.128884,7.172189,0.010854,0.085280,-0.126952
456918080.000,Miguel,recording,switch_hand,9,1.614819,6.141707,7.296140,0.006128,0.105065,-0.154007
456918090.000,Miguel,recording,switch_hand,9,1.217795,6.183786,7.419185,0.006620,0.114376,-0.155206
456918100.000,Miguel,recording,switch_hand,9,1.022035,6.262868,7.497826,0.012670,0.104057,-0.123186
456918110.000,Miguel,recording,switch_hand,9,1.037918,6.359135,7.491655,0.019375,0.083914,-0.070301
456918120.000,Miguel,recording,switch_hand,9,1.141134,6.391524,7.438351,0.018706,0.064542,-0.016176
456918130.000,Miguel,recording,switch_hand,9,1.323314,6.376061,7.383094,0.009652,0.047895,0.026018
456918140.000,Miguel,recording,switch_hand,9,1.517755,6.324786,7.346554,-0.003072,0.033266,0.047762
456918150.000,Miguel,recording,switch_hand,9,1.716812,6.275905,7.338573,-0.014230,0.023061,0.043901
456918160.000,Miguel,recording,switch_hand,9,1.831581,6.226142,7.377903,-0.016917,0.020702,0.018290
456918170.000,Miguel,recording,switch_hand,9,1.836052,6.192625,7.434256,-0.007601,0.024369,-0.018997
456918180.000,Miguel,recording,switch_hand,9,1.779103,6.191472,7.448876,0.010436,0.028009,-0.056995
456918190.000,Miguel,recording,switch_hand,9,1.704582,6.192854,7.361921,0.027833,0.027585,-0.089502
456918200.000,Miguel,recording,switch_hand,9,1.645586,6.223359,7.257347,0.035932,0.027305,-0.114035
456918210.000,Miguel,recording,switch_hand,9,1.481090,6.283104,7.275204,0.036035,0.037748,-0.128530
456918220.000,Miguel,recording,switch_hand,9,1.145597,6.362425,7.428552,0.037940,0.058284,-0.123939
456918230.000,Miguel,recording,switch_hand,9,0.921798,6.392594,7.551363,0.049038,0.071174,-0.090681
456918240.000,Miguel,recording,switch_hand,9,0.957924,6.386154,7.563311,0.066177,0.068264,-0.040272
456918250.000,Miguel,recording,switch_hand,9,1.215980,6.355167,7.430456,0.076338,0.056962,0.003578
456918260.000,Miguel,recording,switch_hand,9,1.506370,6.289553,7.256106,0.069116,0.040980,0.025641
456918270.000,Miguel,recording,switch_hand,9,1.711810,6.235384,7.143082,0.045231,0.023817,0.025365
456918280.000,Miguel,recording,switch_hand,9,1.727469,6.228934,7.157697,0.015042,0.012748,0.009052
456918290.000,Miguel,recording,switch_hand,9,1.576129,6.251094,7.320503,-0.005839,0.008850,-0.012442
456918300.000,Miguel,recording,switch_hand,9,1.475627,6.272786,7.459196,-0.007443,0.004343,-0.026768
456918310.000,Miguel,recording,switch_hand,9,1.436901,6.303243,7.475076,0.005026,-0.005060,-0.031575
456918320.000,Miguel,recording,switch_hand,9,1.507571,6.319395,7.378092,0.019337,-0.014809,-0.034334
456918330.000,Miguel,recording,switch_hand,9,1.525203,6.304122,7.304784,0.028189,-0.016645,-0.042506
456918340.000,Miguel,recording,switch_hand,9,1.373306,6.319239,7.348176,0.033860,-0.004303,-0.051225
456918350.000,Miguel,recording,switch_hand,9,1.189521,6.371444,7.437502,0.046801,0.015932,-0.048509
456918360.000,Miguel,recording,switch_hand,9,1.171974,6.407871,7.490514,0.070202,0.033364,-0.029267
456918370.000,Miguel,recording,switch_hand,9,1.332024,6.420514,7.414770,0.095167,0.047999,-0.003076
456918380.000,Miguel,recording,switch_hand,9,1.548374,6.380532,7.284602,0.111750,0.064556,0.010741
456918390.000,Miguel,recording,switch_hand,9,1.723123,6.309863,7.187463,0.115081,0.081540,0.003115
456918400.000,Miguel,recording,switch_hand,9,1.815102,6.262466,7.125802,0.106468,0.091752,-0.023396
456918410.000,Miguel,recording,switch_hand,9,1.856556,6.258664,7.110261,0.092103,0.093470,-0.060422
456918420.000,Miguel,recording,switch_hand,9,1.761142,6.252356,7.147490,0.076947,0.092540,-0.096011
456918430.000,Miguel,recording,switch_hand,9,1.424441,6.255853,7.253802,0.063098,0.088922,-0.115797
456918440.000,Miguel,recording,switch_hand,9,1.026791,6.336411,7.365661,0.053951,0.069996,-0.105833
456918450.000,Miguel,recording,switch_hand,9,0.873962,6.398574,7.368429,0.048788,0.030998,-0.068299
456918460.000,Miguel,recording,switch_hand,9,0.955813,6.438868,7.298879,0.042777,-0.009141,-0.022191
456918470.000,Miguel,recording,switch_hand,9,1.130188,6.406105,7.227317,0.033627,-0.029579,0.013095
456918480.000,Miguel,recording,switch_hand,9,1.269925,6.331208,7.209647,0.026475,-0.025733,0.029305
456918490.000,Miguel,recording,switch_hand,9,1.421509,6.319041,7.238487,0.028844,-0.006754,0.029870
456918500.000,Miguel,recording,switch_hand,9,1.576347,6.355409,7.228807,0.038444,0.015415,0.021301
456918510.000,Miguel,recording,switch_hand,9,1.621511,6.405684,7.195410,0.046841,0.033848,0.005628
456918520.000,Miguel,recording,switch_hand,9,1.601965,6.385543,7.134457,0.047561,0.045451,-0.014935
456918530.000,Miguel,recording,switch_hand,9,1.491953,6.336825,7.123271,0.038247,0.048371,-0.035076
456918540.000,Miguel,recording,switch_hand,9,1.320011,6.324529,7.134434,0.022080,0.043150,-0.047941
456918550.000,Miguel,recording,switch_hand,9,1.164523,6.373637,7.196218,0.005402,0.033192,-0.046971
456918560.000,Miguel,recording,switch_hand,9,1.101761,6.437128,7.280955,-0.004318,0.020875,-0.031775
456918570.000,Miguel,recording,switch_hand,9,1.171423,6.458351,7.367738,-0.002391,0.009285,-0.009153
456918580.000,Miguel,recording,switch_hand,9,1.276260,6.421507,7.346285,0.006620,0.001773,0.011612
456918590.000,Miguel,recording,switch_hand,9,1.419984,6.369891,7.267898,0.014652,-0.000202,0.021638
456918600.000,Miguel,recording,switch_hand,9,1.535319,6.346451,7.203563,0.017307,0.003749,0.015771
456918610.000,Miguel,recording,switch_hand,9,1.532109,6.347963,7.207573,0.014379,0.010909,-0.000445
456918620.000,Miguel,recording,switch_hand,9,1.495739,6.374161,7.259930,0.010634,0.014525,-0.016349
456918630.000,Miguel,recording,switch_hand,9,1.459891,6.384899,7.297550,0.009973,0.010500,-0.026748
456918640.000,Miguel,recording,switch_hand,9,1.431499,6.347163,7.256019,0.009668,0.001583,-0.034410
456918650.000,Miguel,recording,switch_hand,9,1.362733,6.331003,7.285160,0.008485,-0.003996,-0.043034
456918660.000,Miguel,recording,switch_hand,9,1.251463,6.359109,7.345664,0.011177,-0.003692,-0.048412
456918670.000,Miguel,recording,switch_hand,9,1.187657,6.390881,7.366201,0.021284,-0.003627,-0.044602
456918680.000,Miguel,recording,switch_hand,9,1.253041,6.377798,7.306724,0.033833,-0.005689,-0.033800
456918690.000,Miguel,recording,switch_hand,9,1.354012,6.371045,7.206284,0.039790,-0.004707,-0.025556
456918700.000,Miguel,recording,switch_hand,9,1.372500,6.361657,7.187931,0.037640,0.002627,-0.024743
456918710.000,Miguel,recording,switch_hand,9,1.365063,6.353398,7.192798,0.033418,0.010984,-0.026640
456918720.000,Miguel,recording,switch_hand,9,1.396830,6.362191,7.215152,0.030680,0.014097,-0.026906
456918730.000,Miguel,recording,switch_hand,9,1.479318,6.374538,7.235987,0.029326,0.012314,-0.030911
456918740.000,Miguel,recording,switch_hand,9,1.545479,6.354371,7.212435,0.029029,0.012629,-0.043955
456918750.000,Miguel,recording,switch_hand,9,1.568419,6.334522,7.175890,0.030352,0.021301,-0.063216
456918760.000,Miguel,recording,switch_hand,9,1.557599,6.361825,7.187149,0.034398,0.039129,-0.083394
456918770.000,Miguel,recording,switch_hand,9,1.532750,6.384608,7.237697,0.042901,0.061692,-0.100649
456918780.000,Miguel,recording,switch_hand,9,1.476159,6.413303,7.292375,0.057581,0.086117,-0.112884
456918790.000,Miguel,recording,switch_hand,9,1.341184,6.413668,7.321765,0.074488,0.109819,-0.116178
456918800.000,Miguel,recording,switch_hand,9,1.234602,6.402271,7.354193,0.090454,0.123877,-0.109931
456918810.000,Miguel,recording,switch_hand,9,1.189288,6.405013,7.416156,0.107405,0.130727,-0.099944
456918820.000,Miguel,recording,switch_hand,9,1.221020,6.380512,7.461033,0.128022,0.141127,-0.092458
456918830.000,Miguel,recording,switch_hand,9,1.304432,6.361246,7.508403,0.154751,0.153748,-0.090111
456918840.000,Miguel,recording,switch_hand,9,1.441169,6.346193,7.486450,0.185415,0.164334,-0.096388
456918850.000,Miguel,recording,switch_hand,9,1.556278,6.336501,7.414711,0.215441,0.174908,-0.115911
456918860.000,Miguel,recording,switch_hand,9,1.628303,6.335274,7.344443,0.240108,0.185445,-0.145627
456918870.000,Miguel,recording,switch_hand,9,1.569476,6.366109,7.269554,0.255037,0.188156,-0.177321
456918880.000,Miguel,recording,switch_hand,9,1.409028,6.404938,7.234763,0.260539,0.177341,-0.203826
456918890.000,Miguel,recording,switch_hand,9,1.236214,6.448195,7.231816,0.261475,0.156595,-0.217916
456918900.000,Miguel,recording,switch_hand,9,1.104598,6.490733,7.210730,0.263785,0.132189,-0.215258
456918910.000,Miguel,recording,switch_hand,9,1.082541,6.511439,7.153963,0.267608,0.111311,-0.198026
456918920.000,Miguel,recording,switch_hand,9,1.179525,6.529376,7.025009,0.266816,0.098431,-0.172910
456918930.000,Miguel,recording,switch_hand,9,1.352203,6.516332,6.819632,0.252555,0.091114,-0.149220
456918940.000,Miguel,recording,switch_hand,9,1.503401,6.463954,6.596679,0.217540,0.084510,-0.135617
456918950.000,Miguel,recording,switch_hand,9,1.631369,6.353862,6.492959,0.163175,0.078045,-0.136736
456918960.000,Miguel,recording,switch_hand,9,1.768473,6.226906,6.483353,0.101630,0.072319,-0.151885
456918970.000,Miguel,recording,switch_hand,9,1.897500,6.095481,6.578273,0.048200,0.069432,-0.180109
456918980.000,Miguel,recording,switch_hand,9,2.019673,5.992733,6.746876,0.011427,0.085078,-0.222619
456918990.000,Miguel,recording,switch_hand,9,2.198312,5.844908,7.043562,-0.020723,0.118095,-0.306155
456919000.000,Miguel,recording,switch_hand,9,3.127125,5.160864,7.159707,-0.150899,0.010515,-0.602162
456919010.000,Miguel,recording,switch_hand,9,5.289784,3.285153,7.241870,-0.496435,-0.462774,-1.329043
456919020.000,Miguel,recording,switch_hand,9,5.333727,2.027396,10.106639,-0.667855,-0.949102,-2.231561
456919030.000,Miguel,recording,switch_hand,9,0.747908,4.300260,13.431902,-0.178424,-1.024842,-2.822549
456919040.000,Miguel,recording,switch_hand,9,-8.338052,9.110031,13.373395,0.728855,-0.858299,-2.660967
456919050.000,Miguel,recording,switch_hand,9,-12.805830,12.059979,10.347241,1.438420,-0.674531,-1.750330
456919060.000,Miguel,recording,switch_hand,9,-7.436852,11.064281,6.807385,1.697303,-0.531658,-0.748696
456919070.000,Miguel,recording,switch_hand,9,-2.245177,8.976913,4.984755,1.653253,-0.430641,-0.111440
456919080.000,Miguel,recording,switch_hand,9,0.840138,6.973558,3.710278,1.436209,-0.320290,0.151966
456919090.000,Miguel,recording,switch_hand,9,2.137996,6.725216,2.337010,1.097304,-0.169512,0.205461
456919100.000,Miguel,recording,switch_hand,9,1.797218,7.223287,1.898571,0.687209,-0.033577,0.192554
456919110.000,Miguel,recording,switch_hand,9,0.895894,7.720104,2.440823,0.285488,0.100764,0.210469
456919120.000,Miguel,recording,switch_hand,9,0.567442,7.817525,3.847056,-0.032232,0.259080,0.295500
456919130.000,Miguel,recording,switch_hand,9,1.032318,7.626275,5.340798,-0.210573,0.428411,0.397525
456919140.000,Miguel,recording,switch_hand,9,2.043311,7.469492,6.461681,-0.240815,0.598791,0.441296
456919150.000,Miguel,recording,switch_hand,9,2.612927,7.355397,7.007655,-0.179171,0.760851,0.391927
456919160.000,Miguel,recording,switch_hand,9,2.289785,7.250581,7.197762,-0.075884,0.925718,0.273958
456919170.000,Miguel,recording,switch_hand,9,1.675116,7.145495,7.560686,0.063320,1.097049,0.140546
456919180.000,Miguel,recording,switch_hand,9,1.297124,6.994994,8.072958,0.250233,1.265518,0.015465
456919190.000,Miguel,recording,switch_hand,9,1.024523,6.941605,7.946444,0.462904,1.411687,-0.095524
456919200.000,Miguel,recording,switch_hand,9,0.618391,7.340612,7.602113,0.658973,1.517825,-0.175516
456919210.000,Miguel,recording,switch_hand,9,-0.198480,7.871048,7.143546,0.793110,1.571788,-0.205531
456919220.000,Miguel,recording,switch_hand,9,-0.999432,7.469558,6.752650,0.856492,1.576931,-0.180425
456919230.000,Miguel,recording,switch_hand,9,-1.587937,7.363088,7.032814,0.907753,1.552709,-0.121194
456919240.000,Miguel,recording,switch_hand,9,-1.696820,8.200224,7.678096,0.982857,1.497154,-0.063525
456919250.000,Miguel,recording,switch_hand,9,-1.902687,8.002756,7.249917,1.062719,1.416536,0.010367
456919260.000,Miguel,recording,switch_hand,9,-1.598437,7.882010,6.371746,1.137389,1.386206,0.111210
456919270.000,Miguel,recording,switch_hand,9,-0.378895,7.570266,5.568706,1.186353,1.450447,0.176891
456919280.000,Miguel,recording,switch_hand,9,0.456735,7.435075,4.555667,1.131652,1.497279,0.185540
456919290.000,Miguel,recording,switch_hand,9,0.405169,7.495354,3.745384,0.909672,1.383497,0.169707
456919300.000,Miguel,recording,switch_hand,9,-0.086233,7.764886,3.563112,0.552571,1.075526,0.162135
456919310.000,Miguel,recording,switch_hand,9,-0.711532,8.169337,4.097206,0.174464,0.654074,0.174404
456919320.000,Miguel,recording,switch_hand,9,-0.952510,8.328623,4.571845,-0.145309,0.265296,0.185364
456919330.000,Miguel,recording,switch_hand,9,-0.652110,8.295604,4.365080,-0.419428,0.028534,0.170240
456919340.000,Miguel,recording,switch_hand,9,0.100454,8.241670,4.173980,-0.644679,-0.051816,0.124002
456919350.000,Miguel,recording,switch_hand,9,0.836776,8.315771,4.767652,-0.785489,-0.007574,0.042357
456919360.000,Miguel,recording,switch_hand,9,1.140183,8.348256,5.508405,-0.826953,0.168487,-0.062152
456919370.000,Miguel,recording,switch_hand,9,0.903754,8.572360,6.629019,-0.765823,0.427861,-0.158104
456919380.000,Miguel,recording,switch_hand,9,0.733596,8.482450,7.055609,-0.625175,0.724280,-0.253924
456919390.000,Miguel,recording,switch_hand,9,0.777732,8.092499,7.008870,-0.450538,1.053894,-0.376726
456919400.000,Miguel,recording,switch_hand,9,0.546854,7.639815,7.100425,-0.288155,1.339371,-0.513449
456919410.000,Miguel,recording,switch_hand,9,0.087853,7.651390,7.501622,-0.145659,1.465179,-0.628863
456919420.000,Miguel,recording,switch_hand,9,-0.505198,7.934847,7.730367,0.004557,1.445903,-0.704111
456919430.000,Miguel,recording,switch_hand,9,-1.137952,8.084717,7.512276,0.175243,1.374159,-0.739404
456919440.000,Miguel,recording,switch_hand,9,-1.791874,8.057184,7.226422,0.346740,1.264113,-0.733872
456919450.000,Miguel,recording,switch_hand,9,-2.648826,7.963153,6.858548,0.482714,1.083693,-0.689886
456919460.000,Miguel,recording,switch_hand,9,-3.524194,7.834360,6.530431,0.560229,0.831480,-0.617095
456919470.000,Miguel,recording,switch_hand,9,-4.282873,7.670995,6.333661,0.578648,0.558260,-0.515535
456919480.000,Miguel,recording,switch_hand,9,-4.491289,7.569369,6.152637,0.549191,0.299312,-0.383795
456919490.000,Miguel,recording,switch_hand,9,-4.153356,7.401655,6.003915,0.492685,0.074745,-0.235555
456919500.000,Miguel,recording,switch_hand,9,-3.574594,7.217273,5.989176,0.445293,-0.095904,-0.095900
456919510.000,Miguel,recording,switch_hand,9,-2.871230,7.142413,6.163195,0.446535,-0.220481,0.015512
456919520.000,Miguel,recording,switch_hand,9,-2.338429,7.070270,6.109965,0.513354,-0.343509,0.087481
456919530.000,Miguel,recording,switch_hand,9,-2.308970,6.892709,6.088315,0.633064,-0.492660,0.119557
456919540.000,Miguel,recording,switch_hand,9,-2.404442,6.883521,5.810564,0.780995,-0.637085,0.128400
456919550.000,Miguel,recording,switch_hand,9,-2.227229,7.138230,5.564491,0.936532,-0.746673,0.133792
456919560.000,Miguel,recording,switch_hand,9,-1.918316,7.453625,5.326014,1.073157,-0.811454,0.142638
456919570.000,Miguel,recording,switch_hand,9,-1.482102,7.809507,5.020977,1.179077,-0.867558,0.139831
456919580.000,Miguel,recording,switch_hand,9,-1.151857,8.209713,4.848311,1.260341,-0.964736,0.119846
456919590.000,Miguel,recording,switch_hand,9,-1.245584,8.330560,4.284700,1.283777,-1.070140,0.098710
456919600.000,Miguel,recording,switch_hand,9,-1.221656,8.387814,3.633882,1.177016,-1.145459,0.065109
456919610.000,Miguel,recording,switch_hand,9,-1.139577,7.749164,3.144350,0.886721,-1.167957,-0.012797
456919620.000,Miguel,recording,switch_hand,9,-1.077730,7.250217,3.075553,0.513354,-1.104861,-0.107164
456919630.000,Miguel,recording,switch_hand,9,-0.796252,7.779116,3.162481,0.183406,-0.938353,-0.164481
456919640.000,Miguel,recording,switch_hand,9,-1.033929,7.773951,3.820881,-0.089356,-0.641935,-0.172913
456919650.000,Miguel,recording,switch_hand,9,-1.196677,7.756951,4.419775,-0.290842,-0.248071,-0.148550
456919660.000,Miguel,recording,switch_hand,9,-1.328709,7.679144,5.000081,-0.412543,0.162501,-0.109240
456919670.000,Miguel,recording,switch_hand,9,-1.435325,7.617669,5.426740,-0.458703,0.505855,-0.064652
456919680.000,Miguel,recording,switch_hand,9,-1.479089,7.711275,5.730940,-0.435191,0.704269,-0.029752
456919690.000,Miguel,recording,switch_hand,9,-1.573024,7.921141,5.827860,-0.354568,0.732625,-0.015439
456919700.000,Miguel,recording,switch_hand,9,-1.699123,8.188099,5.837240,-0.230722,0.619284,-0.025416
456919710.000,Miguel,recording,switch_hand,9,-1.840195,8.416943,5.862644,-0.077035,0.413888,-0.056164
456919720.000,Miguel,recording,switch_hand,9,-1.949314,8.437267,5.824029,0.091010,0.182107,-0.091918
456919730.000,Miguel,recording,switch_hand,9,-2.033831,8.261155,5.660973,0.256183,-0.015639,-0.112235
456919740.000,Miguel,recording,switch_hand,9,-2.129156,8.077625,5.384560,0.400086,-0.155913,-0.102327
456919750.000,Miguel,recording,switch_hand,9,-2.154476,8.023973,5.080527,0.505797,-0.244297,-0.064017
456919760.000,Miguel,recording,switch_hand,9,-2.117009,8.055734,4.707664,0.559914,-0.298748,-0.016246
456919770.000,Miguel,recording,switch_hand,9,-2.024460,8.172568,4.328817,0.551387,-0.335091,0.022529
456919780.000,Miguel,recording,switch_hand,9,-1.893040,8.227997,4.037264,0.477743,-0.362405,0.047643
456919790.000,Miguel,recording,switch_hand,9,-1.754982,8.262045,3.899829,0.356970,-0.382199,0.061655
456919800.000,Miguel,recording,switch_hand,9,-1.595428,8.294696,3.954146,0.220000,-0.393045,0.064575
456919810.000,Miguel,recording,switch_hand,9,-1.435457,8.259401,4.152425,0.100796,-0.399455,0.054098
456919820.000,Miguel,recording,switch_hand,9,-1.316375,8.147069,4.356645,0.021400,-0.412126,0.027528
456919830.000,Miguel,recording,switch_hand,9,-1.289359,8.110335,4.479116,-0.024051,-0.435076,-0.013420
456919840.000,Miguel,recording,switch_hand,9,-1.368628,8.161261,4.515157,-0.054259,-0.462063,-0.057482
456919850.000,Miguel,recording,switch_hand,9,-1.443563,8.216913,4.514881,-0.081211,-0.479434,-0.090651
456919860.000,Miguel,recording,switch_hand,9,-1.496737,8.191093,4.470181,-0.111930,-0.474951,-0.109122
456919870.000,Miguel,recording,switch_hand,9,-1.521194,8.107136,4.415680,-0.152329,-0.449153,-0.115133
456919880.000,Miguel,recording,switch_hand,9,-1.529416,8.070226,4.426399,-0.204094,-0.413595,-0.110043
456919890.000,Miguel,recording,switch_hand,9,-1.544338,8.038515,4.569359,-0.259718,-0.380900,-0.097031
456919900.000,Miguel,recording,switch_hand,9,-1.516468,7.966105,4.812266,-0.300309,-0.346108,-0.076910
456919910.000,Miguel,recording,switch_hand,9,-1.476016,7.885129,5.075978,-0.307755,-0.299204,-0.049789
456919920.000,Miguel,recording,switch_hand,9,-1.431912,7.890479,5.202863,-0.281669,-0.245843,-0.022508
456919930.000,Miguel,recording,switch_hand,9,-1.362699,7.932978,5.235502,-0.238434,-0.201521,-0.001870
456919940.000,Miguel,recording,switch_hand,9,-1.314880,8.011038,5.200990,-0.193061,-0.176234,0.009454
456919950.000,Miguel,recording,switch_hand,9,-1.298694,8.089743,5.165275,-0.154055,-0.170777,0.012057
456919960.000,Miguel,recording,switch_hand,9,-1.295210,8.155393,5.105898,-0.127699,-0.178266,0.009337
456919970.000,Miguel,recording,switch_hand,9,-1.329520,8.126190,5.062938,-0.114961,-0.183799,0.007715
456919980.000,Miguel,recording,switch_hand,9,-1.359043,8.081663,5.016822,-0.118164,-0.181563,0.015541
456919990.000,Miguel,recording,switch_hand,9,-1.365591,8.105636,5.033659,-0.138846,-0.177770,0.033621
456920000.000,Miguel,recording,switch_hand,9,-1.293252,8.169583,5.101225,-0.165570,-0.176584,0.051654
456920010.000,Miguel,recording,switch_hand,9,-1.176093,8.237767,5.247295,-0.182848,-0.176239,0.059320
456920020.000,Miguel,recording,switch_hand,9,-1.011463,8.284333,5.308639,-0.187094,-0.168173,0.051269
456920030.000,Miguel,recording,switch_hand,9,-0.912463,8.294981,5.281550,-0.185810,-0.153417,0.028198
456920040.000,Miguel,recording,switch_hand,9,-0.877045,8.286449,5.284797,-0.187313,-0.147771,-0.003809
456920050.000,Miguel,recording,switch_hand,9,-0.888972,8.283459,5.324763,-0.193054,-0.157635,-0.037125
456920060.000,Miguel,recording,switch_hand,9,-0.944681,8.273516,5.380015,-0.200677,-0.170467,-0.066831
456920070.000,Miguel,recording,switch_hand,9,-0.993574,8.207028,5.431435,-0.207839,-0.171135,-0.090920
456920080.000,Miguel,recording,switch_hand,9,-1.054999,8.142905,5.606956,-0.210015,-0.156353,-0.106220
456920090.000,Miguel,recording,switch_hand,9,-1.135626,8.101933,5.736035,-0.202276,-0.121683,-0.110810
456920100.000,Miguel,recording,switch_hand,9,-1.208857,8.074276,5.784929,-0.182147,-0.063713,-0.106157
456920110.000,Miguel,recording,switch_hand,9,-1.280827,8.028963,5.797498,-0.150695,0.003828,-0.093225
456920120.000,Miguel,recording,switch_hand,9,-1.345652,7.994333,5.817700,-0.110887,0.059154,-0.073118
456920130.000,Miguel,recording,switch_hand,9,-1.365140,8.021414,5.749799,-0.067593,0.083607,-0.049721
456920140.000,Miguel,recording,switch_hand,9,-1.392292,8.097634,5.689573,-0.028447,0.070324,-0.028292
456920150.000,Miguel,recording,switch_hand,9,-1.348738,8.152305,5.635528,0.003069,0.030938,-0.013638
456920160.000,Miguel,recording,switch_hand,9,-1.271148,8.126082,5.573215,0.028316,-0.014760,-0.006866
456920170.000,Miguel,recording,switch_hand,9,-1.213841,8.083786,5.481033,0.046468,-0.050798,-0.007933
456920180.000,Miguel,recording,switch_hand,9,-1.209863,8.062814,5.390897,0.053518,-0.070132,-0.013390
456920190.000,Miguel,recording,switch_hand,9,-1.242120,8.054144,5.337327,0.051530,-0.070096,-0.018522
456920200.000,Miguel,recording,switch_hand,9,-1.247185,8.015513,5.304241,0.048614,-0.053724,-0.022732
456920210.000,Miguel,recording,switch_hand,9,-1.240051,7.991240,5.261927,0.045238,-0.038001,-0.025841
456920220.000,Miguel,recording,switch_hand,9,-1.234203,7.945781,5.228935,0.037443,-0.032632,-0.026861
456920230.000,Miguel,recording,switch_hand,9,-1.224758,7.912523,5.172599,0.025495,-0.030052,-0.026580
456920240.000,Miguel,recording,switch_hand,9,-1.249703,7.911756,5.145416,0.010086,-0.023540,-0.025133
456920250.000,Miguel,recording,switch_hand,9,-1.310472,7.915062,5.128748,-0.011407,-0.015180,-0.018414
456920260.000,Miguel,recording,switch_hand,9,-1.333562,7.920228,5.116946,-0.040874,-0.010029,-0.007609
456920270.000,Miguel,recording,switch_hand,9,-1.342933,7.984630,5.150567,-0.074250,-0.011213,0.000764
456920280.000,Miguel,recording,switch_hand,9,-1.333105,8.024862,5.268556,-0.100002,-0.017837,0.004516
456920290.000,Miguel,recording,switch_hand,9,-1.320699,8.000929,5.399611,-0.106371,-0.026390,0.004792
456920300.000,Miguel,recording,switch_hand,9,-1.349553,7.976361,5.472018,-0.095075,-0.035350,0.004974
456920310.000,Miguel,recording,switch_hand,9,-1.387893,7.964017,5.459403,-0.078417,-0.039497,0.010570
456920320.000,Miguel,recording,switch_hand,9,-1.410200,7.968975,5.395190,-0.067019,-0.032761,0.024015
456920330.000,Miguel,recording,switch_hand,9,-1.362544,7.968578,5.329220,-0.065010,-0.019213,0.042084
456920340.000,Miguel,recording,switch_hand,9,-1.274686,7.940241,5.299735,-0.069099,-0.010748,0.058345
456920350.000,Miguel,recording,switch_hand,9,-1.167220,7.931685,5.330696,-0.075878,-0.012699,0.066847
456920360.000,Miguel,recording,switch_hand,9,-1.075355,7.936505,5.319635,-0.083310,-0.020004,0.065756
456920370.000,Miguel,recording,switch_hand,9,-1.052060,7.951188,5.297197,-0.093767,-0.027071,0.057902
456920380.000,Miguel,recording,switch_hand,9,-1.066716,7.976064,5.257488,-0.112532,-0.032529,0.048752
456920390.000,Miguel,recording,switch_hand,10,-1.109936,7.999461,5.253822,-0.138157,-0.035270,0.042706
456920400.000,Miguel,recording,switch_hand,10,-1.144382,7.996546,5.314488,-0.164845,-0.036597,0.040402
456920410.000,Miguel,recording,switch_hand,10,-1.117279,8.005643,5.431019,-0.184324,-0.038914,0.039526
456920420.000,Miguel,recording,switch_hand,10,-1.114947,7.997986,5.500841,-0.191960,-0.037711,0.037830
456920430.000,Miguel,recording,switch_hand,10,-1.128375,7.977033,5.518434,-0.191442,-0.028466,0.037675
456920440.000,Miguel,recording,switch_hand,10,-1.110131,7.979912,5.505408,-0.187747,-0.011779,0.041564
456920450.000,Miguel,recording,switch_hand,10,-1.097699,7.976485,5.499002,-0.181413,0.005129,0.046742
456920460.000,Miguel,recording,switch_hand,10,-1.054742,7.978245,5.500451,-0.173833,0.009416,0.049113
456920470.000,Miguel,recording,switch_hand,10,-1.004241,7.994466,5.452601,-0.170362,-0.008665,0.046888
456920480.000,Miguel,recording,switch_hand,10,-0.957294,7.999043,5.448408,-0.175177,-0.045573,0.040105
456920490.000,Miguel,recording,switch_hand,10,-0.925786,7.987756,5.435031,-0.188049,-0.084411,0.028641
456920500.000,Miguel,recording,switch_hand,10,-0.941521,7.994087,5.491579,-0.204523,-0.109889,0.014620
456920510.000,Miguel,recording,switch_hand,10,-0.990432,7.928575,5.555332,-0.218184,-0.116170,0.002815
456920520.000,Miguel,recording,switch_hand,10,-1.048531,7.836419,5.600935,-0.227227,-0.105662,-0.003405
456920530.000,Miguel,recording,switch_hand,10,-1.096316,7.793328,5.605535,-0.234706,-0.085781,-0.002263
456920540.000,Miguel,recording,switch_hand,10,-1.105513,7.793872,5.616551,-0.242075,-0.065061,0.005132
456920550.000,Miguel,recording,switch_hand,10,-1.062976,7.796196,5.647367,-0.248719,-0.050908,0.013762
456920560.000,Miguel,recording,switch_hand,10,-0.991945,7.843595,5.679921,-0.257053,-0.049393,0.017428
456920570.000,Miguel,recording,switch_hand,10,-0.916588,7.888061,5.812029,-0.265224,-0.061736,0.013278
456920580.000,Miguel,recording,switch_hand,10,-0.855840,7.864061,5.982021,-0.262938,-0.076920,0.002465
456920590.000,Miguel,recording,switch_hand,10,-0.845945,7.785178,6.063490,-0.244620,-0.079884,-0.013350
456920600.000,Miguel,recording,switch_hand,10,-0.888988,7.755978,6.124306,-0.213160,-0.070222,-0.029192
456920610.000,Miguel,recording,switch_hand,10,-0.971613,7.754226,6.147776,-0.175917,-0.056984,-0.040161
456920620.000,Miguel,recording,switch_hand,10,-1.056248,7.755328,6.114013,-0.139281,-0.042836,-0.044395
456920630.000,Miguel,recording,switch_hand,10,-1.114925,7.733798,6.035059,-0.109490,-0.029970,-0.040457
456920640.000,Miguel,recording,switch_hand,10,-1.147336,7.764030,5.961404,-0.089513,-0.023489,-0.030116
456920650.000,Miguel,recording,switch_hand,10,-1.108096,7.790897,5.905506,-0.077746,-0.026943,-0.020247
456920660.000,Miguel,recording,switch_hand,10,-1.056703,7.780328,5.814684,-0.075257,-0.040443,-0.017482
456920670.000,Miguel,recording,switch_hand,10,-1.021002,7.762918,5.759752,-0.083886,-0.057782,-0.022621
456920680.000,Miguel,recording,switch_hand,10,-1.066700,7.752554,5.753816,-0.102573,-0.070743,-0.032108
456920690.000,Miguel,recording,switch_hand,10,-1.130773,7.708999,5.782885,-0.126323,-0.075257,-0.039973
456920700.000,Miguel,recording,switch_hand,10,-1.188265,7.655464,5.884991,-0.147569,-0.071646,-0.039767
456920710.000,Miguel,recording,switch_hand,10,-1.220207,7.621442,5.952511,-0.160555,-0.058665,-0.030751
456920720.000,Miguel,recording,switch_hand,10,-1.200169,7.583892,5.992380,-0.163950,-0.040147,-0.017315
456920730.000,Miguel,recording,switch_hand,10,-1.179147,7.533769,6.039531,-0.157196,-0.029650,-0.003586
456920740.000,Miguel,recording,switch_hand,10,-1.149356,7.493611,6.122965,-0.139526,-0.033757,0.008119
456920750.000,Miguel,recording,switch_hand,10,-1.152445,7.483227,6.128553,-0.112841,-0.042607,0.017282
456920760.000,Miguel,recording,switch_hand,10,-1.157618,7.491750,6.084577,-0.084556,-0.049391,0.024652
456920770.000,Miguel,recording,switch_hand,10,-1.172367,7.537529,6.049153,-0.062549,-0.057212,0.031676
456920780.000,Miguel,recording,switch_hand,10,-1.172712,7.557731,6.003060,-0.049641,-0.063279,0.038410
456920790.000,Miguel,recording,switch_hand,10,-1.185935,7.564134,5.979948,-0.044299,-0.061271,0.045501
456920800.000,Miguel,recording,switch_hand,10,-1.176416,7.583276,6.001965,-0.040156,-0.052495,0.053690
456920810.000,Miguel,recording,switch_hand,10,-1.137206,7.606837,5.995486,-0.031840,-0.043570,0.062517
456920820.000,Miguel,recording,switch_hand,10,-1.077691,7.618425,5.945946,-0.024394,-0.043179,0.068639
456920830.000,Miguel,recording,switch_hand,10,-1.013355,7.596286,5.900045,-0.026683,-0.056902,0.068746
456920840.000,Miguel,recording,switch_hand,10,-1.024137,7.587578,5.865939,-0.039466,-0.078138,0.066157
456920850.000,Miguel,recording,switch_hand,10,-1.081333,7.548238,5.875504,-0.057601,-0.091586,0.067224
456920860.000,Miguel,recording,switch_hand,10,-1.140513,7.528583,5.892947,-0.076560,-0.092910,0.075130
456920870.000,Miguel,recording,switch_hand,10,-1.156558,7.531575,5.969422,-0.093534,-0.091669,0.088922
456920880.000,Miguel,recording,switch_hand,10,-1.126658,7.537410,6.047208,-0.104451,-0.089493,0.103385
456920890.000,Miguel,recording,switch_hand,10,-1.070365,7.504915,6.123988,-0.105082,-0.080346,0.114223
456920900.000,Miguel,recording,switch_hand,10,-1.010827,7.494623,6.188865,-0.094075,-0.067323,0.122093
456920910.000,Miguel,recording,switch_hand,10,-0.997440,7.468074,6.183684,-0.075649,-0.060008,0.127744
456920920.000,Miguel,recording,switch_hand,10,-1.037609,7.467730,6.121436,-0.057665,-0.063426,0.132587
456920930.000,Miguel,recording,switch_hand,10,-1.111171,7.486832,6.046096,-0.047556,-0.075112,0.138771
456920940.000,Miguel,recording,switch_hand,10,-1.154731,7.466447,5.951954,-0.049850,-0.086828,0.148848
456920950.000,Miguel,recording,switch_hand,10,-1.183804,7.444022,5.894010,-0.063765,-0.095739,0.164824
456920960.000,Miguel,recording,switch_hand,10,-1.148870,7.442998,5.918630,-0.085627,-0.105608,0.185201
456920970.000,Miguel,recording,switch_hand,10,-1.091256,7.397975,5.941762,-0.110813,-0.114577,0.205695
456920980.000,Miguel,recording,switch_hand,10,-1.080769,7.290200,5.996846,-0.132495,-0.117264,0.223965
456920990.000,Miguel,recording,switch_hand,10,-1.137740,7.190305,6.026715,-0.146970,-0.118709,0.241708
456921000.000,Miguel,recording,switch_hand,10,-1.226918,7.151337,6.041842,-0.157309,-0.127082,0.263046
456921010.000,Miguel,recording,switch_hand,10,-1.346949,7.121330,6.008545,-0.169000,-0.141466,0.291611
456921020.000,Miguel,recording,switch_hand,10,-1.452944,7.085188,6.007649,-0.184822,-0.157300,0.328627
456921030.000,Miguel,recording,switch_hand,10,-1.523966,7.041774,6.037083,-0.202173,-0.170308,0.371927
456921040.000,Miguel,recording,switch_hand,10,-1.501535,6.995887,6.094985,-0.216299,-0.177450,0.416097
456921050.000,Miguel,recording,switch_hand,10,-1.408242,6.989190,6.141622,-0.227292,-0.182468,0.454706
456921060.000,Miguel,recording,switch_hand,10,-1.304516,6.990353,6.200963,-0.239301,-0.198898,0.482314
456921070.000,Miguel,recording,switch_hand,10,-1.234941,6.944545,6.164820,-0.256528,-0.229961,0.498875
456921080.000,Miguel,recording,switch_hand,10,-1.151259,6.971350,6.000037,-0.286065,-0.268274,0.506151
456921090.000,Miguel,recording,switch_hand,10,-1.014377,7.049973,5.834969,-0.334779,-0.319513,0.501570
456921100.000,Miguel,recording,switch_hand,10,-0.945506,7.028031,5.897663,-0.400375,-0.387182,0.482367
456921110.000,Miguel,recording,switch_hand,10,-0.964634,6.899237,6.054079,-0.470933,-0.450986,0.447556
456921120.000,Miguel,recording,switch_hand,10,-1.150638,6.700558,6.225156,-0.535757,-0.487097,0.403002
456921130.000,Miguel,recording,switch_hand,10,-1.502043,6.435737,6.440668,-0.587023,-0.496289,0.364730
456921140.000,Miguel,recording,switch_hand,10,-2.051624,6.177125,6.586509,-0.620696,-0.494146,0.387213
456921150.000,Miguel,recording,switch_hand,10,-2.980566,5.799689,6.460625,-0.674154,-0.469721,0.689272
456921160.000,Miguel,recording,switch_hand,10,-2.191176,5.674237,5.838013,-0.791662,-0.416737,1.440853
456921170.000,Miguel,recording,switch_hand,10,5.333523,7.591038,5.862433,-0.834942,-0.405852,1.997283
456921180.000,Miguel,recording,switch_hand,10,11.540682,10.112333,7.418150,-0.685923,-0.371540,1.802228
456921190.000,Miguel,recording,switch_hand,10,8.850056,9.731196,9.947663,-0.439700,-0.325604,1.257819
456921200.000,Miguel,recording,switch_hand,10,2.818665,8.271551,10.665805,-0.100727,-0.277948,0.848214
456921210.000,Miguel,recording,switch_hand,10,0.756888,8.090293,11.265041,0.365746,-0.126890,0.699275
456921220.000,Miguel,recording,switch_hand,10,-0.385155,9.642538,9.276461,0.847151,0.057358,0.692049
456921230.000,Miguel,recording,switch_hand,10,0.404342,9.959294,8.023004,1.200291,0.268368,0.690536
456921240.000,Miguel,recording,switch_hand,10,0.895883,8.599260,7.176022,1.407666,0.547451,0.626356
456921250.000,Miguel,recording,switch_hand,10,0.997073,7.789621,7.312635,1.535850,0.860215,0.502641
456921260.000,Miguel,recording,switch_hand,10,0.983583,7.513788,7.171936,1.611847,1.155852,0.338966
456921270.000,Miguel,recording,switch_hand,10,1.151351,7.352363,6.893135,1.626905,1.406303,0.154841
456921280.000,Miguel,recording,switch_hand,10,1.593031,6.981665,6.557115,1.577216,1.559680,-0.016941
456921290.000,Miguel,recording,switch_hand,10,2.059233,6.526943,6.377575,1.467111,1.552862,-0.167774
456921300.000,Miguel,recording,switch_hand,10,2.383788,6.101267,6.203564,1.295458,1.412310,-0.340212
456921310.000,Miguel,recording,switch_hand,10,1.967304,5.485640,6.012663,1.115299,1.274644,-0.550425
456921320.000,Miguel,recording,switch_hand,10,0.739027,5.887357,6.338143,0.938552,1.211101,-0.708576
456921330.000,Miguel,recording,switch_hand,10,-1.021762,7.324774,5.482206,0.777461,1.157993,-0.734179
456921340.000,Miguel,recording,switch_hand,10,-2.704782,8.298484,4.523163,0.713816,0.998768,-0.638490
456921350.000,Miguel,recording,switch_hand,10,-3.183817,9.116536,3.789821,0.728161,0.709882,-0.467331
456921360.000,Miguel,recording,switch_hand,10,-2.324942,9.087012,3.886525,0.730343,0.387700,-0.289188
456921370.000,Miguel,recording,switch_hand,10,-1.519935,8.705899,3.505564,0.667823,0.071342,-0.147908
456921380.000,Miguel,recording,switch_hand,10,-1.065411,8.261318,3.155415,0.536964,-0.257299,-0.038526
456921390.000,Miguel,recording,switch_hand,10,-0.865387,8.093212,2.730081,0.349925,-0.584432,0.053884
456921400.000,Miguel,recording,switch_hand,10,-0.562323,7.952533,2.495493,0.113448,-0.889282,0.127701
456921410.000,Miguel,recording,switch_hand,10,-0.056169,7.800021,2.368640,-0.165469,-1.163624,0.167280
456921420.000,Miguel,recording,switch_hand,10,0.336514,7.616395,2.276066,-0.478683,-1.403725,0.175755
456921430.000,Miguel,recording,switch_hand,10,0.445430,7.638528,2.183276,-0.814050,-1.611516,0.182197
456921440.000,Miguel,recording,switch_hand,10,0.488622,7.765797,2.111748,-1.144809,-1.773799,0.203825
456921450.000,Miguel,recording,switch_hand,10,0.708813,7.762855,2.152072,-1.457068,-1.867856,0.245532
456921460.000,Miguel,recording,switch_hand,10,1.135704,7.732129,2.292106,-1.752048,-1.895359,0.307004
456921470.000,Miguel,recording,switch_hand,10,1.686848,7.569416,2.627008,-2.022964,-1.873263,0.364285
456921480.000,Miguel,recording,switch_hand,10,2.069868,7.286524,3.232074,-2.260342,-1.805764,0.396147
456921490.000,Miguel,recording,switch_hand,10,2.193625,7.007690,4.185412,-2.445674,-1.694532,0.404750
456921500.000,Miguel,recording,switch_hand,10,2.103450,6.803014,5.288465,-2.552964,-1.546911,0.402829
456921510.000,Miguel,recording,switch_hand,10,1.909715,6.603540,6.382658,-2.565101,-1.372169,0.397684
456921520.000,Miguel,recording,switch_hand,10,1.629071,6.397061,7.400592,-2.482213,-1.177885,0.390828
456921530.000,Miguel,recording,switch_hand,10,1.285975,6.279545,8.377724,-2.313246,-0.977689,0.390764
456921540.000,Miguel,recording,switch_hand,10,1.072693,6.239451,9.144828,-2.070634,-0.769300,0.409352
456921550.000,Miguel,recording,switch_hand,10,1.255145,6.282595,9.551689,-1.763688,-0.526551,0.442745
456921560.000,Miguel,recording,switch_hand,10,1.772651,6.385568,9.881799,-1.397234,-0.232346,0.453306
456921570.000,Miguel,recording,switch_hand,10,2.245519,6.455881,9.932163,-1.016699,0.088062,0.418823
456921580.000,Miguel,recording,switch_hand,10,2.531283,6.516569,9.708634,-0.679099,0.375538,0.359681
456921590.000,Miguel,recording,switch_hand,10,2.666275,6.602517,9.459364,-0.405265,0.589158,0.290466
456921600.000,Miguel,recording,switch_hand,10,2.700908,6.511253,9.247605,-0.197603,0.715144,0.209141
456921610.000,Miguel,recording,switch_hand,10,2.615837,6.270838,9.050752,-0.043417,0.759484,0.113454
456921620.000,Miguel,recording,switch_hand,10,2.351744,6.031030,8.870852,0.069140,0.739958,0.006703
456921630.000,Miguel,recording,switch_hand,10,1.925978,5.921235,8.716180,0.144216,0.666947,-0.097429
456921640.000,Miguel,recording,switch_hand,10,1.487868,6.014665,8.528927,0.185870,0.540719,-0.175892
456921650.000,Miguel,recording,switch_hand,10,1.169444,6.184609,8.318319,0.201212,0.375926,-0.215695
456921660.000,Miguel,recording,switch_hand,10,0.990810,6.334678,8.128079,0.198160,0.206357,-0.221313
456921670.000,Miguel,recording,switch_hand,10,0.934304,6.441038,7.900696,0.182755,0.060657,-0.201473
456921680.000,Miguel,recording,switch_hand,10,0.944924,6.508955,7.662735,0.159665,-0.049536,-0.165080
456921690.000,Miguel,recording,switch_hand,10,0.984423,6.550400,7.489762,0.134051,-0.121966,-0.123583
456921700.000,Miguel,recording,switch_hand,10,1.066719,6.573940,7.374373,0.111485,-0.157273,-0.085206
456921710.000,Miguel,recording,switch_hand,10,1.158819,6.585910,7.288199,0.096029,-0.158990,-0.051264
456921720.000,Miguel,recording,switch_hand,10,1.177002,6.611931,7.223300,0.087425,-0.134513,-0.018852
456921730.000,Miguel,recording,switch_hand,10,1.142327,6.537298,7.189858,0.086282,-0.094664,0.009309
456921740.000,Miguel,recording,switch_hand,10,1.155966,6.438210,7.112107,0.092129,-0.050873,0.029472
456921750.000,Miguel,recording,switch_hand,10,1.251451,6.358421,7.010921,0.099999,-0.008589,0.040175
456921760.000,Miguel,recording,switch_hand,10,1.386115,6.326675,6.921771,0.104696,0.033643,0.039333
456921770.000,Miguel,recording,switch_hand,10,1.484243,6.302684,6.826789,0.101960,0.074837,0.029090
456921780.000,Miguel,recording,switch_hand,10,1.523426,6.286790,6.756373,0.091012,0.110550,0.012423
456921790.000,Miguel,recording,switch_hand,10,1.465638,6.275325,6.767755,0.073183,0.139022,-0.007650
456921800.000,Miguel,recording,switch_hand,10,1.253626,6.312916,6.883455,0.051032,0.160842,-0.023851
456921810.000,Miguel,recording,switch_hand,10,0.893636,6.408567,7.015655,0.029509,0.167674,-0.021683
456921820.000,Miguel,recording,switch_hand,10,0.651901,6.460783,7.075369,0.009673,0.145278,0.010399
456921830.000,Miguel,recording,switch_hand,10,0.671417,6.460625,7.047856,-0.012487,0.098187,0.064724
456921840.000,Miguel,recording,switch_hand,10,0.889945,6.395729,7.002271,-0.040458,0.049030,0.118607
456921850.000,Miguel,recording,switch_hand,10,1.130799,6.291866,6.976974,-0.073619,0.019672,0.150041
456921860.000,Miguel,recording,switch_hand,10,1.299782,6.199877,7.075955,-0.099421,0.024223,0.153498
456921870.000,Miguel,recording,switch_hand,10,1.441962,6.151781,7.235794,-0.104130,0.055605,0.140083
456921880.000,Miguel,recording,switch_hand,10,1.599713,6.161439,7.314887,-0.089319,0.090871,0.120408
456921890.000,Miguel,recording,switch_hand,10,1.751457,6.185972,7.258831,-0.070874,0.116626,0.096248
456921900.000,Miguel,recording,switch_hand,10,1.807578,6.155080,7.113071,-0.067105,0.131782,0.066644
456921910.000,Miguel,recording,switch_hand,10,1.745240,6.078570,7.068997,-0.081473,0.144391,0.032161
456921920.000,Miguel,recording,switch_hand,10,1.628535,6.053629,7.162187,-0.102835,0.155757,-0.003231
456921930.000,Miguel,recording,switch_hand,10,1.544250,6.079362,7.330017,-0.117719,0.154145,-0.030416
456921940.000,Miguel,recording,switch_hand,10,1.484855,6.129900,7.428155,-0.123710,0.137543,-0.043839
456921950.000,Miguel,recording,switch_hand,10,1.363182,6.201710,7.531884,-0.126707,0.113873,-0.044337
456921960.000,Miguel,recording,switch_hand,10,1.214943,6.194307,7.616840,-0.127156,0.083774,-0.035138
456921970.000,Miguel,recording,switch_hand,10,1.211309,6.139218,7.660768,-0.123223,0.045174,-0.022534
456921980.000,Miguel,recording,switch_hand,10,1.242243,6.119502,7.663018,-0.115496,0.007890,-0.014283
456921990.000,Miguel,recording,switch_hand,10,1.302157,6.130408,7.692030,-0.101034,-0.012348,-0.015066
456922000.000,Miguel,recording,switch_hand,10,1.404949,6.137348,7.715179,-0.076629,-0.012912,-0.021845
456922010.000,Miguel,recording,switch_hand,10,1.532992,6.179088,7.655262,-0.046492,-0.005629,-0.031226
456922020.000,Miguel,recording,switch_hand,10,1.694812,6.182541,7.486003,-0.022507,0.001196,-0.049316
456922030.000,Miguel,recording,switch_hand,10,1.793236,6.135799,7.330298,-0.014743,0.009903,-0.082368
456922040.000,Miguel,recording,switch_hand,10,1.702153,6.091222,7.278934,-0.019613,0.024161,-0.126773
456922050.000,Miguel,recording,switch_hand,10,1.456436,6.111626,7.335849,-0.026571,0.036769,-0.166921
456922060.000,Miguel,recording,switch_hand,10,1.199732,6.191389,7.415414,-0.028464,0.038161,-0.185232
456922070.000,Miguel,recording,switch_hand,10,1.087811,6.265062,7.393509,-0.025155,0.029194,-0.179437
456922080.000,Miguel,recording,switch_hand,10,1.083465,6.250664,7.314493,-0.022053,0.020022,-0.162013
456922090.000,Miguel,recording,switch_hand,10,1.047873,6.196349,7.243201,-0.023834,0.022148,-0.145672
456922100.000,Miguel,recording,switch_hand,10,1.027309,6.183063,7.203048,-0.029929,0.033448,-0.132185
456922110.000,Miguel,recording,switch_hand,10,1.109185,6.197595,7.183202,-0.038359,0.043917,-0.117539
456922120.000,Miguel,recording,switch_hand,10,1.252767,6.208147,7.130905,-0.050691,0.051595,-0.104590
456922130.000,Miguel,recording,switch_hand,10,1.384283,6.181914,7.059181,-0.069743,0.060436,-0.101525
456922140.000,Miguel,recording,switch_hand,10,1.389469,6.086975,7.058978,-0.095910,0.071194,-0.112899
456922150.000,Miguel,recording,switch_hand,10,1.320862,6.006274,7.101082,-0.125051,0.080251,-0.134322
456922160.000,Miguel,recording,switch_hand,10,1.256365,5.998052,7.190480,-0.150386,0.083880,-0.158140
456922170.000,Miguel,recording,switch_hand,10,1.176878,6.062166,7.371721,-0.165678,0.081606,-0.177743
456922180.000,Miguel,recording,switch_hand,10,1.067099,6.125722,7.532374,-0.166349,0.073545,-0.185232
456922190.000,Miguel,recording,switch_hand,10,0.991294,6.207562,7.603014,-0.154398,0.061449,-0.174717
456922200.000,Miguel,recording,switch_hand,10,0.920797,6.261046,7.589252,-0.138860,0.051238,-0.148067
456922210.000,Miguel,recording,switch_hand,10,0.940542,6.250117,7.489248,-0.127426,0.047454,-0.112867
456922220.000,Miguel,recording,switch_hand,10,1.094028,6.199503,7.343634,-0.125341,0.049150,-0.078223
456922230.000,Miguel,recording,switch_hand,10,1.356462,6.139134,7.207155,-0.136348,0.052819,-0.053692
456922240.000,Miguel,recording,switch_hand,10,1.663040,6.057856,7.098925,-0.159413,0.055887,-0.044708
456922250.000,Miguel,recording,switch_hand,10,1.945100,5.996820,7.009591,-0.190536,0.059795,-0.050663
456922260.000,Miguel,recording,switch_hand,10,2.179328,5.970591,6.905672,-0.227137,0.069301,-0.067412
456922270.000,Miguel,recording,switch_hand,10,2.456020,5.952006,6.719760,-0.268356,0.094506,-0.090555
456922280.000,Miguel,recording,switch_hand,10,2.806507,5.933602,6.492730,-0.312794,0.157486,-0.115735
456922290.000,Miguel,recording,switch_hand,10,3.314107,5.879941,6.222011,-0.355288,0.280479,-0.141332
456922300.000,Miguel,recording,switch_hand,10,4.090406,5.843002,5.946710,-0.392404,0.487797,-0.171375
456922310.000,Miguel,recording,switch_hand,10,4.762377,5.819505,6.042911,-0.418386,0.822066,-0.216516
456922320.000,Miguel,recording,switch_hand,10,4.602923,5.733157,6.576632,-0.420772,1.274369,-0.274949
456922330.000,Miguel,recording,switch_hand,10,3.923444,5.338668,7.059314,-0.398733,1.755617,-0.290010
456922340.000,Miguel,recording,switch_hand,10,3.615095,4.443218,7.104735,-0.381513,2.206852,-0.235619
456922350.000,Miguel,recording,switch_hand,10,4.722666,4.079658,6.094594,-0.539116,2.474932,-0.412688
456922360.000,Miguel,recording,switch_hand,10,8.452075,4.898266,4.836763,-1.083610,2.415480,-1.273724
456922370.000,Miguel,recording,switch_hand,10,8.989117,4.269267,7.143398,-1.586571,2.510822,-2.499853
456922380.000,Miguel,recording,switch_hand,10,3.151951,4.238394,12.580965,-1.353733,2.956215,-3.391351
456922390.000,Miguel,recording,switch_hand,10,-3.906251,6.084969,16.149643,-0.417788,3.394997,-3.769134
456922400.000,Miguel,recording,switch_hand,10,-8.601662,6.132021,13.861482,0.665169,3.514338,-3.728861
456922410.000,Miguel,recording,switch_hand,10,-11.786426,6.210668,10.527158,1.323618,3.162965,-3.377611
456922420.000,Miguel,recording,switch_hand,10,-11.629806,5.985909,5.965326,1.371854,2.636768,-2.922920
456922430.000,Miguel,recording,switch_hand,10,-10.512171,5.881631,4.240540,1.133652,2.398394,-2.518109
456922440.000,Miguel,recording,switch_hand,10,-10.550525,5.508990,2.373170,0.832044,2.519660,-2.093834
456922450.000,Miguel,recording,switch_hand,10,-11.826615,4.650201,-0.343985,0.262701,2.581699,-1.544892
456922460.000,Miguel,recording,switch_hand,10,-11.201133,4.491130,-0.093809,-0.596886,2.374117,-0.904139
456922470.000,Miguel,recording,switch_hand,10,-9.504388,4.539938,3.603434,-1.397705,1.927142,-0.321762
456922480.000,Miguel,recording,switch_hand,10,-7.472406,4.540235,8.498403,-1.811390,1.300552,0.122901
456922490.000,Miguel,recording,switch_hand,10,-5.134230,4.408802,12.670717,-1.706957,0.675697,0.422029
456922500.000,Miguel,recording,switch_hand,10,-3.195761,4.686172,14.941450,-1.100824,0.234473,0.592860
456922510.000,Miguel,recording,switch_hand,10,-2.513104,5.101315,15.667266,-0.177837,-0.075643,0.679400
456922520.000,Miguel,recording,switch_hand,10,-2.621693,4.476081,13.365021,0.709686,-0.372422,0.715842
456922530.000,Miguel,recording,switch_hand,10,-2.963044,4.823274,10.701153,1.341465,-0.633285,0.725819
456922540.000,Miguel,recording,switch_hand,10,-3.735360,4.973455,8.432640,1.702770,-0.821213,0.751470
456922550.000,Miguel,recording,switch_hand,10,-4.548309,5.066933,6.767002,1.832036,-0.910479,0.819976
456922560.000,Miguel,recording,switch_hand,10,-4.884949,5.338940,5.526891,1.778879,-0.878613,0.920345
456922570.000,Miguel,recording,switch_hand,10,-4.440863,6.111369,4.705252,1.592767,-0.757230,1.017043
456922580.000,Miguel,recording,switch_hand,10,-3.711642,6.957618,4.115241,1.311942,-0.636994,1.066868
456922590.000,Miguel,recording,switch_hand,10,-3.111481,7.458045,4.211636,0.970779,-0.569451,1.035304
456922600.000,Miguel,recording,switch_hand,10,-2.413927,7.752955,4.161312,0.606318,-0.520132,0.924609
456922610.000,Miguel,recording,switch_hand,10,-1.924187,7.792969,4.359289,0.236660,-0.473815,0.768855
456922620.000,Miguel,recording,switch_hand,10,-1.417326,7.666073,4.799968,-0.120401,-0.458254,0.597966
456922630.000,Miguel,recording,switch_hand,10,-0.871929,7.241785,5.700678,-0.417507,-0.488162,0.418432
456922640.000,Miguel,recording,switch_hand,10,-0.583490,6.707400,6.901048,-0.589789,-0.562522,0.233490
456922650.000,Miguel,recording,switch_hand,10,-0.652367,6.237262,8.089511,-0.596680,-0.676075,0.056470
456922660.000,Miguel,recording,switch_hand,10,-0.968673,5.904069,8.929954,-0.444793,-0.808092,-0.099410
456922670.000,Miguel,recording,switch_hand,10,-1.415547,5.698245,9.278241,-0.178866,-0.925945,-0.220882
456922680.000,Miguel,recording,switch_hand,10,-1.921070,5.630363,9.105642,0.127871,-0.999809,-0.289959
456922690.000,Miguel,recording,switch_hand,10,-2.370938,5.652198,8.493436,0.394309,-1.011118,-0.296257
456922700.000,Miguel,recording,switch_hand,10,-2.672660,5.714252,7.747127,0.561497,-0.967251,-0.249779
456922710.000,Miguel,recording,switch_hand,10,-2.655995,5.770761,7.266645,0.621688,-0.887950,-0.180878
456922720.000,Miguel,recording,switch_hand,10,-2.586358,5.951662,6.979536,0.611825,-0.786301,-0.123232
456922730.000,Miguel,recording,switch_hand,10,-2.578505,6.282670,6.908887,0.572044,-0.678494,-0.084158
456922740.000,Miguel,recording,switch_hand,10,-2.535232,6.508189,6.846199,0.523415,-0.582578,-0.055057
456922750.000,Miguel,recording,switch_hand,10,-2.373576,6.605474,6.750642,0.470093,-0.506113,-0.035271
456922760.000,Miguel,recording,switch_hand,10,-2.174773,6.663239,6.682581,0.410989,-0.450268,-0.030087
456922770.000,Miguel,recording,switch_hand,10,-1.973613,6.688062,6.802816,0.351542,-0.419054,-0.046115
456922780.000,Miguel,recording,switch_hand,10,-1.797088,6.618637,7.056783,0.303326,-0.412082,-0.086064
456922790.000,Miguel,recording,switch_hand,10,-1.675522,6.572434,7.325851,0.276329,-0.421771,-0.142143
456922800.000,Miguel,recording,switch_hand,10,-1.586383,6.485935,7.585047,0.272742,-0.432844,-0.199096
456922810.000,Miguel,recording,switch_hand,10,-1.632248,6.345743,7.710444,0.285780,-0.428220,-0.237794
456922820.000,Miguel,recording,switch_hand,10,-1.736497,6.263472,7.728549,0.303662,-0.403626,-0.243666
456922830.000,Miguel,recording,switch_hand,10,-1.727134,6.209821,7.699426,0.322222,-0.371237,-0.224403
456922840.000,Miguel,recording,switch_hand,10,-1.492673,6.072505,7.676420,0.348469,-0.352597,-0.211070
456922850.000,Miguel,recording,switch_hand,10,-1.285631,5.960124,7.661543,0.389754,-0.361232,-0.231642
456922860.000,Miguel,recording,switch_hand,10,-1.247011,5.898378,7.587171,0.445240,-0.394497,-0.286856
456922870.000,Miguel,recording,switch_hand,10,-1.388762,5.902864,7.401758,0.503147,-0.442614,-0.354642
456922880.000,Miguel,recording,switch_hand,10,-1.646218,5.875955,7.099269,0.545782,-0.498307,-0.407936
456922890.000,Miguel,recording,switch_hand,10,-1.863987,5.785131,6.750012,0.562042,-0.564516,-0.432447
456922900.000,Miguel,recording,switch_hand,10,-2.047799,5.704208,6.460806,0.552289,-0.652397,-0.432547
456922910.000,Miguel,recording,switch_hand,10,-2.298523,5.726464,6.356026,0.526528,-0.765191,-0.414373
456922920.000,Miguel,recording,switch_hand,10,-2.641071,5.883100,6.440169,0.503662,-0.892086,-0.379436
456922930.000,Miguel,recording,switch_hand,10,-2.898021,6.124292,6.657211,0.499995,-1.014528,-0.333354
456922940.000,Miguel,recording,switch_hand,10,-3.051324,6.372759,6.795603,0.515720,-1.110003,-0.285406
456922950.000,Miguel,recording,switch_hand,10,-3.130399,6.496949,6.842185,0.536398,-1.167051,-0.242753
456922960.000,Miguel,recording,switch_hand,10,-3.165581,6.580783,6.836312,0.545730,-1.184616,-0.205744
456922970.000,Miguel,recording,switch_hand,10,-3.147012,6.655679,6.801861,0.537002,-1.157129,-0.171824
456922980.000,Miguel,recording,switch_hand,10,-3.031150,6.685839,6.726612,0.510345,-1.088039,-0.139810
456922990.000,Miguel,recording,switch_hand,10,-2.850239,6.608293,6.636333,0.465758,-1.000707,-0.109985
456923000.000,Miguel,recording,switch_hand,10,-2.608742,6.477626,6.599489,0.407640,-0.911734,-0.083485
456923010.000,Miguel,recording,switch_hand,10,-2.306628,6.329484,6.544130,0.348342,-0.815613,-0.067384
456923020.000,Miguel,recording,switch_hand,10,-1.958452,6.156062,6.488952,0.296096,-0.712459,-0.071280
456923030.000,Miguel,recording,switch_hand,10,-1.686610,6.022364,6.515681,0.253280,-0.608155,-0.097457
456923040.000,Miguel,recording,switch_hand,10,-1.551469,6.014912,6.546390,0.225891,-0.497704,-0.140084
456923050.000,Miguel,recording,switch_hand,10,-1.563511,6.050403,6.577518,0.214500,-0.376978,-0.189750
456923060.000,Miguel,recording,switch_hand,10,-1.681574,6.145961,6.530326,0.212672,-0.253952,-0.237139
456923070.000,Miguel,recording,switch_hand,10,-1.904074,6.274580,6.478305,0.210468,-0.138397,-0.271445
456923080.000,Miguel,recording,switch_hand,10,-2.138151,6.424749,6.345821,0.198704,-0.027383,-0.286331
456923090.000,Miguel,recording,switch_hand,10,-2.290356,6.548871,6.207127,0.172706,0.077911,-0.286282
456923100.000,Miguel,recording,switch_hand,10,-2.391292,6.718917,6.118061,0.131941,0.167820,-0.277637
456923110.000,Miguel,recording,switch_hand,10,-2.463178,6.887747,6.053957,0.084160,0.241494,-0.264661
456923120.000,Miguel,recording,switch_hand,10,-2.515490,7.007967,6.026318,0.037916,0.298406,-0.250368
456923130.000,Miguel,recording,switch_hand,10,-2.550514,7.063184,5.984051,-0.005667,0.332099,-0.230722
456923140.000,Miguel,recording,switch_hand,10,-2.584784,7.076226,6.004634,-0.046125,0.341580,-0.195722
456923150.000,Miguel,recording,switch_hand,10,-2.583225,7.084066,6.043632,-0.078927,0.331018,-0.143731
456923160.000,Miguel,recording,switch_hand,10,-2.452291,7.060827,6.125939,-0.100516,0.301810,-0.086755
456923170.000,Miguel,recording,switch_hand,10,-2.189456,6.990316,6.219476,-0.106662,0.255358,-0.043512
456923180.000,Miguel,recording,switch_hand,10,-1.943781,6.905853,6.296235,-0.092361,0.197403,-0.030564
456923190.000,Miguel,recording,switch_hand,10,-1.765358,6.817176,6.295618,-0.060577,0.135606,-0.051579
456923200.000,Miguel,recording,switch_hand,10,-1.738050,6.728469,6.233415,-0.023101,0.070895,-0.095231
456923210.000,Miguel,recording,switch_hand,10,-1.851640,6.658407,6.098432,0.009958,0.006079,-0.144340
456923220.000,Miguel,recording,switch_hand,10,-2.087612,6.574621,5.937643,0.032916,-0.047927,-0.180578
456923230.000,Miguel,recording,switch_hand,10,-2.401565,6.503143,5.798792,0.042805,-0.080928,-0.186061
456923240.000,Miguel,recording,switch_hand,10,-2.703116,6.496178,5.705443,0.041121,-0.092360,-0.151503
456923250.000,Miguel,recording,switch_hand,10,-3.004366,6.566140,5.702550,0.036667,-0.081603,-0.075684
456923260.000,Miguel,recording,switch_hand,10,-3.240228,6.729416,5.800157,0.049011,-0.035132,0.034365
456923270.000,Miguel,recording,switch_hand,10,-3.298338,6.883843,5.851270,0.092263,0.050237,0.154772
456923280.000,Miguel,recording,switch_hand,10,-3.202918,7.053323,5.852466,0.157635,0.160204,0.254213
456923290.000,Miguel,recording,switch_hand,10,-3.071703,7.164268,5.787441,0.222447,0.268350,0.316065
456923300.000,Miguel,recording,switch_hand,10,-2.810661,6.970296,5.514126,0.259803,0.348551,0.339373
456923310.000,Miguel,recording,switch_hand,10,-2.548318,6.689965,5.237723,0.249433,0.401572,0.334085
456923320.000,Miguel,recording,switch_hand,10,-2.379262,6.483421,4.989685,0.182647,0.449499,0.317584
456923330.000,Miguel,recording,switch_hand,10,-2.417616,6.546676,4.914634,0.058425,0.513870,0.308318
456923340.000,Miguel,recording,switch_hand,10,-2.632240,6.812160,4.969090,-0.114463,0.602820,0.326625
456923350.000,Miguel,recording,switch_hand,10,-2.850091,7.192171,5.239355,-0.315502,0.702905,0.379937
456923360.000,Miguel,recording,switch_hand,10,-2.703058,7.428816,5.690910,-0.515681,0.792705,0.444337
456923370.000,Miguel,recording,switch_hand,10,-2.117576,7.471468,6.185467,-0.688649,0.860872,0.482678
456923380.000,Miguel,recording,switch_hand,10,-1.567087,7.509061,6.629279,-0.826518,0.885717,0.480747
456923390.000,Miguel,recording,switch_hand,10,-1.010539,7.465246,7.034246,-0.938753,0.842112,0.441711
456923400.000,Miguel,recording,switch_hand,10,-0.363575,7.317001,7.378579,-1.035673,0.736498,0.360538
456923410.000,Miguel,recording,switch_hand,11,0.358210,6.995959,7.758639,-1.119214,0.595628,0.222375
456923420.000,Miguel,recording,switch_hand,11,1.033585,6.641207,8.288645,-1.175320,0.448114,0.020493
456923430.000,Miguel,recording,switch_hand,11,1.420487,6.084259,9.056273,-1.170650,0.316375,-0.232363
456923440.000,Miguel,recording,switch_hand,11,1.399023,5.423094,9.816372,-1.067508,0.203047,-0.512203
456923450.000,Miguel,recording,switch_hand,11,0.783204,4.890189,10.387855,-0.852031,0.101074,-0.781123
456923460.000,Miguel,recording,switch_hand,11,-0.234481,4.522150,10.325602,-0.561097,0.009348,-0.992962
456923470.000,Miguel,recording,switch_hand,11,-1.141450,4.247533,9.745057,-0.267799,-0.084034,-1.118312
456923480.000,Miguel,recording,switch_hand,11,-1.834283,4.010852,8.942321,-0.034902,-0.189281,-1.154863
456923490.000,Miguel,recording,switch_hand,11,-2.399776,3.961685,8.191100,0.112278,-0.294963,-1.110743
456923500.000,Miguel,recording,switch_hand,11,-2.817021,4.052472,7.633591,0.180087,-0.381022,-0.995265
456923510.000,Miguel,recording,switch_hand,11,-3.011042,4.210030,7.162028,0.188397,-0.431334,-0.826675
456923520.000,Miguel,recording,switch_hand,11,-3.061926,4.427109,6.812517,0.159593,-0.438494,-0.627409
456923530.000,Miguel,recording,switch_hand,11,-3.283695,5.124118,6.598005,0.114774,-0.389047,-0.409030
456923540.000,Miguel,recording,switch_hand,11,-4.054764,6.742882,6.646881,0.076116,-0.278970,-0.166006
456923550.000,Miguel,recording,switch_hand,11,-5.178338,9.071008,7.019288,0.060233,-0.149294,0.096683
456923560.000,Miguel,recording,switch_hand,11,-5.924052,11.191570,7.313294,0.068416,-0.080441,0.327613
456923570.000,Miguel,recording,switch_hand,11,-5.750573,12.332897,7.439086,0.089343,-0.146179,0.447040
456923580.000,Miguel,recording,switch_hand,11,-4.755642,12.127879,7.643143,0.119194,-0.343678,0.410780
456923590.000,Miguel,recording,switch_hand,11,-3.469473,10.806338,7.971682,0.168920,-0.588737,0.253757
456923600.000,Miguel,recording,switch_hand,11,-2.414118,8.825072,8.165631,0.242818,-0.800939,0.059444
456923610.000,Miguel,recording,switch_hand,11,-1.586688,6.833235,8.183595,0.333242,-0.941571,-0.103083
456923620.000,Miguel,recording,switch_hand,11,-1.154306,5.114422,8.053650,0.436902,-1.003659,-0.196111
456923630.000,Miguel,recording,switch_hand,11,-1.052190,3.880706,7.846946,0.555405,-1.001986,-0.199561
456923640.000,Miguel,recording,switch_hand,11,-1.233565,3.186517,7.538686,0.682919,-0.955603,-0.109232
456923650.000,Miguel,recording,switch_hand,11,-1.543116,3.011886,7.119210,0.798670,-0.880661,0.059272
456923660.000,Miguel,recording,switch_hand,11,-1.772174,3.347829,6.491600,0.870832,-0.792431,0.273746
456923670.000,Miguel,recording,switch_hand,11,-1.906858,4.171227,6.022390,0.882970,-0.700894,0.490599
456923680.000,Miguel,recording,switch_hand,11,-1.917326,5.238649,5.872579,0.850004,-0.609375,0.664792
456923690.000,Miguel,recording,switch_hand,11,-1.787770,6.229232,5.875569,0.800212,-0.522382,0.763525
456923700.000,Miguel,recording,switch_hand,11,-1.567652,7.050306,5.914585,0.755521,-0.453876,0.769431
456923710.000,Miguel,recording,switch_hand,11,-1.407197,7.616673,5.899489,0.718328,-0.429677,0.685632
456923720.000,Miguel,recording,switch_hand,11,-1.366336,7.920627,5.788020,0.676890,-0.460704,0.539081
456923730.000,Miguel,recording,switch_hand,11,-1.469459,7.980272,5.622152,0.619660,-0.533944,0.368503
456923740.000,Miguel,recording,switch_hand,11,-1.688566,7.799099,5.509403,0.542198,-0.626458,0.211254
456923750.000,Miguel,recording,switch_hand,11,-1.982261,7.546707,5.520662,0.448753,-0.715734,0.091220
456923760.000,Miguel,recording,switch_hand,11,-2.217286,7.210404,5.637974,0.345335,-0.782354,0.014869
456923770.000,Miguel,recording,switch_hand,11,-2.351301,6.924027,5.811483,0.237253,-0.806159,-0.021948
456923780.000,Miguel,recording,switch_hand,11,-2.481172,6.704408,6.081494,0.134332,-0.779251,-0.022512
456923790.000,Miguel,recording,switch_hand,11,-2.676319,6.448971,6.451906,0.047173,-0.709441,0.016274
456923800.000,Miguel,recording,switch_hand,11,-2.879204,6.218539,6.830784,-0.018186,-0.605223,0.097877
456923810.000,Miguel,recording,switch_hand,11,-2.995708,6.115308,7.146862,-0.053630,-0.474460,0.219569
456923820.000,Miguel,recording,switch_hand,11,-2.844655,6.120382,7.331102,-0.053385,-0.334889,0.363358
456923830.000,Miguel,recording,switch_hand,11,-2.294635,6.247346,7.299883,-0.023391,-0.214980,0.490328
456923840.000,Miguel,recording,switch_hand,11,-1.462391,6.481192,6.973819,0.018507,-0.145665,0.551966
456923850.000,Miguel,recording,switch_hand,11,-0.864710,6.662451,6.534150,0.046369,-0.147295,0.510400
456923860.000,Miguel,recording,switch_hand,11,-0.957730,6.660595,6.227109,0.048314,-0.227737,0.353579
456923870.000,Miguel,recording,switch_hand,11,-2.001237,6.426387,6.193408,0.044290,-0.400164,0.137504
456923880.000,Miguel,recording,switch_hand,11,-3.155392,7.017480,6.533244,0.078591,-0.697651,-0.025571
456923890.000,Miguel,recording,switch_hand,11,-3.878848,7.869953,6.434529,0.164671,-1.133818,-0.106946
456923900.000,Miguel,recording,switch_hand,11,-4.184554,8.396086,5.273856,0.179513,-1.680896,-0.180607
456923910.000,Miguel,recording,switch_hand,11,-3.825981,8.809305,3.624267,-0.102057,-2.091340,-0.252054
456923920.000,Miguel,recording,switch_hand,11,-1.940205,7.271856,4.495553,-0.536529,-1.945426,-0.279678
456923930.000,Miguel,recording,switch_hand,11,0.002366,6.280642,5.778047,-1.011685,-1.433614,-0.124113
456923940.000,Miguel,recording,switch_hand,11,0.377576,7.504673,5.784508,-1.655465,-0.793133,0.369026
456923950.000,Miguel,recording,switch_hand,11,4.129858,8.333777,9.159005,-2.167194,-0.229726,0.766607
456923960.000,Miguel,recording,switch_hand,11,3.997829,8.567507,12.059290,-2.115955,0.022902,0.696299
456923970.000,Miguel,recording,switch_hand,11,2.414224,8.665617,13.709475,-1.488847,0.071942,0.513892
456923980.000,Miguel,recording,switch_hand,11,0.755179,7.021191,11.493524,-0.700983,-0.109939,0.469483
456923990.000,Miguel,recording,switch_hand,11,0.461382,5.298667,8.630367,-0.091983,-0.617669,0.499861
456924000.000,Miguel,recording,switch_hand,11,0.206225,4.952525,7.937516,0.360426,-1.469653,0.578548
456924010.000,Miguel,recording,switch_hand,11,0.102386,5.552629,7.033415,0.700425,-2.293395,0.680828
456924020.000,Miguel,recording,switch_hand,11,0.614004,6.450371,5.430973,0.840424,-2.646903,0.763940
456924030.000,Miguel,recording,switch_hand,11,0.878945,6.864712,4.381053,0.744867,-2.478471,0.805133
456924040.000,Miguel,recording,switch_hand,11,1.176430,6.897504,4.127166,0.465891,-2.017046,0.773862
456924050.000,Miguel,recording,switch_hand,11,1.645576,6.747017,4.759664,0.116516,-1.523790,0.668988
456924060.000,Miguel,recording,switch_hand,11,1.850249,7.118169,6.498524,-0.105475,-1.069604,0.550748
456924070.000,Miguel,recording,switch_hand,11,1.905660,7.504659,8.213863,-0.056918,-0.602784,0.488473
456924080.000,Miguel,recording,switch_hand,11,1.914463,7.822408,8.936456,0.223513,-0.124218,0.507716
456924090.000,Miguel,recording,switch_hand,11,1.864242,7.875112,8.483108,0.586473,0.317666,0.586749
456924100.000,Miguel,recording,switch_hand,11,1.808406,7.606510,7.265450,0.864323,0.650568,0.678973
456924110.000,Miguel,recording,switch_hand,11,1.785641,7.162100,6.083028,0.962876,0.820499,0.742073
456924120.000,Miguel,recording,switch_hand,11,1.745584,6.752682,5.459709,0.893356,0.825048,0.752033
456924130.000,Miguel,recording,switch_hand,11,1.778330,6.522745,5.272946,0.722065,0.710134,0.715296
456924140.000,Miguel,recording,switch_hand,11,1.849570,6.538580,5.417201,0.520434,0.551618,0.658999
456924150.000,Miguel,recording,switch_hand,11,2.063450,6.715620,5.736043,0.357863,0.430564,0.607470
456924160.000,Miguel,recording,switch_hand,11,2.358008,6.864503,6.062213,0.272037,0.390509,0.569981
456924170.000,Miguel,recording,switch_hand,11,2.634423,6.985307,6.198561,0.252246,0.426909,0.540965
456924180.000,Miguel,recording,switch_hand,11,2.868289,6.996231,6.166341,0.265188,0.518938,0.511179
456924190.000,Miguel,recording,switch_hand,11,2.920678,6.847907,6.087352,0.278114,0.635296,0.469604
456924200.000,Miguel,recording,switch_hand,11,2.821082,6.622057,5.988433,0.270506,0.738330,0.413722
456924210.000,Miguel,recording,switch_hand,11,2.647477,6.476861,5.898484,0.231095,0.801194,0.355905
456924220.000,Miguel,recording,switch_hand,11,2.496747,6.462591,5.886324,0.164879,0.814871,0.306515
456924230.000,Miguel,recording,switch_hand,11,2.373203,6.481556,6.114496,0.094828,0.786893,0.269825
456924240.000,Miguel,recording,switch_hand,11,2.267346,6.437442,6.382163,0.047901,0.732232,0.249842
456924250.000,Miguel,recording,switch_hand,11,2.264507,6.414156,6.597341,0.035553,0.664849,0.246578
456924260.000,Miguel,recording,switch_hand,11,2.375879,6.475944,6.604364,0.048396,0.590866,0.252553
456924270.000,Miguel,recording,switch_hand,11,2.521471,6.542175,6.453087,0.064518,0.511085,0.258600
456924280.000,Miguel,recording,switch_hand,11,2.655979,6.582978,6.230869,0.062844,0.434986,0.255363
456924290.000,Miguel,recording,switch_hand,11,2.734358,6.582282,6.110562,0.035157,0.373861,0.235594
456924300.000,Miguel,recording,switch_hand,11,2.706772,6.586311,6.063448,-0.013847,0.331345,0.199635
456924310.000,Miguel,recording,switch_hand,11,2.625442,6.630087,6.153683,-0.070111,0.315599,0.154814
456924320.000,Miguel,recording,switch_hand,11,2.518771,6.732070,6.383744,-0.114952,0.341701,0.110053
456924330.000,Miguel,recording,switch_hand,11,2.480732,6.839435,6.693234,-0.128028,0.419849,0.071814
456924340.000,Miguel,recording,switch_hand,11,2.468357,6.992536,7.022476,-0.096995,0.541186,0.043703
456924350.000,Miguel,recording,switch_hand,11,2.431249,7.139897,7.235693,-0.029205,0.674628,0.025110
456924360.000,Miguel,recording,switch_hand,11,2.248496,7.236235,7.315320,0.055354,0.777691,0.013328
456924370.000,Miguel,recording,switch_hand,11,1.934007,7.255695,7.198033,0.129142,0.820320,0.007883
456924380.000,Miguel,recording,switch_hand,11,1.611810,7.147226,7.021479,0.166567,0.805773,0.010326
456924390.000,Miguel,recording,switch_hand,11,1.297958,7.057033,6.953470,0.160195,0.755782,0.023936
456924400.000,Miguel,recording,switch_hand,11,1.083937,7.012751,7.080760,0.125276,0.681724,0.052968
456924410.000,Miguel,recording,switch_hand,11,1.034630,7.030842,7.292373,0.088685,0.592772,0.098738
456924420.000,Miguel,recording,switch_hand,11,1.093803,7.046524,7.541685,0.068450,0.513426,0.155406
456924430.000,Miguel,recording,switch_hand,11,1.276244,7.096526,7.749075,0.076308,0.462840,0.205894
456924440.000,Miguel,recording,switch_hand,11,1.549532,7.177627,7.911353,0.115521,0.441210,0.233986
456924450.000,Miguel,recording,switch_hand,11,1.720974,7.257438,7.900745,0.172042,0.441634,0.241933
456924460.000,Miguel,recording,switch_hand,11,1.800349,7.303638,7.779311,0.226730,0.455699,0.241003
456924470.000,Miguel,recording,switch_hand,11,1.899660,7.287226,7.642778,0.265854,0.473316,0.235985
456924480.000,Miguel,recording,switch_hand,11,2.034495,7.210463,7.497506,0.285759,0.484813,0.222821
456924490.000,Miguel,recording,switch_hand,11,2.273577,7.107706,7.352341,0.289309,0.487646,0.192444
456924500.000,Miguel,recording,switch_hand,11,2.617129,7.045301,7.188076,0.283592,0.483176,0.137508
456924510.000,Miguel,recording,switch_hand,11,3.187947,7.146345,6.943845,0.277507,0.459555,0.061675
456924520.000,Miguel,recording,switch_hand,11,4.383186,7.741666,6.514257,0.278383,0.398175,-0.020440
456924530.000,Miguel,recording,switch_hand,11,6.105679,8.377528,5.766668,0.274971,0.352175,-0.097807
456924540.000,Miguel,recording,switch_hand,11,7.328754,7.856946,4.657810,0.238214,0.492467,-0.154313
456924550.000,Miguel,recording,switch_hand,11,8.198978,6.501361,3.785364,0.187964,1.033948,-0.207278
456924560.000,Miguel,recording,switch_hand,11,8.692034,5.231794,3.406510,0.134920,1.958753,-0.466714
456924570.000,Miguel,recording,switch_hand,11,9.421818,4.736337,2.269658,-0.139748,2.708193,-1.409640
456924580.000,Miguel,recording,switch_hand,11,8.284955,4.698425,1.431399,-0.757934,2.841990,-2.902565
456924590.000,Miguel,recording,switch_hand,11,0.391019,3.569746,5.582149,-1.168946,2.724007,-3.852477
456924600.000,Miguel,recording,switch_hand,11,-5.850567,4.956354,7.719248,-1.110045,2.719951,-3.921861
456924610.000,Miguel,recording,switch_hand,11,-9.425637,6.339537,8.023155,-0.966127,2.842765,-3.591332
456924620.000,Miguel,recording,switch_hand,11,-8.520623,5.592558,5.534516,-0.905320,3.011719,-3.118132
456924630.000,Miguel,recording,switch_hand,11,-7.247994,5.130923,3.462211,-0.913574,2.900981,-2.654656
456924640.000,Miguel,recording,switch_hand,11,-6.849888,6.168349,2.662679,-0.973653,2.257779,-2.266565
456924650.000,Miguel,recording,switch_hand,11,-6.980122,7.196145,2.770269,-1.076334,1.324575,-1.947387
456924660.000,Miguel,recording,switch_hand,11,-7.992510,7.678864,3.939860,-1.110643,0.508693,-1.670506
456924670.000,Miguel,recording,switch_hand,11,-8.301139,7.596353,5.641468,-1.029609,-0.081380,-1.422224
456924680.000,Miguel,recording,switch_hand,11,-7.426620,6.915032,7.094848,-0.901520,-0.652901,-1.181833
456924690.000,Miguel,recording,switch_hand,11,-6.173883,4.886058,8.309903,-0.720703,-1.211318,-0.942720
456924700.000,Miguel,recording,switch_hand,11,-4.423282,4.091451,8.473495,-0.517838,-1.582162,-0.717916
456924710.000,Miguel,recording,switch_hand,11,-3.729589,3.415257,9.273320,-0.358967,-1.723582,-0.498419
456924720.000,Miguel,recording,switch_hand,11,-2.980133,3.469964,10.043927,-0.230731,-1.501531,-0.283545
456924730.000,Miguel,recording,switch_hand,11,-2.738020,3.742652,10.905967,-0.074648,-0.874162,-0.121179
456924740.000,Miguel,recording,switch_hand,11,-2.898575,4.480469,11.513218,0.123523,-0.074566,-0.039063
456924750.000,Miguel,recording,switch_hand,11,-3.393639,5.468340,11.391720,0.335092,0.616009,-0.016460
456924760.000,Miguel,recording,switch_hand,11,-4.052788,6.546391,10.681287,0.529804,1.099492,-0.004124
456924770.000,Miguel,recording,switch_hand,11,-4.488991,7.147362,9.580067,0.683858,1.381521,0.057004
456924780.000,Miguel,recording,switch_hand,11,-4.386283,7.033747,8.420676,0.777588,1.461352,0.170196
456924790.000,Miguel,recording,switch_hand,11,-4.081394,6.823179,7.435990,0.809337,1.375161,0.283206
456924800.000,Miguel,recording,switch_hand,11,-3.694543,6.699960,6.746521,0.797595,1.152423,0.371613
456924810.000,Miguel,recording,switch_hand,11,-3.488975,6.646555,6.446596,0.780976,0.767303,0.438870
456924820.000,Miguel,recording,switch_hand,11,-3.570308,6.663351,6.548672,0.809705,0.210725,0.483698
456924830.000,Miguel,recording,switch_hand,11,-3.698856,6.707129,6.763680,0.911770,-0.473774,0.514458
456924840.000,Miguel,recording,switch_hand,11,-3.836915,6.782701,6.897814,1.071819,-1.189799,0.537144
456924850.000,Miguel,recording,switch_hand,11,-3.806048,6.866298,6.795355,1.242625,-1.817539,0.556585
456924860.000,Miguel,recording,switch_hand,11,-3.419318,6.657390,6.512426,1.370102,-2.270567,0.574489
456924870.000,Miguel,recording,switch_hand,11,-2.871224,6.472802,6.191222,1.421258,-2.515427,0.582767
456924880.000,Miguel,recording,switch_hand,11,-2.305951,6.399565,5.976514,1.388849,-2.558753,0.577061
456924890.000,Miguel,recording,switch_hand,11,-1.667957,6.398630,5.926613,1.289162,-2.427645,0.549932
456924900.000,Miguel,recording,switch_hand,11,-1.029382,6.402176,5.968020,1.152896,-2.160870,0.484531
456924910.000,Miguel,recording,switch_hand,11,-0.581986,6.422077,6.054907,1.005859,-1.806482,0.370238
456924920.000,Miguel,recording,switch_hand,11,-0.471449,6.508516,6.169817,0.863816,-1.410144,0.218243
456924930.000,Miguel,recording,switch_hand,11,-0.693757,6.631259,6.203625,0.732968,-1.010798,0.057597
456924940.000,Miguel,recording,switch_hand,11,-1.095682,6.780826,6.124222,0.616907,-0.644157,-0.086743
456924950.000,Miguel,recording,switch_hand,11,-1.525475,6.848493,6.004574,0.520113,-0.342762,-0.201505
456924960.000,Miguel,recording,switch_hand,11,-1.965010,6.886296,5.869705,0.443849,-0.126278,-0.275656
456924970.000,Miguel,recording,switch_hand,11,-2.373605,6.920697,5.710616,0.385989,0.008206,-0.301925
456924980.000,Miguel,recording,switch_hand,11,-2.634467,6.929873,5.542351,0.340723,0.072013,-0.283935
456924990.000,Miguel,recording,switch_hand,11,-2.788066,6.974693,5.375852,0.298652,0.080090,-0.235195
456925000.000,Miguel,recording,switch_hand,11,-2.834080,7.072273,5.262777,0.254460,0.048626,-0.169721
456925010.000,Miguel,recording,switch_hand,11,-2.744347,7.117424,5.254062,0.211553,-0.013104,-0.098361
456925020.000,Miguel,recording,switch_hand,11,-2.616109,7.098668,5.282308,0.176418,-0.100910,-0.034603
456925030.000,Miguel,recording,switch_hand,11,-2.489457,7.059790,5.338481,0.150549,-0.212925,0.014525
456925040.000,Miguel,recording,switch_hand,11,-2.380526,7.106562,5.410861,0.131053,-0.337561,0.052331
456925050.000,Miguel,recording,switch_hand,11,-2.292202,7.194390,5.556661,0.116535,-0.449014,0.083307
456925060.000,Miguel,recording,switch_hand,11,-2.192163,7.215909,5.727375,0.107095,-0.528719,0.107016
456925070.000,Miguel,recording,switch_hand,11,-2.032337,7.155508,5.880717,0.102070,-0.573180,0.121557
456925080.000,Miguel,recording,switch_hand,11,-1.825107,7.140278,6.031915,0.104075,-0.583999,0.130403
456925090.000,Miguel,recording,switch_hand,11,-1.654235,7.196599,6.198896,0.108740,-0.552942,0.129174
456925100.000,Miguel,recording,switch_hand,11,-1.480592,7.162738,6.233389,0.106727,-0.475916,0.111433
456925110.000,Miguel,recording,switch_hand,11,-1.393523,7.125081,6.239268,0.090897,-0.363514,0.079635
456925120.000,Miguel,recording,switch_hand,11,-1.426397,7.161120,6.182931,0.056049,-0.225509,0.042155
456925130.000,Miguel,recording,switch_hand,11,-1.514121,7.148520,6.124249,0.002636,-0.075088,0.009253
456925140.000,Miguel,recording,switch_hand,11,-1.660193,7.080712,6.099116,-0.062430,0.066700,-0.012582
456925150.000,Miguel,recording,switch_hand,11,-1.847467,7.026680,6.147955,-0.123989,0.180011,-0.019308
456925160.000,Miguel,recording,switch_hand,11,-2.050486,6.981865,6.226936,-0.168243,0.252327,-0.011562
456925170.000,Miguel,recording,switch_hand,11,-2.203452,6.982694,6.308386,-0.188829,0.278111,0.007019
456925180.000,Miguel,recording,switch_hand,11,-2.340147,6.979215,6.383785,-0.185956,0.262158,0.033948
456925190.000,Miguel,recording,switch_hand,11,-2.450141,6.993510,6.397510,-0.167040,0.218149,0.065253
456925200.000,Miguel,recording,switch_hand,11,-2.523943,6.995840,6.378598,-0.143630,0.162505,0.097803
456925210.000,Miguel,recording,switch_hand,11,-2.549617,6.929941,6.347918,-0.124594,0.108229,0.131125
456925220.000,Miguel,recording,switch_hand,11,-2.592605,6.827021,6.339648,-0.117057,0.063481,0.167973
456925230.000,Miguel,recording,switch_hand,11,-2.682209,6.734385,6.361993,-0.122620,0.031985,0.213459
456925240.000,Miguel,recording,switch_hand,11,-2.767343,6.688643,6.461714,-0.134129,0.007808,0.268511
456925250.000,Miguel,recording,switch_hand,11,-2.802277,6.643640,6.597581,-0.140880,-0.019456,0.325681
456925260.000,Miguel,recording,switch_hand,11,-2.723855,6.613420,6.766804,-0.133163,-0.053910,0.370589
456925270.000,Miguel,recording,switch_hand,11,-2.574475,6.581187,6.833448,-0.108518,-0.090361,0.382425
456925280.000,Miguel,recording,switch_hand,11,-2.506133,6.581502,6.781213,-0.077931,-0.115792,0.344922
456925290.000,Miguel,recording,switch_hand,11,-2.743072,6.675554,6.640146,-0.037927,-0.158797,0.267900
456925300.000,Miguel,recording,switch_hand,11,-3.500438,6.868084,6.535565,0.028029,-0.311851,0.172301
456925310.000,Miguel,recording,switch_hand,11,-4.767114,6.835977,6.481030,0.141645,-0.695197,0.128655
456925320.000,Miguel,recording,switch_hand,11,-6.114121,6.639025,6.582764,0.329394,-1.388360,0.216626
456925330.000,Miguel,recording,switch_hand,11,-7.620728,6.840276,6.589949,0.590213,-2.358019,0.415723
456925340.000,Miguel,recording,switch_hand,11,-9.173836,7.005444,6.690734,0.930582,-3.427887,0.666155
456925350.000,Miguel,recording,switch_hand,11,-8.821536,6.189551,5.866234,1.353696,-4.289096,0.921977
456925360.000,Miguel,recording,switch_hand,11,-5.116655,5.841644,4.084428,1.449471,-4.085805,1.460175
456925370.000,Miguel,recording,switch_hand,11,1.699806,8.215119,0.797499,0.321220,-1.634042,2.864006
456925380.000,Miguel,recording,switch_hand,11,4.340421,6.131952,-1.853610,-1.308615,1.165408,3.997720
456925390.000,Miguel,recording,switch_hand,11,12.639984,2.579952,7.042178,-2.057183,2.076111,3.752626
456925400.000,Miguel,recording,switch_hand,11,17.162062,11.230914,9.997335,-1.770267,1.722548,2.752520
456925410.000,Miguel,recording,switch_hand,11,14.283971,12.328945,15.020142,-0.772941,0.871938,1.666562
456925420.000,Miguel,recording,switch_hand,11,7.775895,9.422038,10.538569,0.230690,0.084999,0.927390
456925430.000,Miguel,recording,switch_hand,11,5.636516,5.976913,7.460014,0.792547,-0.387804,0.492629
456925440.000,Miguel,recording,switch_hand,11,3.117575,3.989337,4.617912,0.944502,-0.561245,0.185702
456925450.000,Miguel,recording,switch_hand,11,2.290978,3.943399,4.132427,0.894389,-0.488727,-0.094796
456925460.000,Miguel,recording,switch_hand,11,2.584150,4.309271,4.096450,0.780475,-0.311599,-0.426513
456925470.000,Miguel,recording,switch_hand,11,3.160332,6.576710,4.239152,0.625530,-0.184741,-0.802258
456925480.000,Miguel,recording,switch_hand,11,3.254424,8.879420,5.422180,0.471853,-0.147592,-1.109546
456925490.000,Miguel,recording,switch_hand,11,2.593712,9.602305,6.809351,0.410810,-0.149960,-1.255167
456925500.000,Miguel,recording,switch_hand,11,1.953366,9.244665,7.812234,0.480143,-0.117245,-1.264070
456925510.000,Miguel,recording,switch_hand,11,1.251760,8.606311,7.627493,0.618157,-0.040426,-1.206928
456925520.000,Miguel,recording,switch_hand,11,0.829964,7.950334,6.829167,0.721069,0.019953,-1.128815
456925530.000,Miguel,recording,switch_hand,11,0.737560,7.706817,5.990877,0.723609,-0.010228,-1.068464
456925540.000,Miguel,recording,switch_hand,11,0.804733,7.627933,5.361819,0.620293,-0.185964,-1.041338
456925550.000,Miguel,recording,switch_hand,11,0.840490,7.564118,4.859172,0.432530,-0.506664,-1.032728
456925560.000,Miguel,recording,switch_hand,11,0.880550,7.638210,4.590517,0.191548,-0.910535,-1.026229
456925570.000,Miguel,recording,switch_hand,11,1.031527,7.700180,4.583134,-0.060531,-1.323087,-1.023796
456925580.000,Miguel,recording,switch_hand,11,1.227563,7.877314,4.755071,-0.287360,-1.707125,-1.029539
456925590.000,Miguel,recording,switch_hand,11,1.398994,8.182305,5.025214,-0.472114,-2.078535,-1.028130
456925600.000,Miguel,recording,switch_hand,11,1.385432,8.099871,5.137944,-0.627589,-2.483979,-0.994544
456925610.000,Miguel,recording,switch_hand,11,1.350759,7.587591,4.819191,-0.793945,-2.932592,-0.919001
456925620.000,Miguel,recording,switch_hand,11,1.406960,7.256563,4.290287,-1.011528,-3.385770,-0.817721
456925630.000,Miguel,recording,switch_hand,11,1.354281,7.044496,3.916262,-1.292780,-3.826762,-0.700073
456925640.000,Miguel,recording,switch_hand,11,1.248644,7.009962,4.084361,-1.604770,-4.268515,-0.547601
456925650.000,Miguel,recording,switch_hand,11,1.288914,7.024433,4.773556,-1.882922,-4.664676,-0.390598
456925660.000,Miguel,recording,switch_hand,11,1.455938,7.250417,5.687159,-2.074038,-4.925991,-0.282360
456925670.000,Miguel,recording,switch_hand,11,1.495104,7.573641,6.633482,-2.146031,-5.003379,-0.202079
456925680.000,Miguel,recording,switch_hand,11,1.476608,7.435071,7.609511,-2.072896,-4.843294,-0.119359
456925690.000,Miguel,recording,switch_hand,11,1.590367,7.199217,8.562927,-1.840808,-4.381148,-0.053252
456925700.000,Miguel,recording,switch_hand,11,1.652309,7.117915,9.105448,-1.453736,-3.637868,-0.002929
456925710.000,Miguel,recording,switch_hand,11,1.684978,7.028045,9.335258,-0.951803,-2.683716,0.052865
456925720.000,Miguel,recording,switch_hand,11,1.732079,7.003245,9.275496,-0.403517,-1.582892,0.106057
456925730.000,Miguel,recording,switch_hand,11,1.702718,7.018925,8.999827,0.128427,-0.460493,0.151710
456925740.000,Miguel,recording,switch_hand,11,1.813828,7.294864,8.372607,0.578607,0.535722,0.197573
456925750.000,Miguel,recording,switch_hand,11,2.041701,7.609900,7.618818,0.884011,1.329742,0.227503
456925760.000,Miguel,recording,switch_hand,11,2.274919,7.689850,7.088925,1.032826,1.899364,0.213117
456925770.000,Miguel,recording,switch_hand,11,2.331321,7.590381,6.850112,1.070611,2.243343,0.151380
456925780.000,Miguel,recording,switch_hand,11,2.185044,7.288726,6.745069,1.046656,2.393980,0.063913
456925790.000,Miguel,recording,switch_hand,11,1.962366,7.110795,6.628932,0.984495,2.400406,-0.018819
456925800.000,Miguel,recording,switch_hand,11,1.867431,7.265871,6.596225,0.903262,2.294433,-0.078719
456925810.000,Miguel,recording,switch_hand,11,1.744195,7.441731,6.659272,0.821535,2.088703,-0.111590
456925820.000,Miguel,recording,switch_hand,11,1.544030,7.511496,6.647334,0.746978,1.803523,-0.111960
456925830.000,Miguel,recording,switch_hand,11,1.249074,7.259577,6.483792,0.678895,1.478686,-0.076279
456925840.000,Miguel,recording,switch_hand,11,1.004317,7.038766,6.307646,0.614162,1.153562,-0.008312
456925850.000,Miguel,recording,switch_hand,11,0.896875,7.010507,6.146341,0.555524,0.844995,0.085232
456925860.000,Miguel,recording,switch_hand,11,0.961106,7.154143,5.905301,0.501664,0.577713,0.192805
456925870.000,Miguel,recording,switch_hand,11,1.125161,7.326971,5.619230,0.444468,0.398562,0.301802
456925880.000,Miguel,recording,switch_hand,11,1.357346,7.435488,5.401812,0.389471,0.343875,0.400287
456925890.000,Miguel,recording,switch_hand,11,1.635877,7.483256,5.237614,0.348980,0.424980,0.482507
456925900.000,Miguel,recording,switch_hand,11,1.929163,7.597466,5.233821,0.332640,0.635291,0.552636
456925910.000,Miguel,recording,switch_hand,11,2.172462,7.684753,5.352733,0.347920,0.948983,0.617207
456925920.000,Miguel,recording,switch_hand,11,2.378220,7.842234,5.523564,0.391009,1.308038,0.685305
456925930.000,Miguel,recording,switch_hand,11,2.541884,8.110812,5.616994,0.449230,1.623346,0.762376
456925940.000,Miguel,recording,switch_hand,11,2.592080,8.039909,5.520514,0.497632,1.832057,0.835149
456925950.000,Miguel,recording,switch_hand,11,2.542751,7.677577,5.168743,0.501955,1.933830,0.885613
456925960.000,Miguel,recording,switch_hand,11,2.483061,7.380653,4.906937,0.442397,1.957309,0.908582
456925970.000,Miguel,recording,switch_hand,11,2.535632,7.250457,4.809426,0.325661,1.937595,0.900705
456925980.000,Miguel,recording,switch_hand,11,2.753662,7.301965,4.960664,0.181931,1.899531,0.863297
456925990.000,Miguel,recording,switch_hand,11,3.052118,7.470098,5.356656,0.055236,1.855860,0.806698
456926000.000,Miguel,recording,switch_hand,11,3.317106,7.470725,5.828564,-0.020385,1.831978,0.741567
456926010.000,Miguel,recording,switch_hand,11,3.629240,7.318876,6.336135,-0.025465,1.840839,0.680217
456926020.000,Miguel,recording,switch_hand,11,3.744941,7.037803,6.573880,0.037240,1.863669,0.630164
456926030.000,Miguel,recording,switch_hand,11,4.101191,6.737783,6.551904,0.132157,1.908037,0.572206
456926040.000,Miguel,recording,switch_hand,11,4.663639,6.595796,6.411161,0.222464,1.985401,0.478764
456926050.000,Miguel,recording,switch_hand,11,5.252502,6.568158,6.232980,0.288916,2.075175,0.338240
456926060.000,Miguel,recording,switch_hand,11,5.955310,6.602864,6.031975,0.319685,2.177630,0.142321
456926070.000,Miguel,recording,switch_hand,11,6.810534,6.656829,6.052280,0.328307,2.296069,-0.112965
456926080.000,Miguel,recording,switch_hand,11,7.564072,6.613575,6.157797,0.352076,2.402657,-0.424764
456926090.000,Miguel,recording,switch_hand,11,7.872466,6.282108,6.009789,0.407569,2.486190,-0.783853
456926100.000,Miguel,recording,switch_hand,11,7.633732,5.810749,5.547762,0.458070,2.520111,-1.213619
456926110.000,Miguel,recording,switch_hand,11,7.185650,5.367144,4.106103,0.301600,2.157655,-1.961445
456926120.000,Miguel,recording,switch_hand,11,3.915953,5.502568,2.992233,-0.218341,0.985488,-3.176917
456926130.000,Miguel,recording,switch_hand,11,-4.953002,6.139411,7.309050,-0.538313,0.031905,-3.836722
456926140.000,Miguel,recording,switch_hand,11,-9.224279,8.287353,9.488471,-0.287995,0.258559,-3.288397
456926150.000,Miguel,recording,switch_hand,11,-7.281617,10.730616,9.164736,0.198869,0.921011,-2.377061
456926160.000,Miguel,recording,switch_hand,11,-3.446546,10.207771,8.028461,0.669879,1.305184,-1.776218
456926170.000,Miguel,recording,switch_hand,11,-3.127546,8.550249,6.698769,0.981067,1.347596,-1.482322
456926180.000,Miguel,recording,switch_hand,11,-4.166873,7.537867,4.380272,1.009626,1.184770,-1.255133
456926190.000,Miguel,recording,switch_hand,11,-5.175724,7.092738,1.871810,0.659730,0.983773,-1.001539
456926200.000,Miguel,recording,switch_hand,11,-5.921060,7.271834,1.267654,0.166020,0.923359,-0.702532
456926210.000,Miguel,recording,switch_hand,11,-7.182818,7.352327,2.749846,-0.259059,1.053581,-0.349992
456926220.000,Miguel,recording,switch_hand,11,-7.227213,7.233240,3.113508,-0.619148,1.138163,0.003956
456926230.000,Miguel,recording,switch_hand,11,-5.643507,7.144817,4.678722,-0.859661,0.933914,0.290613
456926240.000,Miguel,recording,switch_hand,11,-4.391781,6.335002,4.921745,-1.012420,0.554033,0.476817
456926250.000,Miguel,recording,switch_hand,11,-3.547385,5.816430,5.286755,-1.121268,0.216526,0.590638
456926260.000,Miguel,recording,switch_hand,11,-3.157209,5.691790,5.900317,-1.172849,0.031574,0.660722
456926270.000,Miguel,recording,switch_hand,11,-2.508325,5.998532,6.639846,-1.142538,-0.011817,0.695633
456926280.000,Miguel,recording,switch_hand,11,-1.830705,6.141793,7.400885,-1.016195,-0.015730,0.707012
456926290.000,Miguel,recording,switch_hand,11,-1.641595,6.137570,8.182716,-0.806863,-0.022083,0.703784
456926300.000,Miguel,recording,switch_hand,11,-1.053638,6.310855,8.380464,-0.543214,0.004680,0.663251
456926310.000,Miguel,recording,switch_hand,11,-0.488806,6.617283,8.236709,-0.277158,0.080297,0.558610
456926320.000,Miguel,recording,switch_hand,11,-0.338770,6.922308,7.844667,-0.057637,0.155102,0.406050
456926330.000,Miguel,recording,switch_hand,11,-0.511394,7.353154,7.386735,0.097422,0.159114,0.239011
456926340.000,Miguel,recording,switch_hand,11,-0.959627,7.685870,7.111325,0.207193,0.066610,0.081716
456926350.000,Miguel,recording,switch_hand,11,-1.519749,7.805419,6.958832,0.301619,-0.110664,-0.047101
456926360.000,Miguel,recording,switch_hand,11,-2.109076,7.837890,6.842537,0.395898,-0.349249,-0.127264
456926370.000,Miguel,recording,switch_hand,11,-2.619379,7.824237,6.751937,0.484443,-0.609490,-0.149401
456926380.000,Miguel,recording,switch_hand,11,-2.897626,7.720054,6.661640,0.556368,-0.843005,-0.120527
456926390.000,Miguel,recording,switch_hand,11,-2.819444,7.516038,6.619688,0.607127,-1.014214,-0.055377
456926400.000,Miguel,recording,switch_hand,11,-2.521459,7.305414,6.583500,0.633370,-1.106386,0.026525
456926410.000,Miguel,recording,switch_hand,11,-2.132968,7.148130,6.557717,0.636984,-1.118682,0.106223
456926420.000,Miguel,recording,switch_hand,11,-1.760945,7.118590,6.511100,0.622201,-1.061476,0.168242
456926430.000,Miguel,recording,switch_hand,12,-1.452182,7.143040,6.429610,0.592373,-0.952630,0.203168
456926440.000,Miguel,recording,switch_hand,12,-1.243274,7.195709,6.350476,0.547901,-0.811962,0.208960
456926450.000,Miguel,recording,switch_hand,12,-1.168091,7.282998,6.264071,0.495200,-0.660289,0.194561
456926460.000,Miguel,recording,switch_hand,12,-1.128437,7.362718,6.161852,0.441148,-0.513063,0.169325
456926470.000,Miguel,recording,switch_hand,12,-1.098743,7.406580,6.026684,0.386320,-0.378125,0.137343
456926480.000,Miguel,recording,switch_hand,12,-1.065395,7.448120,5.893942,0.330265,-0.254951,0.101830
456926490.000,Miguel,recording,switch_hand,12,-1.094267,7.516262,5.745274,0.269489,-0.137680,0.065479
456926500.000,Miguel,recording,switch_hand,12,-1.145587,7.538553,5.629426,0.201727,-0.025398,0.033181
456926510.000,Miguel,recording,switch_hand,12,-1.229808,7.514607,5.580277,0.131449,0.076096,0.010850
456926520.000,Miguel,recording,switch_hand,12,-1.330814,7.452544,5.612887,0.068069,0.152567,0.001369
456926530.000,Miguel,recording,switch_hand,12,-1.447739,7.400183,5.702436,0.022931,0.191801,0.003409
456926540.000,Miguel,recording,switch_hand,12,-1.541071,7.396257,5.828428,0.003181,0.190374,0.014480
456926550.000,Miguel,recording,switch_hand,12,-1.616962,7.423375,5.918238,0.007332,0.153092,0.031988
456926560.000,Miguel,recording,switch_hand,12,-1.611627,7.508104,5.951393,0.028289,0.091322,0.049592
456926570.000,Miguel,recording,switch_hand,12,-1.531553,7.605224,5.949819,0.055365,0.018424,0.059889
456926580.000,Miguel,recording,switch_hand,12,-1.433863,7.654326,5.912950,0.078367,-0.052688,0.060349
456926590.000,Miguel,recording,switch_hand,12,-1.413387,7.688800,5.872007,0.092364,-0.110643,0.056578
456926600.000,Miguel,recording,switch_hand,12,-1.440880,7.709975,5.838058,0.095287,-0.149384,0.056290
456926610.000,Miguel,recording,switch_hand,12,-1.445652,7.715974,5.815739,0.088176,-0.168562,0.061316
456926620.000,Miguel,recording,switch_hand,12,-1.404588,7.657276,5.822130,0.076145,-0.169564,0.068921
456926630.000,Miguel,recording,switch_hand,12,-1.328819,7.582062,5.836768,0.063122,-0.156518,0.074913
456926640.000,Miguel,recording,switch_hand,12,-1.262334,7.536097,5.873527,0.049678,-0.135841,0.078286
456926650.000,Miguel,recording,switch_hand,12,-1.167547,7.495456,5.931168,0.034878,-0.112970,0.078909
456926660.000,Miguel,recording,switch_hand,12,-1.080120,7.472116,5.928041,0.018037,-0.086683,0.075989
456926670.000,Miguel,recording,switch_hand,12,-1.047641,7.476728,5.963460,0.000055,-0.052640,0.070947
456926680.000,Miguel,recording,switch_hand,12,-1.101654,7.506537,5.998971,-0.020033,-0.012372,0.067318
456926690.000,Miguel,recording,switch_hand,12,-1.247304,7.601853,6.065327,-0.044772,0.028427,0.070592
456926700.000,Miguel,recording,switch_hand,12,-1.447820,7.717508,6.179183,-0.068206,0.065805,0.083851
456926710.000,Miguel,recording,switch_hand,12,-1.532542,7.743639,6.312703,-0.079363,0.096732,0.107117
456926720.000,Miguel,recording,switch_hand,12,-1.544228,7.719113,6.434994,-0.069633,0.119911,0.137197
456926730.000,Miguel,recording,switch_hand,12,-1.480202,7.653183,6.501370,-0.037269,0.133734,0.170481
456926740.000,Miguel,recording,switch_hand,12,-1.415469,7.585474,6.493615,0.007651,0.135226,0.201731
456926750.000,Miguel,recording,switch_hand,12,-1.347714,7.551903,6.401401,0.052985,0.124835,0.228479
456926760.000,Miguel,recording,switch_hand,12,-1.280844,7.544044,6.304518,0.092030,0.106901,0.252369
456926770.000,Miguel,recording,switch_hand,12,-1.189867,7.520176,6.225795,0.122234,0.080722,0.273036
456926780.000,Miguel,recording,switch_hand,12,-1.070300,7.523566,6.167644,0.146153,0.046455,0.290738
456926790.000,Miguel,recording,switch_hand,12,-0.993374,7.547639,6.116276,0.170388,0.014694,0.307070
456926800.000,Miguel,recording,switch_hand,12,-1.002981,7.625668,6.097398,0.199245,-0.010801,0.329673
456926810.000,Miguel,recording,switch_hand,12,-1.056915,7.768090,6.074071,0.232770,-0.036460,0.365524
456926820.000,Miguel,recording,switch_hand,12,-0.964498,7.874827,6.011693,0.266535,-0.064464,0.408834
456926830.000,Miguel,recording,switch_hand,12,-0.732765,7.901934,5.899379,0.294659,-0.088671,0.446085
456926840.000,Miguel,recording,switch_hand,12,-0.462093,7.926452,5.794949,0.316316,-0.100997,0.466419
456926850.000,Miguel,recording,switch_hand,12,-0.235746,7.937948,5.677256,0.329341,-0.099003,0.464305
456926860.000,Miguel,recording,switch_hand,12,-0.047262,7.964018,5.524638,0.327768,-0.087542,0.436319
456926870.000,Miguel,recording,switch_hand,12,0.067959,7.983047,5.348187,0.308057,-0.072293,0.382907
456926880.000,Miguel,recording,switch_hand,12,0.052829,8.021884,5.236493,0.272196,-0.056366,0.311677
456926890.000,Miguel,recording,switch_hand,12,-0.122310,8.086195,5.143666,0.226034,-0.047120,0.235638
456926900.000,Miguel,recording,switch_hand,12,-0.451680,8.097610,5.152724,0.176754,-0.053400,0.171231
456926910.000,Miguel,recording,switch_hand,12,-1.026442,8.016603,5.238220,0.133887,-0.081707,0.132444
456926920.000,Miguel,recording,switch_hand,12,-1.892290,7.951002,5.530546,0.114278,-0.139760,0.134940
456926930.000,Miguel,recording,switch_hand,12,-2.963505,7.783296,5.944328,0.132096,-0.234366,0.185346
456926940.000,Miguel,recording,switch_hand,12,-3.798791,7.394776,6.195339,0.186619,-0.369573,0.267052
456926950.000,Miguel,recording,switch_hand,12,-4.557866,7.027863,6.177303,0.268501,-0.543134,0.356796
456926960.000,Miguel,recording,switch_hand,12,-5.042971,6.659459,5.803119,0.377190,-0.768457,0.439817
456926970.000,Miguel,recording,switch_hand,12,-5.292422,6.193848,4.946415,0.504868,-1.085417,0.500601
456926980.000,Miguel,recording,switch_hand,12,-6.161526,5.895312,3.733700,0.609411,-1.524505,0.548272
456926990.000,Miguel,recording,switch_hand,12,-7.152872,6.110995,2.723632,0.640881,-2.134370,0.650250
456927000.000,Miguel,recording,switch_hand,12,-7.406424,7.311351,1.961503,0.457611,-2.659421,0.991004
456927010.000,Miguel,recording,switch_hand,12,-3.760936,9.467122,1.594476,-0.201345,-2.249583,1.923121
456927020.000,Miguel,recording,switch_hand,12,5.098728,8.663519,2.565796,-1.051978,-1.234558,2.969806
456927030.000,Miguel,recording,switch_hand,12,7.210615,3.823467,4.049958,-1.454984,-0.490236,3.199687
456927040.000,Miguel,recording,switch_hand,12,12.545089,7.004140,5.472994,-1.413057,0.106711,2.669173
456927050.000,Miguel,recording,switch_hand,12,9.994189,9.699927,6.256550,-1.210894,0.467417,1.956118
456927060.000,Miguel,recording,switch_hand,12,8.522507,9.666166,7.738705,-0.900133,0.358780,1.403266
456927070.000,Miguel,recording,switch_hand,12,5.839520,8.297890,6.915497,-0.640855,-0.083053,0.996802
456927080.000,Miguel,recording,switch_hand,12,4.168253,6.439527,6.432427,-0.541809,-0.592675,0.689601
456927090.000,Miguel,recording,switch_hand,12,1.504151,5.870368,6.706297,-0.433675,-0.955810,0.515437
456927100.000,Miguel,recording,switch_hand,12,0.232960,6.426288,6.211708,-0.321935,-1.032244,0.473854
456927110.000,Miguel,recording,switch_hand,12,0.097441,7.377027,5.916929,-0.296001,-0.889367,0.537180
456927120.000,Miguel,recording,switch_hand,12,0.952989,8.441907,6.696806,-0.258152,-0.697603,0.641251
456927130.000,Miguel,recording,switch_hand,12,2.295312,8.719094,7.187749,-0.133604,-0.543063,0.719512
456927140.000,Miguel,recording,switch_hand,12,3.193563,8.190756,6.837240,0.029532,-0.426292,0.745786
456927150.000,Miguel,recording,switch_hand,12,3.893620,7.503682,6.108751,0.159942,-0.321357,0.720113
456927160.000,Miguel,recording,switch_hand,12,4.175301,7.282577,5.342179,0.216505,-0.203512,0.662487
456927170.000,Miguel,recording,switch_hand,12,4.229220,7.586527,4.718133,0.186917,-0.081438,0.598397
456927180.000,Miguel,recording,switch_hand,12,4.135753,7.825830,4.405942,0.089558,0.022609,0.534586
456927190.000,Miguel,recording,switch_hand,12,3.899251,7.919231,4.474477,-0.034075,0.129032,0.457540
456927200.000,Miguel,recording,switch_hand,12,3.566749,7.756508,4.811146,-0.139081,0.292871,0.345142
456927210.000,Miguel,recording,switch_hand,12,3.170869,7.561295,5.404357,-0.196304,0.520984,0.205304
456927220.000,Miguel,recording,switch_hand,12,2.779486,7.556179,6.105899,-0.184837,0.768559,0.075519
456927230.000,Miguel,recording,switch_hand,12,2.564659,7.617132,6.865515,-0.091857,0.999214,-0.014916
456927240.000,Miguel,recording,switch_hand,12,2.351602,7.656017,7.249332,0.061034,1.176218,-0.052703
456927250.000,Miguel,recording,switch_hand,12,2.139340,7.549276,7.179756,0.222521,1.257750,-0.047134
456927260.000,Miguel,recording,switch_hand,12,1.899629,7.327930,6.812407,0.336725,1.223770,-0.023648
456927270.000,Miguel,recording,switch_hand,12,1.636365,7.136665,6.349368,0.366579,1.074974,0.001005
456927280.000,Miguel,recording,switch_hand,12,1.508575,7.096305,5.960989,0.306562,0.821966,0.023422
456927290.000,Miguel,recording,switch_hand,12,1.585639,7.200739,5.791922,0.176932,0.493069,0.045683
456927300.000,Miguel,recording,switch_hand,12,1.780512,7.438824,5.870497,0.019043,0.142393,0.068509
456927310.000,Miguel,recording,switch_hand,12,1.995465,7.597738,6.220720,-0.106346,-0.138138,0.087738
456927320.000,Miguel,recording,switch_hand,12,2.223003,7.523532,6.646538,-0.148367,-0.271938,0.098876
456927330.000,Miguel,recording,switch_hand,12,2.463755,7.417779,7.024349,-0.091686,-0.246362,0.100006
456927340.000,Miguel,recording,switch_hand,12,2.688176,7.324506,7.131489,0.044541,-0.091803,0.089031
456927350.000,Miguel,recording,switch_hand,12,2.884358,7.254069,6.976238,0.217215,0.133647,0.061602
456927360.000,Miguel,recording,switch_hand,12,2.972562,7.212293,6.633421,0.379732,0.367332,0.015943
456927370.000,Miguel,recording,switch_hand,12,2.940931,7.188386,6.177151,0.497405,0.559274,-0.041980
456927380.000,Miguel,recording,switch_hand,12,2.818150,7.166473,5.740063,0.555029,0.680493,-0.101144
456927390.000,Miguel,recording,switch_hand,12,2.727685,7.221680,5.471813,0.556171,0.728884,-0.154002
456927400.000,Miguel,recording,switch_hand,12,2.658024,7.427978,5.308438,0.512960,0.717880,-0.193356
456927410.000,Miguel,recording,switch_hand,12,2.482244,7.647946,5.228603,0.439851,0.656292,-0.206587
456927420.000,Miguel,recording,switch_hand,12,2.170958,7.660722,5.207806,0.351844,0.549048,-0.184655
456927430.000,Miguel,recording,switch_hand,12,1.836206,7.566981,5.166985,0.256571,0.414270,-0.132094
456927440.000,Miguel,recording,switch_hand,12,1.636726,7.465718,5.111621,0.156165,0.278838,-0.063062
456927450.000,Miguel,recording,switch_hand,12,1.584148,7.428520,5.097604,0.055912,0.164578,0.008143
456927460.000,Miguel,recording,switch_hand,12,1.588882,7.404892,5.183374,-0.031816,0.087261,0.070215
456927470.000,Miguel,recording,switch_hand,12,1.627169,7.420568,5.339251,-0.093114,0.052901,0.120120
456927480.000,Miguel,recording,switch_hand,12,1.763347,7.508478,5.486930,-0.121672,0.064658,0.160173
456927490.000,Miguel,recording,switch_hand,12,1.990779,7.627320,5.658578,-0.118607,0.123574,0.189439
456927500.000,Miguel,recording,switch_hand,12,2.223779,7.678910,5.784808,-0.091009,0.217499,0.201517
456927510.000,Miguel,recording,switch_hand,12,2.451760,7.661785,5.875688,-0.049562,0.333388,0.188044
456927520.000,Miguel,recording,switch_hand,12,2.646566,7.627256,5.980416,-0.002455,0.461245,0.148445
456927530.000,Miguel,recording,switch_hand,12,2.794872,7.648873,6.140688,0.048055,0.579758,0.091918
456927540.000,Miguel,recording,switch_hand,12,2.791584,7.591728,6.300445,0.099725,0.665523,0.029923
456927550.000,Miguel,recording,switch_hand,12,2.698725,7.512328,6.380360,0.144659,0.711420,-0.029093
456927560.000,Miguel,recording,switch_hand,12,2.574518,7.438131,6.424551,0.173893,0.718798,-0.082929
456927570.000,Miguel,recording,switch_hand,12,2.507788,7.477915,6.457924,0.183060,0.694606,-0.136071
456927580.000,Miguel,recording,switch_hand,12,2.621484,7.639799,6.537833,0.177199,0.659832,-0.199825
456927590.000,Miguel,recording,switch_hand,12,2.831918,7.905497,6.710394,0.172023,0.643992,-0.276616
456927600.000,Miguel,recording,switch_hand,12,3.012875,8.258815,6.994810,0.185015,0.670160,-0.359790
456927610.000,Miguel,recording,switch_hand,12,3.098838,8.533523,7.332819,0.224762,0.742380,-0.444128
456927620.000,Miguel,recording,switch_hand,12,3.091343,8.734705,7.626755,0.292462,0.838450,-0.521050
456927630.000,Miguel,recording,switch_hand,12,3.002186,8.721749,7.827562,0.384586,0.918501,-0.586872
456927640.000,Miguel,recording,switch_hand,12,2.891187,8.519426,7.765866,0.482581,0.955623,-0.645700
456927650.000,Miguel,recording,switch_hand,12,2.788857,8.290336,7.455574,0.560064,0.942226,-0.700791
456927660.000,Miguel,recording,switch_hand,12,2.627121,8.081614,7.038766,0.599557,0.875596,-0.752543
456927670.000,Miguel,recording,switch_hand,12,2.488661,7.938484,6.552324,0.592135,0.759759,-0.801808
456927680.000,Miguel,recording,switch_hand,12,2.380303,7.894895,6.137670,0.540746,0.619568,-0.851924
456927690.000,Miguel,recording,switch_hand,12,2.043415,7.923604,6.009321,0.466437,0.496089,-0.897609
456927700.000,Miguel,recording,switch_hand,12,1.407101,7.830112,6.051046,0.401014,0.406327,-0.923125
456927710.000,Miguel,recording,switch_hand,12,1.000331,7.540250,5.962078,0.364507,0.344987,-0.919473
456927720.000,Miguel,recording,switch_hand,12,1.188597,7.184064,5.642068,0.354905,0.319525,-0.902072
456927730.000,Miguel,recording,switch_hand,12,2.332118,6.899371,4.803696,0.349479,0.312206,-0.900067
456927740.000,Miguel,recording,switch_hand,12,4.410938,6.692353,3.690088,0.345565,0.338330,-0.975937
456927750.000,Miguel,recording,switch_hand,12,6.292919,6.483498,2.419445,0.331545,0.543395,-1.181800
456927760.000,Miguel,recording,switch_hand,12,6.929044,6.245913,1.592544,0.281179,1.024633,-1.493858
456927770.000,Miguel,recording,switch_hand,12,6.630089,5.614752,1.850221,0.240473,1.688661,-1.868384
456927780.000,Miguel,recording,switch_hand,12,6.414865,5.560123,2.027546,0.182820,2.224779,-2.339316
456927790.000,Miguel,recording,switch_hand,12,5.098406,6.050584,0.795664,-0.178028,2.149073,-3.071799
456927800.000,Miguel,recording,switch_hand,12,1.743003,6.340259,1.101319,-0.780477,1.655510,-3.920214
456927810.000,Miguel,recording,switch_hand,12,-4.919270,5.473459,6.009848,-1.025000,1.498275,-4.367953
456927820.000,Miguel,recording,switch_hand,12,-12.735973,8.336835,7.457079,-0.783607,1.591455,-4.113641
456927830.000,Miguel,recording,switch_hand,12,-13.821952,9.873059,6.025271,-0.475652,1.539503,-3.314359
456927840.000,Miguel,recording,switch_hand,12,-7.848229,7.647253,2.409999,-0.357970,1.250338,-2.541571
456927850.000,Miguel,recording,switch_hand,12,-6.156276,5.776860,1.404887,-0.399707,0.796734,-2.146199
456927860.000,Miguel,recording,switch_hand,12,-5.802812,6.094811,2.141636,-0.473286,0.378396,-1.988743
456927870.000,Miguel,recording,switch_hand,12,-7.048579,7.046589,1.954634,-0.689603,-0.014822,-1.844488
456927880.000,Miguel,recording,switch_hand,12,-8.088016,7.360814,3.089366,-0.976789,-0.391848,-1.531282
456927890.000,Miguel,recording,switch_hand,12,-7.654171,7.289583,5.638697,-1.087178,-0.718807,-1.088124
456927900.000,Miguel,recording,switch_hand,12,-7.106447,5.848198,6.794071,-1.058395,-0.930912,-0.659402
456927910.000,Miguel,recording,switch_hand,12,-5.737092,5.570119,8.278827,-0.893115,-1.037966,-0.279287
456927920.000,Miguel,recording,switch_hand,12,-4.815053,5.483730,9.166160,-0.597814,-1.166408,0.017634
456927930.000,Miguel,recording,switch_hand,12,-4.262013,5.379510,9.965897,-0.230660,-1.281190,0.206849
456927940.000,Miguel,recording,switch_hand,12,-3.753682,5.734494,9.615903,0.158421,-1.290358,0.305696
456927950.000,Miguel,recording,switch_hand,12,-3.532320,6.268397,9.003794,0.488084,-1.203230,0.345510
456927960.000,Miguel,recording,switch_hand,12,-3.350195,6.782065,7.859077,0.692192,-1.064038,0.353982
456927970.000,Miguel,recording,switch_hand,12,-3.274551,7.089345,6.950843,0.756137,-0.893591,0.342572
456927980.000,Miguel,recording,switch_hand,12,-3.143222,7.344586,6.324415,0.709594,-0.704600,0.312955
456927990.000,Miguel,recording,switch_hand,12,-2.963750,7.454857,6.005414,0.603150,-0.531004,0.261167
456928000.000,Miguel,recording,switch_hand,12,-2.824478,7.389467,5.897045,0.483574,-0.417939,0.187381
456928010.000,Miguel,recording,switch_hand,12,-2.885937,7.313872,5.918898,0.385001,-0.391357,0.101794
456928020.000,Miguel,recording,switch_hand,12,-3.092679,7.192965,6.084701,0.329699,-0.445962,0.020967
456928030.000,Miguel,recording,switch_hand,12,-3.351495,7.010700,6.261062,0.324401,-0.560949,-0.037273
456928040.000,Miguel,recording,switch_hand,12,-3.553573,6.814716,6.389301,0.362028,-0.710422,-0.063728
456928050.000,Miguel,recording,switch_hand,12,-3.696974,6.647836,6.458162,0.426400,-0.863616,-0.058416
456928060.000,Miguel,recording,switch_hand,12,-3.855480,6.541938,6.407764,0.497443,-0.992871,-0.022877
456928070.000,Miguel,recording,switch_hand,12,-3.964078,6.473030,6.353988,0.559069,-1.078671,0.043737
456928080.000,Miguel,recording,switch_hand,12,-3.997293,6.437961,6.321152,0.600508,-1.106131,0.138506
456928090.000,Miguel,recording,switch_hand,12,-3.855503,6.376656,6.286620,0.618837,-1.074089,0.248732
456928100.000,Miguel,recording,switch_hand,12,-3.586509,6.431401,6.295936,0.620670,-0.997675,0.356181
456928110.000,Miguel,recording,switch_hand,12,-3.243891,6.617757,6.374446,0.614400,-0.891507,0.441757
456928120.000,Miguel,recording,switch_hand,12,-2.945073,6.797700,6.340770,0.606035,-0.768484,0.489000
456928130.000,Miguel,recording,switch_hand,12,-2.723763,6.993847,6.245193,0.597302,-0.645422,0.493872
456928140.000,Miguel,recording,switch_hand,12,-2.650509,7.183103,6.100819,0.583284,-0.533252,0.465346
456928150.000,Miguel,recording,switch_hand,12,-2.668572,7.318480,5.900985,0.555007,-0.432946,0.416082
456928160.000,Miguel,recording,switch_hand,12,-2.745982,7.340810,5.695830,0.503302,-0.340872,0.360683
456928170.000,Miguel,recording,switch_hand,12,-2.935802,7.327590,5.558717,0.430946,-0.255886,0.318785
456928180.000,Miguel,recording,switch_hand,12,-3.139763,7.250742,5.479429,0.350987,-0.179220,0.304817
456928190.000,Miguel,recording,switch_hand,12,-3.294950,7.174748,5.479870,0.273804,-0.112958,0.318833
456928200.000,Miguel,recording,switch_hand,12,-3.366231,7.116033,5.491651,0.207748,-0.062569,0.353182
456928210.000,Miguel,recording,switch_hand,12,-3.326365,7.075586,5.545786,0.158023,-0.033096,0.400067
456928220.000,Miguel,recording,switch_hand,12,-3.227601,7.056073,5.577602,0.125380,-0.025637,0.451139
456928230.000,Miguel,recording,switch_hand,12,-3.048486,7.067607,5.682859,0.109839,-0.034721,0.499235
456928240.000,Miguel,recording,switch_hand,12,-2.889935,7.083245,5.731275,0.110318,-0.054078,0.541335
456928250.000,Miguel,recording,switch_hand,12,-2.794913,7.116062,5.750410,0.123895,-0.078910,0.580169
456928260.000,Miguel,recording,switch_hand,12,-2.776874,7.164850,5.717162,0.144299,-0.105996,0.623439
456928270.000,Miguel,recording,switch_hand,12,-2.675121,7.139217,5.643314,0.164378,-0.134786,0.673184
456928280.000,Miguel,recording,switch_hand,12,-2.535033,7.168270,5.574647,0.178126,-0.163254,0.725501
456928290.000,Miguel,recording,switch_hand,12,-2.366524,7.250036,5.528290,0.181483,-0.184356,0.774465
456928300.000,Miguel,recording,switch_hand,12,-2.187294,7.369840,5.486735,0.171674,-0.187277,0.812976
456928310.000,Miguel,recording,switch_hand,12,-1.992606,7.444818,5.475745,0.147906,-0.167206,0.837533
456928320.000,Miguel,recording,switch_hand,12,-1.795757,7.508904,5.511926,0.115678,-0.132423,0.845439
456928330.000,Miguel,recording,switch_hand,12,-1.548082,7.622933,5.618427,0.082983,-0.095900,0.828762
456928340.000,Miguel,recording,switch_hand,12,-1.268967,7.842929,5.711814,0.056107,-0.062376,0.775246
456928350.000,Miguel,recording,switch_hand,12,-0.962452,8.067827,5.743809,0.035603,-0.036279,0.673750
456928360.000,Miguel,recording,switch_hand,12,-0.722066,8.124866,5.624714,0.010715,-0.024279,0.518338
456928370.000,Miguel,recording,switch_hand,12,-0.941698,8.025930,5.363806,-0.037951,-0.020833,0.330785
456928380.000,Miguel,recording,switch_hand,12,-1.887348,8.137219,5.071805,-0.111460,-0.043850,0.168249
456928390.000,Miguel,recording,switch_hand,12,-3.344357,8.117935,4.680594,-0.186218,-0.177192,0.067405
456928400.000,Miguel,recording,switch_hand,12,-5.238362,7.746837,4.359904,-0.226698,-0.525252,0.026006
456928410.000,Miguel,recording,switch_hand,12,-6.823377,7.684069,4.164959,-0.195429,-1.191291,0.063350
456928420.000,Miguel,recording,switch_hand,12,-7.331671,7.647097,3.917646,-0.098899,-2.163959,0.190392
456928430.000,Miguel,recording,switch_hand,12,-6.929889,6.035570,3.498174,0.049700,-3.257325,0.421720
456928440.000,Miguel,recording,switch_hand,12,-4.636776,4.335808,1.992871,-0.002914,-3.945426,1.082595
456928450.000,Miguel,recording,switch_hand,12,0.729735,6.030072,-0.803146,-0.885519,-3.183329,2.652146
456928460.000,Miguel,recording,switch_hand,12,8.074352,7.803092,-0.635308,-2.188393,-1.703864,3.781102
456928470.000,Miguel,recording,switch_hand,12,10.200172,6.440136,2.720712,-2.878300,-0.800343,3.417225
456928480.000,Miguel,recording,switch_hand,12,11.598503,8.685766,6.918898,-2.795022,-0.636449,2.558164
456928490.000,Miguel,recording,switch_hand,12,7.906757,8.313024,9.397074,-2.201070,-1.053218,1.800910
456928500.000,Miguel,recording,switch_hand,12,6.529676,8.335235,10.200422,-1.449870,-1.393410,1.250637
456928510.000,Miguel,recording,switch_hand,12,4.838550,6.839960,9.031194,-0.833271,-1.493156,0.892546
456928520.000,Miguel,recording,switch_hand,12,3.808771,5.719020,8.090565,-0.481327,-1.561429,0.620644
456928530.000,Miguel,recording,switch_hand,12,3.205079,5.375054,7.546265,-0.376696,-1.725524,0.358212
456928540.000,Miguel,recording,switch_hand,12,2.881567,6.037455,8.274614,-0.391467,-1.958775,0.107806
456928550.000,Miguel,recording,switch_hand,12,3.014636,7.180286,9.745873,-0.356231,-2.147075,-0.100422
456928560.000,Miguel,recording,switch_hand,12,3.234834,8.043974,11.210487,-0.135407,-2.158088,-0.245808
456928570.000,Miguel,recording,switch_hand,12,3.380514,8.306906,11.793973,0.295680,-1.917037,-0.326206
456928580.000,Miguel,recording,switch_hand,12,3.319402,7.995326,10.954933,0.828314,-1.448023,-0.351338
456928590.000,Miguel,recording,switch_hand,12,3.349632,7.799123,9.261770,1.302876,-0.865628,-0.338717
456928600.000,Miguel,recording,switch_hand,12,3.481075,7.965468,7.384628,1.605083,-0.315487,-0.307697
456928610.000,Miguel,recording,switch_hand,12,3.518360,8.320153,5.785563,1.704977,0.091282,-0.267522
456928620.000,Miguel,recording,switch_hand,12,3.423219,8.570667,4.663575,1.633970,0.320923,-0.219387
456928630.000,Miguel,recording,switch_hand,12,3.286496,8.608618,3.941311,1.450652,0.400206,-0.172078
456928640.000,Miguel,recording,switch_hand,12,3.087674,8.418110,3.549495,1.221291,0.389499,-0.128194
456928650.000,Miguel,recording,switch_hand,12,2.910287,8.315545,3.235828,0.983557,0.354839,-0.064620
456928660.000,Miguel,recording,switch_hand,12,2.989730,8.346576,2.990344,0.746913,0.340415,0.022377
456928670.000,Miguel,recording,switch_hand,12,2.954744,8.179998,2.933210,0.522060,0.380294,0.103142
456928680.000,Miguel,recording,switch_hand,12,2.629534,7.852042,3.166780,0.325952,0.487546,0.168904
456928690.000,Miguel,recording,switch_hand,12,2.291761,7.605458,3.585737,0.176273,0.636582,0.232673
456928700.000,Miguel,recording,switch_hand,12,2.168797,7.498452,3.951719,0.078001,0.799165,0.299764
456928710.000,Miguel,recording,switch_hand,12,2.263154,7.572542,4.271722,0.022756,0.962915,0.369865
456928720.000,Miguel,recording,switch_hand,12,2.398868,7.635808,4.504865,0.001459,1.115845,0.443077
456928730.000,Miguel,recording,switch_hand,12,2.528669,7.534060,4.657220,0.003862,1.247289,0.518638
456928740.000,Miguel,recording,switch_hand,12,2.641610,7.379487,4.701653,0.014100,1.349809,0.590896
456928750.000,Miguel,recording,switch_hand,12,2.726561,7.132371,4.666534,0.016103,1.416722,0.647690
456928760.000,Miguel,recording,switch_hand,12,2.766658,6.959429,4.669223,0.001235,1.445832,0.681550
456928770.000,Miguel,recording,switch_hand,12,2.727245,6.897679,4.856645,-0.030603,1.434969,0.696490
456928780.000,Miguel,recording,switch_hand,12,2.616361,6.829632,5.112778,-0.072725,1.370106,0.700787
456928790.000,Miguel,recording,switch_hand,12,2.576383,6.702571,5.408578,-0.113888,1.251687,0.694114
456928800.000,Miguel,recording,switch_hand,12,2.736199,6.596735,5.714639,-0.142421,1.121450,0.664576
456928810.000,Miguel,recording,switch_hand,12,3.042060,6.531744,6.050450,-0.146594,1.023266,0.604152
456928820.000,Miguel,recording,switch_hand,12,3.415978,6.507274,6.436927,-0.114356,0.957984,0.517648
456928830.000,Miguel,recording,switch_hand,12,3.767324,6.470416,6.774706,-0.047410,0.898317,0.409326
456928840.000,Miguel,recording,switch_hand,12,3.976465,6.438012,7.003516,0.037785,0.825958,0.278229
456928850.000,Miguel,recording,switch_hand,12,3.929562,6.411956,7.173175,0.126842,0.730783,0.130997
456928860.000,Miguel,recording,switch_hand,12,3.785714,6.456641,7.263135,0.209722,0.598126,-0.015910
456928870.000,Miguel,recording,switch_hand,12,3.718714,6.772574,7.251933,0.275262,0.432703,-0.144644
456928880.000,Miguel,recording,switch_hand,12,3.774501,7.295104,7.173477,0.316923,0.270149,-0.250008
456928890.000,Miguel,recording,switch_hand,12,3.837154,7.679227,7.076965,0.340399,0.160464,-0.342225
456928900.000,Miguel,recording,switch_hand,12,3.906745,7.808059,7.031832,0.364840,0.142241,-0.429646
456928910.000,Miguel,recording,switch_hand,12,3.963994,7.806013,7.040599,0.411571,0.223847,-0.516962
456928920.000,Miguel,recording,switch_hand,12,4.001098,7.748591,6.904930,0.481923,0.387223,-0.604477
456928930.000,Miguel,recording,switch_hand,12,4.021503,7.945794,6.762697,0.562968,0.583037,-0.680906
456928940.000,Miguel,recording,switch_hand,12,3.944027,8.200311,6.572961,0.638079,0.738276,-0.735891
456928950.000,Miguel,recording,switch_hand,12,3.855458,8.301232,6.040266,0.678926,0.797009,-0.768896
456928960.000,Miguel,recording,switch_hand,12,3.996568,8.407666,5.210725,0.655479,0.736277,-0.789749
456928970.000,Miguel,recording,switch_hand,12,4.727082,8.323100,3.928674,0.550518,0.583067,-0.827821
456928980.000,Miguel,recording,switch_hand,12,5.697455,7.954382,2.752946,0.368458,0.458481,-0.925314
456928990.000,Miguel,recording,switch_hand,12,6.447785,7.432293,2.011283,0.150785,0.496984,-1.093166
456929000.000,Miguel,recording,switch_hand,12,7.081187,6.750674,1.638685,-0.053829,0.754843,-1.292830
456929010.000,Miguel,recording,switch_hand,12,7.575305,6.203825,1.830289,-0.175440,1.269975,-1.542408
456929020.000,Miguel,recording,switch_hand,12,8.060250,6.132248,2.302675,-0.135977,2.063929,-1.920905
456929030.000,Miguel,recording,switch_hand,12,7.926271,5.920867,3.385927,0.105038,2.876583,-2.393921
456929040.000,Miguel,recording,switch_hand,12,4.608320,5.712836,6.345242,0.504596,3.113598,-2.827148
456929050.000,Miguel,recording,switch_hand,12,-1.047885,5.862590,8.644429,0.686703,2.618961,-3.250433
456929060.000,Miguel,recording,switch_hand,12,-2.724345,5.976788,4.420448,0.223399,1.511820,-3.767599
456929070.000,Miguel,recording,switch_hand,12,-7.207535,4.103816,4.248498,-0.388257,0.600633,-3.963224
456929080.000,Miguel,recording,switch_hand,12,-8.408165,3.871468,3.597686,-0.576842,0.492055,-3.585325
456929090.000,Miguel,recording,switch_hand,12,-10.371009,6.964355,3.465312,-0.598658,0.660034,-2.991548
456929100.000,Miguel,recording,switch_hand,12,-10.149215,8.486690,3.179917,-0.664136,0.838490,-2.389593
456929110.000,Miguel,recording,switch_hand,12,-9.979015,8.696110,4.287262,-0.733178,1.112604,-1.795599
456929120.000,Miguel,recording,switch_hand,12,-9.592285,8.226744,5.063910,-0.724515,1.418493,-1.218501
456929130.000,Miguel,recording,switch_hand,12,-8.219151,7.536913,5.800893,-0.663092,1.535491,-0.712043
456929140.000,Miguel,recording,switch_hand,12,-7.566439,7.069692,6.031916,-0.594285,1.446229,-0.289369
456929150.000,Miguel,recording,switch_hand,12,-6.632103,7.015660,6.800923,-0.463881,1.188661,0.085443
456929160.000,Miguel,recording,switch_hand,12,-5.986685,6.731841,7.195612,-0.255100,0.757260,0.404856
456929170.000,Miguel,recording,switch_hand,12,-5.401083,6.945219,7.189165,-0.005789,0.217077,0.647680
456929180.000,Miguel,recording,switch_hand,12,-4.803626,7.167297,7.187911,0.238157,-0.312381,0.818643
456929190.000,Miguel,recording,switch_hand,12,-4.242719,7.331498,7.066942,0.455645,-0.728677,0.934083
456929200.000,Miguel,recording,switch_hand,12,-3.508203,7.421997,6.815701,0.618506,-0.996454,0.988520
456929210.000,Miguel,recording,switch_hand,12,-2.650697,7.627548,6.112915,0.685517,-1.120092,0.960033
456929220.000,Miguel,recording,switch_hand,12,-2.072594,7.904365,5.527452,0.646002,-1.096427,0.851639
456929230.000,Miguel,recording,switch_hand,12,-1.636835,8.095296,5.073466,0.514631,-0.950325,0.690232
456929240.000,Miguel,recording,switch_hand,12,-1.292923,8.103568,4.767702,0.316580,-0.726665,0.492410
456929250.000,Miguel,recording,switch_hand,12,-1.029715,7.990009,4.734359,0.092720,-0.470118,0.269520
456929260.000,Miguel,recording,switch_hand,12,-1.021936,7.715878,4.964466,-0.113324,-0.230813,0.041932
456929270.000,Miguel,recording,switch_hand,12,-1.294293,7.392780,5.379830,-0.262261,-0.055499,-0.161772
456929280.000,Miguel,recording,switch_hand,12,-1.742733,7.077090,5.814203,-0.331226,0.029792,-0.314259
456929290.000,Miguel,recording,switch_hand,12,-2.279066,6.853108,6.138211,-0.320493,0.025668,-0.399980
456929300.000,Miguel,recording,switch_hand,12,-2.808664,6.705136,6.278677,-0.244066,-0.052726,-0.415112
456929310.000,Miguel,recording,switch_hand,12,-3.278052,6.649615,6.334951,-0.121138,-0.186575,-0.365152
456929320.000,Miguel,recording,switch_hand,12,-3.605046,6.687945,6.288963,0.019204,-0.341510,-0.268827
456929330.000,Miguel,recording,switch_hand,12,-3.807518,6.765682,6.125770,0.149426,-0.486334,-0.149703
456929340.000,Miguel,recording,switch_hand,12,-3.879117,6.863223,5.873276,0.250217,-0.608552,-0.024387
456929350.000,Miguel,recording,switch_hand,12,-3.913882,7.056984,5.602985,0.303287,-0.699861,0.092778
456929360.000,Miguel,recording,switch_hand,12,-3.919751,7.228520,5.404109,0.298884,-0.749268,0.193389
456929370.000,Miguel,recording,switch_hand,12,-3.929351,7.172445,5.338139,0.241230,-0.747401,0.282401
456929380.000,Miguel,recording,switch_hand,12,-4.020102,6.987937,5.442609,0.149710,-0.703042,0.374500
456929390.000,Miguel,recording,switch_hand,12,-4.029980,6.912209,5.800595,0.053413,-0.642520,0.476112
456929400.000,Miguel,recording,switch_hand,12,-3.826385,6.877837,6.349542,-0.019516,-0.583388,0.574657
456929410.000,Miguel,recording,switch_hand,12,-3.480402,6.845606,6.852371,-0.050951,-0.520238,0.648778
456929420.000,Miguel,recording,switch_hand,12,-3.152134,6.937563,7.209169,-0.038768,-0.442851,0.681141
456929430.000,Miguel,recording,switch_hand,12,-2.879912,7.138082,7.404694,0.002294,-0.348253,0.666809
456929440.000,Miguel,recording,switch_hand,12,-2.784235,7.325353,7.350914,0.048830,-0.236815,0.613524
456929450.000,Miguel,recording,switch_hand,12,-3.058390,7.603002,7.009336,0.074922,-0.117320,0.535510
456929460.000,Miguel,recording,switch_hand,12,-3.908074,7.953583,6.502795,0.058916,-0.022530,0.464856
456929470.000,Miguel,recording,switch_hand,13,-4.975587,8.070471,5.937554,-0.001312,-0.013824,0.442648
456929480.000,Miguel,recording,switch_hand,13,-5.665980,7.812219,5.486929,-0.086186,-0.158609,0.477622
456929490.000,Miguel,recording,switch_hand,13,-5.898309,7.266135,5.056937,-0.167640,-0.478180,0.531963
456929500.000,Miguel,recording,switch_hand,13,-6.007022,6.637831,4.682667,-0.198646,-0.923122,0.568762
456929510.000,Miguel,recording,switch_hand,13,-6.694249,6.199903,4.010967,-0.195106,-1.419872,0.610913
456929520.000,Miguel,recording,switch_hand,13,-7.887308,6.334248,2.136309,-0.365076,-1.907876,0.760728
456929530.000,Miguel,recording,switch_hand,13,-8.321212,5.878432,1.364211,-0.705058,-2.446574,1.110930
456929540.000,Miguel,recording,switch_hand,13,-6.539461,3.475708,2.677323,-1.032578,-3.129962,1.636201
456929550.000,Miguel,recording,switch_hand,13,-4.247655,1.535213,1.178326,-1.398455,-3.860863,2.236354
456929560.000,Miguel,recording,switch_hand,13,-0.083106,1.970257,1.348380,-1.906793,-4.162028,2.861948
456929570.000,Miguel,recording,switch_hand,13,8.392265,6.707177,3.563855,-2.426984,-3.654164,3.501350
456929580.000,Miguel,recording,switch_hand,13,14.412450,14.607580,6.562892,-2.471394,-3.052556,3.937607
456929590.000,Miguel,recording,switch_hand,13,19.001695,17.360391,10.419339,-1.856955,-2.781233,3.682822
456929600.000,Miguel,recording,switch_hand,13,12.826393,8.671760,9.342930,-0.953245,-2.529569,2.704828
456929610.000,Miguel,recording,switch_hand,13,9.288426,3.045228,7.389133,-0.252784,-2.132279,1.693011
456929620.000,Miguel,recording,switch_hand,13,5.376940,2.485953,5.181619,0.045640,-1.363143,0.983864
456929630.000,Miguel,recording,switch_hand,13,5.552041,4.418716,5.831471,0.159222,-0.299548,0.432144
456929640.000,Miguel,recording,switch_hand,13,5.158200,6.156313,7.012366,0.291009,0.748671,0.012606
456929650.000,Miguel,recording,switch_hand,13,4.806866,7.511654,7.995246,0.483519,1.589856,-0.244612
456929660.000,Miguel,recording,switch_hand,13,4.053097,8.340521,8.068028,0.695457,2.176854,-0.350458
456929670.000,Miguel,recording,switch_hand,13,2.954709,8.324460,7.463530,0.853342,2.463436,-0.344422
456929680.000,Miguel,recording,switch_hand,13,2.040733,8.097780,6.811680,0.894557,2.434456,-0.267907
456929690.000,Miguel,recording,switch_hand,13,1.228300,7.785100,6.297742,0.804073,2.148367,-0.145567
456929700.000,Miguel,recording,switch_hand,13,0.744421,7.605473,6.108241,0.613972,1.687068,0.020314
456929710.000,Miguel,recording,switch_hand,13,0.583217,7.477667,6.172696,0.377567,1.120893,0.229101
456929720.000,Miguel,recording,switch_hand,13,0.984600,7.309473,6.414823,0.147579,0.521502,0.449274
456929730.000,Miguel,recording,switch_hand,13,1.768934,7.028292,6.728292,-0.025624,-0.015730,0.619347
456929740.000,Miguel,recording,switch_hand,13,2.560009,6.748819,7.041684,-0.106487,-0.399856,0.704638
456929750.000,Miguel,recording,switch_hand,13,3.204536,6.594190,7.227371,-0.086753,-0.582174,0.714548
456929760.000,Miguel,recording,switch_hand,13,3.817484,6.608627,7.420983,0.026485,-0.559373,0.666626
456929770.000,Miguel,recording,switch_hand,13,4.354764,6.616936,7.354195,0.205985,-0.361208,0.569680
456929780.000,Miguel,recording,switch_hand,13,4.659959,6.612229,6.980514,0.401447,-0.039343,0.436508
456929790.000,Miguel,recording,switch_hand,13,4.760828,6.596256,6.464117,0.562342,0.335585,0.286610
456929800.000,Miguel,recording,switch_hand,13,4.753579,6.633218,6.031841,0.660440,0.689613,0.133116
456929810.000,Miguel,recording,switch_hand,13,4.591249,6.714472,5.761675,0.693847,0.963978,-0.012206
456929820.000,Miguel,recording,switch_hand,13,4.258293,6.827522,5.634245,0.675257,1.124597,-0.131405
456929830.000,Miguel,recording,switch_hand,13,3.883199,6.918501,5.608974,0.618997,1.166740,-0.209863
456929840.000,Miguel,recording,switch_hand,13,3.610266,7.021140,5.620708,0.535924,1.115305,-0.245967
456929850.000,Miguel,recording,switch_hand,13,3.435791,7.154118,5.725543,0.434701,1.001803,-0.246859
456929860.000,Miguel,recording,switch_hand,13,3.298951,7.147920,5.904067,0.325523,0.846358,-0.225319
456929870.000,Miguel,recording,switch_hand,13,3.249965,7.034869,6.124893,0.218572,0.667720,-0.199261
456929880.000,Miguel,recording,switch_hand,13,3.422706,6.995415,6.478599,0.129265,0.487991,-0.182764
456929890.000,Miguel,recording,switch_hand,13,3.673496,7.067421,6.844901,0.079271,0.345931,-0.177267
456929900.000,Miguel,recording,switch_hand,13,3.967108,7.161727,7.194991,0.081648,0.279876,-0.177958
456929910.000,Miguel,recording,switch_hand,13,4.283127,7.186357,7.424558,0.133533,0.302330,-0.181383
456929920.000,Miguel,recording,switch_hand,13,4.674729,7.141587,7.526230,0.222731,0.402831,-0.189592
456929930.000,Miguel,recording,switch_hand,13,5.272224,7.039139,7.642692,0.333875,0.542931,-0.223087
456929940.000,Miguel,recording,switch_hand,13,6.068252,6.836059,7.603686,0.447340,0.672148,-0.322046
456929950.000,Miguel,recording,switch_hand,13,7.028988,6.653342,7.165921,0.545691,0.750300,-0.511683
456929960.000,Miguel,recording,switch_hand,13,8.066813,6.495498,6.096964,0.609443,0.790800,-0.771967
456929970.000,Miguel,recording,switch_hand,13,8.506460,5.983297,4.577917,0.600475,0.882245,-1.049267
456929980.000,Miguel,recording,switch_hand,13,7.887023,4.873910,3.269772,0.521182,1.133395,-1.307491
456929990.000,Miguel,recording,switch_hand,13,6.768884,3.771854,2.564316,0.431978,1.596545,-1.572569
456930000.000,Miguel,recording,switch_hand,13,6.030650,3.506578,2.313269,0.385956,2.217213,-1.897312
456930010.000,Miguel,recording,switch_hand,13,5.142230,3.508901,2.357001,0.400605,2.899630,-2.294271
456930020.000,Miguel,recording,switch_hand,13,4.467751,3.798996,1.613289,0.276117,3.334776,-2.847891
456930030.000,Miguel,recording,switch_hand,13,1.504226,7.239119,-0.461602,-0.464362,2.954865,-3.741227
456930040.000,Miguel,recording,switch_hand,13,-6.867193,12.707753,3.043595,-1.313355,2.373436,-4.415585
456930050.000,Miguel,recording,switch_hand,13,-16.015132,12.624919,10.442463,-1.333012,2.457261,-4.096976
456930060.000,Miguel,recording,switch_hand,13,-13.936961,10.412761,7.700861,-0.792807,2.764988,-3.257712
456930070.000,Miguel,recording,switch_hand,13,-9.243203,7.723732,6.969823,-0.196240,2.697441,-2.681506
456930080.000,Miguel,recording,switch_hand,13,-6.245376,6.980659,3.420855,0.215895,2.020028,-2.421412
456930090.000,Miguel,recording,switch_hand,13,-6.188133,6.122138,2.377231,0.275758,1.062853,-2.235003
456930100.000,Miguel,recording,switch_hand,13,-6.589883,5.387305,2.094258,0.172789,0.518076,-1.947926
456930110.000,Miguel,recording,switch_hand,13,-6.724808,5.475914,3.020306,0.072149,0.392204,-1.563138
456930120.000,Miguel,recording,switch_hand,13,-6.941189,4.459774,2.571788,-0.141331,0.161201,-1.157663
456930130.000,Miguel,recording,switch_hand,13,-7.446875,5.332291,4.045917,-0.419516,-0.225671,-0.725071
456930140.000,Miguel,recording,switch_hand,13,-7.061490,5.464491,5.623237,-0.565830,-0.573319,-0.295994
456930150.000,Miguel,recording,switch_hand,13,-6.042927,5.359590,7.004545,-0.522486,-0.892739,0.049270
456930160.000,Miguel,recording,switch_hand,13,-5.259778,5.317697,7.719057,-0.329520,-1.226962,0.284915
456930170.000,Miguel,recording,switch_hand,13,-4.697783,5.747920,7.873687,-0.059265,-1.519103,0.434041
456930180.000,Miguel,recording,switch_hand,13,-4.234736,6.234992,7.560089,0.191003,-1.692507,0.519019
456930190.000,Miguel,recording,switch_hand,13,-3.695659,6.526957,7.136921,0.354435,-1.718691,0.549595
456930200.000,Miguel,recording,switch_hand,13,-3.267209,6.871648,6.641544,0.414823,-1.623171,0.529431
456930210.000,Miguel,recording,switch_hand,13,-2.970672,7.054892,6.311733,0.375411,-1.451737,0.467956
456930220.000,Miguel,recording,switch_hand,13,-2.902004,6.954272,6.274602,0.269143,-1.252787,0.387524
456930230.000,Miguel,recording,switch_hand,13,-3.122333,6.673813,6.472200,0.147410,-1.076652,0.314300
456930240.000,Miguel,recording,switch_hand,13,-3.528244,6.422834,6.859651,0.057128,-0.966986,0.270369
456930250.000,Miguel,recording,switch_hand,13,-3.812630,6.233822,7.314553,0.028208,-0.941324,0.265586
456930260.000,Miguel,recording,switch_hand,13,-3.893317,6.110909,7.835619,0.073604,-0.985420,0.289718
456930270.000,Miguel,recording,switch_hand,13,-3.681735,6.025743,8.220897,0.189575,-1.054232,0.318308
456930280.000,Miguel,recording,switch_hand,13,-3.387156,5.959027,8.274232,0.345787,-1.095996,0.328253
456930290.000,Miguel,recording,switch_hand,13,-3.262504,6.030343,7.950605,0.492848,-1.081557,0.312227
456930300.000,Miguel,recording,switch_hand,13,-3.373827,6.226243,7.426045,0.582042,-1.007767,0.280815
456930310.000,Miguel,recording,switch_hand,13,-3.536267,6.371372,6.920523,0.588927,-0.882510,0.249338
456930320.000,Miguel,recording,switch_hand,13,-3.747778,6.359490,6.586578,0.519161,-0.717707,0.232595
456930330.000,Miguel,recording,switch_hand,13,-4.022141,6.349545,6.448912,0.397269,-0.533911,0.241577
456930340.000,Miguel,recording,switch_hand,13,-4.201267,6.296521,6.562108,0.263312,-0.357229,0.277782
456930350.000,Miguel,recording,switch_hand,13,-4.215357,6.132699,6.869708,0.158885,-0.209347,0.330631
456930360.000,Miguel,recording,switch_hand,13,-4.080830,5.989657,7.187794,0.104287,-0.095867,0.381051
456930370.000,Miguel,recording,switch_hand,13,-3.949746,5.991090,7.375592,0.094171,-0.002310,0.413685
456930380.000,Miguel,recording,switch_hand,13,-3.880029,6.071011,7.354064,0.106114,0.091333,0.426588
456930390.000,Miguel,recording,switch_hand,13,-3.879480,6.172202,7.234182,0.117900,0.186063,0.428810
456930400.000,Miguel,recording,switch_hand,13,-3.911854,6.245806,7.130359,0.125515,0.258916,0.431953
456930410.000,Miguel,recording,switch_hand,13,-3.953348,6.235130,7.040002,0.137588,0.282904,0.445909
456930420.000,Miguel,recording,switch_hand,13,-4.125134,6.181985,6.966629,0.162555,0.245725,0.481360
456930430.000,Miguel,recording,switch_hand,13,-4.383157,6.251011,6.825629,0.206094,0.145408,0.542590
456930440.000,Miguel,recording,switch_hand,13,-4.804044,6.358332,6.508785,0.265723,-0.030683,0.620541
456930450.000,Miguel,recording,switch_hand,13,-5.740499,6.523547,6.044453,0.336714,-0.317833,0.724233
456930460.000,Miguel,recording,switch_hand,13,-6.963885,6.737054,5.583329,0.434242,-0.783264,0.888334
456930470.000,Miguel,recording,switch_hand,13,-7.908116,6.604099,5.219526,0.577490,-1.463285,1.107990
456930480.000,Miguel,recording,switch_hand,13,-8.064684,6.055984,4.814347,0.783623,-2.350006,1.371665
456930490.000,Miguel,recording,switch_hand,13,-6.708296,5.926794,4.129877,1.026590,-3.367942,1.669897
456930500.000,Miguel,recording,switch_hand,13,-4.541208,6.117100,3.181714,1.171914,-4.244110,2.117775
456930510.000,Miguel,recording,switch_hand,13,1.583567,8.146693,0.776628,0.818147,-4.391110,3.058232
456930520.000,Miguel,recording,switch_hand,13,15.855335,13.469013,-2.759826,-0.303775,-3.409642,3.916134
456930530.000,Miguel,recording,switch_hand,13,20.201696,12.133921,0.805776,-1.366550,-2.191482,3.565965
456930540.000,Miguel,recording,switch_hand,13,12.720485,10.124803,6.073240,-1.438192,-1.686865,2.437838
456930550.000,Miguel,recording,switch_hand,13,9.139552,7.348522,7.143182,-0.832887,-1.639992,1.520652
456930560.000,Miguel,recording,switch_hand,13,5.477923,5.114392,4.465364,-0.299008,-1.571445,0.986940
456930570.000,Miguel,recording,switch_hand,13,4.065772,4.212380,2.387199,-0.202470,-1.385096,0.695743
456930580.000,Miguel,recording,switch_hand,13,4.261615,4.737188,1.514993,-0.527038,-1.219754,0.466802
456930590.000,Miguel,recording,switch_hand,13,3.671754,4.898293,2.615399,-1.036872,-1.194312,0.235187
456930600.000,Miguel,recording,switch_hand,13,3.857592,6.121840,4.799156,-1.464970,-1.334775,0.044031
456930610.000,Miguel,recording,switch_hand,13,3.817937,7.379315,7.260485,-1.638405,-1.491678,-0.075071
456930620.000,Miguel,recording,switch_hand,13,4.325274,8.331153,9.564783,-1.490646,-1.479264,-0.137747
456930630.000,Miguel,recording,switch_hand,13,4.104639,8.210026,10.856434,-1.044869,-1.220352,-0.177764
456930640.000,Miguel,recording,switch_hand,13,3.525428,7.333692,10.836879,-0.419954,-0.742405,-0.212294
456930650.000,Miguel,recording,switch_hand,13,2.979550,6.575800,9.779666,0.215291,-0.139573,-0.245945
456930660.000,Miguel,recording,switch_hand,13,2.734394,6.540962,8.364733,0.721246,0.478474,-0.281444
456930670.000,Miguel,recording,switch_hand,13,2.721028,7.060767,7.252654,1.045685,1.020451,-0.314722
456930680.000,Miguel,recording,switch_hand,13,2.591910,7.808803,6.603215,1.219729,1.407703,-0.327200
456930690.000,Miguel,recording,switch_hand,13,2.364696,8.581402,6.099616,1.288486,1.594589,-0.294387
456930700.000,Miguel,recording,switch_hand,13,2.126990,9.143074,5.569870,1.264413,1.591257,-0.199946
456930710.000,Miguel,recording,switch_hand,13,1.939561,9.162768,5.023569,1.146310,1.437973,-0.053088
456930720.000,Miguel,recording,switch_hand,13,1.754045,8.515382,4.471824,0.949564,1.190199,0.099581
456930730.000,Miguel,recording,switch_hand,13,1.522815,7.971436,4.138265,0.698446,0.905951,0.219939
456930740.000,Miguel,recording,switch_hand,13,1.531480,7.604257,4.175302,0.419888,0.626224,0.311013
456930750.000,Miguel,recording,switch_hand,13,1.800108,7.440161,4.475695,0.160762,0.403318,0.378208
456930760.000,Miguel,recording,switch_hand,13,2.154894,7.471334,5.053082,-0.026426,0.298455,0.418900
456930770.000,Miguel,recording,switch_hand,13,2.443517,7.462752,5.815590,-0.109378,0.332798,0.441125
456930780.000,Miguel,recording,switch_hand,13,2.663860,7.425240,6.484788,-0.074524,0.489162,0.453997
456930790.000,Miguel,recording,switch_hand,13,2.987717,7.392371,6.851542,0.055745,0.726264,0.457352
456930800.000,Miguel,recording,switch_hand,13,3.347300,7.416881,6.825024,0.228969,0.995400,0.444255
456930810.000,Miguel,recording,switch_hand,13,3.614980,7.348724,6.508593,0.391042,1.252718,0.412156
456930820.000,Miguel,recording,switch_hand,13,3.742891,7.293224,6.093960,0.506378,1.467697,0.369035
456930830.000,Miguel,recording,switch_hand,13,3.886502,7.452011,5.778040,0.556526,1.612214,0.331442
456930840.000,Miguel,recording,switch_hand,13,3.988086,7.639025,5.554149,0.537346,1.661293,0.311493
456930850.000,Miguel,recording,switch_hand,13,4.150632,7.602057,5.459940,0.457915,1.600835,0.298478
456930860.000,Miguel,recording,switch_hand,13,4.379707,7.332569,5.440965,0.334054,1.432451,0.267003
456930870.000,Miguel,recording,switch_hand,13,4.731078,7.087199,5.338128,0.180265,1.190718,0.198554
456930880.000,Miguel,recording,switch_hand,13,5.425321,7.026817,5.060350,0.006519,0.938810,0.083734
456930890.000,Miguel,recording,switch_hand,13,6.671155,7.271183,4.686709,-0.163106,0.749120,-0.077405
456930900.000,Miguel,recording,switch_hand,13,8.595743,7.684021,4.250510,-0.282699,0.699650,-0.267265
456930910.000,Miguel,recording,switch_hand,13,10.870131,7.861931,3.778712,-0.306911,0.885883,-0.446327
456930920.000,Miguel,recording,switch_hand,13,12.688031,7.255011,3.680613,-0.204182,1.451869,-0.590644
456930930.000,Miguel,recording,switch_hand,13,12.705479,6.114668,4.220274,0.032827,2.490810,-0.761328
456930940.000,Miguel,recording,switch_hand,13,11.334585,4.966250,4.370136,0.375846,3.740278,-1.069233
456930950.000,Miguel,recording,switch_hand,13,7.720780,3.521267,5.158980,0.596271,4.356977,-1.686746
456930960.000,Miguel,recording,switch_hand,13,2.811867,3.628405,4.966916,0.112592,3.646559,-3.001567
456930970.000,Miguel,recording,switch_hand,13,0.068553,2.991180,1.803407,-0.830746,2.559991,-4.517115
456930980.000,Miguel,recording,switch_hand,13,-8.395779,0.890502,8.437204,-1.293241,2.212168,-5.000888
456930990.000,Miguel,recording,switch_hand,13,-11.215657,5.729990,5.982699,-1.178651,2.512247,-4.484126
456931000.000,Miguel,recording,switch_hand,13,-11.858392,8.320003,5.880299,-0.882903,2.847782,-3.707546
456931010.000,Miguel,recording,switch_hand,13,-10.635601,10.208339,3.653518,-0.646948,2.646726,-3.032281
456931020.000,Miguel,recording,switch_hand,13,-9.042171,8.985350,2.991659,-0.567288,2.091083,-2.588719
456931030.000,Miguel,recording,switch_hand,13,-8.185315,7.388931,3.013283,-0.623754,1.700318,-2.286249
456931040.000,Miguel,recording,switch_hand,13,-8.056192,7.149586,3.961138,-0.714224,1.511762,-1.958138
456931050.000,Miguel,recording,switch_hand,13,-8.238775,6.131460,4.146298,-0.881698,1.217952,-1.558016
456931060.000,Miguel,recording,switch_hand,13,-7.731291,5.281419,4.945075,-1.126358,0.800860,-1.099727
456931070.000,Miguel,recording,switch_hand,13,-6.391768,4.901803,6.110392,-1.305262,0.309308,-0.612580
456931080.000,Miguel,recording,switch_hand,13,-5.689234,4.852040,7.909940,-1.351249,-0.282069,-0.164833
456931090.000,Miguel,recording,switch_hand,13,-4.983895,4.746367,9.107964,-1.230888,-0.890250,0.212327
456931100.000,Miguel,recording,switch_hand,13,-4.279188,4.882767,9.967933,-0.920302,-1.343669,0.514776
456931110.000,Miguel,recording,switch_hand,13,-4.024590,5.829942,10.877378,-0.401004,-1.481754,0.704407
456931120.000,Miguel,recording,switch_hand,13,-3.477775,6.644541,11.205764,0.241323,-1.384100,0.745047
456931130.000,Miguel,recording,switch_hand,13,-2.873144,6.862083,10.286945,0.812281,-1.279243,0.655050
456931140.000,Miguel,recording,switch_hand,13,-2.620267,6.997841,8.764166,1.169334,-1.207934,0.486762
456931150.000,Miguel,recording,switch_hand,13,-2.653927,7.014542,7.337981,1.286479,-1.083390,0.306227
456931160.000,Miguel,recording,switch_hand,13,-2.807719,6.867897,6.411343,1.215107,-0.885965,0.163467
456931170.000,Miguel,recording,switch_hand,13,-3.080906,6.603052,5.997222,1.032060,-0.679137,0.069733
456931180.000,Miguel,recording,switch_hand,13,-3.447836,6.369501,6.048155,0.819094,-0.544270,0.014757
456931190.000,Miguel,recording,switch_hand,13,-3.886317,6.281321,6.495245,0.654573,-0.522354,-0.015534
456931200.000,Miguel,recording,switch_hand,13,-4.258659,6.205994,7.000010,0.591299,-0.594891,-0.031619
456931210.000,Miguel,recording,switch_hand,13,-4.533565,6.101778,7.212193,0.628872,-0.714093,-0.038398
456931220.000,Miguel,recording,switch_hand,13,-4.720042,5.940319,7.026151,0.716067,-0.837020,-0.035329
456931230.000,Miguel,recording,switch_hand,13,-4.858318,5.807494,6.576444,0.791004,-0.932139,-0.017836
456931240.000,Miguel,recording,switch_hand,13,-4.954588,5.691766,6.162523,0.822600,-1.001433,0.028657
456931250.000,Miguel,recording,switch_hand,13,-5.004032,5.635905,5.887285,0.802321,-1.069693,0.097618
456931260.000,Miguel,recording,switch_hand,13,-5.021230,5.719961,5.807797,0.744324,-1.146086,0.162346
456931270.000,Miguel,recording,switch_hand,13,-5.035578,5.718186,5.911543,0.675824,-1.230959,0.209377
456931280.000,Miguel,recording,switch_hand,13,-5.132163,5.674016,6.067060,0.610498,-1.316145,0.235176
456931290.000,Miguel,recording,switch_hand,13,-5.442380,5.732841,6.249648,0.555044,-1.375938,0.253140
456931300.000,Miguel,recording,switch_hand,13,-5.738822,5.878264,6.376373,0.509438,-1.384454,0.283846
456931310.000,Miguel,recording,switch_hand,13,-5.907795,6.029039,6.347056,0.465499,-1.342538,0.326948
456931320.000,Miguel,recording,switch_hand,13,-6.067614,6.272291,6.082977,0.416243,-1.298966,0.359767
456931330.000,Miguel,recording,switch_hand,13,-6.277959,6.534509,5.572468,0.365370,-1.339830,0.357882
456931340.000,Miguel,recording,switch_hand,13,-6.652059,6.597932,4.833258,0.323055,-1.535924,0.296578
456931350.000,Miguel,recording,switch_hand,13,-7.383227,6.053151,3.986571,0.321362,-1.937879,0.227343
456931360.000,Miguel,recording,switch_hand,13,-7.812595,5.474892,3.069553,0.333468,-2.565443,0.261677
456931370.000,Miguel,recording,switch_hand,13,-7.418942,5.039119,2.030833,0.245340,-3.305967,0.466854
456931380.000,Miguel,recording,switch_hand,13,-6.380590,4.440912,0.575016,-0.115967,-3.853903,0.828859
456931390.000,Miguel,recording,switch_hand,13,-5.560981,3.774440,-1.641821,-0.787545,-4.003567,1.220992
456931400.000,Miguel,recording,switch_hand,13,-3.297192,2.383834,-1.148000,-1.678039,-3.655187,1.588725
456931410.000,Miguel,recording,switch_hand,13,2.970592,2.396312,0.508255,-2.727203,-2.714212,2.058077
456931420.000,Miguel,recording,switch_hand,13,9.464174,4.887035,3.931725,-3.592134,-2.012222,2.494034
456931430.000,Miguel,recording,switch_hand,13,13.098054,8.963081,9.976705,-3.709099,-2.187450,2.479036
456931440.000,Miguel,recording,switch_hand,13,19.908224,15.205791,15.849887,-2.980639,-2.572948,1.782728
456931450.000,Miguel,recording,switch_hand,13,17.989085,13.829559,18.091263,-1.703389,-2.784423,0.723120
456931460.000,Miguel,recording,switch_hand,13,10.138361,7.386546,15.571470,-0.301176,-2.846230,-0.109698
456931470.000,Miguel,recording,switch_hand,13,4.582675,3.131185,9.326536,0.684861,-2.613885,-0.548211
456931480.000,Miguel,recording,switch_hand,13,2.105267,2.209409,4.599845,1.007829,-2.111836,-0.751894
456931490.000,Miguel,recording,switch_hand,13,1.617941,3.285038,2.875242,0.802674,-1.571336,-0.887139
456931500.000,Miguel,recording,switch_hand,13,1.692863,5.294813,3.385396,0.360189,-1.166199,-1.015080
456931510.000,Miguel,recording,switch_hand,13,2.168150,7.986962,5.184151,-0.041463,-0.898637,-1.057506
456931520.000,Miguel,recording,switch_hand,13,2.868342,9.691617,7.019538,-0.239018,-0.662096,-0.949687
456931530.000,Miguel,recording,switch_hand,13,3.322676,9.876955,7.582531,-0.243805,-0.385731,-0.756387
456931540.000,Miguel,recording,switch_hand,13,3.316319,8.922508,6.627665,-0.204835,-0.082713,-0.575020
456931550.000,Miguel,recording,switch_hand,13,2.787381,7.868857,5.497918,-0.260848,0.213633,-0.438298
456931560.000,Miguel,recording,switch_hand,13,2.034540,7.209941,5.395615,-0.420698,0.471472,-0.326048
456931570.000,Miguel,recording,switch_hand,13,1.430910,6.989081,6.159689,-0.596137,0.626187,-0.196874
456931580.000,Miguel,recording,switch_hand,13,1.272226,7.014514,7.404361,-0.690215,0.628489,-0.038245
456931590.000,Miguel,recording,switch_hand,13,1.416958,6.977887,8.712527,-0.653533,0.498970,0.126399
456931600.000,Miguel,recording,switch_hand,13,1.588274,6.784989,9.545967,-0.488595,0.302621,0.270190
456931610.000,Miguel,recording,switch_hand,13,1.745552,6.539140,9.777646,-0.227899,0.110134,0.383699
456931620.000,Miguel,recording,switch_hand,13,1.665776,6.340783,9.385773,0.059175,-0.022661,0.477386
456931630.000,Miguel,recording,switch_hand,13,1.303949,6.264544,8.558346,0.296934,-0.078206,0.574924
456931640.000,Miguel,recording,switch_hand,13,1.122908,6.401547,7.713488,0.449209,-0.066573,0.696023
456931650.000,Miguel,recording,switch_hand,13,1.239134,6.634383,7.222294,0.523014,0.000786,0.835956
456931660.000,Miguel,recording,switch_hand,13,1.514480,6.801571,7.086136,0.558950,0.114983,0.970125
456931670.000,Miguel,recording,switch_hand,13,1.979281,6.822506,7.041162,0.595382,0.279407,1.074105
456931680.000,Miguel,recording,switch_hand,13,2.555967,6.758429,6.871282,0.640810,0.501590,1.139726
456931690.000,Miguel,recording,switch_hand,13,3.032742,6.597015,6.667245,0.683221,0.786096,1.167610
456931700.000,Miguel,recording,switch_hand,13,3.288114,6.407425,6.734008,0.723100,1.101725,1.160644
456931710.000,Miguel,recording,switch_hand,13,3.460628,6.237600,6.885300,0.768275,1.392992,1.120903
456931720.000,Miguel,recording,switch_hand,13,3.687996,6.174747,7.007555,0.810781,1.634593,1.052416
456931730.000,Miguel,recording,switch_hand,13,3.987910,6.174035,7.118194,0.840984,1.822141,0.960303
456931740.000,Miguel,recording,switch_hand,13,4.273722,6.148897,7.389553,0.863368,1.937002,0.846028
456931750.000,Miguel,recording,switch_hand,13,4.448873,5.821075,7.600325,0.880679,1.964725,0.708180
456931760.000,Miguel,recording,switch_hand,13,4.596086,5.257481,7.665199,0.887504,1.909056,0.537419
456931770.000,Miguel,recording,switch_hand,13,4.659911,4.628757,7.483546,0.875962,1.783741,0.323542
456931780.000,Miguel,recording,switch_hand,13,4.579594,4.180702,7.123904,0.836610,1.606432,0.068086
456931790.000,Miguel,recording,switch_hand,13,4.380107,4.194848,6.828454,0.770662,1.390159,-0.210350
456931800.000,Miguel,recording,switch_hand,13,3.997799,4.591811,6.740379,0.693889,1.155386,-0.478898
456931810.000,Miguel,recording,switch_hand,13,3.342443,5.167378,6.812874,0.628825,0.925662,-0.698855
456931820.000,Miguel,recording,switch_hand,13,2.581226,5.750345,6.883068,0.588497,0.731022,-0.839015
456931830.000,Miguel,recording,switch_hand,13,1.998820,6.307616,6.916322,0.574940,0.611469,-0.893933
456931840.000,Miguel,recording,switch_hand,13,1.601188,6.756773,6.922174,0.592679,0.582892,-0.882201
456931850.000,Miguel,recording,switch_hand,13,1.401052,7.010690,6.702412,0.617306,0.601973,-0.838625
456931860.000,Miguel,recording,switch_hand,13,1.302704,6.900977,6.191730,0.577866,0.566208,-0.810948
456931870.000,Miguel,recording,switch_hand,13,1.217777,6.526406,6.300896,0.515704,0.443184,-0.807865
456931880.000,Miguel,recording,switch_hand,13,1.428652,6.604998,6.007713,0.459650,0.232928,-0.821399
456931890.000,Miguel,recording,switch_hand,13,1.896657,6.835393,5.585865,0.347933,-0.085808,-0.834439
456931900.000,Miguel,recording,switch_hand,13,2.092132,7.200713,4.582765,0.096016,-0.372944,-0.917229
456931910.000,Miguel,recording,switch_hand,13,0.358025,7.686633,3.725856,-0.151489,-0.505105,-1.140219
456931920.000,Miguel,recording,switch_hand,13,-4.215156,9.290823,6.191530,-0.203612,-0.428037,-1.282872
456931930.000,Miguel,recording,switch_hand,13,-5.654635,10.364413,6.257128,-0.081968,-0.122090,-1.088329
456931940.000,Miguel,recording,switch_hand,13,-4.828742,10.504052,8.057263,0.238554,0.253042,-0.704942
456931950.000,Miguel,recording,switch_hand,13,-1.334106,11.219506,9.073323,0.740940,0.519629,-0.468211
456931960.000,Miguel,recording,switch_hand,13,1.468321,9.983655,9.335103,1.349523,0.685101,-0.472957
456931970.000,Miguel,recording,switch_hand,13,2.423081,7.544026,8.610108,1.907197,0.822652,-0.603779
456931980.000,Miguel,recording,switch_hand,13,2.262986,6.023779,6.887555,2.208075,0.922399,-0.730921
456931990.000,Miguel,recording,switch_hand,13,1.822153,6.312454,4.820196,2.132600,0.930606,-0.805085
456932000.000,Miguel,recording,switch_hand,13,0.949651,6.827309,3.180763,1.716898,0.777397,-0.827090
456932010.000,Miguel,recording,switch_hand,13,-0.282521,7.411797,2.293830,1.118984,0.484144,-0.799477
456932020.000,Miguel,recording,switch_hand,13,-1.362685,8.415890,2.069967,0.495031,0.205798,-0.732089
456932030.000,Miguel,recording,switch_hand,13,-1.962508,8.520999,2.249017,-0.105563,0.072566,-0.645879
456932040.000,Miguel,recording,switch_hand,13,-1.601991,6.995032,2.526526,-0.659023,0.086083,-0.530668
456932050.000,Miguel,recording,switch_hand,13,-0.577579,7.604388,4.068952,-1.096084,0.178974,-0.379556
456932060.000,Miguel,recording,switch_hand,13,0.226575,7.998683,5.477747,-1.355711,0.291941,-0.222676
456932070.000,Miguel,recording,switch_hand,13,1.060336,7.281755,6.280288,-1.418331,0.438465,-0.096385
456932080.000,Miguel,recording,switch_hand,13,1.336413,6.216206,6.470882,-1.327673,0.640409,-0.029603
456932090.000,Miguel,recording,switch_hand,13,0.836119,5.545571,6.618238,-1.161338,0.847212,-0.020389
456932100.000,Miguel,recording,switch_hand,13,-0.041362,5.364658,6.817843,-0.982495,0.973662,-0.032624
456932110.000,Miguel,recording,switch_hand,13,-0.807010,5.585873,6.798036,-0.821877,0.971608,-0.033015
456932120.000,Miguel,recording,switch_hand,13,-1.179930,6.000767,6.481341,-0.693938,0.872910,-0.014088
456932130.000,Miguel,recording,switch_hand,13,-1.031342,6.623024,6.106380,-0.606000,0.756574,0.004672
456932140.000,Miguel,recording,switch_hand,13,-0.721181,7.362838,5.847581,-0.565251,0.683162,-0.009802
456932150.000,Miguel,recording,switch_hand,13,-0.508457,7.822667,5.752700,-0.571179,0.671675,-0.077776
456932160.000,Miguel,recording,switch_hand,13,-0.784106,7.402797,6.042424,-0.580154,0.688376,-0.183326
456932170.000,Miguel,recording,switch_hand,13,-1.346108,6.915591,6.332900,-0.551203,0.669508,-0.290810
456932180.000,Miguel,recording,switch_hand,13,-2.203760,6.722431,6.335299,-0.501368,0.574047,-0.356981
456932190.000,Miguel,recording,switch_hand,13,-3.140936,6.688622,6.284449,-0.459483,0.378770,-0.345990
456932200.000,Miguel,recording,switch_hand,13,-3.641503,6.673457,6.121564,-0.428996,0.115717,-0.274418
456932210.000,Miguel,recording,switch_hand,13,-3.546321,6.444445,5.898221,-0.416251,-0.136209,-0.185775
456932220.000,Miguel,recording,switch_hand,13,-3.156015,6.251976,5.735293,-0.473974,-0.320454,-0.111012
456932230.000,Miguel,recording,switch_hand,13,-2.717369,6.546402,5.827662,-0.557486,-0.484256,-0.067307
456932240.000,Miguel,recording,switch_hand,13,-2.202109,7.159672,6.636592,-0.556177,-0.658663,-0.036614
456932250.000,Miguel,recording,switch_hand,13,-2.521494,7.545783,7.152242,-0.507512,-0.736201,0.017604
456932260.000,Miguel,recording,switch_hand,13,-2.997750,7.307622,7.966790,-0.448097,-0.664084,0.097399
456932270.000,Miguel,recording,switch_hand,13,-2.682368,6.915384,8.059260,-0.360962,-0.485904,0.158066
456932280.000,Miguel,recording,switch_hand,13,-2.233606,6.619032,8.073584,-0.282659,-0.250238,0.167133
456932290.000,Miguel,recording,switch_hand,13,-2.003734,6.696191,8.204217,-0.240686,0.013027,0.152277
456932300.000,Miguel,recording,switch_hand,13,-1.781357,6.794085,8.363052,-0.232686,0.295639,0.147590
456932310.000,Miguel,recording,switch_hand,13,-1.614815,6.773770,8.286665,-0.254459,0.581648,0.150386
456932320.000,Miguel,recording,switch_hand,13,-1.625896,6.622645,8.199266,-0.290537,0.832519,0.149278
456932330.000,Miguel,recording,switch_hand,13,-1.852785,6.480598,8.115408,-0.317848,1.002565,0.148539
456932340.000,Miguel,recording,switch_hand,13,-2.226829,6.532808,8.096378,-0.318338,1.066624,0.167034
456932350.000,Miguel,recording,switch_hand,13,-2.520543,6.600011,8.172319,-0.272683,1.019542,0.221915
456932360.000,Miguel,recording,switch_hand,13,-2.560877,6.636411,8.219676,-0.173840,0.873503,0.303151
456932370.000,Miguel,recording,switch_hand,13,-2.421288,6.625068,8.200569,-0.030515,0.663832,0.383443
456932380.000,Miguel,recording,switch_hand,13,-2.287680,6.597679,8.061697,0.141079,0.426345,0.449483
456932390.000,Miguel,recording,switch_hand,13,-2.177788,6.598035,7.845734,0.316021,0.189911,0.503639
456932400.000,Miguel,recording,switch_hand,13,-2.035551,6.670193,7.568434,0.471047,-0.015104,0.552228
456932410.000,Miguel,recording,switch_hand,13,-1.782107,6.662495,7.249152,0.591625,-0.176670,0.597844
456932420.000,Miguel,recording,switch_hand,13,-1.521551,6.692885,6.910256,0.662227,-0.291556,0.629728
456932430.000,Miguel,recording,switch_hand,13,-1.351024,6.749879,6.619899,0.677162,-0.343508,0.639387
456932440.000,Miguel,recording,switch_hand,13,-1.237547,6.778594,6.445599,0.648010,-0.323673,0.636355
456932450.000,Miguel,recording,switch_hand,13,-1.138516,6.784500,6.323905,0.587840,-0.249813,0.632567
456932460.000,Miguel,recording,switch_hand,13,-1.110607,6.740987,6.215433,0.509607,-0.153597,0.631353
456932470.000,Miguel,recording,switch_hand,13,-1.129895,6.800823,6.180019,0.426441,-0.061528,0.632625
456932480.000,Miguel,recording,switch_hand,13,-1.104819,6.875583,6.252672,0.353607,0.006165,0.635548
456932490.000,Miguel,recording,switch_hand,14,-0.931647,6.957350,6.420754,0.303515,0.042629,0.633811
456932500.000,Miguel,recording,switch_hand,14,-0.679114,6.991412,6.538181,0.280912,0.054188,0.617962
456932510.000,Miguel,recording,switch_hand,14,-0.509592,7.026191,6.603442,0.285577,0.044007,0.586446
456932520.000,Miguel,recording,switch_hand,14,-0.440646,7.083846,6.619648,0.310090,0.010201,0.545696
456932530.000,Miguel,recording,switch_hand,14,-0.427138,7.150367,6.566744,0.343261,-0.040564,0.500898
456932540.000,Miguel,recording,switch_hand,14,-0.493398,7.163097,6.463830,0.375149,-0.092811,0.458082
456932550.000,Miguel,recording,switch_hand,14,-0.632775,7.167186,6.433553,0.407501,-0.145900,0.441012
456932560.000,Miguel,recording,switch_hand,14,-0.757113,7.202212,6.431843,0.438654,-0.209891,0.459481
456932570.000,Miguel,recording,switch_hand,14,-0.799658,7.305206,6.344975,0.457544,-0.272496,0.490805
456932580.000,Miguel,recording,switch_hand,14,-0.714652,7.384942,6.334822,0.465278,-0.311746,0.520390
456932590.000,Miguel,recording,switch_hand,14,-0.523150,7.455396,6.324216,0.465194,-0.320968,0.543840
456932600.000,Miguel,recording,switch_hand,14,-0.327677,7.484789,6.286580,0.455781,-0.302616,0.556011
456932610.000,Miguel,recording,switch_hand,14,-0.145539,7.485075,6.214462,0.437306,-0.261441,0.554017
456932620.000,Miguel,recording,switch_hand,14,-0.036979,7.507708,6.118400,0.411351,-0.207340,0.540808
456932630.000,Miguel,recording,switch_hand,14,0.038626,7.546544,6.033525,0.380019,-0.155754,0.522802
456932640.000,Miguel,recording,switch_hand,14,0.057203,7.578573,5.955764,0.346471,-0.118576,0.502354
456932650.000,Miguel,recording,switch_hand,14,0.011625,7.615216,5.929649,0.314617,-0.096980,0.478602
456932660.000,Miguel,recording,switch_hand,14,-0.111167,7.562528,5.931939,0.290037,-0.084773,0.454999
456932670.000,Miguel,recording,switch_hand,14,-0.299042,7.535291,5.992054,0.286120,-0.093705,0.449176
456932680.000,Miguel,recording,switch_hand,14,-0.642208,7.657341,6.072638,0.308619,-0.153576,0.468437
456932690.000,Miguel,recording,switch_hand,14,-1.098044,7.802460,6.052808,0.359741,-0.287460,0.490081
456932700.000,Miguel,recording,switch_hand,14,-1.583864,7.753498,5.682251,0.451254,-0.518126,0.493814
456932710.000,Miguel,recording,switch_hand,14,-1.941777,7.897553,4.539233,0.524253,-0.835717,0.568947
456932720.000,Miguel,recording,switch_hand,14,-1.407347,8.894579,2.320679,0.335222,-1.030708,0.872241
456932730.000,Miguel,recording,switch_hand,14,0.285227,9.678399,0.966872,-0.221490,-0.885246,1.213312
456932740.000,Miguel,recording,switch_hand,14,0.996832,8.270233,2.931353,-0.725499,-0.333830,1.291916
456932750.000,Miguel,recording,switch_hand,14,1.292321,6.841818,3.919595,-0.905949,0.552649,1.231189
456932760.000,Miguel,recording,switch_hand,14,1.479629,7.001426,2.288401,-1.077811,1.283171,1.195570
456932770.000,Miguel,recording,switch_hand,14,1.557811,7.368735,1.985579,-1.433933,1.543358,1.176987
456932780.000,Miguel,recording,switch_hand,14,2.123605,6.911573,2.623642,-1.820013,1.581173,1.129604
456932790.000,Miguel,recording,switch_hand,14,2.540687,5.855871,3.892280,-2.092602,1.675240,1.005993
456932800.000,Miguel,recording,switch_hand,14,2.293200,5.120463,5.985504,-2.184583,1.973546,0.813321
456932810.000,Miguel,recording,switch_hand,14,2.006810,5.037478,8.458012,-2.079936,2.312517,0.576483
456932820.000,Miguel,recording,switch_hand,14,2.442295,4.949498,11.381377,-1.869635,2.154156,0.331546
456932830.000,Miguel,recording,switch_hand,14,2.401626,4.756839,13.929057,-1.505333,1.244317,0.109083
456932840.000,Miguel,recording,switch_hand,14,-0.284450,6.004633,12.747949,-0.923035,0.137228,-0.019371
456932850.000,Miguel,recording,switch_hand,14,-1.107349,6.932927,11.892524,-0.325807,-0.520287,-0.008654
456932860.000,Miguel,recording,switch_hand,14,-0.338367,7.610882,10.038930,0.127633,-0.799971,0.070665
456932870.000,Miguel,recording,switch_hand,14,0.107244,7.968378,8.348952,0.405965,-0.994580,0.148296
456932880.000,Miguel,recording,switch_hand,14,0.332723,7.626293,7.021626,0.495673,-1.131870,0.202479
456932890.000,Miguel,recording,switch_hand,14,0.301264,7.047685,6.165612,0.435626,-1.184983,0.236833
456932900.000,Miguel,recording,switch_hand,14,0.369815,6.879982,5.821050,0.283343,-1.144829,0.251950
456932910.000,Miguel,recording,switch_hand,14,0.592390,6.908018,5.772651,0.084495,-1.003863,0.241296
456932920.000,Miguel,recording,switch_hand,14,0.798617,7.160453,6.153564,-0.111307,-0.787987,0.223782
456932930.000,Miguel,recording,switch_hand,14,1.165994,7.476469,6.713277,-0.263897,-0.569205,0.231820
456932940.000,Miguel,recording,switch_hand,14,1.530901,7.547668,7.322694,-0.351443,-0.406464,0.259972
456932950.000,Miguel,recording,switch_hand,14,1.592933,7.196842,7.729343,-0.381882,-0.305214,0.280092
456932960.000,Miguel,recording,switch_hand,14,1.502122,6.792337,7.924576,-0.369221,-0.244035,0.286941
456932970.000,Miguel,recording,switch_hand,14,1.258427,6.530911,8.004157,-0.317677,-0.197023,0.287942
456932980.000,Miguel,recording,switch_hand,14,1.080732,6.405429,7.873037,-0.250104,-0.151585,0.279649
456932990.000,Miguel,recording,switch_hand,14,1.055065,6.455174,7.726679,-0.190951,-0.113617,0.255759
456933000.000,Miguel,recording,switch_hand,14,1.066178,6.583503,7.655105,-0.144078,-0.091343,0.220691
456933010.000,Miguel,recording,switch_hand,14,1.102787,6.742841,7.647477,-0.100908,-0.081576,0.179647
456933020.000,Miguel,recording,switch_hand,14,1.165534,6.837846,7.625614,-0.052176,-0.070695,0.134979
456933030.000,Miguel,recording,switch_hand,14,1.219697,6.918950,7.616973,0.005246,-0.048486,0.086945
456933040.000,Miguel,recording,switch_hand,14,1.214783,6.916550,7.565713,0.073560,-0.005000,0.036405
456933050.000,Miguel,recording,switch_hand,14,1.169641,6.818212,7.466219,0.147443,0.067763,-0.013553
456933060.000,Miguel,recording,switch_hand,14,1.047521,6.684476,7.373079,0.217993,0.168729,-0.057900
456933070.000,Miguel,recording,switch_hand,14,0.862521,6.598927,7.366225,0.287222,0.293679,-0.087565
456933080.000,Miguel,recording,switch_hand,14,0.563193,6.567961,7.447726,0.357843,0.435254,-0.092897
456933090.000,Miguel,recording,switch_hand,14,0.237543,6.578285,7.572246,0.429071,0.573635,-0.066877
456933100.000,Miguel,recording,switch_hand,14,0.029303,6.702015,7.670066,0.501523,0.678102,-0.011105
456933110.000,Miguel,recording,switch_hand,14,0.001560,6.836468,7.655563,0.569414,0.728807,0.065061
456933120.000,Miguel,recording,switch_hand,14,0.079575,6.859536,7.443725,0.617547,0.730844,0.150739
456933130.000,Miguel,recording,switch_hand,14,0.261693,6.778675,7.058795,0.630867,0.704830,0.230281
456933140.000,Miguel,recording,switch_hand,14,0.555071,6.686596,6.734262,0.604709,0.666623,0.288364
456933150.000,Miguel,recording,switch_hand,14,0.827728,6.651434,6.535141,0.545802,0.624669,0.319328
456933160.000,Miguel,recording,switch_hand,14,0.986548,6.639168,6.492298,0.467836,0.583792,0.327191
456933170.000,Miguel,recording,switch_hand,14,1.084992,6.642542,6.601634,0.390489,0.545576,0.321485
456933180.000,Miguel,recording,switch_hand,14,1.167328,6.586361,6.757852,0.331938,0.513494,0.312040
456933190.000,Miguel,recording,switch_hand,14,1.290709,6.534039,6.909678,0.298025,0.493265,0.303017
456933200.000,Miguel,recording,switch_hand,14,1.458918,6.487916,7.009176,0.286139,0.481593,0.287649
456933210.000,Miguel,recording,switch_hand,14,1.579782,6.474381,7.110004,0.290748,0.470257,0.257354
456933220.000,Miguel,recording,switch_hand,14,1.601977,6.495935,7.164423,0.306729,0.458263,0.213448
456933230.000,Miguel,recording,switch_hand,14,1.549561,6.469331,7.178172,0.330757,0.450987,0.164556
456933240.000,Miguel,recording,switch_hand,14,1.516722,6.471843,7.110825,0.358531,0.456151,0.119402
456933250.000,Miguel,recording,switch_hand,14,1.561843,6.542575,6.988291,0.386671,0.475567,0.080356
456933260.000,Miguel,recording,switch_hand,14,1.654165,6.611519,6.872241,0.409785,0.502155,0.043850
456933270.000,Miguel,recording,switch_hand,14,1.745951,6.702065,6.807457,0.424848,0.531211,0.006959
456933280.000,Miguel,recording,switch_hand,14,1.745300,6.769569,6.823505,0.434926,0.558419,-0.030603
456933290.000,Miguel,recording,switch_hand,14,1.617279,6.832401,6.829004,0.441212,0.565567,-0.065674
456933300.000,Miguel,recording,switch_hand,14,1.424726,6.898286,6.755162,0.435187,0.528787,-0.091131
456933310.000,Miguel,recording,switch_hand,14,1.261268,6.889689,6.636504,0.409188,0.443918,-0.107939
456933320.000,Miguel,recording,switch_hand,14,1.220282,6.868565,6.580526,0.368047,0.333323,-0.125989
456933330.000,Miguel,recording,switch_hand,14,1.241001,6.909325,6.556184,0.322873,0.223776,-0.150678
456933340.000,Miguel,recording,switch_hand,14,1.389848,7.018342,6.561282,0.288110,0.137032,-0.183638
456933350.000,Miguel,recording,switch_hand,14,1.554152,7.112582,6.538893,0.271635,0.089819,-0.227591
456933360.000,Miguel,recording,switch_hand,14,1.701108,7.133630,6.499992,0.270926,0.089638,-0.282561
456933370.000,Miguel,recording,switch_hand,14,1.793466,7.112349,6.489386,0.281719,0.128610,-0.347305
456933380.000,Miguel,recording,switch_hand,14,1.813848,7.099507,6.481997,0.298217,0.184022,-0.419747
456933390.000,Miguel,recording,switch_hand,14,1.717342,7.050756,6.471208,0.312733,0.234655,-0.493906
456933400.000,Miguel,recording,switch_hand,14,1.589220,7.015348,6.440902,0.318936,0.270213,-0.563730
456933410.000,Miguel,recording,switch_hand,14,1.462160,7.018547,6.468773,0.316252,0.291732,-0.627522
456933420.000,Miguel,recording,switch_hand,14,1.238115,7.041081,6.540206,0.310894,0.303200,-0.682223
456933430.000,Miguel,recording,switch_hand,14,0.966803,7.010599,6.642014,0.309967,0.305895,-0.721218
456933440.000,Miguel,recording,switch_hand,14,0.779882,6.974600,6.685468,0.316506,0.298790,-0.744314
456933450.000,Miguel,recording,switch_hand,14,0.766219,6.935617,6.621763,0.328923,0.283353,-0.761650
456933460.000,Miguel,recording,switch_hand,14,0.940865,6.874946,6.428097,0.339552,0.266493,-0.788843
456933470.000,Miguel,recording,switch_hand,14,1.199631,6.801204,6.193049,0.341776,0.259760,-0.839548
456933480.000,Miguel,recording,switch_hand,14,1.320513,6.785532,6.102474,0.338880,0.282480,-0.918662
456933490.000,Miguel,recording,switch_hand,14,1.261897,6.865620,6.199000,0.340496,0.350009,-1.023150
456933500.000,Miguel,recording,switch_hand,14,1.022051,7.065575,6.346189,0.363428,0.467752,-1.147309
456933510.000,Miguel,recording,switch_hand,14,0.666578,6.971393,6.495191,0.435885,0.629835,-1.270632
456933520.000,Miguel,recording,switch_hand,14,0.536973,6.923884,6.238750,0.487664,0.736197,-1.423319
456933530.000,Miguel,recording,switch_hand,14,-0.421339,8.024375,5.029983,0.367998,0.665220,-1.640528
456933540.000,Miguel,recording,switch_hand,14,-2.059184,8.359543,5.091661,0.158916,0.579006,-1.789364
456933550.000,Miguel,recording,switch_hand,14,-2.885811,8.243131,6.132791,0.088501,0.673691,-1.738508
456933560.000,Miguel,recording,switch_hand,14,-2.828817,8.555450,6.560108,0.206398,0.796313,-1.563526
456933570.000,Miguel,recording,switch_hand,14,-2.121692,8.605765,6.301536,0.380971,0.759842,-1.396222
456933580.000,Miguel,recording,switch_hand,14,-1.736872,8.123130,5.483973,0.448614,0.585017,-1.332333
456933590.000,Miguel,recording,switch_hand,14,-1.470660,7.208654,4.201032,0.447554,0.318206,-1.435644
456933600.000,Miguel,recording,switch_hand,14,-2.858810,6.652324,2.806379,0.358613,0.042450,-1.610129
456933610.000,Miguel,recording,switch_hand,14,-4.516893,6.966820,1.431179,0.053989,-0.111337,-1.673105
456933620.000,Miguel,recording,switch_hand,14,-5.112885,7.308000,2.017559,-0.361502,-0.134333,-1.565767
456933630.000,Miguel,recording,switch_hand,14,-5.646700,7.505948,2.918682,-0.747312,-0.094554,-1.337978
456933640.000,Miguel,recording,switch_hand,14,-5.799162,7.320518,4.245187,-1.035723,0.000197,-1.049601
456933650.000,Miguel,recording,switch_hand,14,-5.271417,7.048686,5.829574,-1.136665,0.108376,-0.738450
456933660.000,Miguel,recording,switch_hand,14,-4.487580,6.702701,7.018520,-1.087956,0.160898,-0.462174
456933670.000,Miguel,recording,switch_hand,14,-3.831940,6.334297,7.516461,-0.993324,0.173981,-0.268502
456933680.000,Miguel,recording,switch_hand,14,-3.453834,6.208259,7.732903,-0.867421,0.155093,-0.154184
456933690.000,Miguel,recording,switch_hand,14,-3.486098,6.221824,7.882190,-0.717167,0.125126,-0.081752
456933700.000,Miguel,recording,switch_hand,14,-3.496034,6.494069,7.884445,-0.554404,0.104154,-0.007709
456933710.000,Miguel,recording,switch_hand,14,-3.397701,6.753282,7.856070,-0.388650,0.072211,0.078717
456933720.000,Miguel,recording,switch_hand,14,-3.169259,6.843101,8.076504,-0.219244,0.025251,0.160001
456933730.000,Miguel,recording,switch_hand,14,-2.768079,7.029384,8.135214,-0.037336,-0.027932,0.210195
456933740.000,Miguel,recording,switch_hand,14,-2.484304,7.301338,8.191622,0.154621,-0.101963,0.224018
456933750.000,Miguel,recording,switch_hand,14,-2.414636,7.552417,8.006393,0.344752,-0.214748,0.206888
456933760.000,Miguel,recording,switch_hand,14,-2.514216,7.720717,7.648679,0.520935,-0.356264,0.167870
456933770.000,Miguel,recording,switch_hand,14,-2.651274,7.682623,7.220869,0.669690,-0.516535,0.128452
456933780.000,Miguel,recording,switch_hand,14,-2.809277,7.517796,6.759072,0.780222,-0.684253,0.109474
456933790.000,Miguel,recording,switch_hand,14,-2.889853,7.405642,6.405579,0.852285,-0.852846,0.125424
456933800.000,Miguel,recording,switch_hand,14,-2.823965,7.405969,6.100079,0.885287,-1.011626,0.165852
456933810.000,Miguel,recording,switch_hand,14,-2.612429,7.288949,5.869683,0.884646,-1.139071,0.205138
456933820.000,Miguel,recording,switch_hand,14,-2.380748,7.185767,5.779046,0.861894,-1.229817,0.236038
456933830.000,Miguel,recording,switch_hand,14,-2.243849,7.077425,5.727448,0.826396,-1.285611,0.263643
456933840.000,Miguel,recording,switch_hand,14,-2.186097,7.046293,5.745512,0.789854,-1.312152,0.292402
456933850.000,Miguel,recording,switch_hand,14,-2.141556,7.055260,5.787314,0.759292,-1.326328,0.321688
456933860.000,Miguel,recording,switch_hand,14,-2.100240,7.137992,5.873622,0.739652,-1.337314,0.349274
456933870.000,Miguel,recording,switch_hand,14,-2.013854,7.215155,5.980456,0.735259,-1.341894,0.372093
456933880.000,Miguel,recording,switch_hand,14,-1.895149,7.266936,6.005612,0.745093,-1.339940,0.384055
456933890.000,Miguel,recording,switch_hand,14,-1.786603,7.346898,5.931558,0.759371,-1.330799,0.378484
456933900.000,Miguel,recording,switch_hand,14,-1.700313,7.444541,5.789968,0.762108,-1.306738,0.352413
456933910.000,Miguel,recording,switch_hand,14,-1.620132,7.520403,5.601845,0.740860,-1.257915,0.308972
456933920.000,Miguel,recording,switch_hand,14,-1.544664,7.562323,5.436958,0.690497,-1.177187,0.253465
456933930.000,Miguel,recording,switch_hand,14,-1.536577,7.536246,5.269506,0.613047,-1.065744,0.193247
456933940.000,Miguel,recording,switch_hand,14,-1.616245,7.470798,5.167918,0.516130,-0.934058,0.140610
456933950.000,Miguel,recording,switch_hand,14,-1.806640,7.354098,5.143287,0.408750,-0.797016,0.108709
456933960.000,Miguel,recording,switch_hand,14,-2.032610,7.231906,5.170076,0.300967,-0.667680,0.105372
456933970.000,Miguel,recording,switch_hand,14,-2.223326,7.240801,5.267788,0.206245,-0.551567,0.132217
456933980.000,Miguel,recording,switch_hand,14,-2.328681,7.265096,5.374819,0.131252,-0.447229,0.183282
456933990.000,Miguel,recording,switch_hand,14,-2.267511,7.212241,5.464692,0.073190,-0.362063,0.246830
456934000.000,Miguel,recording,switch_hand,14,-2.086868,7.230899,5.669092,0.034922,-0.304459,0.314245
456934010.000,Miguel,recording,switch_hand,14,-1.860993,7.287368,5.858774,0.020467,-0.263444,0.379147
456934020.000,Miguel,recording,switch_hand,14,-1.653365,7.375716,5.982188,0.028112,-0.226905,0.434719
456934030.000,Miguel,recording,switch_hand,14,-1.499244,7.475959,6.036940,0.050619,-0.196650,0.476393
456934040.000,Miguel,recording,switch_hand,14,-1.349956,7.573016,6.035307,0.077637,-0.174264,0.504500
456934050.000,Miguel,recording,switch_hand,14,-1.239481,7.647238,5.992572,0.102648,-0.158607,0.524245
456934060.000,Miguel,recording,switch_hand,14,-1.148823,7.691052,5.948542,0.123932,-0.152088,0.542923
456934070.000,Miguel,recording,switch_hand,14,-1.068620,7.765870,5.951945,0.142138,-0.154334,0.565243
456934080.000,Miguel,recording,switch_hand,14,-0.936066,7.843562,5.950829,0.159589,-0.160938,0.591203
456934090.000,Miguel,recording,switch_hand,14,-0.772705,7.869120,5.951449,0.177754,-0.170918,0.615949
456934100.000,Miguel,recording,switch_hand,14,-0.569300,7.939100,5.961881,0.197226,-0.183059,0.631415
456934110.000,Miguel,recording,switch_hand,14,-0.451954,7.929352,5.953498,0.216963,-0.192638,0.633477
456934120.000,Miguel,recording,switch_hand,14,-0.671452,7.658278,5.925320,0.242209,-0.205487,0.625297
456934130.000,Miguel,recording,switch_hand,14,-1.248027,7.478800,6.026834,0.300317,-0.256905,0.631668
456934140.000,Miguel,recording,switch_hand,14,-1.381347,7.859794,6.062490,0.406799,-0.409695,0.683736
456934150.000,Miguel,recording,switch_hand,14,-1.602086,8.168899,5.673662,0.532709,-0.683311,0.777135
456934160.000,Miguel,recording,switch_hand,14,-2.210704,8.453162,4.903714,0.618328,-1.031545,0.905122
456934170.000,Miguel,recording,switch_hand,14,-3.247708,9.288600,3.572853,0.544582,-1.349168,1.159221
456934180.000,Miguel,recording,switch_hand,14,-2.634119,10.106140,1.613648,0.163406,-1.513485,1.613944
456934190.000,Miguel,recording,switch_hand,14,1.017017,9.927884,0.218599,-0.465047,-1.455063,1.978509
456934200.000,Miguel,recording,switch_hand,14,2.472803,9.562557,0.565080,-1.098300,-1.034541,1.996429
456934210.000,Miguel,recording,switch_hand,14,-0.022183,9.756792,2.133328,-1.567947,-0.459364,1.884400
456934220.000,Miguel,recording,switch_hand,14,-1.704188,8.643196,4.001582,-1.810056,-0.009358,1.886780
456934230.000,Miguel,recording,switch_hand,14,-2.470628,6.806659,5.982977,-1.882052,0.325053,2.081929
456934240.000,Miguel,recording,switch_hand,14,-1.878907,6.318030,6.432139,-1.901639,0.488500,2.443295
456934250.000,Miguel,recording,switch_hand,14,0.538516,5.821324,7.936874,-1.812304,0.488566,2.819431
456934260.000,Miguel,recording,switch_hand,14,3.827532,5.101700,9.156280,-1.430819,0.295773,2.996220
456934270.000,Miguel,recording,switch_hand,14,6.530052,5.149492,9.160465,-0.877684,-0.037110,2.848203
456934280.000,Miguel,recording,switch_hand,14,8.102806,5.043357,8.212481,-0.351374,-0.226412,2.437319
456934290.000,Miguel,recording,switch_hand,14,8.349077,5.366621,7.057690,0.083520,-0.107325,1.910883
456934300.000,Miguel,recording,switch_hand,14,7.721253,5.613868,6.275923,0.377562,0.272866,1.399174
456934310.000,Miguel,recording,switch_hand,14,6.828469,5.983178,5.761050,0.557358,0.759419,0.955088
456934320.000,Miguel,recording,switch_hand,14,6.492977,5.955309,5.087865,0.620444,1.191889,0.561712
456934330.000,Miguel,recording,switch_hand,14,6.002334,6.125204,4.735624,0.556334,1.511133,0.193264
456934340.000,Miguel,recording,switch_hand,14,5.398360,6.312282,4.846111,0.393275,1.673373,-0.151614
456934350.000,Miguel,recording,switch_hand,14,4.592738,6.615489,5.359214,0.186875,1.630854,-0.439390
456934360.000,Miguel,recording,switch_hand,14,3.654336,6.979188,6.003993,-0.022499,1.374529,-0.626041
456934370.000,Miguel,recording,switch_hand,14,2.778316,7.267706,6.595725,-0.220198,0.935300,-0.687504
456934380.000,Miguel,recording,switch_hand,14,2.076920,7.444649,6.871707,-0.403433,0.381678,-0.633620
456934390.000,Miguel,recording,switch_hand,14,1.716204,7.337948,7.049697,-0.562540,-0.157013,-0.508574
456934400.000,Miguel,recording,switch_hand,14,1.597030,7.134740,7.534246,-0.665947,-0.563196,-0.367067
456934410.000,Miguel,recording,switch_hand,14,1.614124,7.010358,8.229876,-0.676150,-0.818193,-0.239423
456934420.000,Miguel,recording,switch_hand,14,1.658923,6.953793,8.793616,-0.581382,-0.960994,-0.132431
456934430.000,Miguel,recording,switch_hand,14,1.844095,6.892776,8.833821,-0.408849,-1.009896,-0.051840
456934440.000,Miguel,recording,switch_hand,14,2.264792,6.921377,8.508619,-0.206774,-0.953601,-0.005906
456934450.000,Miguel,recording,switch_hand,14,2.787519,7.063205,8.086232,-0.011677,-0.797126,-0.002590
456934460.000,Miguel,recording,switch_hand,14,3.238051,7.120638,7.708463,0.164554,-0.570713,-0.043447
456934470.000,Miguel,recording,switch_hand,14,3.529702,7.045089,7.349475,0.321146,-0.306355,-0.119831
456934480.000,Miguel,recording,switch_hand,14,3.671749,6.898004,6.960603,0.456111,-0.034568,-0.221428
456934490.000,Miguel,recording,switch_hand,14,3.728225,6.782753,6.538346,0.557874,0.202418,-0.334218
456934500.000,Miguel,recording,switch_hand,14,3.668808,6.687657,6.058127,0.611138,0.374661,-0.447653
456934510.000,Miguel,recording,switch_hand,14,3.601734,6.652810,5.576194,0.608881,0.481135,-0.557824
456934520.000,Miguel,recording,switch_hand,14,3.491101,6.720674,5.218880,0.553872,0.531708,-0.659676
456934530.000,Miguel,recording,switch_hand,14,3.310908,6.783632,5.055327,0.461213,0.539765,-0.748819
456934540.000,Miguel,recording,switch_hand,14,3.004352,6.752332,5.012472,0.352221,0.513574,-0.820898
456934550.000,Miguel,recording,switch_hand,14,2.632884,6.721075,5.048072,0.241898,0.462845,-0.869632
456934560.000,Miguel,recording,switch_hand,14,2.242194,6.793886,5.164200,0.137341,0.406036,-0.890729
456934570.000,Miguel,recording,switch_hand,14,1.901217,6.903718,5.345912,0.043896,0.357782,-0.890952
456934580.000,Miguel,recording,switch_hand,14,1.711493,6.975442,5.612947,-0.030092,0.324455,-0.883644
456934590.000,Miguel,recording,switch_hand,14,1.546890,7.047875,5.908224,-0.073500,0.312845,-0.872269
456934600.000,Miguel,recording,switch_hand,14,1.255676,7.076473,6.299579,-0.074988,0.324127,-0.849429
456934610.000,Miguel,recording,switch_hand,14,1.014893,7.059708,6.527848,-0.032585,0.347753,-0.811561
456934620.000,Miguel,recording,switch_hand,14,0.836197,7.066555,6.577252,0.034987,0.370762,-0.761515
456934630.000,Miguel,recording,switch_hand,14,0.737808,7.267138,6.516864,0.100533,0.384429,-0.702853
456934640.000,Miguel,recording,switch_hand,14,0.623131,7.504197,6.411692,0.148322,0.385956,-0.639112
456934650.000,Miguel,recording,switch_hand,14,0.508357,7.660055,6.339628,0.174992,0.377586,-0.571708
456934660.000,Miguel,recording,switch_hand,14,0.434034,7.725623,6.343542,0.187385,0.370551,-0.503820
456934670.000,Miguel,recording,switch_hand,14,0.444086,7.731283,6.426280,0.199148,0.387173,-0.445513
456934680.000,Miguel,recording,switch_hand,14,0.546424,7.832165,6.570282,0.225809,0.448742,-0.405556
456934690.000,Miguel,recording,switch_hand,14,0.844500,7.879018,6.768199,0.279100,0.554554,-0.390553
456934700.000,Miguel,recording,switch_hand,14,1.513237,7.540087,6.871777,0.376865,0.690878,-0.413087
456934710.000,Miguel,recording,switch_hand,14,2.436977,7.008535,6.906240,0.562455,0.901700,-0.496793
456934720.000,Miguel,recording,switch_hand,14,3.670274,7.067391,6.775564,0.850280,1.259285,-0.687199
456934730.000,Miguel,recording,switch_hand,14,5.435285,7.800186,5.886979,1.160119,1.765774,-1.027951
456934740.000,Miguel,recording,switch_hand,14,7.200728,7.600711,4.361945,1.361458,2.316096,-1.527273
456934750.000,Miguel,recording,switch_hand,14,8.024970,7.130144,2.497094,1.214191,2.595700,-2.217656
456934760.000,Miguel,recording,switch_hand,14,7.179310,6.903754,1.959335,0.575625,2.307380,-3.047182
456934770.000,Miguel,recording,switch_hand,14,3.883791,6.579947,5.525985,-0.035842,1.759471,-3.654037
456934780.000,Miguel,recording,switch_hand,14,0.618845,6.673931,8.543999,-0.121678,1.216884,-3.885298
456934790.000,Miguel,recording,switch_hand,14,-1.505547,6.406676,8.982740,0.156196,0.626991,-3.948140
456934800.000,Miguel,recording,switch_hand,14,-3.815201,6.129810,6.977354,0.416265,0.122859,-3.890475
456934810.000,Miguel,recording,switch_hand,14,-8.441670,6.554212,4.076738,0.397960,-0.125667,-3.611528
456934820.000,Miguel,recording,switch_hand,14,-13.338540,7.389963,1.571035,0.181182,0.024800,-3.054224
456934830.000,Miguel,recording,switch_hand,14,-9.890081,7.390015,0.967665,-0.104162,0.326758,-2.361219
456934840.000,Miguel,recording,switch_hand,14,-8.187895,6.822164,1.836104,-0.378942,0.449546,-1.765547
456934850.000,Miguel,recording,switch_hand,14,-7.317654,6.766041,3.584578,-0.557924,0.402204,-1.330821
456934860.000,Miguel,recording,switch_hand,14,-7.366477,6.790210,3.896786,-0.727808,0.285854,-0.994175
456934870.000,Miguel,recording,switch_hand,14,-6.250650,6.943122,4.482649,-0.949066,0.173262,-0.692921
456934880.000,Miguel,recording,switch_hand,14,-5.984779,6.706643,5.524915,-1.143374,0.052741,-0.404786
456934890.000,Miguel,recording,switch_hand,14,-4.966779,6.296844,6.830682,-1.214346,-0.110229,-0.136761
456934900.000,Miguel,recording,switch_hand,14,-4.318149,5.718676,8.092072,-1.103518,-0.322928,0.112728
456934910.000,Miguel,recording,switch_hand,14,-3.867258,5.390517,9.130657,-0.805517,-0.573131,0.337580
456934920.000,Miguel,recording,switch_hand,14,-3.434792,5.489120,9.856636,-0.357220,-0.830979,0.513008
456934930.000,Miguel,recording,switch_hand,14,-3.170056,6.026104,9.801698,0.153149,-1.053771,0.617513
456934940.000,Miguel,recording,switch_hand,14,-3.155907,6.754507,8.990848,0.607798,-1.217226,0.658823
456934950.000,Miguel,recording,switch_hand,14,-3.233608,7.330678,8.048175,0.921405,-1.292463,0.663918
456934960.000,Miguel,recording,switch_hand,14,-3.320878,7.568986,7.201796,1.067141,-1.238635,0.658587
456934970.000,Miguel,recording,switch_hand,14,-3.273640,7.585121,6.684672,1.060698,-1.043007,0.652488
456934980.000,Miguel,recording,switch_hand,14,-3.011986,7.730547,5.981592,0.936369,-0.751987,0.639782
456934990.000,Miguel,recording,switch_hand,14,-2.769017,7.847087,5.973519,0.743523,-0.441468,0.613490
456935000.000,Miguel,recording,switch_hand,14,-2.603640,7.676079,6.111074,0.549555,-0.134579,0.564190
456935010.000,Miguel,recording,switch_hand,14,-2.628240,7.041773,6.397436,0.422226,0.155140,0.500376
456935020.000,Miguel,recording,switch_hand,14,-2.309647,7.068506,6.781681,0.393174,0.342090,0.470912
456935030.000,Miguel,recording,switch_hand,14,-2.219981,7.446250,6.609579,0.419078,0.389377,0.493307
456935040.000,Miguel,recording,switch_hand,14,-2.351524,7.832819,6.043082,0.445042,0.392446,0.523999
456935050.000,Miguel,recording,switch_hand,14,-2.303264,7.857184,5.575911,0.455324,0.403620,0.534631
456935060.000,Miguel,recording,switch_hand,14,-2.084403,7.705428,5.246214,0.444438,0.377077,0.528053
456935070.000,Miguel,recording,switch_hand,14,-2.057292,7.349335,5.013896,0.416719,0.300819,0.507151
456935080.000,Miguel,recording,switch_hand,14,-2.298088,6.975932,4.998284,0.394399,0.209158,0.482037
456935090.000,Miguel,recording,switch_hand,14,-2.489453,6.957510,5.235540,0.400424,0.094597,0.478225
456935100.000,Miguel,recording,switch_hand,14,-2.166694,7.475630,5.294821,0.409418,-0.056266,0.493130
456935110.000,Miguel,recording,switch_hand,14,-1.940198,7.981572,4.906910,0.365573,-0.183776,0.475813
456935120.000,Miguel,recording,switch_hand,14,-1.671732,8.201120,4.554059,0.258388,-0.212020,0.396739
456935130.000,Miguel,recording,switch_hand,14,-1.370926,8.106397,4.435005,0.108738,-0.145523,0.277936
456935140.000,Miguel,recording,switch_hand,14,-1.283174,7.807493,4.444300,-0.062500,-0.045947,0.155779
456935150.000,Miguel,recording,switch_hand,14,-1.428894,7.596175,4.656518,-0.226489,0.043707,0.055878
456935160.000,Miguel,recording,switch_hand,14,-1.654007,7.492425,5.055586,-0.350875,0.107853,-0.010880
456935170.000,Miguel,recording,switch_hand,14,-1.821664,7.462008,5.579494,-0.411867,0.138733,-0.044705
456935180.000,Miguel,recording,switch_hand,14,-1.856144,7.459906,6.011773,-0.403514,0.137764,-0.051838
456935190.000,Miguel,recording,switch_hand,14,-1.833916,7.470739,6.228232,-0.338552,0.114699,-0.043741
456935200.000,Miguel,recording,switch_hand,14,-1.877706,7.442833,6.246028,-0.241769,0.074671,-0.032231
456935210.000,Miguel,recording,switch_hand,14,-1.997171,7.453800,6.126211,-0.138731,0.023233,-0.017521
456935220.000,Miguel,recording,switch_hand,14,-2.146815,7.520294,5.930326,-0.050451,-0.029696,0.003120
456935230.000,Miguel,recording,switch_hand,14,-2.290517,7.671735,5.663784,0.006498,-0.077347,0.024595
456935240.000,Miguel,recording,switch_hand,14,-2.483821,7.922172,5.345132,0.017877,-0.106452,0.046304
456935250.000,Miguel,recording,switch_hand,14,-2.437802,8.180627,4.606491,-0.041571,-0.111913,0.062220
456935260.000,Miguel,recording,switch_hand,14,-2.231032,8.431765,3.738108,-0.197396,-0.119676,0.048087
456935270.000,Miguel,recording,switch_hand,14,-2.963007,8.267368,3.177235,-0.440983,-0.172916,0.008713
456935280.000,Miguel,recording,switch_hand,14,-4.888619,7.473867,2.887606,-0.716979,-0.375578,0.023403
456935290.000,Miguel,recording,switch_hand,14,-6.409971,8.143208,3.340492,-0.955497,-0.857013,0.167656
456935300.000,Miguel,recording,switch_hand,14,-6.765067,7.849319,3.337651,-1.146772,-1.592114,0.389660
456935310.000,Miguel,recording,switch_hand,14,-5.625234,7.466794,2.831916,-1.385748,-2.245023,0.580458
456935320.000,Miguel,recording,switch_hand,14,-3.444674,7.219300,3.668543,-1.780582,-2.298893,0.700044
456935330.000,Miguel,recording,switch_hand,14,-3.149585,6.988103,5.577693,-2.280585,-1.993670,0.723482
456935340.000,Miguel,recording,switch_hand,14,-4.190144,6.243824,4.966349,-2.746026,-1.769368,0.728944
456935350.000,Miguel,recording,switch_hand,14,-1.810219,4.883232,6.987040,-2.971899,-1.693159,1.004650
456935360.000,Miguel,recording,switch_hand,14,-0.492013,4.730830,9.844157,-2.723252,-2.112456,1.769890
456935370.000,Miguel,recording,switch_hand,14,2.489710,6.015910,14.045314,-2.005805,-2.895155,2.446392
456935380.000,Miguel,recording,switch_hand,14,4.952344,6.869485,14.139061,-1.040911,-3.405218,2.421990
456935390.000,Miguel,recording,switch_hand,14,4.828814,6.638768,11.956177,-0.120423,-3.471062,2.056045
456935400.000,Miguel,recording,switch_hand,14,3.066740,5.506247,8.840434,0.505713,-3.272134,1.754861
456935410.000,Miguel,recording,switch_hand,14,2.074045,4.712525,6.395047,0.756335,-2.943406,1.535485
456935420.000,Miguel,recording,switch_hand,14,1.722809,4.563411,4.579471,0.689574,-2.624830,1.345778
456935430.000,Miguel,recording,switch_hand,14,2.482844,4.954055,3.852749,0.422831,-2.411763,1.140715
456935440.000,Miguel,recording,switch_hand,14,3.826353,5.765294,4.143730,0.080304,-2.279794,0.896774
456935450.000,Miguel,recording,switch_hand,14,4.671135,6.834027,5.134495,-0.224337,-2.124195,0.648111
456935460.000,Miguel,recording,switch_hand,14,4.662436,7.160678,6.503977,-0.388848,-1.827783,0.450292
456935470.000,Miguel,recording,switch_hand,14,4.364367,6.890625,7.698828,-0.361871,-1.337287,0.327324
456935480.000,Miguel,recording,switch_hand,14,4.116455,6.676484,8.260489,-0.177964,-0.704445,0.265653
456935490.000,Miguel,recording,switch_hand,14,3.809572,6.531971,8.098518,0.066207,-0.050084,0.236502
456935500.000,Miguel,recording,switch_hand,14,3.493754,6.506787,7.484722,0.271326,0.510203,0.215551
456935510.000,Miguel,recording,switch_hand,15,3.195604,6.520996,6.891051,0.385750,0.933377,0.185588
456935520.000,Miguel,recording,switch_hand,15,2.995397,6.625903,6.704230,0.420462,1.245777,0.145525
456935530.000,Miguel,recording,switch_hand,15,2.901280,6.844828,6.900144,0.422565,1.479426,0.108699
456935540.000,Miguel,recording,switch_hand,15,2.822403,6.996120,7.173772,0.432020,1.638542,0.085014
456935550.000,Miguel,recording,switch_hand,15,2.688640,6.994186,7.327789,0.456875,1.718279,0.075806
456935560.000,Miguel,recording,switch_hand,15,2.590702,6.912365,7.295640,0.479845,1.713748,0.072756
456935570.000,Miguel,recording,switch_hand,15,2.452580,6.794069,7.119153,0.479661,1.623850,0.066755
456935580.000,Miguel,recording,switch_hand,15,2.180473,6.659986,7.023123,0.440490,1.463363,0.062198
456935590.000,Miguel,recording,switch_hand,15,1.773894,6.579448,7.212433,0.366277,1.256369,0.072217
456935600.000,Miguel,recording,switch_hand,15,1.363412,6.533764,7.660863,0.289554,1.012186,0.102487
456935610.000,Miguel,recording,switch_hand,15,1.094233,6.576789,8.191737,0.248326,0.737399,0.153740
456935620.000,Miguel,recording,switch_hand,15,0.956510,6.753516,8.734530,0.268388,0.473448,0.228720
456935630.000,Miguel,recording,switch_hand,15,1.034144,6.862707,9.066383,0.359258,0.261882,0.323294
456935640.000,Miguel,recording,switch_hand,15,1.324269,6.619515,8.964009,0.505905,0.125646,0.410960
456935650.000,Miguel,recording,switch_hand,15,1.794937,6.260155,8.364367,0.663334,0.086721,0.458863
456935660.000,Miguel,recording,switch_hand,15,2.465244,6.298941,7.647829,0.786060,0.143594,0.452820
456935670.000,Miguel,recording,switch_hand,15,3.183700,6.508638,7.121861,0.864819,0.267990,0.391589
456935680.000,Miguel,recording,switch_hand,15,3.771119,6.762850,6.767165,0.917332,0.430904,0.282599
456935690.000,Miguel,recording,switch_hand,15,4.220483,6.933215,6.473583,0.960769,0.612702,0.142066
456935700.000,Miguel,recording,switch_hand,15,4.658704,7.083487,6.062536,1.003234,0.799885,-0.017296
456935710.000,Miguel,recording,switch_hand,15,5.067257,7.288769,5.514718,1.043940,0.995221,-0.195416
456935720.000,Miguel,recording,switch_hand,15,5.374041,7.390934,4.852645,1.073847,1.217532,-0.388621
456935730.000,Miguel,recording,switch_hand,15,5.502825,6.921604,4.187945,1.088874,1.503718,-0.576194
456935740.000,Miguel,recording,switch_hand,15,5.689252,5.738136,3.897344,1.123614,1.914966,-0.759305
456935750.000,Miguel,recording,switch_hand,15,5.649043,5.248471,4.042327,1.213461,2.417922,-1.007693
456935760.000,Miguel,recording,switch_hand,15,4.167525,5.278926,4.933661,1.297614,2.685821,-1.352876
456935770.000,Miguel,recording,switch_hand,15,1.539471,5.967321,6.103532,1.217970,2.499734,-1.696092
456935780.000,Miguel,recording,switch_hand,15,0.451138,7.147568,3.623595,0.838231,1.878895,-1.917308
456935790.000,Miguel,recording,switch_hand,15,-0.838721,7.285739,2.730385,0.229812,1.027894,-2.001828
456935800.000,Miguel,recording,switch_hand,15,-0.965593,6.438468,3.124136,-0.299795,0.374371,-2.013571
456935810.000,Miguel,recording,switch_hand,15,-2.309229,6.844218,5.127821,-0.551179,0.110642,-1.972562
456935820.000,Miguel,recording,switch_hand,15,-3.727917,6.741413,4.960297,-0.649965,0.141141,-1.846031
456935830.000,Miguel,recording,switch_hand,15,-4.675528,6.414488,5.254135,-0.691971,0.184419,-1.593069
456935840.000,Miguel,recording,switch_hand,15,-4.499786,6.440163,5.554792,-0.713038,0.107853,-1.238457
456935850.000,Miguel,recording,switch_hand,15,-4.430720,6.698102,5.744561,-0.761750,0.081483,-0.846923
456935860.000,Miguel,recording,switch_hand,15,-4.173229,7.304680,6.029919,-0.778529,0.207852,-0.435931
456935870.000,Miguel,recording,switch_hand,15,-4.242902,8.071462,7.101069,-0.738347,0.427254,-0.072205
456935880.000,Miguel,recording,switch_hand,15,-3.460923,8.256200,7.540326,-0.657674,0.626153,0.139730
456935890.000,Miguel,recording,switch_hand,15,-2.462379,7.843476,7.991453,-0.540911,0.733694,0.180582
456935900.000,Miguel,recording,switch_hand,15,-1.871456,7.669705,8.072888,-0.394729,0.771772,0.117772
456935910.000,Miguel,recording,switch_hand,15,-1.510954,7.557657,7.735387,-0.250948,0.794280,0.017332
456935920.000,Miguel,recording,switch_hand,15,-1.240012,7.403682,7.184721,-0.154042,0.792212,-0.082738
456935930.000,Miguel,recording,switch_hand,15,-1.125434,7.423545,6.871621,-0.125989,0.722070,-0.166044
456935940.000,Miguel,recording,switch_hand,15,-1.160034,7.571050,6.585993,-0.153711,0.592386,-0.243390
456935950.000,Miguel,recording,switch_hand,15,-1.396422,7.638380,6.662290,-0.189025,0.434636,-0.310501
456935960.000,Miguel,recording,switch_hand,15,-1.628449,7.554220,6.873619,-0.189763,0.243900,-0.355149
456935970.000,Miguel,recording,switch_hand,15,-1.917844,7.340838,7.095625,-0.145242,0.020953,-0.377827
456935980.000,Miguel,recording,switch_hand,15,-2.262413,7.119702,7.287297,-0.047799,-0.213982,-0.363539
456935990.000,Miguel,recording,switch_hand,15,-2.540156,7.040826,7.337544,0.085587,-0.448694,-0.305477
456936000.000,Miguel,recording,switch_hand,15,-2.665710,6.942781,7.073474,0.211265,-0.650678,-0.224553
456936010.000,Miguel,recording,switch_hand,15,-2.673597,6.814362,6.836215,0.307409,-0.779806,-0.131941
456936020.000,Miguel,recording,switch_hand,15,-2.595931,6.714388,6.599107,0.367104,-0.832929,-0.029560
456936030.000,Miguel,recording,switch_hand,15,-2.434120,6.639343,6.363316,0.385583,-0.828047,0.073626
456936040.000,Miguel,recording,switch_hand,15,-2.221953,6.603702,6.174019,0.366587,-0.783884,0.167717
456936050.000,Miguel,recording,switch_hand,15,-2.068589,6.613790,6.046726,0.321559,-0.716900,0.245860
456936060.000,Miguel,recording,switch_hand,15,-2.084591,6.648219,5.867507,0.262389,-0.645288,0.305154
456936070.000,Miguel,recording,switch_hand,15,-2.409250,6.646200,5.667265,0.198114,-0.600944,0.351271
456936080.000,Miguel,recording,switch_hand,15,-3.064534,6.646710,5.670549,0.151138,-0.636789,0.408221
456936090.000,Miguel,recording,switch_hand,15,-3.846661,6.609173,5.875635,0.163915,-0.811967,0.505479
456936100.000,Miguel,recording,switch_hand,15,-4.065782,6.631775,6.097600,0.270725,-1.167920,0.647264
456936110.000,Miguel,recording,switch_hand,15,-3.642835,6.657200,6.072039,0.455736,-1.599762,0.793549
456936120.000,Miguel,recording,switch_hand,15,-1.469107,7.102068,6.578551,0.608516,-1.736283,0.905086
456936130.000,Miguel,recording,switch_hand,15,0.783239,7.866032,6.732458,0.496367,-1.386367,1.092769
456936140.000,Miguel,recording,switch_hand,15,-0.236103,7.838976,4.816748,0.150986,-0.754121,1.387212
456936150.000,Miguel,recording,switch_hand,15,3.109735,7.467283,7.636154,-0.061060,-0.223332,1.486963
456936160.000,Miguel,recording,switch_hand,15,1.665587,8.119602,7.125968,-0.009633,-0.045520,1.259356
456936170.000,Miguel,recording,switch_hand,15,1.005604,8.083388,6.091770,0.028186,0.007610,1.011342
456936180.000,Miguel,recording,switch_hand,15,0.228105,7.248426,3.985144,-0.183425,0.232555,0.967987
456936190.000,Miguel,recording,switch_hand,15,0.873193,7.315925,4.077776,-0.537781,0.474086,1.009080
456936200.000,Miguel,recording,switch_hand,15,0.993729,7.221023,6.451674,-0.803266,0.448834,0.980705
456936210.000,Miguel,recording,switch_hand,15,1.529074,6.815102,8.676288,-0.818066,0.085300,0.871481
456936220.000,Miguel,recording,switch_hand,15,1.430582,6.367353,9.230004,-0.615075,-0.528350,0.733566
456936230.000,Miguel,recording,switch_hand,15,2.047179,5.871233,9.177911,-0.368038,-1.177354,0.583424
456936240.000,Miguel,recording,switch_hand,15,2.696645,5.656745,8.325219,-0.192563,-1.694832,0.391968
456936250.000,Miguel,recording,switch_hand,15,3.323912,5.643140,7.508640,-0.105887,-2.051406,0.139950
456936260.000,Miguel,recording,switch_hand,15,3.538983,5.896024,7.007510,-0.076981,-2.247812,-0.153488
456936270.000,Miguel,recording,switch_hand,15,3.289441,6.385474,6.936398,-0.062346,-2.246430,-0.425810
456936280.000,Miguel,recording,switch_hand,15,2.849462,6.877529,7.252506,-0.013233,-2.025010,-0.614859
456936290.000,Miguel,recording,switch_hand,15,2.397238,7.445022,7.662710,0.110192,-1.634742,-0.694792
456936300.000,Miguel,recording,switch_hand,15,1.986908,7.953319,7.791807,0.305863,-1.185266,-0.674316
456936310.000,Miguel,recording,switch_hand,15,1.569499,8.175349,7.261535,0.518700,-0.778074,-0.584862
456936320.000,Miguel,recording,switch_hand,15,1.290713,8.084328,6.165262,0.664506,-0.457998,-0.467808
456936330.000,Miguel,recording,switch_hand,15,1.156163,7.873438,4.907218,0.679554,-0.217037,-0.361209
456936340.000,Miguel,recording,switch_hand,15,1.261126,7.856909,4.045909,0.559895,-0.023547,-0.289163
456936350.000,Miguel,recording,switch_hand,15,1.425828,7.966583,3.838221,0.359881,0.156068,-0.258909
456936360.000,Miguel,recording,switch_hand,15,1.412440,8.004232,4.251396,0.159461,0.351411,-0.258988
456936370.000,Miguel,recording,switch_hand,15,1.181867,8.009328,5.061619,0.018423,0.569368,-0.258227
456936380.000,Miguel,recording,switch_hand,15,0.788281,7.953353,5.902509,-0.042868,0.771253,-0.228666
456936390.000,Miguel,recording,switch_hand,15,0.579214,7.887605,6.524194,-0.030437,0.889517,-0.170365
456936400.000,Miguel,recording,switch_hand,15,0.466160,7.786341,6.738668,0.024571,0.873411,-0.099391
456936410.000,Miguel,recording,switch_hand,15,0.433401,7.729649,6.550260,0.071113,0.720290,-0.023259
456936420.000,Miguel,recording,switch_hand,15,0.392514,7.624372,6.149139,0.063539,0.469929,0.057308
456936430.000,Miguel,recording,switch_hand,15,0.350577,7.412314,5.719813,-0.016842,0.176442,0.133991
456936440.000,Miguel,recording,switch_hand,15,0.249893,7.209885,5.567429,-0.151537,-0.110302,0.198743
456936450.000,Miguel,recording,switch_hand,15,0.198069,7.203302,5.795152,-0.295438,-0.354541,0.254543
456936460.000,Miguel,recording,switch_hand,15,0.173620,7.307742,6.210334,-0.398548,-0.533652,0.305845
456936470.000,Miguel,recording,switch_hand,15,0.308615,7.347182,6.651103,-0.427602,-0.618384,0.348900
456936480.000,Miguel,recording,switch_hand,15,0.583681,7.340710,6.981166,-0.375514,-0.573569,0.374317
456936490.000,Miguel,recording,switch_hand,15,0.935011,7.280618,7.161255,-0.254586,-0.390402,0.374728
456936500.000,Miguel,recording,switch_hand,15,1.235950,7.191157,7.230677,-0.094814,-0.118668,0.349608
456936510.000,Miguel,recording,switch_hand,15,1.364980,7.114388,7.209642,0.072353,0.167813,0.305955
456936520.000,Miguel,recording,switch_hand,15,1.386013,7.054400,6.944470,0.221978,0.413337,0.251200
456936530.000,Miguel,recording,switch_hand,15,1.416270,7.069019,6.540349,0.328476,0.587936,0.188984
456936540.000,Miguel,recording,switch_hand,15,1.368707,7.106243,6.152348,0.374711,0.693127,0.125659
456936550.000,Miguel,recording,switch_hand,15,1.287242,7.189960,5.890380,0.361463,0.733023,0.071797
456936560.000,Miguel,recording,switch_hand,15,1.207916,7.278389,5.700351,0.304370,0.705432,0.031520
456936570.000,Miguel,recording,switch_hand,15,1.144146,7.291242,5.598847,0.219694,0.624716,-0.001405
456936580.000,Miguel,recording,switch_hand,15,1.084772,7.338942,5.627014,0.122592,0.524218,-0.031583
456936590.000,Miguel,recording,switch_hand,15,0.910579,7.379329,5.828377,0.032472,0.433431,-0.049907
456936600.000,Miguel,recording,switch_hand,15,0.756339,7.404568,6.140900,-0.029126,0.363027,-0.042785
456936610.000,Miguel,recording,switch_hand,15,0.654405,7.389997,6.418500,-0.050304,0.312895,-0.010813
456936620.000,Miguel,recording,switch_hand,15,0.631973,7.388285,6.556176,-0.037225,0.283084,0.033344
456936630.000,Miguel,recording,switch_hand,15,0.633394,7.364235,6.537663,-0.008351,0.273045,0.078866
456936640.000,Miguel,recording,switch_hand,15,0.681734,7.379738,6.428684,0.017788,0.279292,0.119516
456936650.000,Miguel,recording,switch_hand,15,0.719885,7.426948,6.298040,0.034133,0.299174,0.153681
456936660.000,Miguel,recording,switch_hand,15,0.782903,7.467029,6.264882,0.043327,0.335839,0.180608
456936670.000,Miguel,recording,switch_hand,15,0.871411,7.500939,6.310695,0.052618,0.390547,0.197626
456936680.000,Miguel,recording,switch_hand,15,0.899450,7.504212,6.392976,0.068920,0.457785,0.205754
456936690.000,Miguel,recording,switch_hand,15,0.865572,7.564133,6.478347,0.090590,0.526253,0.212362
456936700.000,Miguel,recording,switch_hand,15,0.869536,7.602395,6.504411,0.111025,0.579220,0.221236
456936710.000,Miguel,recording,switch_hand,15,0.972930,7.559022,6.439201,0.125336,0.602917,0.224601
456936720.000,Miguel,recording,switch_hand,15,1.113692,7.473140,6.377702,0.129303,0.602693,0.213030
456936730.000,Miguel,recording,switch_hand,15,1.224903,7.362319,6.377282,0.121826,0.598751,0.184888
456936740.000,Miguel,recording,switch_hand,15,1.332745,7.261535,6.441092,0.111738,0.596912,0.144761
456936750.000,Miguel,recording,switch_hand,15,1.462111,7.292316,6.551971,0.110999,0.590995,0.097710
456936760.000,Miguel,recording,switch_hand,15,1.547266,7.373078,6.678977,0.123151,0.582403,0.047590
456936770.000,Miguel,recording,switch_hand,15,1.579903,7.439049,6.761061,0.144844,0.574178,0.000941
456936780.000,Miguel,recording,switch_hand,15,1.653926,7.494017,6.750575,0.168782,0.557031,-0.038323
456936790.000,Miguel,recording,switch_hand,15,1.928136,7.563761,6.597501,0.181108,0.520310,-0.078304
456936800.000,Miguel,recording,switch_hand,15,2.526346,7.704217,6.291766,0.168760,0.471144,-0.136817
456936810.000,Miguel,recording,switch_hand,15,3.605936,7.819885,5.994299,0.134732,0.443230,-0.243934
456936820.000,Miguel,recording,switch_hand,15,5.124863,7.717294,5.795363,0.107974,0.494665,-0.442279
456936830.000,Miguel,recording,switch_hand,15,6.143901,7.083708,5.497110,0.115881,0.681916,-0.753215
456936840.000,Miguel,recording,switch_hand,15,6.633989,6.085985,5.050508,0.170251,1.057769,-1.143414
456936850.000,Miguel,recording,switch_hand,15,7.283880,5.397099,4.834905,0.296765,1.666136,-1.557720
456936860.000,Miguel,recording,switch_hand,15,7.408804,4.871188,4.418711,0.458088,2.363201,-1.962255
456936870.000,Miguel,recording,switch_hand,15,5.118220,5.089232,4.757791,0.430077,2.575692,-2.409014
456936880.000,Miguel,recording,switch_hand,15,-0.238909,6.881517,6.500547,0.086723,1.876723,-2.822355
456936890.000,Miguel,recording,switch_hand,15,-2.930411,7.205324,7.936971,-0.206151,0.905781,-2.953660
456936900.000,Miguel,recording,switch_hand,15,-6.197310,7.495639,9.474939,-0.112380,0.276983,-2.773257
456936910.000,Miguel,recording,switch_hand,15,-7.832027,7.097545,6.596346,0.159486,-0.054540,-2.426318
456936920.000,Miguel,recording,switch_hand,15,-7.973505,6.813978,3.758091,0.203727,-0.128531,-2.026042
456936930.000,Miguel,recording,switch_hand,15,-6.265696,6.891957,2.764544,0.009761,0.088743,-1.648558
456936940.000,Miguel,recording,switch_hand,15,-5.762535,7.486915,4.980964,-0.130913,0.489201,-1.324806
456936950.000,Miguel,recording,switch_hand,15,-5.530974,7.357234,5.886859,-0.178835,0.737250,-1.034339
456936960.000,Miguel,recording,switch_hand,15,-5.801682,6.933415,6.709950,-0.209397,0.744625,-0.719024
456936970.000,Miguel,recording,switch_hand,15,-6.264126,6.755373,7.015504,-0.208424,0.667496,-0.347761
456936980.000,Miguel,recording,switch_hand,15,-6.031366,6.630981,7.754665,-0.148867,0.592413,0.032425
456936990.000,Miguel,recording,switch_hand,15,-5.329042,6.766719,8.296585,-0.015234,0.502500,0.336887
456937000.000,Miguel,recording,switch_hand,15,-4.591322,6.951606,8.449340,0.175452,0.383110,0.528550
456937010.000,Miguel,recording,switch_hand,15,-4.219564,7.202695,8.015002,0.374234,0.255282,0.629825
456937020.000,Miguel,recording,switch_hand,15,-3.975405,7.312024,7.183866,0.525290,0.147476,0.678811
456937030.000,Miguel,recording,switch_hand,15,-3.912742,7.387044,6.385350,0.600467,0.089394,0.705154
456937040.000,Miguel,recording,switch_hand,15,-3.928453,7.524680,5.780664,0.607845,0.087761,0.726916
456937050.000,Miguel,recording,switch_hand,15,-3.652265,7.676359,5.313245,0.559638,0.097507,0.738610
456937060.000,Miguel,recording,switch_hand,15,-3.052860,7.759900,4.924600,0.464310,0.074874,0.714869
456937070.000,Miguel,recording,switch_hand,15,-2.557762,7.660941,4.689287,0.346245,0.027366,0.650787
456937080.000,Miguel,recording,switch_hand,15,-2.184906,7.409802,4.464852,0.227477,-0.022653,0.565575
456937090.000,Miguel,recording,switch_hand,15,-1.965840,7.154047,4.344159,0.113106,-0.083324,0.483758
456937100.000,Miguel,recording,switch_hand,15,-1.782591,7.037414,4.330597,0.003361,-0.183338,0.416075
456937110.000,Miguel,recording,switch_hand,15,-1.632653,7.091659,4.595241,-0.089300,-0.317654,0.354861
456937120.000,Miguel,recording,switch_hand,15,-1.565576,7.195891,5.119501,-0.138241,-0.437173,0.292517
456937130.000,Miguel,recording,switch_hand,15,-1.351481,7.236633,5.484399,-0.134221,-0.514195,0.226236
456937140.000,Miguel,recording,switch_hand,15,-1.040388,7.267719,5.529014,-0.102239,-0.561614,0.149801
456937150.000,Miguel,recording,switch_hand,15,-0.993213,7.348512,5.400237,-0.078248,-0.589645,0.064212
456937160.000,Miguel,recording,switch_hand,15,-1.349462,7.522378,5.191044,-0.088560,-0.587617,-0.011018
456937170.000,Miguel,recording,switch_hand,15,-1.751222,7.683218,5.021836,-0.143068,-0.552800,-0.061245
456937180.000,Miguel,recording,switch_hand,15,-1.926989,7.797079,5.180266,-0.230280,-0.501756,-0.098589
456937190.000,Miguel,recording,switch_hand,15,-1.984935,7.971937,5.512294,-0.320412,-0.450073,-0.141320
456937200.000,Miguel,recording,switch_hand,15,-2.015666,8.057225,5.876752,-0.390827,-0.407325,-0.189377
456937210.000,Miguel,recording,switch_hand,15,-2.104391,8.058980,6.095332,-0.440178,-0.377752,-0.239382
456937220.000,Miguel,recording,switch_hand,15,-2.320480,7.976097,6.144814,-0.474016,-0.356850,-0.293077
456937230.000,Miguel,recording,switch_hand,15,-3.168817,7.752242,5.919170,-0.487592,-0.351873,-0.335522
456937240.000,Miguel,recording,switch_hand,15,-4.818585,7.726892,5.557234,-0.467958,-0.438204,-0.324941
456937250.000,Miguel,recording,switch_hand,15,-6.423364,8.022379,5.310459,-0.400137,-0.755441,-0.215369
456937260.000,Miguel,recording,switch_hand,15,-7.758399,7.788600,4.855041,-0.315497,-1.410372,0.012309
456937270.000,Miguel,recording,switch_hand,15,-8.237476,6.921204,3.439502,-0.396147,-2.286963,0.481230
456937280.000,Miguel,recording,switch_hand,15,-6.967271,6.544474,2.350020,-0.881055,-2.951340,1.387034
456937290.000,Miguel,recording,switch_hand,15,-2.060665,6.233717,3.960291,-1.630069,-3.123274,2.319126
456937300.000,Miguel,recording,switch_hand,15,3.106717,6.092608,4.879710,-2.178685,-2.914954,2.594559
456937310.000,Miguel,recording,switch_hand,15,4.054127,7.508192,5.472335,-2.310000,-2.489278,2.291812
456937320.000,Miguel,recording,switch_hand,15,3.612952,7.724842,5.374290,-2.203889,-1.865407,1.887906
456937330.000,Miguel,recording,switch_hand,15,3.380886,7.220158,6.682527,-2.078461,-1.026510,1.621706
456937340.000,Miguel,recording,switch_hand,15,4.041929,6.302749,8.957377,-1.892125,-0.357091,1.477275
456937350.000,Miguel,recording,switch_hand,15,4.454566,5.947701,10.153575,-1.512059,-0.243724,1.341147
456937360.000,Miguel,recording,switch_hand,15,3.297498,5.151665,10.847973,-1.018657,-0.384719,1.204771
456937370.000,Miguel,recording,switch_hand,15,2.452229,5.025495,10.549572,-0.572013,-0.405814,1.131442
456937380.000,Miguel,recording,switch_hand,15,1.894719,4.877214,9.818697,-0.227694,-0.352787,1.099019
456937390.000,Miguel,recording,switch_hand,15,1.987034,4.934750,9.199545,-0.009680,-0.336653,1.049537
456937400.000,Miguel,recording,switch_hand,15,2.124474,5.058879,8.915941,0.102969,-0.368643,0.971331
456937410.000,Miguel,recording,switch_hand,15,2.242880,5.196438,8.827023,0.167805,-0.407329,0.885685
456937420.000,Miguel,recording,switch_hand,15,2.596599,5.494461,8.808499,0.229053,-0.384947,0.805985
456937430.000,Miguel,recording,switch_hand,15,3.050451,5.959974,8.806060,0.305003,-0.272720,0.722964
456937440.000,Miguel,recording,switch_hand,15,3.382859,6.204147,8.713071,0.400875,-0.099118,0.621360
456937450.000,Miguel,recording,switch_hand,15,3.471825,6.217192,8.453105,0.506241,0.088547,0.500072
456937460.000,Miguel,recording,switch_hand,15,3.391486,6.108665,8.004792,0.597779,0.257464,0.365526
456937470.000,Miguel,recording,switch_hand,15,3.197219,6.014409,7.491332,0.655909,0.398274,0.225700
456937480.000,Miguel,recording,switch_hand,15,3.010602,6.043470,7.042990,0.672699,0.506656,0.091266
456937490.000,Miguel,recording,switch_hand,15,2.968935,6.182125,6.714276,0.648555,0.571445,-0.033181
456937500.000,Miguel,recording,switch_hand,15,3.049815,6.327637,6.451807,0.587801,0.592439,-0.153644
456937510.000,Miguel,recording,switch_hand,15,2.971610,6.369148,6.414911,0.502284,0.584095,-0.274286
456937520.000,Miguel,recording,switch_hand,15,2.617827,6.220795,6.604810,0.415348,0.556599,-0.387560
456937530.000,Miguel,recording,switch_hand,15,2.073909,6.036605,6.927247,0.349550,0.512795,-0.479243
456937540.000,Miguel,recording,switch_hand,15,1.559124,6.035773,7.262326,0.313604,0.452543,-0.540577
456937550.000,Miguel,recording,switch_hand,15,1.028928,6.160432,7.567148,0.307400,0.368500,-0.565507
456937560.000,Miguel,recording,switch_hand,15,0.614984,6.280177,7.742510,0.327294,0.263271,-0.549825
456937570.000,Miguel,recording,switch_hand,15,0.341579,6.403506,7.718263,0.363245,0.168864,-0.499735
456937580.000,Miguel,recording,switch_hand,15,0.304992,6.620873,7.610278,0.406555,0.119027,-0.424704
456937590.000,Miguel,recording,switch_hand,15,0.476886,6.878837,7.542767,0.455401,0.124217,-0.331626
456937600.000,Miguel,recording,switch_hand,15,0.714386,7.057279,7.433680,0.508468,0.177644,-0.230521
456937610.000,Miguel,recording,switch_hand,15,1.017487,7.125100,7.239535,0.557324,0.258985,-0.135031
456937620.000,Miguel,recording,switch_hand,15,1.421534,7.111691,6.997754,0.587229,0.338431,-0.065099
456937630.000,Miguel,recording,switch_hand,15,1.972478,7.182751,6.794399,0.591653,0.397158,-0.032686
456937640.000,Miguel,recording,switch_hand,15,2.870771,7.484019,6.598772,0.574839,0.427713,-0.042360
456937650.000,Miguel,recording,switch_hand,15,4.093052,7.912136,6.261686,0.547021,0.445752,-0.109283
456937660.000,Miguel,recording,switch_hand,15,5.494697,8.237327,5.778436,0.524951,0.529744,-0.239508
456937670.000,Miguel,recording,switch_hand,15,6.599208,7.831732,5.285393,0.532058,0.821954,-0.400085
456937680.000,Miguel,recording,switch_hand,15,7.071062,6.431553,4.886932,0.602214,1.477751,-0.563688
456937690.000,Miguel,recording,switch_hand,15,6.850406,5.268056,4.247314,0.719730,2.533393,-0.747644
456937700.000,Miguel,recording,switch_hand,15,6.460738,4.275190,3.343402,0.832048,3.736288,-0.988516
456937710.000,Miguel,recording,switch_hand,15,4.803522,4.040351,3.521592,0.818336,4.369964,-1.435371
456937720.000,Miguel,recording,switch_hand,15,-0.109179,5.427677,4.132039,0.360292,3.654868,-2.287820
456937730.000,Miguel,recording,switch_hand,15,-3.038519,5.458714,2.311403,-0.372726,2.459269,-3.044992
456937740.000,Miguel,recording,switch_hand,15,-3.793053,2.834039,2.963294,-0.875988,1.830393,-3.234464
456937750.000,Miguel,recording,switch_hand,15,-6.044421,4.312532,3.145011,-1.129863,1.420508,-3.095694
456937760.000,Miguel,recording,switch_hand,15,-7.660526,5.898970,3.269261,-1.319672,0.940405,-2.804769
456937770.000,Miguel,recording,switch_hand,15,-8.381583,7.334968,2.969511,-1.519048,0.434663,-2.402600
456937780.000,Miguel,recording,switch_hand,15,-9.055921,8.569288,4.470497,-1.643486,0.015341,-1.871283
456937790.000,Miguel,recording,switch_hand,15,-9.021188,9.411829,5.767836,-1.607704,-0.384243,-1.249374
456937800.000,Miguel,recording,switch_hand,15,-7.550114,8.442409,7.447723,-1.455447,-0.825354,-0.703461
456937810.000,Miguel,recording,switch_hand,15,-5.587628,6.562720,8.802306,-1.244669,-1.184191,-0.342226
456937820.000,Miguel,recording,switch_hand,15,-3.963707,5.526334,9.749999,-0.975606,-1.349999,-0.129286
456937830.000,Miguel,recording,switch_hand,15,-2.931121,5.254761,10.008794,-0.683081,-1.370312,-0.005445
456937840.000,Miguel,recording,switch_hand,15,-2.584478,5.114663,10.619524,-0.416294,-1.304929,0.065122
456937850.000,Miguel,recording,switch_hand,15,-2.215035,5.281614,10.682405,-0.172380,-1.157059,0.112262
456937860.000,Miguel,recording,switch_hand,15,-2.026026,5.532821,10.676077,0.042345,-0.941480,0.125981
456937870.000,Miguel,recording,switch_hand,15,-1.972056,5.812161,10.283369,0.209680,-0.674490,0.088823
456937880.000,Miguel,recording,switch_hand,15,-2.037952,6.014942,9.725261,0.325848,-0.395237,0.020507
456937890.000,Miguel,recording,switch_hand,15,-2.294135,6.180869,9.102662,0.384472,-0.152701,-0.051467
456937900.000,Miguel,recording,switch_hand,15,-2.606814,6.320818,8.494345,0.391897,0.026043,-0.104862
456937910.000,Miguel,recording,switch_hand,15,-2.859667,6.326543,8.013435,0.367691,0.128632,-0.126957
456937920.000,Miguel,recording,switch_hand,15,-3.020021,6.198124,7.658440,0.333112,0.144642,-0.110265
456937930.000,Miguel,recording,switch_hand,15,-3.094613,5.980575,7.424825,0.307881,0.068491,-0.058252
456937940.000,Miguel,recording,switch_hand,15,-3.125780,5.841634,7.357941,0.310191,-0.097795,0.020025
456937950.000,Miguel,recording,switch_hand,15,-3.059630,5.792534,7.462162,0.351926,-0.346944,0.116573
456937960.000,Miguel,recording,switch_hand,15,-2.899738,5.793694,7.663860,0.437262,-0.645033,0.213408
456937970.000,Miguel,recording,switch_hand,15,-2.666161,5.813135,7.845400,0.557919,-0.930268,0.288441
456937980.000,Miguel,recording,switch_hand,15,-2.432848,5.827767,7.951095,0.702829,-1.152443,0.345334
456937990.000,Miguel,recording,switch_hand,15,-2.199042,5.962327,8.012969,0.853803,-1.300436,0.400934
456938000.000,Miguel,recording,switch_hand,15,-1.830979,6.167300,7.732816,0.966796,-1.362215,0.436885
456938010.000,Miguel,recording,switch_hand,15,-1.469311,6.344603,7.259317,1.006310,-1.308632,0.431783
456938020.000,Miguel,recording,switch_hand,15,-1.220348,6.501634,6.888655,0.968288,-1.146355,0.394684
456938030.000,Miguel,recording,switch_hand,15,-1.015892,6.598022,6.560837,0.860832,-0.914218,0.339863
456938040.000,Miguel,recording,switch_hand,15,-0.866302,6.601954,6.333591,0.702088,-0.647935,0.277567
456938050.000,Miguel,recording,switch_hand,15,-0.763800,6.590809,6.272526,0.519181,-0.378489,0.214057
456938060.000,Miguel,recording,switch_hand,15,-0.729723,6.643370,6.340475,0.342395,-0.136938,0.150905
456938070.000,Miguel,recording,switch_hand,15,-0.734763,6.748029,6.499609,0.195800,0.049658,0.085109
456938080.000,Miguel,recording,switch_hand,15,-0.842227,6.809399,6.694037,0.094209,0.163837,0.021237
456938090.000,Miguel,recording,switch_hand,15,-1.024746,6.753839,6.867282,0.042401,0.206512,-0.030653
456938100.000,Miguel,recording,switch_hand,15,-1.287826,6.655702,6.991960,0.029413,0.200809,-0.066125
456938110.000,Miguel,recording,switch_hand,15,-1.703046,6.606793,7.124488,0.042563,0.171637,-0.078702
456938120.000,Miguel,recording,switch_hand,15,-2.171447,6.610717,7.234530,0.078192,0.120611,-0.057310
456938130.000,Miguel,recording,switch_hand,15,-2.564341,6.918000,7.286465,0.136639,0.029263,0.003981
456938140.000,Miguel,recording,switch_hand,15,-3.651484,7.314113,7.080185,0.210240,-0.136549,0.090273
456938150.000,Miguel,recording,switch_hand,15,-5.251010,7.558154,6.798547,0.309758,-0.452366,0.177933
456938160.000,Miguel,recording,switch_hand,15,-7.057277,7.745077,6.324586,0.466596,-1.031590,0.258928
456938170.000,Miguel,recording,switch_hand,15,-8.547137,7.889177,5.192818,0.664038,-1.912119,0.339539
456938180.000,Miguel,recording,switch_hand,15,-8.827434,7.174126,3.777075,0.805577,-2.843447,0.567674
456938190.000,Miguel,recording,switch_hand,15,-7.672090,5.022129,2.377198,0.638546,-3.155512,1.378192
456938200.000,Miguel,recording,switch_hand,15,-3.620129,2.999163,1.249954,-0.095751,-2.381989,2.684339
456938210.000,Miguel,recording,switch_hand,15,3.077583,1.697733,1.857093,-1.173571,-1.198009,3.454458
456938220.000,Miguel,recording,switch_hand,15,4.971075,2.334131,1.532123,-2.022151,-0.567437,3.407236
456938230.000,Miguel,recording,switch_hand,15,4.259364,2.860188,3.460045,-2.440333,-0.539745,3.110509
456938240.000,Miguel,recording,switch_hand,15,5.830360,5.274568,4.076764,-2.643558,-0.565511,2.758990
456938250.000,Miguel,recording,switch_hand,15,8.822085,8.166400,6.160814,-2.751067,-0.308516,2.286211
456938260.000,Miguel,recording,switch_hand,15,10.941372,10.445146,8.722238,-2.641281,-0.019002,1.639935
456938270.000,Miguel,recording,switch_hand,15,10.290475,9.989661,11.054707,-2.217212,0.031996,0.988229
456938280.000,Miguel,recording,switch_hand,15,5.541176,6.886526,10.724139,-1.671735,-0.011743,0.572983
456938290.000,Miguel,recording,switch_hand,15,2.121753,4.411545,9.838661,-1.278129,0.002156,0.402728
456938300.000,Miguel,recording,switch_hand,15,0.509113,3.802360,9.272674,-1.094049,0.036545,0.342998
456938310.000,Miguel,recording,switch_hand,15,-0.279632,3.820890,9.548961,-1.019709,0.087454,0.311768
456938320.000,Miguel,recording,switch_hand,15,-0.331481,4.262489,10.882072,-0.870311,0.147276,0.283274
456938330.000,Miguel,recording,switch_hand,15,-0.069070,5.087267,12.605452,-0.508438,0.212255,0.280779
456938340.000,Miguel,recording,switch_hand,15,0.305946,5.791073,13.348358,0.023705,0.347069,0.343493
456938350.000,Miguel,recording,switch_hand,15,0.719825,6.250562,12.558834,0.568185,0.550376,0.464035
456938360.000,Miguel,recording,switch_hand,15,1.160741,6.317430,10.930444,0.978431,0.720105,0.585335
456938370.000,Miguel,recording,switch_hand,15,1.433543,6.141587,9.127498,1.171034,0.765411,0.655822
456938380.000,Miguel,recording,switch_hand,15,1.587770,5.957986,7.627081,1.130784,0.648412,0.667664
456938390.000,Miguel,recording,switch_hand,15,1.719248,5.919626,6.701511,0.907134,0.371034,0.642017
456938400.000,Miguel,recording,switch_hand,15,1.968817,5.978633,6.497917,0.592266,-0.005521,0.593732
456938410.000,Miguel,recording,switch_hand,15,2.239398,5.931901,6.785723,0.285411,-0.369857,0.528104
456938420.000,Miguel,recording,switch_hand,15,2.473195,5.752281,7.255219,0.063190,-0.627024,0.451729
456938430.000,Miguel,recording,switch_hand,15,2.716640,5.557733,7.544064,-0.041702,-0.730706,0.367916
456938440.000,Miguel,recording,switch_hand,15,2.965748,5.418785,7.513691,-0.050440,-0.659417,0.274153
456938450.000,Miguel,recording,switch_hand,15,3.048214,5.392902,7.337428,-0.009115,-0.423929,0.173893
456938460.000,Miguel,recording,switch_hand,15,2.978809,5.412312,7.313369,0.053878,-0.083787,0.081725
456938470.000,Miguel,recording,switch_hand,15,2.791395,5.396290,7.486061,0.136103,0.293219,0.012838
456938480.000,Miguel,recording,switch_hand,15,2.558213,5.310795,7.780860,0.244114,0.664421,-0.026495
456938490.000,Miguel,recording,switch_hand,15,2.387506,5.257702,8.052672,0.375042,0.997046,-0.037433
456938500.000,Miguel,recording,switch_hand,15,2.235554,5.271723,8.096899,0.503619,1.239138,-0.024105
456938510.000,Miguel,recording,switch_hand,15,2.106748,5.292763,7.909238,0.582820,1.321349,0.004009
456938520.000,Miguel,recording,switch_hand,15,2.003960,5.190161,7.597960,0.579716,1.208203,0.032621
456938530.000,Miguel,recording,switch_hand,15,1.987370,4.996195,7.261078,0.492102,0.934741,0.046406
456938540.000,Miguel,recording,switch_hand,16,2.068838,4.832440,6.932826,0.338325,0.579272,0.036350
456938550.000,Miguel,recording,switch_hand,16,2.252407,4.803726,6.793888,0.154362,0.215775,0.001574
456938560.000,Miguel,recording,switch_hand,16,2.458242,4.934155,6.863618,-0.018026,-0.100392,-0.052064
456938570.000,Miguel,recording,switch_hand,16,2.599034,5.116868,7.067394,-0.146194,-0.320041,-0.114504
456938580.000,Miguel,recording,switch_hand,16,2.640667,5.308036,7.355008,-0.213757,-0.398531,-0.177266
456938590.000,Miguel,recording,switch_hand,16,2.603086,5.420565,7.721081,-0.212412,-0.329030,-0.235075
456938600.000,Miguel,recording,switch_hand,16,2.501644,5.465354,8.106121,-0.140112,-0.147770,-0.284341
456938610.000,Miguel,recording,switch_hand,16,2.342750,5.521071,8.368668,-0.011244,0.102726,-0.326406
456938620.000,Miguel,recording,switch_hand,16,2.159113,5.592875,8.492359,0.145553,0.377059,-0.365451
456938630.000,Miguel,recording,switch_hand,16,1.982764,5.755023,8.527251,0.300171,0.612020,-0.399086
456938640.000,Miguel,recording,switch_hand,16,1.812388,5.863113,8.436535,0.422213,0.744221,-0.425474
456938650.000,Miguel,recording,switch_hand,16,1.747414,5.898338,8.201983,0.482331,0.733129,-0.452648
456938660.000,Miguel,recording,switch_hand,16,1.731861,5.947834,8.082390,0.476638,0.585151,-0.493145
456938670.000,Miguel,recording,switch_hand,16,1.572309,5.933082,8.061971,0.431572,0.367094,-0.547382
456938680.000,Miguel,recording,switch_hand,16,1.203539,5.902487,8.270415,0.385588,0.154178,-0.600567
456938690.000,Miguel,recording,switch_hand,16,0.787190,5.905363,8.540901,0.377736,-0.012677,-0.634809
456938700.000,Miguel,recording,switch_hand,16,0.483555,5.983703,8.678669,0.428266,-0.103824,-0.640624
456938710.000,Miguel,recording,switch_hand,16,0.301714,6.137924,8.569567,0.526732,-0.104039,-0.618020
456938720.000,Miguel,recording,switch_hand,16,0.240571,6.437378,8.293463,0.648004,-0.026692,-0.570915
456938730.000,Miguel,recording,switch_hand,16,0.214540,6.697815,7.853455,0.767801,0.105477,-0.506148
456938740.000,Miguel,recording,switch_hand,16,0.208325,6.851128,7.346833,0.862462,0.268684,-0.430062
456938750.000,Miguel,recording,switch_hand,16,0.209345,6.976131,6.809754,0.911423,0.434931,-0.349653
456938760.000,Miguel,recording,switch_hand,16,0.221493,7.118815,6.267138,0.899138,0.573757,-0.270065
456938770.000,Miguel,recording,switch_hand,16,0.289510,7.209989,5.855328,0.815509,0.658950,-0.193546
456938780.000,Miguel,recording,switch_hand,16,0.416270,7.216849,5.620480,0.655807,0.670559,-0.125817
456938790.000,Miguel,recording,switch_hand,16,0.595736,7.204638,5.558631,0.439320,0.607913,-0.078165
456938800.000,Miguel,recording,switch_hand,16,0.819911,7.178807,5.764006,0.202065,0.500718,-0.058640
456938810.000,Miguel,recording,switch_hand,16,0.928985,7.017050,6.267869,-0.018641,0.389761,-0.061858
456938820.000,Miguel,recording,switch_hand,16,1.017777,6.823155,6.850935,-0.188344,0.299035,-0.078872
456938830.000,Miguel,recording,switch_hand,16,1.504992,6.750754,7.236429,-0.292381,0.239026,-0.114227
456938840.000,Miguel,recording,switch_hand,16,3.110576,6.946493,7.071887,-0.340452,0.252444,-0.201179
456938850.000,Miguel,recording,switch_hand,16,5.899198,7.073119,6.395157,-0.354196,0.452542,-0.383826
456938860.000,Miguel,recording,switch_hand,16,9.091212,6.533874,5.557708,-0.329637,0.968011,-0.656491
456938870.000,Miguel,recording,switch_hand,16,11.079423,5.673367,4.469187,-0.258469,1.778306,-0.943863
456938880.000,Miguel,recording,switch_hand,16,10.738914,4.637129,2.639464,-0.160528,2.764629,-1.174518
456938890.000,Miguel,recording,switch_hand,16,8.869677,2.980124,2.220034,-0.028627,3.669608,-1.436947
456938900.000,Miguel,recording,switch_hand,16,5.829297,2.162865,1.198793,-0.162119,3.915849,-2.128882
456938910.000,Miguel,recording,switch_hand,16,-0.275976,2.353993,0.503654,-1.140621,3.023987,-3.602979
456938920.000,Miguel,recording,switch_hand,16,-7.504259,1.484218,4.400718,-2.283347,2.101388,-4.716037
456938930.000,Miguel,recording,switch_hand,16,-7.440683,1.668195,4.905577,-2.722872,2.009834,-4.703581
456938940.000,Miguel,recording,switch_hand,16,-8.662160,4.559991,4.740072,-2.715388,1.868704,-4.275954
456938950.000,Miguel,recording,switch_hand,16,-9.349840,6.511191,6.257497,-2.477110,1.079377,-3.741502
456938960.000,Miguel,recording,switch_hand,16,-9.082328,6.663169,9.141318,-2.023142,-0.111657,-3.187975
456938970.000,Miguel,recording,switch_hand,16,-9.116407,6.767968,9.993968,-1.438865,-1.196691,-2.724026
456938980.000,Miguel,recording,switch_hand,16,-9.292272,4.967108,11.763301,-1.017594,-1.742779,-2.439577
456938990.000,Miguel,recording,switch_hand,16,-8.450709,2.545549,11.160560,-0.775266,-1.673492,-2.287392
456939000.000,Miguel,recording,switch_hand,16,-6.484968,2.873265,9.884376,-0.502266,-1.473367,-2.129631
456939010.000,Miguel,recording,switch_hand,16,-5.646094,1.792124,10.353084,-0.292493,-1.553217,-1.880506
456939020.000,Miguel,recording,switch_hand,16,-4.860331,1.579531,10.592037,-0.239099,-1.796235,-1.566272
456939030.000,Miguel,recording,switch_hand,16,-4.780465,1.911748,11.250053,-0.231688,-1.858805,-1.282767
456939040.000,Miguel,recording,switch_hand,16,-4.670087,2.222596,11.741204,-0.197057,-1.641888,-1.060614
456939050.000,Miguel,recording,switch_hand,16,-4.694135,2.535682,11.866671,-0.140033,-1.236013,-0.864905
456939060.000,Miguel,recording,switch_hand,16,-4.930403,2.982066,11.785724,-0.061984,-0.736809,-0.667476
456939070.000,Miguel,recording,switch_hand,16,-5.038346,3.476098,11.304696,0.030482,-0.204444,-0.463969
456939080.000,Miguel,recording,switch_hand,16,-5.144962,3.705692,10.639210,0.115928,0.260091,-0.262547
456939090.000,Miguel,recording,switch_hand,16,-5.015858,3.804734,9.935175,0.181444,0.556877,-0.072883
456939100.000,Miguel,recording,switch_hand,16,-4.855986,3.894248,9.375245,0.232594,0.663959,0.088738
456939110.000,Miguel,recording,switch_hand,16,-4.681255,3.917002,8.907134,0.282117,0.602498,0.210712
456939120.000,Miguel,recording,switch_hand,16,-4.570965,3.854358,8.556372,0.342629,0.405233,0.304289
456939130.000,Miguel,recording,switch_hand,16,-4.546605,3.803147,8.383690,0.422387,0.094835,0.394074
456939140.000,Miguel,recording,switch_hand,16,-4.492075,3.700136,8.377150,0.525077,-0.295173,0.498510
456939150.000,Miguel,recording,switch_hand,16,-4.354105,3.581176,8.465612,0.645550,-0.691181,0.613876
456939160.000,Miguel,recording,switch_hand,16,-4.180147,3.461518,8.531924,0.770682,-1.014954,0.729797
456939170.000,Miguel,recording,switch_hand,16,-3.952973,3.431573,8.510547,0.884647,-1.228189,0.845396
456939180.000,Miguel,recording,switch_hand,16,-3.738424,3.448438,8.453941,0.973844,-1.328928,0.960129
456939190.000,Miguel,recording,switch_hand,16,-3.398110,3.518326,8.392044,1.031442,-1.337405,1.069959
456939200.000,Miguel,recording,switch_hand,16,-2.842807,3.661492,8.451903,1.057947,-1.276555,1.157681
456939210.000,Miguel,recording,switch_hand,16,-2.168081,3.849584,8.567251,1.059958,-1.156157,1.189818
456939220.000,Miguel,recording,switch_hand,16,-1.547215,4.056108,8.624007,1.049135,-0.983010,1.150476
456939230.000,Miguel,recording,switch_hand,16,-1.044782,4.236411,8.605352,1.042353,-0.789592,1.060839
456939240.000,Miguel,recording,switch_hand,16,-0.900919,4.443392,8.493127,1.043258,-0.613746,0.944654
456939250.000,Miguel,recording,switch_hand,16,-0.981684,4.605506,8.183289,1.034817,-0.469691,0.816374
456939260.000,Miguel,recording,switch_hand,16,-1.307142,4.735958,7.814220,0.998851,-0.358024,0.697011
456939270.000,Miguel,recording,switch_hand,16,-1.866248,4.880006,7.501001,0.928726,-0.273359,0.609629
456939280.000,Miguel,recording,switch_hand,16,-2.435680,4.944404,7.405491,0.837393,-0.222512,0.573794
456939290.000,Miguel,recording,switch_hand,16,-2.806632,4.965361,7.642788,0.750440,-0.208433,0.587427
456939300.000,Miguel,recording,switch_hand,16,-3.053439,4.972636,8.104583,0.700037,-0.202386,0.636118
456939310.000,Miguel,recording,switch_hand,16,-2.888357,4.886174,8.503392,0.726274,-0.206387,0.728465
456939320.000,Miguel,recording,switch_hand,16,-2.590161,4.877099,8.601218,0.839032,-0.258253,0.857352
456939330.000,Miguel,recording,switch_hand,16,-2.203616,5.001143,8.348210,1.005315,-0.375136,0.976041
456939340.000,Miguel,recording,switch_hand,16,-1.942029,5.217341,7.798633,1.152048,-0.535538,1.057716
456939350.000,Miguel,recording,switch_hand,16,-1.971798,5.513563,6.797495,1.173285,-0.641612,1.124090
456939360.000,Miguel,recording,switch_hand,16,-1.893357,5.893202,6.110959,1.085223,-0.618206,1.192746
456939370.000,Miguel,recording,switch_hand,16,-1.225067,6.119269,6.889933,0.947763,-0.522590,1.241347
456939380.000,Miguel,recording,switch_hand,16,-0.987609,6.268869,5.975910,0.788591,-0.451594,1.240726
456939390.000,Miguel,recording,switch_hand,16,-0.682164,6.557808,6.395678,0.641334,-0.465317,1.184946
456939400.000,Miguel,recording,switch_hand,16,-0.813536,6.686655,5.785036,0.524035,-0.546615,1.125150
456939410.000,Miguel,recording,switch_hand,16,-1.244815,6.230604,5.823739,0.473943,-0.671317,1.139180
456939420.000,Miguel,recording,switch_hand,16,-1.272598,5.523473,5.406951,0.468853,-0.941804,1.231543
456939430.000,Miguel,recording,switch_hand,16,-0.426845,5.717037,5.670223,0.453787,-1.327421,1.353461
456939440.000,Miguel,recording,switch_hand,16,2.400199,6.966666,6.612445,0.372417,-1.382553,1.437299
456939450.000,Miguel,recording,switch_hand,16,5.882608,8.448609,7.207939,0.145653,-0.957497,1.385377
456939460.000,Miguel,recording,switch_hand,16,4.492417,8.941267,6.315251,-0.132640,-0.505523,1.184257
456939470.000,Miguel,recording,switch_hand,16,3.047038,8.077073,7.398310,-0.240410,-0.324068,0.985629
456939480.000,Miguel,recording,switch_hand,16,1.246349,6.978350,7.708263,-0.165766,-0.366877,0.916290
456939490.000,Miguel,recording,switch_hand,16,0.505743,6.271631,7.725130,-0.046143,-0.494512,0.946018
456939500.000,Miguel,recording,switch_hand,16,0.261033,6.020908,7.515423,0.041375,-0.625202,1.001897
456939510.000,Miguel,recording,switch_hand,16,0.677952,6.250478,7.189339,0.085341,-0.728356,1.043023
456939520.000,Miguel,recording,switch_hand,16,1.063105,6.620426,7.392931,0.102212,-0.775235,1.052639
456939530.000,Miguel,recording,switch_hand,16,1.188508,7.261452,7.278999,0.115418,-0.749421,1.017043
456939540.000,Miguel,recording,switch_hand,16,1.743782,7.200628,7.211738,0.135085,-0.712146,0.919418
456939550.000,Miguel,recording,switch_hand,16,1.912229,6.912660,7.346910,0.161448,-0.707790,0.781287
456939560.000,Miguel,recording,switch_hand,16,1.848640,6.657430,7.290104,0.186996,-0.659636,0.668458
456939570.000,Miguel,recording,switch_hand,16,1.807894,6.796643,7.261665,0.209939,-0.505978,0.604740
456939580.000,Miguel,recording,switch_hand,16,2.164376,7.127002,7.492488,0.245151,-0.262391,0.548719
456939590.000,Miguel,recording,switch_hand,16,2.465588,7.374652,7.704333,0.299867,0.017409,0.459567
456939600.000,Miguel,recording,switch_hand,16,2.434263,7.394367,7.830480,0.365344,0.284910,0.335881
456939610.000,Miguel,recording,switch_hand,16,2.054540,7.268061,8.026341,0.436070,0.512201,0.204539
456939620.000,Miguel,recording,switch_hand,16,1.608561,7.083825,8.271194,0.522215,0.694918,0.093509
456939630.000,Miguel,recording,switch_hand,16,1.269826,6.910394,8.366046,0.632999,0.843705,0.022316
456939640.000,Miguel,recording,switch_hand,16,1.143267,6.836067,8.174152,0.755770,0.966571,-0.004414
456939650.000,Miguel,recording,switch_hand,16,1.254056,6.851763,7.728065,0.855464,1.063985,-0.003769
456939660.000,Miguel,recording,switch_hand,16,1.398570,6.876317,7.320607,0.906055,1.134426,0.003643
456939670.000,Miguel,recording,switch_hand,16,1.454338,6.850359,7.002180,0.908091,1.167880,0.014401
456939680.000,Miguel,recording,switch_hand,16,1.438742,6.839416,6.820469,0.873221,1.155817,0.032816
456939690.000,Miguel,recording,switch_hand,16,1.357460,6.846265,6.769793,0.818703,1.107346,0.058468
456939700.000,Miguel,recording,switch_hand,16,1.206117,6.774934,6.806974,0.764824,1.041209,0.088774
456939710.000,Miguel,recording,switch_hand,16,1.128798,6.680915,6.838458,0.725693,0.977779,0.125390
456939720.000,Miguel,recording,switch_hand,16,1.255132,6.655586,6.817754,0.705358,0.941600,0.164953
456939730.000,Miguel,recording,switch_hand,16,1.557304,6.634530,6.780574,0.703775,0.953968,0.199851
456939740.000,Miguel,recording,switch_hand,16,1.887889,6.617513,6.773217,0.718769,1.009255,0.226351
456939750.000,Miguel,recording,switch_hand,16,2.175242,6.660494,6.897999,0.761732,1.090571,0.222082
456939760.000,Miguel,recording,switch_hand,16,2.306072,6.743594,6.964738,0.833040,1.175356,0.187888
456939770.000,Miguel,recording,switch_hand,16,2.266301,6.869774,6.723079,0.902074,1.227231,0.160220
456939780.000,Miguel,recording,switch_hand,16,2.213424,6.885774,6.358295,0.932693,1.231126,0.148455
456939790.000,Miguel,recording,switch_hand,16,2.276328,6.838091,6.119213,0.915655,1.205008,0.127170
456939800.000,Miguel,recording,switch_hand,16,2.519048,6.700621,6.060210,0.865432,1.165386,0.086036
456939810.000,Miguel,recording,switch_hand,16,2.879035,6.708431,6.147279,0.805627,1.121705,0.020213
456939820.000,Miguel,recording,switch_hand,16,3.243338,6.900406,6.460475,0.767813,1.086151,-0.085875
456939830.000,Miguel,recording,switch_hand,16,3.444790,6.982268,6.724838,0.759891,1.045047,-0.209309
456939840.000,Miguel,recording,switch_hand,16,3.432312,7.054177,6.807170,0.763419,0.947971,-0.311115
456939850.000,Miguel,recording,switch_hand,16,3.309800,7.004315,6.697634,0.753311,0.761457,-0.390485
456939860.000,Miguel,recording,switch_hand,16,3.214972,6.708108,6.440269,0.710743,0.504971,-0.472448
456939870.000,Miguel,recording,switch_hand,16,3.120218,6.424332,6.140683,0.632833,0.220460,-0.565800
456939880.000,Miguel,recording,switch_hand,16,3.143164,6.301805,5.875718,0.529718,-0.048219,-0.662570
456939890.000,Miguel,recording,switch_hand,16,3.313535,6.305572,5.643505,0.409867,-0.268283,-0.759142
456939900.000,Miguel,recording,switch_hand,16,3.574838,6.319946,5.504350,0.295977,-0.419125,-0.878082
456939910.000,Miguel,recording,switch_hand,16,3.765712,6.180218,5.369536,0.212636,-0.471581,-1.034723
456939920.000,Miguel,recording,switch_hand,16,3.912889,6.072346,4.963190,0.158431,-0.404824,-1.209697
456939930.000,Miguel,recording,switch_hand,16,4.037306,6.097853,4.401481,0.120812,-0.222260,-1.397269
456939940.000,Miguel,recording,switch_hand,16,4.148688,6.071475,3.785187,0.083217,0.057623,-1.594009
456939950.000,Miguel,recording,switch_hand,16,4.323976,5.686546,3.176419,0.032028,0.415627,-1.778106
456939960.000,Miguel,recording,switch_hand,16,4.477946,4.878730,2.653011,-0.007245,0.882378,-1.988631
456939970.000,Miguel,recording,switch_hand,16,4.392288,3.844716,2.155615,-0.017024,1.522757,-2.295987
456939980.000,Miguel,recording,switch_hand,16,3.806421,3.531305,1.241175,-0.169129,2.204731,-2.841622
456939990.000,Miguel,recording,switch_hand,16,-0.650826,7.158307,0.431069,-0.779207,2.408789,-3.707014
456940000.000,Miguel,recording,switch_hand,16,-12.316452,14.098842,4.001054,-1.444733,2.038070,-4.011517
456940010.000,Miguel,recording,switch_hand,16,-17.628919,14.185770,9.695698,-1.367667,1.589573,-3.235808
456940020.000,Miguel,recording,switch_hand,16,-10.486581,8.995157,6.339725,-0.721429,1.321638,-2.420661
456940030.000,Miguel,recording,switch_hand,16,-8.861222,6.507453,5.182644,-0.157441,1.176707,-2.079978
456940040.000,Miguel,recording,switch_hand,16,-7.645916,7.044470,2.848869,0.037772,0.878269,-1.853174
456940050.000,Miguel,recording,switch_hand,16,-7.214269,7.256391,1.690583,-0.101312,0.362749,-1.570093
456940060.000,Miguel,recording,switch_hand,16,-6.678452,7.157560,1.134075,-0.363305,-0.199606,-1.233191
456940070.000,Miguel,recording,switch_hand,16,-6.608190,6.879064,1.200991,-0.726098,-0.788716,-0.884167
456940080.000,Miguel,recording,switch_hand,16,-6.347013,6.681881,1.996103,-1.209703,-1.379346,-0.531628
456940090.000,Miguel,recording,switch_hand,16,-5.553114,6.369066,4.037261,-1.664771,-1.869618,-0.185077
456940100.000,Miguel,recording,switch_hand,16,-4.383551,5.643099,5.856380,-1.979971,-2.233697,0.106231
456940110.000,Miguel,recording,switch_hand,16,-3.293279,4.693953,7.967817,-2.102977,-2.498969,0.308250
456940120.000,Miguel,recording,switch_hand,16,-2.101155,4.054583,9.347970,-2.067820,-2.649817,0.416071
456940130.000,Miguel,recording,switch_hand,16,-1.422621,3.849494,9.651021,-1.958694,-2.686155,0.461578
456940140.000,Miguel,recording,switch_hand,16,-1.318844,4.077350,9.454048,-1.845084,-2.576061,0.496483
456940150.000,Miguel,recording,switch_hand,16,-1.522793,4.418875,9.692480,-1.702803,-2.214882,0.544690
456940160.000,Miguel,recording,switch_hand,16,-1.635727,5.136219,10.634190,-1.444230,-1.564841,0.569635
456940170.000,Miguel,recording,switch_hand,16,-1.725047,5.936537,11.534446,-1.060454,-0.825464,0.515588
456940180.000,Miguel,recording,switch_hand,16,-1.825667,6.293900,11.815444,-0.633210,-0.317320,0.378314
456940190.000,Miguel,recording,switch_hand,16,-2.111708,6.173858,11.476997,-0.223327,-0.162425,0.209318
456940200.000,Miguel,recording,switch_hand,16,-2.547932,5.874460,10.865253,0.152458,-0.251758,0.067613
456940210.000,Miguel,recording,switch_hand,16,-2.998796,5.608496,10.162804,0.469610,-0.455856,-0.013006
456940220.000,Miguel,recording,switch_hand,16,-3.333061,5.377878,9.632795,0.722900,-0.727436,-0.001968
456940230.000,Miguel,recording,switch_hand,16,-3.492848,5.144216,9.284336,0.922438,-1.020298,0.086304
456940240.000,Miguel,recording,switch_hand,16,-3.666997,5.129476,9.016194,1.064896,-1.241031,0.186719
456940250.000,Miguel,recording,switch_hand,16,-3.782490,5.228971,8.743931,1.151364,-1.330728,0.283519
456940260.000,Miguel,recording,switch_hand,16,-3.835086,5.283732,8.437203,1.177539,-1.283728,0.394327
456940270.000,Miguel,recording,switch_hand,16,-3.654319,5.228452,8.097047,1.141443,-1.104270,0.516649
456940280.000,Miguel,recording,switch_hand,16,-3.349581,5.150155,7.803310,1.051284,-0.808027,0.637640
456940290.000,Miguel,recording,switch_hand,16,-2.891950,5.136556,7.643562,0.933717,-0.464903,0.756164
456940300.000,Miguel,recording,switch_hand,16,-2.279648,5.229068,7.608116,0.831174,-0.170198,0.849535
456940310.000,Miguel,recording,switch_hand,16,-1.659650,5.376525,7.586283,0.778428,0.011936,0.880483
456940320.000,Miguel,recording,switch_hand,16,-1.273200,5.544459,7.460677,0.786640,0.046671,0.855957
456940330.000,Miguel,recording,switch_hand,16,-1.217171,5.811800,7.276446,0.840556,-0.058300,0.809132
456940340.000,Miguel,recording,switch_hand,16,-1.341383,6.095456,6.993977,0.912394,-0.247487,0.757137
456940350.000,Miguel,recording,switch_hand,16,-1.490555,6.435612,6.643794,0.971570,-0.455987,0.698439
456940360.000,Miguel,recording,switch_hand,16,-1.542739,6.728907,6.258847,0.999046,-0.654789,0.626805
456940370.000,Miguel,recording,switch_hand,16,-1.483838,6.891731,5.938929,0.996689,-0.854596,0.538267
456940380.000,Miguel,recording,switch_hand,16,-1.467408,6.969558,5.691481,0.972388,-1.074987,0.434460
456940390.000,Miguel,recording,switch_hand,16,-1.735173,6.915596,5.474850,0.932242,-1.320141,0.326998
456940400.000,Miguel,recording,switch_hand,16,-2.254105,6.698835,5.340301,0.893005,-1.608765,0.254398
456940410.000,Miguel,recording,switch_hand,16,-2.603783,6.597544,5.212626,0.877555,-1.972894,0.276940
456940420.000,Miguel,recording,switch_hand,16,-2.871613,6.563885,5.391062,0.923544,-2.324359,0.410648
456940430.000,Miguel,recording,switch_hand,16,-1.453513,6.747957,6.567142,1.044096,-2.392206,0.578990
456940440.000,Miguel,recording,switch_hand,16,0.617265,7.398581,7.736160,1.115912,-2.159879,0.689091
456940450.000,Miguel,recording,switch_hand,16,0.017520,7.934569,5.699915,0.998826,-1.676645,0.753979
456940460.000,Miguel,recording,switch_hand,16,1.579895,8.098928,5.817142,0.673357,-0.930728,0.917555
456940470.000,Miguel,recording,switch_hand,16,0.945330,7.728664,4.782424,0.287848,-0.347433,1.230594
456940480.000,Miguel,recording,switch_hand,16,1.125168,7.682662,6.497961,0.122078,-0.269201,1.472453
456940490.000,Miguel,recording,switch_hand,16,2.614439,8.512666,7.438042,0.285496,-0.454564,1.483573
456940500.000,Miguel,recording,switch_hand,16,4.162820,8.900548,7.535521,0.616872,-0.618814,1.342081
456940510.000,Miguel,recording,switch_hand,16,4.918330,8.480171,6.478768,0.896170,-0.819900,1.134261
456940520.000,Miguel,recording,switch_hand,16,4.546936,7.675769,5.053030,1.031127,-1.100300,0.889703
456940530.000,Miguel,recording,switch_hand,16,3.949290,7.111444,3.495156,1.010704,-1.304008,0.630634
456940540.000,Miguel,recording,switch_hand,16,3.472271,6.456609,2.395057,0.817357,-1.334996,0.387383
456940550.000,Miguel,recording,switch_hand,16,3.280349,6.325524,1.754610,0.479023,-1.260799,0.163071
456940560.000,Miguel,recording,switch_hand,16,3.657491,6.394655,2.021740,0.069113,-1.162133,-0.069023
456940570.000,Miguel,recording,switch_hand,16,3.911965,6.960689,2.842190,-0.324020,-1.046168,-0.296588
456940580.000,Miguel,recording,switch_hand,16,3.609951,7.809193,4.139022,-0.605625,-0.890863,-0.460314
456940590.000,Miguel,recording,switch_hand,16,3.144464,8.494417,5.429564,-0.716858,-0.692191,-0.514049
456940600.000,Miguel,recording,switch_hand,16,2.576437,8.892352,6.260326,-0.670334,-0.445824,-0.445577
456940610.000,Miguel,recording,switch_hand,16,2.064933,8.926217,6.647271,-0.522274,-0.191367,-0.261977
456940620.000,Miguel,recording,switch_hand,16,1.832863,8.690017,6.783167,-0.322280,-0.018133,-0.008083
456940630.000,Miguel,recording,switch_hand,16,1.710679,8.455134,6.324538,-0.163657,0.054140,0.262626
456940640.000,Miguel,recording,switch_hand,16,1.645398,8.404420,5.248693,-0.141470,0.014981,0.513149
456940650.000,Miguel,recording,switch_hand,16,2.019419,8.356158,4.796065,-0.246116,-0.174458,0.688123
456940660.000,Miguel,recording,switch_hand,16,2.282593,8.109937,4.737140,-0.421364,-0.436829,0.757110
456940670.000,Miguel,recording,switch_hand,16,2.288962,7.760337,5.238292,-0.602927,-0.632981,0.751318
456940680.000,Miguel,recording,switch_hand,16,2.249372,7.392342,6.080684,-0.707732,-0.697497,0.724398
456940690.000,Miguel,recording,switch_hand,16,2.446250,7.263432,6.906602,-0.679279,-0.640771,0.709182
456940700.000,Miguel,recording,switch_hand,16,2.865384,7.422765,7.399643,-0.522358,-0.494041,0.707134
456940710.000,Miguel,recording,switch_hand,16,3.337303,7.707081,7.443932,-0.292400,-0.294890,0.704472
456940720.000,Miguel,recording,switch_hand,16,3.680092,7.811263,7.037119,-0.062529,-0.086343,0.688213
456940730.000,Miguel,recording,switch_hand,16,3.711688,7.644751,6.367126,0.107225,0.096663,0.652395
456940740.000,Miguel,recording,switch_hand,16,3.604029,7.402830,5.705307,0.187156,0.238165,0.595898
456940750.000,Miguel,recording,switch_hand,16,3.561243,7.252120,5.367582,0.183888,0.344655,0.517227
456940760.000,Miguel,recording,switch_hand,16,3.526280,7.217981,5.443326,0.134748,0.438269,0.415831
456940770.000,Miguel,recording,switch_hand,16,3.420878,7.180926,5.840475,0.096450,0.540285,0.302800
456940780.000,Miguel,recording,switch_hand,16,3.225191,7.079043,6.343530,0.117822,0.659666,0.198778
456940790.000,Miguel,recording,switch_hand,16,3.087476,6.963114,6.661324,0.205955,0.786893,0.119866
456940800.000,Miguel,recording,switch_hand,16,3.045008,6.894092,6.634524,0.328561,0.906021,0.064758
456940810.000,Miguel,recording,switch_hand,16,3.072156,6.894568,6.343652,0.440094,1.001455,0.022878
456940820.000,Miguel,recording,switch_hand,16,3.098657,6.979218,5.951268,0.501834,1.053269,-0.010772
456940830.000,Miguel,recording,switch_hand,16,3.018931,6.923403,5.627964,0.499495,1.043707,-0.040315
456940840.000,Miguel,recording,switch_hand,16,2.957473,6.838389,5.430484,0.444632,0.962048,-0.074905
456940850.000,Miguel,recording,switch_hand,16,2.902941,6.712293,5.316748,0.356623,0.828905,-0.120576
456940860.000,Miguel,recording,switch_hand,16,2.853441,6.677498,5.324897,0.250824,0.690545,-0.170389
456940870.000,Miguel,recording,switch_hand,16,2.775617,6.859623,5.571371,0.152985,0.575840,-0.211618
456940880.000,Miguel,recording,switch_hand,16,2.608665,6.985966,5.977797,0.096914,0.489606,-0.232373
456940890.000,Miguel,recording,switch_hand,16,2.467151,6.971977,6.284257,0.096251,0.434627,-0.224123
456940900.000,Miguel,recording,switch_hand,16,2.437841,7.005393,6.378473,0.136279,0.415216,-0.190895
456940910.000,Miguel,recording,switch_hand,16,2.477919,7.079068,6.359125,0.194555,0.420325,-0.146497
456940920.000,Miguel,recording,switch_hand,16,2.548577,7.117173,6.188518,0.251279,0.427309,-0.105179
456940930.000,Miguel,recording,switch_hand,16,2.651600,7.113899,5.960398,0.289995,0.426512,-0.082443
456940940.000,Miguel,recording,switch_hand,16,2.858498,7.143700,5.739480,0.306360,0.424330,-0.091816
456940950.000,Miguel,recording,switch_hand,16,3.026898,7.170851,5.592446,0.307843,0.433252,-0.136434
456940960.000,Miguel,recording,switch_hand,16,3.027269,7.238137,5.596001,0.306489,0.466629,-0.203930
456940970.000,Miguel,recording,switch_hand,16,2.901481,7.393894,5.628519,0.311326,0.523128,-0.271067
456940980.000,Miguel,recording,switch_hand,16,2.728031,7.581835,5.645054,0.324972,0.583622,-0.317145
456940990.000,Miguel,recording,switch_hand,16,2.587033,7.741778,5.534240,0.338140,0.628954,-0.336901
456941000.000,Miguel,recording,switch_hand,16,2.462285,7.793650,5.325009,0.333333,0.655253,-0.339474
456941010.000,Miguel,recording,switch_hand,16,2.423535,7.799874,5.086190,0.298217,0.671918,-0.332891
456941020.000,Miguel,recording,switch_hand,16,2.567030,7.890030,4.938217,0.233925,0.691123,-0.317476
456941030.000,Miguel,recording,switch_hand,16,2.760202,7.984888,4.923029,0.151882,0.727688,-0.289046
456941040.000,Miguel,recording,switch_hand,16,3.019463,8.032719,5.077875,0.073598,0.787446,-0.246088
456941050.000,Miguel,recording,switch_hand,16,3.362391,8.024722,5.369242,0.022345,0.852706,-0.195696
456941060.000,Miguel,recording,switch_hand,16,3.782570,8.087196,5.622235,0.007344,0.888517,-0.148620
456941070.000,Miguel,recording,switch_hand,16,4.326530,8.230422,5.687566,0.020672,0.864984,-0.112084
456941080.000,Miguel,recording,switch_hand,16,4.903610,8.178026,5.430555,0.034127,0.788707,-0.094922
456941090.000,Miguel,recording,switch_hand,16,5.626499,7.799529,4.849379,0.018589,0.723308,-0.114616
456941100.000,Miguel,recording,switch_hand,16,6.497838,7.359577,4.235573,-0.028147,0.760734,-0.196417
456941110.000,Miguel,recording,switch_hand,16,7.162222,7.277315,3.751296,-0.105529,0.958077,-0.355051
456941120.000,Miguel,recording,switch_hand,16,7.305785,6.629513,3.342611,-0.216788,1.323155,-0.581963
456941130.000,Miguel,recording,switch_hand,16,6.875105,5.845588,3.171141,-0.396183,1.745500,-0.931632
456941140.000,Miguel,recording,switch_hand,16,5.931242,5.719492,2.120632,-0.863867,1.771238,-1.645469
456941150.000,Miguel,recording,switch_hand,16,2.718854,6.294590,1.674954,-1.673745,1.104508,-2.705636
456941160.000,Miguel,recording,switch_hand,16,-4.960683,6.301849,7.306031,-2.109253,0.622365,-3.276151
456941170.000,Miguel,recording,switch_hand,16,-10.818462,8.298148,11.181814,-1.756660,0.948868,-2.832154
456941180.000,Miguel,recording,switch_hand,16,-10.695217,9.509257,10.730215,-1.128987,1.466058,-1.971121
456941190.000,Miguel,recording,switch_hand,16,-6.764384,8.058625,8.810847,-0.660368,1.806336,-1.322213
456941200.000,Miguel,recording,switch_hand,16,-5.249634,6.739226,7.547896,-0.392898,2.128887,-0.948135
456941210.000,Miguel,recording,switch_hand,16,-5.229698,6.611322,6.467368,-0.260768,2.422940,-0.674995
456941220.000,Miguel,recording,switch_hand,16,-4.686609,6.269964,5.967346,-0.252114,2.505746,-0.408223
456941230.000,Miguel,recording,switch_hand,16,-3.364785,5.586067,5.763973,-0.369577,2.325338,-0.184673
456941240.000,Miguel,recording,switch_hand,16,-2.635999,5.152864,5.244783,-0.633295,1.924007,-0.076852
456941250.000,Miguel,recording,switch_hand,16,-3.180839,5.265527,5.080956,-0.955166,1.500400,-0.068146
456941260.000,Miguel,recording,switch_hand,16,-4.164355,5.899572,6.388514,-1.059457,1.209599,-0.028461
456941270.000,Miguel,recording,switch_hand,16,-4.064470,6.539051,7.544458,-0.872981,0.930612,0.101839
456941280.000,Miguel,recording,switch_hand,16,-3.531676,5.977344,7.946165,-0.562817,0.510600,0.238601
456941290.000,Miguel,recording,switch_hand,16,-2.922394,6.049097,8.001080,-0.213040,-0.042089,0.315767
456941300.000,Miguel,recording,switch_hand,16,-3.005547,6.288628,8.188097,0.143227,-0.587959,0.345577
456941310.000,Miguel,recording,switch_hand,16,-2.916922,6.833759,7.919143,0.457436,-0.992147,0.346867
456941320.000,Miguel,recording,switch_hand,16,-2.770777,7.473072,7.466552,0.674454,-1.208626,0.322052
456941330.000,Miguel,recording,switch_hand,16,-2.426207,7.662372,6.859657,0.760022,-1.252167,0.272373
456941340.000,Miguel,recording,switch_hand,16,-1.838827,7.460862,6.284869,0.717345,-1.152487,0.196881
456941350.000,Miguel,recording,switch_hand,16,-1.413878,7.135599,5.912800,0.572840,-0.949090,0.100014
456941360.000,Miguel,recording,switch_hand,16,-1.233998,6.927243,5.733238,0.360150,-0.685819,-0.003435
456941370.000,Miguel,recording,switch_hand,16,-1.259659,6.801232,5.762969,0.117981,-0.399686,-0.096792
456941380.000,Miguel,recording,switch_hand,16,-1.375754,6.697705,5.936386,-0.103725,-0.137224,-0.163914
456941390.000,Miguel,recording,switch_hand,16,-1.527449,6.590646,6.180269,-0.265154,0.059663,-0.196998
456941400.000,Miguel,recording,switch_hand,16,-1.718716,6.526963,6.471250,-0.353404,0.167816,-0.197609
456941410.000,Miguel,recording,switch_hand,16,-1.939210,6.568149,6.725827,-0.369301,0.173842,-0.168740
456941420.000,Miguel,recording,switch_hand,16,-2.129189,6.667389,6.940150,-0.322967,0.086547,-0.117713
456941430.000,Miguel,recording,switch_hand,16,-2.223384,6.774023,7.073391,-0.229883,-0.066613,-0.055145
456941440.000,Miguel,recording,switch_hand,16,-2.239853,6.858636,7.078744,-0.112542,-0.253360,0.008809
456941450.000,Miguel,recording,switch_hand,16,-2.121089,6.898297,7.032732,0.004844,-0.445823,0.065484
456941460.000,Miguel,recording,switch_hand,16,-1.868123,6.858638,6.960045,0.105640,-0.617106,0.109580
456941470.000,Miguel,recording,switch_hand,16,-1.562876,6.824469,6.940616,0.181472,-0.747398,0.139272
456941480.000,Miguel,recording,switch_hand,16,-1.333268,6.806819,6.908262,0.228454,-0.827472,0.156581
456941490.000,Miguel,recording,switch_hand,16,-1.165531,6.749662,6.868845,0.247926,-0.857594,0.163651
456941500.000,Miguel,recording,switch_hand,16,-1.068721,6.731350,6.884248,0.248141,-0.851504,0.163050
456941510.000,Miguel,recording,switch_hand,16,-1.073330,6.730423,6.940725,0.237581,-0.828534,0.160165
456941520.000,Miguel,recording,switch_hand,16,-1.132750,6.842353,7.055676,0.224606,-0.799569,0.159581
456941530.000,Miguel,recording,switch_hand,16,-1.204700,6.927577,7.199184,0.217363,-0.763790,0.162504
456941540.000,Miguel,recording,switch_hand,16,-1.196070,6.994311,7.332406,0.219313,-0.718508,0.166354
456941550.000,Miguel,recording,switch_hand,16,-1.159686,7.064499,7.470945,0.231794,-0.659669,0.167768
456941560.000,Miguel,recording,switch_hand,16,-1.117271,7.121566,7.536738,0.255087,-0.584898,0.162252
456941570.000,Miguel,recording,switch_hand,17,-1.069568,7.201948,7.548143,0.285787,-0.499565,0.147747
456941580.000,Miguel,recording,switch_hand,17,-1.033287,7.149027,7.488808,0.317380,-0.412099,0.129787
456941590.000,Miguel,recording,switch_hand,17,-1.090160,6.992245,7.350993,0.343651,-0.330314,0.119592
456941600.000,Miguel,recording,switch_hand,17,-1.225448,6.857218,7.199780,0.361453,-0.262466,0.129439
456941610.000,Miguel,recording,switch_hand,17,-1.313023,6.786504,7.045377,0.370867,-0.211053,0.166521
456941620.000,Miguel,recording,switch_hand,17,-1.341883,6.789968,6.906870,0.372664,-0.175309,0.224113
456941630.000,Miguel,recording,switch_hand,17,-1.319177,6.952186,6.792502,0.365233,-0.153235,0.283111
456941640.000,Miguel,recording,switch_hand,17,-1.272367,7.265380,6.682796,0.346842,-0.139441,0.328013
456941650.000,Miguel,recording,switch_hand,17,-1.504894,7.677326,6.587739,0.321150,-0.131096,0.351144
456941660.000,Miguel,recording,switch_hand,17,-1.756042,8.010570,6.528814,0.299791,-0.146661,0.347681
456941670.000,Miguel,recording,switch_hand,17,-2.004140,8.053534,6.475001,0.307021,-0.249544,0.330808
456941680.000,Miguel,recording,switch_hand,17,-2.958064,8.005991,6.382593,0.363097,-0.544235,0.328546
456941690.000,Miguel,recording,switch_hand,17,-4.085386,8.037975,6.037530,0.466605,-1.144267,0.372111
456941700.000,Miguel,recording,switch_hand,17,-4.591357,8.378149,5.461039,0.571290,-2.074898,0.475581
456941710.000,Miguel,recording,switch_hand,17,-4.721156,8.651674,4.792334,0.561272,-3.082253,0.719095
456941720.000,Miguel,recording,switch_hand,17,-4.806939,7.955216,2.989782,0.202323,-3.593119,1.320097
456941730.000,Miguel,recording,switch_hand,17,-2.903908,7.026293,1.812622,-0.519075,-3.484578,2.122079
456941740.000,Miguel,recording,switch_hand,17,1.111078,5.576728,4.204060,-1.115710,-3.291487,2.614697
456941750.000,Miguel,recording,switch_hand,17,5.382998,5.400650,5.961983,-1.274555,-3.162507,2.649547
456941760.000,Miguel,recording,switch_hand,17,8.470429,6.688340,8.239697,-1.088654,-2.853024,2.336482
456941770.000,Miguel,recording,switch_hand,17,6.872924,6.228504,7.500154,-0.722268,-2.247911,1.893044
456941780.000,Miguel,recording,switch_hand,17,6.633858,5.370018,6.719013,-0.382787,-1.557157,1.582050
456941790.000,Miguel,recording,switch_hand,17,6.729302,5.172294,4.452976,-0.161054,-1.133290,1.406543
456941800.000,Miguel,recording,switch_hand,17,7.672739,5.839428,4.009660,-0.044171,-0.933909,1.180920
456941810.000,Miguel,recording,switch_hand,17,7.800100,6.325135,3.708571,0.003159,-0.698663,0.830221
456941820.000,Miguel,recording,switch_hand,17,6.807219,6.359344,4.098370,0.024821,-0.339288,0.453456
456941830.000,Miguel,recording,switch_hand,17,5.306883,6.472233,4.208538,0.020700,0.110511,0.168715
456941840.000,Miguel,recording,switch_hand,17,4.573771,6.665767,5.224881,0.023172,0.619154,0.005792
456941850.000,Miguel,recording,switch_hand,17,4.137158,7.050989,6.015741,0.091434,1.124090,-0.092577
456941860.000,Miguel,recording,switch_hand,17,3.885296,7.177447,6.423709,0.229230,1.544583,-0.175826
456941870.000,Miguel,recording,switch_hand,17,3.416455,7.220739,6.479485,0.384359,1.848912,-0.252329
456941880.000,Miguel,recording,switch_hand,17,2.871734,7.201624,6.311052,0.502390,2.061325,-0.312758
456941890.000,Miguel,recording,switch_hand,17,2.458128,7.273112,6.196877,0.564532,2.205321,-0.350690
456941900.000,Miguel,recording,switch_hand,17,2.106244,7.456903,6.128598,0.578747,2.261840,-0.367675
456941910.000,Miguel,recording,switch_hand,17,1.696490,7.687305,6.120829,0.552199,2.192859,-0.363477
456941920.000,Miguel,recording,switch_hand,17,1.222331,7.800126,6.031225,0.484871,1.989007,-0.324599
456941930.000,Miguel,recording,switch_hand,17,0.912873,7.758625,6.017219,0.374764,1.673525,-0.245732
456941940.000,Miguel,recording,switch_hand,17,0.856076,7.713922,6.037866,0.228784,1.296670,-0.146039
456941950.000,Miguel,recording,switch_hand,17,0.862785,7.700591,6.111132,0.072661,0.939301,-0.054830
456941960.000,Miguel,recording,switch_hand,17,0.848707,7.564325,6.276643,-0.073108,0.646088,0.017072
456941970.000,Miguel,recording,switch_hand,17,0.807360,7.325815,6.550909,-0.198716,0.395406,0.081423
456941980.000,Miguel,recording,switch_hand,17,0.805697,7.152390,6.802308,-0.289628,0.163514,0.143503
456941990.000,Miguel,recording,switch_hand,17,0.883656,6.987913,6.970591,-0.339001,-0.043857,0.194097
456942000.000,Miguel,recording,switch_hand,17,1.086954,6.851672,7.007899,-0.353008,-0.195012,0.221249
456942010.000,Miguel,recording,switch_hand,17,1.406019,6.881764,7.022511,-0.338293,-0.256013,0.222528
456942020.000,Miguel,recording,switch_hand,17,1.773686,6.987599,7.095181,-0.293744,-0.217734,0.204793
456942030.000,Miguel,recording,switch_hand,17,2.034953,7.084206,7.230081,-0.214417,-0.089471,0.179347
456942040.000,Miguel,recording,switch_hand,17,2.157325,7.154760,7.374225,-0.102611,0.103537,0.158157
456942050.000,Miguel,recording,switch_hand,17,2.175347,7.164357,7.383937,0.028128,0.316061,0.147377
456942060.000,Miguel,recording,switch_hand,17,2.102846,7.095874,7.229365,0.156029,0.499494,0.142707
456942070.000,Miguel,recording,switch_hand,17,2.019906,6.977744,6.922807,0.251577,0.623928,0.137208
456942080.000,Miguel,recording,switch_hand,17,1.961188,6.904373,6.587603,0.292385,0.679199,0.128378
456942090.000,Miguel,recording,switch_hand,17,1.951941,6.908912,6.344044,0.279641,0.660399,0.114718
456942100.000,Miguel,recording,switch_hand,17,1.918628,6.884642,6.192914,0.230436,0.572718,0.095787
456942110.000,Miguel,recording,switch_hand,17,1.867497,6.830352,6.123301,0.162754,0.447964,0.072447
456942120.000,Miguel,recording,switch_hand,17,1.808747,6.822835,6.180245,0.091720,0.333918,0.047352
456942130.000,Miguel,recording,switch_hand,17,1.796761,6.895379,6.362080,0.035461,0.257692,0.025337
456942140.000,Miguel,recording,switch_hand,17,1.772939,6.927782,6.608965,0.010453,0.212705,0.014975
456942150.000,Miguel,recording,switch_hand,17,1.772921,6.911078,6.770962,0.013371,0.178157,0.018353
456942160.000,Miguel,recording,switch_hand,17,1.832861,6.800074,6.822616,0.025523,0.135081,0.018109
456942170.000,Miguel,recording,switch_hand,17,1.943413,6.686992,6.828892,0.035622,0.072299,-0.003567
456942180.000,Miguel,recording,switch_hand,17,2.014499,6.629496,6.754836,0.040706,-0.010686,-0.045544
456942190.000,Miguel,recording,switch_hand,17,2.063817,6.616243,6.658680,0.041123,-0.101975,-0.096262
456942200.000,Miguel,recording,switch_hand,17,2.092695,6.731589,6.564379,0.038322,-0.179315,-0.144425
456942210.000,Miguel,recording,switch_hand,17,2.098938,6.945735,6.508837,0.030266,-0.220883,-0.183177
456942220.000,Miguel,recording,switch_hand,17,1.952955,7.084326,6.528117,0.020095,-0.222541,-0.208667
456942230.000,Miguel,recording,switch_hand,17,1.735717,7.028139,6.557440,0.019671,-0.201853,-0.218215
456942240.000,Miguel,recording,switch_hand,17,1.596165,6.942541,6.517603,0.032914,-0.171824,-0.214529
456942250.000,Miguel,recording,switch_hand,17,1.571770,6.933748,6.395425,0.049377,-0.132620,-0.206281
456942260.000,Miguel,recording,switch_hand,17,1.551377,6.945084,6.239647,0.056085,-0.084320,-0.199999
456942270.000,Miguel,recording,switch_hand,17,1.489636,6.916413,6.095563,0.048399,-0.027212,-0.200202
456942280.000,Miguel,recording,switch_hand,17,1.401417,6.894488,6.044544,0.030928,0.037416,-0.206813
456942290.000,Miguel,recording,switch_hand,17,1.359965,6.994738,6.095977,0.013036,0.108374,-0.212960
456942300.000,Miguel,recording,switch_hand,17,1.327375,7.150395,6.211323,0.002268,0.187281,-0.210829
456942310.000,Miguel,recording,switch_hand,17,1.217565,7.300632,6.366775,-0.002356,0.270880,-0.194829
456942320.000,Miguel,recording,switch_hand,17,1.067970,7.390151,6.462829,-0.004768,0.341291,-0.163616
456942330.000,Miguel,recording,switch_hand,17,0.933143,7.389448,6.545824,-0.004705,0.374315,-0.121891
456942340.000,Miguel,recording,switch_hand,17,0.887655,7.339115,6.535845,-0.004383,0.361820,-0.078975
456942350.000,Miguel,recording,switch_hand,17,0.905542,7.260693,6.472558,-0.011375,0.318796,-0.044601
456942360.000,Miguel,recording,switch_hand,17,0.965549,7.186866,6.456642,-0.027072,0.267650,-0.024245
456942370.000,Miguel,recording,switch_hand,17,1.057045,7.168315,6.460984,-0.044934,0.223946,-0.016638
456942380.000,Miguel,recording,switch_hand,17,1.115315,7.194361,6.519872,-0.058919,0.195978,-0.017588
456942390.000,Miguel,recording,switch_hand,17,1.127727,7.227943,6.617761,-0.065396,0.187449,-0.024823
456942400.000,Miguel,recording,switch_hand,17,1.138615,7.237204,6.744428,-0.061434,0.199755,-0.038779
456942410.000,Miguel,recording,switch_hand,17,1.158402,7.242117,6.866000,-0.043517,0.231543,-0.057953
456942420.000,Miguel,recording,switch_hand,17,1.132847,7.249706,6.985289,-0.010325,0.278474,-0.077689
456942430.000,Miguel,recording,switch_hand,17,1.075337,7.252135,7.101364,0.035162,0.333159,-0.091526
456942440.000,Miguel,recording,switch_hand,17,1.029050,7.245250,7.102153,0.086201,0.381866,-0.095382
456942450.000,Miguel,recording,switch_hand,17,0.997039,7.248640,7.018562,0.131424,0.409201,-0.092760
456942460.000,Miguel,recording,switch_hand,17,0.981456,7.287448,6.883151,0.159221,0.402614,-0.086441
456942470.000,Miguel,recording,switch_hand,17,0.902923,7.343697,6.772431,0.162774,0.355517,-0.075555
456942480.000,Miguel,recording,switch_hand,17,0.817681,7.254621,6.693513,0.145071,0.272817,-0.061287
456942490.000,Miguel,recording,switch_hand,17,0.819815,7.174056,6.630401,0.116288,0.175294,-0.049672
456942500.000,Miguel,recording,switch_hand,17,0.863927,7.105834,6.628260,0.087385,0.091549,-0.048128
456942510.000,Miguel,recording,switch_hand,17,0.912659,7.079747,6.627101,0.067411,0.044337,-0.058387
456942520.000,Miguel,recording,switch_hand,17,0.996123,7.154112,6.674412,0.063646,0.044195,-0.077057
456942530.000,Miguel,recording,switch_hand,17,1.033298,7.243692,6.709400,0.079602,0.081930,-0.096740
456942540.000,Miguel,recording,switch_hand,17,1.049343,7.299527,6.702124,0.111369,0.140439,-0.112069
456942550.000,Miguel,recording,switch_hand,17,1.008923,7.281228,6.649441,0.148585,0.210644,-0.122912
456942560.000,Miguel,recording,switch_hand,17,0.894365,7.282772,6.577191,0.180682,0.280735,-0.126657
456942570.000,Miguel,recording,switch_hand,17,0.826411,7.369758,6.537127,0.203366,0.329576,-0.120078
456942580.000,Miguel,recording,switch_hand,17,0.797745,7.399108,6.468237,0.215268,0.344678,-0.108446
456942590.000,Miguel,recording,switch_hand,17,0.884248,7.410031,6.363055,0.214304,0.335146,-0.105148
456942600.000,Miguel,recording,switch_hand,17,1.067860,7.430684,6.228974,0.198828,0.319693,-0.117887
456942610.000,Miguel,recording,switch_hand,17,1.238205,7.446337,6.122194,0.171830,0.308816,-0.145895
456942620.000,Miguel,recording,switch_hand,17,1.357337,7.480396,6.079512,0.139405,0.305084,-0.187784
456942630.000,Miguel,recording,switch_hand,17,1.413400,7.529427,6.068591,0.107964,0.309395,-0.241627
456942640.000,Miguel,recording,switch_hand,17,1.396395,7.628746,6.131971,0.083051,0.322098,-0.299750
456942650.000,Miguel,recording,switch_hand,17,1.299321,7.715611,6.221443,0.070610,0.342294,-0.351034
456942660.000,Miguel,recording,switch_hand,17,1.170062,7.922524,6.426474,0.074845,0.367466,-0.386691
456942670.000,Miguel,recording,switch_hand,17,0.983755,8.123428,6.726941,0.097071,0.389265,-0.398844
456942680.000,Miguel,recording,switch_hand,17,0.786169,8.209458,6.921739,0.134106,0.392186,-0.386655
456942690.000,Miguel,recording,switch_hand,17,0.611424,8.122792,6.961273,0.172200,0.367522,-0.360543
456942700.000,Miguel,recording,switch_hand,17,0.543716,7.923395,6.837259,0.194538,0.317512,-0.336011
456942710.000,Miguel,recording,switch_hand,17,0.523575,7.753060,6.672567,0.190299,0.250400,-0.322097
456942720.000,Miguel,recording,switch_hand,17,0.485782,7.615209,6.585202,0.159997,0.180635,-0.318985
456942730.000,Miguel,recording,switch_hand,17,0.417583,7.493780,6.669831,0.116618,0.111605,-0.321474
456942740.000,Miguel,recording,switch_hand,17,0.425836,7.352916,6.917795,0.080965,0.029624,-0.325964
456942750.000,Miguel,recording,switch_hand,17,0.620443,7.258107,7.167055,0.071690,-0.070319,-0.339499
456942760.000,Miguel,recording,switch_hand,17,0.842230,7.197867,7.288793,0.091645,-0.169781,-0.368742
456942770.000,Miguel,recording,switch_hand,17,0.925289,7.143095,7.275509,0.132058,-0.242006,-0.405619
456942780.000,Miguel,recording,switch_hand,17,0.911705,7.104878,7.154095,0.180646,-0.277017,-0.435718
456942790.000,Miguel,recording,switch_hand,17,0.875564,7.084112,7.012661,0.227509,-0.282752,-0.454333
456942800.000,Miguel,recording,switch_hand,17,0.812570,7.053499,6.819636,0.267863,-0.270901,-0.468968
456942810.000,Miguel,recording,switch_hand,17,0.742389,6.885553,6.590763,0.296938,-0.243423,-0.491740
456942820.000,Miguel,recording,switch_hand,17,0.687625,6.660861,6.351680,0.311847,-0.188657,-0.529127
456942830.000,Miguel,recording,switch_hand,17,0.746017,6.621030,6.179651,0.316503,-0.099504,-0.579325
456942840.000,Miguel,recording,switch_hand,17,0.881556,6.720550,6.109295,0.318857,0.013281,-0.635131
456942850.000,Miguel,recording,switch_hand,17,0.956507,6.893129,6.096226,0.327384,0.129543,-0.687487
456942860.000,Miguel,recording,switch_hand,17,0.844699,7.035301,6.084567,0.349928,0.232796,-0.728340
456942870.000,Miguel,recording,switch_hand,17,0.622672,7.033517,5.868966,0.384379,0.317459,-0.750659
456942880.000,Miguel,recording,switch_hand,17,0.554826,7.127849,5.334526,0.411302,0.381412,-0.757584
456942890.000,Miguel,recording,switch_hand,17,0.998231,7.384531,4.399776,0.394839,0.420869,-0.762100
456942900.000,Miguel,recording,switch_hand,17,2.027737,7.381774,3.330305,0.306649,0.456687,-0.774073
456942910.000,Miguel,recording,switch_hand,17,3.288140,6.583131,2.583532,0.167151,0.561096,-0.828422
456942920.000,Miguel,recording,switch_hand,17,4.275949,6.107842,2.144336,0.032801,0.869630,-0.993835
456942930.000,Miguel,recording,switch_hand,17,4.319896,6.137673,1.778023,-0.096842,1.448471,-1.275500
456942940.000,Miguel,recording,switch_hand,17,3.855459,5.764282,1.548899,-0.229630,2.144653,-1.582715
456942950.000,Miguel,recording,switch_hand,17,3.548648,4.932034,1.295137,-0.327177,2.691420,-1.868115
456942960.000,Miguel,recording,switch_hand,17,2.663043,4.088087,0.598427,-0.561779,2.588095,-2.254431
456942970.000,Miguel,recording,switch_hand,17,-2.195165,5.297138,1.106033,-1.350653,1.195632,-2.782969
456942980.000,Miguel,recording,switch_hand,17,-9.177577,6.359464,5.155828,-2.386224,-0.380693,-2.994644
456942990.000,Miguel,recording,switch_hand,17,-10.250677,6.121865,7.266101,-2.798059,-0.884235,-2.652062
456943000.000,Miguel,recording,switch_hand,17,-10.391509,6.990704,11.300566,-2.380530,-0.642213,-2.189887
456943010.000,Miguel,recording,switch_hand,17,-8.994484,6.553682,11.278672,-1.550439,-0.082022,-1.857970
456943020.000,Miguel,recording,switch_hand,17,-8.726294,6.003730,11.104900,-0.791514,0.481248,-1.572259
456943030.000,Miguel,recording,switch_hand,17,-8.599131,5.983277,9.900208,-0.272183,0.906571,-1.224750
456943040.000,Miguel,recording,switch_hand,17,-8.533950,6.175085,10.367414,0.138787,1.106773,-0.791412
456943050.000,Miguel,recording,switch_hand,17,-7.931279,6.578394,10.378572,0.523216,1.096750,-0.344855
456943060.000,Miguel,recording,switch_hand,17,-6.784084,6.359235,9.285727,0.816948,0.940931,0.058865
456943070.000,Miguel,recording,switch_hand,17,-6.110391,5.978572,8.945454,1.011487,0.591164,0.392369
456943080.000,Miguel,recording,switch_hand,17,-6.063746,6.047178,8.979002,1.190688,0.061178,0.665495
456943090.000,Miguel,recording,switch_hand,17,-6.137527,6.438810,8.505698,1.381442,-0.473609,0.887857
456943100.000,Miguel,recording,switch_hand,17,-5.939166,6.882744,7.795139,1.525760,-0.878731,1.050701
456943110.000,Miguel,recording,switch_hand,17,-5.535537,7.120138,7.030592,1.581414,-1.125849,1.164911
456943120.000,Miguel,recording,switch_hand,17,-4.907810,7.162387,6.306212,1.548079,-1.217118,1.243639
456943130.000,Miguel,recording,switch_hand,17,-4.114835,7.129370,5.696297,1.442252,-1.156842,1.287391
456943140.000,Miguel,recording,switch_hand,17,-3.243377,7.100087,5.282630,1.286825,-0.953669,1.283351
456943150.000,Miguel,recording,switch_hand,17,-2.295107,7.076754,5.034521,1.103575,-0.660592,1.231957
456943160.000,Miguel,recording,switch_hand,17,-1.279058,7.002683,4.739439,0.891297,-0.362346,1.135914
456943170.000,Miguel,recording,switch_hand,17,-0.587996,7.060955,4.393707,0.648568,-0.084438,0.983369
456943180.000,Miguel,recording,switch_hand,17,-0.365156,7.284624,4.154815,0.391024,0.191761,0.774352
456943190.000,Miguel,recording,switch_hand,17,-0.529593,7.443291,4.049594,0.139457,0.453521,0.540363
456943200.000,Miguel,recording,switch_hand,17,-0.897590,7.438966,4.126335,-0.084730,0.655927,0.323582
456943210.000,Miguel,recording,switch_hand,17,-1.375636,7.343596,4.350369,-0.259948,0.769430,0.150698
456943220.000,Miguel,recording,switch_hand,17,-1.806213,7.253290,4.677149,-0.366824,0.797718,0.033986
456943230.000,Miguel,recording,switch_hand,17,-2.172799,7.186084,4.927653,-0.403604,0.757130,-0.025401
456943240.000,Miguel,recording,switch_hand,17,-2.475608,7.181902,5.014444,-0.386603,0.664399,-0.031709
456943250.000,Miguel,recording,switch_hand,17,-2.656811,7.288229,4.977244,-0.346271,0.535483,-0.000160
456943260.000,Miguel,recording,switch_hand,17,-2.635509,7.453038,4.840943,-0.312803,0.386618,0.046747
456943270.000,Miguel,recording,switch_hand,17,-2.459950,7.546278,4.757794,-0.297882,0.234370,0.092501
456943280.000,Miguel,recording,switch_hand,17,-2.236531,7.533112,4.801026,-0.297656,0.088402,0.130625
456943290.000,Miguel,recording,switch_hand,17,-2.031219,7.446241,4.939964,-0.303048,-0.052099,0.159934
456943300.000,Miguel,recording,switch_hand,17,-1.755727,7.408022,5.148297,-0.307477,-0.185330,0.177664
456943310.000,Miguel,recording,switch_hand,17,-1.437779,7.350312,5.378275,-0.307895,-0.296815,0.183112
456943320.000,Miguel,recording,switch_hand,17,-1.200461,7.377271,5.630831,-0.302074,-0.372474,0.179979
456943330.000,Miguel,recording,switch_hand,17,-1.089921,7.449919,5.851829,-0.289360,-0.408195,0.168453
456943340.000,Miguel,recording,switch_hand,17,-1.129065,7.527654,5.966919,-0.276414,-0.408634,0.149727
456943350.000,Miguel,recording,switch_hand,17,-1.232120,7.634657,6.072522,-0.270461,-0.386708,0.128288
456943360.000,Miguel,recording,switch_hand,17,-1.358801,7.745247,6.233398,-0.267575,-0.356646,0.104043
456943370.000,Miguel,recording,switch_hand,17,-1.461210,7.812750,6.375293,-0.259409,-0.334435,0.075945
456943380.000,Miguel,recording,switch_hand,17,-1.614066,7.802855,6.515299,-0.238482,-0.337177,0.049084
456943390.000,Miguel,recording,switch_hand,17,-1.901862,7.751986,6.658796,-0.200658,-0.368753,0.033600
456943400.000,Miguel,recording,switch_hand,17,-2.179523,7.641822,6.709520,-0.150002,-0.425773,0.036375
456943410.000,Miguel,recording,switch_hand,17,-2.373937,7.521035,6.722210,-0.095334,-0.507234,0.059035
456943420.000,Miguel,recording,switch_hand,17,-2.498447,7.403560,6.705259,-0.043738,-0.600032,0.099828
456943430.000,Miguel,recording,switch_hand,17,-2.543142,7.319935,6.643160,-0.001322,-0.683944,0.153783
456943440.000,Miguel,recording,switch_hand,17,-2.482161,7.230535,6.622392,0.027972,-0.752523,0.213346
456943450.000,Miguel,recording,switch_hand,17,-2.238040,7.214249,6.736787,0.046648,-0.807719,0.270219
456943460.000,Miguel,recording,switch_hand,17,-1.892101,7.206274,6.920845,0.067152,-0.839023,0.315194
456943470.000,Miguel,recording,switch_hand,17,-1.594284,7.210723,7.073332,0.102876,-0.830841,0.338764
456943480.000,Miguel,recording,switch_hand,17,-1.369837,7.252643,7.122421,0.153230,-0.784339,0.334560
456943490.000,Miguel,recording,switch_hand,17,-1.220683,7.327086,7.057907,0.205593,-0.711459,0.304366
456943500.000,Miguel,recording,switch_hand,17,-1.243230,7.360321,6.875286,0.244690,-0.623762,0.260837
456943510.000,Miguel,recording,switch_hand,17,-1.370083,7.373963,6.716147,0.263556,-0.528656,0.221141
456943520.000,Miguel,recording,switch_hand,17,-1.528761,7.314302,6.570311,0.265417,-0.434467,0.198076
456943530.000,Miguel,recording,switch_hand,17,-1.722451,7.221961,6.470950,0.258248,-0.354539,0.197322
456943540.000,Miguel,recording,switch_hand,17,-1.961037,7.131414,6.392269,0.251133,-0.298319,0.220311
456943550.000,Miguel,recording,switch_hand,17,-2.176457,7.070756,6.303908,0.248118,-0.268295,0.266847
456943560.000,Miguel,recording,switch_hand,17,-2.352878,7.031703,6.176047,0.248433,-0.264783,0.333674
456943570.000,Miguel,recording,switch_hand,17,-2.405893,7.046051,6.038226,0.246917,-0.285813,0.410261
456943580.000,Miguel,recording,switch_hand,17,-2.362872,7.173421,5.934021,0.239351,-0.326702,0.482214
456943590.000,Miguel,recording,switch_hand,17,-2.180536,7.351089,5.791135,0.223260,-0.387169,0.537487
456943600.000,Miguel,recording,switch_hand,17,-1.950549,7.532860,5.603289,0.198541,-0.473235,0.568569
456943610.000,Miguel,recording,switch_hand,17,-1.797680,7.595910,5.427832,0.168249,-0.592146,0.571512
456943620.000,Miguel,recording,switch_hand,17,-2.018670,7.443362,5.322164,0.134305,-0.739436,0.559995
456943630.000,Miguel,recording,switch_hand,17,-2.937432,7.473432,5.349489,0.103113,-0.903588,0.573940
456943640.000,Miguel,recording,switch_hand,17,-4.537264,7.264877,5.371136,0.096452,-1.109275,0.650372
456943650.000,Miguel,recording,switch_hand,17,-5.454747,7.512551,5.534789,0.165116,-1.463311,0.811954
456943660.000,Miguel,recording,switch_hand,17,-5.582311,7.983644,5.212019,0.235809,-1.922313,1.137764
456943670.000,Miguel,recording,switch_hand,17,-4.941411,8.576404,3.168072,-0.063705,-1.960169,1.808104
456943680.000,Miguel,recording,switch_hand,17,-1.495254,8.255848,1.952491,-0.809436,-1.372770,2.563578
456943690.000,Miguel,recording,switch_hand,17,2.167148,5.883138,4.456573,-1.497515,-0.631261,2.861055
456943700.000,Miguel,recording,switch_hand,17,3.144822,6.677870,6.071690,-1.674774,-0.280094,2.799280
456943710.000,Miguel,recording,switch_hand,17,4.560769,9.002955,8.849110,-1.341070,-0.495623,2.613605
456943720.000,Miguel,recording,switch_hand,17,5.396676,9.097623,5.960298,-0.965148,-0.843678,2.292695
456943730.000,Miguel,recording,switch_hand,17,4.727266,7.360089,4.110769,-0.832447,-0.961767,1.949511
456943740.000,Miguel,recording,switch_hand,17,4.396127,6.243593,2.909401,-0.862678,-0.800723,1.667312
456943750.000,Miguel,recording,switch_hand,17,4.383144,5.156367,3.713052,-0.995229,-0.470075,1.429715
456943760.000,Miguel,recording,switch_hand,17,4.410002,4.429558,4.719497,-1.225912,-0.315941,1.226846
456943770.000,Miguel,recording,switch_hand,17,4.244242,4.888994,6.144669,-1.382050,-0.461393,1.031883
456943780.000,Miguel,recording,switch_hand,17,3.789352,5.794678,7.168956,-1.377298,-0.646208,0.823555
456943790.000,Miguel,recording,switch_hand,17,3.935213,5.328591,7.865945,-1.255433,-0.593002,0.604597
456943800.000,Miguel,recording,switch_hand,17,3.867730,5.760573,8.955931,-0.962879,-0.217120,0.397771
456943810.000,Miguel,recording,switch_hand,17,3.633100,6.041154,9.775859,-0.527541,0.355002,0.244636
456943820.000,Miguel,recording,switch_hand,17,3.369544,6.389677,9.685055,-0.042003,0.941417,0.163103
456943830.000,Miguel,recording,switch_hand,17,3.127628,6.858279,8.868871,0.353365,1.402422,0.128641
456943840.000,Miguel,recording,switch_hand,17,2.815009,6.966061,7.871761,0.564911,1.636274,0.105303
456943850.000,Miguel,recording,switch_hand,17,2.364372,6.919953,7.061921,0.562575,1.583139,0.096032
456943860.000,Miguel,recording,switch_hand,17,2.087507,6.779102,6.632447,0.374919,1.245826,0.103616
456943870.000,Miguel,recording,switch_hand,17,2.123111,6.673821,6.706048,0.081783,0.715830,0.108294
456943880.000,Miguel,recording,switch_hand,17,2.168366,6.455027,7.152113,-0.213448,0.142307,0.097724
456943890.000,Miguel,recording,switch_hand,17,2.154506,6.219249,7.806251,-0.421350,-0.334753,0.076818
456943900.000,Miguel,recording,switch_hand,17,2.295934,6.235767,8.378359,-0.494851,-0.624628,0.052876
456943910.000,Miguel,recording,switch_hand,17,2.587972,6.371102,8.817765,-0.426401,-0.692579,0.020743
456943920.000,Miguel,recording,switch_hand,17,2.833354,6.441353,8.931441,-0.239451,-0.548630,-0.031527
456943930.000,Miguel,recording,switch_hand,17,2.979050,6.431943,8.712497,0.014665,-0.232637,-0.105658
456943940.000,Miguel,recording,switch_hand,17,3.010243,6.487306,8.396152,0.281793,0.196035,-0.190868
456943950.000,Miguel,recording,switch_hand,17,3.009348,6.667972,8.179245,0.527937,0.654597,-0.274534
456943960.000,Miguel,recording,switch_hand,17,2.902380,6.812586,8.009085,0.720047,1.022747,-0.342781
456943970.000,Miguel,recording,switch_hand,17,2.666561,6.711380,7.793872,0.836236,1.212035,-0.389421
456943980.000,Miguel,recording,switch_hand,17,2.314020,6.499872,7.528305,0.873345,1.210702,-0.414459
456943990.000,Miguel,recording,switch_hand,17,1.953053,6.354476,7.232793,0.832108,1.047598,-0.418493
456944000.000,Miguel,recording,switch_hand,17,1.620636,6.317128,6.985526,0.729013,0.775152,-0.408746
456944010.000,Miguel,recording,switch_hand,17,1.429778,6.311913,6.885972,0.597570,0.468019,-0.391809
456944020.000,Miguel,recording,switch_hand,17,1.403637,6.386327,6.956068,0.481124,0.210706,-0.370663
456944030.000,Miguel,recording,switch_hand,17,1.577741,6.506044,7.095714,0.416992,0.056243,-0.353077
456944040.000,Miguel,recording,switch_hand,17,1.849133,6.579282,7.135243,0.418758,0.022557,-0.352987
456944050.000,Miguel,recording,switch_hand,17,2.065354,6.636254,7.063994,0.475169,0.113249,-0.380463
456944060.000,Miguel,recording,switch_hand,17,2.188879,6.803875,7.026937,0.569120,0.303240,-0.429872
456944070.000,Miguel,recording,switch_hand,17,2.191554,7.008459,7.004007,0.681998,0.530932,-0.479184
456944080.000,Miguel,recording,switch_hand,17,2.049145,7.000132,6.878100,0.786819,0.727427,-0.511877
456944090.000,Miguel,recording,switch_hand,17,1.956301,6.932063,6.726136,0.860341,0.847234,-0.545047
456944100.000,Miguel,recording,switch_hand,17,1.860113,7.043360,6.610218,0.884455,0.871022,-0.582093
456944110.000,Miguel,recording,switch_hand,17,1.646207,7.213297,6.452936,0.859200,0.798907,-0.607778
456944120.000,Miguel,recording,switch_hand,17,1.428889,7.222911,6.467137,0.802702,0.664694,-0.625896
456944130.000,Miguel,recording,switch_hand,17,1.270776,7.262113,6.596818,0.741844,0.515374,-0.641154
456944140.000,Miguel,recording,switch_hand,17,1.221194,7.304880,6.770154,0.704242,0.379754,-0.651108
456944150.000,Miguel,recording,switch_hand,17,1.244703,7.402521,6.861881,0.696682,0.267850,-0.647692
456944160.000,Miguel,recording,switch_hand,17,1.409496,7.423889,6.885872,0.720583,0.180236,-0.650017
456944170.000,Miguel,recording,switch_hand,17,1.567366,7.533472,6.943748,0.769663,0.139336,-0.687908
456944180.000,Miguel,recording,switch_hand,17,1.444673,7.742252,6.730252,0.824019,0.162583,-0.748654
456944190.000,Miguel,recording,switch_hand,17,1.357715,7.860001,6.436529,0.866253,0.226069,-0.796032
456944200.000,Miguel,recording,switch_hand,17,1.277140,7.865098,6.143602,0.889985,0.296161,-0.816323
456944210.000,Miguel,recording,switch_hand,17,1.371342,7.757265,5.862919,0.891766,0.349670,-0.815030
456944220.000,Miguel,recording,switch_hand,17,2.005072,7.627978,5.504295,0.872215,0.372929,-0.822296
456944230.000,Miguel,recording,switch_hand,17,3.215333,7.566705,5.177784,0.843573,0.413099,-0.909182
456944240.000,Miguel,recording,switch_hand,17,4.368892,7.371206,4.582945,0.811516,0.562181,-1.115247
456944250.000,Miguel,recording,switch_hand,17,5.370854,6.811230,3.978235,0.795915,0.871738,-1.410518
456944260.000,Miguel,recording,switch_hand,17,5.728057,5.941011,3.683636,0.848570,1.365829,-1.778461
456944270.000,Miguel,recording,switch_hand,17,5.280098,5.265974,3.319687,0.918362,1.913398,-2.241029
456944280.000,Miguel,recording,switch_hand,17,3.573014,5.103333,2.026428,0.732144,2.113947,-2.822493
456944290.000,Miguel,recording,switch_hand,17,1.223842,4.956874,1.111746,0.209381,1.835159,-3.387197
456944300.000,Miguel,recording,switch_hand,17,-2.682378,5.363452,3.094439,-0.223446,1.479700,-3.652224
456944310.000,Miguel,recording,switch_hand,17,-10.906133,8.522452,4.902246,-0.282145,1.234918,-3.480890
456944320.000,Miguel,recording,switch_hand,17,-17.488755,11.410415,5.472871,-0.112541,0.979069,-2.803911
456944330.000,Miguel,recording,switch_hand,17,-8.407531,9.415874,2.487557,-0.003582,0.674512,-1.900334
456944340.000,Miguel,recording,switch_hand,17,-7.662723,7.413330,1.877091,-0.108615,0.428139,-1.219935
456944350.000,Miguel,recording,switch_hand,17,-5.766477,5.905601,2.176497,-0.355862,0.243770,-0.833050
456944360.000,Miguel,recording,switch_hand,17,-6.453249,5.348210,2.280672,-0.742245,0.000251,-0.661321
456944370.000,Miguel,recording,switch_hand,17,-7.129666,4.818347,3.266268,-1.178510,-0.207212,-0.552346
456944380.000,Miguel,recording,switch_hand,17,-8.170290,5.712835,5.349078,-1.418586,-0.303875,-0.323968
456944390.000,Miguel,recording,switch_hand,17,-7.950663,5.533518,6.101108,-1.442823,-0.335621,0.042538
456944400.000,Miguel,recording,switch_hand,17,-7.074293,5.600764,7.193385,-1.333900,-0.320424,0.470311
456944410.000,Miguel,recording,switch_hand,17,-6.403736,5.609581,8.202853,-1.092524,-0.267092,0.894591
456944420.000,Miguel,recording,switch_hand,17,-5.427609,5.688239,8.844293,-0.746951,-0.192124,1.226130
456944430.000,Miguel,recording,switch_hand,17,-4.529511,5.797708,8.579344,-0.375642,-0.130129,1.408961
456944440.000,Miguel,recording,switch_hand,17,-3.771027,6.161184,7.866421,-0.067065,-0.096600,1.471199
456944450.000,Miguel,recording,switch_hand,17,-3.312257,6.538450,7.043820,0.136071,-0.064486,1.471342
456944460.000,Miguel,recording,switch_hand,17,-3.015327,6.783767,6.395950,0.238702,0.000792,1.439939
456944470.000,Miguel,recording,switch_hand,17,-2.778344,7.167114,6.036552,0.265264,0.091954,1.395340
456944480.000,Miguel,recording,switch_hand,17,-2.657692,7.520839,6.076954,0.242887,0.182393,1.353353
456944490.000,Miguel,recording,switch_hand,17,-2.389391,7.742084,6.198544,0.198618,0.277401,1.307717
456944500.000,Miguel,recording,switch_hand,17,-1.981030,7.983553,6.121040,0.142956,0.391229,1.243189
456944510.000,Miguel,recording,switch_hand,17,-1.493150,8.081701,5.764334,0.062124,0.510516,1.146915
456944520.000,Miguel,recording,switch_hand,17,-1.190635,7.961874,5.409750,-0.050721,0.611921,1.009409
456944530.000,Miguel,recording,switch_hand,17,-1.089367,7.838339,5.336399,-0.177222,0.670895,0.847474
456944540.000,Miguel,recording,switch_hand,17,-1.128053,7.781068,5.451431,-0.288178,0.681108,0.695665
456944550.000,Miguel,recording,switch_hand,17,-1.287864,7.773375,5.566434,-0.369071,0.682370,0.562057
456944560.000,Miguel,recording,switch_hand,17,-1.630045,7.596361,5.675895,-0.421193,0.728474,0.444988
456944570.000,Miguel,recording,switch_hand,17,-1.908107,7.583753,5.873443,-0.446529,0.791797,0.392560
456944580.000,Miguel,recording,switch_hand,17,-1.700614,7.978211,5.845401,-0.472028,0.806882,0.409529
456944590.000,Miguel,recording,switch_hand,18,-1.324544,8.057546,5.549618,-0.509520,0.797893,0.413781
456944600.000,Miguel,recording,switch_hand,18,-1.030257,7.934533,5.531022,-0.538165,0.785228,0.366548
456944610.000,Miguel,recording,switch_hand,18,-0.909729,7.862294,5.567101,-0.555827,0.717218,0.293713
456944620.000,Miguel,recording,switch_hand,18,-0.978767,7.903001,5.795809,-0.558201,0.579628,0.219634
456944630.000,Miguel,recording,switch_hand,18,-1.003768,7.992267,6.114483,-0.530224,0.411698,0.154233
456944640.000,Miguel,recording,switch_hand,18,-1.010044,7.955353,6.356481,-0.470360,0.238339,0.104924
456944650.000,Miguel,recording,switch_hand,18,-0.961454,7.863541,6.456653,-0.391456,0.064256,0.068231
456944660.000,Miguel,recording,switch_hand,18,-0.906126,7.828723,6.535967,-0.304430,-0.105437,0.031759
456944670.000,Miguel,recording,switch_hand,18,-0.905060,7.732733,6.634747,-0.216939,-0.252036,-0.007051
456944680.000,Miguel,recording,switch_hand,18,-1.050321,7.644598,6.700487,-0.136360,-0.345462,-0.036117
456944690.000,Miguel,recording,switch_hand,18,-1.218795,7.608828,6.735796,-0.065797,-0.373796,-0.046820
456944700.000,Miguel,recording,switch_hand,18,-1.298718,7.628758,6.643019,-0.009973,-0.360178,-0.044820
456944710.000,Miguel,recording,switch_hand,18,-1.288072,7.723430,6.535691,0.025307,-0.338956,-0.043494
456944720.000,Miguel,recording,switch_hand,18,-1.198373,7.870735,6.468165,0.043665,-0.327908,-0.059222
456944730.000,Miguel,recording,switch_hand,18,-1.096245,7.948204,6.440059,0.055147,-0.329919,-0.097509
456944740.000,Miguel,recording,switch_hand,18,-0.989731,7.877029,6.417504,0.067823,-0.347981,-0.149765
456944750.000,Miguel,recording,switch_hand,18,-0.960451,7.701776,6.353657,0.083753,-0.387563,-0.203408
456944760.000,Miguel,recording,switch_hand,18,-1.056744,7.556309,6.271164,0.105934,-0.451733,-0.245871
456944770.000,Miguel,recording,switch_hand,18,-1.272889,7.542960,6.291573,0.143662,-0.547900,-0.268285
456944780.000,Miguel,recording,switch_hand,18,-1.496401,7.546500,6.339189,0.203281,-0.683990,-0.273897
456944790.000,Miguel,recording,switch_hand,18,-1.673942,7.572054,6.343739,0.280729,-0.854549,-0.276388
456944800.000,Miguel,recording,switch_hand,18,-1.812854,7.552271,6.249602,0.362406,-1.045515,-0.279138
456944810.000,Miguel,recording,switch_hand,18,-1.935791,7.448952,6.089883,0.433096,-1.240894,-0.275689
456944820.000,Miguel,recording,switch_hand,18,-2.070172,7.354281,5.980375,0.477575,-1.414306,-0.265597
456944830.000,Miguel,recording,switch_hand,18,-2.132707,7.238748,5.884532,0.488667,-1.538298,-0.250853
456944840.000,Miguel,recording,switch_hand,18,-2.254130,7.104263,5.891305,0.468841,-1.599073,-0.226773
456944850.000,Miguel,recording,switch_hand,18,-2.330596,7.017166,5.953093,0.425245,-1.596431,-0.186256
456944860.000,Miguel,recording,switch_hand,18,-2.386730,6.957391,6.088223,0.372470,-1.539854,-0.126983
456944870.000,Miguel,recording,switch_hand,18,-2.367879,6.900433,6.239064,0.324892,-1.446282,-0.054910
456944880.000,Miguel,recording,switch_hand,18,-2.276404,6.861516,6.446735,0.294651,-1.341149,0.017349
456944890.000,Miguel,recording,switch_hand,18,-2.137717,6.919537,6.614855,0.288948,-1.247211,0.073980
456944900.000,Miguel,recording,switch_hand,18,-2.005327,7.068784,6.632738,0.300150,-1.172995,0.098284
456944910.000,Miguel,recording,switch_hand,18,-2.134520,7.325979,6.540811,0.312452,-1.114167,0.090154
456944920.000,Miguel,recording,switch_hand,18,-2.747075,7.568551,6.358863,0.314098,-1.079788,0.073671
456944930.000,Miguel,recording,switch_hand,18,-3.898639,7.575563,6.196768,0.308855,-1.122000,0.088569
456944940.000,Miguel,recording,switch_hand,18,-5.447548,7.264529,6.162210,0.323711,-1.328235,0.180162
456944950.000,Miguel,recording,switch_hand,18,-7.030051,7.078423,5.937902,0.369398,-1.762732,0.359950
456944960.000,Miguel,recording,switch_hand,18,-7.786787,6.453615,4.818692,0.409843,-2.401745,0.565264
456944970.000,Miguel,recording,switch_hand,18,-7.165672,5.510369,2.811751,0.371067,-3.162650,0.724643
456944980.000,Miguel,recording,switch_hand,18,-5.151414,5.179330,0.712796,0.082719,-3.820773,1.039884
456944990.000,Miguel,recording,switch_hand,18,-0.405616,7.515821,-1.586557,-0.799484,-3.724997,1.932780
456945000.000,Miguel,recording,switch_hand,18,5.116873,9.480779,-2.357899,-2.244359,-2.595745,2.807877
456945010.000,Miguel,recording,switch_hand,18,6.490621,6.598040,2.095365,-3.319819,-1.487046,2.935896
456945020.000,Miguel,recording,switch_hand,18,6.387265,4.969507,2.497506,-3.639360,-1.145608,2.572166
456945030.000,Miguel,recording,switch_hand,18,5.874951,4.805870,4.511785,-3.659131,-1.060560,2.073655
456945040.000,Miguel,recording,switch_hand,18,4.820473,4.629392,5.927731,-3.641503,-0.963778,1.702325
456945050.000,Miguel,recording,switch_hand,18,3.681959,4.329409,7.037997,-3.639184,-1.019684,1.567781
456945060.000,Miguel,recording,switch_hand,18,3.488347,4.109266,8.711186,-3.468213,-1.277548,1.597662
456945070.000,Miguel,recording,switch_hand,18,4.419793,4.586752,10.464608,-3.002979,-1.627870,1.594367
456945080.000,Miguel,recording,switch_hand,18,5.590381,4.616277,11.230980,-2.386305,-1.807631,1.425548
456945090.000,Miguel,recording,switch_hand,18,5.909057,4.219394,11.178895,-1.798060,-1.575054,1.097608
456945100.000,Miguel,recording,switch_hand,18,5.499450,3.802231,12.029361,-1.197641,-0.915097,0.703559
456945110.000,Miguel,recording,switch_hand,18,4.930276,3.937674,13.459159,-0.467839,-0.095400,0.366095
456945120.000,Miguel,recording,switch_hand,18,4.440616,4.138522,13.959308,0.359242,0.635014,0.129072
456945130.000,Miguel,recording,switch_hand,18,4.057814,4.113255,12.065475,1.065145,1.224784,-0.039710
456945140.000,Miguel,recording,switch_hand,18,3.870819,4.432063,9.172852,1.439565,1.628001,-0.167678
456945150.000,Miguel,recording,switch_hand,18,3.608949,5.240314,7.768994,1.463076,1.755674,-0.271639
456945160.000,Miguel,recording,switch_hand,18,3.218963,6.174671,7.041059,1.229602,1.586238,-0.350264
456945170.000,Miguel,recording,switch_hand,18,2.569164,6.947797,7.041387,0.861208,1.160041,-0.385276
456945180.000,Miguel,recording,switch_hand,18,1.867240,7.267307,7.417590,0.474698,0.573302,-0.362410
456945190.000,Miguel,recording,switch_hand,18,1.333982,6.984226,7.901226,0.161194,-0.012894,-0.290633
456945200.000,Miguel,recording,switch_hand,18,1.267488,6.560644,8.278399,-0.033457,-0.429711,-0.203368
456945210.000,Miguel,recording,switch_hand,18,1.763355,6.431415,8.606726,-0.099670,-0.593341,-0.138043
456945220.000,Miguel,recording,switch_hand,18,2.338170,6.571137,9.020949,-0.044382,-0.508772,-0.110237
456945230.000,Miguel,recording,switch_hand,18,2.532105,6.698382,9.458815,0.111760,-0.234660,-0.109416
456945240.000,Miguel,recording,switch_hand,18,2.349131,6.624670,9.631468,0.333541,0.122677,-0.117818
456945250.000,Miguel,recording,switch_hand,18,2.072915,6.507435,9.420853,0.565496,0.454111,-0.121328
456945260.000,Miguel,recording,switch_hand,18,1.820194,6.454014,8.944841,0.752321,0.693566,-0.111504
456945270.000,Miguel,recording,switch_hand,18,1.664907,6.428893,8.443628,0.867793,0.818532,-0.087403
456945280.000,Miguel,recording,switch_hand,18,1.545595,6.361470,7.993380,0.912511,0.839324,-0.054478
456945290.000,Miguel,recording,switch_hand,18,1.436420,6.220483,7.644569,0.902781,0.790202,-0.019667
456945300.000,Miguel,recording,switch_hand,18,1.440757,6.141359,7.419881,0.862811,0.720035,0.013271
456945310.000,Miguel,recording,switch_hand,18,1.617812,6.245225,7.437859,0.820084,0.665746,0.048269
456945320.000,Miguel,recording,switch_hand,18,1.773322,6.455604,7.594667,0.799279,0.630006,0.093267
456945330.000,Miguel,recording,switch_hand,18,1.776532,6.539976,7.728947,0.806369,0.593826,0.149108
456945340.000,Miguel,recording,switch_hand,18,1.746953,6.296569,7.582949,0.829410,0.549580,0.202441
456945350.000,Miguel,recording,switch_hand,18,1.899409,6.001500,7.290625,0.852673,0.511721,0.233022
456945360.000,Miguel,recording,switch_hand,18,2.157183,5.890251,6.996404,0.862751,0.500243,0.227603
456945370.000,Miguel,recording,switch_hand,18,2.408837,6.001459,6.862239,0.858287,0.528763,0.189697
456945380.000,Miguel,recording,switch_hand,18,2.558707,6.202498,6.901943,0.854667,0.600785,0.131869
456945390.000,Miguel,recording,switch_hand,18,2.642609,6.319899,7.080745,0.871047,0.709879,0.065933
456945400.000,Miguel,recording,switch_hand,18,2.637693,6.407920,7.284301,0.912879,0.839182,0.002362
456945410.000,Miguel,recording,switch_hand,18,2.559489,6.481585,7.383010,0.971692,0.956234,-0.050421
456945420.000,Miguel,recording,switch_hand,18,2.449907,6.568107,7.375714,1.030189,1.026583,-0.088386
456945430.000,Miguel,recording,switch_hand,18,2.324957,6.655701,7.286630,1.069356,1.038152,-0.113718
456945440.000,Miguel,recording,switch_hand,18,2.284763,6.775128,7.212193,1.083071,1.005172,-0.128796
456945450.000,Miguel,recording,switch_hand,18,2.270502,6.865879,7.203742,1.080953,0.951188,-0.136976
456945460.000,Miguel,recording,switch_hand,18,2.407165,6.933399,7.273793,1.077049,0.886810,-0.141969
456945470.000,Miguel,recording,switch_hand,18,2.559080,6.882709,7.255781,1.078930,0.809197,-0.148466
456945480.000,Miguel,recording,switch_hand,18,2.733006,6.727789,7.014922,1.078183,0.719696,-0.167259
456945490.000,Miguel,recording,switch_hand,18,2.925730,6.594635,6.685304,1.056117,0.628933,-0.208702
456945500.000,Miguel,recording,switch_hand,18,3.207577,6.554692,6.412845,1.004775,0.544854,-0.278696
456945510.000,Miguel,recording,switch_hand,18,3.672559,6.564639,6.160470,0.934372,0.465509,-0.376388
456945520.000,Miguel,recording,switch_hand,18,4.494191,6.696583,5.772837,0.857997,0.389819,-0.493746
456945530.000,Miguel,recording,switch_hand,18,5.657309,6.879705,5.175216,0.768696,0.345969,-0.641932
456945540.000,Miguel,recording,switch_hand,18,6.612862,6.804806,4.559496,0.644289,0.370588,-0.850955
456945550.000,Miguel,recording,switch_hand,18,7.031730,6.307818,4.180202,0.480949,0.456910,-1.130875
456945560.000,Miguel,recording,switch_hand,18,6.874995,5.466003,4.142758,0.303417,0.572198,-1.467018
456945570.000,Miguel,recording,switch_hand,18,6.227062,4.508671,4.372572,0.146463,0.704161,-1.840446
456945580.000,Miguel,recording,switch_hand,18,5.169133,3.701124,4.323817,0.018796,0.877286,-2.214144
456945590.000,Miguel,recording,switch_hand,18,4.038750,3.006038,3.385843,-0.115794,1.116134,-2.527570
456945600.000,Miguel,recording,switch_hand,18,2.953902,2.420416,2.359412,-0.257222,1.329745,-2.805132
456945610.000,Miguel,recording,switch_hand,18,-0.797958,4.146933,1.758349,-0.406963,1.351955,-3.202506
456945620.000,Miguel,recording,switch_hand,18,-8.968139,9.653162,1.713023,-0.601298,1.218146,-3.545133
456945630.000,Miguel,recording,switch_hand,18,-12.037824,11.578233,3.681050,-0.688669,1.270782,-3.190155
456945640.000,Miguel,recording,switch_hand,18,-10.164157,9.818983,4.626257,-0.603763,1.583244,-2.236955
456945650.000,Miguel,recording,switch_hand,18,-6.912418,8.551772,4.236103,-0.554342,1.789995,-1.457702
456945660.000,Miguel,recording,switch_hand,18,-4.412742,6.426399,2.641050,-0.730154,1.745291,-1.149016
456945670.000,Miguel,recording,switch_hand,18,-4.704074,6.018808,0.808961,-1.273720,1.655744,-1.155340
456945680.000,Miguel,recording,switch_hand,18,-5.816012,6.867721,-0.138389,-2.047193,1.716155,-1.173037
456945690.000,Miguel,recording,switch_hand,18,-6.274685,7.159991,0.185043,-2.814355,1.975784,-1.053623
456945700.000,Miguel,recording,switch_hand,18,-5.896947,6.220711,1.497834,-3.506326,2.181625,-0.865612
456945710.000,Miguel,recording,switch_hand,18,-5.668355,4.556330,6.403940,-3.941574,1.765785,-0.735092
456945720.000,Miguel,recording,switch_hand,18,-4.932417,3.699100,12.052760,-3.855256,0.747356,-0.698366
456945730.000,Miguel,recording,switch_hand,18,-4.788640,3.353270,14.237410,-3.167332,-0.180679,-0.700047
456945740.000,Miguel,recording,switch_hand,18,-5.266283,3.725438,14.936221,-2.093361,-0.666749,-0.669772
456945750.000,Miguel,recording,switch_hand,18,-5.418902,3.956211,14.325997,-0.976845,-0.914335,-0.543349
456945760.000,Miguel,recording,switch_hand,18,-5.061659,3.897034,12.866771,-0.063186,-1.115139,-0.332687
456945770.000,Miguel,recording,switch_hand,18,-4.489631,4.053946,11.276881,0.564753,-1.214138,-0.115660
456945780.000,Miguel,recording,switch_hand,18,-3.783585,4.424090,9.780622,0.918980,-1.167969,0.040101
456945790.000,Miguel,recording,switch_hand,18,-3.438783,4.985226,8.780992,1.047628,-1.013025,0.110531
456945800.000,Miguel,recording,switch_hand,18,-3.272951,5.625761,7.894264,1.007383,-0.798352,0.103070
456945810.000,Miguel,recording,switch_hand,18,-3.288559,6.186241,7.312109,0.855005,-0.562568,0.047199
456945820.000,Miguel,recording,switch_hand,18,-3.351611,6.404031,6.937361,0.648311,-0.335501,-0.023502
456945830.000,Miguel,recording,switch_hand,18,-3.394853,6.285310,6.702015,0.432240,-0.147623,-0.085424
456945840.000,Miguel,recording,switch_hand,18,-3.487421,6.038025,6.611110,0.234020,-0.031094,-0.123510
456945850.000,Miguel,recording,switch_hand,18,-3.606485,5.783902,6.661639,0.074624,-0.006537,-0.128193
456945860.000,Miguel,recording,switch_hand,18,-3.732786,5.586471,6.873001,-0.027560,-0.076678,-0.094542
456945870.000,Miguel,recording,switch_hand,18,-3.804707,5.451685,7.214210,-0.062526,-0.229392,-0.023205
456945880.000,Miguel,recording,switch_hand,18,-3.777530,5.294911,7.623321,-0.026974,-0.444962,0.083609
456945890.000,Miguel,recording,switch_hand,18,-3.652231,5.229258,8.040854,0.078212,-0.700651,0.218180
456945900.000,Miguel,recording,switch_hand,18,-3.384196,5.156754,8.363562,0.242801,-0.968537,0.361794
456945910.000,Miguel,recording,switch_hand,18,-3.028434,5.128135,8.499003,0.444029,-1.216415,0.493301
456945920.000,Miguel,recording,switch_hand,18,-2.678054,5.262645,8.473022,0.649428,-1.412371,0.598297
456945930.000,Miguel,recording,switch_hand,18,-2.327047,5.455575,8.292741,0.828940,-1.536488,0.669534
456945940.000,Miguel,recording,switch_hand,18,-2.019671,5.683922,8.029674,0.961885,-1.585832,0.703357
456945950.000,Miguel,recording,switch_hand,18,-1.781347,5.936821,7.730935,1.036791,-1.569375,0.699597
456945960.000,Miguel,recording,switch_hand,18,-1.639841,6.159054,7.420084,1.050712,-1.497702,0.665333
456945970.000,Miguel,recording,switch_hand,18,-1.545853,6.326539,7.217967,1.012673,-1.385059,0.614871
456945980.000,Miguel,recording,switch_hand,18,-1.456779,6.447238,7.102500,0.939033,-1.246737,0.559467
456945990.000,Miguel,recording,switch_hand,18,-1.383652,6.503497,7.072264,0.847494,-1.093779,0.504376
456946000.000,Miguel,recording,switch_hand,18,-1.296626,6.562047,7.084078,0.753646,-0.936727,0.452708
456946010.000,Miguel,recording,switch_hand,18,-1.211533,6.554190,7.139298,0.665529,-0.783581,0.405535
456946020.000,Miguel,recording,switch_hand,18,-1.144157,6.529740,7.148285,0.590639,-0.642357,0.365046
456946030.000,Miguel,recording,switch_hand,18,-1.105557,6.545449,7.189307,0.535057,-0.521754,0.335497
456946040.000,Miguel,recording,switch_hand,18,-1.113854,6.524484,7.178957,0.497854,-0.430453,0.318652
456946050.000,Miguel,recording,switch_hand,18,-1.115231,6.507999,7.124204,0.476265,-0.377898,0.313486
456946060.000,Miguel,recording,switch_hand,18,-1.166595,6.554557,7.134296,0.469331,-0.369672,0.323240
456946070.000,Miguel,recording,switch_hand,18,-1.214258,6.597335,7.183905,0.478905,-0.399009,0.351963
456946080.000,Miguel,recording,switch_hand,18,-1.159748,6.683737,7.278668,0.508038,-0.447308,0.395771
456946090.000,Miguel,recording,switch_hand,18,-0.957187,6.736563,7.307482,0.553049,-0.493368,0.442409
456946100.000,Miguel,recording,switch_hand,18,-0.665006,6.796755,7.230112,0.602758,-0.524935,0.478190
456946110.000,Miguel,recording,switch_hand,18,-0.491928,6.910082,7.128261,0.646855,-0.539741,0.497448
456946120.000,Miguel,recording,switch_hand,18,-0.359306,7.063188,6.979568,0.676993,-0.533880,0.500108
456946130.000,Miguel,recording,switch_hand,18,-0.218487,7.147206,6.784434,0.685093,-0.504606,0.486734
456946140.000,Miguel,recording,switch_hand,18,-0.133683,7.178145,6.589866,0.667349,-0.455327,0.459822
456946150.000,Miguel,recording,switch_hand,18,-0.142180,7.142423,6.455164,0.629302,-0.391807,0.425850
456946160.000,Miguel,recording,switch_hand,18,-0.225155,7.127936,6.461055,0.592747,-0.328550,0.406259
456946170.000,Miguel,recording,switch_hand,18,-0.365482,7.239293,6.572548,0.566537,-0.281453,0.411333
456946180.000,Miguel,recording,switch_hand,18,-0.667985,7.283435,6.608934,0.551457,-0.248284,0.427932
456946190.000,Miguel,recording,switch_hand,18,-1.246059,7.372977,6.783712,0.562821,-0.231721,0.456704
456946200.000,Miguel,recording,switch_hand,18,-2.148700,7.533644,6.969993,0.618368,-0.268181,0.520351
456946210.000,Miguel,recording,switch_hand,18,-3.247562,7.520061,7.114382,0.737629,-0.423151,0.637339
456946220.000,Miguel,recording,switch_hand,18,-4.104609,7.177455,7.041433,0.935516,-0.762280,0.790636
456946230.000,Miguel,recording,switch_hand,18,-4.907367,6.483570,6.532616,1.228101,-1.313195,0.939350
456946240.000,Miguel,recording,switch_hand,18,-5.756783,6.225728,5.401583,1.579681,-2.068046,1.068197
456946250.000,Miguel,recording,switch_hand,18,-6.056911,6.863018,3.880225,1.865613,-2.960421,1.220747
456946260.000,Miguel,recording,switch_hand,18,-5.601460,6.515778,2.296624,1.873370,-3.491078,1.640637
456946270.000,Miguel,recording,switch_hand,18,-1.015838,5.258118,-0.930751,1.191296,-2.861519,2.608771
456946280.000,Miguel,recording,switch_hand,18,10.637884,5.599384,-2.062010,0.008381,-1.700407,3.304220
456946290.000,Miguel,recording,switch_hand,18,13.614806,5.369593,0.710404,-1.000822,-0.885750,2.900467
456946300.000,Miguel,recording,switch_hand,18,9.469851,7.104968,0.620922,-1.597045,-0.173683,2.056793
456946310.000,Miguel,recording,switch_hand,18,6.257852,7.039802,2.354109,-1.908853,0.379248,1.484229
456946320.000,Miguel,recording,switch_hand,18,3.955726,6.005191,2.791289,-2.224468,0.569784,1.264736
456946330.000,Miguel,recording,switch_hand,18,3.178488,4.905536,3.752643,-2.602007,0.417433,1.250317
456946340.000,Miguel,recording,switch_hand,18,3.873461,4.148884,4.524563,-2.987085,0.258750,1.243941
456946350.000,Miguel,recording,switch_hand,18,4.375474,4.079713,4.843639,-3.394750,0.374018,1.132906
456946360.000,Miguel,recording,switch_hand,18,4.876936,4.056896,6.358158,-3.748942,0.516690,0.922970
456946370.000,Miguel,recording,switch_hand,18,4.097850,4.514383,8.291683,-3.868654,0.366000,0.676625
456946380.000,Miguel,recording,switch_hand,18,4.221842,5.526551,11.389608,-3.596833,-0.166938,0.438172
456946390.000,Miguel,recording,switch_hand,18,4.427499,6.489878,13.757312,-2.931678,-0.937615,0.226295
456946400.000,Miguel,recording,switch_hand,18,4.259518,6.765619,14.366098,-2.057245,-1.616695,0.070023
456946410.000,Miguel,recording,switch_hand,18,3.594130,6.320962,13.001331,-1.227694,-1.909912,-0.007218
456946420.000,Miguel,recording,switch_hand,18,2.987231,5.772257,11.265879,-0.578025,-1.794655,-0.032188
456946430.000,Miguel,recording,switch_hand,18,2.741493,5.651687,10.001158,-0.099798,-1.428072,-0.050712
456946440.000,Miguel,recording,switch_hand,18,2.778338,5.790585,9.191155,0.251316,-0.937506,-0.078159
456946450.000,Miguel,recording,switch_hand,18,2.970930,6.181110,8.744036,0.510226,-0.410022,-0.100608
456946460.000,Miguel,recording,switch_hand,18,3.213129,6.625627,8.431091,0.699883,0.073392,-0.101360
456946470.000,Miguel,recording,switch_hand,18,3.359135,6.968833,8.013070,0.824467,0.453208,-0.073981
456946480.000,Miguel,recording,switch_hand,18,3.341143,7.213147,7.481675,0.866278,0.706437,-0.019712
456946490.000,Miguel,recording,switch_hand,18,3.216294,7.294874,6.951922,0.809943,0.835910,0.050830
456946500.000,Miguel,recording,switch_hand,18,2.958016,7.151345,6.534970,0.660033,0.856255,0.123060
456946510.000,Miguel,recording,switch_hand,18,2.590207,6.933324,6.396791,0.443688,0.795263,0.193844
456946520.000,Miguel,recording,switch_hand,18,2.238357,6.704371,6.617020,0.209140,0.694101,0.263407
456946530.000,Miguel,recording,switch_hand,18,2.130406,6.458284,7.175828,0.018842,0.610969,0.320358
456946540.000,Miguel,recording,switch_hand,18,2.341782,6.207832,7.963500,-0.066487,0.609984,0.351934
456946550.000,Miguel,recording,switch_hand,18,2.708882,6.012482,8.750366,-0.013847,0.724152,0.353077
456946560.000,Miguel,recording,switch_hand,18,3.083744,5.861392,9.361562,0.165552,0.929353,0.329732
456946570.000,Miguel,recording,switch_hand,18,3.296691,5.729244,9.566224,0.419810,1.153211,0.290953
456946580.000,Miguel,recording,switch_hand,18,3.360030,5.592955,9.320090,0.679634,1.321340,0.240376
456946590.000,Miguel,recording,switch_hand,18,3.310218,5.455481,8.802281,0.882576,1.395953,0.180618
456946600.000,Miguel,recording,switch_hand,18,3.189955,5.270803,8.151039,0.994249,1.378192,0.115519
456946610.000,Miguel,recording,switch_hand,18,3.055610,5.104480,7.564983,1.013868,1.290803,0.051022
456946620.000,Miguel,recording,switch_hand,18,3.010868,5.178289,7.201384,0.961569,1.160561,-0.005370
456946630.000,Miguel,recording,switch_hand,18,3.033464,5.438357,7.145334,0.871669,1.017130,-0.052617
456946640.000,Miguel,recording,switch_hand,18,3.022824,5.626565,7.311971,0.787416,0.887445,-0.094919
456946650.000,Miguel,recording,switch_hand,18,2.930011,5.671612,7.563002,0.741375,0.780379,-0.126483
456946660.000,Miguel,recording,switch_hand,18,2.751512,5.673771,7.692068,0.737126,0.685799,-0.134947
456946670.000,Miguel,recording,switch_hand,18,2.574631,5.698213,7.594566,0.753866,0.588408,-0.123106
456946680.000,Miguel,recording,switch_hand,18,2.592464,5.717333,7.296238,0.765473,0.487045,-0.108795
456946690.000,Miguel,recording,switch_hand,18,2.767802,5.715443,6.953398,0.755035,0.400318,-0.110786
456946700.000,Miguel,recording,switch_hand,18,2.949381,5.746409,6.674475,0.719114,0.349460,-0.136605
456946710.000,Miguel,recording,switch_hand,18,3.106390,5.833221,6.531209,0.667295,0.339875,-0.184700
456946720.000,Miguel,recording,switch_hand,18,3.227955,5.943168,6.509703,0.615934,0.364668,-0.254932
456946730.000,Miguel,recording,switch_hand,18,3.280503,6.045142,6.575886,0.581308,0.417658,-0.344737
456946740.000,Miguel,recording,switch_hand,18,3.209664,6.103923,6.655685,0.569697,0.487478,-0.443927
456946750.000,Miguel,recording,switch_hand,18,3.038298,6.146340,6.681756,0.574440,0.552367,-0.538131
456946760.000,Miguel,recording,switch_hand,18,2.823687,6.142563,6.619699,0.584518,0.599051,-0.619195
456946770.000,Miguel,recording,switch_hand,18,2.590952,6.158361,6.542939,0.590469,0.625389,-0.682672
456946780.000,Miguel,recording,switch_hand,18,2.410067,6.297574,6.498069,0.584115,0.629668,-0.722866
456946790.000,Miguel,recording,switch_hand,18,2.187653,6.359128,6.406903,0.560244,0.610200,-0.743857
456946800.000,Miguel,recording,switch_hand,18,2.004368,6.325726,6.269907,0.518949,0.573675,-0.757027
456946810.000,Miguel,recording,switch_hand,18,1.936604,6.354638,6.225582,0.465126,0.534694,-0.771448
456946820.000,Miguel,recording,switch_hand,18,1.864017,6.413890,6.261450,0.407303,0.504531,-0.788888
456946830.000,Miguel,recording,switch_hand,18,1.733387,6.481357,6.290707,0.353804,0.490310,-0.804868
456946840.000,Miguel,recording,switch_hand,18,1.701864,6.551769,6.420959,0.311925,0.497518,-0.821207
456946850.000,Miguel,recording,switch_hand,18,1.839677,6.596348,6.610068,0.289417,0.530258,-0.848966
456946860.000,Miguel,recording,switch_hand,18,2.041702,6.570382,6.763412,0.290991,0.588395,-0.895765
456946870.000,Miguel,recording,switch_hand,18,2.248849,6.478583,6.776725,0.310112,0.669284,-0.961837
456946880.000,Miguel,recording,switch_hand,18,2.488172,6.400076,6.648642,0.328053,0.770937,-1.048250
456946890.000,Miguel,recording,switch_hand,18,2.769940,6.380888,6.389514,0.324157,0.884062,-1.156993
456946900.000,Miguel,recording,switch_hand,18,3.128216,6.378701,5.989730,0.282107,0.992806,-1.300227
456946910.000,Miguel,recording,switch_hand,18,3.812648,6.192578,5.370571,0.166549,1.065471,-1.540388
456946920.000,Miguel,recording,switch_hand,18,5.410612,5.378880,4.335273,-0.080551,1.083072,-2.002178
456946930.000,Miguel,recording,switch_hand,18,7.069880,4.333361,3.796491,-0.446377,1.179129,-2.762204
456946940.000,Miguel,recording,switch_hand,18,6.001320,3.938701,4.564067,-0.775136,1.591480,-3.667100
456946950.000,Miguel,recording,switch_hand,18,1.359667,3.937498,5.943521,-0.871381,2.358530,-4.407819
456946960.000,Miguel,recording,switch_hand,18,-5.833017,4.947723,7.016649,-0.731040,3.210941,-4.698418
456946970.000,Miguel,recording,switch_hand,18,-13.382173,5.350681,8.004537,-0.498943,3.892478,-4.341029
456946980.000,Miguel,recording,switch_hand,18,-13.518365,4.975842,8.726436,-0.360141,4.321168,-3.498590
456946990.000,Miguel,recording,switch_hand,18,-9.916000,6.134308,7.384911,-0.519954,4.566815,-2.619461
456947000.000,Miguel,recording,switch_hand,18,-9.018534,7.615338,4.633094,-0.877003,4.874938,-1.949449
456947010.000,Miguel,recording,switch_hand,18,-9.159597,7.677942,3.203135,-1.277906,5.138951,-1.441284
456947020.000,Miguel,recording,switch_hand,18,-9.994091,6.199977,3.007532,-1.677484,5.076511,-0.948517
456947030.000,Miguel,recording,switch_hand,18,-11.496761,5.426063,4.578048,-1.914058,4.666679,-0.383014
456947040.000,Miguel,recording,switch_hand,18,-10.877121,4.245911,6.173979,-1.916225,3.933462,0.213219
456947050.000,Miguel,recording,switch_hand,18,-9.348905,4.098503,7.202164,-1.686213,3.080120,0.708072
456947060.000,Miguel,recording,switch_hand,18,-7.724009,4.252548,7.933852,-1.249521,2.367098,1.003866
456947070.000,Miguel,recording,switch_hand,18,-6.512104,4.859064,7.651264,-0.741395,1.815931,1.117517
456947080.000,Miguel,recording,switch_hand,18,-5.872765,5.384098,6.539863,-0.338452,1.362155,1.142101
456947090.000,Miguel,recording,switch_hand,18,-5.424390,5.982474,5.468906,-0.122798,0.970306,1.164273
456947100.000,Miguel,recording,switch_hand,18,-4.935708,6.476444,4.887033,-0.071522,0.626706,1.185626
456947110.000,Miguel,recording,switch_hand,18,-4.412686,6.786125,4.489937,-0.128782,0.397391,1.142676
456947120.000,Miguel,recording,switch_hand,18,-4.027861,6.724647,4.138020,-0.252094,0.369948,1.004755
456947130.000,Miguel,recording,switch_hand,18,-3.890228,6.523864,3.811386,-0.423787,0.481865,0.834445
456947140.000,Miguel,recording,switch_hand,18,-3.672468,6.661079,3.841898,-0.648792,0.540764,0.705962
456947150.000,Miguel,recording,switch_hand,18,-3.479561,6.556043,4.196853,-0.882112,0.505527,0.619026
456947160.000,Miguel,recording,switch_hand,18,-3.257321,6.384263,4.853399,-1.035199,0.436035,0.548574
456947170.000,Miguel,recording,switch_hand,18,-3.310439,6.240125,5.627105,-1.065564,0.315807,0.484792
456947180.000,Miguel,recording,switch_hand,18,-3.453085,6.173341,6.116081,-0.981551,0.129474,0.428343
456947190.000,Miguel,recording,switch_hand,18,-3.624361,6.307522,6.231484,-0.823936,-0.088301,0.368846
456947200.000,Miguel,recording,switch_hand,18,-3.816184,6.611240,6.044522,-0.651313,-0.305842,0.292077
456947210.000,Miguel,recording,switch_hand,18,-3.858035,6.940761,5.798907,-0.513335,-0.531963,0.200903
456947220.000,Miguel,recording,switch_hand,18,-3.877106,7.038826,5.648402,-0.425105,-0.761559,0.107165
456947230.000,Miguel,recording,switch_hand,18,-3.907644,6.907518,5.650298,-0.370307,-0.970196,0.010622
456947240.000,Miguel,recording,switch_hand,18,-4.082929,6.646304,5.696789,-0.338495,-1.151954,-0.099460
456947250.000,Miguel,recording,switch_hand,18,-4.220736,6.472026,5.714873,-0.337757,-1.311195,-0.222757
456947260.000,Miguel,recording,switch_hand,18,-4.156387,6.554689,5.852253,-0.368162,-1.447328,-0.339436
456947270.000,Miguel,recording,switch_hand,18,-3.817046,6.586692,6.038786,-0.415188,-1.546049,-0.437073
456947280.000,Miguel,recording,switch_hand,18,-3.397569,6.434073,6.331513,-0.459495,-1.596187,-0.527983
456947290.000,Miguel,recording,switch_hand,18,-3.052534,6.177771,6.737834,-0.484313,-1.594983,-0.630738
456947300.000,Miguel,recording,switch_hand,18,-2.905246,5.835032,7.009952,-0.479186,-1.574351,-0.746286
456947310.000,Miguel,recording,switch_hand,18,-3.181488,5.457902,7.661567,-0.421744,-1.606241,-0.848296
456947320.000,Miguel,recording,switch_hand,18,-3.758555,5.084742,8.407068,-0.279774,-1.719326,-0.901264
456947330.000,Miguel,recording,switch_hand,18,-4.393345,4.804147,8.816540,-0.055417,-1.860994,-0.877526
456947340.000,Miguel,recording,switch_hand,18,-4.922442,4.569281,8.751545,0.203369,-1.973336,-0.763605
456947350.000,Miguel,recording,switch_hand,18,-5.224957,4.477430,8.558763,0.444332,-2.048208,-0.569365
456947360.000,Miguel,recording,switch_hand,18,-5.247365,4.503705,8.325300,0.639380,-2.097405,-0.327383
456947370.000,Miguel,recording,switch_hand,18,-5.057061,4.648357,8.110880,0.781040,-2.129395,-0.077734
456947380.000,Miguel,recording,switch_hand,18,-4.855229,4.842477,8.018625,0.879507,-2.160511,0.148757
456947390.000,Miguel,recording,switch_hand,18,-4.607639,5.044192,8.005866,0.950784,-2.205246,0.326538
456947400.000,Miguel,recording,switch_hand,18,-4.337995,5.283197,8.069116,1.009528,-2.264119,0.445243
456947410.000,Miguel,recording,switch_hand,18,-4.030331,5.660951,8.227437,1.067240,-2.306780,0.503794
456947420.000,Miguel,recording,switch_hand,18,-3.646921,5.993225,8.297739,1.121377,-2.286652,0.500298
456947430.000,Miguel,recording,switch_hand,18,-3.168171,6.107507,8.192302,1.152797,-2.190430,0.441297
456947440.000,Miguel,recording,switch_hand,18,-2.782063,6.005939,7.930385,1.136335,-2.032659,0.343257
456947450.000,Miguel,recording,switch_hand,18,-2.527498,5.808864,7.603423,1.063361,-1.835283,0.234672
456947460.000,Miguel,recording,switch_hand,18,-2.605539,5.726808,7.489758,0.950681,-1.624386,0.147029
456947470.000,Miguel,recording,switch_hand,18,-2.768126,5.776761,7.599285,0.833693,-1.428572,0.099437
456947480.000,Miguel,recording,switch_hand,18,-2.906816,5.943044,7.868564,0.752082,-1.272458,0.085725
456947490.000,Miguel,recording,switch_hand,18,-2.972714,6.067772,8.073992,0.726622,-1.165964,0.078821
456947500.000,Miguel,recording,switch_hand,18,-3.057031,6.139384,8.140015,0.749776,-1.106342,0.055381
456947510.000,Miguel,recording,switch_hand,18,-3.235657,6.072044,7.943416,0.793139,-1.080352,0.021938
456947520.000,Miguel,recording,switch_hand,18,-3.553293,5.843314,7.598337,0.833004,-1.080218,-0.000461
456947530.000,Miguel,recording,switch_hand,18,-4.135587,5.543619,7.220697,0.863781,-1.130100,0.010083
456947540.000,Miguel,recording,switch_hand,18,-4.910561,5.139006,6.593818,0.844754,-1.272027,0.100130
456947550.000,Miguel,recording,switch_hand,18,-5.363620,5.213513,5.648728,0.681134,-1.514130,0.339215
456947560.000,Miguel,recording,switch_hand,18,-5.618274,4.766477,4.994835,0.494251,-1.836079,0.715359
456947570.000,Miguel,recording,switch_hand,18,-4.022046,5.999108,5.640355,0.387915,-2.168362,1.209773
456947580.000,Miguel,recording,switch_hand,18,-0.210573,8.132836,5.276414,0.176171,-2.361326,1.712557
456947590.000,Miguel,recording,switch_hand,18,1.690999,8.970731,5.179882,-0.209198,-2.456583,1.895819
456947600.000,Miguel,recording,switch_hand,18,2.724538,9.085101,5.587756,-0.450628,-2.514439,1.709271
456947610.000,Miguel,recording,switch_hand,18,2.600175,9.399866,6.429931,-0.419615,-2.490326,1.454039
456947620.000,Miguel,recording,switch_hand,18,2.860047,7.503707,5.021538,-0.399255,-2.384551,1.273405
456947630.000,Miguel,recording,switch_hand,19,3.124821,5.903223,3.661096,-0.581560,-2.255195,1.108046
456947640.000,Miguel,recording,switch_hand,19,3.620194,5.212204,2.639435,-1.063508,-2.372811,0.910177
456947650.000,Miguel,recording,switch_hand,19,3.838750,5.280818,1.751780,-1.849436,-2.909065,0.695582
456947660.000,Miguel,recording,switch_hand,19,3.834191,5.812641,1.075028,-2.819165,-3.674761,0.509430
456947670.000,Miguel,recording,switch_hand,19,4.071187,5.474203,1.843688,-3.786138,-4.169913,0.374245
456947680.000,Miguel,recording,switch_hand,19,4.062306,4.529594,7.454887,-4.348114,-3.727746,0.290442
456947690.000,Miguel,recording,switch_hand,19,3.247157,3.687323,15.062821,-4.010772,-2.539570,0.244870
456947700.000,Miguel,recording,switch_hand,19,3.729060,3.944243,17.869501,-2.759140,-1.315345,0.191356
456947710.000,Miguel,recording,switch_hand,19,3.940666,4.170415,17.614390,-1.125453,-0.223644,0.065777
456947720.000,Miguel,recording,switch_hand,19,3.427949,4.258026,14.301011,0.317313,0.748231,-0.138350
456947730.000,Miguel,recording,switch_hand,19,2.553244,4.599407,11.646167,1.317896,1.555194,-0.341113
456947740.000,Miguel,recording,switch_hand,19,1.698024,5.334364,10.233159,1.905754,2.115562,-0.441473
456947750.000,Miguel,recording,switch_hand,19,0.881043,6.077624,9.152883,2.179535,2.375297,-0.392640
456947760.000,Miguel,recording,switch_hand,19,0.319778,6.512106,8.297918,2.199155,2.311529,-0.222163
456947770.000,Miguel,recording,switch_hand,19,-0.036038,6.707859,7.223976,2.003645,1.941396,0.001681
456947780.000,Miguel,recording,switch_hand,19,-0.081413,6.602530,6.557517,1.649427,1.335230,0.213664
456947790.000,Miguel,recording,switch_hand,19,0.020458,6.355299,6.135728,1.212061,0.606888,0.375982
456947800.000,Miguel,recording,switch_hand,19,0.175581,6.093540,5.979910,0.771764,-0.101108,0.477294
456947810.000,Miguel,recording,switch_hand,19,0.294657,5.959133,6.162004,0.398321,-0.652979,0.534086
456947820.000,Miguel,recording,switch_hand,19,0.530782,6.093954,6.606928,0.145445,-0.967149,0.576474
456947830.000,Miguel,recording,switch_hand,19,0.931765,6.251340,7.167955,0.044164,-1.008649,0.623345
456947840.000,Miguel,recording,switch_hand,19,1.497496,6.383553,7.679732,0.093860,-0.775907,0.669025
456947850.000,Miguel,recording,switch_hand,19,2.148226,6.479561,7.922560,0.258207,-0.325399,0.689092
456947860.000,Miguel,recording,switch_hand,19,2.530511,6.465130,7.927792,0.480775,0.232158,0.659349
456947870.000,Miguel,recording,switch_hand,19,2.581863,6.275765,7.670972,0.681757,0.743595,0.597698
456947880.000,Miguel,recording,switch_hand,19,2.429371,5.962457,7.231771,0.794360,1.067552,0.532169
456947890.000,Miguel,recording,switch_hand,19,2.237991,5.738868,6.991486,0.804436,1.157054,0.462863
456947900.000,Miguel,recording,switch_hand,19,2.047640,5.584670,6.828758,0.731862,1.040350,0.391180
456947910.000,Miguel,recording,switch_hand,19,1.877074,5.394965,6.747836,0.614644,0.780054,0.319592
456947920.000,Miguel,recording,switch_hand,19,1.760118,5.303548,6.727890,0.487865,0.468485,0.252102
456947930.000,Miguel,recording,switch_hand,19,1.738007,5.461251,6.840977,0.380204,0.198185,0.194415
456947940.000,Miguel,recording,switch_hand,19,1.771358,5.728657,7.028440,0.317918,0.015049,0.153347
456947950.000,Miguel,recording,switch_hand,19,1.848617,6.005823,7.123550,0.314087,-0.066959,0.131624
456947960.000,Miguel,recording,switch_hand,19,1.956295,6.191647,7.089340,0.359943,-0.037746,0.125328
456947970.000,Miguel,recording,switch_hand,19,2.081612,6.331995,6.985169,0.438407,0.098106,0.123742
456947980.000,Miguel,recording,switch_hand,19,2.104489,6.394190,6.800928,0.523550,0.305338,0.117356
456947990.000,Miguel,recording,switch_hand,19,1.978228,6.459607,6.664757,0.588308,0.538515,0.114424
456948000.000,Miguel,recording,switch_hand,19,1.781449,6.578828,6.639018,0.625664,0.751901,0.128586
456948010.000,Miguel,recording,switch_hand,19,1.676629,6.543248,6.741527,0.643488,0.895904,0.154373
456948020.000,Miguel,recording,switch_hand,19,1.692554,6.446540,6.810340,0.646383,0.950189,0.177412
456948030.000,Miguel,recording,switch_hand,19,1.751162,6.443236,6.756759,0.627424,0.920691,0.193268
456948040.000,Miguel,recording,switch_hand,19,1.812692,6.462472,6.653716,0.582096,0.819952,0.199351
456948050.000,Miguel,recording,switch_hand,19,1.890033,6.462842,6.542820,0.518737,0.676711,0.191472
456948060.000,Miguel,recording,switch_hand,19,1.932383,6.529024,6.503517,0.450882,0.532196,0.172723
456948070.000,Miguel,recording,switch_hand,19,1.893845,6.616194,6.624740,0.397278,0.423599,0.149884
456948080.000,Miguel,recording,switch_hand,19,1.842258,6.677781,6.874897,0.379608,0.373358,0.127516
456948090.000,Miguel,recording,switch_hand,19,1.829933,6.755757,7.091003,0.410030,0.384454,0.106982
456948100.000,Miguel,recording,switch_hand,19,1.823858,6.828901,7.152858,0.482020,0.444829,0.088380
456948110.000,Miguel,recording,switch_hand,19,1.805841,6.933442,6.964713,0.564517,0.533690,0.073717
456948120.000,Miguel,recording,switch_hand,19,1.794814,7.050805,6.610912,0.618011,0.628101,0.065962
456948130.000,Miguel,recording,switch_hand,19,1.820635,7.096926,6.276707,0.622547,0.703901,0.059848
456948140.000,Miguel,recording,switch_hand,19,1.807095,7.079560,6.096840,0.584082,0.747393,0.046722
456948150.000,Miguel,recording,switch_hand,19,1.749307,6.989414,6.069993,0.519083,0.761397,0.028316
456948160.000,Miguel,recording,switch_hand,19,1.736440,6.970054,6.182686,0.444203,0.751222,0.011178
456948170.000,Miguel,recording,switch_hand,19,1.709576,7.011784,6.434233,0.375919,0.716716,-0.002340
456948180.000,Miguel,recording,switch_hand,19,1.629383,6.978114,6.732350,0.329289,0.657250,-0.015309
456948190.000,Miguel,recording,switch_hand,19,1.571556,6.883510,6.963749,0.311733,0.583060,-0.032894
456948200.000,Miguel,recording,switch_hand,19,1.584891,6.793564,7.094961,0.323065,0.515011,-0.058772
456948210.000,Miguel,recording,switch_hand,19,1.587267,6.781335,7.158968,0.356275,0.468143,-0.094690
456948220.000,Miguel,recording,switch_hand,19,1.502858,6.849171,7.143918,0.399819,0.438679,-0.136644
456948230.000,Miguel,recording,switch_hand,19,1.357085,6.932091,7.047800,0.442668,0.410389,-0.175201
456948240.000,Miguel,recording,switch_hand,19,1.241123,7.041706,6.878135,0.475674,0.375910,-0.201810
456948250.000,Miguel,recording,switch_hand,19,1.171563,7.153960,6.692105,0.493821,0.341643,-0.214208
456948260.000,Miguel,recording,switch_hand,19,1.100988,7.252280,6.511183,0.499540,0.319153,-0.213145
456948270.000,Miguel,recording,switch_hand,19,1.148275,7.315426,6.356014,0.501465,0.318719,-0.199756
456948280.000,Miguel,recording,switch_hand,19,1.358166,7.307486,6.262138,0.507037,0.339344,-0.183566
456948290.000,Miguel,recording,switch_hand,19,1.627643,7.273362,6.136113,0.516546,0.369196,-0.181055
456948300.000,Miguel,recording,switch_hand,19,1.805561,7.133661,5.919548,0.523240,0.395700,-0.205513
456948310.000,Miguel,recording,switch_hand,19,1.942158,7.019472,5.626801,0.513803,0.419276,-0.256388
456948320.000,Miguel,recording,switch_hand,19,2.012422,7.013934,5.495033,0.482969,0.456191,-0.324920
456948330.000,Miguel,recording,switch_hand,19,1.976529,7.125502,5.666363,0.448759,0.512284,-0.396966
456948340.000,Miguel,recording,switch_hand,19,1.690007,7.141573,5.921940,0.436432,0.569236,-0.452665
456948350.000,Miguel,recording,switch_hand,19,1.400901,7.017295,6.113601,0.454888,0.616681,-0.480346
456948360.000,Miguel,recording,switch_hand,19,1.267285,6.820743,6.142962,0.491969,0.677023,-0.486889
456948370.000,Miguel,recording,switch_hand,19,1.409773,6.657163,6.161828,0.528340,0.767506,-0.502536
456948380.000,Miguel,recording,switch_hand,19,1.676696,6.729676,5.980064,0.485268,0.771736,-0.616703
456948390.000,Miguel,recording,switch_hand,19,1.836110,7.022422,5.562859,0.234984,0.425583,-0.984396
456948400.000,Miguel,recording,switch_hand,19,1.242007,6.645721,6.990504,-0.006986,-0.109083,-1.520226
456948410.000,Miguel,recording,switch_hand,19,-0.891994,6.466818,9.965967,0.163824,-0.262307,-1.867444
456948420.000,Miguel,recording,switch_hand,19,-3.518956,7.867938,10.283548,0.687507,0.069229,-1.846506
456948430.000,Miguel,recording,switch_hand,19,-4.721885,9.384831,8.428885,1.182976,0.496071,-1.546979
456948440.000,Miguel,recording,switch_hand,19,-4.137381,9.774541,6.303877,1.434941,0.744812,-1.168026
456948450.000,Miguel,recording,switch_hand,19,-3.007961,9.176555,4.566522,1.461228,0.824203,-0.868873
456948460.000,Miguel,recording,switch_hand,19,-2.736686,8.821126,3.529809,1.327393,0.853639,-0.667162
456948470.000,Miguel,recording,switch_hand,19,-2.629618,8.558549,3.217883,1.082382,0.893813,-0.513803
456948480.000,Miguel,recording,switch_hand,19,-2.573190,8.177980,3.514610,0.800588,0.909598,-0.382670
456948490.000,Miguel,recording,switch_hand,19,-2.890102,8.067930,4.235994,0.571199,0.889333,-0.263796
456948500.000,Miguel,recording,switch_hand,19,-3.902065,7.944244,5.383987,0.437403,0.780160,-0.122859
456948510.000,Miguel,recording,switch_hand,19,-4.454769,7.719024,7.051824,0.399377,0.467027,0.083326
456948520.000,Miguel,recording,switch_hand,19,-2.465982,7.703097,7.866726,0.489052,0.103192,0.295823
456948530.000,Miguel,recording,switch_hand,19,-0.024526,7.898606,6.868035,0.711598,-0.044604,0.363674
456948540.000,Miguel,recording,switch_hand,19,0.396451,8.010142,5.465015,0.958585,0.009411,0.260878
456948550.000,Miguel,recording,switch_hand,19,-0.082381,8.104785,3.621104,1.084259,0.107198,0.105573
456948560.000,Miguel,recording,switch_hand,19,-1.090944,8.033933,2.880780,1.034041,0.190918,0.002371
456948570.000,Miguel,recording,switch_hand,19,-1.484509,8.045909,2.355142,0.870957,0.302949,-0.024920
456948580.000,Miguel,recording,switch_hand,19,-1.729205,8.261020,2.305313,0.671787,0.424671,-0.012057
456948590.000,Miguel,recording,switch_hand,19,-1.820375,8.468455,2.366870,0.468846,0.490907,0.012047
456948600.000,Miguel,recording,switch_hand,19,-1.842162,8.466599,2.417848,0.268264,0.477082,0.041425
456948610.000,Miguel,recording,switch_hand,19,-1.692518,8.482428,2.387657,0.073547,0.404506,0.069137
456948620.000,Miguel,recording,switch_hand,19,-1.412785,8.556122,2.511277,-0.113041,0.320799,0.079250
456948630.000,Miguel,recording,switch_hand,19,-1.238670,8.615672,2.901342,-0.280488,0.275857,0.060349
456948640.000,Miguel,recording,switch_hand,19,-1.290181,8.622550,3.702609,-0.401846,0.283298,0.018291
456948650.000,Miguel,recording,switch_hand,19,-1.656520,8.585864,4.754133,-0.446099,0.315316,-0.025065
456948660.000,Miguel,recording,switch_hand,19,-2.228071,8.441914,5.585090,-0.393564,0.328896,-0.048269
456948670.000,Miguel,recording,switch_hand,19,-2.766640,8.165215,5.966109,-0.256052,0.290905,-0.041933
456948680.000,Miguel,recording,switch_hand,19,-3.227036,7.910894,5.754205,-0.082389,0.187390,-0.003475
456948690.000,Miguel,recording,switch_hand,19,-3.534600,7.843801,5.072286,0.053409,0.021038,0.071940
456948700.000,Miguel,recording,switch_hand,19,-3.492074,7.987267,4.266476,0.089895,-0.182393,0.188193
456948710.000,Miguel,recording,switch_hand,19,-3.067635,8.345904,3.577041,0.016294,-0.383871,0.332855
456948720.000,Miguel,recording,switch_hand,19,-2.360201,8.651658,3.158839,-0.130733,-0.554731,0.473286
456948730.000,Miguel,recording,switch_hand,19,-1.635788,8.837429,2.903805,-0.307728,-0.690055,0.574688
456948740.000,Miguel,recording,switch_hand,19,-1.023009,8.779542,2.793409,-0.485371,-0.794510,0.615991
456948750.000,Miguel,recording,switch_hand,19,-0.593830,8.621303,2.811583,-0.646661,-0.863964,0.594613
456948760.000,Miguel,recording,switch_hand,19,-0.480519,8.578462,2.948542,-0.788012,-0.893214,0.520618
456948770.000,Miguel,recording,switch_hand,19,-0.798967,8.564804,3.060760,-0.912064,-0.899847,0.413784
456948780.000,Miguel,recording,switch_hand,19,-1.135498,8.415882,3.159320,-1.026795,-0.921322,0.296338
456948790.000,Miguel,recording,switch_hand,19,-1.345852,8.261634,3.162649,-1.156915,-0.976004,0.188304
456948800.000,Miguel,recording,switch_hand,19,-1.460619,8.016071,3.349861,-1.325633,-1.025164,0.110864
456948810.000,Miguel,recording,switch_hand,19,-1.564427,7.685945,4.200324,-1.509974,-0.991845,0.085381
456948820.000,Miguel,recording,switch_hand,19,-1.401918,7.318148,5.552380,-1.635732,-0.846897,0.124985
456948830.000,Miguel,recording,switch_hand,19,-1.010421,7.192454,6.908926,-1.631137,-0.664656,0.226752
456948840.000,Miguel,recording,switch_hand,19,-0.722156,7.379986,7.657629,-1.493458,-0.582005,0.371185
456948850.000,Miguel,recording,switch_hand,19,-0.465935,7.518137,7.691673,-1.312354,-0.685557,0.515228
456948860.000,Miguel,recording,switch_hand,19,-0.340350,7.353118,7.008796,-1.188533,-0.944024,0.617189
456948870.000,Miguel,recording,switch_hand,19,-0.312066,7.044636,6.259925,-1.146955,-1.230443,0.662283
456948880.000,Miguel,recording,switch_hand,19,-0.279474,6.842368,6.101877,-1.141761,-1.395751,0.654461
456948890.000,Miguel,recording,switch_hand,19,-0.086387,6.964267,6.614450,-1.106611,-1.358489,0.613679
456948900.000,Miguel,recording,switch_hand,19,0.242828,7.238942,7.346023,-1.001765,-1.134400,0.566353
456948910.000,Miguel,recording,switch_hand,19,0.691498,7.517857,7.991816,-0.823166,-0.797236,0.532371
456948920.000,Miguel,recording,switch_hand,19,1.003730,7.670420,8.341414,-0.594078,-0.432343,0.515999
456948930.000,Miguel,recording,switch_hand,19,1.091988,7.648545,8.273149,-0.355297,-0.114236,0.509531
456948940.000,Miguel,recording,switch_hand,19,1.033745,7.512294,7.823908,-0.155870,0.102320,0.501598
456948950.000,Miguel,recording,switch_hand,19,0.966079,7.390922,7.115108,-0.036868,0.195345,0.478896
456948960.000,Miguel,recording,switch_hand,19,0.910728,7.311139,6.568301,-0.009926,0.188562,0.433329
456948970.000,Miguel,recording,switch_hand,19,0.922525,7.349464,6.401619,-0.046302,0.144891,0.367167
456948980.000,Miguel,recording,switch_hand,19,0.982921,7.510067,6.712130,-0.083487,0.141236,0.293648
456948990.000,Miguel,recording,switch_hand,19,1.100990,7.587324,7.308668,-0.061512,0.233713,0.227906
456949000.000,Miguel,recording,switch_hand,19,1.275516,7.603312,7.796257,0.041227,0.431621,0.176953
456949010.000,Miguel,recording,switch_hand,19,1.446686,7.460226,7.975649,0.199615,0.683805,0.137295
456949020.000,Miguel,recording,switch_hand,19,1.599821,7.297002,7.775962,0.360089,0.901588,0.094345
456949030.000,Miguel,recording,switch_hand,19,1.615325,7.160679,7.387666,0.473057,1.008250,0.034494
456949040.000,Miguel,recording,switch_hand,19,1.473078,7.023131,7.014125,0.513103,0.963452,-0.041062
456949050.000,Miguel,recording,switch_hand,19,1.225393,6.892157,6.626707,0.481889,0.769616,-0.119426
456949060.000,Miguel,recording,switch_hand,19,0.963236,6.845276,6.233857,0.393312,0.470541,-0.186382
456949070.000,Miguel,recording,switch_hand,19,0.740327,6.984522,5.924598,0.262428,0.132543,-0.231388
456949080.000,Miguel,recording,switch_hand,19,0.516714,7.214879,5.822386,0.111122,-0.181254,-0.249267
456949090.000,Miguel,recording,switch_hand,19,0.237749,7.366487,5.957358,-0.025606,-0.423297,-0.241249
456949100.000,Miguel,recording,switch_hand,19,0.015346,7.407236,6.249842,-0.112164,-0.564731,-0.212073
456949110.000,Miguel,recording,switch_hand,19,-0.067356,7.371339,6.484856,-0.129230,-0.594450,-0.166590
456949120.000,Miguel,recording,switch_hand,19,-0.056599,7.274426,6.613125,-0.079831,-0.509373,-0.110678
456949130.000,Miguel,recording,switch_hand,19,0.030373,7.196187,6.564219,0.007109,-0.332417,-0.052230
456949140.000,Miguel,recording,switch_hand,19,0.199751,7.217132,6.358017,0.092947,-0.118358,0.001507
456949150.000,Miguel,recording,switch_hand,19,0.408713,7.264709,6.017814,0.149170,0.073503,0.043237
456949160.000,Miguel,recording,switch_hand,19,0.511095,7.250428,5.671634,0.159951,0.204112,0.066310
456949170.000,Miguel,recording,switch_hand,19,0.497866,7.192961,5.402804,0.120951,0.269111,0.072761
456949180.000,Miguel,recording,switch_hand,19,0.466655,7.154055,5.299214,0.044060,0.286191,0.071033
456949190.000,Miguel,recording,switch_hand,19,0.469094,7.145901,5.404127,-0.045515,0.274158,0.063780
456949200.000,Miguel,recording,switch_hand,19,0.548297,7.106654,5.641018,-0.123022,0.249630,0.048359
456949210.000,Miguel,recording,switch_hand,19,0.632650,7.063373,5.975324,-0.170796,0.230562,0.022899
456949220.000,Miguel,recording,switch_hand,19,0.737146,7.061000,6.305453,-0.180232,0.229923,-0.012745
456949230.000,Miguel,recording,switch_hand,19,0.774992,7.052180,6.553083,-0.153135,0.246688,-0.055852
456949240.000,Miguel,recording,switch_hand,19,0.754876,7.041481,6.692287,-0.101550,0.267196,-0.104215
456949250.000,Miguel,recording,switch_hand,19,0.677253,7.042988,6.682328,-0.043535,0.278924,-0.156055
456949260.000,Miguel,recording,switch_hand,19,0.555765,7.091864,6.579512,0.004915,0.273509,-0.204936
456949270.000,Miguel,recording,switch_hand,19,0.435382,7.182754,6.449879,0.036645,0.253585,-0.247690
456949280.000,Miguel,recording,switch_hand,19,0.255042,7.320316,6.373950,0.051850,0.243208,-0.283153
456949290.000,Miguel,recording,switch_hand,19,0.061377,7.511283,6.406250,0.055107,0.265506,-0.300386
456949300.000,Miguel,recording,switch_hand,19,-0.088971,7.656088,6.487021,0.054447,0.311987,-0.290248
456949310.000,Miguel,recording,switch_hand,19,-0.142560,7.747680,6.550434,0.055348,0.353517,-0.257611
456949320.000,Miguel,recording,switch_hand,19,-0.124392,7.766732,6.575347,0.054264,0.373624,-0.216568
456949330.000,Miguel,recording,switch_hand,19,-0.144887,7.748097,6.576706,0.044118,0.368377,-0.179110
456949340.000,Miguel,recording,switch_hand,19,-0.168438,7.617630,6.588117,0.025853,0.332669,-0.148752
456949350.000,Miguel,recording,switch_hand,19,-0.159763,7.476773,6.611555,0.004167,0.266314,-0.126082
456949360.000,Miguel,recording,switch_hand,19,-0.030139,7.375060,6.629964,-0.015700,0.181321,-0.115015
456949370.000,Miguel,recording,switch_hand,19,0.201220,7.324919,6.631424,-0.028512,0.100547,-0.118991
456949380.000,Miguel,recording,switch_hand,19,0.444751,7.294765,6.625951,-0.031848,0.045329,-0.136536
456949390.000,Miguel,recording,switch_hand,19,0.709679,7.281692,6.576022,-0.027597,0.022089,-0.164559
456949400.000,Miguel,recording,switch_hand,19,1.030866,7.254514,6.444876,-0.020636,0.024578,-0.203116
456949410.000,Miguel,recording,switch_hand,19,1.431167,7.149149,6.266223,-0.018412,0.046277,-0.262804
456949420.000,Miguel,recording,switch_hand,19,1.938988,7.013044,5.949217,-0.031583,0.077518,-0.364621
456949430.000,Miguel,recording,switch_hand,19,2.559871,6.907072,5.366835,-0.096716,0.075285,-0.558635
456949440.000,Miguel,recording,switch_hand,19,3.152466,6.768730,4.523939,-0.279673,-0.032497,-0.909421
456949450.000,Miguel,recording,switch_hand,19,3.103571,6.540512,4.405103,-0.509466,-0.161675,-1.334053
456949460.000,Miguel,recording,switch_hand,19,2.648188,6.251700,5.362871,-0.638038,-0.096584,-1.657253
456949470.000,Miguel,recording,switch_hand,19,1.950801,6.261236,5.814712,-0.678339,0.138532,-1.885749
456949480.000,Miguel,recording,switch_hand,19,-2.498183,7.011447,7.640772,-0.666630,0.276943,-2.026516
456949490.000,Miguel,recording,switch_hand,19,-10.104051,8.674170,10.978355,-0.424611,0.355721,-1.737463
456949500.000,Miguel,recording,switch_hand,19,-7.376381,9.649070,10.561197,0.065982,0.624864,-0.991572
456949510.000,Miguel,recording,switch_hand,19,-4.492483,8.779122,8.803915,0.495824,0.907552,-0.337091
456949520.000,Miguel,recording,switch_hand,19,0.357232,7.230724,6.419815,0.654494,0.935301,-0.107923
456949530.000,Miguel,recording,switch_hand,19,1.371604,7.365371,5.241777,0.521656,0.719323,-0.304411
456949540.000,Miguel,recording,switch_hand,19,1.063673,7.212925,4.530766,0.305461,0.455870,-0.741771
456949550.000,Miguel,recording,switch_hand,19,-2.594831,6.902566,5.671870,0.175584,0.322427,-1.072406
456949560.000,Miguel,recording,switch_hand,19,-5.022312,6.745152,5.247379,-0.000570,0.340274,-1.068982
456949570.000,Miguel,recording,switch_hand,19,-5.224720,6.404013,6.656383,-0.143798,0.489132,-0.804470
456949580.000,Miguel,recording,switch_hand,19,-3.796599,6.475772,7.133654,-0.086016,0.733105,-0.499118
456949590.000,Miguel,recording,switch_hand,19,-2.441892,6.805847,5.586010,0.009221,0.916225,-0.298748
456949600.000,Miguel,recording,switch_hand,19,-2.274191,6.950532,5.698037,-0.004827,0.954838,-0.208394
456949610.000,Miguel,recording,switch_hand,19,-2.304935,7.150897,5.473911,-0.082543,0.942705,-0.191694
456949620.000,Miguel,recording,switch_hand,19,-2.744059,7.129049,5.741250,-0.150325,0.898301,-0.207851
456949630.000,Miguel,recording,switch_hand,19,-3.038126,7.180053,5.696864,-0.192470,0.800676,-0.205481
456949640.000,Miguel,recording,switch_hand,19,-3.040798,7.165115,5.774578,-0.215630,0.659351,-0.174534
456949650.000,Miguel,recording,switch_hand,19,-2.741821,7.206815,5.867869,-0.226542,0.508994,-0.147164
456949660.000,Miguel,recording,switch_hand,19,-2.402887,7.261295,6.029804,-0.231174,0.375955,-0.143331
456949670.000,Miguel,recording,switch_hand,19,-2.126127,7.219360,6.334994,-0.226156,0.257192,-0.158224
456949680.000,Miguel,recording,switch_hand,19,-2.059024,7.068005,6.636203,-0.200992,0.121912,-0.160397
456949690.000,Miguel,recording,switch_hand,19,-2.158703,6.831450,6.857374,-0.144433,-0.043497,-0.116451
456949700.000,Miguel,recording,switch_hand,19,-2.380546,6.727185,7.146843,-0.040151,-0.208819,-0.050515
456949710.000,Miguel,recording,switch_hand,19,-2.507657,6.904808,7.244023,0.104014,-0.364550,0.006902
456949720.000,Miguel,recording,switch_hand,19,-2.819487,7.091098,7.172939,0.255297,-0.528493,0.065813
456949730.000,Miguel,recording,switch_hand,19,-2.982720,7.215001,6.852541,0.383332,-0.690461,0.130771
456949740.000,Miguel,recording,switch_hand,19,-2.865685,7.316561,6.514201,0.464031,-0.822737,0.189484
456949750.000,Miguel,recording,switch_hand,19,-2.612305,7.443959,6.231552,0.485949,-0.902243,0.224462
456949760.000,Miguel,recording,switch_hand,19,-2.276799,7.511823,6.027089,0.452512,-0.913943,0.222674
456949770.000,Miguel,recording,switch_hand,19,-1.935299,7.501373,5.904777,0.376823,-0.859159,0.182362
456949780.000,Miguel,recording,switch_hand,19,-1.678120,7.339181,5.835872,0.276678,-0.753725,0.113831
456949790.000,Miguel,recording,switch_hand,19,-1.601345,7.158385,5.844586,0.170390,-0.622454,0.034962
456949800.000,Miguel,recording,switch_hand,19,-1.616266,6.991550,5.899509,0.072937,-0.491179,-0.035688
456949810.000,Miguel,recording,switch_hand,19,-1.784207,6.837179,6.000718,-0.005404,-0.376167,-0.086945
456949820.000,Miguel,recording,switch_hand,19,-2.018037,6.767145,6.123212,-0.058434,-0.286251,-0.112141
456949830.000,Miguel,recording,switch_hand,19,-2.243108,6.770512,6.264037,-0.083196,-0.230655,-0.109310
456949840.000,Miguel,recording,switch_hand,19,-2.373062,6.769450,6.425297,-0.078273,-0.213235,-0.085193
456949850.000,Miguel,recording,switch_hand,19,-2.458901,6.762363,6.497657,-0.044811,-0.228563,-0.048157
456949860.000,Miguel,recording,switch_hand,19,-2.513173,6.760751,6.479554,0.008277,-0.269492,-0.005294
456949870.000,Miguel,recording,switch_hand,19,-2.600010,6.762291,6.393818,0.068451,-0.329143,0.041622
456949880.000,Miguel,recording,switch_hand,19,-2.662364,6.856163,6.228451,0.122595,-0.401387,0.092119
456949890.000,Miguel,recording,switch_hand,19,-2.643035,7.016949,6.112291,0.160926,-0.483565,0.143182
456949900.000,Miguel,recording,switch_hand,19,-2.543061,7.046860,6.058422,0.185611,-0.573766,0.192917
456949910.000,Miguel,recording,switch_hand,19,-2.425986,6.945135,6.076418,0.206351,-0.669179,0.241767
456949920.000,Miguel,recording,switch_hand,19,-2.342181,6.906728,6.151939,0.229468,-0.771191,0.294408
456949930.000,Miguel,recording,switch_hand,19,-2.248573,6.986037,6.312662,0.259902,-0.877685,0.354133
456949940.000,Miguel,recording,switch_hand,19,-2.120365,7.065426,6.451185,0.302394,-0.982049,0.416567
456949950.000,Miguel,recording,switch_hand,19,-1.882837,7.146479,6.620732,0.357711,-1.079646,0.472900
456949960.000,Miguel,recording,switch_hand,19,-1.590721,7.214503,6.738437,0.421205,-1.160478,0.511179
456949970.000,Miguel,recording,switch_hand,19,-1.304920,7.269161,6.751343,0.481855,-1.207730,0.522244
456949980.000,Miguel,recording,switch_hand,19,-1.137781,7.291399,6.694964,0.527313,-1.212175,0.512892
456949990.000,Miguel,recording,switch_hand,19,-1.106888,7.364501,6.605568,0.550285,-1.181200,0.498504
456950000.000,Miguel,recording,switch_hand,19,-1.126182,7.446001,6.515513,0.550656,-1.129938,0.485676
456950010.000,Miguel,recording,switch_hand,19,-1.085310,7.533115,6.466627,0.530042,-1.069970,0.470577
456950020.000,Miguel,recording,switch_hand,19,-0.984043,7.642050,6.376051,0.487706,-0.999076,0.446560
456950030.000,Miguel,recording,switch_hand,19,-0.854396,7.743343,6.336444,0.423460,-0.903533,0.411175
456950040.000,Miguel,recording,switch_hand,19,-0.722249,7.744194,6.307785,0.340807,-0.773045,0.369272
456950050.000,Miguel,recording,switch_hand,19,-0.612830,7.682145,6.363181,0.247732,-0.607627,0.328600
456950060.000,Miguel,recording,switch_hand,19,-0.526967,7.571409,6.450321,0.158097,-0.417921,0.292997
456950070.000,Miguel,recording,switch_hand,19,-0.504529,7.483725,6.575128,0.083281,-0.223969,0.261687
456950080.000,Miguel,recording,switch_hand,19,-0.526529,7.461174,6.665722,0.028476,-0.048416,0.231070
456950090.000,Miguel,recording,switch_hand,19,-0.623879,7.507783,6.706316,-0.006061,0.090097,0.196007
456950100.000,Miguel,recording,switch_hand,19,-0.755778,7.657341,6.707293,-0.027111,0.184397,0.151791
456950110.000,Miguel,recording,switch_hand,19,-0.944398,7.850908,6.665323,-0.040548,0.240731,0.104969
456950120.000,Miguel,recording,switch_hand,19,-1.151125,7.836789,6.583673,-0.051146,0.266823,0.066926
456950130.000,Miguel,recording,switch_hand,19,-1.306659,7.727300,6.395968,-0.069307,0.271685,0.040318
456950140.000,Miguel,recording,switch_hand,19,-1.446508,7.563492,6.150880,-0.105028,0.269237,0.030871
456950150.000,Miguel,recording,switch_hand,19,-1.595507,7.505053,5.765154,-0.157486,0.262932,0.052765
456950160.000,Miguel,recording,switch_hand,19,-1.642880,7.658911,5.201552,-0.221305,0.227319,0.091617
456950170.000,Miguel,recording,switch_hand,19,-1.827083,7.374751,4.350406,-0.301760,0.134483,0.126841
456950180.000,Miguel,recording,switch_hand,19,-2.712034,6.465225,3.012319,-0.425175,-0.029862,0.289626
456950190.000,Miguel,recording,switch_hand,19,-1.523423,6.718942,1.649938,-0.662553,-0.309858,0.862999
456950200.000,Miguel,recording,switch_hand,19,4.150876,7.853094,0.994692,-1.092467,-0.634558,1.529636
456950210.000,Miguel,recording,switch_hand,19,6.562621,9.932082,3.052506,-1.515205,-0.722975,1.532596
456950220.000,Miguel,recording,switch_hand,19,4.126542,11.178197,5.749429,-1.647292,-0.590383,1.005648
456950230.000,Miguel,recording,switch_hand,19,-0.404790,10.289906,5.333775,-1.661711,-0.450827,0.580799
456950240.000,Miguel,recording,switch_hand,19,-4.038278,8.463329,3.611521,-1.872666,-0.176615,0.564784
456950250.000,Miguel,recording,switch_hand,19,-4.935856,6.503350,3.316583,-2.266380,0.044991,0.957546
456950260.000,Miguel,recording,switch_hand,19,-2.851901,5.317655,5.421305,-2.616558,0.076543,1.436229
456950270.000,Miguel,recording,switch_hand,19,-0.899910,4.801780,8.521465,-2.670585,0.374319,1.767231
456950280.000,Miguel,recording,switch_hand,19,0.543497,4.733894,13.419452,-2.341568,0.719267,1.989685
456950290.000,Miguel,recording,switch_hand,19,2.755023,4.086357,14.514711,-1.673156,0.571176,2.038410
456950300.000,Miguel,recording,switch_hand,19,4.404375,4.934231,12.562427,-0.927002,0.101489,1.804438
456950310.000,Miguel,recording,switch_hand,19,4.882455,4.415755,10.503546,-0.375201,-0.287658,1.385732
456950320.000,Miguel,recording,switch_hand,19,4.142987,4.626187,10.080047,0.026847,-0.476611,0.961080
456950330.000,Miguel,recording,switch_hand,19,2.898621,4.969034,9.091432,0.308476,-0.538686,0.639082
456950340.000,Miguel,recording,switch_hand,19,1.782797,5.430812,7.820159,0.432895,-0.564951,0.448985
456950350.000,Miguel,recording,switch_hand,19,1.151928,5.815174,7.150774,0.423224,-0.617448,0.368896
456950360.000,Miguel,recording,switch_hand,19,1.057171,6.203178,6.975024,0.352223,-0.650066,0.347799
456950370.000,Miguel,recording,switch_hand,19,1.398816,6.267381,7.050044,0.288969,-0.599239,0.341237
456950380.000,Miguel,recording,switch_hand,19,1.936676,6.316753,7.110223,0.261249,-0.454064,0.325882
456950390.000,Miguel,recording,switch_hand,19,2.409751,6.443430,7.255372,0.269276,-0.248443,0.289992
456950400.000,Miguel,recording,switch_hand,19,2.591662,6.426662,7.335982,0.297273,-0.039416,0.232313
456950410.000,Miguel,recording,switch_hand,19,2.604048,6.274381,7.307686,0.320662,0.119613,0.162840
456950420.000,Miguel,recording,switch_hand,19,2.440356,6.167738,7.225359,0.324230,0.202448,0.087636
456950430.000,Miguel,recording,switch_hand,19,2.200432,6.059597,7.180833,0.305204,0.215082,0.000781
456950440.000,Miguel,recording,switch_hand,19,1.881205,5.769625,7.072108,0.259699,0.170504,-0.105222
456950450.000,Miguel,recording,switch_hand,19,1.485153,5.618846,6.928224,0.186966,0.094721,-0.198378
456950460.000,Miguel,recording,switch_hand,19,1.096394,6.001200,7.147886,0.112177,0.036784,-0.241979
456950470.000,Miguel,recording,switch_hand,19,1.147768,6.295797,7.452806,0.071746,0.040907,-0.245041
456950480.000,Miguel,recording,switch_hand,19,1.220182,6.539558,7.752412,0.083899,0.120178,-0.226797
456950490.000,Miguel,recording,switch_hand,19,1.258845,6.568525,7.993478,0.147389,0.255512,-0.202940
456950500.000,Miguel,recording,switch_hand,19,1.125958,6.402100,8.027992,0.243319,0.414066,-0.186362
456950510.000,Miguel,recording,switch_hand,19,0.955548,6.268531,7.931310,0.344911,0.557239,-0.176164
456950520.000,Miguel,recording,switch_hand,19,0.904948,6.353340,7.837691,0.432166,0.643610,-0.163980
456950530.000,Miguel,recording,switch_hand,19,0.994521,6.477563,7.712527,0.492711,0.650280,-0.149056
456950540.000,Miguel,recording,switch_hand,19,1.088702,6.498939,7.495425,0.518214,0.588731,-0.136617
456950550.000,Miguel,recording,switch_hand,19,1.103335,6.546059,7.304513,0.505626,0.486959,-0.124504
456950560.000,Miguel,recording,switch_hand,19,1.064030,6.719066,7.270119,0.463577,0.361013,-0.103591
456950570.000,Miguel,recording,switch_hand,19,1.064507,6.887780,7.290031,0.412346,0.223713,-0.070692
456950580.000,Miguel,recording,switch_hand,19,1.107165,6.965707,7.270931,0.367534,0.091304,-0.025945
456950590.000,Miguel,recording,switch_hand,19,1.135580,6.925462,7.179849,0.333022,-0.027396,0.026730
456950600.000,Miguel,recording,switch_hand,19,1.123138,6.606820,6.841077,0.303192,-0.107501,0.064824
456950610.000,Miguel,recording,switch_hand,19,1.218657,6.248335,6.371079,0.263172,-0.110341,0.068307
456950620.000,Miguel,recording,switch_hand,19,1.546964,6.363066,6.251409,0.219254,-0.031671,0.039671
456950630.000,Miguel,recording,switch_hand,19,1.986732,6.674730,6.503532,0.202485,0.102727,-0.011663
456950640.000,Miguel,recording,switch_hand,19,2.214504,6.779249,6.753186,0.229387,0.263092,-0.076331
456950650.000,Miguel,recording,switch_hand,20,2.200721,6.577860,6.729338,0.287156,0.419476,-0.145062
456950660.000,Miguel,recording,switch_hand,20,2.067142,6.294887,6.404198,0.340105,0.555327,-0.212096
456950670.000,Miguel,recording,switch_hand,20,1.862203,6.245319,6.092545,0.355331,0.666180,-0.277466
456950680.000,Miguel,recording,switch_hand,20,1.555676,6.433362,6.113685,0.328814,0.734621,-0.334908
456950690.000,Miguel,recording,switch_hand,20,1.186932,6.628528,6.309717,0.279477,0.734780,-0.368147
456950700.000,Miguel,recording,switch_hand,20,0.844304,6.690635,6.538223,0.224079,0.665194,-0.366273
456950710.000,Miguel,recording,switch_hand,20,0.496368,6.753065,6.725409,0.166407,0.544648,-0.324156
456950720.000,Miguel,recording,switch_hand,20,0.125390,6.862308,6.883395,0.100181,0.376674,-0.245964
456950730.000,Miguel,recording,switch_hand,20,-0.060181,6.881864,6.916165,0.020106,0.159080,-0.154117
456950740.000,Miguel,recording,switch_hand,20,-0.010172,6.803131,6.881280,-0.069695,-0.081818,-0.073855
456950750.000,Miguel,recording,switch_hand,20,0.174629,6.701104,6.908067,-0.152986,-0.306920,-0.019081
456950760.000,Miguel,recording,switch_hand,20,0.485124,6.740005,6.980439,-0.208544,-0.483064,0.008812
456950770.000,Miguel,recording,switch_hand,20,0.746782,6.801429,7.026815,-0.226047,-0.580989,0.013792
456950780.000,Miguel,recording,switch_hand,20,0.824107,6.835402,7.066007,-0.206017,-0.583505,-0.000772
456950790.000,Miguel,recording,switch_hand,20,0.856024,6.906899,7.128717,-0.151707,-0.493437,-0.030178
456950800.000,Miguel,recording,switch_hand,20,0.893479,7.004195,7.191940,-0.067535,-0.324449,-0.067750
456950810.000,Miguel,recording,switch_hand,20,0.952225,7.140094,7.231346,0.034771,-0.101508,-0.104178
456950820.000,Miguel,recording,switch_hand,20,0.949963,7.216876,7.263308,0.138911,0.133056,-0.134538
456950830.000,Miguel,recording,switch_hand,20,0.853569,7.207225,7.226785,0.228700,0.332953,-0.161815
456950840.000,Miguel,recording,switch_hand,20,0.632432,7.159238,7.227179,0.293536,0.463278,-0.185916
456950850.000,Miguel,recording,switch_hand,20,0.365288,7.141287,7.198971,0.331112,0.509900,-0.196863
456950860.000,Miguel,recording,switch_hand,20,0.115925,7.179347,7.114368,0.336555,0.479764,-0.182112
456950870.000,Miguel,recording,switch_hand,20,0.007647,7.251680,6.954412,0.306588,0.387900,-0.146394
456950880.000,Miguel,recording,switch_hand,20,0.049054,7.253765,6.800765,0.248304,0.254574,-0.107947
456950890.000,Miguel,recording,switch_hand,20,0.047747,7.116909,6.683573,0.175245,0.113545,-0.079622
456950900.000,Miguel,recording,switch_hand,20,0.033372,6.989436,6.596625,0.103655,-0.003341,-0.062285
456950910.000,Miguel,recording,switch_hand,20,0.153909,7.001693,6.636132,0.051251,-0.084080,-0.054914
456950920.000,Miguel,recording,switch_hand,20,0.370553,6.994752,6.732813,0.030720,-0.120365,-0.065154
456950930.000,Miguel,recording,switch_hand,20,0.550958,6.912273,6.827687,0.041804,-0.105310,-0.098748
456950940.000,Miguel,recording,switch_hand,20,0.570034,6.846978,6.929911,0.080757,-0.048215,-0.149325
456950950.000,Miguel,recording,switch_hand,20,0.432107,6.784477,6.968279,0.142576,0.036850,-0.201048
456950960.000,Miguel,recording,switch_hand,20,0.239467,6.759550,6.866420,0.213469,0.141193,-0.236745
456950970.000,Miguel,recording,switch_hand,20,0.170310,6.875855,6.708809,0.276598,0.252793,-0.245590
456950980.000,Miguel,recording,switch_hand,20,0.224848,7.060535,6.527938,0.318566,0.352374,-0.227518
456950990.000,Miguel,recording,switch_hand,20,0.256520,7.076650,6.297566,0.327246,0.422542,-0.189896
456951000.000,Miguel,recording,switch_hand,20,0.280726,6.967920,6.029634,0.295523,0.452380,-0.143082
456951010.000,Miguel,recording,switch_hand,20,0.424400,6.830256,5.842821,0.227785,0.438377,-0.100896
456951020.000,Miguel,recording,switch_hand,20,0.644717,6.714894,5.737865,0.137096,0.391818,-0.079679
456951030.000,Miguel,recording,switch_hand,20,0.864615,6.591285,5.753256,0.042147,0.338839,-0.089049
456951040.000,Miguel,recording,switch_hand,20,0.976744,6.449345,5.932913,-0.036088,0.306914,-0.127787
456951050.000,Miguel,recording,switch_hand,20,1.013628,6.428043,6.246055,-0.079576,0.301004,-0.186260
456951060.000,Miguel,recording,switch_hand,20,0.946243,6.498341,6.596897,-0.077550,0.310801,-0.252156
456951070.000,Miguel,recording,switch_hand,20,0.776174,6.531265,6.813155,-0.037945,0.331838,-0.316928
456951080.000,Miguel,recording,switch_hand,20,0.610690,6.571333,6.835754,0.018517,0.363938,-0.373456
456951090.000,Miguel,recording,switch_hand,20,0.486896,6.721633,6.831167,0.077580,0.406030,-0.415224
456951100.000,Miguel,recording,switch_hand,20,0.258200,6.934510,6.867690,0.131512,0.445691,-0.433152
456951110.000,Miguel,recording,switch_hand,20,0.009383,7.043836,6.857606,0.174452,0.462143,-0.416723
456951120.000,Miguel,recording,switch_hand,20,-0.112584,7.055529,6.704826,0.196891,0.443489,-0.365505
456951130.000,Miguel,recording,switch_hand,20,-0.033758,7.085938,6.503660,0.186154,0.386692,-0.293316
456951140.000,Miguel,recording,switch_hand,20,0.159108,7.009450,6.278682,0.141940,0.307108,-0.232486
456951150.000,Miguel,recording,switch_hand,20,0.421060,6.797141,6.080274,0.057015,0.212560,-0.220826
456951160.000,Miguel,recording,switch_hand,20,0.770826,6.596989,5.862300,-0.154747,-0.031835,-0.342508
456951170.000,Miguel,recording,switch_hand,20,1.105405,6.342849,5.830156,-0.554440,-0.574807,-0.680977
456951180.000,Miguel,recording,switch_hand,20,0.681244,6.064406,7.739294,-0.819426,-1.011830,-1.040577
456951190.000,Miguel,recording,switch_hand,20,-0.380150,6.603693,10.557329,-0.634585,-0.946409,-1.227358
456951200.000,Miguel,recording,switch_hand,20,-0.566918,7.653603,10.237898,-0.147449,-0.533722,-1.297976
456951210.000,Miguel,recording,switch_hand,20,-0.878281,7.711617,8.732861,0.341848,-0.048549,-1.307930
456951220.000,Miguel,recording,switch_hand,20,-0.639945,7.254499,6.568432,0.630795,0.263718,-1.296185
456951230.000,Miguel,recording,switch_hand,20,-0.047139,6.407942,5.519800,0.711445,0.396004,-1.312486
456951240.000,Miguel,recording,switch_hand,20,0.019307,5.798893,5.431908,0.666269,0.388450,-1.373569
456951250.000,Miguel,recording,switch_hand,20,-2.832632,6.300444,7.398476,0.572630,0.089619,-1.394817
456951260.000,Miguel,recording,switch_hand,20,-7.860818,7.481737,10.561832,0.573759,-0.194972,-1.261343
456951270.000,Miguel,recording,switch_hand,20,-5.366785,8.621195,8.299975,0.764712,-0.042445,-0.940250
456951280.000,Miguel,recording,switch_hand,20,-4.263244,9.204157,7.708207,1.031833,0.353416,-0.532706
456951290.000,Miguel,recording,switch_hand,20,-1.090460,8.804525,5.509191,1.178560,0.623948,-0.228198
456951300.000,Miguel,recording,switch_hand,20,-0.382145,8.388089,4.819031,1.101136,0.655194,-0.110012
456951310.000,Miguel,recording,switch_hand,20,0.177154,7.695113,3.186450,0.788782,0.590197,-0.119849
456951320.000,Miguel,recording,switch_hand,20,-0.519610,7.301454,2.668612,0.312297,0.544243,-0.138568
456951330.000,Miguel,recording,switch_hand,20,-1.116663,7.414197,3.064411,-0.142235,0.506146,-0.050153
456951340.000,Miguel,recording,switch_hand,20,-1.336476,7.547416,4.099886,-0.390003,0.483493,0.094262
456951350.000,Miguel,recording,switch_hand,20,-1.197407,7.696540,5.878497,-0.406204,0.438079,0.188288
456951360.000,Miguel,recording,switch_hand,20,-1.435938,7.596261,6.512095,-0.305607,0.320368,0.247279
456951370.000,Miguel,recording,switch_hand,20,-1.653526,7.615374,7.231164,-0.181780,0.167189,0.276328
456951380.000,Miguel,recording,switch_hand,20,-1.810005,7.256760,6.873014,-0.066314,-0.019126,0.239974
456951390.000,Miguel,recording,switch_hand,20,-2.937650,7.078392,6.506562,-0.003479,-0.220612,0.198499
456951400.000,Miguel,recording,switch_hand,20,-3.761563,7.170986,5.851285,-0.039774,-0.382652,0.255180
456951410.000,Miguel,recording,switch_hand,20,-3.243440,7.133823,5.555450,-0.159908,-0.502946,0.393708
456951420.000,Miguel,recording,switch_hand,20,-1.905824,7.529665,5.916482,-0.245011,-0.616241,0.518968
456951430.000,Miguel,recording,switch_hand,20,-0.721576,7.898981,6.403004,-0.263265,-0.694692,0.569115
456951440.000,Miguel,recording,switch_hand,20,0.137635,7.267968,5.788294,-0.313507,-0.712696,0.545144
456951450.000,Miguel,recording,switch_hand,20,0.396678,7.271432,5.789967,-0.407159,-0.686578,0.481494
456951460.000,Miguel,recording,switch_hand,20,0.298916,7.261127,5.702760,-0.503625,-0.616083,0.409000
456951470.000,Miguel,recording,switch_hand,20,0.105917,7.442276,5.815033,-0.586794,-0.522962,0.343990
456951480.000,Miguel,recording,switch_hand,20,-0.068310,7.224647,6.080670,-0.653145,-0.446796,0.293031
456951490.000,Miguel,recording,switch_hand,20,-0.095530,7.095384,6.441641,-0.694749,-0.385934,0.247144
456951500.000,Miguel,recording,switch_hand,20,-0.060251,7.045696,6.955778,-0.691618,-0.301022,0.192489
456951510.000,Miguel,recording,switch_hand,20,-0.006297,7.008545,7.364166,-0.627956,-0.151945,0.122098
456951520.000,Miguel,recording,switch_hand,20,-0.064299,6.945681,7.454961,-0.513887,0.064876,0.033934
456951530.000,Miguel,recording,switch_hand,20,-0.248780,6.883447,7.344869,-0.385258,0.318002,-0.068694
456951540.000,Miguel,recording,switch_hand,20,-0.573181,6.878576,7.027988,-0.284900,0.565844,-0.182345
456951550.000,Miguel,recording,switch_hand,20,-0.923772,6.996263,6.447308,-0.250856,0.781898,-0.301481
456951560.000,Miguel,recording,switch_hand,20,-1.258492,7.071394,5.855146,-0.292887,0.957824,-0.411523
456951570.000,Miguel,recording,switch_hand,20,-1.571619,7.035437,5.519534,-0.386016,1.092998,-0.498849
456951580.000,Miguel,recording,switch_hand,20,-1.754673,6.868176,5.371600,-0.501822,1.188536,-0.559210
456951590.000,Miguel,recording,switch_hand,20,-1.954073,6.644467,5.440654,-0.626647,1.236545,-0.591491
456951600.000,Miguel,recording,switch_hand,20,-2.115604,6.433794,5.601902,-0.751157,1.225186,-0.594452
456951610.000,Miguel,recording,switch_hand,20,-2.094011,6.397434,5.622688,-0.871158,1.148560,-0.577493
456951620.000,Miguel,recording,switch_hand,20,-1.882206,6.493545,5.494928,-0.987895,1.005317,-0.556921
456951630.000,Miguel,recording,switch_hand,20,-1.652818,6.576588,5.528634,-1.098924,0.808524,-0.541734
456951640.000,Miguel,recording,switch_hand,20,-1.550676,6.543894,5.897813,-1.192200,0.594920,-0.541987
456951650.000,Miguel,recording,switch_hand,20,-1.628161,6.391600,6.426682,-1.269029,0.432797,-0.557267
456951660.000,Miguel,recording,switch_hand,20,-1.894201,6.037694,6.908358,-1.358815,0.383865,-0.545211
456951670.000,Miguel,recording,switch_hand,20,-1.906307,5.975035,7.777436,-1.429558,0.390845,-0.492900
456951680.000,Miguel,recording,switch_hand,20,-2.084705,5.942989,8.866893,-1.411164,0.386565,-0.448147
456951690.000,Miguel,recording,switch_hand,20,-2.402614,5.772957,9.489535,-1.283756,0.382354,-0.431650
456951700.000,Miguel,recording,switch_hand,20,-2.715069,5.844848,9.990730,-1.055708,0.355756,-0.419641
456951710.000,Miguel,recording,switch_hand,20,-3.107487,5.958433,10.204856,-0.768181,0.279987,-0.385443
456951720.000,Miguel,recording,switch_hand,20,-3.233720,5.951707,10.143686,-0.469086,0.163739,-0.324065
456951730.000,Miguel,recording,switch_hand,20,-3.205048,5.876363,9.944704,-0.184388,0.024706,-0.245763
456951740.000,Miguel,recording,switch_hand,20,-3.086387,5.762802,9.624844,0.067574,-0.123163,-0.164524
456951750.000,Miguel,recording,switch_hand,20,-2.970047,5.728562,9.247945,0.274803,-0.265808,-0.089799
456951760.000,Miguel,recording,switch_hand,20,-2.894046,5.744546,8.865034,0.436864,-0.393672,-0.024164
456951770.000,Miguel,recording,switch_hand,20,-2.848214,5.756444,8.538930,0.561490,-0.507573,0.033652
456951780.000,Miguel,recording,switch_hand,20,-2.779540,5.739974,8.208747,0.655518,-0.608198,0.083459
456951790.000,Miguel,recording,switch_hand,20,-2.717893,5.717339,7.906018,0.722396,-0.694885,0.123398
456951800.000,Miguel,recording,switch_hand,20,-2.666370,5.710475,7.595522,0.761862,-0.767140,0.154617
456951810.000,Miguel,recording,switch_hand,20,-2.597857,5.757633,7.362954,0.774135,-0.824469,0.180724
456951820.000,Miguel,recording,switch_hand,20,-2.472457,5.841691,7.222741,0.762569,-0.863760,0.202224
456951830.000,Miguel,recording,switch_hand,20,-2.274041,5.928416,7.122179,0.730096,-0.868378,0.213209
456951840.000,Miguel,recording,switch_hand,20,-2.025694,5.949716,7.000059,0.678815,-0.823512,0.210257
456951850.000,Miguel,recording,switch_hand,20,-1.830183,5.947024,6.902174,0.611202,-0.737142,0.195918
456951860.000,Miguel,recording,switch_hand,20,-1.735376,5.933894,6.815675,0.530274,-0.630584,0.173527
456951870.000,Miguel,recording,switch_hand,20,-1.695882,6.007230,6.772491,0.439622,-0.524068,0.144356
456951880.000,Miguel,recording,switch_hand,20,-1.728104,6.106873,6.740552,0.345619,-0.429327,0.112094
456951890.000,Miguel,recording,switch_hand,20,-1.813823,6.154022,6.803238,0.261193,-0.351007,0.084587
456951900.000,Miguel,recording,switch_hand,20,-1.928360,6.107610,6.917492,0.198242,-0.294033,0.071039
456951910.000,Miguel,recording,switch_hand,20,-2.051431,5.983930,7.046029,0.161643,-0.263703,0.076314
456951920.000,Miguel,recording,switch_hand,20,-2.162037,5.944373,7.192245,0.154411,-0.258249,0.100728
456951930.000,Miguel,recording,switch_hand,20,-2.260280,5.977550,7.306597,0.177219,-0.271295,0.143890
456951940.000,Miguel,recording,switch_hand,20,-2.300892,5.988540,7.394471,0.222820,-0.300789,0.198495
456951950.000,Miguel,recording,switch_hand,20,-2.232496,5.993680,7.375002,0.276714,-0.343817,0.253954
456951960.000,Miguel,recording,switch_hand,20,-2.168540,6.060062,7.298510,0.325895,-0.389256,0.303161
456951970.000,Miguel,recording,switch_hand,20,-2.088664,6.139974,7.148853,0.359679,-0.420900,0.341178
456951980.000,Miguel,recording,switch_hand,20,-2.017132,6.205695,6.999944,0.364852,-0.426184,0.367699
456951990.000,Miguel,recording,switch_hand,20,-1.936502,6.236261,6.847608,0.337411,-0.398642,0.382963
456952000.000,Miguel,recording,switch_hand,20,-1.867243,6.303888,6.736729,0.281539,-0.331384,0.385280
456952010.000,Miguel,recording,switch_hand,20,-1.780696,6.344396,6.621354,0.199206,-0.225985,0.372736
456952020.000,Miguel,recording,switch_hand,20,-1.685978,6.373124,6.527331,0.093611,-0.097419,0.343120
456952030.000,Miguel,recording,switch_hand,20,-1.617782,6.404777,6.447494,-0.025097,0.034040,0.300073
456952040.000,Miguel,recording,switch_hand,20,-1.543298,6.455335,6.451900,-0.139723,0.144715,0.250919
456952050.000,Miguel,recording,switch_hand,20,-1.375518,6.418021,6.477086,-0.236093,0.218533,0.190673
456952060.000,Miguel,recording,switch_hand,20,-1.186824,6.239839,6.440204,-0.306035,0.249144,0.105035
456952070.000,Miguel,recording,switch_hand,20,-1.365392,6.016933,6.384985,-0.345579,0.217181,0.022655
456952080.000,Miguel,recording,switch_hand,20,-2.162548,5.869420,6.384073,-0.340462,0.078393,0.153260
456952090.000,Miguel,recording,switch_hand,20,-3.664683,5.437515,6.284401,-0.278687,-0.174220,0.767366
456952100.000,Miguel,recording,switch_hand,20,-2.593467,5.050239,5.872327,-0.206794,-0.536838,1.614887
456952110.000,Miguel,recording,switch_hand,20,2.752670,7.649444,4.827250,-0.266111,-0.908929,1.984241
456952120.000,Miguel,recording,switch_hand,20,5.548888,9.715089,4.924329,-0.479345,-1.099122,1.750954
456952130.000,Miguel,recording,switch_hand,20,5.883976,9.587138,6.698446,-0.679207,-1.155364,1.288702
456952140.000,Miguel,recording,switch_hand,20,4.538735,8.413190,7.965237,-0.776718,-1.276565,0.777754
456952150.000,Miguel,recording,switch_hand,20,2.347197,7.467132,8.494519,-0.793673,-1.411642,0.349290
456952160.000,Miguel,recording,switch_hand,20,0.716970,6.698708,8.694235,-0.734627,-1.319001,0.122098
456952170.000,Miguel,recording,switch_hand,20,0.593683,5.564793,8.958906,-0.591062,-0.899658,0.087783
456952180.000,Miguel,recording,switch_hand,20,1.962422,4.342043,9.522810,-0.402974,-0.327568,0.091196
456952190.000,Miguel,recording,switch_hand,20,0.569181,4.670871,9.083053,-0.267181,0.059127,0.031289
456952200.000,Miguel,recording,switch_hand,20,-1.518400,5.944543,9.426009,-0.171771,0.174806,0.001251
456952210.000,Miguel,recording,switch_hand,20,-0.948757,7.042636,12.169047,0.091972,0.206999,0.030026
456952220.000,Miguel,recording,switch_hand,20,-1.458721,7.264866,12.107775,0.481774,0.303303,0.026877
456952230.000,Miguel,recording,switch_hand,20,-1.847883,6.263931,10.711137,0.730209,0.432560,0.023232
456952240.000,Miguel,recording,switch_hand,20,-1.853498,6.019127,9.538811,0.858363,0.429885,0.098781
456952250.000,Miguel,recording,switch_hand,20,-1.043285,6.763371,8.301419,0.994096,0.247267,0.192432
456952260.000,Miguel,recording,switch_hand,20,-0.657481,7.196006,6.796753,1.107748,0.069816,0.252766
456952270.000,Miguel,recording,switch_hand,20,-0.931258,7.137474,5.079155,1.098663,0.112852,0.355225
456952280.000,Miguel,recording,switch_hand,20,-0.829714,7.122685,3.925594,0.906296,0.280040,0.516598
456952290.000,Miguel,recording,switch_hand,20,-0.142807,7.105305,3.707840,0.596847,0.326404,0.677273
456952300.000,Miguel,recording,switch_hand,20,0.369121,7.019837,4.031141,0.269822,0.259713,0.778789
456952310.000,Miguel,recording,switch_hand,20,1.207988,6.573986,4.515691,-0.025636,0.200533,0.780483
456952320.000,Miguel,recording,switch_hand,20,1.787835,6.188602,5.308425,-0.245840,0.148345,0.693363
456952330.000,Miguel,recording,switch_hand,20,1.851195,5.967649,6.093196,-0.371412,0.063754,0.555767
456952340.000,Miguel,recording,switch_hand,20,1.439475,5.961743,6.699689,-0.418903,-0.059120,0.415094
456952350.000,Miguel,recording,switch_hand,20,0.838424,6.113208,7.099497,-0.420619,-0.208078,0.313532
456952360.000,Miguel,recording,switch_hand,20,0.268135,6.379718,7.390859,-0.403090,-0.366058,0.271794
456952370.000,Miguel,recording,switch_hand,20,-0.213836,6.579152,7.484561,-0.374981,-0.499594,0.285779
456952380.000,Miguel,recording,switch_hand,20,-0.480333,6.572568,7.633638,-0.330029,-0.577924,0.334340
456952390.000,Miguel,recording,switch_hand,20,-0.523169,6.518065,7.568361,-0.266351,-0.600663,0.396416
456952400.000,Miguel,recording,switch_hand,20,-0.399256,6.431536,7.258341,-0.200488,-0.584190,0.456686
456952410.000,Miguel,recording,switch_hand,20,-0.234673,6.298806,6.752252,-0.160901,-0.539451,0.498816
456952420.000,Miguel,recording,switch_hand,20,-0.004181,6.196291,6.500566,-0.163182,-0.471531,0.506732
456952430.000,Miguel,recording,switch_hand,20,0.399289,6.315238,6.660108,-0.187340,-0.385522,0.471347
456952440.000,Miguel,recording,switch_hand,20,0.915348,6.558581,7.046046,-0.211187,-0.308614,0.391410
456952450.000,Miguel,recording,switch_hand,20,1.355600,6.587862,7.318113,-0.241186,-0.279928,0.275992
456952460.000,Miguel,recording,switch_hand,20,1.331687,6.589958,7.778583,-0.258757,-0.264699,0.168658
456952470.000,Miguel,recording,switch_hand,20,1.062278,6.669436,8.256350,-0.230907,-0.201609,0.116854
456952480.000,Miguel,recording,switch_hand,20,0.981060,6.743909,8.352749,-0.163382,-0.099529,0.113510
456952490.000,Miguel,recording,switch_hand,20,0.969105,6.690504,8.042375,-0.086343,0.007608,0.118716
456952500.000,Miguel,recording,switch_hand,20,0.965965,6.527527,7.544400,-0.030192,0.113470,0.106693
456952510.000,Miguel,recording,switch_hand,20,0.972894,6.457952,7.294536,0.001228,0.241113,0.076845
456952520.000,Miguel,recording,switch_hand,20,0.948740,6.549043,7.454777,0.033252,0.406095,0.041216
456952530.000,Miguel,recording,switch_hand,20,0.966698,6.649418,7.772187,0.096354,0.594997,0.012483
456952540.000,Miguel,recording,switch_hand,20,0.999375,6.673244,7.970994,0.198194,0.781580,-0.005051
456952550.000,Miguel,recording,switch_hand,20,1.053198,6.530885,8.016397,0.312399,0.934548,-0.015587
456952560.000,Miguel,recording,switch_hand,20,1.198257,6.212028,7.967193,0.399791,1.011378,-0.035577
456952570.000,Miguel,recording,switch_hand,20,1.356940,5.971112,7.947052,0.444797,0.979913,-0.087941
456952580.000,Miguel,recording,switch_hand,20,1.504240,5.904878,7.889772,0.454201,0.852709,-0.167887
456952590.000,Miguel,recording,switch_hand,20,1.537101,5.978423,7.891651,0.439382,0.669195,-0.249182
456952600.000,Miguel,recording,switch_hand,20,1.429006,6.141627,7.947382,0.415240,0.460996,-0.308720
456952610.000,Miguel,recording,switch_hand,20,1.181623,6.356692,7.994016,0.397526,0.249844,-0.330473
456952620.000,Miguel,recording,switch_hand,20,0.900983,6.498045,7.900940,0.393707,0.054394,-0.311416
456952630.000,Miguel,recording,switch_hand,20,0.672603,6.533316,7.630788,0.400137,-0.103027,-0.264889
456952640.000,Miguel,recording,switch_hand,20,0.607470,6.486772,7.194482,0.411664,-0.189906,-0.211789
456952650.000,Miguel,recording,switch_hand,20,0.687577,6.504047,6.765816,0.425056,-0.172661,-0.160803
456952660.000,Miguel,recording,switch_hand,20,0.927291,6.662135,6.543605,0.443424,-0.039996,-0.110243
456952670.000,Miguel,recording,switch_hand,20,1.236628,6.827168,6.508207,0.474310,0.184425,-0.064243
456952680.000,Miguel,recording,switch_hand,20,1.483288,6.851646,6.542010,0.516013,0.444457,-0.032121
456952690.000,Miguel,recording,switch_hand,20,1.543949,6.708461,6.484899,0.552109,0.671837,-0.018964
456952700.000,Miguel,recording,switch_hand,20,1.502217,6.526617,6.426587,0.562683,0.820233,-0.024865
456952710.000,Miguel,recording,switch_hand,20,1.377369,6.451617,6.464906,0.539493,0.872265,-0.047692
456952720.000,Miguel,recording,switch_hand,20,1.126662,6.389223,6.553935,0.491123,0.825788,-0.081775
456952730.000,Miguel,recording,switch_hand,20,0.878380,6.302926,6.595488,0.430639,0.695251,-0.120985
456952740.000,Miguel,recording,switch_hand,20,0.697890,6.304191,6.610135,0.367756,0.520386,-0.162517
456952750.000,Miguel,recording,switch_hand,20,0.601940,6.457230,6.696232,0.313500,0.353455,-0.203157
456952760.000,Miguel,recording,switch_hand,20,0.517916,6.663078,6.861846,0.281201,0.228740,-0.235093
456952770.000,Miguel,recording,switch_hand,20,0.438134,6.812764,6.921762,0.278106,0.154678,-0.251998
456952780.000,Miguel,recording,switch_hand,20,0.396180,6.908300,6.819677,0.296699,0.129850,-0.253882
456952790.000,Miguel,recording,switch_hand,20,0.397957,6.981543,6.651657,0.319189,0.151031,-0.241941
456952800.000,Miguel,recording,switch_hand,20,0.432908,7.047647,6.483984,0.331255,0.207673,-0.219643
456952810.000,Miguel,recording,switch_hand,20,0.520421,7.052263,6.399529,0.326970,0.277114,-0.194788
456952820.000,Miguel,recording,switch_hand,20,0.698063,6.953992,6.371324,0.307564,0.339829,-0.178319
456952830.000,Miguel,recording,switch_hand,20,0.906565,6.833910,6.422791,0.278189,0.394097,-0.181480
456952840.000,Miguel,recording,switch_hand,20,1.037256,6.712209,6.519955,0.245892,0.448099,-0.211101
456952850.000,Miguel,recording,switch_hand,20,1.022716,6.618520,6.686908,0.224280,0.512508,-0.273011
456952860.000,Miguel,recording,switch_hand,20,1.088643,6.547772,6.721832,0.194732,0.544577,-0.421977
456952870.000,Miguel,recording,switch_hand,20,1.720839,6.220108,6.284061,0.048780,0.373837,-0.814754
456952880.000,Miguel,recording,switch_hand,20,1.789911,5.598894,6.362970,-0.163218,0.054348,-1.442716
456952890.000,Miguel,recording,switch_hand,20,-1.249620,5.682202,8.930568,-0.096828,0.019450,-1.962932
456952900.000,Miguel,recording,switch_hand,20,-5.329035,6.540294,10.508951,0.409738,0.379889,-2.035011
456952910.000,Miguel,recording,switch_hand,20,-7.169727,8.248964,10.113694,1.032072,0.774891,-1.652985
456952920.000,Miguel,recording,switch_hand,20,-4.584985,9.677788,7.772923,1.382235,0.978499,-1.153083
456952930.000,Miguel,recording,switch_hand,20,-2.192778,9.361073,4.960527,1.357365,1.013694,-0.818366
456952940.000,Miguel,recording,switch_hand,20,-1.262567,8.162574,2.985968,1.040579,0.956143,-0.653833
456952950.000,Miguel,recording,switch_hand,20,-1.541774,7.810803,3.272837,0.653530,0.831888,-0.571995
456952960.000,Miguel,recording,switch_hand,20,-0.686953,8.025174,4.137657,0.375468,0.621696,-0.605857
456952970.000,Miguel,recording,switch_hand,20,-0.810230,8.175383,4.373170,0.194679,0.336793,-0.776258
456952980.000,Miguel,recording,switch_hand,20,-2.240412,7.689997,4.564259,0.001290,0.063163,-0.900973
456952990.000,Miguel,recording,switch_hand,20,-3.516356,7.327671,4.745713,-0.243111,-0.054238,-0.820947
456953000.000,Miguel,recording,switch_hand,20,-3.577497,7.344205,5.731070,-0.389337,0.005537,-0.573225
456953010.000,Miguel,recording,switch_hand,20,-2.918559,7.173767,5.662334,-0.387188,0.185002,-0.314631
456953020.000,Miguel,recording,switch_hand,20,-1.917111,7.263989,5.331205,-0.349153,0.349416,-0.162706
456953030.000,Miguel,recording,switch_hand,20,-1.657225,7.202160,5.437959,-0.347757,0.381743,-0.115155
456953040.000,Miguel,recording,switch_hand,20,-1.730101,7.011923,5.459970,-0.401396,0.333357,-0.116252
456953050.000,Miguel,recording,switch_hand,20,-2.040272,6.777718,5.769585,-0.472257,0.263369,-0.124028
456953060.000,Miguel,recording,switch_hand,20,-2.181578,6.833836,6.435032,-0.512217,0.204764,-0.116666
456953070.000,Miguel,recording,switch_hand,20,-2.010901,7.188011,6.987382,-0.497478,0.159366,-0.094534
456953080.000,Miguel,recording,switch_hand,20,-1.623043,7.451559,7.348863,-0.428485,0.116099,-0.079952
456953090.000,Miguel,recording,switch_hand,20,-1.345053,7.423335,7.389470,-0.322922,0.081963,-0.095601
456953100.000,Miguel,recording,switch_hand,20,-1.315148,7.239881,7.191632,-0.205836,0.067632,-0.147410
456953110.000,Miguel,recording,switch_hand,20,-1.646141,7.180109,6.997202,-0.096519,0.073276,-0.217897
456953120.000,Miguel,recording,switch_hand,20,-2.237612,7.237604,6.807511,-0.007535,0.084332,-0.271807
456953130.000,Miguel,recording,switch_hand,20,-2.780376,7.327370,6.566088,0.054500,0.078621,-0.279362
456953140.000,Miguel,recording,switch_hand,20,-3.137243,7.393684,6.305995,0.088695,0.048751,-0.234966
456953150.000,Miguel,recording,switch_hand,20,-3.205164,7.397911,6.107514,0.096642,0.002452,-0.158474
456953160.000,Miguel,recording,switch_hand,20,-3.000827,7.444549,6.041797,0.085412,-0.054472,-0.074450
456953170.000,Miguel,recording,switch_hand,20,-2.661738,7.339511,6.096507,0.068553,-0.121737,0.003431
456953180.000,Miguel,recording,switch_hand,20,-2.384448,7.136388,6.211674,0.065336,-0.202701,0.074711
456953190.000,Miguel,recording,switch_hand,20,-2.183300,6.967595,6.329855,0.084740,-0.293101,0.132146
456953200.000,Miguel,recording,switch_hand,20,-1.847474,7.023612,6.360465,0.121684,-0.384248,0.161213
456953210.000,Miguel,recording,switch_hand,20,-1.676251,7.089899,6.379267,0.169922,-0.477316,0.161364
456953220.000,Miguel,recording,switch_hand,20,-1.519029,7.174793,6.321589,0.220666,-0.571702,0.139504
456953230.000,Miguel,recording,switch_hand,20,-1.513416,7.205410,6.227734,0.266557,-0.659468,0.105471
456953240.000,Miguel,recording,switch_hand,20,-1.546549,7.272978,6.131309,0.301973,-0.734699,0.069404
456953250.000,Miguel,recording,switch_hand,20,-1.621387,7.359565,6.047915,0.320626,-0.795882,0.034582
456953260.000,Miguel,recording,switch_hand,20,-1.663860,7.452885,5.960084,0.319732,-0.840370,-0.000912
456953270.000,Miguel,recording,switch_hand,20,-1.633752,7.507631,5.955555,0.302828,-0.866931,-0.038825
456953280.000,Miguel,recording,switch_hand,20,-1.561169,7.450620,6.016863,0.276120,-0.871552,-0.080074
456953290.000,Miguel,recording,switch_hand,20,-1.517606,7.374182,6.116202,0.245153,-0.848254,-0.121968
456953300.000,Miguel,recording,switch_hand,20,-1.557493,7.331004,6.246696,0.215102,-0.803799,-0.157852
456953310.000,Miguel,recording,switch_hand,20,-1.628402,7.232744,6.358471,0.192347,-0.751110,-0.182029
456953320.000,Miguel,recording,switch_hand,20,-1.704361,7.063699,6.449125,0.182907,-0.700754,-0.190783
456953330.000,Miguel,recording,switch_hand,20,-1.804391,6.918732,6.503763,0.188476,-0.662694,-0.181556
456953340.000,Miguel,recording,switch_hand,20,-1.969591,6.891342,6.559716,0.208034,-0.643643,-0.152546
456953350.000,Miguel,recording,switch_hand,20,-2.085308,6.935445,6.600159,0.239807,-0.642263,-0.105659
456953360.000,Miguel,recording,switch_hand,20,-2.173394,6.985904,6.595146,0.280607,-0.652555,-0.049033
456953370.000,Miguel,recording,switch_hand,20,-2.200329,7.049001,6.562857,0.325390,-0.670175,0.009389
456953380.000,Miguel,recording,switch_hand,20,-2.184120,7.128105,6.504721,0.371523,-0.693270,0.062462
456953390.000,Miguel,recording,switch_hand,20,-2.131586,7.250767,6.425368,0.414584,-0.723507,0.103262
456953400.000,Miguel,recording,switch_hand,20,-2.044983,7.307438,6.336087,0.447439,-0.762095,0.127768
456953410.000,Miguel,recording,switch_hand,20,-1.935553,7.336979,6.234527,0.465476,-0.801415,0.134562
456953420.000,Miguel,recording,switch_hand,20,-1.865043,7.356387,6.147071,0.464665,-0.828490,0.126947
456953430.000,Miguel,recording,switch_hand,20,-1.857823,7.376078,6.077023,0.442813,-0.834020,0.111316
456953440.000,Miguel,recording,switch_hand,20,-1.829569,7.367379,6.030249,0.402008,-0.814763,0.093584
456953450.000,Miguel,recording,switch_hand,20,-1.796064,7.350224,5.985230,0.344626,-0.769974,0.075009
456953460.000,Miguel,recording,switch_hand,20,-1.735983,7.312195,5.941950,0.272712,-0.701840,0.057908
456953470.000,Miguel,recording,switch_hand,20,-1.698413,7.262036,5.968472,0.194839,-0.617254,0.049106
456953480.000,Miguel,recording,switch_hand,20,-1.697516,7.208824,6.064780,0.122177,-0.524450,0.053207
456953490.000,Miguel,recording,switch_hand,20,-1.687112,7.174357,6.225503,0.064865,-0.429219,0.069992
456953500.000,Miguel,recording,switch_hand,20,-1.647260,7.147703,6.389250,0.029429,-0.334012,0.094582
456953510.000,Miguel,recording,switch_hand,20,-1.625719,7.091971,6.519247,0.017365,-0.243837,0.122590
456953520.000,Miguel,recording,switch_hand,20,-1.589918,7.075345,6.614803,0.025378,-0.163236,0.152476
456953530.000,Miguel,recording,switch_hand,20,-1.594486,7.114975,6.557985,0.043898,-0.092846,0.184438
456953540.000,Miguel,recording,switch_hand,20,-1.548314,7.191247,6.438449,0.062023,-0.038993,0.214625
456953550.000,Miguel,recording,switch_hand,20,-1.503287,7.298683,6.345106,0.076355,-0.007780,0.235086
456953560.000,Miguel,recording,switch_hand,20,-1.482169,7.449080,6.309446,0.090083,0.003005,0.243317
456953570.000,Miguel,recording,switch_hand,20,-1.511348,7.598613,6.216213,0.102317,-0.003244,0.238245
456953580.000,Miguel,recording,switch_hand,20,-1.728727,7.774501,6.059934,0.113442,-0.043737,0.225219
456953590.000,Miguel,recording,switch_hand,20,-2.552778,7.866164,5.928485,0.140701,-0.182725,0.236084
456953600.000,Miguel,recording,switch_hand,20,-4.000638,7.741983,5.816446,0.209401,-0.490487,0.307182
456953610.000,Miguel,recording,switch_hand,20,-5.381149,7.260715,5.547090,0.331082,-0.964273,0.471698
456953620.000,Miguel,recording,switch_hand,20,-5.252857,8.363316,4.674788,0.414041,-1.456876,0.867681
456953630.000,Miguel,recording,switch_hand,20,-4.357102,8.416865,2.856379,0.221143,-1.626333,1.664883
456953640.000,Miguel,recording,switch_hand,20,-0.105756,8.290818,2.102215,-0.236089,-1.254157,2.386671
456953650.000,Miguel,recording,switch_hand,20,4.283478,9.040206,2.572824,-0.651874,-0.463095,2.515698
456953660.000,Miguel,recording,switch_hand,20,3.882698,9.211389,2.031592,-0.984304,0.321906,2.230119
456953670.000,Miguel,recording,switch_hand,20,1.304564,8.752688,1.873014,-1.405189,0.725388,1.893961