timestamp_ms,user_name,phase,action_label,segment_index,acc_x,acc_y,acc_z,gyro_x,gyro_y,gyro_z
477624420.000,Miguel,recording,knock_twice_right,1,-0.646783,5.342664,8.252527,0.205606,0.159328,0.038729
477624430.000,Miguel,recording,knock_twice_right,1,-0.753252,5.463776,7.733396,0.234961,0.223312,0.043868
477624440.000,Miguel,recording,knock_twice_right,1,-0.930992,5.518147,7.413537,0.188454,0.257999,0.052018
477624450.000,Miguel,recording,knock_twice_right,1,-1.066175,5.500094,7.360176,0.091072,0.267559,0.061070
477624460.000,Miguel,recording,knock_twice_right,1,-1.126647,5.468366,7.578731,-0.011133,0.260515,0.077118
477624470.000,Miguel,recording,knock_twice_right,1,-1.054152,5.459170,7.832172,-0.090292,0.238232,0.099063
477624480.000,Miguel,recording,knock_twice_right,1,-0.904760,5.462887,8.106458,-0.138442,0.182069,0.122763
477624490.000,Miguel,recording,knock_twice_right,1,-0.857518,5.466264,8.479154,-0.153339,0.091021,0.146682
477624500.000,Miguel,recording,knock_twice_right,1,-0.932912,5.368325,8.705232,-0.130091,0.016971,0.162659
477624510.000,Miguel,recording,knock_twice_right,1,-1.026363,5.191353,8.788012,-0.065727,0.008626,0.165357
477624520.000,Miguel,recording,knock_twice_right,1,-1.111672,4.994410,8.728901,-0.004543,0.045882,0.155390
477624530.000,Miguel,recording,knock_twice_right,1,-1.161158,4.832452,8.586110,-0.001105,0.057642,0.135425
477624540.000,Miguel,recording,knock_twice_right,1,-1.273673,4.930972,8.750629,-0.036191,0.013883,0.130846
477624550.000,Miguel,recording,knock_twice_right,1,-1.262921,5.365243,9.197366,-0.044836,-0.076859,0.174678
477624560.000,Miguel,recording,knock_twice_right,1,-0.932084,5.646373,9.798987,0.046434,-0.214115,0.304837
477624570.000,Miguel,recording,knock_twice_right,1,-0.336004,5.714288,9.845593,0.190676,-0.330274,0.448777
477624580.000,Miguel,recording,knock_twice_right,1,-0.265548,5.849018,8.955728,0.281459,-0.363250,0.518496
477624590.000,Miguel,recording,knock_twice_right,1,-0.502185,4.914143,8.137727,0.339668,-0.307902,0.520466
477624600.000,Miguel,recording,knock_twice_right,1,0.053710,3.610256,7.253408,0.340205,-0.168583,0.414811
477624610.000,Miguel,recording,knock_twice_right,1,0.146550,4.244800,6.538103,0.212645,-0.025010,0.228006
477624620.000,Miguel,recording,knock_twice_right,1,-0.378544,5.703663,7.198832,0.074592,0.000468,0.124556
477624630.000,Miguel,recording,knock_twice_right,1,-0.686718,6.171369,8.188477,0.032494,-0.059090,0.126660
477624640.000,Miguel,recording,knock_twice_right,1,-0.510902,5.830170,8.238308,0.047334,-0.074030,0.114557
477624650.000,Miguel,recording,knock_twice_right,1,-0.446037,5.473982,7.955225,0.084691,-0.029944,0.086603
477624660.000,Miguel,recording,knock_twice_right,1,-0.339856,5.212486,7.512788,0.112152,0.058895,0.069110
477624670.000,Miguel,recording,knock_twice_right,1,-0.043714,5.515343,7.308463,0.114779,0.186235,0.048941
477624680.000,Miguel,recording,knock_twice_right,1,0.135346,5.902491,7.470114,0.105847,0.323065,0.037844
477624690.000,Miguel,recording,knock_twice_right,1,0.180660,6.006811,7.807886,0.096347,0.443234,0.047956
477624700.000,Miguel,recording,knock_twice_right,1,0.162646,6.037326,8.150162,0.085628,0.534456,0.075451
477624710.000,Miguel,recording,knock_twice_right,1,0.202776,6.060153,8.379706,0.067836,0.605420,0.109477
477624720.000,Miguel,recording,knock_twice_right,1,0.341237,6.132347,8.495420,0.044992,0.674072,0.129563
477624730.000,Miguel,recording,knock_twice_right,1,0.469482,6.270049,8.583016,0.010156,0.741044,0.121507
477624740.000,Miguel,recording,knock_twice_right,1,0.417499,6.507804,8.706183,-0.040264,0.789361,0.099524
477624750.000,Miguel,recording,knock_twice_right,1,0.174175,6.877662,8.905755,-0.082286,0.801431,0.091008
477624760.000,Miguel,recording,knock_twice_right,1,-0.202696,7.412734,9.250681,-0.088320,0.755334,0.108702
477624770.000,Miguel,recording,knock_twice_right,1,-0.641247,8.054381,9.838110,-0.030224,0.634040,0.145456
477624780.000,Miguel,recording,knock_twice_right,1,-0.944373,8.514019,10.685464,0.118496,0.430194,0.181031
477624790.000,Miguel,recording,knock_twice_right,1,-0.869990,8.787172,11.738458,0.371084,0.156633,0.194042
477624800.000,Miguel,recording,knock_twice_right,1,-0.469514,9.135253,12.731899,0.729530,-0.140049,0.164853
477624810.000,Miguel,recording,knock_twice_right,1,-0.176655,9.514158,13.379955,1.167172,-0.394526,0.089343
477624820.000,Miguel,recording,knock_twice_right,1,-0.363643,9.802938,13.483121,1.621857,-0.555123,-0.011473
477624830.000,Miguel,recording,knock_twice_right,1,-0.762548,10.133443,13.049941,2.022739,-0.614204,-0.111096
477624840.000,Miguel,recording,knock_twice_right,1,-1.195739,10.447840,12.264789,2.317486,-0.588796,-0.184920
477624850.000,Miguel,recording,knock_twice_right,1,-1.434732,10.732796,11.340451,2.485149,-0.487748,-0.215344
477624860.000,Miguel,recording,knock_twice_right,1,-1.434059,10.870328,10.436470,2.529885,-0.322208,-0.201958
477624870.000,Miguel,recording,knock_twice_right,1,-1.275420,10.904962,9.634599,2.474058,-0.117274,-0.160548
477624880.000,Miguel,recording,knock_twice_right,1,-1.045464,10.845377,8.917201,2.353219,0.095584,-0.119541
477624890.000,Miguel,recording,knock_twice_right,1,-0.837219,10.623274,8.280130,2.199056,0.279644,-0.106353
477624900.000,Miguel,recording,knock_twice_right,1,-0.877468,10.248945,7.739861,2.028503,0.398950,-0.121446
477624910.000,Miguel,recording,knock_twice_right,1,-1.128433,9.880134,7.334698,1.851084,0.444816,-0.143950
477624920.000,Miguel,recording,knock_twice_right,1,-1.346796,9.562531,7.097487,1.679121,0.435752,-0.161011
477624930.000,Miguel,recording,knock_twice_right,1,-1.456446,9.276510,7.001725,1.529759,0.393315,-0.171194
477624940.000,Miguel,recording,knock_twice_right,1,-1.331105,9.000781,7.074112,1.421323,0.325103,-0.178110
477624950.000,Miguel,recording,knock_twice_right,1,-0.977605,8.526486,7.177504,1.368178,0.238606,-0.190190
477624960.000,Miguel,recording,knock_twice_right,1,-0.579241,7.854952,7.240170,1.380916,0.159604,-0.215086
477624970.000,Miguel,recording,knock_twice_right,1,-0.381645,7.181288,7.090342,1.451822,0.110208,-0.251416
477624980.000,Miguel,recording,knock_twice_right,1,-0.509745,6.666497,6.595050,1.546050,0.083244,-0.281285
477624990.000,Miguel,recording,knock_twice_right,1,-0.879426,6.417246,5.928554,1.622302,0.068373,-0.275976
477625000.000,Miguel,recording,knock_twice_right,1,-1.150233,6.329194,5.194530,1.651067,0.077853,-0.227424
477625010.000,Miguel,recording,knock_twice_right,1,-1.012288,6.076119,4.380161,1.609279,0.120601,-0.162113
477625020.000,Miguel,recording,knock_twice_right,1,-0.592326,5.632579,3.629048,1.491611,0.181500,-0.115472
477625030.000,Miguel,recording,knock_twice_right,1,-0.204329,5.143887,3.068150,1.313182,0.243947,-0.103535
477625040.000,Miguel,recording,knock_twice_right,1,-0.036321,4.710830,2.688548,1.095900,0.310788,-0.119654
477625050.000,Miguel,recording,knock_twice_right,1,-0.059399,4.353029,2.525115,0.869399,0.387803,-0.144127
477625060.000,Miguel,recording,knock_twice_right,1,-0.273018,4.069774,2.516548,0.659411,0.456988,-0.155414
477625070.000,Miguel,recording,knock_twice_right,1,-0.609403,3.975378,2.684226,0.482110,0.476489,-0.135202
477625080.000,Miguel,recording,knock_twice_right,1,-0.727272,4.036442,2.990554,0.350871,0.446539,-0.076968
477625090.000,Miguel,recording,knock_twice_right,1,-0.446699,3.963722,3.166189,0.269395,0.433138,-0.003806
477625100.000,Miguel,recording,knock_twice_right,1,0.116483,3.662276,3.224622,0.226391,0.487760,0.042700
477625110.000,Miguel,recording,knock_twice_right,1,0.685520,3.314212,3.330134,0.210671,0.610706,0.033863
477625120.000,Miguel,recording,knock_twice_right,1,1.015844,3.190577,3.406709,0.224491,0.785013,-0.040674
477625130.000,Miguel,recording,knock_twice_right,1,1.021764,3.294949,3.330904,0.269260,0.984130,-0.176382
477625140.000,Miguel,recording,knock_twice_right,1,0.596501,3.557700,3.092286,0.328043,1.162001,-0.341766
477625150.000,Miguel,recording,knock_twice_right,1,-0.103768,3.865802,2.795331,0.378061,1.250930,-0.490289
477625160.000,Miguel,recording,knock_twice_right,1,-0.664522,4.089039,2.612279,0.404686,1.222731,-0.604774
477625170.000,Miguel,recording,knock_twice_right,1,-1.143071,4.204353,2.621243,0.418988,1.079478,-0.667068
477625180.000,Miguel,recording,knock_twice_right,1,-1.399927,4.127767,2.676809,0.427302,0.822109,-0.661321
477625190.000,Miguel,recording,knock_twice_right,1,-1.256722,4.020423,2.545742,0.407475,0.513998,-0.616836
477625200.000,Miguel,recording,knock_twice_right,1,-1.058733,4.088123,2.369321,0.351363,0.252938,-0.572038
477625210.000,Miguel,recording,knock_twice_right,1,-1.070878,4.461376,2.205017,0.271250,0.093108,-0.536147
477625220.000,Miguel,recording,knock_twice_right,1,-1.253053,5.003940,2.045120,0.175626,0.026062,-0.496912
477625230.000,Miguel,recording,knock_twice_right,1,-1.447264,5.480376,1.837157,0.062357,0.007650,-0.443135
477625240.000,Miguel,recording,knock_twice_right,1,-1.583926,5.789711,1.717416,-0.068905,-0.000363,-0.370048
477625250.000,Miguel,recording,knock_twice_right,1,-1.487491,6.003705,1.729171,-0.210492,-0.008528,-0.286903
477625260.000,Miguel,recording,knock_twice_right,1,-1.127279,6.259317,1.869104,-0.351361,-0.011579,-0.218195
477625270.000,Miguel,recording,knock_twice_right,1,-0.684382,6.596155,2.053455,-0.484095,-0.008159,-0.194526
477625280.000,Miguel,recording,knock_twice_right,1,-0.385701,7.008854,2.256260,-0.605061,-0.006529,-0.249336
477625290.000,Miguel,recording,knock_twice_right,1,-0.484038,7.570352,2.496407,-0.706024,-0.025562,-0.394236
477625300.000,Miguel,recording,knock_twice_right,1,-1.072699,8.137682,2.793957,-0.773646,-0.099145,-0.606185
477625310.000,Miguel,recording,knock_twice_right,1,-1.996527,8.359879,3.082467,-0.805428,-0.253059,-0.824298
477625320.000,Miguel,recording,knock_twice_right,1,-3.049762,8.154556,3.509683,-0.808167,-0.474424,-0.969190
477625330.000,Miguel,recording,knock_twice_right,1,-4.090567,7.815871,4.167961,-0.779711,-0.710180,-0.973000
477625340.000,Miguel,recording,knock_twice_right,1,-4.798024,7.679996,4.960520,-0.709244,-0.894416,-0.807926
477625350.000,Miguel,recording,knock_twice_right,1,-4.843636,7.748909,5.664737,-0.586334,-0.993085,-0.519149
477625360.000,Miguel,recording,knock_twice_right,1,-4.305078,7.894603,6.103835,-0.414488,-1.036981,-0.199090
477625370.000,Miguel,recording,knock_twice_right,1,-3.489904,8.083246,6.198137,-0.224908,-1.088313,0.069481
477625380.000,Miguel,recording,knock_twice_right,1,-2.693335,8.412153,6.016621,-0.058708,-1.168923,0.244742
477625390.000,Miguel,recording,knock_twice_right,1,-2.046213,8.789758,5.641928,0.049982,-1.258372,0.318162
477625400.000,Miguel,recording,knock_twice_right,1,-1.580070,8.984893,5.215858,0.078045,-1.338406,0.299805
477625410.000,Miguel,recording,knock_twice_right,1,-1.348237,8.999889,4.976520,0.020983,-1.411498,0.213130
477625420.000,Miguel,recording,knock_twice_right,1,-1.337225,8.943037,5.179110,-0.099705,-1.473193,0.092798
477625430.000,Miguel,recording,knock_twice_right,1,-1.495276,8.967309,5.737167,-0.249001,-1.486946,-0.025991
477625440.000,Miguel,recording,knock_twice_right,1,-1.852292,9.107628,6.391644,-0.394625,-1.416761,-0.111875
477625450.000,Miguel,recording,knock_twice_right,1,-2.316494,9.350729,7.043518,-0.511200,-1.252067,-0.139771
477625460.000,Miguel,recording,knock_twice_right,1,-2.635037,9.547343,7.518371,-0.594492,-0.999424,-0.104273
477625470.000,Miguel,recording,knock_twice_right,1,-2.651774,9.554044,7.829930,-0.644935,-0.690341,-0.029691
477625480.000,Miguel,recording,knock_twice_right,1,-2.452292,9.570477,8.102613,-0.647599,-0.385861,0.040134
477625490.000,Miguel,recording,knock_twice_right,1,-2.211290,9.614196,8.253519,-0.590108,-0.164673,0.073178
477625500.000,Miguel,recording,knock_twice_right,1,-2.098998,9.571674,8.194416,-0.481687,-0.079715,0.064134
477625510.000,Miguel,recording,knock_twice_right,1,-2.127314,9.468034,7.935886,-0.348471,-0.127268,0.027662
477625520.000,Miguel,recording,knock_twice_right,1,-2.278820,9.407669,7.614042,-0.218341,-0.261962,-0.013300
477625530.000,Miguel,recording,knock_twice_right,1,-2.421796,9.412309,7.365225,-0.117100,-0.432112,-0.044780
477625540.000,Miguel,recording,knock_twice_right,1,-2.459376,9.327810,7.296005,-0.055100,-0.594080,-0.063806
477625550.000,Miguel,recording,knock_twice_right,1,-2.423348,9.046328,7.429608,-0.019729,-0.710261,-0.070380
477625560.000,Miguel,recording,knock_twice_right,1,-2.342633,8.687946,7.689547,0.010942,-0.758657,-0.065652
477625570.000,Miguel,recording,knock_twice_right,1,-2.201137,8.357501,7.918752,0.053988,-0.732666,-0.054178
477625580.000,Miguel,recording,knock_twice_right,1,-2.032259,8.093135,8.029816,0.114996,-0.642888,-0.043318
477625590.000,Miguel,recording,knock_twice_right,1,-1.965763,7.926935,7.970851,0.193550,-0.508860,-0.041237
477625600.000,Miguel,recording,knock_twice_right,1,-2.037811,7.808128,7.752019,0.279794,-0.364201,-0.047056
477625610.000,Miguel,recording,knock_twice_right,1,-2.207983,7.693224,7.362060,0.354498,-0.242979,-0.050016
477625620.000,Miguel,recording,knock_twice_right,1,-2.392248,7.625017,6.890110,0.402977,-0.150228,-0.042821
477625630.000,Miguel,recording,knock_twice_right,1,-2.544714,7.647563,6.441648,0.420677,-0.076187,-0.020034
477625640.000,Miguel,recording,knock_twice_right,1,-2.566380,7.684518,6.109394,0.415018,-0.011993,0.015932
477625650.000,Miguel,recording,knock_twice_right,1,-2.365438,7.679266,5.886942,0.395108,0.044833,0.050658
477625660.000,Miguel,recording,knock_twice_right,1,-2.032054,7.635310,5.711426,0.366649,0.093334,0.067434
477625670.000,Miguel,recording,knock_twice_right,1,-1.710052,7.582198,5.586514,0.337309,0.132493,0.058176
477625680.000,Miguel,recording,knock_twice_right,1,-1.481457,7.496936,5.508573,0.311400,0.158279,0.023801
477625690.000,Miguel,recording,knock_twice_right,1,-1.429781,7.353929,5.466029,0.294271,0.169991,-0.027181
477625700.000,Miguel,recording,knock_twice_right,1,-1.557178,7.161342,5.454567,0.289955,0.172128,-0.078367
477625710.000,Miguel,recording,knock_twice_right,1,-1.781815,7.034217,5.394102,0.296974,0.167786,-0.112524
477625720.000,Miguel,recording,knock_twice_right,1,-1.978250,6.975709,5.304135,0.310656,0.161613,-0.119769
477625730.000,Miguel,recording,knock_twice_right,1,-2.062541,6.978561,5.167310,0.321614,0.156285,-0.104089
477625740.000,Miguel,recording,knock_twice_right,1,-2.050254,7.037886,4.951372,0.316569,0.150309,-0.078986
477625750.000,Miguel,recording,knock_twice_right,1,-1.971016,7.084892,4.718665,0.284954,0.149937,-0.057405
477625760.000,Miguel,recording,knock_twice_right,1,-1.899975,7.120733,4.529714,0.227582,0.162240,-0.046526
477625770.000,Miguel,recording,knock_twice_right,1,-1.882462,7.143277,4.465684,0.154886,0.185875,-0.044609
477625780.000,Miguel,recording,knock_twice_right,1,-1.926371,7.129772,4.505079,0.081836,0.215844,-0.041077
477625790.000,Miguel,recording,knock_twice_right,1,-2.017126,7.120235,4.627169,0.022455,0.245983,-0.026043
477625800.000,Miguel,recording,knock_twice_right,1,-2.084168,7.175002,4.787381,-0.015702,0.273306,0.003799
477625810.000,Miguel,recording,knock_twice_right,1,-2.102403,7.279329,4.943425,-0.029695,0.298949,0.045118
477625820.000,Miguel,recording,knock_twice_right,1,-2.059678,7.413875,5.070723,-0.020193,0.321078,0.088846
477625830.000,Miguel,recording,knock_twice_right,1,-1.943392,7.537039,5.128424,0.007504,0.330604,0.122563
477625840.000,Miguel,recording,knock_twice_right,1,-1.836698,7.666692,5.092335,0.042481,0.318473,0.134725
477625850.000,Miguel,recording,knock_twice_right,1,-1.782444,7.794522,4.999686,0.072381,0.287857,0.124600
477625860.000,Miguel,recording,knock_twice_right,1,-1.766771,7.916714,4.904061,0.092793,0.251329,0.102866
477625870.000,Miguel,recording,knock_twice_right,1,-1.790020,8.037995,4.858009,0.103169,0.215168,0.081737
477625880.000,Miguel,recording,knock_twice_right,1,-1.791270,8.125327,4.812527,0.105507,0.179089,0.065174
477625890.000,Miguel,recording,knock_twice_right,1,-1.760968,8.171457,4.781552,0.103934,0.140381,0.046796
477625900.000,Miguel,recording,knock_twice_right,1,-1.772188,8.223626,4.748330,0.098465,0.099741,0.022593
477625910.000,Miguel,recording,knock_twice_right,1,-1.821098,8.331092,4.724449,0.087791,0.063411,-0.003638
477625920.000,Miguel,recording,knock_twice_right,1,-1.892228,8.427716,4.703156,0.067607,0.035903,-0.025804
477625930.000,Miguel,recording,knock_twice_right,1,-1.978084,8.421402,4.668307,0.032799,0.020014,-0.038304
477625940.000,Miguel,recording,knock_twice_right,1,-2.075880,8.447502,4.747286,-0.013420,0.020140,-0.034501
477625950.000,Miguel,recording,knock_twice_right,1,-2.052670,8.499904,4.972689,-0.058639,0.039307,-0.018003
477625960.000,Miguel,recording,knock_twice_right,1,-1.919115,8.489372,5.232547,-0.089409,0.072424,-0.003463
477625970.000,Miguel,recording,knock_twice_right,1,-1.800556,8.457729,5.441724,-0.100368,0.108249,-0.000528
477625980.000,Miguel,recording,knock_twice_right,1,-1.718314,8.436336,5.568396,-0.093523,0.135817,-0.011326
477625990.000,Miguel,recording,knock_twice_right,1,-1.701561,8.413620,5.622254,-0.076769,0.152699,-0.031086
477626000.000,Miguel,recording,knock_twice_right,1,-1.745050,8.370471,5.624102,-0.056774,0.165525,-0.051827
477626010.000,Miguel,recording,knock_twice_right,1,-1.820031,8.297160,5.571041,-0.037497,0.175270,-0.065330
477626020.000,Miguel,recording,knock_twice_right,1,-1.949360,8.215757,5.494898,-0.025074,0.175628,-0.062490
477626030.000,Miguel,recording,knock_twice_right,1,-2.048470,8.205161,5.432228,-0.019688,0.162712,-0.039766
477626040.000,Miguel,recording,knock_twice_right,1,-2.049357,8.212414,5.375568,-0.018834,0.138255,-0.003715
477626050.000,Miguel,recording,knock_twice_right,1,-1.953827,8.179688,5.367496,-0.021100,0.106562,0.033035
477626060.000,Miguel,recording,knock_twice_right,1,-1.823891,8.150183,5.390256,-0.020503,0.071565,0.059845
477626070.000,Miguel,recording,knock_twice_right,1,-1.692377,8.097373,5.456428,-0.011572,0.042670,0.073864
477626080.000,Miguel,recording,knock_twice_right,1,-1.585779,8.038896,5.519988,0.007809,0.025152,0.076523
477626090.000,Miguel,recording,knock_twice_right,1,-1.538472,8.000484,5.517146,0.033250,0.016740,0.069141
477626100.000,Miguel,recording,knock_twice_right,1,-1.510877,7.973039,5.453705,0.057435,0.017054,0.056150
477626110.000,Miguel,recording,knock_twice_right,1,-1.552432,7.954652,5.331593,0.072261,0.023452,0.044620
477626120.000,Miguel,recording,knock_twice_right,1,-1.637910,7.951337,5.203340,0.071950,0.031409,0.043023
477626130.000,Miguel,recording,knock_twice_right,1,-1.702959,7.970495,5.102066,0.060486,0.039944,0.053334
477626140.000,Miguel,recording,knock_twice_right,1,-1.670721,8.000017,5.061438,0.045873,0.050074,0.066508
477626150.000,Miguel,recording,knock_twice_right,1,-1.561728,8.015472,5.073909,0.034587,0.060859,0.072870
477626160.000,Miguel,recording,knock_twice_right,1,-1.486139,8.009611,5.044286,0.027595,0.064976,0.068172
477626170.000,Miguel,recording,knock_twice_right,1,-1.504446,8.029996,4.987779,0.021587,0.057045,0.056134
477626180.000,Miguel,recording,knock_twice_right,1,-1.557074,8.051382,4.955964,0.016171,0.042199,0.042610
477626190.000,Miguel,recording,knock_twice_right,1,-1.594101,8.047922,4.925268,0.010613,0.026018,0.031470
477626200.000,Miguel,recording,knock_twice_right,1,-1.633885,8.057529,4.902733,0.002069,0.006830,0.024967
477626210.000,Miguel,recording,knock_twice_right,1,-1.683855,8.091704,4.902910,-0.008865,-0.020386,0.024397
477626220.000,Miguel,recording,knock_twice_right,1,-1.720419,8.130240,4.921265,-0.020632,-0.054357,0.029062
477626230.000,Miguel,recording,knock_twice_right,1,-1.713693,8.152966,4.970735,-0.031407,-0.089234,0.034011
477626240.000,Miguel,recording,knock_twice_right,1,-1.681017,8.158175,5.047865,-0.037616,-0.116501,0.033671
477626250.000,Miguel,recording,knock_twice_right,1,-1.634419,8.131559,5.145961,-0.039810,-0.126901,0.027241
477626260.000,Miguel,recording,knock_twice_right,1,-1.623875,8.079096,5.200185,-0.041865,-0.119946,0.017682
477626270.000,Miguel,recording,knock_twice_right,1,-1.655469,8.037493,5.190048,-0.046588,-0.099300,0.009410
477626280.000,Miguel,recording,knock_twice_right,1,-1.718396,8.011084,5.123145,-0.059347,-0.069132,0.005329
477626290.000,Miguel,recording,knock_twice_right,1,-1.791260,8.002854,5.094147,-0.082248,-0.038553,0.006504
477626300.000,Miguel,recording,knock_twice_right,1,-1.820379,8.020951,5.153846,-0.108973,-0.011576,0.014038
477626310.000,Miguel,recording,knock_twice_right,1,-1.806921,8.002075,5.234681,-0.131247,0.012765,0.025001
477626320.000,Miguel,recording,knock_twice_right,1,-1.754554,7.985956,5.312469,-0.146295,0.032601,0.034536
477626330.000,Miguel,recording,knock_twice_right,1,-1.671864,8.002674,5.405333,-0.152604,0.045469,0.040520
477626340.000,Miguel,recording,knock_twice_right,1,-1.588249,8.028105,5.486082,-0.148058,0.051147,0.041958
477626350.000,Miguel,recording,knock_twice_right,1,-1.519266,8.059625,5.538293,-0.132806,0.051348,0.034553
477626360.000,Miguel,recording,knock_twice_right,1,-1.511345,8.086292,5.553990,-0.106437,0.045828,0.018222
477626370.000,Miguel,recording,knock_twice_right,1,-1.581353,8.095830,5.523562,-0.075002,0.032384,0.000205
477626380.000,Miguel,recording,knock_twice_right,1,-1.692511,8.097806,5.458144,-0.048113,0.013073,-0.012983
477626390.000,Miguel,recording,knock_twice_right,1,-1.768228,8.102460,5.394899,-0.030698,-0.003591,-0.016671
477626400.000,Miguel,recording,knock_twice_right,1,-1.785411,8.089950,5.330627,-0.022408,-0.009995,-0.012954
477626410.000,Miguel,recording,knock_twice_right,1,-1.783902,8.044791,5.264215,-0.020773,-0.006797,-0.008079
477626420.000,Miguel,recording,knock_twice_right,1,-1.785340,8.036363,5.204947,-0.026687,-0.000941,-0.004022
477626430.000,Miguel,recording,knock_twice_right,1,-1.795375,8.055043,5.151018,-0.040004,0.004777,0.000279
477626440.000,Miguel,recording,knock_twice_right,1,-1.798734,8.052108,5.111568,-0.057110,0.012062,0.005387
477626450.000,Miguel,recording,knock_twice_right,1,-1.763021,8.043530,5.105945,-0.075227,0.019369,0.007606
477626460.000,Miguel,recording,knock_twice_right,1,-1.719074,8.038735,5.136693,-0.092880,0.023883,0.005050
477626470.000,Miguel,recording,knock_twice_right,1,-1.726040,8.023141,5.186172,-0.109665,0.027690,0.002737
477626480.000,Miguel,recording,knock_twice_right,1,-1.739028,8.016488,5.269300,-0.121596,0.032471,0.006544
477626490.000,Miguel,recording,knock_twice_right,1,-1.698790,8.026360,5.356670,-0.125425,0.037892,0.013325
477626500.000,Miguel,recording,knock_twice_right,1,-1.606538,8.018783,5.424718,-0.121423,0.045111,0.014206
477626510.000,Miguel,recording,knock_twice_right,1,-1.517368,7.989803,5.481249,-0.108868,0.053416,0.006990
477626520.000,Miguel,recording,knock_twice_right,1,-1.493412,7.974938,5.524818,-0.089455,0.058573,-0.007802
477626530.000,Miguel,recording,knock_twice_right,1,-1.481966,8.011125,5.533495,-0.068771,0.062389,-0.027985
477626540.000,Miguel,recording,knock_twice_right,1,-1.453720,8.059013,5.515810,-0.051890,0.072247,-0.051755
477626550.000,Miguel,recording,knock_twice_right,1,-1.415717,8.050697,5.580981,-0.036411,0.095291,-0.080552
477626560.000,Miguel,recording,knock_twice_right,1,-1.358530,8.045864,5.805498,-0.009212,0.139178,-0.113443
477626570.000,Miguel,recording,knock_twice_right,1,-1.411082,7.950489,5.912021,0.040917,0.216938,-0.147778
477626580.000,Miguel,recording,knock_twice_right,1,-2.011543,7.730097,5.420208,0.089056,0.343397,-0.168726
477626590.000,Miguel,recording,knock_twice_right,1,-3.060897,7.762159,4.624674,0.082637,0.465949,-0.127889
477626600.000,Miguel,recording,knock_twice_right,1,-3.538403,7.955774,4.188895,-0.002460,0.507247,-0.007112
477626610.000,Miguel,recording,knock_twice_right,1,-3.218944,7.769347,4.056716,-0.134778,0.461834,0.139317
477626620.000,Miguel,recording,knock_twice_right,1,-2.489134,7.653771,4.350704,-0.257905,0.352635,0.246905
477626630.000,Miguel,recording,knock_twice_right,1,-1.639703,7.817158,4.903939,-0.328160,0.192824,0.279218
477626640.000,Miguel,recording,knock_twice_right,1,-0.795943,8.092533,5.577715,-0.325078,0.006877,0.220883
477626650.000,Miguel,recording,knock_twice_right,1,-0.178330,8.327663,6.136838,-0.253971,-0.160569,0.079501
477626660.000,Miguel,recording,knock_twice_right,1,-0.125831,8.414308,6.388585,-0.141955,-0.268452,-0.104175
477626670.000,Miguel,recording,knock_twice_right,1,-0.588361,8.259056,6.280345,-0.029488,-0.302166,-0.274134
477626680.000,Miguel,recording,knock_twice_right,1,-1.230608,7.898063,5.958851,0.049302,-0.272753,-0.391326
477626690.000,Miguel,recording,knock_twice_right,1,-1.816785,7.627605,5.582692,0.079588,-0.200629,-0.437806
477626700.000,Miguel,recording,knock_twice_right,1,-2.381933,7.705173,5.258505,0.059842,-0.114616,-0.409839
477626710.000,Miguel,recording,knock_twice_right,1,-2.726261,7.952962,5.186519,0.004760,-0.037461,-0.328069
477626720.000,Miguel,recording,knock_twice_right,1,-2.649211,8.144377,5.438608,-0.047150,0.038985,-0.229147
477626730.000,Miguel,recording,knock_twice_right,1,-2.308744,7.965965,5.692733,-0.059312,0.120086,-0.155677
477626740.000,Miguel,recording,knock_twice_right,1,-2.179665,7.602660,5.698436,-0.031619,0.170553,-0.125502
477626750.000,Miguel,recording,knock_twice_right,1,-2.460387,7.559383,5.594598,0.015942,0.165698,-0.106835
477626760.000,Miguel,recording,knock_twice_right,1,-2.967895,7.678619,5.416666,0.065694,0.138741,-0.051817
477626770.000,Miguel,recording,knock_twice_right,1,-3.294523,7.632309,5.033459,0.093414,0.115251,0.051388
477626780.000,Miguel,recording,knock_twice_right,1,-3.329641,7.456243,4.599619,0.078471,0.072737,0.183477
477626790.000,Miguel,recording,knock_twice_right,1,-3.066465,7.373474,4.366589,0.023902,-0.014064,0.318906
477626800.000,Miguel,recording,knock_twice_right,1,-2.372950,7.492231,4.435065,-0.046779,-0.143059,0.417125
477626810.000,Miguel,recording,knock_twice_right,1,-1.498129,7.792340,4.790909,-0.101908,-0.281795,0.437648
477626820.000,Miguel,recording,knock_twice_right,1,-0.878998,8.050834,5.301402,-0.115514,-0.392127,0.372529
477626830.000,Miguel,recording,knock_twice_right,1,-0.529598,8.086648,5.741890,-0.082944,-0.452237,0.248376
477626840.000,Miguel,recording,knock_twice_right,1,-0.498850,8.019670,5.884082,-0.029774,-0.461743,0.105567
477626850.000,Miguel,recording,knock_twice_right,1,-0.795921,7.978652,5.743055,0.010715,-0.428986,-0.018691
477626860.000,Miguel,recording,knock_twice_right,1,-1.277330,7.947465,5.463254,0.018036,-0.363441,-0.101901
477626870.000,Miguel,recording,knock_twice_right,1,-1.678381,7.829397,5.212285,-0.015057,-0.273358,-0.145528
477626880.000,Miguel,recording,knock_twice_right,1,-1.959367,7.749902,5.111135,-0.079571,-0.167499,-0.149777
477626890.000,Miguel,recording,knock_twice_right,1,-2.254897,7.856953,5.151997,-0.160467,-0.063327,-0.110663
477626900.000,Miguel,recording,knock_twice_right,1,-2.375367,7.924822,5.227323,-0.240359,0.026020,-0.048656
477626910.000,Miguel,recording,knock_twice_right,1,-2.254334,7.898218,5.386054,-0.304149,0.089116,0.008018
477626920.000,Miguel,recording,knock_twice_right,1,-2.072553,7.891808,5.615149,-0.343053,0.120587,0.045578
477626930.000,Miguel,recording,knock_twice_right,1,-1.917256,7.861668,5.859627,-0.351939,0.129137,0.063495
477626940.000,Miguel,recording,knock_twice_right,1,-1.791464,7.787971,6.040677,-0.334293,0.122556,0.067571
477626950.000,Miguel,recording,knock_twice_right,1,-1.747283,7.757134,6.146941,-0.298553,0.102164,0.065381
477626960.000,Miguel,recording,knock_twice_right,1,-1.735216,7.757795,6.267089,-0.248952,0.072552,0.064818
477626970.000,Miguel,recording,knock_twice_right,1,-1.729618,7.759712,6.344422,-0.187842,0.044112,0.067902
477626980.000,Miguel,recording,knock_twice_right,1,-1.711871,7.776276,6.313122,-0.124319,0.019188,0.070369
477626990.000,Miguel,recording,knock_twice_right,1,-1.673848,7.822068,6.237042,-0.068287,-0.008763,0.070219
477627000.000,Miguel,recording,knock_twice_right,1,-1.634131,7.862406,6.155389,-0.023487,-0.036780,0.067551
477627010.000,Miguel,recording,knock_twice_right,1,-1.596828,7.876487,6.112232,0.012420,-0.051444,0.061559
477627020.000,Miguel,recording,knock_twice_right,1,-1.543546,7.868862,6.026298,0.041519,-0.044374,0.050423
477627030.000,Miguel,recording,knock_twice_right,1,-1.565781,7.846073,5.862617,0.060323,-0.021285,0.033857
477627040.000,Miguel,recording,knock_twice_right,1,-1.681214,7.813306,5.684027,0.064096,0.004109,0.018341
477627050.000,Miguel,recording,knock_twice_right,1,-1.801442,7.808460,5.575233,0.053726,0.023369,0.010550
477627060.000,Miguel,recording,knock_twice_right,1,-1.803830,7.818814,5.569239,0.039075,0.041099,0.010713
477627070.000,Miguel,recording,knock_twice_right,1,-1.709408,7.801760,5.558933,0.027438,0.061820,0.013086
477627080.000,Miguel,recording,knock_twice_right,1,-1.662244,7.763485,5.501511,0.015915,0.072134,0.016202
477627090.000,Miguel,recording,knock_twice_right,1,-1.690651,7.805299,5.423758,0.000121,0.057669,0.025070
477627100.000,Miguel,recording,knock_twice_right,1,-1.697389,7.875743,5.392812,-0.018050,0.024943,0.040083
477627110.000,Miguel,recording,knock_twice_right,1,-1.652572,7.880042,5.405458,-0.033782,-0.012291,0.054350
477627120.000,Miguel,recording,knock_twice_right,1,-1.567831,7.844409,5.476198,-0.040575,-0.046376,0.060737
477627130.000,Miguel,recording,knock_twice_right,1,-1.479838,7.791403,5.597441,-0.034374,-0.069779,0.059055
477627140.000,Miguel,recording,knock_twice_right,1,-1.428418,7.731675,5.658592,-0.015209,-0.077371,0.051001
477627150.000,Miguel,recording,knock_twice_right,1,-1.461038,7.654153,5.616068,0.012542,-0.073043,0.040628
477627160.000,Miguel,recording,knock_twice_right,1,-1.579610,7.575653,5.536735,0.042141,-0.066135,0.033287
477627170.000,Miguel,recording,knock_twice_right,1,-1.683870,7.557558,5.448410,0.069034,-0.060449,0.033226
477627180.000,Miguel,recording,knock_twice_right,1,-1.736864,7.559472,5.316254,0.086993,-0.053043,0.038845
477627190.000,Miguel,recording,knock_twice_right,1,-1.779638,7.533177,5.114587,0.086312,-0.045115,0.044559
477627200.000,Miguel,recording,knock_twice_right,1,-1.866562,7.510174,4.936997,0.063691,-0.040240,0.051267
477627210.000,Miguel,recording,knock_twice_right,1,-1.972956,7.502638,4.892707,0.027236,-0.036793,0.062848
477627220.000,Miguel,recording,knock_twice_right,1,-1.972296,7.469714,5.011311,-0.011512,-0.027393,0.079402
477627230.000,Miguel,recording,knock_twice_right,1,-1.883692,7.430597,5.187467,-0.042878,-0.010499,0.095620
477627240.000,Miguel,recording,knock_twice_right,1,-1.777231,7.429988,5.305270,-0.061590,0.002809,0.105152
477627250.000,Miguel,recording,knock_twice_right,1,-1.709341,7.500779,5.359943,-0.070731,0.002949,0.106245
477627260.000,Miguel,recording,knock_twice_right,1,-1.628999,7.588589,5.358602,-0.080539,-0.013028,0.099052
477627270.000,Miguel,recording,knock_twice_right,1,-1.547244,7.647371,5.330855,-0.097700,-0.036755,0.082475
477627280.000,Miguel,recording,knock_twice_right,1,-1.528875,7.690550,5.338113,-0.121765,-0.054471,0.058574
477627290.000,Miguel,recording,knock_twice_right,1,-1.590861,7.734803,5.352626,-0.153089,-0.060753,0.034244
477627300.000,Miguel,recording,knock_twice_right,1,-1.713310,7.779752,5.397322,-0.190055,-0.055131,0.017645
477627310.000,Miguel,recording,knock_twice_right,1,-1.817641,7.821011,5.514711,-0.226380,-0.038762,0.012514
477627320.000,Miguel,recording,knock_twice_right,1,-1.834314,7.806609,5.646478,-0.254228,-0.012316,0.015125
477627330.000,Miguel,recording,knock_twice_right,1,-1.791072,7.755620,5.743631,-0.269738,0.017980,0.020731
477627340.000,Miguel,recording,knock_twice_right,1,-1.776220,7.711604,5.809826,-0.275762,0.036993,0.026906
477627350.000,Miguel,recording,knock_twice_right,1,-1.793250,7.705432,5.875790,-0.275461,0.036446,0.034240
477627360.000,Miguel,recording,knock_twice_right,1,-1.808040,7.716206,5.959082,-0.269369,0.023129,0.044842
477627370.000,Miguel,recording,knock_twice_right,1,-1.730561,7.705245,6.058031,-0.255381,0.007983,0.055822
477627380.000,Miguel,recording,knock_twice_right,1,-1.605352,7.690299,6.135140,-0.235259,-0.004445,0.061733
477627390.000,Miguel,recording,knock_twice_right,1,-1.535892,7.686318,6.163767,-0.214542,-0.017751,0.060337
477627400.000,Miguel,recording,knock_twice_right,1,-1.532180,7.695213,6.199403,-0.196940,-0.033287,0.055809
477627410.000,Miguel,recording,knock_twice_right,1,-1.572488,7.707813,6.264147,-0.182796,-0.044900,0.053514
477627420.000,Miguel,recording,knock_twice_right,1,-1.602991,7.682517,6.349049,-0.167838,-0.044480,0.056236
477627430.000,Miguel,recording,knock_twice_right,2,-1.640566,7.657478,6.412849,-0.148376,-0.034489,0.065877
477627440.000,Miguel,recording,knock_twice_right,2,-1.659318,7.684240,6.413144,-0.125215,-0.026673,0.080549
477627450.000,Miguel,recording,knock_twice_right,2,-1.645194,7.713875,6.376872,-0.101612,-0.026413,0.097570
477627460.000,Miguel,recording,knock_twice_right,2,-1.590808,7.756226,6.350637,-0.081201,-0.034019,0.113232
477627470.000,Miguel,recording,knock_twice_right,2,-1.495892,7.781076,6.346334,-0.062536,-0.044086,0.124217
477627480.000,Miguel,recording,knock_twice_right,2,-1.358854,7.781612,6.329783,-0.044262,-0.048917,0.126835
477627490.000,Miguel,recording,knock_twice_right,2,-1.268771,7.792396,6.274986,-0.032255,-0.049471,0.119356
477627500.000,Miguel,recording,knock_twice_right,2,-1.246205,7.823152,6.257177,-0.028833,-0.047869,0.106783
477627510.000,Miguel,recording,knock_twice_right,2,-1.248518,7.830303,6.300067,-0.028161,-0.041730,0.094761
477627520.000,Miguel,recording,knock_twice_right,2,-1.234499,7.789678,6.343157,-0.022049,-0.027258,0.084835
477627530.000,Miguel,recording,knock_twice_right,2,-1.229643,7.746920,6.366317,-0.007930,-0.006071,0.074514
477627540.000,Miguel,recording,knock_twice_right,2,-1.250734,7.737244,6.295613,0.008123,0.011656,0.065228
477627550.000,Miguel,recording,knock_twice_right,2,-1.279503,7.770190,6.184300,0.017510,0.019507,0.061077
477627560.000,Miguel,recording,knock_twice_right,2,-1.280899,7.791894,6.089040,0.017453,0.019715,0.060795
477627570.000,Miguel,recording,knock_twice_right,2,-1.247024,7.782953,6.039794,0.010333,0.014785,0.058148
477627580.000,Miguel,recording,knock_twice_right,2,-1.195714,7.769083,6.066587,0.000900,0.008434,0.051294
477627590.000,Miguel,recording,knock_twice_right,2,-1.133952,7.751761,6.136460,-0.004130,0.010732,0.039614
477627600.000,Miguel,recording,knock_twice_right,2,-1.115098,7.712473,6.162814,-0.000795,0.024526,0.023847
477627610.000,Miguel,recording,knock_twice_right,2,-1.193812,7.684664,6.133479,0.008217,0.038693,0.010179
477627620.000,Miguel,recording,knock_twice_right,2,-1.292262,7.687477,6.073958,0.016445,0.044269,0.003434
477627630.000,Miguel,recording,knock_twice_right,2,-1.381630,7.690320,6.007665,0.022038,0.041567,0.003267
477627640.000,Miguel,recording,knock_twice_right,2,-1.389678,7.675599,5.984596,0.025441,0.032217,0.006862
477627650.000,Miguel,recording,knock_twice_right,2,-1.326642,7.660579,5.995644,0.026488,0.018549,0.010058
477627660.000,Miguel,recording,knock_twice_right,2,-1.254350,7.634895,5.992492,0.026286,0.003400,0.007744
477627670.000,Miguel,recording,knock_twice_right,2,-1.252322,7.619824,6.017131,0.025576,-0.012221,0.000797
477627680.000,Miguel,recording,knock_twice_right,2,-1.296263,7.604559,6.083329,0.025926,-0.020871,-0.006807
477627690.000,Miguel,recording,knock_twice_right,2,-1.340447,7.575286,6.123147,0.028823,-0.015525,-0.011500
477627700.000,Miguel,recording,knock_twice_right,2,-1.386427,7.540666,6.101470,0.032641,-0.000511,-0.010506
477627710.000,Miguel,recording,knock_twice_right,2,-1.438170,7.542379,6.070175,0.035174,0.015772,-0.004001
477627720.000,Miguel,recording,knock_twice_right,2,-1.483811,7.559438,6.037020,0.037362,0.025966,0.006812
477627730.000,Miguel,recording,knock_twice_right,2,-1.531561,7.583206,6.000590,0.042070,0.024105,0.020754
477627740.000,Miguel,recording,knock_twice_right,2,-1.516600,7.619576,5.984930,0.050468,0.010836,0.035453
477627750.000,Miguel,recording,knock_twice_right,2,-1.409526,7.641110,5.999102,0.064930,-0.006064,0.045389
477627760.000,Miguel,recording,knock_twice_right,2,-1.290268,7.635335,5.961027,0.081799,-0.021679,0.046880
477627770.000,Miguel,recording,knock_twice_right,2,-1.241974,7.651384,5.873797,0.091428,-0.034445,0.041904
477627780.000,Miguel,recording,knock_twice_right,2,-1.256956,7.693689,5.807687,0.091158,-0.040768,0.035163
477627790.000,Miguel,recording,knock_twice_right,2,-1.277434,7.691406,5.763031,0.084653,-0.037948,0.029803
477627800.000,Miguel,recording,knock_twice_right,2,-1.279305,7.656408,5.761069,0.077176,-0.029138,0.022849
477627810.000,Miguel,recording,knock_twice_right,2,-1.274753,7.637705,5.750087,0.068173,-0.021522,0.014128
477627820.000,Miguel,recording,knock_twice_right,2,-1.299565,7.639761,5.714388,0.054346,-0.016289,0.007149
477627830.000,Miguel,recording,knock_twice_right,2,-1.362744,7.655213,5.698809,0.036128,-0.009445,0.004046
477627840.000,Miguel,recording,knock_twice_right,2,-1.393353,7.665445,5.730105,0.017580,-0.000273,0.004124
477627850.000,Miguel,recording,knock_twice_right,2,-1.362653,7.670296,5.767600,0.001871,0.008801,0.003673
477627860.000,Miguel,recording,knock_twice_right,2,-1.327650,7.677582,5.781530,-0.011079,0.014475,0.001768
477627870.000,Miguel,recording,knock_twice_right,2,-1.342439,7.691681,5.813079,-0.022660,0.014954,0.001163
477627880.000,Miguel,recording,knock_twice_right,2,-1.370103,7.715047,5.874626,-0.031626,0.011091,0.002835
477627890.000,Miguel,recording,knock_twice_right,2,-1.351608,7.709959,5.976909,-0.032131,0.004847,0.004436
477627900.000,Miguel,recording,knock_twice_right,2,-1.310214,7.684118,6.069492,-0.020672,-0.001910,0.004428
477627910.000,Miguel,recording,knock_twice_right,2,-1.291609,7.662201,6.093961,0.000314,-0.007989,0.002461
477627920.000,Miguel,recording,knock_twice_right,2,-1.307794,7.657193,6.053084,0.025137,-0.012089,-0.000545
477627930.000,Miguel,recording,knock_twice_right,2,-1.350107,7.661444,5.990243,0.047737,-0.016808,-0.003207
477627940.000,Miguel,recording,knock_twice_right,2,-1.380405,7.650202,5.930231,0.065281,-0.025030,-0.005301
477627950.000,Miguel,recording,knock_twice_right,2,-1.409834,7.626513,5.879718,0.075378,-0.036088,-0.004011
477627960.000,Miguel,recording,knock_twice_right,2,-1.433511,7.622406,5.813642,0.077015,-0.045920,0.001906
477627970.000,Miguel,recording,knock_twice_right,2,-1.435580,7.627160,5.748856,0.070874,-0.050039,0.011084
477627980.000,Miguel,recording,knock_twice_right,2,-1.422745,7.636459,5.708989,0.061060,-0.051020,0.021771
477627990.000,Miguel,recording,knock_twice_right,2,-1.387486,7.649862,5.745915,0.052885,-0.052072,0.029201
477628000.000,Miguel,recording,knock_twice_right,2,-1.301137,7.655806,5.800506,0.048130,-0.051907,0.028792
477628010.000,Miguel,recording,knock_twice_right,2,-1.228315,7.683201,5.810368,0.044742,-0.044990,0.021330
477628020.000,Miguel,recording,knock_twice_right,2,-1.212495,7.702882,5.782744,0.037410,-0.029086,0.011684
477628030.000,Miguel,recording,knock_twice_right,2,-1.226730,7.725783,5.725269,0.024921,-0.009697,0.003498
477628040.000,Miguel,recording,knock_twice_right,2,-1.248552,7.745778,5.702877,0.010243,0.006702,-0.004645
477628050.000,Miguel,recording,knock_twice_right,2,-1.267486,7.750697,5.740896,-0.003890,0.014287,-0.013774
477628060.000,Miguel,recording,knock_twice_right,2,-1.309580,7.736930,5.795687,-0.016004,0.013911,-0.019633
477628070.000,Miguel,recording,knock_twice_right,2,-1.350361,7.726878,5.855680,-0.023084,0.012486,-0.019697
477628080.000,Miguel,recording,knock_twice_right,2,-1.357668,7.681550,5.907121,-0.021326,0.011014,-0.017337
477628090.000,Miguel,recording,knock_twice_right,2,-1.348299,7.651248,5.935656,-0.010755,0.005098,-0.016473
477628100.000,Miguel,recording,knock_twice_right,2,-1.336574,7.654398,5.941702,0.004522,-0.007709,-0.018547
477628110.000,Miguel,recording,knock_twice_right,2,-1.328357,7.668217,5.905831,0.019998,-0.022488,-0.023258
477628120.000,Miguel,recording,knock_twice_right,2,-1.356317,7.634108,5.840558,0.032049,-0.031249,-0.027746
477628130.000,Miguel,recording,knock_twice_right,2,-1.420528,7.588177,5.762958,0.038926,-0.034281,-0.027673
477628140.000,Miguel,recording,knock_twice_right,2,-1.485625,7.563633,5.708291,0.039907,-0.036096,-0.019152
477628150.000,Miguel,recording,knock_twice_right,2,-1.496596,7.570866,5.707630,0.035225,-0.036000,-0.004904
477628160.000,Miguel,recording,knock_twice_right,2,-1.463399,7.585592,5.700635,0.028138,-0.034951,0.008374
477628170.000,Miguel,recording,knock_twice_right,2,-1.427853,7.601233,5.672802,0.020722,-0.038963,0.017583
477628180.000,Miguel,recording,knock_twice_right,2,-1.395284,7.602591,5.681880,0.013276,-0.051418,0.020637
477628190.000,Miguel,recording,knock_twice_right,2,-1.346700,7.598885,5.712912,0.006349,-0.068477,0.019275
477628200.000,Miguel,recording,knock_twice_right,2,-1.301434,7.590006,5.758448,-0.000515,-0.078174,0.016386
477628210.000,Miguel,recording,knock_twice_right,2,-1.285859,7.567591,5.789360,-0.005091,-0.070426,0.010432
477628220.000,Miguel,recording,knock_twice_right,2,-1.337403,7.575986,5.792534,-0.003093,-0.053008,0.001631
477628230.000,Miguel,recording,knock_twice_right,2,-1.447035,7.617178,5.801895,0.002508,-0.045835,-0.003185
477628240.000,Miguel,recording,knock_twice_right,2,-1.539640,7.636834,5.816274,0.005678,-0.055571,0.001772
477628250.000,Miguel,recording,knock_twice_right,2,-1.561917,7.610068,5.811241,0.006697,-0.072066,0.016417
477628260.000,Miguel,recording,knock_twice_right,2,-1.551920,7.599405,5.817465,0.009110,-0.086154,0.037238
477628270.000,Miguel,recording,knock_twice_right,2,-1.531395,7.603642,5.848019,0.015966,-0.098711,0.058305
477628280.000,Miguel,recording,knock_twice_right,2,-1.504077,7.607440,5.848021,0.026405,-0.111028,0.076811
477628290.000,Miguel,recording,knock_twice_right,2,-1.477719,7.604521,5.777219,0.032640,-0.121502,0.093054
477628300.000,Miguel,recording,knock_twice_right,2,-1.444702,7.609961,5.674778,0.028884,-0.131583,0.108433
477628310.000,Miguel,recording,knock_twice_right,2,-1.371394,7.637297,5.626285,0.015353,-0.142452,0.122000
477628320.000,Miguel,recording,knock_twice_right,2,-1.202895,7.677357,5.660382,-0.004624,-0.147920,0.128037
477628330.000,Miguel,recording,knock_twice_right,2,-1.055139,7.693815,5.713515,-0.027845,-0.141348,0.121333
477628340.000,Miguel,recording,knock_twice_right,2,-1.032479,7.684161,5.762250,-0.050145,-0.125635,0.106532
477628350.000,Miguel,recording,knock_twice_right,2,-1.064703,7.677913,5.843209,-0.066397,-0.106177,0.093084
477628360.000,Miguel,recording,knock_twice_right,2,-1.102987,7.687675,5.944127,-0.072336,-0.083782,0.085136
477628370.000,Miguel,recording,knock_twice_right,2,-1.104962,7.695419,6.039922,-0.064584,-0.059823,0.084686
477628380.000,Miguel,recording,knock_twice_right,2,-1.064293,7.690760,6.087103,-0.046612,-0.042433,0.088808
477628390.000,Miguel,recording,knock_twice_right,2,-1.007421,7.712217,6.053048,-0.024082,-0.040388,0.090803
477628400.000,Miguel,recording,knock_twice_right,2,-0.985507,7.756250,6.005008,0.000487,-0.053557,0.087902
477628410.000,Miguel,recording,knock_twice_right,2,-0.960823,7.810588,5.983698,0.023899,-0.076179,0.080762
477628420.000,Miguel,recording,knock_twice_right,2,-0.900217,7.845404,5.936758,0.039945,-0.097680,0.068458
477628430.000,Miguel,recording,knock_twice_right,2,-0.872784,7.812205,5.860392,0.042553,-0.105141,0.052586
477628440.000,Miguel,recording,knock_twice_right,2,-0.907960,7.776508,5.790725,0.030424,-0.093296,0.038925
477628450.000,Miguel,recording,knock_twice_right,2,-0.962478,7.758299,5.766631,0.008339,-0.065206,0.032435
477628460.000,Miguel,recording,knock_twice_right,2,-0.982628,7.754549,5.766566,-0.018309,-0.033264,0.031659
477628470.000,Miguel,recording,knock_twice_right,2,-0.947797,7.768737,5.794853,-0.047355,-0.008394,0.030985
477628480.000,Miguel,recording,knock_twice_right,2,-0.925032,7.773775,5.847276,-0.074910,0.008214,0.029758
477628490.000,Miguel,recording,knock_twice_right,2,-0.940078,7.783347,5.912005,-0.094352,0.018612,0.027796
477628500.000,Miguel,recording,knock_twice_right,2,-0.961185,7.780387,6.017018,-0.100931,0.022153,0.023881
477628510.000,Miguel,recording,knock_twice_right,2,-0.953883,7.770857,6.182965,-0.089928,0.020466,0.017281
477628520.000,Miguel,recording,knock_twice_right,2,-0.965586,7.732218,6.330366,-0.060116,0.017343,0.009479
477628530.000,Miguel,recording,knock_twice_right,2,-1.010171,7.691610,6.389236,-0.018206,0.013089,0.003564
477628540.000,Miguel,recording,knock_twice_right,2,-1.069710,7.686229,6.335811,0.026071,0.006147,0.000248
477628550.000,Miguel,recording,knock_twice_right,2,-1.114933,7.705991,6.244551,0.065211,-0.004651,0.000558
477628560.000,Miguel,recording,knock_twice_right,2,-1.108052,7.722311,6.133969,0.090762,-0.015524,0.007778
477628570.000,Miguel,recording,knock_twice_right,2,-1.064357,7.757778,6.003347,0.097894,-0.022861,0.020974
477628580.000,Miguel,recording,knock_twice_right,2,-0.992845,7.819824,5.884683,0.090239,-0.025491,0.033484
477628590.000,Miguel,recording,knock_twice_right,2,-0.927986,7.863894,5.813917,0.074418,-0.020490,0.038726
477628600.000,Miguel,recording,knock_twice_right,2,-0.889774,7.895095,5.748521,0.056065,-0.009899,0.034980
477628610.000,Miguel,recording,knock_twice_right,2,-0.883716,7.904624,5.710096,0.038702,-0.001630,0.025744
477628620.000,Miguel,recording,knock_twice_right,2,-0.876299,7.876478,5.781557,0.026531,0.002754,0.015625
477628630.000,Miguel,recording,knock_twice_right,2,-0.870531,7.822482,5.897649,0.025179,0.005951,0.004736
477628640.000,Miguel,recording,knock_twice_right,2,-0.881997,7.803974,5.964510,0.035645,0.003704,-0.007391
477628650.000,Miguel,recording,knock_twice_right,2,-0.893664,7.819786,6.061879,0.054522,-0.007337,-0.018164
477628660.000,Miguel,recording,knock_twice_right,2,-0.877284,7.828868,6.150782,0.076852,-0.024983,-0.027914
477628670.000,Miguel,recording,knock_twice_right,2,-0.892667,7.822889,6.176017,0.096352,-0.045746,-0.037002
477628680.000,Miguel,recording,knock_twice_right,2,-0.960457,7.861999,6.159043,0.109135,-0.061603,-0.042155
477628690.000,Miguel,recording,knock_twice_right,2,-1.056078,7.900986,6.156146,0.116588,-0.065582,-0.041292
477628700.000,Miguel,recording,knock_twice_right,2,-1.118687,7.890992,6.168087,0.123048,-0.057649,-0.036382
477628710.000,Miguel,recording,knock_twice_right,2,-1.143280,7.854606,6.149116,0.132811,-0.041893,-0.028869
477628720.000,Miguel,recording,knock_twice_right,2,-1.155765,7.814913,6.108437,0.146728,-0.022541,-0.021933
477628730.000,Miguel,recording,knock_twice_right,2,-1.155310,7.804422,6.010249,0.160500,-0.002762,-0.018198
477628740.000,Miguel,recording,knock_twice_right,2,-1.169797,7.812112,5.866692,0.167262,0.014667,-0.015598
477628750.000,Miguel,recording,knock_twice_right,2,-1.186634,7.821588,5.703610,0.162000,0.027772,-0.012761
477628760.000,Miguel,recording,knock_twice_right,2,-1.189046,7.819881,5.562330,0.144414,0.035904,-0.009208
477628770.000,Miguel,recording,knock_twice_right,2,-1.173165,7.812814,5.483180,0.116944,0.038338,-0.003690
477628780.000,Miguel,recording,knock_twice_right,2,-1.140152,7.833730,5.478824,0.082034,0.033649,0.004757
477628790.000,Miguel,recording,knock_twice_right,2,-1.061330,7.865033,5.546010,0.047125,0.026141,0.012261
477628800.000,Miguel,recording,knock_twice_right,2,-0.954778,7.884482,5.708743,0.023801,0.024651,0.011594
477628810.000,Miguel,recording,knock_twice_right,2,-0.881368,7.860233,5.862885,0.017192,0.033872,-0.001472
477628820.000,Miguel,recording,knock_twice_right,2,-0.873550,7.820450,5.919742,0.025195,0.048467,-0.021825
477628830.000,Miguel,recording,knock_twice_right,2,-0.960248,7.793385,5.940288,0.039938,0.062574,-0.039361
477628840.000,Miguel,recording,knock_twice_right,2,-1.092756,7.753530,5.895308,0.056267,0.073842,-0.046936
477628850.000,Miguel,recording,knock_twice_right,2,-1.217739,7.715242,5.855850,0.073268,0.078347,-0.041318
477628860.000,Miguel,recording,knock_twice_right,2,-1.273304,7.682184,5.825849,0.090873,0.076354,-0.025014
477628870.000,Miguel,recording,knock_twice_right,2,-1.254386,7.653135,5.768590,0.111328,0.069575,-0.005341
477628880.000,Miguel,recording,knock_twice_right,2,-1.189636,7.665928,5.687394,0.132269,0.055633,0.009624
477628890.000,Miguel,recording,knock_twice_right,2,-1.128702,7.689699,5.587362,0.148479,0.035073,0.017552
477628900.000,Miguel,recording,knock_twice_right,2,-1.104285,7.717557,5.491467,0.158103,0.014064,0.020441
477628910.000,Miguel,recording,knock_twice_right,2,-1.116141,7.740957,5.403141,0.162431,-0.003908,0.020992
477628920.000,Miguel,recording,knock_twice_right,2,-1.148278,7.742487,5.315082,0.162910,-0.017999,0.021613
477628930.000,Miguel,recording,knock_twice_right,2,-1.187304,7.783868,5.226931,0.157934,-0.029533,0.026091
477628940.000,Miguel,recording,knock_twice_right,2,-1.184264,7.839092,5.136030,0.140928,-0.038891,0.036046
477628950.000,Miguel,recording,knock_twice_right,2,-1.091949,7.887269,5.107429,0.111833,-0.039667,0.047129
477628960.000,Miguel,recording,knock_twice_right,2,-0.957505,7.928972,5.170166,0.078935,-0.027551,0.051345
477628970.000,Miguel,recording,knock_twice_right,2,-0.855590,7.954757,5.238701,0.050681,-0.009700,0.044227
477628980.000,Miguel,recording,knock_twice_right,2,-0.844899,7.998712,5.289320,0.029964,0.003764,0.027589
477628990.000,Miguel,recording,knock_twice_right,2,-0.903335,8.016477,5.312978,0.013070,0.008839,0.007832
477629000.000,Miguel,recording,knock_twice_right,2,-0.964255,7.983054,5.363711,-0.001794,0.010868,-0.005896
477629010.000,Miguel,recording,knock_twice_right,2,-1.003399,7.926082,5.401198,-0.012410,0.016383,-0.011479
477629020.000,Miguel,recording,knock_twice_right,2,-1.037188,7.894383,5.407265,-0.018199,0.020202,-0.013569
477629030.000,Miguel,recording,knock_twice_right,2,-1.064608,7.919570,5.403585,-0.022277,0.016219,-0.014940
477629040.000,Miguel,recording,knock_twice_right,2,-1.062764,7.941437,5.430772,-0.028909,0.005599,-0.014077
477629050.000,Miguel,recording,knock_twice_right,2,-1.031038,7.914028,5.477163,-0.036014,-0.004831,-0.011821
477629060.000,Miguel,recording,knock_twice_right,2,-1.009368,7.885083,5.532891,-0.038894,-0.007259,-0.012356
477629070.000,Miguel,recording,knock_twice_right,2,-1.021716,7.886101,5.579678,-0.036044,-0.000952,-0.016829
477629080.000,Miguel,recording,knock_twice_right,2,-1.067320,7.901433,5.572352,-0.028096,0.007523,-0.022360
477629090.000,Miguel,recording,knock_twice_right,2,-1.113192,7.918053,5.547344,-0.022225,0.012237,-0.024242
477629100.000,Miguel,recording,knock_twice_right,2,-1.157673,7.923986,5.521810,-0.020307,0.010352,-0.019111
477629110.000,Miguel,recording,knock_twice_right,2,-1.156356,7.924718,5.510518,-0.019450,0.005625,-0.010862
477629120.000,Miguel,recording,knock_twice_right,2,-1.131514,7.902460,5.499024,-0.018523,0.003513,-0.006382
477629130.000,Miguel,recording,knock_twice_right,2,-1.121123,7.881381,5.489982,-0.017776,0.003019,-0.006349
477629140.000,Miguel,recording,knock_twice_right,2,-1.123789,7.890930,5.455549,-0.021521,0.001604,-0.007785
477629150.000,Miguel,recording,knock_twice_right,2,-1.131385,7.886629,5.431039,-0.031650,0.000230,-0.008845
477629160.000,Miguel,recording,knock_twice_right,2,-1.123966,7.870103,5.476248,-0.044006,0.003898,-0.009860
477629170.000,Miguel,recording,knock_twice_right,2,-1.129452,7.861762,5.522712,-0.052560,0.012295,-0.012438
477629180.000,Miguel,recording,knock_twice_right,2,-1.165098,7.875781,5.551348,-0.056496,0.018870,-0.015243
477629190.000,Miguel,recording,knock_twice_right,2,-1.187737,7.877364,5.579881,-0.058620,0.019643,-0.014114
477629200.000,Miguel,recording,knock_twice_right,2,-1.190982,7.866579,5.625474,-0.059855,0.017379,-0.008185
477629210.000,Miguel,recording,knock_twice_right,2,-1.160295,7.862214,5.657584,-0.058367,0.014705,-0.000821
477629220.000,Miguel,recording,knock_twice_right,2,-1.125435,7.866042,5.696876,-0.052926,0.008699,0.003571
477629230.000,Miguel,recording,knock_twice_right,2,-1.101627,7.880824,5.734374,-0.045080,-0.001466,0.003691
477629240.000,Miguel,recording,knock_twice_right,2,-1.087667,7.888248,5.736159,-0.038521,-0.010989,0.001005
477629250.000,Miguel,recording,knock_twice_right,2,-1.092062,7.882511,5.740788,-0.035834,-0.014978,-0.001370
477629260.000,Miguel,recording,knock_twice_right,2,-1.093597,7.870122,5.774095,-0.033836,-0.011041,-0.001482
477629270.000,Miguel,recording,knock_twice_right,2,-1.119629,7.878122,5.803154,-0.028674,-0.000251,-0.000278
477629280.000,Miguel,recording,knock_twice_right,2,-1.137677,7.909250,5.786964,-0.022040,0.011104,0.000692
477629290.000,Miguel,recording,knock_twice_right,2,-1.135962,7.931204,5.737010,-0.018257,0.016133,0.001409
477629300.000,Miguel,recording,knock_twice_right,2,-1.115372,7.953055,5.680322,-0.018972,0.013642,0.004333
477629310.000,Miguel,recording,knock_twice_right,2,-1.092631,7.965579,5.672438,-0.021071,0.008287,0.008424
477629320.000,Miguel,recording,knock_twice_right,2,-1.060522,7.944297,5.691497,-0.021201,0.002001,0.009840
477629330.000,Miguel,recording,knock_twice_right,2,-1.016707,7.940391,5.721965,-0.021008,-0.005415,0.007158
477629340.000,Miguel,recording,knock_twice_right,2,-1.005918,7.933772,5.743501,-0.019644,-0.008602,0.000760
477629350.000,Miguel,recording,knock_twice_right,2,-1.018816,7.896267,5.769069,-0.014185,-0.003824,-0.007274
477629360.000,Miguel,recording,knock_twice_right,2,-1.061996,7.864940,5.773439,-0.006273,0.006138,-0.012832
477629370.000,Miguel,recording,knock_twice_right,2,-1.111578,7.848458,5.723409,-0.000471,0.016342,-0.013327
477629380.000,Miguel,recording,knock_twice_right,2,-1.137443,7.838309,5.660374,0.001486,0.023105,-0.009212
477629390.000,Miguel,recording,knock_twice_right,2,-1.142970,7.845541,5.626106,0.001838,0.024410,-0.002285
477629400.000,Miguel,recording,knock_twice_right,2,-1.116396,7.862099,5.611704,0.001924,0.020931,0.003309
477629410.000,Miguel,recording,knock_twice_right,2,-1.060804,7.874462,5.629037,0.004024,0.014843,0.004730
477629420.000,Miguel,recording,knock_twice_right,2,-1.038918,7.869310,5.616031,0.010224,0.008662,0.001924
477629430.000,Miguel,recording,knock_twice_right,2,-1.066010,7.859956,5.589142,0.017457,0.002923,-0.004536
477629440.000,Miguel,recording,knock_twice_right,2,-1.103138,7.854450,5.543495,0.019936,-0.003584,-0.011046
477629450.000,Miguel,recording,knock_twice_right,2,-1.148992,7.855097,5.463026,0.013720,-0.009108,-0.013825
477629460.000,Miguel,recording,knock_twice_right,2,-1.206586,7.850371,5.416231,-0.000911,-0.012856,-0.009973
477629470.000,Miguel,recording,knock_twice_right,2,-1.235983,7.853385,5.438008,-0.020069,-0.015649,-0.000360
477629480.000,Miguel,recording,knock_twice_right,2,-1.186748,7.850206,5.497853,-0.040353,-0.018558,0.008991
477629490.000,Miguel,recording,knock_twice_right,2,-1.087546,7.855343,5.597675,-0.060398,-0.019324,0.014202
477629500.000,Miguel,recording,knock_twice_right,2,-1.004688,7.878192,5.712503,-0.075111,-0.013553,0.015663
477629510.000,Miguel,recording,knock_twice_right,2,-0.971245,7.893573,5.823981,-0.079790,-0.002407,0.013783
477629520.000,Miguel,recording,knock_twice_right,2,-0.954268,7.890034,5.913827,-0.073712,0.009213,0.008887
477629530.000,Miguel,recording,knock_twice_right,2,-0.942659,7.886653,5.960401,-0.057724,0.018262,0.000943
477629540.000,Miguel,recording,knock_twice_right,2,-0.945624,7.901869,5.959660,-0.036187,0.023692,-0.009888
477629550.000,Miguel,recording,knock_twice_right,2,-0.975156,7.892849,5.912800,-0.014321,0.025355,-0.019106
477629560.000,Miguel,recording,knock_twice_right,2,-1.025810,7.864320,5.856932,0.005141,0.022780,-0.024397
477629570.000,Miguel,recording,knock_twice_right,2,-1.081632,7.861247,5.798610,0.020088,0.016143,-0.026458
477629580.000,Miguel,recording,knock_twice_right,2,-1.132775,7.864743,5.708708,0.027349,0.008221,-0.024680
477629590.000,Miguel,recording,knock_twice_right,2,-1.151616,7.881514,5.668643,0.026455,0.003284,-0.017720
477629600.000,Miguel,recording,knock_twice_right,2,-1.082743,7.900886,5.708244,0.022130,0.005718,-0.009744
477629610.000,Miguel,recording,knock_twice_right,2,-0.925838,7.920268,5.802900,0.019651,0.013158,-0.009462
477629620.000,Miguel,recording,knock_twice_right,2,-0.791128,7.962909,5.939297,0.027378,0.025897,-0.021011
477629630.000,Miguel,recording,knock_twice_right,2,-0.730116,7.941819,6.029235,0.051011,0.047915,-0.046666
477629640.000,Miguel,recording,knock_twice_right,2,-0.734244,7.922804,6.065960,0.086163,0.082107,-0.078552
477629650.000,Miguel,recording,knock_twice_right,2,-0.943541,7.835264,5.926016,0.125916,0.133402,-0.105235
477629660.000,Miguel,recording,knock_twice_right,2,-1.731189,7.624122,5.500279,0.153494,0.190200,-0.108579
477629670.000,Miguel,recording,knock_twice_right,2,-2.539630,7.732692,5.217571,0.146990,0.219854,-0.048652
477629680.000,Miguel,recording,knock_twice_right,2,-2.452589,7.860847,5.108653,0.098333,0.207013,0.068346
477629690.000,Miguel,recording,knock_twice_right,2,-1.732703,7.679704,4.993380,0.021484,0.167577,0.171352
477629700.000,Miguel,recording,knock_twice_right,2,-0.972720,7.770693,5.178599,-0.049182,0.108783,0.210781
477629710.000,Miguel,recording,knock_twice_right,2,-0.532868,8.079882,5.531143,-0.085246,0.027003,0.181666
477629720.000,Miguel,recording,knock_twice_right,2,-0.114268,8.288959,5.923077,-0.078036,-0.058468,0.092781
477629730.000,Miguel,recording,knock_twice_right,2,0.172483,8.295339,6.216734,-0.032551,-0.111609,-0.037903
477629740.000,Miguel,recording,knock_twice_right,2,0.103307,8.241679,6.253565,0.029992,-0.100642,-0.176764
477629750.000,Miguel,recording,knock_twice_right,2,-0.363509,8.097500,5.931426,0.077432,-0.025329,-0.286520
477629760.000,Miguel,recording,knock_twice_right,2,-0.918513,7.814603,5.466199,0.082472,0.077526,-0.345243
477629770.000,Miguel,recording,knock_twice_right,2,-1.422721,7.680461,5.153513,0.040470,0.166016,-0.341880
477629780.000,Miguel,recording,knock_twice_right,2,-1.863557,7.809074,5.037877,-0.028942,0.222276,-0.285451
477629790.000,Miguel,recording,knock_twice_right,2,-2.033825,7.932568,5.091323,-0.097901,0.243439,-0.206935
477629800.000,Miguel,recording,knock_twice_right,2,-1.850115,8.051558,5.386835,-0.144340,0.230190,-0.137568
477629810.000,Miguel,recording,knock_twice_right,2,-1.476804,7.993287,5.794558,-0.148624,0.202051,-0.099756
477629820.000,Miguel,recording,knock_twice_right,2,-1.295959,7.707261,6.151990,-0.101237,0.176477,-0.093352
477629830.000,Miguel,recording,knock_twice_right,2,-1.352720,7.539193,6.338174,-0.015632,0.147068,-0.096327
477629840.000,Miguel,recording,knock_twice_right,2,-1.569023,7.571472,6.219188,0.081879,0.129986,-0.091362
477629850.000,Miguel,recording,knock_twice_right,2,-1.982704,7.519630,5.729612,0.157629,0.138660,-0.063625
477629860.000,Miguel,recording,knock_twice_right,2,-2.372725,7.551657,5.225288,0.181542,0.133001,0.007107
477629870.000,Miguel,recording,knock_twice_right,2,-2.341708,7.665784,4.875446,0.147311,0.082570,0.109634
477629880.000,Miguel,recording,knock_twice_right,2,-1.893531,7.719824,4.733603,0.075688,0.002140,0.194714
477629890.000,Miguel,recording,knock_twice_right,2,-1.343627,7.880748,4.873851,0.001579,-0.079967,0.227587
477629900.000,Miguel,recording,knock_twice_right,2,-0.904417,8.034988,5.200894,-0.047914,-0.150864,0.206156
477629910.000,Miguel,recording,knock_twice_right,2,-0.552641,8.098135,5.558468,-0.065060,-0.198908,0.141120
477629920.000,Miguel,recording,knock_twice_right,2,-0.434857,8.046123,5.801624,-0.053806,-0.210048,0.052107
477629930.000,Miguel,recording,knock_twice_right,2,-0.588516,7.944011,5.883354,-0.028635,-0.189396,-0.033897
477629940.000,Miguel,recording,knock_twice_right,2,-0.930445,7.890421,5.827346,-0.008414,-0.149618,-0.094828
477629950.000,Miguel,recording,knock_twice_right,2,-1.297016,7.824323,5.694403,-0.002356,-0.102519,-0.121773
477629960.000,Miguel,recording,knock_twice_right,2,-1.508215,7.725148,5.612613,-0.009699,-0.053742,-0.116405
477629970.000,Miguel,recording,knock_twice_right,2,-1.629292,7.693865,5.557786,-0.027590,-0.010184,-0.085667
477629980.000,Miguel,recording,knock_twice_right,2,-1.705405,7.721962,5.539352,-0.046552,0.013245,-0.045112
477629990.000,Miguel,recording,knock_twice_right,2,-1.675492,7.782162,5.580045,-0.054982,0.013131,-0.009874
477630000.000,Miguel,recording,knock_twice_right,2,-1.601685,7.819867,5.615285,-0.051442,-0.003059,0.012464
477630010.000,Miguel,recording,knock_twice_right,2,-1.538465,7.813015,5.635542,-0.040007,-0.026185,0.023441
477630020.000,Miguel,recording,knock_twice_right,2,-1.511012,7.780292,5.684301,-0.024924,-0.048173,0.033221
477630030.000,Miguel,recording,knock_twice_right,2,-1.483668,7.746592,5.720474,-0.007855,-0.062634,0.047375
477630040.000,Miguel,recording,knock_twice_right,2,-1.432995,7.752170,5.700907,0.007814,-0.067998,0.061354
477630050.000,Miguel,recording,knock_twice_right,2,-1.376661,7.804644,5.654363,0.017010,-0.070411,0.069224
477630060.000,Miguel,recording,knock_twice_right,2,-1.336905,7.860320,5.623823,0.018991,-0.074329,0.072869
477630070.000,Miguel,recording,knock_twice_right,2,-1.280199,7.902614,5.596298,0.014710,-0.075804,0.075186
477630080.000,Miguel,recording,knock_twice_right,2,-1.200404,7.917986,5.582926,0.004970,-0.070832,0.072453
477630090.000,Miguel,recording,knock_twice_right,2,-1.133653,7.956961,5.621042,-0.006474,-0.060386,0.061725
477630100.000,Miguel,recording,knock_twice_right,2,-1.082466,7.987684,5.686971,-0.015567,-0.044730,0.045345
477630110.000,Miguel,recording,knock_twice_right,2,-1.102166,7.966718,5.715817,-0.020237,-0.024051,0.026613
477630120.000,Miguel,recording,knock_twice_right,2,-1.170033,7.954881,5.720654,-0.022463,-0.003878,0.011358
477630130.000,Miguel,recording,knock_twice_right,2,-1.239816,7.941501,5.727400,-0.023933,0.012035,0.004174
477630140.000,Miguel,recording,knock_twice_right,2,-1.280564,7.921633,5.725837,-0.021820,0.021096,0.004902
477630150.000,Miguel,recording,knock_twice_right,2,-1.271857,7.893433,5.723236,-0.015969,0.019943,0.009862
477630160.000,Miguel,recording,knock_twice_right,2,-1.256634,7.883542,5.707123,-0.008461,0.009309,0.014061
477630170.000,Miguel,recording,knock_twice_right,2,-1.243137,7.889998,5.686083,0.000664,-0.004004,0.016841
477630180.000,Miguel,recording,knock_twice_right,2,-1.225909,7.881849,5.670256,0.009397,-0.013839,0.018662
477630190.000,Miguel,recording,knock_twice_right,2,-1.201926,7.889237,5.642005,0.014871,-0.019008,0.017978
477630200.000,Miguel,recording,knock_twice_right,2,-1.184204,7.918143,5.582052,0.016044,-0.018148,0.015038
477630210.000,Miguel,recording,knock_twice_right,2,-1.186988,7.927438,5.546931,0.012901,-0.012728,0.012017
477630220.000,Miguel,recording,knock_twice_right,2,-1.193643,7.911623,5.541036,0.007253,-0.007199,0.010757
477630230.000,Miguel,recording,knock_twice_right,2,-1.177686,7.894791,5.535248,0.000291,-0.006735,0.010566
477630240.000,Miguel,recording,knock_twice_right,2,-1.175286,7.889318,5.517715,-0.008302,-0.010664,0.010020
477630250.000,Miguel,recording,knock_twice_right,2,-1.185489,7.881101,5.513480,-0.017547,-0.015412,0.008916
477630260.000,Miguel,recording,knock_twice_right,2,-1.205276,7.892091,5.560236,-0.025703,-0.019921,0.008550
477630270.000,Miguel,recording,knock_twice_right,2,-1.215264,7.865666,5.593278,-0.031079,-0.020425,0.010505
477630280.000,Miguel,recording,knock_twice_right,2,-1.199403,7.851933,5.610489,-0.033039,-0.017653,0.012295
477630290.000,Miguel,recording,knock_twice_right,2,-1.216016,7.865276,5.629794,-0.033724,-0.015175,0.012374
477630300.000,Miguel,recording,knock_twice_right,2,-1.211789,7.874192,5.641099,-0.032462,-0.014237,0.011967
477630310.000,Miguel,recording,knock_twice_right,2,-1.195212,7.841655,5.613134,-0.028515,-0.020338,0.010977
477630320.000,Miguel,recording,knock_twice_right,2,-1.196120,7.830876,5.578894,-0.025424,-0.038673,0.009874
477630330.000,Miguel,recording,knock_twice_right,2,-1.214545,7.839449,5.577670,-0.024253,-0.065351,0.008803
477630340.000,Miguel,recording,knock_twice_right,2,-1.246683,7.838588,5.617232,-0.023067,-0.088582,0.009016
477630350.000,Miguel,recording,knock_twice_right,2,-1.227823,7.818670,5.649755,-0.020089,-0.096204,0.010303
477630360.000,Miguel,recording,knock_twice_right,2,-1.202244,7.780898,5.653276,-0.018098,-0.087891,0.011840
477630370.000,Miguel,recording,knock_twice_right,2,-1.227914,7.777674,5.594814,-0.022867,-0.072328,0.014685
477630380.000,Miguel,recording,knock_twice_right,2,-1.248224,7.809690,5.565534,-0.034581,-0.055552,0.020680
477630390.000,Miguel,recording,knock_twice_right,2,-1.197090,7.835301,5.606525,-0.044894,-0.039125,0.027202
477630400.000,Miguel,recording,knock_twice_right,2,-1.131768,7.823915,5.666815,-0.049147,-0.030937,0.027747
477630410.000,Miguel,recording,knock_twice_right,2,-1.102466,7.808877,5.743592,-0.048387,-0.040235,0.021929
477630420.000,Miguel,recording,knock_twice_right,2,-1.091506,7.837495,5.828201,-0.038814,-0.058467,0.013702
477630430.000,Miguel,recording,knock_twice_right,2,-1.092789,7.865447,5.870164,-0.019310,-0.071880,0.005440
477630440.000,Miguel,recording,knock_twice_right,2,-1.111700,7.877141,5.855727,0.002266,-0.079377,-0.001869
477630450.000,Miguel,recording,knock_twice_right,2,-1.146940,7.871973,5.807927,0.020142,-0.084528,-0.006587
477630460.000,Miguel,recording,knock_twice_right,3,-1.178627,7.855097,5.756203,0.031765,-0.086002,-0.007195
477630470.000,Miguel,recording,knock_twice_right,3,-1.209952,7.861616,5.711041,0.037152,-0.083548,-0.006063
477630480.000,Miguel,recording,knock_twice_right,3,-1.216450,7.870508,5.677479,0.037290,-0.083438,-0.003058
477630490.000,Miguel,recording,knock_twice_right,3,-1.212249,7.867383,5.649917,0.033535,-0.089142,0.003040
477630500.000,Miguel,recording,knock_twice_right,3,-1.165008,7.867265,5.651425,0.032012,-0.097580,0.006778
477630510.000,Miguel,recording,knock_twice_right,3,-1.104784,7.877545,5.695660,0.039277,-0.109316,0.004778
477630520.000,Miguel,recording,knock_twice_right,3,-1.070761,7.879776,5.720054,0.058371,-0.130896,-0.001476
477630530.000,Miguel,recording,knock_twice_right,3,-1.075106,7.896196,5.685014,0.083825,-0.167796,-0.008425
477630540.000,Miguel,recording,knock_twice_right,3,-1.090341,7.927058,5.598869,0.104665,-0.207476,-0.013810
477630550.000,Miguel,recording,knock_twice_right,3,-1.132466,7.938935,5.440261,0.111467,-0.222079,-0.017956
477630560.000,Miguel,recording,knock_twice_right,3,-1.228271,7.865865,5.274028,0.099086,-0.196121,-0.019743
477630570.000,Miguel,recording,knock_twice_right,3,-1.361581,7.871665,5.185430,0.073550,-0.154408,-0.016563
477630580.000,Miguel,recording,knock_twice_right,3,-1.429489,7.964406,5.277296,0.054853,-0.142673,-0.010525
477630590.000,Miguel,recording,knock_twice_right,3,-1.401720,7.959516,5.432128,0.059841,-0.182744,-0.006679
477630600.000,Miguel,recording,knock_twice_right,3,-1.341638,7.919219,5.509790,0.092461,-0.269355,-0.006017
477630610.000,Miguel,recording,knock_twice_right,3,-1.221547,7.934610,5.530734,0.143372,-0.377816,-0.010348
477630620.000,Miguel,recording,knock_twice_right,3,-1.016102,7.992572,5.412503,0.200805,-0.483072,-0.021580
477630630.000,Miguel,recording,knock_twice_right,3,-0.777851,8.059184,5.317474,0.269203,-0.574538,-0.049407
477630640.000,Miguel,recording,knock_twice_right,3,-0.572419,8.083804,5.319952,0.352784,-0.660214,-0.104371
477630650.000,Miguel,recording,knock_twice_right,3,-0.520880,8.052509,5.371487,0.448185,-0.754306,-0.180591
477630660.000,Miguel,recording,knock_twice_right,3,-0.565975,8.067810,5.465762,0.543044,-0.857505,-0.257362
477630670.000,Miguel,recording,knock_twice_right,3,-0.731620,8.010287,5.501942,0.625485,-0.938193,-0.311107
477630680.000,Miguel,recording,knock_twice_right,3,-1.005008,7.925394,5.572763,0.711161,-0.912920,-0.336550
477630690.000,Miguel,recording,knock_twice_right,3,-1.151105,7.823321,5.629568,0.794227,-0.773903,-0.335917
477630700.000,Miguel,recording,knock_twice_right,3,-1.064051,7.647062,5.559232,0.830848,-0.627253,-0.306164
477630710.000,Miguel,recording,knock_twice_right,3,-0.916074,7.576903,5.541603,0.808717,-0.548003,-0.251924
477630720.000,Miguel,recording,knock_twice_right,3,-0.790404,7.704324,5.514349,0.750958,-0.512066,-0.188482
477630730.000,Miguel,recording,knock_twice_right,3,-0.760158,7.949571,5.399045,0.682712,-0.451144,-0.126052
477630740.000,Miguel,recording,knock_twice_right,3,-0.686877,8.196311,5.243001,0.614956,-0.345523,-0.073706
477630750.000,Miguel,recording,knock_twice_right,3,-0.560604,8.362697,5.006504,0.538485,-0.233753,-0.035418
477630760.000,Miguel,recording,knock_twice_right,3,-0.434091,8.452657,4.639891,0.436460,-0.166166,-0.009047
477630770.000,Miguel,recording,knock_twice_right,3,-0.326678,8.569537,4.267255,0.305120,-0.155365,-0.001113
477630780.000,Miguel,recording,knock_twice_right,3,-0.227428,8.624699,4.238946,0.178308,-0.185107,-0.015877
477630790.000,Miguel,recording,knock_twice_right,3,-0.178089,8.606130,4.573312,0.100487,-0.249487,-0.054026
477630800.000,Miguel,recording,knock_twice_right,3,-0.227955,8.564735,5.034604,0.084501,-0.346191,-0.103497
477630810.000,Miguel,recording,knock_twice_right,3,-0.344208,8.508778,5.510353,0.122350,-0.444540,-0.141492
477630820.000,Miguel,recording,knock_twice_right,3,-0.432816,8.449020,5.872364,0.198024,-0.491339,-0.156525
477630830.000,Miguel,recording,knock_twice_right,3,-0.452641,8.350865,5.929842,0.279319,-0.446915,-0.150909
477630840.000,Miguel,recording,knock_twice_right,3,-0.444410,8.293980,5.669286,0.331833,-0.324342,-0.136326
477630850.000,Miguel,recording,knock_twice_right,3,-0.421241,8.372135,5.337186,0.343816,-0.181627,-0.130212
477630860.000,Miguel,recording,knock_twice_right,3,-0.444721,8.522048,4.992131,0.320051,-0.070011,-0.139736
477630870.000,Miguel,recording,knock_twice_right,3,-0.565325,8.665126,4.683634,0.269773,0.003140,-0.150889
477630880.000,Miguel,recording,knock_twice_right,3,-0.731280,8.695048,4.549344,0.203099,0.059927,-0.148280
477630890.000,Miguel,recording,knock_twice_right,3,-0.794858,8.640315,4.554822,0.133806,0.113641,-0.133263
477630900.000,Miguel,recording,knock_twice_right,3,-0.708655,8.475329,4.687334,0.075865,0.170612,-0.112316
477630910.000,Miguel,recording,knock_twice_right,3,-0.552011,8.124590,4.982482,0.037967,0.252630,-0.084580
477630920.000,Miguel,recording,knock_twice_right,3,-0.418667,7.767583,5.342957,0.021194,0.400671,-0.044881
477630930.000,Miguel,recording,knock_twice_right,3,-0.353370,7.634624,5.595633,0.014027,0.626980,0.009787
477630940.000,Miguel,recording,knock_twice_right,3,-0.364412,7.665892,5.592288,-0.006715,0.906610,0.079370
477630950.000,Miguel,recording,knock_twice_right,3,-0.453539,7.823465,5.291352,-0.058754,1.191008,0.152765
477630960.000,Miguel,recording,knock_twice_right,3,-0.607645,8.180765,4.811549,-0.142927,1.400647,0.208613
477630970.000,Miguel,recording,knock_twice_right,3,-0.834660,8.646120,4.225616,-0.252466,1.480892,0.235151
477630980.000,Miguel,recording,knock_twice_right,3,-1.120567,9.085423,3.661643,-0.375926,1.470822,0.230491
477630990.000,Miguel,recording,knock_twice_right,3,-1.467716,9.373107,3.410387,-0.487171,1.469503,0.217858
477631000.000,Miguel,recording,knock_twice_right,3,-1.674096,9.250013,3.409403,-0.584388,1.481112,0.221598
477631010.000,Miguel,recording,knock_twice_right,3,-1.631117,8.733498,3.555981,-0.679924,1.425634,0.235810
477631020.000,Miguel,recording,knock_twice_right,3,-1.630118,8.202071,4.046833,-0.744106,1.274490,0.245742
477631030.000,Miguel,recording,knock_twice_right,3,-1.752666,7.979256,4.599101,-0.747649,1.056835,0.250968
477631040.000,Miguel,recording,knock_twice_right,3,-2.012594,8.129940,5.028385,-0.691283,0.821885,0.267911
477631050.000,Miguel,recording,knock_twice_right,3,-2.167346,8.324715,5.301862,-0.598415,0.617083,0.303323
477631060.000,Miguel,recording,knock_twice_right,3,-2.053080,8.329292,5.452620,-0.499297,0.487854,0.344316
477631070.000,Miguel,recording,knock_twice_right,3,-1.721292,8.288290,5.508282,-0.408652,0.457310,0.375262
477631080.000,Miguel,recording,knock_twice_right,3,-1.326362,8.192265,5.452920,-0.337830,0.486029,0.382844
477631090.000,Miguel,recording,knock_twice_right,3,-0.971560,8.098581,5.269737,-0.306132,0.511818,0.359640
477631100.000,Miguel,recording,knock_twice_right,3,-0.735196,8.126022,5.031637,-0.326219,0.520654,0.311934
477631110.000,Miguel,recording,knock_twice_right,3,-0.717190,8.260015,4.979883,-0.382890,0.529703,0.252168
477631120.000,Miguel,recording,knock_twice_right,3,-0.772375,8.407680,5.241804,-0.426941,0.532747,0.186422
477631130.000,Miguel,recording,knock_twice_right,3,-0.826554,8.471676,5.575543,-0.414144,0.496296,0.111054
477631140.000,Miguel,recording,knock_twice_right,3,-0.941151,8.420246,5.714717,-0.348902,0.397426,0.034810
477631150.000,Miguel,recording,knock_twice_right,3,-1.156166,8.286086,5.705080,-0.256929,0.243758,-0.024143
477631160.000,Miguel,recording,knock_twice_right,3,-1.445448,8.189148,5.669894,-0.152971,0.069988,-0.050551
477631170.000,Miguel,recording,knock_twice_right,3,-1.682075,8.189219,5.556478,-0.055156,-0.090349,-0.043012
477631180.000,Miguel,recording,knock_twice_right,3,-1.771475,8.208460,5.348737,0.017099,-0.226675,-0.015595
477631190.000,Miguel,recording,knock_twice_right,3,-1.712800,8.203228,5.166656,0.053757,-0.330771,0.017916
477631200.000,Miguel,recording,knock_twice_right,3,-1.557412,8.145948,5.099626,0.055274,-0.389092,0.047947
477631210.000,Miguel,recording,knock_twice_right,3,-1.388572,8.077604,5.169913,0.033723,-0.390207,0.068903
477631220.000,Miguel,recording,knock_twice_right,3,-1.251945,8.055817,5.298777,0.004942,-0.341677,0.078017
477631230.000,Miguel,recording,knock_twice_right,3,-1.133554,8.074300,5.418512,-0.020381,-0.262665,0.073342
477631240.000,Miguel,recording,knock_twice_right,3,-1.049394,8.068415,5.477171,-0.036579,-0.169655,0.056971
477631250.000,Miguel,recording,knock_twice_right,3,-1.026923,8.010008,5.421990,-0.049389,-0.071900,0.038694
477631260.000,Miguel,recording,knock_twice_right,3,-1.049895,7.991096,5.349820,-0.069460,0.020601,0.028732
477631270.000,Miguel,recording,knock_twice_right,3,-1.076502,8.056995,5.367566,-0.093321,0.099381,0.028420
477631280.000,Miguel,recording,knock_twice_right,3,-1.055426,8.136067,5.451638,-0.109516,0.160770,0.027117
477631290.000,Miguel,recording,knock_twice_right,3,-1.012857,8.184124,5.579202,-0.104864,0.195195,0.015583
477631300.000,Miguel,recording,knock_twice_right,3,-1.001809,8.180575,5.712491,-0.070418,0.193510,-0.008445
477631310.000,Miguel,recording,knock_twice_right,3,-1.061948,8.159497,5.751178,-0.015182,0.152562,-0.038286
477631320.000,Miguel,recording,knock_twice_right,3,-1.192078,8.152816,5.666037,0.046526,0.084383,-0.063918
477631330.000,Miguel,recording,knock_twice_right,3,-1.321020,8.115041,5.539630,0.102193,0.012335,-0.076834
477631340.000,Miguel,recording,knock_twice_right,3,-1.397274,8.043913,5.399036,0.142022,-0.046710,-0.070600
477631350.000,Miguel,recording,knock_twice_right,3,-1.474783,7.990204,5.279214,0.163763,-0.085756,-0.048472
477631360.000,Miguel,recording,knock_twice_right,3,-1.541550,8.016753,5.181427,0.171984,-0.105741,-0.017859
477631370.000,Miguel,recording,knock_twice_right,3,-1.565844,8.080644,5.104222,0.172460,-0.116090,0.013027
477631380.000,Miguel,recording,knock_twice_right,3,-1.548407,8.103970,5.032326,0.165388,-0.124572,0.037626
477631390.000,Miguel,recording,knock_twice_right,3,-1.511616,8.093119,4.972480,0.150454,-0.135320,0.054266
477631400.000,Miguel,recording,knock_twice_right,3,-1.470640,8.058323,4.937005,0.129122,-0.150403,0.065182
477631410.000,Miguel,recording,knock_twice_right,3,-1.416310,8.041915,4.936437,0.103636,-0.166114,0.076493
477631420.000,Miguel,recording,knock_twice_right,3,-1.303355,8.052806,5.032067,0.080579,-0.176020,0.087648
477631430.000,Miguel,recording,knock_twice_right,3,-1.165650,8.060800,5.193394,0.070817,-0.180206,0.091570
477631440.000,Miguel,recording,knock_twice_right,3,-1.051167,8.112231,5.340566,0.084965,-0.188010,0.084543
477631450.000,Miguel,recording,knock_twice_right,3,-0.957766,8.163176,5.397267,0.118673,-0.208518,0.065925
477631460.000,Miguel,recording,knock_twice_right,3,-0.905224,8.155224,5.358703,0.156870,-0.239519,0.040538
477631470.000,Miguel,recording,knock_twice_right,3,-0.933217,8.129096,5.280642,0.188831,-0.271646,0.016312
477631480.000,Miguel,recording,knock_twice_right,3,-1.021428,8.098425,5.189108,0.209494,-0.299745,-0.000309
477631490.000,Miguel,recording,knock_twice_right,3,-1.121125,8.056978,5.124547,0.217998,-0.319232,-0.005506
477631500.000,Miguel,recording,knock_twice_right,3,-1.160926,8.040008,5.096741,0.215314,-0.325064,-0.001386
477631510.000,Miguel,recording,knock_twice_right,3,-1.148433,8.070367,5.065366,0.200291,-0.315365,0.008246
477631520.000,Miguel,recording,knock_twice_right,3,-1.076591,8.101954,5.039957,0.174347,-0.288546,0.019339
477631530.000,Miguel,recording,knock_twice_right,3,-1.027415,8.115444,5.023288,0.141414,-0.246280,0.026444
477631540.000,Miguel,recording,knock_twice_right,3,-1.009376,8.142901,5.012066,0.101677,-0.193677,0.028091
477631550.000,Miguel,recording,knock_twice_right,3,-1.033343,8.163809,4.994269,0.056060,-0.132944,0.028914
477631560.000,Miguel,recording,knock_twice_right,3,-1.072389,8.200320,5.010051,0.009291,-0.068142,0.033223
477631570.000,Miguel,recording,knock_twice_right,3,-1.076300,8.246254,5.045027,-0.032108,-0.005540,0.041002
477631580.000,Miguel,recording,knock_twice_right,3,-1.041434,8.266779,5.084028,-0.064459,0.046821,0.048162
477631590.000,Miguel,recording,knock_twice_right,3,-1.008061,8.267386,5.114314,-0.086445,0.078953,0.050694
477631600.000,Miguel,recording,knock_twice_right,3,-0.988578,8.267810,5.184243,-0.097322,0.089089,0.050214
477631610.000,Miguel,recording,knock_twice_right,3,-0.979300,8.275241,5.265091,-0.096220,0.082962,0.047923
477631620.000,Miguel,recording,knock_twice_right,3,-0.980914,8.285541,5.323418,-0.086009,0.063707,0.045550
477631630.000,Miguel,recording,knock_twice_right,3,-1.001186,8.278799,5.371057,-0.070411,0.032760,0.046408
477631640.000,Miguel,recording,knock_twice_right,3,-0.993613,8.280168,5.417200,-0.050845,-0.003362,0.050054
477631650.000,Miguel,recording,knock_twice_right,3,-0.975244,8.291293,5.469081,-0.027493,-0.035271,0.053464
477631660.000,Miguel,recording,knock_twice_right,3,-0.946190,8.266178,5.519217,0.000591,-0.056844,0.053602
477631670.000,Miguel,recording,knock_twice_right,3,-0.928725,8.256475,5.542977,0.032055,-0.066410,0.051507
477631680.000,Miguel,recording,knock_twice_right,3,-0.906367,8.289982,5.527810,0.064550,-0.067629,0.048453
477631690.000,Miguel,recording,knock_twice_right,3,-0.877514,8.309332,5.455332,0.094271,-0.067526,0.042689
477631700.000,Miguel,recording,knock_twice_right,3,-0.866617,8.299095,5.389886,0.118035,-0.066203,0.034264
477631710.000,Miguel,recording,knock_twice_right,3,-0.873730,8.303090,5.311897,0.135616,-0.063320,0.025036
477631720.000,Miguel,recording,knock_twice_right,3,-0.882250,8.295673,5.247658,0.145413,-0.062954,0.016883
477631730.000,Miguel,recording,knock_twice_right,3,-0.859925,8.293391,5.198118,0.147638,-0.062069,0.009718
477631740.000,Miguel,recording,knock_twice_right,3,-0.829263,8.294717,5.151739,0.145509,-0.054032,0.000462
477631750.000,Miguel,recording,knock_twice_right,3,-0.827022,8.303688,5.096920,0.140711,-0.040327,-0.011029
477631760.000,Miguel,recording,knock_twice_right,3,-0.838572,8.290508,5.075306,0.136196,-0.026322,-0.021027
477631770.000,Miguel,recording,knock_twice_right,3,-0.838523,8.265221,5.068295,0.136521,-0.015815,-0.028802
477631780.000,Miguel,recording,knock_twice_right,3,-0.826947,8.231097,5.062573,0.140827,-0.011030,-0.036466
477631790.000,Miguel,recording,knock_twice_right,3,-0.835046,8.186438,5.014574,0.144950,-0.008632,-0.044581
477631800.000,Miguel,recording,knock_twice_right,3,-0.894482,8.158571,4.939552,0.146208,-0.004959,-0.049348
477631810.000,Miguel,recording,knock_twice_right,3,-0.964490,8.151372,4.866529,0.141416,-0.001339,-0.046513
477631820.000,Miguel,recording,knock_twice_right,3,-0.996196,8.129024,4.802850,0.130324,0.002272,-0.036806
477631830.000,Miguel,recording,knock_twice_right,3,-0.966686,8.129235,4.776148,0.115005,0.008259,-0.024460
477631840.000,Miguel,recording,knock_twice_right,3,-0.906768,8.152546,4.758000,0.096427,0.016519,-0.013805
477631850.000,Miguel,recording,knock_twice_right,3,-0.872085,8.164664,4.742436,0.076242,0.025630,-0.007247
477631860.000,Miguel,recording,knock_twice_right,3,-0.883289,8.213201,4.717416,0.057710,0.033212,-0.004787
477631870.000,Miguel,recording,knock_twice_right,3,-0.919779,8.253783,4.701949,0.042436,0.038234,-0.004681
477631880.000,Miguel,recording,knock_twice_right,3,-0.984186,8.272595,4.663464,0.028448,0.039035,-0.004290
477631890.000,Miguel,recording,knock_twice_right,3,-1.035004,8.281974,4.658751,0.013586,0.032325,-0.000938
477631900.000,Miguel,recording,knock_twice_right,3,-1.033681,8.262746,4.679395,-0.002179,0.020112,0.006253
477631910.000,Miguel,recording,knock_twice_right,3,-1.001254,8.251927,4.706879,-0.017614,0.009201,0.014986
477631920.000,Miguel,recording,knock_twice_right,3,-0.946752,8.264848,4.770649,-0.031461,0.005103,0.021648
477631930.000,Miguel,recording,knock_twice_right,3,-0.898517,8.290482,4.820986,-0.042812,0.006808,0.024072
477631940.000,Miguel,recording,knock_twice_right,3,-0.856989,8.309033,4.855017,-0.054079,0.007696,0.022562
477631950.000,Miguel,recording,knock_twice_right,3,-0.827246,8.310967,4.890767,-0.066634,0.003582,0.017307
477631960.000,Miguel,recording,knock_twice_right,3,-0.828483,8.301760,4.936880,-0.078156,-0.002933,0.010376
477631970.000,Miguel,recording,knock_twice_right,3,-0.876068,8.303552,5.010227,-0.086795,-0.006478,0.006159
477631980.000,Miguel,recording,knock_twice_right,3,-0.911520,8.290035,5.083658,-0.090951,-0.004330,0.004845
477631990.000,Miguel,recording,knock_twice_right,3,-0.930606,8.288469,5.136126,-0.091361,0.002245,0.005192
477632000.000,Miguel,recording,knock_twice_right,3,-0.921347,8.299316,5.175285,-0.089186,0.009632,0.006285
477632010.000,Miguel,recording,knock_twice_right,3,-0.912652,8.289845,5.223228,-0.083970,0.018083,0.007674
477632020.000,Miguel,recording,knock_twice_right,3,-0.920026,8.295524,5.239136,-0.074041,0.029259,0.009957
477632030.000,Miguel,recording,knock_twice_right,3,-0.926996,8.304408,5.243699,-0.058909,0.038677,0.012265
477632040.000,Miguel,recording,knock_twice_right,3,-0.936603,8.294925,5.218255,-0.043112,0.039426,0.013952
477632050.000,Miguel,recording,knock_twice_right,3,-0.914143,8.328156,5.177804,-0.031390,0.031154,0.014497
477632060.000,Miguel,recording,knock_twice_right,3,-0.865117,8.368617,5.156857,-0.022716,0.022419,0.012867
477632070.000,Miguel,recording,knock_twice_right,3,-0.835294,8.364021,5.142585,-0.013849,0.017787,0.009228
477632080.000,Miguel,recording,knock_twice_right,3,-0.854478,8.366803,5.152134,-0.005081,0.014815,0.004337
477632090.000,Miguel,recording,knock_twice_right,3,-0.877533,8.376700,5.114386,0.001740,0.011057,-0.000603
477632100.000,Miguel,recording,knock_twice_right,3,-0.900457,8.357284,5.053070,0.005558,0.006681,-0.004429
477632110.000,Miguel,recording,knock_twice_right,3,-0.923506,8.337253,4.995993,0.004401,0.003859,-0.005778
477632120.000,Miguel,recording,knock_twice_right,3,-0.946111,8.331444,4.956138,-0.004407,0.001828,-0.001576
477632130.000,Miguel,recording,knock_twice_right,3,-0.923099,8.347244,4.976295,-0.015407,0.000813,0.006310
477632140.000,Miguel,recording,knock_twice_right,3,-0.871755,8.348035,5.017668,-0.021179,0.001685,0.011466
477632150.000,Miguel,recording,knock_twice_right,3,-0.849124,8.350938,5.052412,-0.020710,0.002076,0.010164
477632160.000,Miguel,recording,knock_twice_right,3,-0.821159,8.337741,5.067206,-0.014984,0.000651,0.003413
477632170.000,Miguel,recording,knock_twice_right,3,-0.807552,8.287339,5.048592,-0.007688,0.000470,-0.006986
477632180.000,Miguel,recording,knock_twice_right,3,-0.831650,8.242174,5.014162,-0.004086,0.003913,-0.017829
477632190.000,Miguel,recording,knock_twice_right,3,-0.920641,8.232565,4.990276,-0.004486,0.010714,-0.023422
477632200.000,Miguel,recording,knock_twice_right,3,-0.992483,8.228869,4.949123,-0.008911,0.016851,-0.021843
477632210.000,Miguel,recording,knock_twice_right,3,-1.015945,8.223795,4.906299,-0.017232,0.018339,-0.015955
477632220.000,Miguel,recording,knock_twice_right,3,-1.018543,8.220683,4.909555,-0.026032,0.014995,-0.007931
477632230.000,Miguel,recording,knock_twice_right,3,-0.993949,8.226727,4.960779,-0.034662,0.006896,0.002289
477632240.000,Miguel,recording,knock_twice_right,3,-0.939109,8.242891,5.013164,-0.039888,-0.002107,0.012680
477632250.000,Miguel,recording,knock_twice_right,3,-0.872417,8.249575,5.083106,-0.037822,-0.007791,0.017774
477632260.000,Miguel,recording,knock_twice_right,3,-0.808964,8.277259,5.118121,-0.030074,-0.011634,0.013887
477632270.000,Miguel,recording,knock_twice_right,3,-0.783400,8.289804,5.133376,-0.019150,-0.016052,0.002465
477632280.000,Miguel,recording,knock_twice_right,3,-0.805310,8.277901,5.102815,-0.010671,-0.019723,-0.012832
477632290.000,Miguel,recording,knock_twice_right,3,-0.877147,8.265431,5.060417,-0.011245,-0.017926,-0.024143
477632300.000,Miguel,recording,knock_twice_right,3,-0.957741,8.258608,5.042257,-0.019988,-0.007386,-0.024837
477632310.000,Miguel,recording,knock_twice_right,3,-1.008740,8.260489,5.041785,-0.031923,0.010775,-0.019191
477632320.000,Miguel,recording,knock_twice_right,3,-1.003726,8.249084,5.040975,-0.041395,0.031907,-0.011656
477632330.000,Miguel,recording,knock_twice_right,3,-0.978153,8.245135,5.038799,-0.046475,0.046381,-0.004049
477632340.000,Miguel,recording,knock_twice_right,3,-0.948285,8.251919,5.040718,-0.049436,0.048172,0.001652
477632350.000,Miguel,recording,knock_twice_right,3,-0.921551,8.260616,5.031857,-0.049792,0.038534,0.005929
477632360.000,Miguel,recording,knock_twice_right,3,-0.907474,8.294277,5.029698,-0.045841,0.020938,0.006997
477632370.000,Miguel,recording,knock_twice_right,3,-0.879928,8.301429,5.039061,-0.039761,-0.000415,0.003335
477632380.000,Miguel,recording,knock_twice_right,3,-0.874209,8.273812,5.036691,-0.037223,-0.022546,-0.003385
477632390.000,Miguel,recording,knock_twice_right,3,-0.878975,8.273802,5.051559,-0.040477,-0.038653,-0.009940
477632400.000,Miguel,recording,knock_twice_right,3,-0.894248,8.287239,5.097441,-0.047626,-0.039852,-0.014031
477632410.000,Miguel,recording,knock_twice_right,3,-0.934997,8.268628,5.134766,-0.054999,-0.025002,-0.015363
477632420.000,Miguel,recording,knock_twice_right,3,-0.964695,8.258870,5.154644,-0.060303,-0.002951,-0.014508
477632430.000,Miguel,recording,knock_twice_right,3,-0.986997,8.265063,5.166739,-0.064871,0.015654,-0.012318
477632440.000,Miguel,recording,knock_twice_right,3,-0.986670,8.288968,5.159230,-0.069247,0.026802,-0.011073
477632450.000,Miguel,recording,knock_twice_right,3,-0.952891,8.317668,5.152076,-0.074075,0.033617,-0.013901
477632460.000,Miguel,recording,knock_twice_right,3,-0.921929,8.291812,5.170909,-0.080221,0.037833,-0.019418
477632470.000,Miguel,recording,knock_twice_right,3,-0.914914,8.255573,5.218889,-0.084827,0.036436,-0.022740
477632480.000,Miguel,recording,knock_twice_right,3,-0.938906,8.218257,5.296171,-0.085197,0.031255,-0.022879
477632490.000,Miguel,recording,knock_twice_right,3,-0.989825,8.198254,5.360258,-0.079296,0.028260,-0.020068
477632500.000,Miguel,recording,knock_twice_right,3,-1.033239,8.213614,5.408337,-0.063526,0.027295,-0.013963
477632510.000,Miguel,recording,knock_twice_right,3,-1.055259,8.213358,5.419932,-0.040211,0.024662,-0.007141
477632520.000,Miguel,recording,knock_twice_right,3,-1.035140,8.199843,5.396876,-0.014399,0.019202,-0.001804
477632530.000,Miguel,recording,knock_twice_right,3,-1.011752,8.197580,5.368552,0.011936,0.013525,0.001285
477632540.000,Miguel,recording,knock_twice_right,3,-0.964347,8.203112,5.306034,0.035103,0.009867,0.002916
477632550.000,Miguel,recording,knock_twice_right,3,-0.929096,8.201661,5.210912,0.050318,0.007167,0.004923
477632560.000,Miguel,recording,knock_twice_right,3,-0.935796,8.199616,5.132178,0.058101,0.003774,0.006033
477632570.000,Miguel,recording,knock_twice_right,3,-0.967348,8.219028,5.090457,0.060669,-0.002686,0.005713
477632580.000,Miguel,recording,knock_twice_right,3,-0.974021,8.243965,5.044022,0.057433,-0.011510,0.005659
477632590.000,Miguel,recording,knock_twice_right,3,-0.927211,8.223720,5.012060,0.049520,-0.017560,0.005701
477632600.000,Miguel,recording,knock_twice_right,3,-0.894553,8.183774,5.009929,0.038593,-0.015699,0.005466
477632610.000,Miguel,recording,knock_twice_right,3,-0.867295,8.168761,5.021293,0.026508,-0.007975,0.003508
477632620.000,Miguel,recording,knock_twice_right,3,-0.862198,8.176210,5.032000,0.015296,-0.000930,-0.001272
477632630.000,Miguel,recording,knock_twice_right,3,-0.861722,8.183699,5.046719,0.007043,0.004843,-0.008416
477632640.000,Miguel,recording,knock_twice_right,3,-0.865381,8.170851,5.068897,0.002072,0.009529,-0.016170
477632650.000,Miguel,recording,knock_twice_right,3,-0.854633,8.163099,5.072418,0.000078,0.011333,-0.024073
477632660.000,Miguel,recording,knock_twice_right,3,-0.862863,8.161286,5.086159,0.001114,0.013740,-0.032536
477632670.000,Miguel,recording,knock_twice_right,3,-0.926282,8.175500,5.091284,0.003486,0.018984,-0.038000
477632680.000,Miguel,recording,knock_twice_right,3,-0.960307,8.258046,5.114729,0.006091,0.024061,-0.038162
477632690.000,Miguel,recording,knock_twice_right,3,-0.889259,8.340141,5.173020,0.011038,0.031733,-0.038975
477632700.000,Miguel,recording,knock_twice_right,3,-0.755932,8.311777,5.290484,0.025433,0.044243,-0.049620
477632710.000,Miguel,recording,knock_twice_right,3,-0.672604,8.192944,5.407707,0.054225,0.064063,-0.072425
477632720.000,Miguel,recording,knock_twice_right,3,-0.696815,8.102737,5.370646,0.092169,0.093048,-0.097992
477632730.000,Miguel,recording,knock_twice_right,3,-1.077454,8.032958,5.107781,0.125143,0.121812,-0.111286
477632740.000,Miguel,recording,knock_twice_right,3,-1.921463,8.009526,4.776989,0.135281,0.129267,-0.083069
477632750.000,Miguel,recording,knock_twice_right,3,-2.568862,8.142307,4.636165,0.110265,0.102409,0.013401
477632760.000,Miguel,recording,knock_twice_right,3,-2.398776,8.185132,4.624481,0.057011,0.059845,0.146656
477632770.000,Miguel,recording,knock_twice_right,3,-1.762065,8.066005,4.688310,-0.000799,0.016456,0.256141
477632780.000,Miguel,recording,knock_twice_right,3,-1.007088,8.171494,4.913689,-0.039937,-0.033823,0.307822
477632790.000,Miguel,recording,knock_twice_right,3,-0.386857,8.399767,5.084436,-0.051838,-0.092035,0.292037
477632800.000,Miguel,recording,knock_twice_right,3,0.167074,8.641887,5.213871,-0.044487,-0.158601,0.208954
477632810.000,Miguel,recording,knock_twice_right,3,0.535841,8.774010,5.307319,-0.028490,-0.214692,0.070896
477632820.000,Miguel,recording,knock_twice_right,3,0.466746,8.675942,5.259537,-0.014426,-0.209423,-0.091618
477632830.000,Miguel,recording,knock_twice_right,3,0.044059,8.405470,5.079954,-0.021649,-0.131953,-0.232186
477632840.000,Miguel,recording,knock_twice_right,3,-0.584202,8.215207,4.912205,-0.064536,-0.024790,-0.305799
477632850.000,Miguel,recording,knock_twice_right,3,-1.186594,8.218606,4.828494,-0.135347,0.078806,-0.305077
477632860.000,Miguel,recording,knock_twice_right,3,-1.502110,8.352484,4.937794,-0.209135,0.164961,-0.255938
477632870.000,Miguel,recording,knock_twice_right,3,-1.532988,8.454019,5.265485,-0.253291,0.224626,-0.189938
477632880.000,Miguel,recording,knock_twice_right,3,-1.369011,8.319592,5.623838,-0.241102,0.251008,-0.136736
477632890.000,Miguel,recording,knock_twice_right,3,-1.282853,8.093004,5.839146,-0.169325,0.232826,-0.109414
477632900.000,Miguel,recording,knock_twice_right,3,-1.444334,7.918433,5.884258,-0.053530,0.176282,-0.089222
477632910.000,Miguel,recording,knock_twice_right,3,-1.813883,7.801421,5.622093,0.068852,0.125763,-0.045874
477632920.000,Miguel,recording,knock_twice_right,3,-2.326601,7.771578,5.187950,0.150078,0.090608,0.044568
477632930.000,Miguel,recording,knock_twice_right,3,-2.599460,7.862881,4.881979,0.171606,0.045126,0.183124
477632940.000,Miguel,recording,knock_twice_right,3,-2.294071,7.890133,4.694304,0.145956,-0.009750,0.330033
477632950.000,Miguel,recording,knock_twice_right,3,-1.533081,7.974088,4.669874,0.097381,-0.072805,0.433505
477632960.000,Miguel,recording,knock_twice_right,3,-0.685648,8.244169,4.804418,0.050717,-0.145280,0.460101
477632970.000,Miguel,recording,knock_twice_right,3,0.001654,8.565061,5.011143,0.021794,-0.208117,0.404049
477632980.000,Miguel,recording,knock_twice_right,3,0.487352,8.706214,5.158135,0.013924,-0.238007,0.281027
477632990.000,Miguel,recording,knock_twice_right,3,0.695245,8.638347,5.229407,0.019086,-0.233712,0.119057
477633000.000,Miguel,recording,knock_twice_right,3,0.528119,8.536819,5.196200,0.022326,-0.201549,-0.044528
477633010.000,Miguel,recording,knock_twice_right,3,0.071687,8.514139,5.062096,0.010692,-0.144593,-0.176675
477633020.000,Miguel,recording,knock_twice_right,3,-0.408738,8.461664,4.959751,-0.017516,-0.074742,-0.262013
477633030.000,Miguel,recording,knock_twice_right,3,-0.729545,8.212641,4.934448,-0.053748,-0.000642,-0.307381
477633040.000,Miguel,recording,knock_twice_right,3,-1.094786,8.036896,4.906210,-0.093117,0.063169,-0.312552
477633050.000,Miguel,recording,knock_twice_right,3,-1.565900,8.145438,4.931425,-0.133753,0.092344,-0.273060
477633060.000,Miguel,recording,knock_twice_right,3,-1.785922,8.188574,5.024822,-0.165677,0.088746,-0.205058
477633070.000,Miguel,recording,knock_twice_right,3,-1.769713,8.141683,5.179428,-0.176519,0.070505,-0.128212
477633080.000,Miguel,recording,knock_twice_right,3,-1.613650,8.039008,5.330747,-0.163189,0.047956,-0.058138
477633090.000,Miguel,recording,knock_twice_right,3,-1.418768,7.959181,5.460527,-0.131590,0.023946,-0.001231
477633100.000,Miguel,recording,knock_twice_right,3,-1.249235,7.957863,5.539120,-0.086647,-0.001685,0.043825
477633110.000,Miguel,recording,knock_twice_right,3,-1.120035,8.020003,5.554932,-0.033928,-0.025395,0.075304
477633120.000,Miguel,recording,knock_twice_right,3,-0.982104,8.096976,5.477167,0.015820,-0.047412,0.091518
477633130.000,Miguel,recording,knock_twice_right,3,-0.858876,8.176944,5.365758,0.052635,-0.070223,0.094813
477633140.000,Miguel,recording,knock_twice_right,3,-0.793930,8.253890,5.288373,0.072067,-0.088324,0.087886
477633150.000,Miguel,recording,knock_twice_right,3,-0.762425,8.305508,5.209501,0.076779,-0.094263,0.073647
477633160.000,Miguel,recording,knock_twice_right,3,-0.737696,8.346569,5.157337,0.070185,-0.085279,0.055298
477633170.000,Miguel,recording,knock_twice_right,3,-0.742138,8.360977,5.101976,0.055201,-0.065272,0.032896
477633180.000,Miguel,recording,knock_twice_right,3,-0.777487,8.365450,5.084575,0.035140,-0.040592,0.008057
477633190.000,Miguel,recording,knock_twice_right,3,-0.825008,8.350434,5.099697,0.013283,-0.013109,-0.015261
477633200.000,Miguel,recording,knock_twice_right,3,-0.909268,8.316598,5.123159,-0.007121,0.013435,-0.032492
477633210.000,Miguel,recording,knock_twice_right,3,-0.999595,8.279704,5.141579,-0.022625,0.032906,-0.040491
477633220.000,Miguel,recording,knock_twice_right,3,-1.046538,8.231453,5.137186,-0.032167,0.043477,-0.041118
477633230.000,Miguel,recording,knock_twice_right,3,-1.053807,8.195139,5.099368,-0.040637,0.043189,-0.037193
477633240.000,Miguel,recording,knock_twice_right,3,-1.041400,8.169451,5.100043,-0.050666,0.030406,-0.030159
477633250.000,Miguel,recording,knock_twice_right,3,-1.015419,8.165910,5.187328,-0.056310,0.015367,-0.021094
477633260.000,Miguel,recording,knock_twice_right,3,-0.989015,8.154599,5.266500,-0.052759,0.009642,-0.014171
477633270.000,Miguel,recording,knock_twice_right,3,-0.965537,8.139636,5.299122,-0.039938,0.011129,-0.010884
477633280.000,Miguel,recording,knock_twice_right,3,-0.972538,8.140470,5.270537,-0.026268,0.010190,-0.008770
477633290.000,Miguel,recording,knock_twice_right,3,-0.980789,8.154919,5.228369,-0.018771,0.002848,-0.005939
477633300.000,Miguel,recording,knock_twice_right,3,-0.940232,8.173515,5.244896,-0.012262,-0.004411,-0.002068
477633310.000,Miguel,recording,knock_twice_right,3,-0.913369,8.177039,5.270294,-0.002953,-0.005196,-0.000982
477633320.000,Miguel,recording,knock_twice_right,3,-0.907102,8.160114,5.249587,0.009377,-0.001785,-0.004116
477633330.000,Miguel,recording,knock_twice_right,3,-0.925789,8.152502,5.184964,0.020924,-0.000973,-0.007961
477633340.000,Miguel,recording,knock_twice_right,3,-0.932624,8.163485,5.141798,0.025974,-0.006340,-0.010449
477633350.000,Miguel,recording,knock_twice_right,3,-0.930743,8.173050,5.127244,0.024763,-0.014631,-0.011580
477633360.000,Miguel,recording,knock_twice_right,3,-0.933366,8.172815,5.122674,0.022286,-0.017072,-0.012286
477633370.000,Miguel,recording,knock_twice_right,3,-0.954170,8.168356,5.125621,0.020468,-0.012463,-0.011870
477633380.000,Miguel,recording,knock_twice_right,3,-0.991366,8.156357,5.092436,0.016524,-0.007614,-0.010752
477633390.000,Miguel,recording,knock_twice_right,3,-1.015699,8.156293,5.049742,0.006520,-0.008046,-0.009346
477633400.000,Miguel,recording,knock_twice_right,3,-1.027991,8.176284,5.070927,-0.009327,-0.014774,-0.006293
477633410.000,Miguel,recording,knock_twice_right,3,-1.011267,8.192515,5.145545,-0.023978,-0.018875,-0.003497
477633420.000,Miguel,recording,knock_twice_right,3,-0.981614,8.179697,5.222804,-0.030265,-0.013090,-0.002633
477633430.000,Miguel,recording,knock_twice_right,3,-0.971101,8.179747,5.266002,-0.029256,-0.003390,-0.002648
477633440.000,Miguel,recording,knock_twice_right,3,-0.976275,8.196191,5.294697,-0.025511,0.002360,-0.002457
477633450.000,Miguel,recording,knock_twice_right,3,-0.958063,8.202769,5.317238,-0.018261,0.003289,-0.001046
477633460.000,Miguel,recording,knock_twice_right,3,-0.928190,8.212195,5.340800,-0.006437,0.000743,-0.000690
477633470.000,Miguel,recording,knock_twice_right,3,-0.913234,8.221192,5.339505,0.008356,-0.001646,-0.004003
477633480.000,Miguel,recording,knock_twice_right,3,-0.921909,8.225087,5.294553,0.024479,-0.003820,-0.008427
477633490.000,Miguel,recording,knock_twice_right,4,-0.952616,8.220047,5.258042,0.040116,-0.008795,-0.012803
477633500.000,Miguel,recording,knock_twice_right,4,-0.971749,8.216208,5.221506,0.053255,-0.013762,-0.016339
477633510.000,Miguel,recording,knock_twice_right,4,-1.012062,8.193838,5.171198,0.062350,-0.017017,-0.016283
477633520.000,Miguel,recording,knock_twice_right,4,-1.055584,8.170292,5.122129,0.066395,-0.020837,-0.011996
477633530.000,Miguel,recording,knock_twice_right,4,-1.075961,8.172068,5.062912,0.064896,-0.026771,-0.006022
477633540.000,Miguel,recording,knock_twice_right,4,-1.046821,8.178244,5.025456,0.056385,-0.035967,0.000241
477633550.000,Miguel,recording,knock_twice_right,4,-0.986503,8.188718,4.998063,0.038187,-0.045697,0.006056
477633560.000,Miguel,recording,knock_twice_right,4,-0.935239,8.201988,5.004143,0.011593,-0.049169,0.010301
477633570.000,Miguel,recording,knock_twice_right,4,-0.876537,8.217213,5.048385,-0.015765,-0.041501,0.009497
477633580.000,Miguel,recording,knock_twice_right,4,-0.815825,8.206676,5.114245,-0.037549,-0.023541,0.001352
477633590.000,Miguel,recording,knock_twice_right,4,-0.824752,8.167244,5.191735,-0.051518,-0.001233,-0.010288
477633600.000,Miguel,recording,knock_twice_right,4,-0.898505,8.125783,5.237849,-0.057463,0.020882,-0.018866
477633610.000,Miguel,recording,knock_twice_right,4,-0.997148,8.106991,5.251210,-0.056165,0.039442,-0.019293
477633620.000,Miguel,recording,knock_twice_right,4,-1.082819,8.096323,5.233163,-0.047626,0.049930,-0.013252
477633630.000,Miguel,recording,knock_twice_right,4,-1.102660,8.111019,5.225137,-0.033003,0.047301,-0.004425
477633640.000,Miguel,recording,knock_twice_right,4,-1.072473,8.146765,5.253502,-0.012546,0.030725,0.003922
477633650.000,Miguel,recording,knock_twice_right,4,-1.015254,8.166518,5.286180,0.012974,0.004371,0.008157
477633660.000,Miguel,recording,knock_twice_right,4,-1.002633,8.176097,5.288613,0.041288,-0.026054,0.008339
477633670.000,Miguel,recording,knock_twice_right,4,-1.017362,8.171058,5.307375,0.073385,-0.053385,0.008309
477633680.000,Miguel,recording,knock_twice_right,4,-1.035012,8.172426,5.304649,0.107086,-0.073519,0.010157
477633690.000,Miguel,recording,knock_twice_right,4,-1.051839,8.148148,5.290162,0.136693,-0.088829,0.014665
477633700.000,Miguel,recording,knock_twice_right,4,-1.086139,8.139093,5.294073,0.161016,-0.098669,0.024448
477633710.000,Miguel,recording,knock_twice_right,4,-1.130437,8.169944,5.304454,0.182080,-0.099608,0.039836
477633720.000,Miguel,recording,knock_twice_right,4,-1.123215,8.199559,5.304562,0.200166,-0.092748,0.057069
477633730.000,Miguel,recording,knock_twice_right,4,-1.071197,8.231000,5.250685,0.214623,-0.083346,0.070966
477633740.000,Miguel,recording,knock_twice_right,4,-1.001290,8.275875,5.157977,0.219687,-0.075522,0.079527
477633750.000,Miguel,recording,knock_twice_right,4,-0.935390,8.327796,5.040072,0.209216,-0.066050,0.083685
477633760.000,Miguel,recording,knock_twice_right,4,-0.903431,8.385519,4.937482,0.183698,-0.047285,0.084416
477633770.000,Miguel,recording,knock_twice_right,4,-0.876243,8.418424,4.846457,0.144679,-0.012386,0.081656
477633780.000,Miguel,recording,knock_twice_right,4,-0.845112,8.422782,4.775925,0.096748,0.037375,0.073721
477633790.000,Miguel,recording,knock_twice_right,4,-0.834959,8.387518,4.737612,0.043703,0.089436,0.062138
477633800.000,Miguel,recording,knock_twice_right,4,-0.855175,8.344705,4.759989,-0.010103,0.132765,0.052241
477633810.000,Miguel,recording,knock_twice_right,4,-0.890400,8.321824,4.859006,-0.054127,0.167270,0.047383
477633820.000,Miguel,recording,knock_twice_right,4,-0.936743,8.326230,4.947325,-0.079613,0.195108,0.047976
477633830.000,Miguel,recording,knock_twice_right,4,-0.981152,8.308802,5.045302,-0.088825,0.217121,0.053429
477633840.000,Miguel,recording,knock_twice_right,4,-1.011984,8.289549,5.117269,-0.087224,0.232074,0.065699
477633850.000,Miguel,recording,knock_twice_right,4,-1.002016,8.308635,5.160536,-0.081333,0.241677,0.083532
477633860.000,Miguel,recording,knock_twice_right,4,-0.973310,8.284090,5.204523,-0.073385,0.253095,0.100200
477633870.000,Miguel,recording,knock_twice_right,4,-0.936797,8.252212,5.246133,-0.058564,0.264214,0.109096
477633880.000,Miguel,recording,knock_twice_right,4,-0.894196,8.258633,5.290245,-0.037532,0.263964,0.109238
477633890.000,Miguel,recording,knock_twice_right,4,-0.876850,8.263307,5.315383,-0.012735,0.247099,0.102303
477633900.000,Miguel,recording,knock_twice_right,4,-0.873951,8.259122,5.325837,0.018383,0.219501,0.089333
477633910.000,Miguel,recording,knock_twice_right,4,-0.874389,8.257864,5.307189,0.057768,0.190194,0.074101
477633920.000,Miguel,recording,knock_twice_right,4,-0.884420,8.223614,5.270528,0.101317,0.164752,0.061201
477633930.000,Miguel,recording,knock_twice_right,4,-0.891683,8.174151,5.263921,0.144719,0.144084,0.054305
477633940.000,Miguel,recording,knock_twice_right,4,-0.888511,8.177460,5.249217,0.186859,0.126396,0.052923
477633950.000,Miguel,recording,knock_twice_right,4,-0.909340,8.242264,5.194144,0.226518,0.104403,0.053743
477633960.000,Miguel,recording,knock_twice_right,4,-0.957509,8.307659,5.123102,0.261932,0.071388,0.053025
477633970.000,Miguel,recording,knock_twice_right,4,-0.968286,8.364253,5.019875,0.290356,0.031044,0.049875
477633980.000,Miguel,recording,knock_twice_right,4,-0.951624,8.383825,4.906688,0.308699,-0.009949,0.044928
477633990.000,Miguel,recording,knock_twice_right,4,-0.948504,8.376652,4.794477,0.316137,-0.041383,0.038354
477634000.000,Miguel,recording,knock_twice_right,4,-0.933536,8.375292,4.685696,0.312260,-0.054482,0.031704
477634010.000,Miguel,recording,knock_twice_right,4,-0.930482,8.373679,4.570422,0.296304,-0.050613,0.025732
477634020.000,Miguel,recording,knock_twice_right,4,-0.943506,8.375901,4.468706,0.269406,-0.037781,0.021166
477634030.000,Miguel,recording,knock_twice_right,4,-0.923487,8.421418,4.386472,0.232642,-0.025821,0.019218
477634040.000,Miguel,recording,knock_twice_right,4,-0.913626,8.461199,4.325392,0.184671,-0.019894,0.018997
477634050.000,Miguel,recording,knock_twice_right,4,-0.914622,8.479771,4.315332,0.128697,-0.022105,0.019532
477634060.000,Miguel,recording,knock_twice_right,4,-0.897475,8.507028,4.342404,0.071293,-0.032025,0.019865
477634070.000,Miguel,recording,knock_twice_right,4,-0.892759,8.517395,4.398169,0.015379,-0.041989,0.020014
477634080.000,Miguel,recording,knock_twice_right,4,-0.879271,8.530790,4.486631,-0.033917,-0.043663,0.019298
477634090.000,Miguel,recording,knock_twice_right,4,-0.848205,8.526798,4.589600,-0.070247,-0.033809,0.014714
477634100.000,Miguel,recording,knock_twice_right,4,-0.839915,8.499667,4.670953,-0.094888,-0.016522,0.008576
477634110.000,Miguel,recording,knock_twice_right,4,-0.845142,8.495212,4.724532,-0.111948,0.000982,0.003255
477634120.000,Miguel,recording,knock_twice_right,4,-0.845397,8.485298,4.725230,-0.125017,0.016103,-0.001671
477634130.000,Miguel,recording,knock_twice_right,4,-0.845379,8.458792,4.722625,-0.137348,0.028046,-0.006274
477634140.000,Miguel,recording,knock_twice_right,4,-0.865282,8.419355,4.751294,-0.149638,0.035185,-0.008612
477634150.000,Miguel,recording,knock_twice_right,4,-0.904124,8.413343,4.815903,-0.160068,0.037357,-0.005727
477634160.000,Miguel,recording,knock_twice_right,4,-0.914923,8.423671,4.890490,-0.163754,0.036218,-0.000080
477634170.000,Miguel,recording,knock_twice_right,4,-0.893357,8.415333,4.958651,-0.156429,0.032764,0.003049
477634180.000,Miguel,recording,knock_twice_right,4,-0.891428,8.395889,5.031526,-0.138654,0.024350,0.003551
477634190.000,Miguel,recording,knock_twice_right,4,-0.893083,8.405320,5.060176,-0.114101,0.008161,0.003319
477634200.000,Miguel,recording,knock_twice_right,4,-0.895295,8.403677,5.056029,-0.087717,-0.013845,0.001887
477634210.000,Miguel,recording,knock_twice_right,4,-0.909327,8.410763,5.029880,-0.062675,-0.036277,0.000251
477634220.000,Miguel,recording,knock_twice_right,4,-0.901553,8.412864,5.000352,-0.041414,-0.054239,-0.000336
477634230.000,Miguel,recording,knock_twice_right,4,-0.864299,8.404400,4.970495,-0.026194,-0.065851,-0.000515
477634240.000,Miguel,recording,knock_twice_right,4,-0.865220,8.401198,4.923688,-0.017659,-0.071735,0.000424
477634250.000,Miguel,recording,knock_twice_right,4,-0.869127,8.395093,4.874098,-0.016458,-0.072201,0.001299
477634260.000,Miguel,recording,knock_twice_right,4,-0.853323,8.381674,4.843298,-0.021689,-0.068068,0.001463
477634270.000,Miguel,recording,knock_twice_right,4,-0.841259,8.384333,4.823823,-0.031413,-0.059590,0.002233
477634280.000,Miguel,recording,knock_twice_right,4,-0.799161,8.394571,4.830956,-0.043266,-0.046827,0.001443
477634290.000,Miguel,recording,knock_twice_right,4,-0.759666,8.389982,4.868315,-0.054962,-0.032102,-0.002498
477634300.000,Miguel,recording,knock_twice_right,4,-0.757127,8.361212,4.909767,-0.063002,-0.018444,-0.010520
477634310.000,Miguel,recording,knock_twice_right,4,-0.791923,8.338745,4.960346,-0.065472,-0.009209,-0.020470
477634320.000,Miguel,recording,knock_twice_right,4,-0.844798,8.350774,4.988214,-0.062578,-0.003900,-0.027557
477634330.000,Miguel,recording,knock_twice_right,4,-0.878020,8.351588,5.001201,-0.055707,0.000796,-0.030847
477634340.000,Miguel,recording,knock_twice_right,4,-0.924651,8.332081,4.996225,-0.046915,0.005296,-0.030903
477634350.000,Miguel,recording,knock_twice_right,4,-0.956652,8.320185,4.985782,-0.038109,0.003486,-0.027299
477634360.000,Miguel,recording,knock_twice_right,4,-0.969413,8.317171,4.963921,-0.032545,-0.007682,-0.020702
477634370.000,Miguel,recording,knock_twice_right,4,-0.956822,8.329713,4.979248,-0.027994,-0.021591,-0.012899
477634380.000,Miguel,recording,knock_twice_right,4,-0.936046,8.332124,5.007886,-0.021308,-0.031991,-0.006219
477634390.000,Miguel,recording,knock_twice_right,4,-0.915448,8.342718,5.023859,-0.013479,-0.037179,-0.001634
477634400.000,Miguel,recording,knock_twice_right,4,-0.892552,8.351718,5.032009,-0.007036,-0.038586,0.000266
477634410.000,Miguel,recording,knock_twice_right,4,-0.871622,8.366216,5.039231,-0.002080,-0.036159,-0.000286
477634420.000,Miguel,recording,knock_twice_right,4,-0.837984,8.369610,5.043783,0.002643,-0.031183,-0.002601
477634430.000,Miguel,recording,knock_twice_right,4,-0.822646,8.366887,5.020391,0.004065,-0.025563,-0.007817
477634440.000,Miguel,recording,knock_twice_right,4,-0.827400,8.364638,4.975286,0.000824,-0.018002,-0.014935
477634450.000,Miguel,recording,knock_twice_right,4,-0.867491,8.376622,4.979974,-0.005428,-0.009512,-0.020308
477634460.000,Miguel,recording,knock_twice_right,4,-0.915482,8.377773,4.998844,-0.012505,-0.000950,-0.022331
477634470.000,Miguel,recording,knock_twice_right,4,-0.955608,8.346750,5.009946,-0.016722,0.007588,-0.020469
477634480.000,Miguel,recording,knock_twice_right,4,-0.961286,8.319904,5.038253,-0.015481,0.015086,-0.014249
477634490.000,Miguel,recording,knock_twice_right,4,-0.946624,8.314617,5.058260,-0.009650,0.020373,-0.006488
477634500.000,Miguel,recording,knock_twice_right,4,-0.924837,8.333556,5.050993,-0.000321,0.021347,-0.000353
477634510.000,Miguel,recording,knock_twice_right,4,-0.913640,8.369081,5.033297,0.010735,0.015741,0.002362
477634520.000,Miguel,recording,knock_twice_right,4,-0.888895,8.379298,5.005641,0.020711,0.006515,0.001619
477634530.000,Miguel,recording,knock_twice_right,4,-0.878050,8.352894,4.974229,0.028534,-0.002119,0.000140
477634540.000,Miguel,recording,knock_twice_right,4,-0.892870,8.319840,4.934026,0.032357,-0.008509,-0.000125
477634550.000,Miguel,recording,knock_twice_right,4,-0.899510,8.312976,4.884081,0.030333,-0.010043,0.001411
477634560.000,Miguel,recording,knock_twice_right,4,-0.868896,8.326689,4.856614,0.024317,-0.007230,0.003679
477634570.000,Miguel,recording,knock_twice_right,4,-0.832058,8.338911,4.828770,0.016500,-0.006406,0.003608
477634580.000,Miguel,recording,knock_twice_right,4,-0.819573,8.338082,4.803383,0.006404,-0.013241,0.001489
477634590.000,Miguel,recording,knock_twice_right,4,-0.787216,8.318179,4.804475,-0.004425,-0.024812,-0.002846
477634600.000,Miguel,recording,knock_twice_right,4,-0.747291,8.297657,4.838617,-0.014961,-0.033735,-0.010209
477634610.000,Miguel,recording,knock_twice_right,4,-0.751200,8.289866,4.876484,-0.024479,-0.035895,-0.019190
477634620.000,Miguel,recording,knock_twice_right,4,-0.806482,8.311885,4.916916,-0.029551,-0.028857,-0.027312
477634630.000,Miguel,recording,knock_twice_right,4,-0.857084,8.329003,4.938100,-0.028329,-0.016066,-0.032670
477634640.000,Miguel,recording,knock_twice_right,4,-0.902184,8.318983,4.944499,-0.022452,-0.005903,-0.037196
477634650.000,Miguel,recording,knock_twice_right,4,-0.921565,8.281964,4.956106,-0.014889,-0.001315,-0.038485
477634660.000,Miguel,recording,knock_twice_right,4,-0.922230,8.267301,4.976853,-0.006767,-0.002580,-0.035438
477634670.000,Miguel,recording,knock_twice_right,4,-0.933305,8.275860,5.017077,0.003637,-0.010487,-0.031634
477634680.000,Miguel,recording,knock_twice_right,4,-0.941985,8.298138,5.064990,0.016731,-0.021655,-0.029153
477634690.000,Miguel,recording,knock_twice_right,4,-0.953366,8.339267,5.064050,0.029675,-0.034088,-0.028022
477634700.000,Miguel,recording,knock_twice_right,4,-0.968083,8.387713,5.038220,0.037840,-0.047558,-0.026024
477634710.000,Miguel,recording,knock_twice_right,4,-0.968797,8.408263,5.032878,0.039719,-0.052834,-0.024085
477634720.000,Miguel,recording,knock_twice_right,4,-0.946725,8.387559,5.022471,0.037759,-0.043011,-0.023126
477634730.000,Miguel,recording,knock_twice_right,4,-0.961885,8.369291,5.017643,0.033348,-0.024544,-0.020942
477634740.000,Miguel,recording,knock_twice_right,4,-0.974217,8.370984,5.027446,0.027775,-0.006873,-0.016554
477634750.000,Miguel,recording,knock_twice_right,4,-0.954308,8.381973,5.039081,0.025312,0.005080,-0.011752
477634760.000,Miguel,recording,knock_twice_right,4,-0.937819,8.386880,5.038967,0.028784,0.010664,-0.009521
477634770.000,Miguel,recording,knock_twice_right,4,-0.928550,8.397241,5.033349,0.035318,0.007296,-0.009954
477634780.000,Miguel,recording,knock_twice_right,4,-0.939605,8.400974,5.015261,0.040706,-0.004610,-0.010435
477634790.000,Miguel,recording,knock_twice_right,4,-0.941626,8.395086,4.988406,0.045108,-0.016704,-0.009343
477634800.000,Miguel,recording,knock_twice_right,4,-0.927173,8.402494,4.951411,0.048088,-0.024098,-0.006804
477634810.000,Miguel,recording,knock_twice_right,4,-0.903679,8.433575,4.914498,0.047426,-0.025091,-0.004069
477634820.000,Miguel,recording,knock_twice_right,4,-0.889653,8.447190,4.885077,0.044121,-0.019565,-0.002411
477634830.000,Miguel,recording,knock_twice_right,4,-0.865800,8.442121,4.882319,0.040386,-0.009407,-0.003992
477634840.000,Miguel,recording,knock_twice_right,4,-0.870355,8.447077,4.870208,0.038198,0.001124,-0.006957
477634850.000,Miguel,recording,knock_twice_right,4,-0.886209,8.440155,4.826258,0.034932,0.006010,-0.008321
477634860.000,Miguel,recording,knock_twice_right,4,-0.885891,8.423925,4.787148,0.027943,0.004555,-0.010104
477634870.000,Miguel,recording,knock_twice_right,4,-0.892662,8.399292,4.741276,0.018530,0.001142,-0.011636
477634880.000,Miguel,recording,knock_twice_right,4,-0.909804,8.388795,4.729467,0.005757,-0.001743,-0.010058
477634890.000,Miguel,recording,knock_twice_right,4,-0.908426,8.379044,4.754297,-0.009417,-0.004949,-0.005304
477634900.000,Miguel,recording,knock_twice_right,4,-0.867739,8.375350,4.831143,-0.019789,-0.007172,-0.001514
477634910.000,Miguel,recording,knock_twice_right,4,-0.831723,8.373803,4.920230,-0.018890,-0.007171,-0.002037
477634920.000,Miguel,recording,knock_twice_right,4,-0.816097,8.366087,4.950459,-0.009276,-0.006944,-0.006378
477634930.000,Miguel,recording,knock_twice_right,4,-0.806017,8.368445,4.927892,0.002616,-0.009410,-0.013858
477634940.000,Miguel,recording,knock_twice_right,4,-0.798903,8.359359,4.892872,0.012465,-0.013575,-0.023409
477634950.000,Miguel,recording,knock_twice_right,4,-0.820920,8.343781,4.840726,0.016010,-0.017394,-0.032893
477634960.000,Miguel,recording,knock_twice_right,4,-0.873390,8.337310,4.820465,0.011256,-0.022639,-0.039301
477634970.000,Miguel,recording,knock_twice_right,4,-0.946570,8.342063,4.859037,0.001567,-0.026055,-0.040199
477634980.000,Miguel,recording,knock_twice_right,4,-1.017970,8.349795,4.876516,-0.006673,-0.022950,-0.036242
477634990.000,Miguel,recording,knock_twice_right,4,-1.035265,8.355061,4.892095,-0.011196,-0.013950,-0.029906
477635000.000,Miguel,recording,knock_twice_right,4,-1.029711,8.341332,4.904099,-0.014430,-0.004128,-0.022597
477635010.000,Miguel,recording,knock_twice_right,4,-1.018169,8.344229,4.901629,-0.019382,0.001430,-0.014618
477635020.000,Miguel,recording,knock_twice_right,4,-0.974206,8.366798,4.925091,-0.024474,0.002017,-0.007869
477635030.000,Miguel,recording,knock_twice_right,4,-0.922479,8.386377,4.938953,-0.026562,-0.001481,-0.004779
477635040.000,Miguel,recording,knock_twice_right,4,-0.896226,8.387731,4.928158,-0.024469,-0.006499,-0.006149
477635050.000,Miguel,recording,knock_twice_right,4,-0.899771,8.376958,4.920016,-0.020408,-0.011757,-0.010892
477635060.000,Miguel,recording,knock_twice_right,4,-0.920761,8.377460,4.906509,-0.020991,-0.017823,-0.015194
477635070.000,Miguel,recording,knock_twice_right,4,-0.946930,8.401712,4.886918,-0.026748,-0.020295,-0.017812
477635080.000,Miguel,recording,knock_twice_right,4,-0.968150,8.401021,4.877051,-0.032779,-0.015981,-0.019247
477635090.000,Miguel,recording,knock_twice_right,4,-0.982829,8.386682,4.876238,-0.038647,-0.009457,-0.018356
477635100.000,Miguel,recording,knock_twice_right,4,-0.979328,8.374972,4.901902,-0.045022,-0.004427,-0.016864
477635110.000,Miguel,recording,knock_twice_right,4,-0.971083,8.359243,4.959822,-0.049925,-0.001772,-0.015573
477635120.000,Miguel,recording,knock_twice_right,4,-0.978369,8.361472,5.010213,-0.048174,-0.000382,-0.014149
477635130.000,Miguel,recording,knock_twice_right,4,-0.983858,8.354894,5.027989,-0.038038,0.001263,-0.012882
477635140.000,Miguel,recording,knock_twice_right,4,-0.977650,8.351138,5.007065,-0.024776,-0.000896,-0.011220
477635150.000,Miguel,recording,knock_twice_right,4,-0.984124,8.344325,5.001152,-0.015188,-0.008627,-0.008782
477635160.000,Miguel,recording,knock_twice_right,4,-0.989737,8.352578,5.021138,-0.010409,-0.015277,-0.004346
477635170.000,Miguel,recording,knock_twice_right,4,-0.982219,8.361553,5.008487,-0.005584,-0.015103,0.001232
477635180.000,Miguel,recording,knock_twice_right,4,-0.961856,8.368184,4.985517,-0.001434,-0.010158,0.005243
477635190.000,Miguel,recording,knock_twice_right,4,-0.921815,8.375503,4.946391,-0.002217,-0.006183,0.006854
477635200.000,Miguel,recording,knock_twice_right,4,-0.907154,8.380808,4.922554,-0.006782,-0.003556,0.005904
477635210.000,Miguel,recording,knock_twice_right,4,-0.915297,8.373407,4.920727,-0.011511,0.000755,0.002599
477635220.000,Miguel,recording,knock_twice_right,4,-0.915713,8.388141,4.929958,-0.015199,0.007078,-0.001633
477635230.000,Miguel,recording,knock_twice_right,4,-0.908834,8.390430,4.915064,-0.019042,0.011037,-0.006447
477635240.000,Miguel,recording,knock_twice_right,4,-0.938046,8.375130,4.913368,-0.024672,0.010466,-0.010020
477635250.000,Miguel,recording,knock_twice_right,4,-0.977184,8.363260,4.958664,-0.028564,0.011754,-0.009919
477635260.000,Miguel,recording,knock_twice_right,4,-0.975260,8.339095,5.024502,-0.023904,0.019168,-0.008961
477635270.000,Miguel,recording,knock_twice_right,4,-0.951219,8.309765,5.061861,-0.010011,0.026480,-0.009219
477635280.000,Miguel,recording,knock_twice_right,4,-0.939494,8.304941,5.042530,0.006000,0.025486,-0.009235
477635290.000,Miguel,recording,knock_twice_right,4,-0.950811,8.331390,5.007684,0.017694,0.014268,-0.008676
477635300.000,Miguel,recording,knock_twice_right,4,-0.953499,8.354046,4.979662,0.024756,-0.001259,-0.009361
477635310.000,Miguel,recording,knock_twice_right,4,-0.959484,8.350088,4.944754,0.029013,-0.009838,-0.011151
477635320.000,Miguel,recording,knock_twice_right,4,-0.991284,8.354312,4.907590,0.028928,-0.008250,-0.010639
477635330.000,Miguel,recording,knock_twice_right,4,-1.021165,8.365124,4.833028,0.020724,-0.003603,-0.006732
477635340.000,Miguel,recording,knock_twice_right,4,-1.025181,8.373196,4.763905,0.003297,-0.000047,-0.001296
477635350.000,Miguel,recording,knock_twice_right,4,-1.024356,8.381356,4.751903,-0.019970,0.002149,0.004171
477635360.000,Miguel,recording,knock_twice_right,4,-1.015026,8.366937,4.777629,-0.042005,0.006233,0.009045
477635370.000,Miguel,recording,knock_twice_right,4,-0.976725,8.332227,4.865442,-0.058035,0.012722,0.012785
477635380.000,Miguel,recording,knock_twice_right,4,-0.932408,8.320101,4.929042,-0.066965,0.017323,0.013822
477635390.000,Miguel,recording,knock_twice_right,4,-0.912036,8.338902,4.969003,-0.069092,0.018408,0.011767
477635400.000,Miguel,recording,knock_twice_right,4,-0.915006,8.340111,5.020075,-0.065947,0.014252,0.009372
477635410.000,Miguel,recording,knock_twice_right,4,-0.899495,8.325567,5.065811,-0.057167,0.008469,0.007133
477635420.000,Miguel,recording,knock_twice_right,4,-0.875512,8.300465,5.101020,-0.042565,0.005165,0.004704
477635430.000,Miguel,recording,knock_twice_right,4,-0.859374,8.297328,5.116673,-0.025454,0.000685,0.002907
477635440.000,Miguel,recording,knock_twice_right,4,-0.878436,8.317345,5.094288,-0.010020,-0.006729,0.001025
477635450.000,Miguel,recording,knock_twice_right,4,-0.918432,8.339093,5.083689,0.001832,-0.014197,-0.001239
477635460.000,Miguel,recording,knock_twice_right,4,-0.916325,8.358939,5.091494,0.012484,-0.016207,-0.004515
477635470.000,Miguel,recording,knock_twice_right,4,-0.901931,8.337062,5.050262,0.022813,-0.010959,-0.008375
477635480.000,Miguel,recording,knock_twice_right,4,-0.926592,8.322602,5.002196,0.027372,-0.004710,-0.010417
477635490.000,Miguel,recording,knock_twice_right,4,-0.986511,8.345555,4.953723,0.025195,-0.001261,-0.008417
477635500.000,Miguel,recording,knock_twice_right,4,-1.008440,8.348422,4.952752,0.022143,0.003015,-0.003374
477635510.000,Miguel,recording,knock_twice_right,4,-0.988925,8.320808,4.966786,0.021888,0.008489,0.002318
477635520.000,Miguel,recording,knock_twice_right,4,-0.974520,8.315464,4.947473,0.024143,0.009107,0.006566
477635530.000,Miguel,recording,knock_twice_right,4,-0.962849,8.332184,4.942780,0.026546,0.001894,0.009368
477635540.000,Miguel,recording,knock_twice_right,4,-0.946360,8.332508,4.936673,0.028275,-0.008000,0.011973
477635550.000,Miguel,recording,knock_twice_right,4,-0.900794,8.308283,4.936291,0.029111,-0.013786,0.013839
477635560.000,Miguel,recording,knock_twice_right,4,-0.868355,8.300155,4.933429,0.029703,-0.014721,0.013431
477635570.000,Miguel,recording,knock_twice_right,4,-0.852509,8.311178,4.899603,0.027950,-0.014489,0.009375
477635580.000,Miguel,recording,knock_twice_right,4,-0.844186,8.346243,4.844048,0.019574,-0.014079,0.001767
477635590.000,Miguel,recording,knock_twice_right,4,-0.844591,8.361290,4.810160,0.005016,-0.011797,-0.006091
477635600.000,Miguel,recording,knock_twice_right,4,-0.849565,8.331459,4.787986,-0.013863,-0.007062,-0.011657
477635610.000,Miguel,recording,knock_twice_right,4,-0.862058,8.290676,4.819166,-0.034289,0.001774,-0.016079
477635620.000,Miguel,recording,knock_twice_right,4,-0.865315,8.286925,4.903651,-0.048556,0.015517,-0.019064
477635630.000,Miguel,recording,knock_twice_right,4,-0.893155,8.317546,5.006612,-0.051088,0.031075,-0.021993
477635640.000,Miguel,recording,knock_twice_right,4,-0.907876,8.373936,5.057391,-0.043216,0.042318,-0.027119
477635650.000,Miguel,recording,knock_twice_right,4,-0.887805,8.427896,5.050929,-0.030739,0.046583,-0.034401
477635660.000,Miguel,recording,knock_twice_right,4,-0.883675,8.407980,5.027176,-0.020101,0.048586,-0.044278
477635670.000,Miguel,recording,knock_twice_right,4,-0.934740,8.325485,5.046928,-0.009491,0.052087,-0.052477
477635680.000,Miguel,recording,knock_twice_right,4,-0.959772,8.282102,5.108009,0.005545,0.060778,-0.054410
477635690.000,Miguel,recording,knock_twice_right,4,-0.955346,8.236532,5.097108,0.024634,0.079201,-0.053956
477635700.000,Miguel,recording,knock_twice_right,4,-1.186037,8.136006,4.932388,0.044127,0.107738,-0.052562
477635710.000,Miguel,recording,knock_twice_right,4,-1.809531,8.134639,4.725368,0.049811,0.121929,-0.021466
477635720.000,Miguel,recording,knock_twice_right,4,-2.243918,8.291247,4.661253,0.027767,0.101424,0.063087
477635730.000,Miguel,recording,knock_twice_right,4,-1.940866,8.256215,4.690718,-0.009922,0.061704,0.165557
477635740.000,Miguel,recording,knock_twice_right,4,-1.299569,8.151503,4.801186,-0.039615,0.018396,0.233582
477635750.000,Miguel,recording,knock_twice_right,4,-0.712765,8.295999,4.947341,-0.051189,-0.023095,0.249103
477635760.000,Miguel,recording,knock_twice_right,4,-0.317195,8.500707,4.973613,-0.049920,-0.057186,0.214402
477635770.000,Miguel,recording,knock_twice_right,4,0.112187,8.671465,4.933551,-0.050225,-0.081195,0.131082
477635780.000,Miguel,recording,knock_twice_right,4,0.374438,8.668017,5.029631,-0.059554,-0.112655,0.002914
477635790.000,Miguel,recording,knock_twice_right,4,0.182165,8.520795,5.299053,-0.063036,-0.135693,-0.142904
477635800.000,Miguel,recording,knock_twice_right,4,-0.249673,8.419558,5.344633,-0.049032,-0.075260,-0.257525
477635810.000,Miguel,recording,knock_twice_right,4,-0.762771,8.303482,5.045339,-0.039399,0.063214,-0.309560
477635820.000,Miguel,recording,knock_twice_right,4,-1.334516,8.198351,4.845393,-0.061298,0.170971,-0.289147
477635830.000,Miguel,recording,knock_twice_right,4,-1.682369,8.284114,4.830553,-0.102856,0.190426,-0.218325
477635840.000,Miguel,recording,knock_twice_right,4,-1.767388,8.409982,4.961417,-0.129247,0.155788,-0.135978
477635850.000,Miguel,recording,knock_twice_right,4,-1.629546,8.448881,5.155033,-0.121485,0.114557,-0.063453
477635860.000,Miguel,recording,knock_twice_right,4,-1.426865,8.312866,5.328377,-0.084382,0.079296,-0.010464
477635870.000,Miguel,recording,knock_twice_right,4,-1.284910,8.170536,5.490173,-0.030670,0.047074,0.024160
477635880.000,Miguel,recording,knock_twice_right,4,-1.183328,8.074544,5.586021,0.035704,0.024442,0.049366
477635890.000,Miguel,recording,knock_twice_right,4,-1.061613,8.026378,5.517407,0.107975,0.022288,0.069382
477635900.000,Miguel,recording,knock_twice_right,4,-1.091977,8.002704,5.230754,0.167383,0.029514,0.083417
477635910.000,Miguel,recording,knock_twice_right,4,-1.641720,8.032029,4.911853,0.197802,0.008454,0.115490
477635920.000,Miguel,recording,knock_twice_right,4,-2.026489,8.205820,4.754392,0.195074,-0.045743,0.188026
477635930.000,Miguel,recording,knock_twice_right,4,-1.491583,8.318669,4.633583,0.166044,-0.083603,0.262728
477635940.000,Miguel,recording,knock_twice_right,4,-0.817310,8.272826,4.527938,0.124490,-0.090789,0.289894
477635950.000,Miguel,recording,knock_twice_right,4,-0.325813,8.388774,4.586645,0.082779,-0.098149,0.260478
477635960.000,Miguel,recording,knock_twice_right,4,-0.079915,8.513789,4.614220,0.045977,-0.106013,0.184577
477635970.000,Miguel,recording,knock_twice_right,4,0.039397,8.558323,4.589454,0.012843,-0.097406,0.079923
477635980.000,Miguel,recording,knock_twice_right,4,-0.087874,8.520620,4.580457,-0.022743,-0.072275,-0.026998
477635990.000,Miguel,recording,knock_twice_right,4,-0.300816,8.363279,4.629663,-0.060519,-0.040802,-0.115714
477636000.000,Miguel,recording,knock_twice_right,4,-0.571818,8.153131,4.714360,-0.091041,-0.005369,-0.174938
477636010.000,Miguel,recording,knock_twice_right,4,-0.956455,8.143623,4.758825,-0.111844,0.035181,-0.193588
477636020.000,Miguel,recording,knock_twice_right,4,-1.324865,8.234117,4.763808,-0.127578,0.063108,-0.171391
477636030.000,Miguel,recording,knock_twice_right,4,-1.493592,8.206820,4.823230,-0.138156,0.057458,-0.121847
477636040.000,Miguel,recording,knock_twice_right,4,-1.483000,8.163482,4.951551,-0.136178,0.021651,-0.064320
477636050.000,Miguel,recording,knock_twice_right,4,-1.378293,8.132345,5.092195,-0.117101,-0.022987,-0.013337
477636060.000,Miguel,recording,knock_twice_right,4,-1.261228,8.137410,5.192976,-0.084189,-0.059605,0.027834
477636070.000,Miguel,recording,knock_twice_right,4,-1.146929,8.167612,5.239841,-0.046650,-0.083678,0.058194
477636080.000,Miguel,recording,knock_twice_right,4,-1.031830,8.229484,5.221789,-0.014110,-0.095670,0.077475
477636090.000,Miguel,recording,knock_twice_right,4,-0.942379,8.300972,5.164578,0.007968,-0.096614,0.087416
477636100.000,Miguel,recording,knock_twice_right,4,-0.857098,8.369204,5.127477,0.018054,-0.087582,0.089641
477636110.000,Miguel,recording,knock_twice_right,4,-0.766005,8.425631,5.069490,0.017227,-0.068875,0.082628
477636120.000,Miguel,recording,knock_twice_right,4,-0.726189,8.450629,5.001506,0.006268,-0.048240,0.066773
477636130.000,Miguel,recording,knock_twice_right,4,-0.742366,8.472165,4.980650,-0.013190,-0.036263,0.047967
477636140.000,Miguel,recording,knock_twice_right,4,-0.749272,8.504715,5.043945,-0.034849,-0.029034,0.028572
477636150.000,Miguel,recording,knock_twice_right,4,-0.724274,8.501059,5.125750,-0.050721,-0.013852,0.008032
477636160.000,Miguel,recording,knock_twice_right,4,-0.734966,8.442943,5.174557,-0.057775,0.011748,-0.013577
477636170.000,Miguel,recording,knock_twice_right,4,-0.822126,8.405636,5.191622,-0.057956,0.033973,-0.032040
477636180.000,Miguel,recording,knock_twice_right,4,-0.972809,8.376847,5.183609,-0.056663,0.045089,-0.041447
477636190.000,Miguel,recording,knock_twice_right,4,-1.118350,8.341076,5.166066,-0.055188,0.046598,-0.039441
477636200.000,Miguel,recording,knock_twice_right,4,-1.226242,8.299768,5.206695,-0.049542,0.039567,-0.025712
477636210.000,Miguel,recording,knock_twice_right,4,-1.222462,8.266267,5.275324,-0.037393,0.031274,-0.003107
477636220.000,Miguel,recording,knock_twice_right,4,-1.174874,8.257306,5.312876,-0.019145,0.028037,0.021456
477636230.000,Miguel,recording,knock_twice_right,4,-1.132187,8.247512,5.292741,0.003688,0.026439,0.042696
477636240.000,Miguel,recording,knock_twice_right,4,-1.071448,8.268185,5.258392,0.027235,0.021818,0.058679
477636250.000,Miguel,recording,knock_twice_right,4,-0.976147,8.286751,5.216695,0.049172,0.015725,0.067192
477636260.000,Miguel,recording,knock_twice_right,4,-0.867765,8.297851,5.139086,0.068033,0.012725,0.066474
477636270.000,Miguel,recording,knock_twice_right,4,-0.832406,8.290637,5.032663,0.078762,0.013880,0.058243
477636280.000,Miguel,recording,knock_twice_right,4,-0.889994,8.318093,4.919211,0.076496,0.014881,0.048171
477636290.000,Miguel,recording,knock_twice_right,4,-0.967120,8.358657,4.837075,0.060627,0.014261,0.041612
477636300.000,Miguel,recording,knock_twice_right,4,-1.001349,8.392625,4.821552,0.035189,0.016087,0.038386
477636310.000,Miguel,recording,knock_twice_right,4,-0.962572,8.390349,4.840806,0.005028,0.026086,0.032908
477636320.000,Miguel,recording,knock_twice_right,4,-0.939943,8.344351,4.862695,-0.025350,0.043451,0.022807
477636330.000,Miguel,recording,knock_twice_right,4,-0.990429,8.315973,4.935530,-0.052306,0.060305,0.011709
477636340.000,Miguel,recording,knock_twice_right,4,-1.063909,8.270073,5.006315,-0.073052,0.072146,0.002110
477636350.000,Miguel,recording,knock_twice_right,4,-1.122223,8.207972,5.075288,-0.088033,0.080817,-0.007041
477636360.000,Miguel,recording,knock_twice_right,4,-1.191805,8.174147,5.145674,-0.097052,0.090181,-0.015871
477636370.000,Miguel,recording,knock_twice_right,4,-1.304514,8.158896,5.188265,-0.100355,0.100568,-0.021694
477636380.000,Miguel,recording,knock_twice_right,4,-1.454558,8.150713,5.220133,-0.101017,0.109111,-0.023080
477636390.000,Miguel,recording,knock_twice_right,4,-1.608577,8.150515,5.254942,-0.100135,0.116638,-0.018465
477636400.000,Miguel,recording,knock_twice_right,4,-1.697068,8.144055,5.282555,-0.096456,0.126878,-0.003911
477636410.000,Miguel,recording,knock_twice_right,4,-1.737423,8.078673,5.283321,-0.090664,0.136377,0.019281
477636420.000,Miguel,recording,knock_twice_right,4,-1.772885,7.996920,5.251317,-0.086963,0.134967,0.045685
477636430.000,Miguel,recording,knock_twice_right,4,-1.824599,7.960211,5.229627,-0.088165,0.118336,0.072135
477636440.000,Miguel,recording,knock_twice_right,4,-1.825811,7.962955,5.248371,-0.094950,0.098715,0.097854
477636450.000,Miguel,recording,knock_twice_right,4,-1.766198,7.967647,5.339591,-0.101069,0.097791,0.120854
477636460.000,Miguel,recording,knock_twice_right,4,-1.698438,7.919950,5.415029,-0.099141,0.125718,0.138351
477636470.000,Miguel,recording,knock_twice_right,4,-1.666207,7.880614,5.464525,-0.087495,0.171347,0.149399
477636480.000,Miguel,recording,knock_twice_right,4,-1.661125,7.861531,5.507911,-0.065361,0.219760,0.156031
477636490.000,Miguel,recording,knock_twice_right,4,-1.627000,7.821585,5.514175,-0.034127,0.265621,0.160099
477636500.000,Miguel,recording,knock_twice_right,4,-1.597283,7.715689,5.453484,-0.000183,0.303187,0.158664
477636510.000,Miguel,recording,knock_twice_right,4,-1.622265,7.630510,5.326211,0.027278,0.319661,0.154744
477636520.000,Miguel,recording,knock_twice_right,5,-1.663780,7.615411,5.176363,0.040178,0.313816,0.152550
477636530.000,Miguel,recording,knock_twice_right,5,-1.698682,7.608995,5.047977,0.033751,0.306367,0.149104
477636540.000,Miguel,recording,knock_twice_right,5,-1.741574,7.576736,4.915393,0.005915,0.314609,0.144285
477636550.000,Miguel,recording,knock_twice_right,5,-1.819540,7.550419,4.840325,-0.043732,0.338913,0.144238
477636560.000,Miguel,recording,knock_twice_right,5,-1.917460,7.595304,4.821464,-0.110044,0.374040,0.151740
477636570.000,Miguel,recording,knock_twice_right,5,-2.012368,7.665134,4.835016,-0.182838,0.415504,0.166915
477636580.000,Miguel,recording,knock_twice_right,5,-2.069081,7.743271,4.910015,-0.252795,0.457265,0.191932
477636590.000,Miguel,recording,knock_twice_right,5,-2.033843,7.795320,5.040447,-0.313223,0.496003,0.220783
477636600.000,Miguel,recording,knock_twice_right,5,-1.930977,7.804482,5.193316,-0.357588,0.530608,0.245186
477636610.000,Miguel,recording,knock_twice_right,5,-1.812062,7.786233,5.324856,-0.382228,0.556848,0.261086
477636620.000,Miguel,recording,knock_twice_right,5,-1.710047,7.778771,5.406358,-0.388405,0.571841,0.268180
477636630.000,Miguel,recording,knock_twice_right,5,-1.647968,7.789070,5.478302,-0.381888,0.580775,0.273586
477636640.000,Miguel,recording,knock_twice_right,5,-1.575909,7.866542,5.524186,-0.368948,0.594439,0.286116
477636650.000,Miguel,recording,knock_twice_right,5,-1.430884,7.906104,5.527045,-0.351979,0.620160,0.306041
477636660.000,Miguel,recording,knock_twice_right,5,-1.228939,7.901987,5.489886,-0.332824,0.651955,0.324997
477636670.000,Miguel,recording,knock_twice_right,5,-1.053868,7.925303,5.454934,-0.313996,0.675773,0.335052
477636680.000,Miguel,recording,knock_twice_right,5,-0.898392,7.965138,5.455335,-0.293547,0.687578,0.331828
477636690.000,Miguel,recording,knock_twice_right,5,-0.754319,7.973715,5.449865,-0.268886,0.696863,0.313392
477636700.000,Miguel,recording,knock_twice_right,5,-0.654003,7.926970,5.398849,-0.242570,0.710113,0.280281
477636710.000,Miguel,recording,knock_twice_right,5,-0.624075,7.873086,5.318239,-0.218078,0.723618,0.236319
477636720.000,Miguel,recording,knock_twice_right,5,-0.700210,7.813736,5.240592,-0.199724,0.735408,0.187945
477636730.000,Miguel,recording,knock_twice_right,5,-0.832078,7.741602,5.140773,-0.189869,0.749026,0.143346
477636740.000,Miguel,recording,knock_twice_right,5,-0.908722,7.669463,5.029994,-0.190496,0.766610,0.107413
477636750.000,Miguel,recording,knock_twice_right,5,-0.912242,7.637407,4.916843,-0.207800,0.784335,0.080495
477636760.000,Miguel,recording,knock_twice_right,5,-0.896109,7.643496,4.836088,-0.245444,0.801130,0.064070
477636770.000,Miguel,recording,knock_twice_right,5,-0.898341,7.635488,4.829571,-0.299306,0.819492,0.061752
477636780.000,Miguel,recording,knock_twice_right,5,-0.908527,7.619375,4.866648,-0.359968,0.834350,0.073549
477636790.000,Miguel,recording,knock_twice_right,5,-0.871965,7.618910,4.976451,-0.417782,0.834641,0.091270
477636800.000,Miguel,recording,knock_twice_right,5,-0.847720,7.618644,5.097932,-0.463189,0.813654,0.105977
477636810.000,Miguel,recording,knock_twice_right,5,-0.909888,7.668459,5.228488,-0.491740,0.769310,0.116467
477636820.000,Miguel,recording,knock_twice_right,5,-1.021386,7.754481,5.373530,-0.503287,0.701965,0.131271
477636830.000,Miguel,recording,knock_twice_right,5,-1.067017,7.856963,5.539308,-0.498139,0.624592,0.156993
477636840.000,Miguel,recording,knock_twice_right,5,-1.034586,7.918463,5.700816,-0.477433,0.551485,0.187127
477636850.000,Miguel,recording,knock_twice_right,5,-1.019949,7.932232,5.840388,-0.440838,0.484024,0.215826
477636860.000,Miguel,recording,knock_twice_right,5,-1.027898,7.928563,5.905373,-0.392367,0.419052,0.242521
477636870.000,Miguel,recording,knock_twice_right,5,-1.019716,7.923712,5.923216,-0.339258,0.351454,0.263847
477636880.000,Miguel,recording,knock_twice_right,5,-1.044259,7.928212,5.936224,-0.284746,0.280155,0.278415
477636890.000,Miguel,recording,knock_twice_right,5,-1.102167,7.924843,5.942621,-0.230771,0.209252,0.290675
477636900.000,Miguel,recording,knock_twice_right,5,-1.195626,7.911108,5.927933,-0.182103,0.142905,0.307427
477636910.000,Miguel,recording,knock_twice_right,5,-1.236518,7.927776,5.885903,-0.145203,0.086216,0.334890
477636920.000,Miguel,recording,knock_twice_right,5,-1.232966,7.976228,5.797812,-0.124021,0.045572,0.370281
477636930.000,Miguel,recording,knock_twice_right,5,-1.159296,8.066808,5.731501,-0.117713,0.024407,0.404672
477636940.000,Miguel,recording,knock_twice_right,5,-1.027072,8.190017,5.717905,-0.123302,0.017945,0.431462
477636950.000,Miguel,recording,knock_twice_right,5,-0.859509,8.300514,5.717225,-0.134463,0.018728,0.447046
477636960.000,Miguel,recording,knock_twice_right,5,-0.685383,8.337948,5.729168,-0.148875,0.020979,0.449360
477636970.000,Miguel,recording,knock_twice_right,5,-0.524894,8.341370,5.773783,-0.166902,0.022437,0.436399
477636980.000,Miguel,recording,knock_twice_right,5,-0.381125,8.325792,5.846893,-0.187120,0.024120,0.409953
477636990.000,Miguel,recording,knock_twice_right,5,-0.260743,8.291953,5.973045,-0.206488,0.028385,0.373958
477637000.000,Miguel,recording,knock_twice_right,5,-0.208206,8.260708,6.110130,-0.217915,0.037818,0.334443
477637010.000,Miguel,recording,knock_twice_right,5,-0.210985,8.223429,6.227888,-0.217533,0.052227,0.295542
477637020.000,Miguel,recording,knock_twice_right,5,-0.263061,8.167532,6.321244,-0.204581,0.069918,0.258317
477637030.000,Miguel,recording,knock_twice_right,5,-0.357344,8.113690,6.355184,-0.177662,0.086794,0.225353
477637040.000,Miguel,recording,knock_twice_right,5,-0.448850,8.069118,6.323278,-0.138211,0.098715,0.196954
477637050.000,Miguel,recording,knock_twice_right,5,-0.502242,8.023056,6.218740,-0.093262,0.100996,0.171894
477637060.000,Miguel,recording,knock_twice_right,5,-0.542825,7.987299,6.085098,-0.052907,0.085751,0.153057
477637070.000,Miguel,recording,knock_twice_right,5,-0.564446,7.952514,5.934560,-0.024950,0.052911,0.139364
477637080.000,Miguel,recording,knock_twice_right,5,-0.593644,7.908802,5.807185,-0.012062,0.011386,0.128356
477637090.000,Miguel,recording,knock_twice_right,5,-0.648540,7.869823,5.727310,-0.013046,-0.027176,0.119537
477637100.000,Miguel,recording,knock_twice_right,5,-0.710175,7.792691,5.709634,-0.022034,-0.052292,0.111081
477637110.000,Miguel,recording,knock_twice_right,5,-0.773252,7.689413,5.726036,-0.032748,-0.060476,0.102844
477637120.000,Miguel,recording,knock_twice_right,5,-0.849349,7.602638,5.754722,-0.040644,-0.054317,0.095524
477637130.000,Miguel,recording,knock_twice_right,5,-0.908704,7.568346,5.759813,-0.043881,-0.038764,0.090291
477637140.000,Miguel,recording,knock_twice_right,5,-0.921369,7.545174,5.744583,-0.043533,-0.017313,0.083192
477637150.000,Miguel,recording,knock_twice_right,5,-0.944806,7.532622,5.708118,-0.040750,0.003986,0.074381
477637160.000,Miguel,recording,knock_twice_right,5,-1.033101,7.552458,5.688272,-0.034964,0.015992,0.071197
477637170.000,Miguel,recording,knock_twice_right,5,-1.109865,7.569438,5.668058,-0.027043,0.014941,0.078470
477637180.000,Miguel,recording,knock_twice_right,5,-1.112131,7.571685,5.640843,-0.021993,0.000790,0.094100
477637190.000,Miguel,recording,knock_twice_right,5,-1.047126,7.580404,5.615909,-0.022068,-0.025770,0.110132
477637200.000,Miguel,recording,knock_twice_right,5,-0.965774,7.607684,5.611876,-0.025961,-0.062528,0.120348
477637210.000,Miguel,recording,knock_twice_right,5,-0.907173,7.628033,5.633457,-0.033708,-0.101242,0.123180
477637220.000,Miguel,recording,knock_twice_right,5,-0.882717,7.663292,5.681734,-0.044518,-0.125664,0.120594
477637230.000,Miguel,recording,knock_twice_right,5,-0.874453,7.708929,5.712434,-0.059114,-0.127621,0.115694
477637240.000,Miguel,recording,knock_twice_right,5,-0.838755,7.738691,5.732125,-0.079381,-0.110697,0.108630
477637250.000,Miguel,recording,knock_twice_right,5,-0.835429,7.737423,5.759606,-0.105876,-0.083267,0.100901
477637260.000,Miguel,recording,knock_twice_right,5,-0.852575,7.768859,5.819633,-0.137899,-0.053068,0.098143
477637270.000,Miguel,recording,knock_twice_right,5,-0.786986,7.792632,5.927012,-0.171175,-0.020611,0.098354
477637280.000,Miguel,recording,knock_twice_right,5,-0.679421,7.797432,6.050198,-0.197413,0.012079,0.092253
477637290.000,Miguel,recording,knock_twice_right,5,-0.657180,7.794231,6.198298,-0.206817,0.032578,0.078803
477637300.000,Miguel,recording,knock_twice_right,5,-0.693342,7.776051,6.324983,-0.195513,0.032505,0.065240
477637310.000,Miguel,recording,knock_twice_right,5,-0.765978,7.765101,6.388398,-0.169641,0.018031,0.059639
477637320.000,Miguel,recording,knock_twice_right,5,-0.820207,7.795589,6.383570,-0.141885,-0.000686,0.068193
477637330.000,Miguel,recording,knock_twice_right,5,-0.796401,7.855679,6.331312,-0.125017,-0.017547,0.088463
477637340.000,Miguel,recording,knock_twice_right,5,-0.677079,7.906726,6.288874,-0.120385,-0.030873,0.110285
477637350.000,Miguel,recording,knock_twice_right,5,-0.531736,7.945874,6.276194,-0.121714,-0.040244,0.123834
477637360.000,Miguel,recording,knock_twice_right,5,-0.431328,7.938940,6.318290,-0.123100,-0.043159,0.124224
477637370.000,Miguel,recording,knock_twice_right,5,-0.376499,7.909402,6.360539,-0.120131,-0.036290,0.113081
477637380.000,Miguel,recording,knock_twice_right,5,-0.372330,7.859834,6.379596,-0.111164,-0.021456,0.095968
477637390.000,Miguel,recording,knock_twice_right,5,-0.413911,7.813515,6.380812,-0.097194,-0.005370,0.080228
477637400.000,Miguel,recording,knock_twice_right,5,-0.467984,7.803152,6.394980,-0.081290,0.005506,0.072618
477637410.000,Miguel,recording,knock_twice_right,5,-0.478346,7.836819,6.386535,-0.065998,0.009244,0.071879
477637420.000,Miguel,recording,knock_twice_right,5,-0.445817,7.884581,6.344796,-0.055614,0.005073,0.070058
477637430.000,Miguel,recording,knock_twice_right,5,-0.416156,7.903231,6.327355,-0.049264,-0.006832,0.064226
477637440.000,Miguel,recording,knock_twice_right,5,-0.398901,7.908445,6.326072,-0.042471,-0.019130,0.055919
477637450.000,Miguel,recording,knock_twice_right,5,-0.382900,7.875596,6.330124,-0.032665,-0.025128,0.042684
477637460.000,Miguel,recording,knock_twice_right,5,-0.399983,7.801471,6.317805,-0.019304,-0.025704,0.025285
477637470.000,Miguel,recording,knock_twice_right,5,-0.463082,7.733176,6.272354,-0.005612,-0.026036,0.009993
477637480.000,Miguel,recording,knock_twice_right,5,-0.550404,7.687818,6.216067,0.004751,-0.027831,0.000886
477637490.000,Miguel,recording,knock_twice_right,5,-0.630829,7.668796,6.155896,0.009228,-0.030976,-0.000604
477637500.000,Miguel,recording,knock_twice_right,5,-0.657052,7.686568,6.106345,0.006564,-0.035554,0.005266
477637510.000,Miguel,recording,knock_twice_right,5,-0.613137,7.702370,6.099562,-0.001414,-0.034728,0.012606
477637520.000,Miguel,recording,knock_twice_right,5,-0.553606,7.704997,6.120603,-0.011150,-0.026167,0.014874
477637530.000,Miguel,recording,knock_twice_right,5,-0.512698,7.674232,6.115835,-0.020399,-0.017126,0.010835
477637540.000,Miguel,recording,knock_twice_right,5,-0.505418,7.620295,6.140290,-0.026909,-0.012571,0.001457
477637550.000,Miguel,recording,knock_twice_right,5,-0.516142,7.576271,6.182915,-0.026877,-0.010711,-0.010565
477637560.000,Miguel,recording,knock_twice_right,5,-0.568349,7.548457,6.188496,-0.018979,-0.008932,-0.022633
477637570.000,Miguel,recording,knock_twice_right,5,-0.657361,7.511741,6.153942,-0.008212,-0.012335,-0.031416
477637580.000,Miguel,recording,knock_twice_right,5,-0.726026,7.512728,6.102841,-0.001189,-0.021145,-0.035572
477637590.000,Miguel,recording,knock_twice_right,5,-0.765833,7.500016,6.034410,-0.000592,-0.027227,-0.035982
477637600.000,Miguel,recording,knock_twice_right,5,-0.802405,7.496367,5.939255,-0.008907,-0.029681,-0.031748
477637610.000,Miguel,recording,knock_twice_right,5,-0.857110,7.492638,5.906214,-0.026700,-0.032419,-0.021390
477637620.000,Miguel,recording,knock_twice_right,5,-0.868036,7.498570,5.906403,-0.048892,-0.035482,-0.006159
477637630.000,Miguel,recording,knock_twice_right,5,-0.820586,7.496967,5.959116,-0.067623,-0.039139,0.009332
477637640.000,Miguel,recording,knock_twice_right,5,-0.757934,7.481095,6.056651,-0.076070,-0.047253,0.019863
477637650.000,Miguel,recording,knock_twice_right,5,-0.670595,7.462878,6.144922,-0.071882,-0.060200,0.021667
477637660.000,Miguel,recording,knock_twice_right,5,-0.600224,7.446564,6.190844,-0.059492,-0.075826,0.015530
477637670.000,Miguel,recording,knock_twice_right,5,-0.573235,7.440841,6.183416,-0.047761,-0.089254,0.003912
477637680.000,Miguel,recording,knock_twice_right,5,-0.606650,7.424939,6.114710,-0.044238,-0.094870,-0.008480
477637690.000,Miguel,recording,knock_twice_right,5,-0.691744,7.425317,6.042180,-0.051550,-0.093849,-0.016167
477637700.000,Miguel,recording,knock_twice_right,5,-0.741789,7.439011,6.026609,-0.069757,-0.086304,-0.016762
477637710.000,Miguel,recording,knock_twice_right,5,-0.653656,7.446303,6.200512,-0.092810,-0.042985,-0.015068
477637720.000,Miguel,recording,knock_twice_right,5,-0.488305,7.460090,6.525386,-0.112536,0.044119,-0.021016
477637730.000,Miguel,recording,knock_twice_right,5,-0.474263,7.500178,6.695867,-0.122265,0.129410,-0.037610
477637740.000,Miguel,recording,knock_twice_right,5,-0.608389,7.524902,6.678710,-0.112874,0.171615,-0.059838
477637750.000,Miguel,recording,knock_twice_right,5,-0.816317,7.522582,6.538552,-0.083390,0.156520,-0.076648
477637760.000,Miguel,recording,knock_twice_right,5,-1.032644,7.499729,6.385441,-0.045155,0.102448,-0.075883
477637770.000,Miguel,recording,knock_twice_right,5,-1.113835,7.468917,6.328755,-0.012448,0.046481,-0.056621
477637780.000,Miguel,recording,knock_twice_right,5,-1.091755,7.462916,6.343161,0.003944,0.016514,-0.028715
477637790.000,Miguel,recording,knock_twice_right,5,-1.022126,7.491457,6.355443,0.002722,0.016533,-0.001334
477637800.000,Miguel,recording,knock_twice_right,5,-0.928601,7.539840,6.340323,-0.008067,0.030210,0.018550
477637810.000,Miguel,recording,knock_twice_right,5,-0.833253,7.559085,6.283203,-0.018768,0.037737,0.027990
477637820.000,Miguel,recording,knock_twice_right,5,-0.768056,7.535036,6.230754,-0.023866,0.030934,0.031319
477637830.000,Miguel,recording,knock_twice_right,5,-0.714106,7.481866,6.181362,-0.023058,0.014365,0.034363
477637840.000,Miguel,recording,knock_twice_right,5,-0.660637,7.460128,6.148166,-0.020549,-0.000408,0.038068
477637850.000,Miguel,recording,knock_twice_right,5,-0.592637,7.493278,6.134514,-0.021743,-0.001486,0.039264
477637860.000,Miguel,recording,knock_twice_right,5,-0.513828,7.517358,6.145117,-0.027170,0.011529,0.034960
477637870.000,Miguel,recording,knock_twice_right,5,-0.482548,7.521207,6.166930,-0.035269,0.027310,0.023683
477637880.000,Miguel,recording,knock_twice_right,5,-0.512320,7.537556,6.231903,-0.041731,0.038839,0.008409
477637890.000,Miguel,recording,knock_twice_right,5,-0.606532,7.522838,6.337540,-0.040988,0.047365,-0.004677
477637900.000,Miguel,recording,knock_twice_right,5,-0.740986,7.510900,6.424952,-0.031845,0.051552,-0.011371
477637910.000,Miguel,recording,knock_twice_right,5,-0.869777,7.510868,6.485767,-0.015762,0.047355,-0.011594
477637920.000,Miguel,recording,knock_twice_right,5,-0.944270,7.525644,6.522594,0.004988,0.036839,-0.006218
477637930.000,Miguel,recording,knock_twice_right,5,-0.947001,7.528311,6.513963,0.027703,0.026233,0.001958
477637940.000,Miguel,recording,knock_twice_right,5,-0.911606,7.535739,6.478663,0.051413,0.016998,0.006911
477637950.000,Miguel,recording,knock_twice_right,5,-0.889954,7.556553,6.384228,0.072251,0.006196,0.009568
477637960.000,Miguel,recording,knock_twice_right,5,-0.874026,7.569152,6.288634,0.084726,-0.006021,0.012826
477637970.000,Miguel,recording,knock_twice_right,5,-0.840104,7.554485,6.194399,0.088727,-0.017343,0.015646
477637980.000,Miguel,recording,knock_twice_right,5,-0.804364,7.529592,6.094984,0.085126,-0.027699,0.016258
477637990.000,Miguel,recording,knock_twice_right,5,-0.778742,7.525128,6.007674,0.072270,-0.034513,0.015815
477638000.000,Miguel,recording,knock_twice_right,5,-0.777067,7.538704,5.984275,0.052101,-0.034035,0.016034
477638010.000,Miguel,recording,knock_twice_right,5,-0.746392,7.524442,6.032906,0.031776,-0.031226,0.016493
477638020.000,Miguel,recording,knock_twice_right,5,-0.676483,7.501502,6.088324,0.017780,-0.027613,0.015459
477638030.000,Miguel,recording,knock_twice_right,5,-0.676507,7.481747,6.110181,0.010999,-0.018480,0.011142
477638040.000,Miguel,recording,knock_twice_right,5,-0.731799,7.473739,6.110501,0.008947,-0.005160,0.006774
477638050.000,Miguel,recording,knock_twice_right,5,-0.755267,7.479373,6.106275,0.008298,0.009263,0.005092
477638060.000,Miguel,recording,knock_twice_right,5,-0.752828,7.474111,6.099435,0.004696,0.022947,0.003496
477638070.000,Miguel,recording,knock_twice_right,5,-0.759300,7.463477,6.133071,-0.000097,0.035061,0.001331
477638080.000,Miguel,recording,knock_twice_right,5,-0.780592,7.476871,6.227696,-0.001609,0.038611,0.001177
477638090.000,Miguel,recording,knock_twice_right,5,-0.804104,7.464124,6.277341,0.001846,0.029707,0.001097
477638100.000,Miguel,recording,knock_twice_right,5,-0.798879,7.467488,6.276763,0.009272,0.015626,0.000752
477638110.000,Miguel,recording,knock_twice_right,5,-0.780113,7.496983,6.255988,0.016564,0.002616,0.002342
477638120.000,Miguel,recording,knock_twice_right,5,-0.788341,7.524765,6.205442,0.022546,-0.007234,0.005463
477638130.000,Miguel,recording,knock_twice_right,5,-0.781399,7.525210,6.154317,0.026013,-0.012787,0.008746
477638140.000,Miguel,recording,knock_twice_right,5,-0.763500,7.524984,6.121967,0.024988,-0.013169,0.011967
477638150.000,Miguel,recording,knock_twice_right,5,-0.737874,7.529080,6.085060,0.020650,-0.012079,0.014915
477638160.000,Miguel,recording,knock_twice_right,5,-0.715227,7.529424,6.046688,0.011182,-0.014277,0.016925
477638170.000,Miguel,recording,knock_twice_right,5,-0.705067,7.512156,5.988110,-0.005038,-0.019421,0.017091
477638180.000,Miguel,recording,knock_twice_right,5,-0.696550,7.494127,5.987261,-0.025415,-0.022091,0.016214
477638190.000,Miguel,recording,knock_twice_right,5,-0.707134,7.492074,6.036602,-0.047596,-0.016429,0.015170
477638200.000,Miguel,recording,knock_twice_right,5,-0.714865,7.479075,6.130998,-0.067429,-0.001572,0.013598
477638210.000,Miguel,recording,knock_twice_right,5,-0.725212,7.460719,6.264009,-0.076881,0.017532,0.011436
477638220.000,Miguel,recording,knock_twice_right,5,-0.716850,7.455295,6.393883,-0.072135,0.033117,0.007436
477638230.000,Miguel,recording,knock_twice_right,5,-0.700842,7.475182,6.465282,-0.054653,0.038390,0.003364
477638240.000,Miguel,recording,knock_twice_right,5,-0.711542,7.496346,6.464758,-0.029527,0.033848,0.002064
477638250.000,Miguel,recording,knock_twice_right,5,-0.709305,7.497682,6.424462,-0.004337,0.022622,0.002491
477638260.000,Miguel,recording,knock_twice_right,5,-0.696746,7.519366,6.340939,0.014979,0.008007,0.002831
477638270.000,Miguel,recording,knock_twice_right,5,-0.677808,7.547963,6.243401,0.025612,-0.005194,0.002979
477638280.000,Miguel,recording,knock_twice_right,5,-0.659755,7.559289,6.158163,0.028174,-0.012842,0.002519
477638290.000,Miguel,recording,knock_twice_right,5,-0.644779,7.566496,6.089367,0.023098,-0.011821,0.001443
477638300.000,Miguel,recording,knock_twice_right,5,-0.655024,7.551408,6.041270,0.009975,-0.003984,0.000072
477638310.000,Miguel,recording,knock_twice_right,5,-0.689691,7.528244,6.030878,-0.008374,0.004511,-0.001172
477638320.000,Miguel,recording,knock_twice_right,5,-0.747080,7.518508,6.051677,-0.025244,0.009623,-0.000772
477638330.000,Miguel,recording,knock_twice_right,5,-0.762318,7.502847,6.096828,-0.038329,0.013163,0.002168
477638340.000,Miguel,recording,knock_twice_right,5,-0.732218,7.497434,6.189297,-0.047545,0.018246,0.006274
477638350.000,Miguel,recording,knock_twice_right,5,-0.681552,7.497980,6.309972,-0.047314,0.021582,0.008219
477638360.000,Miguel,recording,knock_twice_right,5,-0.653462,7.503305,6.407916,-0.034603,0.019217,0.006381
477638370.000,Miguel,recording,knock_twice_right,5,-0.669899,7.482785,6.420866,-0.015485,0.012491,0.003514
477638380.000,Miguel,recording,knock_twice_right,5,-0.704359,7.478673,6.368463,0.002834,0.004783,0.001732
477638390.000,Miguel,recording,knock_twice_right,5,-0.726564,7.471750,6.336801,0.017251,0.003319,0.000952
477638400.000,Miguel,recording,knock_twice_right,5,-0.753291,7.472869,6.344766,0.027898,0.007689,0.001917
477638410.000,Miguel,recording,knock_twice_right,5,-0.788006,7.487548,6.331898,0.038446,0.007897,0.003115
477638420.000,Miguel,recording,knock_twice_right,5,-0.782501,7.500055,6.272423,0.047822,0.002518,0.003972
477638430.000,Miguel,recording,knock_twice_right,5,-0.761576,7.522896,6.202947,0.052269,-0.003089,0.006178
477638440.000,Miguel,recording,knock_twice_right,5,-0.726385,7.531456,6.131599,0.051453,-0.007196,0.008268
477638450.000,Miguel,recording,knock_twice_right,5,-0.726541,7.532921,6.051907,0.042830,-0.008645,0.008512
477638460.000,Miguel,recording,knock_twice_right,5,-0.764002,7.507048,5.993584,0.026774,-0.006798,0.007418
477638470.000,Miguel,recording,knock_twice_right,5,-0.794325,7.507679,5.966455,0.005696,-0.003468,0.007244
477638480.000,Miguel,recording,knock_twice_right,5,-0.787809,7.498592,5.998528,-0.018483,0.003735,0.008325
477638490.000,Miguel,recording,knock_twice_right,5,-0.738034,7.496023,6.104351,-0.038196,0.016125,0.008740
477638500.000,Miguel,recording,knock_twice_right,5,-0.673256,7.496646,6.233769,-0.047297,0.025622,0.007303
477638510.000,Miguel,recording,knock_twice_right,5,-0.631833,7.506865,6.347605,-0.042159,0.027511,0.003798
477638520.000,Miguel,recording,knock_twice_right,5,-0.645336,7.498586,6.409129,-0.023946,0.026653,-0.000761
477638530.000,Miguel,recording,knock_twice_right,5,-0.710097,7.482398,6.402794,-0.001238,0.024795,-0.005005
477638540.000,Miguel,recording,knock_twice_right,5,-0.795765,7.497646,6.350783,0.017968,0.021436,-0.006388
477638550.000,Miguel,recording,knock_twice_right,5,-0.851651,7.509635,6.253731,0.029231,0.017728,-0.004966
477638560.000,Miguel,recording,knock_twice_right,5,-0.887671,7.512914,6.145479,0.032168,0.014266,-0.002436
477638570.000,Miguel,recording,knock_twice_right,5,-0.878734,7.513664,6.078724,0.027246,0.011232,0.000987
477638580.000,Miguel,recording,knock_twice_right,5,-0.818617,7.528433,6.060412,0.016248,0.009177,0.004909
477638590.000,Miguel,recording,knock_twice_right,5,-0.770698,7.536579,6.051341,0.001036,0.010024,0.007742
477638600.000,Miguel,recording,knock_twice_right,5,-0.709552,7.518019,6.064868,-0.016219,0.012328,0.008561
477638610.000,Miguel,recording,knock_twice_right,5,-0.655360,7.502663,6.131348,-0.031718,0.012069,0.006978
477638620.000,Miguel,recording,knock_twice_right,5,-0.625794,7.513428,6.203515,-0.041294,0.009305,0.002324
477638630.000,Miguel,recording,knock_twice_right,5,-0.677644,7.506817,6.283741,-0.040208,0.005856,-0.003454
477638640.000,Miguel,recording,knock_twice_right,5,-0.720858,7.488804,6.346236,-0.027242,0.006861,-0.008060
477638650.000,Miguel,recording,knock_twice_right,5,-0.751899,7.465069,6.358664,-0.008075,0.014085,-0.011578
477638660.000,Miguel,recording,knock_twice_right,5,-0.789529,7.472346,6.350627,0.012324,0.019205,-0.011504
477638670.000,Miguel,recording,knock_twice_right,5,-0.795595,7.493184,6.305411,0.029859,0.018386,-0.006432
477638680.000,Miguel,recording,knock_twice_right,5,-0.780837,7.521727,6.234031,0.041153,0.013242,-0.001515
477638690.000,Miguel,recording,knock_twice_right,5,-0.749069,7.533870,6.158952,0.046075,0.005574,0.000887
477638700.000,Miguel,recording,knock_twice_right,5,-0.745346,7.543300,6.105087,0.043666,-0.001158,0.001864
477638710.000,Miguel,recording,knock_twice_right,5,-0.754420,7.539311,6.084449,0.035769,-0.004997,0.003540
477638720.000,Miguel,recording,knock_twice_right,5,-0.723466,7.553883,6.160346,0.026072,-0.005915,0.006064
477638730.000,Miguel,recording,knock_twice_right,5,-0.663442,7.505965,6.279156,0.027107,0.002091,0.006420
477638740.000,Miguel,recording,knock_twice_right,5,-0.594488,7.400820,6.300488,0.048964,0.030861,0.001703
477638750.000,Miguel,recording,knock_twice_right,5,-0.636825,7.345422,6.104488,0.074781,0.067247,-0.005107
477638760.000,Miguel,recording,knock_twice_right,5,-1.057641,7.352179,5.812107,0.075030,0.081076,-0.001582
477638770.000,Miguel,recording,knock_twice_right,5,-1.499607,7.478051,5.747348,0.040026,0.060313,0.031528
477638780.000,Miguel,recording,knock_twice_right,5,-1.125752,7.672417,5.911154,-0.010579,0.035313,0.079370
477638790.000,Miguel,recording,knock_twice_right,5,-0.465327,7.660281,5.999237,-0.052217,0.022647,0.094114
477638800.000,Miguel,recording,knock_twice_right,5,-0.178721,7.589964,6.109818,-0.074777,-0.001999,0.069854
477638810.000,Miguel,recording,knock_twice_right,5,-0.132543,7.597672,6.257377,-0.078576,-0.028066,0.028454
477638820.000,Miguel,recording,knock_twice_right,5,-0.277299,7.563822,6.329512,-0.072100,-0.031825,-0.019068
477638830.000,Miguel,recording,knock_twice_right,5,-0.503998,7.470439,6.369597,-0.064849,-0.018857,-0.068516
477638840.000,Miguel,recording,knock_twice_right,5,-0.772167,7.360488,6.399656,-0.055538,0.009519,-0.105017
477638850.000,Miguel,recording,knock_twice_right,5,-1.020342,7.374819,6.339608,-0.041722,0.047812,-0.109519
477638860.000,Miguel,recording,knock_twice_right,5,-1.099444,7.448135,6.246469,-0.027687,0.065124,-0.086574
477638870.000,Miguel,recording,knock_twice_right,5,-1.009471,7.549401,6.249390,-0.019206,0.048803,-0.054513
477638880.000,Miguel,recording,knock_twice_right,5,-0.922784,7.692174,6.361127,-0.015214,0.015424,-0.025858
477638890.000,Miguel,recording,knock_twice_right,5,-0.870167,7.708662,6.590136,0.000071,-0.006191,-0.006404
477638900.000,Miguel,recording,knock_twice_right,5,-0.837534,7.540211,6.766476,0.044593,0.003288,-0.000143
477638910.000,Miguel,recording,knock_twice_right,5,-0.936394,7.360205,6.709378,0.110324,0.024349,0.000215
477638920.000,Miguel,recording,knock_twice_right,5,-1.068904,7.350419,6.470230,0.168227,0.046403,0.007976
477638930.000,Miguel,recording,knock_twice_right,5,-1.251119,7.367709,5.999636,0.192488,0.076276,0.026057
477638940.000,Miguel,recording,knock_twice_right,5,-1.529401,7.483846,5.597714,0.167478,0.083948,0.067995
477638950.000,Miguel,recording,knock_twice_right,5,-1.460776,7.731337,5.525930,0.103570,0.060417,0.134934
477638960.000,Miguel,recording,knock_twice_right,5,-0.877798,7.729213,5.584520,0.029007,0.026959,0.185306
477638970.000,Miguel,recording,knock_twice_right,5,-0.242833,7.659423,5.793068,-0.034171,-0.014197,0.189102
477638980.000,Miguel,recording,knock_twice_right,5,-0.008240,7.663678,6.031582,-0.073384,-0.053768,0.150942
477638990.000,Miguel,recording,knock_twice_right,5,-0.021785,7.631979,6.241637,-0.086810,-0.074660,0.091384
477639000.000,Miguel,recording,knock_twice_right,5,-0.180876,7.527794,6.338771,-0.078949,-0.074865,0.029632
477639010.000,Miguel,recording,knock_twice_right,5,-0.408443,7.462146,6.335278,-0.059315,-0.061957,-0.023260
477639020.000,Miguel,recording,knock_twice_right,5,-0.694540,7.459553,6.271537,-0.038188,-0.041843,-0.058087
477639030.000,Miguel,recording,knock_twice_right,5,-0.911526,7.438087,6.201669,-0.020107,-0.018510,-0.070867
477639040.000,Miguel,recording,knock_twice_right,5,-0.934200,7.379735,6.147834,-0.006738,0.000981,-0.070436
477639050.000,Miguel,recording,knock_twice_right,5,-0.866182,7.376977,6.090856,-0.001832,0.010055,-0.064008
477639060.000,Miguel,recording,knock_twice_right,5,-0.877146,7.494839,6.025104,-0.006350,0.005680,-0.048401
477639070.000,Miguel,recording,knock_twice_right,5,-0.892620,7.585268,6.010654,-0.016792,-0.010241,-0.027262
477639080.000,Miguel,recording,knock_twice_right,5,-0.872645,7.564176,6.037764,-0.027565,-0.029311,-0.006395
477639090.000,Miguel,recording,knock_twice_right,5,-0.866338,7.521549,6.088663,-0.034616,-0.043932,0.013762
477639100.000,Miguel,recording,knock_twice_right,5,-0.876982,7.512338,6.132322,-0.037582,-0.047852,0.032113
477639110.000,Miguel,recording,knock_twice_right,5,-0.854812,7.524056,6.166184,-0.036931,-0.042067,0.046027
477639120.000,Miguel,recording,knock_twice_right,5,-0.761251,7.552140,6.183599,-0.036247,-0.034079,0.053774
477639130.000,Miguel,recording,knock_twice_right,5,-0.632876,7.555275,6.182069,-0.036486,-0.023723,0.053831
477639140.000,Miguel,recording,knock_twice_right,5,-0.562171,7.539044,6.193722,-0.037984,-0.011162,0.046410
477639150.000,Miguel,recording,knock_twice_right,5,-0.567214,7.535987,6.236452,-0.041196,-0.000398,0.034201
477639160.000,Miguel,recording,knock_twice_right,5,-0.562062,7.531169,6.289300,-0.044069,0.008304,0.020483
477639170.000,Miguel,recording,knock_twice_right,5,-0.570766,7.520335,6.323682,-0.042390,0.012360,0.008180
477639180.000,Miguel,recording,knock_twice_right,5,-0.621725,7.505331,6.327320,-0.035102,0.011116,-0.001842
477639190.000,Miguel,recording,knock_twice_right,5,-0.683770,7.499336,6.325150,-0.026660,0.007391,-0.007577
477639200.000,Miguel,recording,knock_twice_right,5,-0.735157,7.498115,6.336841,-0.017670,-0.000338,-0.008042
477639210.000,Miguel,recording,knock_twice_right,5,-0.761293,7.504163,6.308261,-0.007295,-0.009916,-0.005698
477639220.000,Miguel,recording,knock_twice_right,5,-0.796936,7.489186,6.225414,0.001807,-0.015508,-0.001961
477639230.000,Miguel,recording,knock_twice_right,5,-0.809248,7.496048,6.162528,0.003765,-0.016371,0.005721
477639240.000,Miguel,recording,knock_twice_right,5,-0.777908,7.508344,6.199909,-0.000888,-0.013546,0.015022
477639250.000,Miguel,recording,knock_twice_right,5,-0.722351,7.503266,6.303966,-0.002114,-0.007887,0.019928
477639260.000,Miguel,recording,knock_twice_right,5,-0.687657,7.503273,6.345020,0.005236,-0.002137,0.019611
477639270.000,Miguel,recording,knock_twice_right,5,-0.688118,7.513598,6.307047,0.017378,-0.001267,0.017159
477639280.000,Miguel,recording,knock_twice_right,5,-0.701482,7.532875,6.222547,0.024800,-0.006505,0.013698
477639290.000,Miguel,recording,knock_twice_right,5,-0.720283,7.540827,6.154574,0.023639,-0.011104,0.012836
477639300.000,Miguel,recording,knock_twice_right,5,-0.713605,7.538265,6.154612,0.018054,-0.013277,0.015803
477639310.000,Miguel,recording,knock_twice_right,5,-0.665091,7.519166,6.166558,0.014325,-0.014420,0.017203
477639320.000,Miguel,recording,knock_twice_right,5,-0.602692,7.510977,6.127366,0.014233,-0.013146,0.015095
477639330.000,Miguel,recording,knock_twice_right,5,-0.581085,7.504523,6.082985,0.009676,-0.013237,0.011337
477639340.000,Miguel,recording,knock_twice_right,5,-0.586388,7.506422,6.074305,-0.001503,-0.015819,0.007996
477639350.000,Miguel,recording,knock_twice_right,5,-0.572312,7.472103,6.125982,-0.011020,-0.018177,0.005313
477639360.000,Miguel,recording,knock_twice_right,5,-0.515735,7.394855,6.195655,-0.014573,-0.020078,0.001158
477639370.000,Miguel,recording,knock_twice_right,5,-0.470545,7.291988,6.211867,-0.012454,-0.024112,-0.006046
477639380.000,Miguel,recording,knock_twice_right,5,-0.467785,7.285625,6.234369,-0.006459,-0.030822,-0.012147
477639390.000,Miguel,recording,knock_twice_right,5,-0.518127,7.406114,6.234352,0.002362,-0.036354,-0.011253
477639400.000,Miguel,recording,knock_twice_right,5,-0.587080,7.594250,6.168601,0.013088,-0.037216,-0.002570
477639410.000,Miguel,recording,knock_twice_right,5,-0.601173,7.719229,6.068454,0.019848,-0.034595,0.011911
477639420.000,Miguel,recording,knock_twice_right,5,-0.555984,7.768040,5.967222,0.016668,-0.034737,0.030445
477639430.000,Miguel,recording,knock_twice_right,5,-0.493445,7.822855,5.923633,0.002417,-0.039052,0.048372
477639440.000,Miguel,recording,knock_twice_right,5,-0.425641,7.879993,5.970102,-0.017067,-0.039378,0.057752
477639450.000,Miguel,recording,knock_twice_right,5,-0.335472,7.867257,6.075917,-0.034979,-0.032052,0.051867
477639460.000,Miguel,recording,knock_twice_right,5,-0.236488,7.810545,6.172506,-0.048345,-0.019259,0.030037
477639470.000,Miguel,recording,knock_twice_right,5,-0.176907,7.721667,6.281675,-0.055820,0.005018,-0.002300
477639480.000,Miguel,recording,knock_twice_right,5,-0.165341,7.656434,6.361018,-0.059601,0.042214,-0.037903
477639490.000,Miguel,recording,knock_twice_right,5,-0.243985,7.642530,6.410336,-0.061261,0.086329,-0.071670
477639500.000,Miguel,recording,knock_twice_right,5,-0.384751,7.609459,6.488667,-0.061946,0.136152,-0.096602
477639510.000,Miguel,recording,knock_twice_right,5,-0.575099,7.555399,6.585367,-0.061961,0.185341,-0.106718
477639520.000,Miguel,recording,knock_twice_right,5,-0.758695,7.491794,6.601005,-0.058307,0.214720,-0.101438
477639530.000,Miguel,recording,knock_twice_right,5,-0.888827,7.432704,6.538013,-0.046755,0.212471,-0.085922
477639540.000,Miguel,recording,knock_twice_right,5,-0.992694,7.385105,6.481458,-0.026593,0.182666,-0.060323
477639550.000,Miguel,recording,knock_twice_right,6,-1.089447,7.348027,6.421925,-0.001464,0.136980,-0.023486
477639560.000,Miguel,recording,knock_twice_right,6,-1.112697,7.320982,6.383532,0.024521,0.097889,0.014904
477639570.000,Miguel,recording,knock_twice_right,6,-1.049594,7.307427,6.380114,0.044919,0.080024,0.044985
477639580.000,Miguel,recording,knock_twice_right,6,-1.009447,7.324822,6.391342,0.040947,0.109509,0.041872
477639590.000,Miguel,recording,knock_twice_right,6,-1.126322,7.463875,6.438785,0.030246,0.185843,0.028068
477639600.000,Miguel,recording,knock_twice_right,6,-1.193659,7.543106,6.507860,0.044570,0.233345,0.042335
477639610.000,Miguel,recording,knock_twice_right,6,-0.956390,7.329171,6.443481,0.065265,0.222184,0.048519
477639620.000,Miguel,recording,knock_twice_right,6,-0.800849,7.297272,6.301151,0.081430,0.190173,0.029182
477639630.000,Miguel,recording,knock_twice_right,6,-1.146652,7.407776,6.261306,0.097718,0.155554,0.014492
477639640.000,Miguel,recording,knock_twice_right,6,-1.569429,7.473867,6.203045,0.114504,0.107804,0.034983
477639650.000,Miguel,recording,knock_twice_right,6,-1.523586,7.397651,6.233987,0.143772,0.041206,0.076741
477639660.000,Miguel,recording,knock_twice_right,6,-1.316784,7.118701,6.407643,0.189148,-0.018493,0.102283
477639670.000,Miguel,recording,knock_twice_right,6,-1.344645,7.115500,6.521945,0.240403,-0.043279,0.110906
477639680.000,Miguel,recording,knock_twice_right,6,-1.449786,7.265394,6.498701,0.296794,-0.025815,0.119533
477639690.000,Miguel,recording,knock_twice_right,6,-1.405999,7.392440,6.347390,0.355536,0.026122,0.138713
477639700.000,Miguel,recording,knock_twice_right,6,-1.130971,7.479331,6.110594,0.399973,0.091591,0.159056
477639710.000,Miguel,recording,knock_twice_right,6,-0.677531,7.543708,5.751997,0.409939,0.146914,0.162024
477639720.000,Miguel,recording,knock_twice_right,6,-0.352046,7.596394,5.368651,0.374692,0.180807,0.144056
477639730.000,Miguel,recording,knock_twice_right,6,-0.232063,7.643567,5.169272,0.303906,0.196397,0.113996
477639740.000,Miguel,recording,knock_twice_right,6,-0.201305,7.663194,5.152934,0.223265,0.191763,0.078464
477639750.000,Miguel,recording,knock_twice_right,6,-0.294244,7.661913,5.224924,0.159507,0.156283,0.042690
477639760.000,Miguel,recording,knock_twice_right,6,-0.484555,7.626482,5.304777,0.123980,0.086698,0.010643
477639770.000,Miguel,recording,knock_twice_right,6,-0.708035,7.587244,5.373425,0.109484,0.002698,-0.014505
477639780.000,Miguel,recording,knock_twice_right,6,-0.876294,7.570398,5.473692,0.100486,-0.065106,-0.032707
477639790.000,Miguel,recording,knock_twice_right,6,-0.932957,7.580861,5.484850,0.085531,-0.111938,-0.054563
477639800.000,Miguel,recording,knock_twice_right,6,-0.991279,7.629220,5.446462,0.061881,-0.150863,-0.083924
477639810.000,Miguel,recording,knock_twice_right,6,-1.082530,7.666957,5.405836,0.022591,-0.181575,-0.100393
477639820.000,Miguel,recording,knock_twice_right,6,-1.154613,7.623782,5.238075,-0.045618,-0.194561,-0.078974
477639830.000,Miguel,recording,knock_twice_right,6,-1.081250,7.605938,5.117176,-0.152019,-0.186786,-0.011160
477639840.000,Miguel,recording,knock_twice_right,6,-0.732761,7.754455,5.181036,-0.287189,-0.155060,0.076795
477639850.000,Miguel,recording,knock_twice_right,6,-0.346797,7.995187,5.382650,-0.403083,-0.135493,0.140096
477639860.000,Miguel,recording,knock_twice_right,6,-0.288660,8.103419,5.671791,-0.460475,-0.175870,0.161931
477639870.000,Miguel,recording,knock_twice_right,6,-0.519808,7.996727,5.886889,-0.469784,-0.265069,0.160834
477639880.000,Miguel,recording,knock_twice_right,6,-0.803617,7.798710,6.009254,-0.458511,-0.368657,0.161584
477639890.000,Miguel,recording,knock_twice_right,6,-0.963282,7.678820,6.089733,-0.430681,-0.458182,0.170567
477639900.000,Miguel,recording,knock_twice_right,6,-0.893864,7.661380,6.152981,-0.383063,-0.509104,0.180919
477639910.000,Miguel,recording,knock_twice_right,6,-0.593667,7.694659,6.129841,-0.348721,-0.478676,0.180867
477639920.000,Miguel,recording,knock_twice_right,6,-0.110264,7.729749,6.121473,-0.358917,-0.349982,0.162399
477639930.000,Miguel,recording,knock_twice_right,6,0.378030,7.582769,6.328263,-0.391348,-0.176375,0.123471
477639940.000,Miguel,recording,knock_twice_right,6,0.641046,7.352912,6.753066,-0.404029,-0.015356,0.071536
477639950.000,Miguel,recording,knock_twice_right,6,0.532628,7.275361,7.103776,-0.384270,0.107119,0.023280
477639960.000,Miguel,recording,knock_twice_right,6,0.217110,7.310206,7.257884,-0.340264,0.183150,-0.008960
477639970.000,Miguel,recording,knock_twice_right,6,-0.090717,7.366432,7.281911,-0.281962,0.211260,-0.025704
477639980.000,Miguel,recording,knock_twice_right,6,-0.317202,7.364134,7.226089,-0.219244,0.195994,-0.029857
477639990.000,Miguel,recording,knock_twice_right,6,-0.519010,7.348927,7.124517,-0.162405,0.151156,-0.021339
477640000.000,Miguel,recording,knock_twice_right,6,-0.638195,7.331263,7.043049,-0.113442,0.096346,-0.007733
477640010.000,Miguel,recording,knock_twice_right,6,-0.683283,7.343206,6.989302,-0.064985,0.054289,0.002701
477640020.000,Miguel,recording,knock_twice_right,6,-0.735450,7.372545,6.894798,-0.014618,0.032627,0.006118
477640030.000,Miguel,recording,knock_twice_right,6,-0.809393,7.393630,6.729732,0.030640,0.029109,0.002021
477640040.000,Miguel,recording,knock_twice_right,6,-0.844528,7.443086,6.556462,0.069076,0.043853,-0.007239
477640050.000,Miguel,recording,knock_twice_right,6,-0.820087,7.396765,6.436852,0.099873,0.069705,-0.015815
477640060.000,Miguel,recording,knock_twice_right,6,-0.748419,7.284793,6.361221,0.117373,0.098892,-0.019052
477640070.000,Miguel,recording,knock_twice_right,6,-0.671242,7.255458,6.299408,0.128620,0.122917,-0.021161
477640080.000,Miguel,recording,knock_twice_right,6,-0.755810,7.310481,6.129453,0.132485,0.133156,-0.020703
477640090.000,Miguel,recording,knock_twice_right,6,-0.835137,7.271528,5.970997,0.120346,0.138519,-0.016320
477640100.000,Miguel,recording,knock_twice_right,6,-0.708475,7.243826,5.976987,0.101305,0.143111,-0.017247
477640110.000,Miguel,recording,knock_twice_right,6,-0.599763,7.270080,5.992616,0.082295,0.141343,-0.030258
477640120.000,Miguel,recording,knock_twice_right,6,-0.586356,7.318214,6.057582,0.063055,0.141723,-0.055971
477640130.000,Miguel,recording,knock_twice_right,6,-0.649207,7.388425,6.122340,0.039954,0.148265,-0.085911
477640140.000,Miguel,recording,knock_twice_right,6,-0.723067,7.370247,6.241098,0.018560,0.149714,-0.108827
477640150.000,Miguel,recording,knock_twice_right,6,-0.762618,7.247840,6.376891,0.014211,0.129242,-0.123097
477640160.000,Miguel,recording,knock_twice_right,6,-0.870958,7.220697,6.373656,0.025451,0.086598,-0.130500
477640170.000,Miguel,recording,knock_twice_right,6,-1.021669,7.306992,6.325608,0.042446,0.041661,-0.131366
477640180.000,Miguel,recording,knock_twice_right,6,-1.170178,7.389671,6.295911,0.060325,0.003739,-0.124501
477640190.000,Miguel,recording,knock_twice_right,6,-1.322838,7.418934,6.230710,0.078335,-0.032584,-0.108886
477640200.000,Miguel,recording,knock_twice_right,6,-1.384237,7.422039,6.090102,0.089720,-0.069596,-0.086582
477640210.000,Miguel,recording,knock_twice_right,6,-1.389719,7.465503,5.893287,0.083283,-0.101433,-0.060584
477640220.000,Miguel,recording,knock_twice_right,6,-1.312603,7.474908,5.770448,0.060289,-0.131904,-0.033719
477640230.000,Miguel,recording,knock_twice_right,6,-1.178453,7.419831,5.713694,0.024785,-0.173089,-0.006178
477640240.000,Miguel,recording,knock_twice_right,6,-1.011519,7.392174,5.729790,-0.021161,-0.218272,0.021744
477640250.000,Miguel,recording,knock_twice_right,6,-0.769391,7.374932,5.904699,-0.064673,-0.260332,0.043689
477640260.000,Miguel,recording,knock_twice_right,6,-0.609808,7.369035,6.189338,-0.084631,-0.302501,0.053304
477640270.000,Miguel,recording,knock_twice_right,6,-0.626114,7.362572,6.423542,-0.076628,-0.344962,0.056460
477640280.000,Miguel,recording,knock_twice_right,6,-0.687773,7.352624,6.499121,-0.054369,-0.386733,0.060202
477640290.000,Miguel,recording,knock_twice_right,6,-0.684615,7.340966,6.406700,-0.030224,-0.422393,0.065649
477640300.000,Miguel,recording,knock_twice_right,6,-0.658443,7.428396,6.218225,-0.019025,-0.441683,0.074021
477640310.000,Miguel,recording,knock_twice_right,6,-0.628775,7.564093,5.998316,-0.032991,-0.443220,0.086627
477640320.000,Miguel,recording,knock_twice_right,6,-0.540604,7.558299,5.837023,-0.069809,-0.441802,0.099994
477640330.000,Miguel,recording,knock_twice_right,6,-0.356199,7.488135,5.787890,-0.127185,-0.452653,0.096126
477640340.000,Miguel,recording,knock_twice_right,6,-0.154683,7.392977,5.741097,-0.202749,-0.476153,0.071541
477640350.000,Miguel,recording,knock_twice_right,6,-0.097369,7.367642,5.788095,-0.271826,-0.505406,0.054254
477640360.000,Miguel,recording,knock_twice_right,6,-0.013578,7.398013,5.921942,-0.330294,-0.573608,0.049460
477640370.000,Miguel,recording,knock_twice_right,6,0.284082,7.346848,5.959829,-0.398340,-0.702004,0.028123
477640380.000,Miguel,recording,knock_twice_right,6,0.361917,7.134914,6.114956,-0.463691,-0.826724,-0.018773
477640390.000,Miguel,recording,knock_twice_right,6,0.105630,7.008392,6.369973,-0.503053,-0.895595,-0.065086
477640400.000,Miguel,recording,knock_twice_right,6,-0.150835,7.193883,6.532961,-0.515855,-0.907587,-0.080466
477640410.000,Miguel,recording,knock_twice_right,6,-0.265223,7.372910,6.678567,-0.510252,-0.867385,-0.056908
477640420.000,Miguel,recording,knock_twice_right,6,-0.242171,7.394352,6.858549,-0.486478,-0.792307,-0.009842
477640430.000,Miguel,recording,knock_twice_right,6,-0.055905,7.328580,6.932830,-0.447225,-0.701644,0.039285
477640440.000,Miguel,recording,knock_twice_right,6,0.155404,7.258517,6.984496,-0.395946,-0.600152,0.074800
477640450.000,Miguel,recording,knock_twice_right,6,0.361260,7.161252,7.043746,-0.331081,-0.487546,0.091352
477640460.000,Miguel,recording,knock_twice_right,6,0.500258,7.083008,7.071591,-0.257359,-0.361914,0.090835
477640470.000,Miguel,recording,knock_twice_right,6,0.542752,7.094458,7.029016,-0.187656,-0.228320,0.078196
477640480.000,Miguel,recording,knock_twice_right,6,0.564903,7.143147,7.019038,-0.131923,-0.101253,0.060828
477640490.000,Miguel,recording,knock_twice_right,6,0.540712,7.186759,7.093203,-0.086620,0.012113,0.043561
477640500.000,Miguel,recording,knock_twice_right,6,0.520395,7.181774,7.207160,-0.040952,0.100462,0.027763
477640510.000,Miguel,recording,knock_twice_right,6,0.517271,7.154710,7.271175,0.009369,0.162815,0.012051
477640520.000,Miguel,recording,knock_twice_right,6,0.517549,7.108338,7.288223,0.064424,0.221612,-0.004064
477640530.000,Miguel,recording,knock_twice_right,6,0.485301,7.067148,7.272597,0.123920,0.284296,-0.018869
477640540.000,Miguel,recording,knock_twice_right,6,0.428035,7.060905,7.181714,0.181343,0.348504,-0.030729
477640550.000,Miguel,recording,knock_twice_right,6,0.331211,7.078308,7.070918,0.227412,0.424699,-0.040411
477640560.000,Miguel,recording,knock_twice_right,6,0.216311,7.103733,7.017305,0.261799,0.517417,-0.047544
477640570.000,Miguel,recording,knock_twice_right,6,0.138384,7.136242,7.033834,0.295703,0.616855,-0.048413
477640580.000,Miguel,recording,knock_twice_right,6,0.084622,7.171890,7.060716,0.338613,0.712665,-0.043814
477640590.000,Miguel,recording,knock_twice_right,6,0.035361,7.156830,7.013451,0.381884,0.782792,-0.043502
477640600.000,Miguel,recording,knock_twice_right,6,-0.016395,7.126159,6.873163,0.410758,0.809744,-0.051931
477640610.000,Miguel,recording,knock_twice_right,6,-0.115689,7.211497,6.646119,0.413785,0.782787,-0.060271
477640620.000,Miguel,recording,knock_twice_right,6,-0.182865,7.336921,6.411193,0.390838,0.695153,-0.063340
477640630.000,Miguel,recording,knock_twice_right,6,-0.262244,7.373670,6.308401,0.355686,0.563729,-0.060766
477640640.000,Miguel,recording,knock_twice_right,6,-0.367860,7.432224,6.334672,0.319927,0.405367,-0.045802
477640650.000,Miguel,recording,knock_twice_right,6,-0.392645,7.400258,6.372227,0.293314,0.263994,-0.024886
477640660.000,Miguel,recording,knock_twice_right,6,-0.311442,7.295462,6.235804,0.273923,0.199281,-0.014437
477640670.000,Miguel,recording,knock_twice_right,6,-0.287253,7.374596,5.993097,0.247044,0.208717,-0.015239
477640680.000,Miguel,recording,knock_twice_right,6,-0.363174,7.509290,5.822203,0.205656,0.238672,-0.017961
477640690.000,Miguel,recording,knock_twice_right,6,-0.443080,7.507809,5.813200,0.156298,0.249144,-0.016038
477640700.000,Miguel,recording,knock_twice_right,6,-0.461989,7.444478,5.921326,0.112428,0.236905,-0.012940
477640710.000,Miguel,recording,knock_twice_right,6,-0.462908,7.374785,6.104186,0.079201,0.207394,-0.013635
477640720.000,Miguel,recording,knock_twice_right,6,-0.438174,7.321353,6.269445,0.056668,0.159486,-0.018556
477640730.000,Miguel,recording,knock_twice_right,6,-0.407725,7.316169,6.393837,0.047309,0.095631,-0.026389
477640740.000,Miguel,recording,knock_twice_right,6,-0.386662,7.344261,6.451100,0.046368,0.033879,-0.035055
477640750.000,Miguel,recording,knock_twice_right,6,-0.394579,7.394127,6.415517,0.042710,-0.008268,-0.045233
477640760.000,Miguel,recording,knock_twice_right,6,-0.442603,7.419386,6.367283,0.033406,-0.030205,-0.057344
477640770.000,Miguel,recording,knock_twice_right,6,-0.517992,7.443135,6.380493,0.027266,-0.034793,-0.065607
477640780.000,Miguel,recording,knock_twice_right,6,-0.547052,7.436670,6.430105,0.029212,-0.026305,-0.065009
477640790.000,Miguel,recording,knock_twice_right,6,-0.497126,7.412308,6.460455,0.039534,-0.007884,-0.060428
477640800.000,Miguel,recording,knock_twice_right,6,-0.403732,7.415723,6.436174,0.050820,0.015118,-0.059083
477640810.000,Miguel,recording,knock_twice_right,6,-0.343795,7.422389,6.358917,0.056847,0.038922,-0.060639
477640820.000,Miguel,recording,knock_twice_right,6,-0.328503,7.427801,6.301665,0.061146,0.069508,-0.062706
477640830.000,Miguel,recording,knock_twice_right,6,-0.361267,7.441641,6.284870,0.063827,0.104620,-0.064556
477640840.000,Miguel,recording,knock_twice_right,6,-0.447271,7.467462,6.381040,0.068124,0.129060,-0.065473
477640850.000,Miguel,recording,knock_twice_right,6,-0.587348,7.486841,6.513196,0.079814,0.129315,-0.062001
477640860.000,Miguel,recording,knock_twice_right,6,-0.703698,7.500762,6.606895,0.097994,0.110452,-0.052258
477640870.000,Miguel,recording,knock_twice_right,6,-0.749374,7.523314,6.605652,0.118773,0.095408,-0.040162
477640880.000,Miguel,recording,knock_twice_right,6,-0.753793,7.575718,6.499132,0.137663,0.098483,-0.025562
477640890.000,Miguel,recording,knock_twice_right,6,-0.719722,7.566969,6.302606,0.148716,0.112299,-0.009510
477640900.000,Miguel,recording,knock_twice_right,6,-0.633641,7.541765,6.131283,0.146376,0.128235,0.001971
477640910.000,Miguel,recording,knock_twice_right,6,-0.575229,7.530135,6.042093,0.131200,0.141680,0.007104
477640920.000,Miguel,recording,knock_twice_right,6,-0.578841,7.505391,6.039665,0.113140,0.144744,0.009128
477640930.000,Miguel,recording,knock_twice_right,6,-0.578254,7.477313,6.078325,0.099113,0.134122,0.011242
477640940.000,Miguel,recording,knock_twice_right,6,-0.572367,7.464035,6.120126,0.089774,0.116744,0.013930
477640950.000,Miguel,recording,knock_twice_right,6,-0.553027,7.472676,6.126321,0.085892,0.106482,0.015119
477640960.000,Miguel,recording,knock_twice_right,6,-0.521133,7.488399,6.086062,0.084952,0.111371,0.013242
477640970.000,Miguel,recording,knock_twice_right,6,-0.499183,7.502429,6.014863,0.082373,0.128569,0.008346
477640980.000,Miguel,recording,knock_twice_right,6,-0.492625,7.512876,5.994727,0.076948,0.147818,0.000928
477640990.000,Miguel,recording,knock_twice_right,6,-0.533491,7.531593,6.020967,0.069233,0.157526,-0.006234
477641000.000,Miguel,recording,knock_twice_right,6,-0.597204,7.537865,6.050756,0.058094,0.152172,-0.008832
477641010.000,Miguel,recording,knock_twice_right,6,-0.653451,7.514196,6.087595,0.047865,0.136823,-0.006828
477641020.000,Miguel,recording,knock_twice_right,6,-0.688486,7.480438,6.150146,0.043015,0.115983,-0.003575
477641030.000,Miguel,recording,knock_twice_right,6,-0.694884,7.470213,6.183413,0.043403,0.093700,-0.000309
477641040.000,Miguel,recording,knock_twice_right,6,-0.689085,7.520447,6.157096,0.048974,0.076699,0.001120
477641050.000,Miguel,recording,knock_twice_right,6,-0.718132,7.566361,6.122835,0.052879,0.065708,0.000869
477641060.000,Miguel,recording,knock_twice_right,6,-0.741546,7.558508,6.110995,0.049704,0.058027,0.001364
477641070.000,Miguel,recording,knock_twice_right,6,-0.711584,7.566630,6.120214,0.045242,0.051492,0.001231
477641080.000,Miguel,recording,knock_twice_right,6,-0.683721,7.594391,6.138864,0.046037,0.046382,-0.002522
477641090.000,Miguel,recording,knock_twice_right,6,-0.713846,7.602578,6.118486,0.050398,0.048252,-0.007187
477641100.000,Miguel,recording,knock_twice_right,6,-0.757009,7.610851,6.066710,0.051142,0.062089,-0.008078
477641110.000,Miguel,recording,knock_twice_right,6,-0.776095,7.615098,6.030153,0.044871,0.079471,-0.005781
477641120.000,Miguel,recording,knock_twice_right,6,-0.747609,7.593351,6.000241,0.033717,0.089123,-0.004302
477641130.000,Miguel,recording,knock_twice_right,6,-0.721682,7.561427,5.959300,0.019575,0.089575,-0.005504
477641140.000,Miguel,recording,knock_twice_right,6,-0.702713,7.538457,5.977458,0.005570,0.086618,-0.007178
477641150.000,Miguel,recording,knock_twice_right,6,-0.717623,7.526011,6.078747,-0.002081,0.079781,-0.008294
477641160.000,Miguel,recording,knock_twice_right,6,-0.744271,7.509192,6.170717,-0.001746,0.062698,-0.007262
477641170.000,Miguel,recording,knock_twice_right,6,-0.741233,7.501870,6.180524,0.004083,0.040160,-0.005718
477641180.000,Miguel,recording,knock_twice_right,6,-0.714211,7.508277,6.160009,0.011942,0.019631,-0.006195
477641190.000,Miguel,recording,knock_twice_right,6,-0.685818,7.544359,6.131806,0.017687,0.004702,-0.009508
477641200.000,Miguel,recording,knock_twice_right,6,-0.686671,7.591522,6.081205,0.019339,-0.004728,-0.016389
477641210.000,Miguel,recording,knock_twice_right,6,-0.731749,7.618910,6.065414,0.015676,-0.008075,-0.022360
477641220.000,Miguel,recording,knock_twice_right,6,-0.802371,7.632902,6.064016,0.007589,-0.003556,-0.024498
477641230.000,Miguel,recording,knock_twice_right,6,-0.854339,7.631216,6.138484,-0.000312,0.004956,-0.022108
477641240.000,Miguel,recording,knock_twice_right,6,-0.839433,7.616850,6.208621,-0.004045,0.012754,-0.015029
477641250.000,Miguel,recording,knock_twice_right,6,-0.759276,7.614378,6.232406,-0.002685,0.018172,-0.007070
477641260.000,Miguel,recording,knock_twice_right,6,-0.661406,7.608770,6.200503,0.002362,0.020215,-0.002944
477641270.000,Miguel,recording,knock_twice_right,6,-0.599240,7.598183,6.111945,0.005806,0.019124,-0.006143
477641280.000,Miguel,recording,knock_twice_right,6,-0.604456,7.600019,6.064514,0.004252,0.019553,-0.015236
477641290.000,Miguel,recording,knock_twice_right,6,-0.679429,7.596133,6.097778,0.001882,0.021568,-0.023553
477641300.000,Miguel,recording,knock_twice_right,6,-0.782350,7.572778,6.160060,0.002996,0.019663,-0.027640
477641310.000,Miguel,recording,knock_twice_right,6,-0.822785,7.570807,6.181147,0.006290,0.013294,-0.026223
477641320.000,Miguel,recording,knock_twice_right,6,-0.825637,7.587402,6.146869,0.009448,0.004715,-0.020324
477641330.000,Miguel,recording,knock_twice_right,6,-0.831962,7.599862,6.068488,0.010501,-0.005534,-0.013781
477641340.000,Miguel,recording,knock_twice_right,6,-0.829179,7.593961,5.953385,0.004919,-0.016392,-0.008095
477641350.000,Miguel,recording,knock_twice_right,6,-0.824851,7.608431,5.844157,-0.011024,-0.025131,-0.002937
477641360.000,Miguel,recording,knock_twice_right,6,-0.818657,7.602495,5.834402,-0.035492,-0.031453,0.001730
477641370.000,Miguel,recording,knock_twice_right,6,-0.802034,7.565369,5.896451,-0.059968,-0.037576,0.005124
477641380.000,Miguel,recording,knock_twice_right,6,-0.803487,7.559080,5.993112,-0.076568,-0.036926,0.006999
477641390.000,Miguel,recording,knock_twice_right,6,-0.805638,7.547885,6.134712,-0.080677,-0.026277,0.009624
477641400.000,Miguel,recording,knock_twice_right,6,-0.747032,7.503583,6.243620,-0.071514,-0.017710,0.012387
477641410.000,Miguel,recording,knock_twice_right,6,-0.636488,7.468764,6.261589,-0.056494,-0.018882,0.011237
477641420.000,Miguel,recording,knock_twice_right,6,-0.570131,7.473636,6.217278,-0.042928,-0.023879,0.004794
477641430.000,Miguel,recording,knock_twice_right,6,-0.597521,7.530776,6.143757,-0.034629,-0.023852,-0.002900
477641440.000,Miguel,recording,knock_twice_right,6,-0.664788,7.582696,6.130017,-0.033979,-0.019597,-0.006674
477641450.000,Miguel,recording,knock_twice_right,6,-0.704401,7.579937,6.195831,-0.035189,-0.022693,-0.006868
477641460.000,Miguel,recording,knock_twice_right,6,-0.707398,7.542182,6.267220,-0.031753,-0.035525,-0.006903
477641470.000,Miguel,recording,knock_twice_right,6,-0.696552,7.550664,6.275238,-0.024025,-0.044376,-0.009285
477641480.000,Miguel,recording,knock_twice_right,6,-0.726773,7.574969,6.270678,-0.014239,-0.039803,-0.012836
477641490.000,Miguel,recording,knock_twice_right,6,-0.778176,7.575339,6.282411,-0.004407,-0.028821,-0.015272
477641500.000,Miguel,recording,knock_twice_right,6,-0.771225,7.541617,6.290054,0.004245,-0.021917,-0.015616
477641510.000,Miguel,recording,knock_twice_right,6,-0.719386,7.524237,6.244325,0.009872,-0.019704,-0.016597
477641520.000,Miguel,recording,knock_twice_right,6,-0.675910,7.528525,6.187694,0.012450,-0.014361,-0.019551
477641530.000,Miguel,recording,knock_twice_right,6,-0.692530,7.538250,6.134944,0.012743,0.000931,-0.022817
477641540.000,Miguel,recording,knock_twice_right,6,-0.756957,7.550438,6.096241,0.010111,0.023265,-0.023990
477641550.000,Miguel,recording,knock_twice_right,6,-0.796504,7.521465,6.131450,0.008703,0.040054,-0.021778
477641560.000,Miguel,recording,knock_twice_right,6,-0.773938,7.483077,6.190555,0.012819,0.042290,-0.018756
477641570.000,Miguel,recording,knock_twice_right,6,-0.733728,7.493631,6.144510,0.018377,0.034981,-0.017675
477641580.000,Miguel,recording,knock_twice_right,6,-0.726613,7.540180,6.052628,0.020008,0.032725,-0.019673
477641590.000,Miguel,recording,knock_twice_right,6,-0.800357,7.576606,6.035907,0.017032,0.037725,-0.021521
477641600.000,Miguel,recording,knock_twice_right,6,-0.886496,7.577132,6.091583,0.012486,0.036121,-0.019832
477641610.000,Miguel,recording,knock_twice_right,6,-0.884323,7.569889,6.142038,0.009534,0.023558,-0.015725
477641620.000,Miguel,recording,knock_twice_right,6,-0.801768,7.573034,6.115346,0.008221,0.008272,-0.013156
477641630.000,Miguel,recording,knock_twice_right,6,-0.717087,7.591718,6.067966,0.007418,-0.003806,-0.014107
477641640.000,Miguel,recording,knock_twice_right,6,-0.710284,7.609890,6.003321,0.003191,-0.008897,-0.017013
477641650.000,Miguel,recording,knock_twice_right,6,-0.763516,7.600886,5.964616,-0.007870,-0.006175,-0.019186
477641660.000,Miguel,recording,knock_twice_right,6,-0.824430,7.580757,5.961397,-0.025113,-0.001702,-0.017617
477641670.000,Miguel,recording,knock_twice_right,6,-0.838383,7.552574,6.019534,-0.042818,-0.001395,-0.012532
477641680.000,Miguel,recording,knock_twice_right,6,-0.805182,7.535356,6.110746,-0.052937,-0.007140,-0.007534
477641690.000,Miguel,recording,knock_twice_right,6,-0.783031,7.515430,6.149133,-0.055742,-0.013796,-0.005539
477641700.000,Miguel,recording,knock_twice_right,6,-0.789068,7.502348,6.179432,-0.056281,-0.015666,-0.007148
477641710.000,Miguel,recording,knock_twice_right,6,-0.842490,7.515231,6.251897,-0.054905,-0.014535,-0.006027
477641720.000,Miguel,recording,knock_twice_right,6,-0.868541,7.552529,6.345938,-0.046541,-0.011417,0.002647
477641730.000,Miguel,recording,knock_twice_right,6,-0.785960,7.595360,6.406000,-0.029110,-0.001924,0.011795
477641740.000,Miguel,recording,knock_twice_right,6,-0.656199,7.588216,6.438132,-0.006596,0.009872,0.012037
477641750.000,Miguel,recording,knock_twice_right,6,-0.589148,7.559588,6.431110,0.017766,0.019935,0.001660
477641760.000,Miguel,recording,knock_twice_right,6,-0.680902,7.478354,6.307589,0.042318,0.059322,-0.017852
477641770.000,Miguel,recording,knock_twice_right,6,-1.001787,7.390064,5.923787,0.053484,0.126890,-0.031368
477641780.000,Miguel,recording,knock_twice_right,6,-1.260427,7.566871,5.600995,0.034311,0.145920,-0.019736
477641790.000,Miguel,recording,knock_twice_right,6,-1.210402,7.771454,5.577307,-0.009147,0.091917,0.010878
477641800.000,Miguel,recording,knock_twice_right,6,-1.053076,7.704983,5.700685,-0.055352,0.019257,0.041180
477641810.000,Miguel,recording,knock_twice_right,6,-0.811302,7.577875,5.961921,-0.090660,-0.038411,0.059280
477641820.000,Miguel,recording,knock_twice_right,6,-0.631133,7.516082,6.293310,-0.105115,-0.090762,0.065505
477641830.000,Miguel,recording,knock_twice_right,6,-0.389939,7.508895,6.660768,-0.090641,-0.142057,0.058888
477641840.000,Miguel,recording,knock_twice_right,6,-0.165089,7.509542,6.889939,-0.054017,-0.170580,0.033145
477641850.000,Miguel,recording,knock_twice_right,6,-0.144693,7.513199,6.919176,-0.009738,-0.149551,-0.008856
477641860.000,Miguel,recording,knock_twice_right,6,-0.292389,7.453428,6.809314,0.035701,-0.084599,-0.055699
477641870.000,Miguel,recording,knock_twice_right,6,-0.474564,7.388020,6.726242,0.086484,-0.011564,-0.095843
477641880.000,Miguel,recording,knock_twice_right,6,-0.654867,7.469828,6.631644,0.140620,0.045305,-0.118345
477641890.000,Miguel,recording,knock_twice_right,6,-0.853624,7.555505,6.434652,0.184048,0.078448,-0.117046
477641900.000,Miguel,recording,knock_twice_right,6,-1.010216,7.597565,6.183399,0.204676,0.090164,-0.099105
477641910.000,Miguel,recording,knock_twice_right,6,-1.092294,7.569693,6.018547,0.206027,0.094228,-0.079144
477641920.000,Miguel,recording,knock_twice_right,6,-1.093183,7.514859,5.932408,0.198313,0.098955,-0.062986
477641930.000,Miguel,recording,knock_twice_right,6,-1.060326,7.525668,5.852406,0.186450,0.104162,-0.052234
477641940.000,Miguel,recording,knock_twice_right,6,-1.157195,7.519380,5.644073,0.165078,0.125610,-0.044389
477641950.000,Miguel,recording,knock_twice_right,6,-1.344720,7.577194,5.388450,0.126014,0.149926,-0.023598
477641960.000,Miguel,recording,knock_twice_right,6,-1.428369,7.707845,5.296507,0.073888,0.139321,0.015963
477641970.000,Miguel,recording,knock_twice_right,6,-1.342550,7.706070,5.325608,0.018300,0.087333,0.061665
477641980.000,Miguel,recording,knock_twice_right,6,-1.050898,7.615744,5.418345,-0.034234,0.015897,0.097189
477641990.000,Miguel,recording,knock_twice_right,6,-0.631268,7.576545,5.558139,-0.078237,-0.055607,0.109420
477642000.000,Miguel,recording,knock_twice_right,6,-0.278866,7.576686,5.778304,-0.112165,-0.118239,0.091703
477642010.000,Miguel,recording,knock_twice_right,6,-0.150711,7.537027,6.090892,-0.131827,-0.156362,0.049513
477642020.000,Miguel,recording,knock_twice_right,6,-0.236183,7.487226,6.434721,-0.126931,-0.161599,-0.000217
477642030.000,Miguel,recording,knock_twice_right,6,-0.451531,7.471975,6.678112,-0.092280,-0.130726,-0.042016
477642040.000,Miguel,recording,knock_twice_right,6,-0.645078,7.458650,6.677070,-0.037010,-0.066011,-0.071350
477642050.000,Miguel,recording,knock_twice_right,6,-0.755642,7.444067,6.516774,0.019043,0.001224,-0.086824
477642060.000,Miguel,recording,knock_twice_right,6,-0.877407,7.528443,6.325816,0.059047,0.035093,-0.086041
477642070.000,Miguel,recording,knock_twice_right,6,-0.984015,7.611127,6.170841,0.075363,0.039268,-0.071427
477642080.000,Miguel,recording,knock_twice_right,6,-1.054311,7.648183,6.026080,0.072420,0.037250,-0.049248
477642090.000,Miguel,recording,knock_twice_right,6,-1.056966,7.646189,5.928476,0.058638,0.038118,-0.026633
477642100.000,Miguel,recording,knock_twice_right,6,-1.012938,7.646954,5.865797,0.038809,0.040998,-0.008334
477642110.000,Miguel,recording,knock_twice_right,6,-0.984401,7.673421,5.838067,0.014935,0.040072,0.005253
477642120.000,Miguel,recording,knock_twice_right,6,-0.970412,7.691137,5.876749,-0.011386,0.027812,0.016472
477642130.000,Miguel,recording,knock_twice_right,6,-0.925603,7.679746,5.938227,-0.034216,0.005602,0.026209
477642140.000,Miguel,recording,knock_twice_right,6,-0.861915,7.647530,5.983394,-0.049412,-0.016796,0.032648
477642150.000,Miguel,recording,knock_twice_right,6,-0.808714,7.629290,6.017824,-0.058524,-0.030234,0.034342
477642160.000,Miguel,recording,knock_twice_right,6,-0.760033,7.594571,6.101637,-0.061958,-0.036737,0.032175
477642170.000,Miguel,recording,knock_twice_right,6,-0.727204,7.553816,6.198479,-0.060607,-0.044108,0.026845
477642180.000,Miguel,recording,knock_twice_right,6,-0.679556,7.530013,6.222373,-0.055867,-0.049460,0.018149
477642190.000,Miguel,recording,knock_twice_right,6,-0.642607,7.520009,6.210477,-0.047207,-0.040628,0.005858
477642200.000,Miguel,recording,knock_twice_right,6,-0.683380,7.505319,6.213124,-0.033864,-0.020070,-0.008785
477642210.000,Miguel,recording,knock_twice_right,6,-0.793107,7.460196,6.207702,-0.016471,-0.005317,-0.020944
477642220.000,Miguel,recording,knock_twice_right,6,-0.892260,7.477183,6.155512,-0.000938,-0.002202,-0.025362
477642230.000,Miguel,recording,knock_twice_right,6,-0.926646,7.531256,6.061048,0.006024,-0.003036,-0.022689
477642240.000,Miguel,recording,knock_twice_right,6,-0.917350,7.581745,6.001282,0.001246,-0.002142,-0.015525
477642250.000,Miguel,recording,knock_twice_right,6,-0.904147,7.623777,6.012844,-0.008829,0.002161,-0.006554
477642260.000,Miguel,recording,knock_twice_right,6,-0.864952,7.590506,6.052145,-0.016702,0.007306,0.000518
477642270.000,Miguel,recording,knock_twice_right,6,-0.832078,7.553091,6.036893,-0.025060,0.010246,0.005465
477642280.000,Miguel,recording,knock_twice_right,6,-0.833577,7.576349,6.042479,-0.033895,0.009961,0.009881
477642290.000,Miguel,recording,knock_twice_right,6,-0.839796,7.588146,6.088252,-0.039769,0.004354,0.014717
477642300.000,Miguel,recording,knock_twice_right,6,-0.805918,7.571404,6.127372,-0.041176,-0.001905,0.018052
477642310.000,Miguel,recording,knock_twice_right,6,-0.755061,7.563132,6.132822,-0.038892,-0.002543,0.015993
477642320.000,Miguel,recording,knock_twice_right,6,-0.724684,7.570080,6.111753,-0.037365,0.000342,0.010482
477642330.000,Miguel,recording,knock_twice_right,6,-0.757591,7.571257,6.090553,-0.038035,-0.000968,0.006061
477642340.000,Miguel,recording,knock_twice_right,6,-0.807755,7.541805,6.101872,-0.037317,-0.007589,0.004227
477642350.000,Miguel,recording,knock_twice_right,6,-0.828293,7.509164,6.152601,-0.032875,-0.011788,0.003539
477642360.000,Miguel,recording,knock_twice_right,6,-0.828065,7.496819,6.169391,-0.021967,-0.010723,0.004546
477642370.000,Miguel,recording,knock_twice_right,6,-0.837766,7.495811,6.088114,-0.008969,-0.006570,0.008846
477642380.000,Miguel,recording,knock_twice_right,6,-0.864532,7.470449,5.970677,-0.005488,-0.001860,0.015012
477642390.000,Miguel,recording,knock_twice_right,6,-0.817457,7.368602,5.929515,-0.015361,0.000584,0.020402
477642400.000,Miguel,recording,knock_twice_right,6,-0.739946,7.354965,5.997863,-0.028470,0.002348,0.023833
477642410.000,Miguel,recording,knock_twice_right,6,-0.708540,7.484575,6.119666,-0.033273,0.012225,0.027977
477642420.000,Miguel,recording,knock_twice_right,6,-0.643109,7.553558,6.025011,-0.054023,0.014970,0.024354
477642430.000,Miguel,recording,knock_twice_right,6,-0.589457,7.591134,5.832194,-0.101293,-0.006226,0.001245
477642440.000,Miguel,recording,knock_twice_right,6,-0.698252,7.605827,5.908565,-0.147159,-0.026222,-0.027445
477642450.000,Miguel,recording,knock_twice_right,6,-0.815333,7.451757,6.068566,-0.175271,-0.023002,-0.039665
477642460.000,Miguel,recording,knock_twice_right,6,-0.775283,7.512502,6.259064,-0.176073,-0.005141,-0.037562
477642470.000,Miguel,recording,knock_twice_right,6,-0.722478,7.731615,6.472314,-0.150853,0.015000,-0.035245
477642480.000,Miguel,recording,knock_twice_right,6,-0.723862,7.650769,6.532307,-0.114543,0.037501,-0.037121
477642490.000,Miguel,recording,knock_twice_right,6,-0.784220,7.519264,6.550654,-0.079841,0.055840,-0.042640
477642500.000,Miguel,recording,knock_twice_right,6,-0.861197,7.441354,6.570571,-0.050172,0.052716,-0.048390
477642510.000,Miguel,recording,knock_twice_right,6,-0.931085,7.447766,6.517621,-0.026606,0.028135,-0.050041
477642520.000,Miguel,recording,knock_twice_right,6,-0.997628,7.508607,6.426472,-0.010644,-0.007097,-0.046317
477642530.000,Miguel,recording,knock_twice_right,6,-1.044752,7.554874,6.344623,-0.004420,-0.044898,-0.036913
477642540.000,Miguel,recording,knock_twice_right,6,-1.034026,7.560029,6.270716,-0.008610,-0.072805,-0.024056
477642550.000,Miguel,recording,knock_twice_right,6,-0.970388,7.576165,6.201588,-0.018714,-0.083741,-0.013008
477642560.000,Miguel,recording,knock_twice_right,6,-0.900522,7.594010,6.203535,-0.029301,-0.078426,-0.008592
477642570.000,Miguel,recording,knock_twice_right,6,-0.852817,7.595510,6.269892,-0.034978,-0.063608,-0.008057
477642580.000,Miguel,recording,knock_twice_right,7,-0.816756,7.593976,6.384861,-0.027598,-0.044890,-0.007055
477642590.000,Miguel,recording,knock_twice_right,7,-0.801384,7.571574,6.494442,-0.004400,-0.021306,-0.009493
477642600.000,Miguel,recording,knock_twice_right,7,-0.860906,7.573418,6.530585,0.027916,0.008606,-0.014776
477642610.000,Miguel,recording,knock_twice_right,7,-0.948177,7.552818,6.510579,0.062061,0.040125,-0.015961
477642620.000,Miguel,recording,knock_twice_right,7,-1.025133,7.523904,6.475560,0.092883,0.059312,-0.009869
477642630.000,Miguel,recording,knock_twice_right,7,-1.070934,7.535433,6.393573,0.113563,0.057506,0.001712
477642640.000,Miguel,recording,knock_twice_right,7,-1.079326,7.539532,6.206016,0.113661,0.037731,0.016154
477642650.000,Miguel,recording,knock_twice_right,7,-1.041593,7.543303,6.037507,0.094065,0.005319,0.029513
477642660.000,Miguel,recording,knock_twice_right,7,-0.983939,7.529068,5.951963,0.065384,-0.027739,0.038811
477642670.000,Miguel,recording,knock_twice_right,7,-0.909220,7.525844,5.908709,0.038330,-0.044660,0.043439
477642680.000,Miguel,recording,knock_twice_right,7,-0.863717,7.534184,5.907417,0.018769,-0.039745,0.045133
477642690.000,Miguel,recording,knock_twice_right,7,-0.874433,7.531825,5.897639,0.004310,-0.020913,0.049095
477642700.000,Miguel,recording,knock_twice_right,7,-0.896199,7.514964,5.883781,-0.006840,-0.002061,0.056865
477642710.000,Miguel,recording,knock_twice_right,7,-0.891948,7.493315,5.873750,-0.016182,0.007948,0.065379
477642720.000,Miguel,recording,knock_twice_right,7,-0.878538,7.457841,5.894061,-0.026518,0.009062,0.073896
477642730.000,Miguel,recording,knock_twice_right,7,-0.840813,7.431950,5.925996,-0.035358,0.008815,0.081888
477642740.000,Miguel,recording,knock_twice_right,7,-0.800970,7.421620,5.977369,-0.041261,0.009489,0.087516
477642750.000,Miguel,recording,knock_twice_right,7,-0.752587,7.405673,5.999712,-0.047862,0.007366,0.089649
477642760.000,Miguel,recording,knock_twice_right,7,-0.698925,7.400322,6.012496,-0.057851,-0.000228,0.088344
477642770.000,Miguel,recording,knock_twice_right,7,-0.680739,7.396011,6.020086,-0.072894,-0.017069,0.086307
477642780.000,Miguel,recording,knock_twice_right,7,-0.647725,7.408073,6.005191,-0.090438,-0.042664,0.083452
477642790.000,Miguel,recording,knock_twice_right,7,-0.595204,7.432343,6.019935,-0.109194,-0.068036,0.077761
477642800.000,Miguel,recording,knock_twice_right,7,-0.573515,7.468593,6.041269,-0.127737,-0.081722,0.070140
477642810.000,Miguel,recording,knock_twice_right,7,-0.590099,7.494633,6.091482,-0.142423,-0.081309,0.063465
477642820.000,Miguel,recording,knock_twice_right,7,-0.616443,7.497580,6.179953,-0.149587,-0.071256,0.060172
477642830.000,Miguel,recording,knock_twice_right,7,-0.616417,7.471555,6.269319,-0.146338,-0.056488,0.062160
477642840.000,Miguel,recording,knock_twice_right,7,-0.603181,7.428913,6.326884,-0.136663,-0.040255,0.067327
477642850.000,Miguel,recording,knock_twice_right,7,-0.571524,7.401162,6.344742,-0.128054,-0.026631,0.071548
477642860.000,Miguel,recording,knock_twice_right,7,-0.530145,7.393852,6.370026,-0.123853,-0.021709,0.071507
477642870.000,Miguel,recording,knock_twice_right,7,-0.485588,7.355685,6.418062,-0.120597,-0.027042,0.064077
477642880.000,Miguel,recording,knock_twice_right,7,-0.477149,7.329421,6.455353,-0.115832,-0.037226,0.050744
477642890.000,Miguel,recording,knock_twice_right,7,-0.522702,7.333560,6.469147,-0.111400,-0.045414,0.037916
477642900.000,Miguel,recording,knock_twice_right,7,-0.557409,7.325463,6.501637,-0.105320,-0.044712,0.030178
477642910.000,Miguel,recording,knock_twice_right,7,-0.560195,7.337920,6.578171,-0.092723,-0.035666,0.026467
477642920.000,Miguel,recording,knock_twice_right,7,-0.535516,7.330399,6.628073,-0.072635,-0.026107,0.024396
477642930.000,Miguel,recording,knock_twice_right,7,-0.523814,7.331102,6.591653,-0.051761,-0.020248,0.021893
477642940.000,Miguel,recording,knock_twice_right,7,-0.531691,7.346364,6.502488,-0.037173,-0.017628,0.017437
477642950.000,Miguel,recording,knock_twice_right,7,-0.522652,7.366661,6.425031,-0.031378,-0.016818,0.011829
477642960.000,Miguel,recording,knock_twice_right,7,-0.508222,7.382806,6.422339,-0.031309,-0.014747,0.006535
477642970.000,Miguel,recording,knock_twice_right,7,-0.540374,7.383141,6.482966,-0.029183,-0.011185,0.003594
477642980.000,Miguel,recording,knock_twice_right,7,-0.530585,7.388435,6.532032,-0.021574,-0.008172,0.004646
477642990.000,Miguel,recording,knock_twice_right,7,-0.483708,7.411777,6.511852,-0.011417,-0.004408,0.004324
477643000.000,Miguel,recording,knock_twice_right,7,-0.475357,7.389784,6.496182,-0.002390,0.000210,-0.001990
477643010.000,Miguel,recording,knock_twice_right,7,-0.498731,7.354960,6.471555,0.002611,0.004223,-0.011311
477643020.000,Miguel,recording,knock_twice_right,7,-0.537833,7.324788,6.425309,0.002449,0.004925,-0.021231
477643030.000,Miguel,recording,knock_twice_right,7,-0.574118,7.317023,6.405825,0.000573,0.002097,-0.028954
477643040.000,Miguel,recording,knock_twice_right,7,-0.630316,7.331193,6.406669,-0.000972,-0.002512,-0.031903
477643050.000,Miguel,recording,knock_twice_right,7,-0.659233,7.339060,6.407299,-0.000955,-0.006842,-0.031902
477643060.000,Miguel,recording,knock_twice_right,7,-0.667721,7.340101,6.424997,0.002034,-0.008238,-0.029106
477643070.000,Miguel,recording,knock_twice_right,7,-0.659821,7.356985,6.419967,0.007234,-0.007355,-0.024040
477643080.000,Miguel,recording,knock_twice_right,7,-0.601920,7.373645,6.383877,0.013710,-0.005673,-0.021473
477643090.000,Miguel,recording,knock_twice_right,7,-0.564917,7.389746,6.345332,0.019742,-0.001408,-0.024852
477643100.000,Miguel,recording,knock_twice_right,7,-0.604188,7.421771,6.330454,0.023565,0.007231,-0.031075
477643110.000,Miguel,recording,knock_twice_right,7,-0.702074,7.431992,6.336307,0.024517,0.017055,-0.031923
477643120.000,Miguel,recording,knock_twice_right,7,-0.733657,7.436014,6.346489,0.024223,0.022934,-0.026795
477643130.000,Miguel,recording,knock_twice_right,7,-0.692779,7.456881,6.349645,0.023726,0.021914,-0.023083
477643140.000,Miguel,recording,knock_twice_right,7,-0.693488,7.462353,6.351894,0.020381,0.016825,-0.021972
477643150.000,Miguel,recording,knock_twice_right,7,-0.778198,7.458736,6.356851,0.012177,0.006449,-0.017281
477643160.000,Miguel,recording,knock_twice_right,7,-0.862912,7.452439,6.367891,0.001244,-0.017472,-0.006142
477643170.000,Miguel,recording,knock_twice_right,7,-0.821454,7.431682,6.382041,-0.006665,-0.048275,0.006428
477643180.000,Miguel,recording,knock_twice_right,7,-0.676031,7.423573,6.388266,-0.010620,-0.069582,0.011931
477643190.000,Miguel,recording,knock_twice_right,7,-0.557486,7.438043,6.368990,-0.011776,-0.073211,0.006237
477643200.000,Miguel,recording,knock_twice_right,7,-0.567440,7.437329,6.373570,-0.006991,-0.060443,-0.005542
477643210.000,Miguel,recording,knock_twice_right,7,-0.641141,7.414161,6.383321,0.003051,-0.037662,-0.014153
477643220.000,Miguel,recording,knock_twice_right,7,-0.658235,7.423094,6.387568,0.015403,-0.011673,-0.016849
477643230.000,Miguel,recording,knock_twice_right,7,-0.638553,7.431214,6.392797,0.028897,0.011445,-0.017395
477643240.000,Miguel,recording,knock_twice_right,7,-0.638135,7.418665,6.382814,0.042141,0.026382,-0.016786
477643250.000,Miguel,recording,knock_twice_right,7,-0.642723,7.393731,6.347410,0.052032,0.029376,-0.014319
477643260.000,Miguel,recording,knock_twice_right,7,-0.628454,7.393838,6.267176,0.052915,0.022781,-0.012070
477643270.000,Miguel,recording,knock_twice_right,7,-0.612192,7.417308,6.199518,0.042889,0.013106,-0.012003
477643280.000,Miguel,recording,knock_twice_right,7,-0.623987,7.412042,6.192810,0.027386,-0.002062,-0.014264
477643290.000,Miguel,recording,knock_twice_right,7,-0.659869,7.403031,6.215967,0.009455,-0.026452,-0.016171
477643300.000,Miguel,recording,knock_twice_right,7,-0.682367,7.397289,6.218851,-0.011054,-0.054927,-0.014236
477643310.000,Miguel,recording,knock_twice_right,7,-0.675111,7.399668,6.240362,-0.027326,-0.080467,-0.009985
477643320.000,Miguel,recording,knock_twice_right,7,-0.619632,7.396700,6.266903,-0.034929,-0.096357,-0.005281
477643330.000,Miguel,recording,knock_twice_right,7,-0.559507,7.391467,6.252215,-0.039502,-0.100192,-0.001048
477643340.000,Miguel,recording,knock_twice_right,7,-0.524759,7.379847,6.234382,-0.044033,-0.093025,-0.000450
477643350.000,Miguel,recording,knock_twice_right,7,-0.497475,7.331862,6.256188,-0.047431,-0.077247,-0.005443
477643360.000,Miguel,recording,knock_twice_right,7,-0.479463,7.333912,6.301671,-0.047503,-0.055195,-0.013976
477643370.000,Miguel,recording,knock_twice_right,7,-0.517947,7.347481,6.357036,-0.042048,-0.031144,-0.022288
477643380.000,Miguel,recording,knock_twice_right,7,-0.605336,7.330940,6.427750,-0.031212,-0.009084,-0.028548
477643390.000,Miguel,recording,knock_twice_right,7,-0.675683,7.316717,6.483700,-0.015847,0.011293,-0.030033
477643400.000,Miguel,recording,knock_twice_right,7,-0.690091,7.310730,6.502766,0.001241,0.024542,-0.026433
477643410.000,Miguel,recording,knock_twice_right,7,-0.664223,7.324824,6.471128,0.014831,0.024421,-0.021768
477643420.000,Miguel,recording,knock_twice_right,7,-0.633244,7.360610,6.384853,0.018345,0.012423,-0.018052
477643430.000,Miguel,recording,knock_twice_right,7,-0.588445,7.386904,6.304884,0.010328,-0.009232,-0.018310
477643440.000,Miguel,recording,knock_twice_right,7,-0.557346,7.403978,6.273332,-0.003651,-0.032392,-0.022990
477643450.000,Miguel,recording,knock_twice_right,7,-0.571714,7.415423,6.307210,-0.016474,-0.043575,-0.029425
477643460.000,Miguel,recording,knock_twice_right,7,-0.614739,7.429574,6.353485,-0.022102,-0.040509,-0.033647
477643470.000,Miguel,recording,knock_twice_right,7,-0.624906,7.447684,6.404647,-0.017285,-0.028059,-0.031946
477643480.000,Miguel,recording,knock_twice_right,7,-0.632612,7.453856,6.429452,-0.005528,-0.012329,-0.026827
477643490.000,Miguel,recording,knock_twice_right,7,-0.627776,7.422353,6.400378,0.006018,-0.001697,-0.021875
477643500.000,Miguel,recording,knock_twice_right,7,-0.625827,7.389771,6.332295,0.010032,-0.000927,-0.019644
477643510.000,Miguel,recording,knock_twice_right,7,-0.617827,7.377610,6.270383,0.004325,-0.011047,-0.021099
477643520.000,Miguel,recording,knock_twice_right,7,-0.634523,7.374479,6.266188,-0.006753,-0.026591,-0.023760
477643530.000,Miguel,recording,knock_twice_right,7,-0.680279,7.352441,6.314320,-0.017290,-0.039403,-0.023667
477643540.000,Miguel,recording,knock_twice_right,7,-0.711572,7.335935,6.360462,-0.021811,-0.048713,-0.019154
477643550.000,Miguel,recording,knock_twice_right,7,-0.665994,7.345703,6.384618,-0.020394,-0.055773,-0.015355
477643560.000,Miguel,recording,knock_twice_right,7,-0.604420,7.353135,6.373290,-0.017305,-0.056665,-0.015111
477643570.000,Miguel,recording,knock_twice_right,7,-0.578732,7.357126,6.352948,-0.013835,-0.047711,-0.016650
477643580.000,Miguel,recording,knock_twice_right,7,-0.553353,7.358057,6.340848,-0.008421,-0.035127,-0.021426
477643590.000,Miguel,recording,knock_twice_right,7,-0.558227,7.377853,6.349526,-0.003597,-0.026106,-0.028365
477643600.000,Miguel,recording,knock_twice_right,7,-0.589655,7.377158,6.351996,-0.001732,-0.023186,-0.034436
477643610.000,Miguel,recording,knock_twice_right,7,-0.630453,7.374540,6.357118,-0.001615,-0.025632,-0.038726
477643620.000,Miguel,recording,knock_twice_right,7,-0.664131,7.397679,6.364243,-0.004239,-0.032272,-0.039221
477643630.000,Miguel,recording,knock_twice_right,7,-0.680528,7.404119,6.354947,-0.010016,-0.043544,-0.034452
477643640.000,Miguel,recording,knock_twice_right,7,-0.664646,7.398625,6.330897,-0.013816,-0.055479,-0.026829
477643650.000,Miguel,recording,knock_twice_right,7,-0.616972,7.400464,6.344354,-0.010598,-0.057019,-0.020356
477643660.000,Miguel,recording,knock_twice_right,7,-0.563337,7.394068,6.357445,-0.002268,-0.040665,-0.017697
477643670.000,Miguel,recording,knock_twice_right,7,-0.521233,7.367131,6.346155,0.007079,-0.015981,-0.019308
477643680.000,Miguel,recording,knock_twice_right,7,-0.512899,7.332464,6.350089,0.015547,0.002998,-0.026203
477643690.000,Miguel,recording,knock_twice_right,7,-0.534263,7.331209,6.315979,0.018279,0.013048,-0.038001
477643700.000,Miguel,recording,knock_twice_right,7,-0.627610,7.327986,6.275336,0.012108,0.013274,-0.049710
477643710.000,Miguel,recording,knock_twice_right,7,-0.763905,7.338998,6.281966,0.000053,0.004464,-0.053344
477643720.000,Miguel,recording,knock_twice_right,7,-0.871220,7.367515,6.292874,-0.012581,-0.004784,-0.044018
477643730.000,Miguel,recording,knock_twice_right,7,-0.885095,7.387335,6.320818,-0.024477,-0.010461,-0.025801
477643740.000,Miguel,recording,knock_twice_right,7,-0.828639,7.387988,6.359322,-0.033384,-0.018918,-0.006117
477643750.000,Miguel,recording,knock_twice_right,7,-0.722357,7.361388,6.398835,-0.037139,-0.035781,0.007650
477643760.000,Miguel,recording,knock_twice_right,7,-0.605076,7.326742,6.411268,-0.039322,-0.055677,0.008958
477643770.000,Miguel,recording,knock_twice_right,7,-0.540715,7.355151,6.394487,-0.043213,-0.069994,-0.000146
477643780.000,Miguel,recording,knock_twice_right,7,-0.561530,7.407276,6.390428,-0.047495,-0.077723,-0.010685
477643790.000,Miguel,recording,knock_twice_right,7,-0.617076,7.445267,6.421077,-0.046888,-0.077507,-0.017122
477643800.000,Miguel,recording,knock_twice_right,7,-0.676733,7.487962,6.465520,-0.040858,-0.065566,-0.015355
477643810.000,Miguel,recording,knock_twice_right,7,-0.706719,7.488337,6.486826,-0.031571,-0.045582,-0.007672
477643820.000,Miguel,recording,knock_twice_right,7,-0.694443,7.453197,6.479627,-0.020583,-0.027128,0.000134
477643830.000,Miguel,recording,knock_twice_right,7,-0.669869,7.419232,6.467208,-0.011172,-0.015331,0.005628
477643840.000,Miguel,recording,knock_twice_right,7,-0.662296,7.384211,6.458741,-0.005236,-0.010718,0.006676
477643850.000,Miguel,recording,knock_twice_right,7,-0.650258,7.365248,6.444740,-0.001235,-0.012604,0.004956
477643860.000,Miguel,recording,knock_twice_right,7,-0.655418,7.387623,6.375872,-0.001109,-0.014455,0.003065
477643870.000,Miguel,recording,knock_twice_right,7,-0.718979,7.423629,6.311854,-0.005072,-0.009623,0.003149
477643880.000,Miguel,recording,knock_twice_right,7,-0.791676,7.427785,6.315939,-0.006732,0.004414,0.009322
477643890.000,Miguel,recording,knock_twice_right,7,-0.847372,7.409432,6.314180,-0.005435,0.025437,0.021662
477643900.000,Miguel,recording,knock_twice_right,7,-0.850656,7.416149,6.298208,-0.004500,0.047471,0.036325
477643910.000,Miguel,recording,knock_twice_right,7,-0.811446,7.421752,6.276675,-0.007188,0.062960,0.051776
477643920.000,Miguel,recording,knock_twice_right,7,-0.749401,7.414813,6.217994,-0.018753,0.064309,0.063937
477643930.000,Miguel,recording,knock_twice_right,7,-0.714810,7.406046,6.176851,-0.041360,0.052193,0.071370
477643940.000,Miguel,recording,knock_twice_right,7,-0.730194,7.389099,6.190113,-0.067507,0.035696,0.077060
477643950.000,Miguel,recording,knock_twice_right,7,-0.759640,7.362960,6.198269,-0.089683,0.026656,0.082473
477643960.000,Miguel,recording,knock_twice_right,7,-0.773213,7.359094,6.196040,-0.106811,0.034223,0.091429
477643970.000,Miguel,recording,knock_twice_right,7,-0.739518,7.329205,6.228014,-0.115200,0.056839,0.104951
477643980.000,Miguel,recording,knock_twice_right,7,-0.657370,7.292084,6.228871,-0.113989,0.091228,0.116763
477643990.000,Miguel,recording,knock_twice_right,7,-0.575428,7.289487,6.209366,-0.112960,0.135798,0.120532
477644000.000,Miguel,recording,knock_twice_right,7,-0.602673,7.280815,6.298155,-0.112143,0.179854,0.089499
477644010.000,Miguel,recording,knock_twice_right,7,-0.800938,7.323976,6.453537,-0.097060,0.256044,0.048959
477644020.000,Miguel,recording,knock_twice_right,7,-0.927081,7.427664,6.538290,-0.059835,0.382805,0.039040
477644030.000,Miguel,recording,knock_twice_right,7,-0.865303,7.581392,6.541478,-0.006752,0.521063,0.039400
477644040.000,Miguel,recording,knock_twice_right,7,-1.038132,7.622089,6.736054,0.057281,0.625184,0.041234
477644050.000,Miguel,recording,knock_twice_right,7,-1.391255,7.553468,7.227642,0.133258,0.667554,0.056401
477644060.000,Miguel,recording,knock_twice_right,7,-0.848261,7.647229,7.333732,0.215129,0.651506,0.082240
477644070.000,Miguel,recording,knock_twice_right,7,0.221650,7.488436,7.359927,0.306200,0.576108,0.076755
477644080.000,Miguel,recording,knock_twice_right,7,0.844241,7.062957,7.601948,0.394646,0.457085,0.006598
477644090.000,Miguel,recording,knock_twice_right,7,1.274493,6.498687,7.399679,0.448634,0.335132,-0.112005
477644100.000,Miguel,recording,knock_twice_right,7,1.123666,6.263263,7.405103,0.478259,0.247622,-0.247685
477644110.000,Miguel,recording,knock_twice_right,7,0.863488,6.446084,7.570436,0.521389,0.226831,-0.379323
477644120.000,Miguel,recording,knock_twice_right,7,0.573656,6.865899,7.750965,0.585575,0.252609,-0.477051
477644130.000,Miguel,recording,knock_twice_right,7,0.359982,7.118081,7.668669,0.643171,0.251649,-0.536099
477644140.000,Miguel,recording,knock_twice_right,7,-0.479872,7.526967,7.135760,0.658651,0.181857,-0.576830
477644150.000,Miguel,recording,knock_twice_right,7,-1.983231,8.028396,6.424904,0.625342,0.079218,-0.554068
477644160.000,Miguel,recording,knock_twice_right,7,-2.719012,7.878971,5.742235,0.542927,0.013383,-0.416626
477644170.000,Miguel,recording,knock_twice_right,7,-2.563964,7.877592,5.158440,0.392804,-0.046947,-0.226620
477644180.000,Miguel,recording,knock_twice_right,7,-1.970266,8.135872,4.941694,0.196995,-0.154418,-0.087856
477644190.000,Miguel,recording,knock_twice_right,7,-1.660269,8.051881,5.115444,0.019392,-0.267920,-0.025966
477644200.000,Miguel,recording,knock_twice_right,7,-1.578155,7.751970,5.474181,-0.092108,-0.341798,-0.002773
477644210.000,Miguel,recording,knock_twice_right,7,-1.509974,7.489626,5.850615,-0.129321,-0.350557,0.006884
477644220.000,Miguel,recording,knock_twice_right,7,-1.406873,7.406877,6.362845,-0.090830,-0.299370,0.006057
477644230.000,Miguel,recording,knock_twice_right,7,-1.345149,7.505198,6.894636,0.026808,-0.242120,0.004340
477644240.000,Miguel,recording,knock_twice_right,7,-1.332810,7.648173,7.178774,0.200947,-0.213312,0.010782
477644250.000,Miguel,recording,knock_twice_right,7,-1.322328,7.722051,7.122715,0.392316,-0.183668,0.019406
477644260.000,Miguel,recording,knock_twice_right,7,-1.223957,7.717426,6.645385,0.557772,-0.131792,0.020847
477644270.000,Miguel,recording,knock_twice_right,7,-1.104324,7.646696,5.863140,0.657845,-0.082716,0.016361
477644280.000,Miguel,recording,knock_twice_right,7,-1.049746,7.518936,4.978506,0.670814,-0.071552,0.019174
477644290.000,Miguel,recording,knock_twice_right,7,-1.077325,7.531129,4.142836,0.546063,-0.163792,0.057306
477644300.000,Miguel,recording,knock_twice_right,7,-1.025987,7.598276,3.396513,0.260704,-0.223092,0.107716
477644310.000,Miguel,recording,knock_twice_right,7,-0.886873,7.417144,4.023752,-0.020895,0.009963,0.108179
477644320.000,Miguel,recording,knock_twice_right,7,-1.203605,7.638314,4.813693,-0.219856,0.409030,0.071542
477644330.000,Miguel,recording,knock_twice_right,7,-1.581543,7.972947,4.553109,-0.409753,0.673181,0.047760
477644340.000,Miguel,recording,knock_twice_right,7,-1.579958,7.807728,5.339415,-0.564999,0.772634,0.042035
477644350.000,Miguel,recording,knock_twice_right,7,-1.484375,7.753973,5.900703,-0.627409,0.831721,0.031988
477644360.000,Miguel,recording,knock_twice_right,7,-1.350810,7.517219,6.468815,-0.584998,0.869224,0.014077
477644370.000,Miguel,recording,knock_twice_right,7,-1.306068,7.424973,6.762832,-0.458153,0.829635,0.005361
477644380.000,Miguel,recording,knock_twice_right,7,-1.222377,7.447467,6.955400,-0.271300,0.704995,0.015205
477644390.000,Miguel,recording,knock_twice_right,7,-1.089652,7.537348,6.930600,-0.058547,0.530426,0.032228
477644400.000,Miguel,recording,knock_twice_right,7,-1.040259,7.708870,6.519582,0.128378,0.303246,0.042225
477644410.000,Miguel,recording,knock_twice_right,7,-1.288266,8.020507,6.009286,0.258382,-0.036607,0.059556
477644420.000,Miguel,recording,knock_twice_right,7,-1.720446,8.265350,5.905611,0.351302,-0.425750,0.104279
477644430.000,Miguel,recording,knock_twice_right,7,-1.998373,8.210197,6.025321,0.368387,-0.621794,0.141732
477644440.000,Miguel,recording,knock_twice_right,7,-1.865201,8.121681,6.011925,0.335545,-0.522504,0.145194
477644450.000,Miguel,recording,knock_twice_right,7,-1.169676,8.071175,6.027375,0.351489,-0.324612,0.130728
477644460.000,Miguel,recording,knock_twice_right,7,-0.589422,7.846418,5.789154,0.369038,-0.189791,0.083441
477644470.000,Miguel,recording,knock_twice_right,7,-0.525022,7.634720,5.409319,0.328754,-0.078564,0.003250
477644480.000,Miguel,recording,knock_twice_right,7,-0.666322,7.699220,5.289168,0.256920,0.048794,-0.058809
477644490.000,Miguel,recording,knock_twice_right,7,-0.871701,7.642524,5.227035,0.180270,0.166648,-0.076784
477644500.000,Miguel,recording,knock_twice_right,7,-0.983927,7.670993,5.204800,0.111516,0.235036,-0.060458
477644510.000,Miguel,recording,knock_twice_right,7,-1.165342,7.723210,5.336735,0.069941,0.221280,-0.023811
477644520.000,Miguel,recording,knock_twice_right,7,-1.398912,7.832985,5.512778,0.067087,0.117612,0.023297
477644530.000,Miguel,recording,knock_twice_right,7,-1.536943,7.925856,5.677756,0.106493,-0.053645,0.070880
477644540.000,Miguel,recording,knock_twice_right,7,-1.563118,7.937197,5.772450,0.180307,-0.253840,0.107449
477644550.000,Miguel,recording,knock_twice_right,7,-1.447037,7.959042,5.756030,0.264791,-0.436573,0.130749
477644560.000,Miguel,recording,knock_twice_right,7,-1.219053,8.010928,5.609168,0.330129,-0.561735,0.137162
477644570.000,Miguel,recording,knock_twice_right,7,-0.908015,8.014007,5.381908,0.353083,-0.604882,0.121572
477644580.000,Miguel,recording,knock_twice_right,7,-0.637652,7.958508,5.144122,0.330197,-0.564739,0.088689
477644590.000,Miguel,recording,knock_twice_right,7,-0.511835,7.911415,4.956701,0.273102,-0.464850,0.049572
477644600.000,Miguel,recording,knock_twice_right,7,-0.526254,7.900602,4.876593,0.194028,-0.336234,0.011483
477644610.000,Miguel,recording,knock_twice_right,7,-0.655988,7.916833,4.853020,0.105723,-0.206351,-0.022907
477644620.000,Miguel,recording,knock_twice_right,7,-0.811349,7.923834,4.948219,0.021364,-0.098132,-0.051357
477644630.000,Miguel,recording,knock_twice_right,7,-0.869487,7.895961,5.152091,-0.044779,-0.022248,-0.072657
477644640.000,Miguel,recording,knock_twice_right,7,-0.869617,7.850737,5.327542,-0.081113,0.024252,-0.089659
477644650.000,Miguel,recording,knock_twice_right,7,-0.847848,7.787247,5.446222,-0.088641,0.045102,-0.106581
477644660.000,Miguel,recording,knock_twice_right,7,-0.842604,7.731410,5.504690,-0.074414,0.044485,-0.123633
477644670.000,Miguel,recording,knock_twice_right,7,-0.866707,7.703762,5.496089,-0.046592,0.025735,-0.138102
477644680.000,Miguel,recording,knock_twice_right,7,-0.975496,7.723296,5.434648,-0.014603,-0.013895,-0.146313
477644690.000,Miguel,recording,knock_twice_right,7,-1.119927,7.777091,5.414101,0.014247,-0.075776,-0.144508
477644700.000,Miguel,recording,knock_twice_right,7,-1.178726,7.822129,5.453241,0.038515,-0.151320,-0.136117
477644710.000,Miguel,recording,knock_twice_right,7,-1.199151,7.839517,5.478648,0.059364,-0.223388,-0.129174
477644720.000,Miguel,recording,knock_twice_right,7,-1.181238,7.821461,5.497241,0.073438,-0.273123,-0.124848
477644730.000,Miguel,recording,knock_twice_right,7,-1.207137,7.823961,5.477432,0.075885,-0.289696,-0.120536
477644740.000,Miguel,recording,knock_twice_right,7,-1.276239,7.865762,5.484719,0.065669,-0.272055,-0.111578
477644750.000,Miguel,recording,knock_twice_right,7,-1.276582,7.901387,5.526303,0.045546,-0.220358,-0.095870
477644760.000,Miguel,recording,knock_twice_right,7,-1.208439,7.916381,5.554831,0.019862,-0.139978,-0.078597
477644770.000,Miguel,recording,knock_twice_right,7,-1.152066,7.921417,5.597382,-0.006716,-0.051039,-0.065000
477644780.000,Miguel,recording,knock_twice_right,7,-1.066667,7.948813,5.722009,-0.026384,0.018758,-0.057625
477644790.000,Miguel,recording,knock_twice_right,7,-0.918897,7.960410,5.872236,-0.024448,0.068704,-0.059077
477644800.000,Miguel,recording,knock_twice_right,7,-1.082001,7.760018,5.505484,-0.010808,0.184143,-0.074338
477644810.000,Miguel,recording,knock_twice_right,7,-1.760275,7.531634,4.722617,-0.037558,0.339142,-0.075189
477644820.000,Miguel,recording,knock_twice_right,7,-2.215014,7.678901,4.590276,-0.131358,0.392424,-0.017118
477644830.000,Miguel,recording,knock_twice_right,7,-2.098371,7.857116,4.919561,-0.253242,0.345135,0.086225
477644840.000,Miguel,recording,knock_twice_right,7,-1.663350,7.770360,5.245732,-0.347116,0.263116,0.170558
477644850.000,Miguel,recording,knock_twice_right,7,-0.987811,7.861712,5.866687,-0.380184,0.159804,0.201573
477644860.000,Miguel,recording,knock_twice_right,7,-0.396175,8.250919,6.463317,-0.341626,0.037767,0.175312
477644870.000,Miguel,recording,knock_twice_right,7,0.299333,8.484635,6.928625,-0.231179,-0.091601,0.059137
477644880.000,Miguel,recording,knock_twice_right,7,0.509160,8.225854,7.145128,-0.064140,-0.227846,-0.149548
477644890.000,Miguel,recording,knock_twice_right,7,0.081832,7.864603,6.934273,0.121948,-0.295236,-0.367837
477644900.000,Miguel,recording,knock_twice_right,7,-0.574318,7.648040,5.988850,0.250960,-0.253497,-0.501268
477644910.000,Miguel,recording,knock_twice_right,7,-1.318447,7.517118,4.959846,0.251402,-0.188747,-0.517337
477644920.000,Miguel,recording,knock_twice_right,7,-2.036377,7.709234,4.464965,0.132195,-0.153991,-0.430027
477644930.000,Miguel,recording,knock_twice_right,7,-2.303601,8.080695,4.747685,-0.031205,-0.134227,-0.280223
477644940.000,Miguel,recording,knock_twice_right,7,-1.965593,8.271071,5.445048,-0.152921,-0.093872,-0.137638
477644950.000,Miguel,recording,knock_twice_right,7,-1.301991,7.982338,6.025931,-0.189043,-0.017437,-0.063304
477644960.000,Miguel,recording,knock_twice_right,7,-0.935036,7.620552,6.241521,-0.151368,0.054040,-0.061470
477644970.000,Miguel,recording,knock_twice_right,7,-0.976613,7.520076,6.212667,-0.078398,0.084226,-0.087151
477644980.000,Miguel,recording,knock_twice_right,7,-1.617640,7.293253,5.386843,-0.032850,0.165623,-0.100860
477644990.000,Miguel,recording,knock_twice_right,7,-2.560581,7.146194,4.503730,-0.072179,0.262398,-0.062746
477645000.000,Miguel,recording,knock_twice_right,7,-2.769415,7.482317,4.614681,-0.193394,0.262611,0.062576
477645010.000,Miguel,recording,knock_twice_right,7,-2.435951,7.658775,4.907452,-0.334618,0.205264,0.233302
477645020.000,Miguel,recording,knock_twice_right,7,-1.587219,7.666223,5.517036,-0.425564,0.120533,0.351962
477645030.000,Miguel,recording,knock_twice_right,7,-0.592730,7.835797,6.217444,-0.433160,0.018692,0.362271
477645040.000,Miguel,recording,knock_twice_right,7,-0.073838,7.974794,6.765653,-0.359013,-0.090748,0.278288
477645050.000,Miguel,recording,knock_twice_right,7,0.139007,8.065076,7.044590,-0.227628,-0.193157,0.139166
477645060.000,Miguel,recording,knock_twice_right,7,0.178691,7.990430,6.992217,-0.080395,-0.260598,-0.022907
477645070.000,Miguel,recording,knock_twice_right,7,-0.167554,7.856318,6.563328,0.041992,-0.279261,-0.171148
477645080.000,Miguel,recording,knock_twice_right,7,-0.716854,7.749708,6.143855,0.114300,-0.271710,-0.266659
477645090.000,Miguel,recording,knock_twice_right,7,-1.275854,7.660107,5.793440,0.133148,-0.254777,-0.294646
477645100.000,Miguel,recording,knock_twice_right,7,-1.585037,7.540321,5.458851,0.107467,-0.213759,-0.272144
477645110.000,Miguel,recording,knock_twice_right,7,-1.812836,7.529650,5.268512,0.047956,-0.155170,-0.218040
477645120.000,Miguel,recording,knock_twice_right,7,-2.068821,7.719818,5.389070,-0.029562,-0.113868,-0.136969
477645130.000,Miguel,recording,knock_twice_right,7,-1.978270,7.793200,5.637167,-0.100402,-0.096675,-0.046983
477645140.000,Miguel,recording,knock_twice_right,7,-1.647427,7.720310,5.904563,-0.140831,-0.085200,0.021611
477645150.000,Miguel,recording,knock_twice_right,7,-1.317590,7.685908,6.178857,-0.145058,-0.067662,0.055955
477645160.000,Miguel,recording,knock_twice_right,7,-1.079335,7.721481,6.367294,-0.118053,-0.042349,0.064741
477645170.000,Miguel,recording,knock_twice_right,7,-0.922484,7.712114,6.375998,-0.073415,-0.013868,0.058783
477645180.000,Miguel,recording,knock_twice_right,7,-0.845762,7.705824,6.259984,-0.029384,0.010300,0.045233
477645190.000,Miguel,recording,knock_twice_right,7,-0.825615,7.766854,6.101058,0.001731,0.016866,0.029889
477645200.000,Miguel,recording,knock_twice_right,7,-0.818592,7.837168,5.972186,0.015378,-0.003244,0.012634
477645210.000,Miguel,recording,knock_twice_right,7,-0.850842,7.855007,5.857590,0.016586,-0.038470,-0.008308
477645220.000,Miguel,recording,knock_twice_right,7,-0.979567,7.859895,5.807964,0.011512,-0.069174,-0.028016
477645230.000,Miguel,recording,knock_twice_right,7,-1.132259,7.832985,5.775398,0.001966,-0.083741,-0.039771
477645240.000,Miguel,recording,knock_twice_right,7,-1.268908,7.780620,5.755107,-0.011337,-0.084927,-0.040863
477645250.000,Miguel,recording,knock_twice_right,7,-1.304594,7.742983,5.825368,-0.023968,-0.080502,-0.032933
477645260.000,Miguel,recording,knock_twice_right,7,-1.191509,7.696790,5.911830,-0.030597,-0.070634,-0.024908
477645270.000,Miguel,recording,knock_twice_right,7,-1.076479,7.611685,5.930646,-0.029759,-0.049043,-0.021700
477645280.000,Miguel,recording,knock_twice_right,7,-1.094308,7.605209,5.890124,-0.026542,-0.018635,-0.016722
477645290.000,Miguel,recording,knock_twice_right,7,-1.129349,7.629468,5.861024,-0.025276,0.002474,-0.005082
477645300.000,Miguel,recording,knock_twice_right,7,-1.025319,7.645013,5.869529,-0.024111,-0.001459,0.007029
477645310.000,Miguel,recording,knock_twice_right,7,-0.829349,7.650845,5.907817,-0.019347,-0.030062,0.006013
477645320.000,Miguel,recording,knock_twice_right,7,-0.744352,7.657841,5.934014,-0.007747,-0.066187,-0.011949
477645330.000,Miguel,recording,knock_twice_right,7,-0.834648,7.686797,5.924925,0.007950,-0.091415,-0.036527
477645340.000,Miguel,recording,knock_twice_right,7,-1.001612,7.692919,5.839665,0.018463,-0.106686,-0.056322
477645350.000,Miguel,recording,knock_twice_right,7,-1.140714,7.655591,5.750392,0.016542,-0.118607,-0.066436
477645360.000,Miguel,recording,knock_twice_right,7,-1.220858,7.618996,5.679646,0.001653,-0.123045,-0.068091
477645370.000,Miguel,recording,knock_twice_right,7,-1.263993,7.576650,5.613582,-0.021147,-0.111659,-0.063819
477645380.000,Miguel,recording,knock_twice_right,7,-1.322156,7.540366,5.536141,-0.051079,-0.083273,-0.052866
477645390.000,Miguel,recording,knock_twice_right,7,-1.386493,7.542958,5.439246,-0.092165,-0.050784,-0.034197
477645400.000,Miguel,recording,knock_twice_right,7,-1.434125,7.553820,5.397357,-0.141564,-0.028709,-0.009641
477645410.000,Miguel,recording,knock_twice_right,7,-1.436554,7.544370,5.424299,-0.190962,-0.024705,0.016923
477645420.000,Miguel,recording,knock_twice_right,7,-1.379939,7.495091,5.504841,-0.232800,-0.044005,0.040050
477645430.000,Miguel,recording,knock_twice_right,7,-1.336535,7.446615,5.599215,-0.262330,-0.085092,0.055694
477645440.000,Miguel,recording,knock_twice_right,7,-1.350563,7.400469,5.716867,-0.276612,-0.137167,0.067103
477645450.000,Miguel,recording,knock_twice_right,7,-1.377124,7.336381,5.832234,-0.275805,-0.190128,0.077832
477645460.000,Miguel,recording,knock_twice_right,7,-1.372271,7.269399,5.871796,-0.268050,-0.231056,0.088505
477645470.000,Miguel,recording,knock_twice_right,7,-1.329085,7.222240,5.867476,-0.262251,-0.253659,0.099169
477645480.000,Miguel,recording,knock_twice_right,7,-1.264148,7.249217,5.873220,-0.263437,-0.261724,0.108272
477645490.000,Miguel,recording,knock_twice_right,7,-1.245664,7.247786,5.845442,-0.275087,-0.257137,0.113325
477645500.000,Miguel,recording,knock_twice_right,7,-1.294285,7.236188,5.804755,-0.296301,-0.245612,0.114465
477645510.000,Miguel,recording,knock_twice_right,7,-1.416905,7.268264,5.752119,-0.325112,-0.240368,0.114958
477645520.000,Miguel,recording,knock_twice_right,7,-1.563619,7.356446,5.716186,-0.361531,-0.255731,0.118033
477645530.000,Miguel,recording,knock_twice_right,7,-1.629409,7.416075,5.689744,-0.405522,-0.297768,0.121741
477645540.000,Miguel,recording,knock_twice_right,7,-1.620037,7.378749,5.708065,-0.454949,-0.358640,0.118772
477645550.000,Miguel,recording,knock_twice_right,7,-1.634633,7.301405,5.712441,-0.513877,-0.417718,0.103877
477645560.000,Miguel,recording,knock_twice_right,7,-1.760036,7.228232,5.660224,-0.588799,-0.450025,0.080806
477645570.000,Miguel,recording,knock_twice_right,7,-1.992451,7.141687,5.748175,-0.682906,-0.432638,0.062781
477645580.000,Miguel,recording,knock_twice_right,7,-1.754547,7.048723,6.477252,-0.786671,-0.221001,0.045991
477645590.000,Miguel,recording,knock_twice_right,7,-1.428849,7.146752,7.300003,-0.909652,0.186943,0.005966
477645600.000,Miguel,recording,knock_twice_right,7,-1.953659,7.315145,7.472687,-1.063490,0.584090,-0.065783
477645610.000,Miguel,recording,knock_twice_right,8,-2.783427,7.274388,7.674821,-1.210764,0.844033,-0.130204
477645620.000,Miguel,recording,knock_twice_right,8,-3.804429,6.912427,7.777000,-1.291660,0.903484,-0.122685
477645630.000,Miguel,recording,knock_twice_right,8,-4.179158,6.528274,8.449150,-1.197895,0.663609,0.072665
477645640.000,Miguel,recording,knock_twice_right,8,-3.459771,6.616511,9.122286,-0.893724,0.151558,0.513757
477645650.000,Miguel,recording,knock_twice_right,8,-1.981017,7.224909,8.720588,-0.546010,-0.324638,0.921650
477645660.000,Miguel,recording,knock_twice_right,8,-0.315669,7.661963,7.683372,-0.283452,-0.553589,1.011237
477645670.000,Miguel,recording,knock_twice_right,8,0.885358,7.673862,7.496644,-0.103324,-0.645824,0.851771
477645680.000,Miguel,recording,knock_twice_right,8,0.660888,7.918371,8.022897,0.003784,-0.785999,0.644350
477645690.000,Miguel,recording,knock_twice_right,8,-0.748602,8.508381,9.134418,0.090537,-1.004940,0.612437
477645700.000,Miguel,recording,knock_twice_right,8,-1.673772,8.623514,9.181346,0.170826,-1.260589,0.783836
477645710.000,Miguel,recording,knock_twice_right,8,-0.802978,7.506345,7.404002,0.159688,-1.507538,0.952989
477645720.000,Miguel,recording,knock_twice_right,8,0.690117,6.251576,5.212042,0.004313,-1.674279,1.013001
477645730.000,Miguel,recording,knock_twice_right,8,2.096516,5.624375,3.651168,-0.271550,-1.715769,0.976221
477645740.000,Miguel,recording,knock_twice_right,8,3.590677,5.390182,3.150723,-0.597322,-1.678261,0.861117
477645750.000,Miguel,recording,knock_twice_right,8,4.413663,5.368774,3.449047,-0.913166,-1.633133,0.664835
477645760.000,Miguel,recording,knock_twice_right,8,4.385506,5.395317,4.262932,-1.190763,-1.607258,0.413280
477645770.000,Miguel,recording,knock_twice_right,8,3.746378,5.447291,5.636491,-1.372230,-1.620668,0.202571
477645780.000,Miguel,recording,knock_twice_right,8,2.684099,5.825915,7.363133,-1.385085,-1.639752,0.124585
477645790.000,Miguel,recording,knock_twice_right,8,1.813782,6.293645,8.611917,-1.230355,-1.582068,0.168703
477645800.000,Miguel,recording,knock_twice_right,8,1.472554,6.184095,9.289824,-0.976233,-1.424290,0.252550
477645810.000,Miguel,recording,knock_twice_right,8,1.484012,5.719925,9.674506,-0.680408,-1.209040,0.328668
477645820.000,Miguel,recording,knock_twice_right,8,1.801295,5.592813,9.909533,-0.364738,-0.980070,0.389255
477645830.000,Miguel,recording,knock_twice_right,8,2.493653,5.931188,10.034124,-0.043067,-0.755162,0.424743
477645840.000,Miguel,recording,knock_twice_right,8,3.369534,6.360245,9.882405,0.258068,-0.540252,0.420719
477645850.000,Miguel,recording,knock_twice_right,8,4.109236,6.602226,9.366628,0.514919,-0.337875,0.380136
477645860.000,Miguel,recording,knock_twice_right,8,4.421419,6.676647,8.696108,0.715357,-0.149629,0.320031
477645870.000,Miguel,recording,knock_twice_right,8,4.340791,6.646149,8.059202,0.857909,0.042459,0.254013
477645880.000,Miguel,recording,knock_twice_right,8,4.021885,6.497828,7.509432,0.947952,0.270784,0.183790
477645890.000,Miguel,recording,knock_twice_right,8,3.681601,6.216458,6.994740,0.995250,0.552036,0.101571
477645900.000,Miguel,recording,knock_twice_right,8,3.344012,5.900718,6.433762,1.004502,0.867305,-0.003153
477645910.000,Miguel,recording,knock_twice_right,8,2.989349,5.778555,5.871768,0.954584,1.153730,-0.135230
477645920.000,Miguel,recording,knock_twice_right,8,2.498208,6.310624,5.262455,0.767975,1.338009,-0.296685
477645930.000,Miguel,recording,knock_twice_right,8,1.599910,7.290402,4.957136,0.472482,1.365971,-0.457073
477645940.000,Miguel,recording,knock_twice_right,8,0.302832,7.468809,5.836936,0.251439,1.278697,-0.535982
477645950.000,Miguel,recording,knock_twice_right,8,-0.581910,7.174367,6.921021,0.190390,1.169844,-0.509306
477645960.000,Miguel,recording,knock_twice_right,8,-0.710929,6.978100,7.158195,0.238427,1.052633,-0.436612
477645970.000,Miguel,recording,knock_twice_right,8,-0.477520,6.576870,7.217177,0.326637,0.919394,-0.363543
477645980.000,Miguel,recording,knock_twice_right,8,-0.026001,6.515813,6.873832,0.402701,0.810208,-0.309689
477645990.000,Miguel,recording,knock_twice_right,8,0.403012,6.660597,6.508001,0.450809,0.719707,-0.285997
477646000.000,Miguel,recording,knock_twice_right,8,0.701711,6.907328,6.007149,0.464651,0.616552,-0.279908
477646010.000,Miguel,recording,knock_twice_right,8,0.725687,7.172547,5.506246,0.413704,0.512287,-0.275054
477646020.000,Miguel,recording,knock_twice_right,8,0.578531,7.366687,5.297254,0.294168,0.392608,-0.263382
477646030.000,Miguel,recording,knock_twice_right,8,0.463287,7.458456,5.270067,0.146895,0.262762,-0.240654
477646040.000,Miguel,recording,knock_twice_right,8,0.547421,7.600076,5.448058,0.012904,0.193748,-0.217477
477646050.000,Miguel,recording,knock_twice_right,8,0.877366,7.772488,5.621311,-0.105048,0.245790,-0.219047
477646060.000,Miguel,recording,knock_twice_right,8,1.172997,7.794550,5.682438,-0.232968,0.402222,-0.257663
477646070.000,Miguel,recording,knock_twice_right,8,1.362903,7.601997,5.955606,-0.370547,0.625949,-0.324010
477646080.000,Miguel,recording,knock_twice_right,8,1.556897,7.354413,6.528958,-0.485175,0.879043,-0.400584
477646090.000,Miguel,recording,knock_twice_right,8,1.490397,7.028976,6.976227,-0.560870,1.087698,-0.472719
477646100.000,Miguel,recording,knock_twice_right,8,1.192572,6.771946,7.286198,-0.598922,1.185580,-0.536345
477646110.000,Miguel,recording,knock_twice_right,8,0.715813,6.656842,7.683885,-0.591948,1.154083,-0.582039
477646120.000,Miguel,recording,knock_twice_right,8,0.150369,6.648038,8.162098,-0.521424,1.020106,-0.595803
477646130.000,Miguel,recording,knock_twice_right,8,-0.371941,6.628614,8.568444,-0.377500,0.826977,-0.569794
477646140.000,Miguel,recording,knock_twice_right,8,-0.730138,6.538795,8.788444,-0.175878,0.602714,-0.506672
477646150.000,Miguel,recording,knock_twice_right,8,-0.908852,6.522313,8.799470,0.057067,0.356330,-0.425782
477646160.000,Miguel,recording,knock_twice_right,8,-0.923921,6.654121,8.684123,0.305331,0.096927,-0.359684
477646170.000,Miguel,recording,knock_twice_right,8,-0.767859,6.830240,8.423276,0.537561,-0.149347,-0.331737
477646180.000,Miguel,recording,knock_twice_right,8,-0.520278,7.016835,8.011527,0.713346,-0.337671,-0.336727
477646190.000,Miguel,recording,knock_twice_right,8,-0.262543,7.104677,7.595658,0.812536,-0.411238,-0.359758
477646200.000,Miguel,recording,knock_twice_right,8,-0.064359,7.012366,7.217021,0.838744,-0.343475,-0.389056
477646210.000,Miguel,recording,knock_twice_right,8,-0.004645,6.953502,6.964718,0.807413,-0.167307,-0.412332
477646220.000,Miguel,recording,knock_twice_right,8,-0.085711,6.977501,6.797772,0.743314,0.045231,-0.422800
477646230.000,Miguel,recording,knock_twice_right,8,-0.242516,7.070648,6.814000,0.677930,0.214874,-0.422781
477646240.000,Miguel,recording,knock_twice_right,8,-0.418059,7.134064,6.925876,0.639916,0.288147,-0.421062
477646250.000,Miguel,recording,knock_twice_right,8,-0.617393,7.146103,6.967099,0.642119,0.257880,-0.428398
477646260.000,Miguel,recording,knock_twice_right,8,-0.843184,7.154058,6.911137,0.673506,0.150856,-0.441227
477646270.000,Miguel,recording,knock_twice_right,8,-1.066884,7.186471,6.779378,0.710530,0.017773,-0.446990
477646280.000,Miguel,recording,knock_twice_right,8,-1.176140,7.200330,6.630199,0.736450,-0.081146,-0.440830
477646290.000,Miguel,recording,knock_twice_right,8,-1.247447,7.077810,6.464660,0.765223,-0.167494,-0.393052
477646300.000,Miguel,recording,knock_twice_right,8,-1.254993,7.115076,6.076869,0.746094,-0.256646,-0.340020
477646310.000,Miguel,recording,knock_twice_right,8,-1.289881,7.351679,5.783830,0.660010,-0.273455,-0.313278
477646320.000,Miguel,recording,knock_twice_right,8,-1.407644,7.340084,5.827983,0.566211,-0.205684,-0.276768
477646330.000,Miguel,recording,knock_twice_right,8,-1.343438,7.363530,5.819085,0.475644,-0.117879,-0.235231
477646340.000,Miguel,recording,knock_twice_right,8,-1.269654,7.330278,6.074598,0.406146,-0.043902,-0.194296
477646350.000,Miguel,recording,knock_twice_right,8,-1.130603,7.261495,6.205412,0.367229,0.021366,-0.150355
477646360.000,Miguel,recording,knock_twice_right,8,-1.072185,7.199602,6.170553,0.340389,0.073282,-0.106952
477646370.000,Miguel,recording,knock_twice_right,8,-1.016449,7.192268,6.115899,0.324912,0.096660,-0.073085
477646380.000,Miguel,recording,knock_twice_right,8,-1.073439,7.137121,6.154556,0.335283,0.069242,-0.043027
477646390.000,Miguel,recording,knock_twice_right,8,-1.137080,7.205276,6.156034,0.365016,-0.027547,-0.014065
477646400.000,Miguel,recording,knock_twice_right,8,-0.982086,7.391001,6.193909,0.401840,-0.173247,0.003134
477646410.000,Miguel,recording,knock_twice_right,8,-0.717711,7.506516,6.402915,0.451666,-0.317325,-0.000357
477646420.000,Miguel,recording,knock_twice_right,8,-0.538436,7.415671,6.612720,0.522031,-0.423097,-0.026127
477646430.000,Miguel,recording,knock_twice_right,8,-0.488941,7.239549,6.688403,0.603697,-0.477945,-0.065515
477646440.000,Miguel,recording,knock_twice_right,8,-0.526428,7.179600,6.525145,0.673275,-0.476615,-0.105254
477646450.000,Miguel,recording,knock_twice_right,8,-0.605030,7.262108,6.194772,0.706894,-0.420874,-0.134596
477646460.000,Miguel,recording,knock_twice_right,8,-0.660431,7.424565,5.824820,0.693193,-0.323659,-0.149113
477646470.000,Miguel,recording,knock_twice_right,8,-0.712361,7.550221,5.512166,0.636435,-0.204389,-0.148971
477646480.000,Miguel,recording,knock_twice_right,8,-0.747229,7.605005,5.284966,0.551421,-0.088240,-0.138772
477646490.000,Miguel,recording,knock_twice_right,8,-0.743940,7.707386,5.135323,0.452084,-0.003230,-0.125950
477646500.000,Miguel,recording,knock_twice_right,8,-0.730665,7.857725,5.075010,0.351764,0.034190,-0.117654
477646510.000,Miguel,recording,knock_twice_right,8,-0.747536,7.938293,5.091371,0.262497,0.029461,-0.116238
477646520.000,Miguel,recording,knock_twice_right,8,-0.831781,7.914450,5.191005,0.190084,-0.004341,-0.115157
477646530.000,Miguel,recording,knock_twice_right,8,-0.937160,7.799842,5.415411,0.143271,-0.055992,-0.104734
477646540.000,Miguel,recording,knock_twice_right,8,-1.075223,7.690977,5.663972,0.131941,-0.121748,-0.079755
477646550.000,Miguel,recording,knock_twice_right,8,-1.255481,7.661490,5.815623,0.148943,-0.205632,-0.036344
477646560.000,Miguel,recording,knock_twice_right,8,-1.412727,7.718331,5.890956,0.175433,-0.303032,0.030333
477646570.000,Miguel,recording,knock_twice_right,8,-1.401594,7.855878,5.930341,0.196628,-0.395193,0.111090
477646580.000,Miguel,recording,knock_twice_right,8,-1.168547,8.013800,5.936891,0.204528,-0.458197,0.185630
477646590.000,Miguel,recording,knock_twice_right,8,-0.769133,8.064786,5.918555,0.205424,-0.475734,0.233731
477646600.000,Miguel,recording,knock_twice_right,8,-0.349998,8.014650,5.852352,0.210249,-0.454488,0.235965
477646610.000,Miguel,recording,knock_twice_right,8,-0.068167,7.997849,5.728921,0.221297,-0.426859,0.187654
477646620.000,Miguel,recording,knock_twice_right,8,0.028570,8.037988,5.568297,0.229411,-0.411588,0.101517
477646630.000,Miguel,recording,knock_twice_right,8,-0.024706,8.059526,5.307384,0.214895,-0.394855,0.004286
477646640.000,Miguel,recording,knock_twice_right,8,-0.171949,8.060413,5.059847,0.165292,-0.364656,-0.076377
477646650.000,Miguel,recording,knock_twice_right,8,-0.360288,7.988219,4.992457,0.087737,-0.317989,-0.123765
477646660.000,Miguel,recording,knock_twice_right,8,-0.562030,7.838790,5.211419,0.005563,-0.249593,-0.128131
477646670.000,Miguel,recording,knock_twice_right,8,-0.743882,7.743753,5.553822,-0.047987,-0.164489,-0.098090
477646680.000,Miguel,recording,knock_twice_right,8,-0.813210,7.845609,5.812818,-0.047417,-0.095334,-0.064040
477646690.000,Miguel,recording,knock_twice_right,8,-0.733648,8.068976,5.920366,0.003447,-0.083079,-0.052035
477646700.000,Miguel,recording,knock_twice_right,8,-0.595619,8.221935,5.823360,0.080680,-0.137655,-0.069444
477646710.000,Miguel,recording,knock_twice_right,8,-0.564692,8.192482,5.660429,0.154555,-0.236872,-0.105499
477646720.000,Miguel,recording,knock_twice_right,8,-0.728852,8.042448,5.526604,0.208356,-0.345442,-0.133411
477646730.000,Miguel,recording,knock_twice_right,8,-0.969176,7.943726,5.485381,0.243276,-0.430893,-0.130874
477646740.000,Miguel,recording,knock_twice_right,8,-1.082059,7.952527,5.461804,0.262167,-0.479260,-0.097747
477646750.000,Miguel,recording,knock_twice_right,8,-0.989190,8.028617,5.396891,0.267621,-0.490266,-0.053080
477646760.000,Miguel,recording,knock_twice_right,8,-0.781014,8.124911,5.296516,0.259698,-0.471852,-0.018211
477646770.000,Miguel,recording,knock_twice_right,8,-0.600969,8.153020,5.250649,0.237861,-0.427815,0.000821
477646780.000,Miguel,recording,knock_twice_right,8,-0.483326,8.093304,5.306124,0.210058,-0.358685,0.005764
477646790.000,Miguel,recording,knock_twice_right,8,-0.435795,8.028262,5.382045,0.185249,-0.275788,-0.001708
477646800.000,Miguel,recording,knock_twice_right,8,-0.425492,8.019575,5.422186,0.166187,-0.192257,-0.018560
477646810.000,Miguel,recording,knock_twice_right,8,-0.409332,8.052902,5.388762,0.150474,-0.115559,-0.041997
477646820.000,Miguel,recording,knock_twice_right,8,-0.419143,8.069083,5.297740,0.132589,-0.051215,-0.067820
477646830.000,Miguel,recording,knock_twice_right,8,-0.472118,8.072634,5.213903,0.111718,-0.003542,-0.089544
477646840.000,Miguel,recording,knock_twice_right,8,-0.529991,8.071618,5.159046,0.090360,0.025885,-0.102325
477646850.000,Miguel,recording,knock_twice_right,8,-0.563324,8.065052,5.161696,0.073145,0.035747,-0.108261
477646860.000,Miguel,recording,knock_twice_right,8,-0.520685,8.054543,5.203694,0.065240,0.032254,-0.114065
477646870.000,Miguel,recording,knock_twice_right,8,-0.446723,8.009887,5.208426,0.065472,0.025965,-0.128494
477646880.000,Miguel,recording,knock_twice_right,8,-0.455934,7.962410,5.158133,0.066080,0.022126,-0.154928
477646890.000,Miguel,recording,knock_twice_right,8,-0.533881,7.960826,5.070240,0.058312,0.026858,-0.185987
477646900.000,Miguel,recording,knock_twice_right,8,-0.648846,7.958316,4.989521,0.035858,0.050030,-0.212097
477646910.000,Miguel,recording,knock_twice_right,8,-0.749585,7.896324,4.925956,-0.003193,0.096092,-0.228816
477646920.000,Miguel,recording,knock_twice_right,8,-0.820750,7.804101,4.908826,-0.054052,0.163284,-0.232908
477646930.000,Miguel,recording,knock_twice_right,8,-0.861513,7.775268,4.984647,-0.106319,0.234207,-0.223231
477646940.000,Miguel,recording,knock_twice_right,8,-0.852795,7.793774,5.133185,-0.145889,0.288620,-0.206602
477646950.000,Miguel,recording,knock_twice_right,8,-0.809042,7.821743,5.323199,-0.162317,0.319973,-0.194142
477646960.000,Miguel,recording,knock_twice_right,8,-0.761813,7.837370,5.447333,-0.153526,0.322868,-0.190874
477646970.000,Miguel,recording,knock_twice_right,8,-0.765698,7.835603,5.495951,-0.123423,0.294044,-0.194227
477646980.000,Miguel,recording,knock_twice_right,8,-0.861613,7.838588,5.486181,-0.083009,0.239034,-0.196804
477646990.000,Miguel,recording,knock_twice_right,8,-1.070431,7.864746,5.410433,-0.043090,0.168876,-0.186870
477647000.000,Miguel,recording,knock_twice_right,8,-1.259084,7.923484,5.359738,-0.009832,0.096133,-0.155892
477647010.000,Miguel,recording,knock_twice_right,8,-1.315370,7.978583,5.353213,0.014606,0.032270,-0.107919
477647020.000,Miguel,recording,knock_twice_right,8,-1.225749,8.001161,5.344758,0.031002,-0.017951,-0.057930
477647030.000,Miguel,recording,knock_twice_right,8,-1.080609,8.001857,5.308699,0.039241,-0.055403,-0.020875
477647040.000,Miguel,recording,knock_twice_right,8,-0.969759,8.030056,5.263089,0.038873,-0.081309,0.001155
477647050.000,Miguel,recording,knock_twice_right,8,-0.894908,8.086967,5.251697,0.031673,-0.092335,0.012158
477647060.000,Miguel,recording,knock_twice_right,8,-0.833538,8.124013,5.256442,0.020652,-0.088054,0.013787
477647070.000,Miguel,recording,knock_twice_right,8,-0.801884,8.139730,5.245682,0.004883,-0.074616,0.011173
477647080.000,Miguel,recording,knock_twice_right,8,-0.813527,8.168967,5.269105,-0.016863,-0.056122,0.010037
477647090.000,Miguel,recording,knock_twice_right,8,-0.813702,8.194072,5.322383,-0.041806,-0.034303,0.013037
477647100.000,Miguel,recording,knock_twice_right,8,-0.723747,8.194936,5.431666,-0.061639,-0.009113,0.018353
477647110.000,Miguel,recording,knock_twice_right,8,-0.595219,8.147716,5.542093,-0.070226,0.016576,0.018968
477647120.000,Miguel,recording,knock_twice_right,8,-0.513923,8.108671,5.576690,-0.069116,0.036284,0.008688
477647130.000,Miguel,recording,knock_twice_right,8,-0.518225,8.094669,5.572370,-0.063296,0.048607,-0.009590
477647140.000,Miguel,recording,knock_twice_right,8,-0.616437,8.072113,5.574217,-0.053507,0.057606,-0.026677
477647150.000,Miguel,recording,knock_twice_right,8,-0.753476,8.060083,5.557617,-0.037828,0.064833,-0.035984
477647160.000,Miguel,recording,knock_twice_right,8,-0.891546,8.024982,5.515745,-0.019534,0.065112,-0.034586
477647170.000,Miguel,recording,knock_twice_right,8,-0.980708,8.017899,5.458438,-0.003493,0.055220,-0.021976
477647180.000,Miguel,recording,knock_twice_right,8,-0.984708,8.046164,5.408646,0.006288,0.038540,-0.001034
477647190.000,Miguel,recording,knock_twice_right,8,-0.907250,8.058957,5.389638,0.009660,0.020343,0.020816
477647200.000,Miguel,recording,knock_twice_right,8,-0.777194,8.048118,5.379735,0.011050,0.007290,0.034638
477647210.000,Miguel,recording,knock_twice_right,8,-0.671636,8.016104,5.355132,0.012964,0.001402,0.034182
477647220.000,Miguel,recording,knock_twice_right,8,-0.636675,7.995149,5.312698,0.013522,-0.001173,0.022447
477647230.000,Miguel,recording,knock_twice_right,8,-0.660940,7.983818,5.315017,0.009771,-0.001258,0.009732
477647240.000,Miguel,recording,knock_twice_right,8,-0.711351,8.008517,5.342650,0.003265,0.004577,0.003510
477647250.000,Miguel,recording,knock_twice_right,8,-0.769417,8.019418,5.375396,-0.003394,0.016717,0.004634
477647260.000,Miguel,recording,knock_twice_right,8,-0.814484,8.021762,5.396389,-0.010417,0.028228,0.012337
477647270.000,Miguel,recording,knock_twice_right,8,-0.826066,8.054774,5.380406,-0.016928,0.033976,0.024390
477647280.000,Miguel,recording,knock_twice_right,8,-0.797653,8.067120,5.378152,-0.020729,0.034266,0.034851
477647290.000,Miguel,recording,knock_twice_right,8,-0.729020,8.058146,5.419966,-0.020604,0.029539,0.041276
477647300.000,Miguel,recording,knock_twice_right,8,-0.674477,8.050188,5.438920,-0.016548,0.018916,0.040848
477647310.000,Miguel,recording,knock_twice_right,8,-0.704952,8.043483,5.437083,-0.008927,0.002822,0.034263
477647320.000,Miguel,recording,knock_twice_right,8,-0.772766,8.040976,5.433777,-0.000554,-0.013725,0.028741
477647330.000,Miguel,recording,knock_twice_right,8,-0.808560,8.050567,5.415618,0.002758,-0.021716,0.029478
477647340.000,Miguel,recording,knock_twice_right,8,-0.767970,8.041615,5.362405,-0.002264,-0.016117,0.034150
477647350.000,Miguel,recording,knock_twice_right,8,-0.727269,8.041573,5.282154,-0.014965,-0.004394,0.038157
477647360.000,Miguel,recording,knock_twice_right,8,-0.732348,8.040811,5.240163,-0.034842,0.005919,0.040853
477647370.000,Miguel,recording,knock_twice_right,8,-0.743819,8.044642,5.201224,-0.059171,0.013059,0.039296
477647380.000,Miguel,recording,knock_twice_right,8,-0.747834,8.030634,5.212769,-0.082669,0.017201,0.034418
477647390.000,Miguel,recording,knock_twice_right,8,-0.755099,7.968815,5.319459,-0.099779,0.023437,0.031361
477647400.000,Miguel,recording,knock_twice_right,8,-0.784936,7.899858,5.422049,-0.107412,0.033658,0.033646
477647410.000,Miguel,recording,knock_twice_right,8,-0.809215,7.903162,5.476052,-0.106800,0.041388,0.043875
477647420.000,Miguel,recording,knock_twice_right,8,-0.790539,7.973209,5.524992,-0.100848,0.038602,0.059733
477647430.000,Miguel,recording,knock_twice_right,8,-0.707829,8.022857,5.606377,-0.089350,0.027514,0.074337
477647440.000,Miguel,recording,knock_twice_right,8,-0.597109,8.033019,5.715987,-0.069231,0.016951,0.081640
477647450.000,Miguel,recording,knock_twice_right,8,-0.482212,8.055914,5.772715,-0.041744,0.011201,0.077927
477647460.000,Miguel,recording,knock_twice_right,8,-0.440860,8.070772,5.740818,-0.012211,0.009250,0.063598
477647470.000,Miguel,recording,knock_twice_right,8,-0.477098,8.082412,5.636121,0.012128,0.008580,0.047205
477647480.000,Miguel,recording,knock_twice_right,8,-0.551042,8.118176,5.529802,0.024874,0.006765,0.037680
477647490.000,Miguel,recording,knock_twice_right,8,-0.599506,8.152262,5.469359,0.026652,0.004638,0.036397
477647500.000,Miguel,recording,knock_twice_right,8,-0.554495,8.156233,5.489963,0.026290,0.006371,0.038061
477647510.000,Miguel,recording,knock_twice_right,8,-0.480135,8.140978,5.529097,0.031226,0.012595,0.034471
477647520.000,Miguel,recording,knock_twice_right,8,-0.449471,8.125922,5.514642,0.039545,0.014705,0.023994
477647530.000,Miguel,recording,knock_twice_right,8,-0.490034,8.168592,5.474948,0.044100,0.007775,0.013026
477647540.000,Miguel,recording,knock_twice_right,8,-0.565062,8.215527,5.419906,0.041332,-0.001622,0.006158
477647550.000,Miguel,recording,knock_twice_right,8,-0.624875,8.192723,5.363263,0.032480,-0.006825,0.004093
477647560.000,Miguel,recording,knock_twice_right,8,-0.654733,8.138656,5.326713,0.018606,-0.006957,0.005791
477647570.000,Miguel,recording,knock_twice_right,8,-0.659825,8.133510,5.281340,0.001226,-0.004223,0.007792
477647580.000,Miguel,recording,knock_twice_right,8,-0.642469,8.148854,5.231763,-0.020159,-0.002324,0.009031
477647590.000,Miguel,recording,knock_twice_right,8,-0.602306,8.182812,5.278102,-0.043191,-0.003544,0.010369
477647600.000,Miguel,recording,knock_twice_right,8,-0.577150,8.201738,5.400257,-0.059578,-0.005028,0.009295
477647610.000,Miguel,recording,knock_twice_right,8,-0.576330,8.166810,5.513975,-0.062883,-0.002151,0.005624
477647620.000,Miguel,recording,knock_twice_right,8,-0.595975,8.091668,5.551748,-0.054248,0.008549,0.001161
477647630.000,Miguel,recording,knock_twice_right,8,-0.622650,8.063332,5.555906,-0.039688,0.025191,-0.002184
477647640.000,Miguel,recording,knock_twice_right,8,-0.655750,8.073730,5.546818,-0.023228,0.040986,-0.004560
477647650.000,Miguel,recording,knock_twice_right,8,-0.712249,8.062604,5.517312,-0.007132,0.049467,-0.006990
477647660.000,Miguel,recording,knock_twice_right,8,-0.760894,8.048710,5.466762,0.008297,0.047390,-0.006473
477647670.000,Miguel,recording,knock_twice_right,8,-0.811503,8.050748,5.421544,0.022396,0.033174,-0.001492
477647680.000,Miguel,recording,knock_twice_right,8,-0.802967,8.053829,5.360607,0.031605,0.010243,0.007435
477647690.000,Miguel,recording,knock_twice_right,8,-0.748448,8.055985,5.332155,0.034276,-0.014185,0.016530
477647700.000,Miguel,recording,knock_twice_right,8,-0.681056,8.043965,5.326166,0.033475,-0.032231,0.021426
477647710.000,Miguel,recording,knock_twice_right,8,-0.607192,8.028125,5.290922,0.028688,-0.039017,0.020916
477647720.000,Miguel,recording,knock_twice_right,8,-0.536448,8.033838,5.267970,0.017836,-0.038799,0.015505
477647730.000,Miguel,recording,knock_twice_right,8,-0.482997,8.054706,5.279525,0.003121,-0.035545,0.006592
477647740.000,Miguel,recording,knock_twice_right,8,-0.434163,8.071036,5.354337,-0.010442,-0.026195,-0.005262
477647750.000,Miguel,recording,knock_twice_right,8,-0.377668,8.054847,5.419675,-0.017526,-0.010409,-0.021175
477647760.000,Miguel,recording,knock_twice_right,8,-0.367427,8.065503,5.458092,-0.020206,0.006314,-0.042665
477647770.000,Miguel,recording,knock_twice_right,8,-0.380404,8.133035,5.520867,-0.017128,0.023423,-0.064625
477647780.000,Miguel,recording,knock_twice_right,8,-0.396144,8.106810,5.569431,-0.001344,0.045686,-0.086712
477647790.000,Miguel,recording,knock_twice_right,8,-0.508783,7.927730,5.410242,0.025149,0.103775,-0.118201
477647800.000,Miguel,recording,knock_twice_right,8,-1.093670,7.796267,4.896926,0.025186,0.186486,-0.130468
477647810.000,Miguel,recording,knock_twice_right,8,-1.929481,7.926039,4.450036,-0.041293,0.228967,-0.071906
477647820.000,Miguel,recording,knock_twice_right,8,-2.150048,8.044673,4.391628,-0.156027,0.214410,0.047878
477647830.000,Miguel,recording,knock_twice_right,8,-1.781668,7.851061,4.610149,-0.267003,0.160223,0.168258
477647840.000,Miguel,recording,knock_twice_right,8,-1.194890,7.797686,5.090376,-0.331035,0.071990,0.247617
477647850.000,Miguel,recording,knock_twice_right,8,-0.641894,7.932855,5.626110,-0.330939,-0.041617,0.274611
477647860.000,Miguel,recording,knock_twice_right,8,-0.018737,8.158240,6.123663,-0.274425,-0.162268,0.242339
477647870.000,Miguel,recording,knock_twice_right,8,0.620182,8.256396,6.504508,-0.178561,-0.258166,0.146858
477647880.000,Miguel,recording,knock_twice_right,8,1.028075,8.204602,6.632694,-0.065652,-0.285553,0.001931
477647890.000,Miguel,recording,knock_twice_right,8,0.788185,8.134483,6.397715,0.030474,-0.242212,-0.150978
477647900.000,Miguel,recording,knock_twice_right,8,0.101281,7.973406,6.044325,0.085685,-0.166093,-0.266785
477647910.000,Miguel,recording,knock_twice_right,8,-0.507342,7.845893,5.736377,0.099647,-0.064258,-0.320299
477647920.000,Miguel,recording,knock_twice_right,8,-0.976960,7.889104,5.414095,0.075504,0.048213,-0.306687
477647930.000,Miguel,recording,knock_twice_right,8,-1.408241,7.965382,5.199014,0.021124,0.117148,-0.242048
477647940.000,Miguel,recording,knock_twice_right,8,-1.548877,8.103927,5.216298,-0.039051,0.121574,-0.153696
477647950.000,Miguel,recording,knock_twice_right,8,-1.397449,8.190601,5.455884,-0.076933,0.089442,-0.073057
477647960.000,Miguel,recording,knock_twice_right,8,-1.064455,8.097395,5.782554,-0.075405,0.059161,-0.021349
477647970.000,Miguel,recording,knock_twice_right,8,-0.834138,7.877494,5.985370,-0.037935,0.037429,0.005102
477647980.000,Miguel,recording,knock_twice_right,8,-0.857845,7.767901,6.040057,0.020984,0.010044,0.024477
477647990.000,Miguel,recording,knock_twice_right,8,-1.072328,7.778793,5.937624,0.089476,-0.009344,0.047540
477648000.000,Miguel,recording,knock_twice_right,8,-1.432683,7.797330,5.609893,0.145692,-0.016439,0.090032
477648010.000,Miguel,recording,knock_twice_right,8,-1.781853,7.858961,5.284346,0.165207,-0.037405,0.172246
477648020.000,Miguel,recording,knock_twice_right,8,-1.681638,7.928951,5.037379,0.143079,-0.083295,0.279881
477648030.000,Miguel,recording,knock_twice_right,8,-1.073502,7.983376,4.959959,0.095504,-0.148343,0.367937
477648040.000,Miguel,recording,knock_twice_right,8,-0.246083,8.141587,5.120810,0.049002,-0.220180,0.395840
477648050.000,Miguel,recording,knock_twice_right,8,0.432470,8.312380,5.362866,0.020924,-0.286277,0.347296
477648060.000,Miguel,recording,knock_twice_right,8,0.894937,8.423440,5.602420,0.015884,-0.320234,0.234213
477648070.000,Miguel,recording,knock_twice_right,8,0.930854,8.351074,5.678371,0.025286,-0.297463,0.089907
477648080.000,Miguel,recording,knock_twice_right,8,0.620245,8.226945,5.548382,0.025967,-0.217379,-0.046694
477648090.000,Miguel,recording,knock_twice_right,8,0.132453,8.180934,5.339411,-0.002189,-0.106021,-0.148323
477648100.000,Miguel,recording,knock_twice_right,8,-0.286384,8.135464,5.215335,-0.058669,0.008508,-0.205590
477648110.000,Miguel,recording,knock_twice_right,8,-0.630909,8.074539,5.219149,-0.125471,0.112290,-0.217234
477648120.000,Miguel,recording,knock_twice_right,8,-0.942590,8.073916,5.272413,-0.188145,0.189163,-0.191639
477648130.000,Miguel,recording,knock_twice_right,8,-1.070159,8.020303,5.367654,-0.234849,0.224775,-0.146735
477648140.000,Miguel,recording,knock_twice_right,8,-1.055003,7.971128,5.538804,-0.254716,0.219971,-0.096811
477648150.000,Miguel,recording,knock_twice_right,8,-0.973580,7.916747,5.723110,-0.245050,0.186293,-0.051320
477648160.000,Miguel,recording,knock_twice_right,8,-0.873550,7.860309,5.859537,-0.209139,0.132790,-0.014585
477648170.000,Miguel,recording,knock_twice_right,8,-0.761717,7.841363,5.985915,-0.152923,0.071004,0.011940
477648180.000,Miguel,recording,knock_twice_right,8,-0.626888,7.839162,6.046437,-0.085782,0.015333,0.026977
477648190.000,Miguel,recording,knock_twice_right,8,-0.515087,7.854127,6.006943,-0.022923,-0.023140,0.030297
477648200.000,Miguel,recording,knock_twice_right,8,-0.483071,7.894925,5.938168,0.023260,-0.038384,0.026264
477648210.000,Miguel,recording,knock_twice_right,8,-0.515575,7.959087,5.846825,0.050247,-0.027511,0.021755
477648220.000,Miguel,recording,knock_twice_right,8,-0.532330,7.979913,5.802846,0.060815,0.005824,0.020291
477648230.000,Miguel,recording,knock_twice_right,8,-0.515041,7.988233,5.771026,0.060137,0.048270,0.019857
477648240.000,Miguel,recording,knock_twice_right,8,-0.503810,7.992256,5.731827,0.052898,0.087797,0.016868
477648250.000,Miguel,recording,knock_twice_right,8,-0.516119,7.986494,5.682969,0.041666,0.120368,0.011143
477648260.000,Miguel,recording,knock_twice_right,8,-0.538511,8.002445,5.596240,0.029081,0.140100,0.005114
477648270.000,Miguel,recording,knock_twice_right,8,-0.539651,8.025376,5.493047,0.019151,0.136122,-0.002860
477648280.000,Miguel,recording,knock_twice_right,8,-0.576017,8.044314,5.350012,0.012279,0.095607,-0.016728
477648290.000,Miguel,recording,knock_twice_right,8,-0.669394,8.073398,5.172157,0.001077,0.017978,-0.033532
477648300.000,Miguel,recording,knock_twice_right,8,-0.797878,8.092922,5.060807,-0.020202,-0.072457,-0.043213
477648310.000,Miguel,recording,knock_twice_right,8,-0.866331,8.047117,5.140942,-0.049230,-0.130786,-0.033710
477648320.000,Miguel,recording,knock_twice_right,8,-0.841209,7.875930,5.466580,-0.075462,-0.114640,0.000470
477648330.000,Miguel,recording,knock_twice_right,8,-0.760907,7.687737,5.924628,-0.084184,-0.026969,0.051954
477648340.000,Miguel,recording,knock_twice_right,8,-0.578307,7.628837,6.227176,-0.061579,0.077204,0.097051
477648350.000,Miguel,recording,knock_twice_right,8,-0.338733,7.777745,6.267002,-0.002464,0.130015,0.110563
477648360.000,Miguel,recording,knock_twice_right,8,-0.164242,7.923357,6.079255,0.077435,0.091854,0.084524
477648370.000,Miguel,recording,knock_twice_right,8,-0.077184,7.941463,5.795103,0.148944,-0.032265,0.026599
477648380.000,Miguel,recording,knock_twice_right,8,-0.143487,7.896108,5.579964,0.183313,-0.157219,-0.043243
477648390.000,Miguel,recording,knock_twice_right,8,-0.383822,7.835783,5.520068,0.179038,-0.211169,-0.086588
477648400.000,Miguel,recording,knock_twice_right,8,-0.691286,7.863204,5.537894,0.155715,-0.208219,-0.086694
477648410.000,Miguel,recording,knock_twice_right,8,-0.895017,8.066621,5.513956,0.130661,-0.170958,-0.069294
477648420.000,Miguel,recording,knock_twice_right,8,-1.160049,8.514867,5.593427,0.129877,-0.074784,-0.050214
477648430.000,Miguel,recording,knock_twice_right,8,-1.366248,8.876134,5.591899,0.160303,0.048835,-0.019853
477648440.000,Miguel,recording,knock_twice_right,8,-1.151724,8.638784,5.306352,0.189128,0.091023,0.018001
477648450.000,Miguel,recording,knock_twice_right,8,-0.734276,8.074188,5.037268,0.192638,0.036544,0.041527
477648460.000,Miguel,recording,knock_twice_right,8,-0.450589,7.695345,4.943681,0.176496,-0.053972,0.046733
477648470.000,Miguel,recording,knock_twice_right,8,-0.355077,7.728832,4.885547,0.147705,-0.134322,0.046135
477648480.000,Miguel,recording,knock_twice_right,8,-0.365726,7.937780,4.811326,0.102422,-0.182432,0.046558
477648490.000,Miguel,recording,knock_twice_right,8,-0.373796,8.024952,4.759346,0.035166,-0.184649,0.041836
477648500.000,Miguel,recording,knock_twice_right,8,-0.414745,8.075117,4.778404,-0.048838,-0.130813,0.031803
477648510.000,Miguel,recording,knock_twice_right,8,-0.514749,8.114212,4.871479,-0.140544,-0.022388,0.023824
477648520.000,Miguel,recording,knock_twice_right,8,-0.593983,8.129849,5.027583,-0.232237,0.120840,0.020816
477648530.000,Miguel,recording,knock_twice_right,8,-0.634599,8.134647,5.171418,-0.315772,0.271874,0.022582
477648540.000,Miguel,recording,knock_twice_right,8,-0.655719,8.088530,5.304077,-0.382214,0.406026,0.023442
477648550.000,Miguel,recording,knock_twice_right,8,-0.738681,8.082832,5.469544,-0.424550,0.508592,0.023158
477648560.000,Miguel,recording,knock_twice_right,8,-0.873608,8.111343,5.622089,-0.439149,0.579204,0.029604
477648570.000,Miguel,recording,knock_twice_right,8,-0.953078,8.044195,5.723949,-0.431135,0.615800,0.040684
477648580.000,Miguel,recording,knock_twice_right,8,-0.943086,7.926640,5.788933,-0.409774,0.607526,0.050379
477648590.000,Miguel,recording,knock_twice_right,8,-0.894965,7.865061,5.899742,-0.375787,0.550659,0.055661
477648600.000,Miguel,recording,knock_twice_right,8,-0.822757,7.803003,6.098082,-0.323824,0.457711,0.053569
477648610.000,Miguel,recording,knock_twice_right,8,-0.725874,7.742629,6.358448,-0.249633,0.347076,0.045561
477648620.000,Miguel,recording,knock_twice_right,8,-0.632307,7.723510,6.558339,-0.154314,0.234020,0.033174
477648630.000,Miguel,recording,knock_twice_right,8,-0.578263,7.730568,6.649673,-0.043939,0.125706,0.015587
477648640.000,Miguel,recording,knock_twice_right,9,-0.547249,7.740582,6.637256,0.077151,0.023490,-0.006349
477648650.000,Miguel,recording,knock_twice_right,9,-0.545110,7.731600,6.534521,0.193241,-0.066870,-0.029148
477648660.000,Miguel,recording,knock_twice_right,9,-0.561328,7.737577,6.322450,0.287167,-0.139575,-0.051493
477648670.000,Miguel,recording,knock_twice_right,9,-0.621441,7.763509,6.068623,0.356706,-0.193390,-0.070448
477648680.000,Miguel,recording,knock_twice_right,9,-0.718002,7.822068,5.814164,0.400897,-0.224025,-0.080645
477648690.000,Miguel,recording,knock_twice_right,9,-0.796261,7.862000,5.588200,0.417194,-0.234735,-0.081893
477648700.000,Miguel,recording,knock_twice_right,9,-0.858789,7.900941,5.395324,0.407221,-0.236911,-0.076810
477648710.000,Miguel,recording,knock_twice_right,9,-0.914373,7.970194,5.234883,0.379022,-0.235641,-0.065154
477648720.000,Miguel,recording,knock_twice_right,9,-0.911523,8.027106,5.109664,0.338192,-0.230862,-0.047938
477648730.000,Miguel,recording,knock_twice_right,9,-0.889989,8.037588,5.018241,0.287674,-0.223156,-0.028754
477648740.000,Miguel,recording,knock_twice_right,9,-0.864696,8.049212,4.982928,0.231874,-0.211713,-0.010241
477648750.000,Miguel,recording,knock_twice_right,9,-0.814543,8.071876,4.993604,0.175099,-0.195399,0.008721
477648760.000,Miguel,recording,knock_twice_right,9,-0.726275,8.090310,5.030885,0.121027,-0.173354,0.024794
477648770.000,Miguel,recording,knock_twice_right,9,-0.608085,8.111405,5.062086,0.072314,-0.145469,0.031454
477648780.000,Miguel,recording,knock_twice_right,9,-0.541267,8.120727,5.101502,0.028146,-0.117631,0.029001
477648790.000,Miguel,recording,knock_twice_right,9,-0.506834,8.120381,5.152639,-0.012782,-0.093336,0.020204
477648800.000,Miguel,recording,knock_twice_right,9,-0.498730,8.106007,5.202920,-0.050369,-0.072162,0.008168
477648810.000,Miguel,recording,knock_twice_right,9,-0.498242,8.113949,5.279198,-0.084139,-0.053519,-0.003711
477648820.000,Miguel,recording,knock_twice_right,9,-0.510530,8.088836,5.368569,-0.110732,-0.034864,-0.012089
477648830.000,Miguel,recording,knock_twice_right,9,-0.537609,8.065657,5.455517,-0.126563,-0.015662,-0.016803
477648840.000,Miguel,recording,knock_twice_right,9,-0.556456,8.052554,5.550555,-0.130071,0.001001,-0.020951
477648850.000,Miguel,recording,knock_twice_right,9,-0.578557,8.037215,5.625432,-0.122452,0.013168,-0.026443
477648860.000,Miguel,recording,knock_twice_right,9,-0.587597,8.011874,5.668262,-0.105394,0.022086,-0.032791
477648870.000,Miguel,recording,knock_twice_right,9,-0.604685,7.996722,5.722294,-0.080030,0.028731,-0.038187
477648880.000,Miguel,recording,knock_twice_right,9,-0.621162,7.983508,5.754658,-0.047615,0.031204,-0.041121
477648890.000,Miguel,recording,knock_twice_right,9,-0.654111,7.996162,5.743755,-0.012213,0.023553,-0.041602
477648900.000,Miguel,recording,knock_twice_right,9,-0.702276,8.041899,5.702525,0.019140,0.003104,-0.038017
477648910.000,Miguel,recording,knock_twice_right,9,-0.737484,8.055036,5.648595,0.041268,-0.023897,-0.029584
477648920.000,Miguel,recording,knock_twice_right,9,-0.769505,8.069349,5.631445,0.053551,-0.048377,-0.017545
477648930.000,Miguel,recording,knock_twice_right,9,-0.769867,8.073690,5.616433,0.061010,-0.063472,-0.004580
477648940.000,Miguel,recording,knock_twice_right,9,-0.721286,8.048078,5.618984,0.066064,-0.066148,0.005761
477648950.000,Miguel,recording,knock_twice_right,9,-0.690622,8.001012,5.613198,0.067956,-0.056021,0.011053
477648960.000,Miguel,recording,knock_twice_right,9,-0.669064,7.985904,5.612201,0.067580,-0.034138,0.009920
477648970.000,Miguel,recording,knock_twice_right,9,-0.660591,8.006672,5.592312,0.067198,-0.002467,0.004594
477648980.000,Miguel,recording,knock_twice_right,9,-0.663955,8.034026,5.590389,0.069869,0.034875,-0.001325
477648990.000,Miguel,recording,knock_twice_right,9,-0.690597,8.037424,5.547174,0.075448,0.068018,-0.007466
477649000.000,Miguel,recording,knock_twice_right,9,-0.717479,7.994614,5.448845,0.080404,0.087911,-0.013250
477649010.000,Miguel,recording,knock_twice_right,9,-0.749471,7.996409,5.420325,0.082061,0.091135,-0.012083
477649020.000,Miguel,recording,knock_twice_right,9,-0.822557,8.050548,5.420740,0.083589,0.083702,0.000623
477649030.000,Miguel,recording,knock_twice_right,9,-0.886928,8.074329,5.422343,0.089066,0.072541,0.018654
477649040.000,Miguel,recording,knock_twice_right,9,-0.868436,8.066579,5.382358,0.093900,0.054982,0.033747
477649050.000,Miguel,recording,knock_twice_right,9,-0.814173,8.063126,5.296357,0.090307,0.029774,0.042924
477649060.000,Miguel,recording,knock_twice_right,9,-0.812600,8.090660,5.232836,0.075946,0.005707,0.048607
477649070.000,Miguel,recording,knock_twice_right,9,-0.808041,8.116893,5.209623,0.054614,-0.003344,0.054877
477649080.000,Miguel,recording,knock_twice_right,9,-0.755155,8.086306,5.205847,0.028858,0.007524,0.061844
477649090.000,Miguel,recording,knock_twice_right,9,-0.679629,8.041686,5.244466,0.000260,0.032849,0.066017
477649100.000,Miguel,recording,knock_twice_right,9,-0.616867,8.016491,5.306961,-0.025326,0.064167,0.066288
477649110.000,Miguel,recording,knock_twice_right,9,-0.567562,8.035219,5.385353,-0.042783,0.093899,0.064255
477649120.000,Miguel,recording,knock_twice_right,9,-0.502735,8.074287,5.438314,-0.051208,0.112334,0.057620
477649130.000,Miguel,recording,knock_twice_right,9,-0.463012,8.074041,5.436791,-0.051613,0.109820,0.043153
477649140.000,Miguel,recording,knock_twice_right,9,-0.473542,8.069770,5.440914,-0.045682,0.086300,0.023806
477649150.000,Miguel,recording,knock_twice_right,9,-0.511870,8.092340,5.455244,-0.035635,0.053995,0.006002
477649160.000,Miguel,recording,knock_twice_right,9,-0.535970,8.080592,5.431907,-0.025157,0.024227,-0.009406
477649170.000,Miguel,recording,knock_twice_right,9,-0.575421,8.076190,5.376832,-0.018244,-0.001469,-0.022804
477649180.000,Miguel,recording,knock_twice_right,9,-0.644560,8.102635,5.350692,-0.015330,-0.022097,-0.033400
477649190.000,Miguel,recording,knock_twice_right,9,-0.704477,8.133627,5.321497,-0.015490,-0.033810,-0.039362
477649200.000,Miguel,recording,knock_twice_right,9,-0.699763,8.130292,5.314861,-0.019440,-0.035586,-0.039661
477649210.000,Miguel,recording,knock_twice_right,9,-0.669813,8.079590,5.352921,-0.025980,-0.028102,-0.037456
477649220.000,Miguel,recording,knock_twice_right,9,-0.659097,8.032407,5.380395,-0.032930,-0.015387,-0.034087
477649230.000,Miguel,recording,knock_twice_right,9,-0.653064,8.045529,5.410342,-0.038826,-0.005311,-0.028909
477649240.000,Miguel,recording,knock_twice_right,9,-0.654906,8.063951,5.457289,-0.042280,-0.002045,-0.023472
477649250.000,Miguel,recording,knock_twice_right,9,-0.642898,8.086210,5.483309,-0.041482,-0.004404,-0.020915
477649260.000,Miguel,recording,knock_twice_right,9,-0.640226,8.083395,5.503183,-0.035749,-0.010237,-0.021227
477649270.000,Miguel,recording,knock_twice_right,9,-0.626845,8.081574,5.517066,-0.025888,-0.016372,-0.023694
477649280.000,Miguel,recording,knock_twice_right,9,-0.621366,8.066504,5.505168,-0.014229,-0.023624,-0.026979
477649290.000,Miguel,recording,knock_twice_right,9,-0.652862,8.054666,5.468478,-0.005761,-0.036257,-0.028974
477649300.000,Miguel,recording,knock_twice_right,9,-0.695094,8.073849,5.422254,-0.002298,-0.050333,-0.029329
477649310.000,Miguel,recording,knock_twice_right,9,-0.724523,8.092803,5.424727,-0.003573,-0.057625,-0.028334
477649320.000,Miguel,recording,knock_twice_right,9,-0.708445,8.099007,5.479211,-0.007767,-0.054471,-0.026412
477649330.000,Miguel,recording,knock_twice_right,9,-0.685243,8.057016,5.557182,-0.011464,-0.044309,-0.023539
477649340.000,Miguel,recording,knock_twice_right,9,-0.683934,8.023286,5.619883,-0.011715,-0.032818,-0.022216
477649350.000,Miguel,recording,knock_twice_right,9,-0.694674,8.006644,5.667094,-0.006073,-0.021707,-0.021987
477649360.000,Miguel,recording,knock_twice_right,9,-0.712832,8.014289,5.670158,0.005393,-0.012157,-0.020923
477649370.000,Miguel,recording,knock_twice_right,9,-0.731162,8.023607,5.615209,0.018834,-0.006363,-0.018212
477649380.000,Miguel,recording,knock_twice_right,9,-0.753781,8.014887,5.554020,0.030253,-0.006337,-0.013287
477649390.000,Miguel,recording,knock_twice_right,9,-0.755541,8.009092,5.489687,0.037697,-0.011798,-0.006665
477649400.000,Miguel,recording,knock_twice_right,9,-0.745954,8.008208,5.439877,0.042686,-0.019235,-0.000790
477649410.000,Miguel,recording,knock_twice_right,9,-0.721989,8.023631,5.390101,0.045576,-0.026031,0.001610
477649420.000,Miguel,recording,knock_twice_right,9,-0.686422,8.046662,5.362424,0.042251,-0.033296,0.001451
477649430.000,Miguel,recording,knock_twice_right,9,-0.658507,8.060252,5.368503,0.033162,-0.040742,-0.002177
477649440.000,Miguel,recording,knock_twice_right,9,-0.670229,8.047507,5.407584,0.023057,-0.043311,-0.008521
477649450.000,Miguel,recording,knock_twice_right,9,-0.697608,8.055859,5.436810,0.015776,-0.036610,-0.013852
477649460.000,Miguel,recording,knock_twice_right,9,-0.729952,8.072811,5.454360,0.012849,-0.019338,-0.016941
477649470.000,Miguel,recording,knock_twice_right,9,-0.708793,8.073600,5.443872,0.009722,0.003451,-0.018330
477649480.000,Miguel,recording,knock_twice_right,9,-0.678794,8.053865,5.402683,0.004124,0.021852,-0.019146
477649490.000,Miguel,recording,knock_twice_right,9,-0.685038,8.017459,5.390526,-0.001587,0.028697,-0.020819
477649500.000,Miguel,recording,knock_twice_right,9,-0.704486,8.023462,5.381026,-0.006298,0.024846,-0.023073
477649510.000,Miguel,recording,knock_twice_right,9,-0.708781,8.057772,5.377798,-0.008373,0.013138,-0.024801
477649520.000,Miguel,recording,knock_twice_right,9,-0.686108,8.076107,5.405576,-0.006598,-0.005939,-0.028959
477649530.000,Miguel,recording,knock_twice_right,9,-0.662966,8.061706,5.409321,-0.003741,-0.032456,-0.036049
477649540.000,Miguel,recording,knock_twice_right,9,-0.678389,8.048452,5.392412,-0.001973,-0.058718,-0.040752
477649550.000,Miguel,recording,knock_twice_right,9,-0.710037,8.046417,5.382147,-0.001452,-0.073385,-0.041816
477649560.000,Miguel,recording,knock_twice_right,9,-0.735303,8.027316,5.354327,-0.006691,-0.075288,-0.041249
477649570.000,Miguel,recording,knock_twice_right,9,-0.753949,8.031304,5.348277,-0.018014,-0.066589,-0.039044
477649580.000,Miguel,recording,knock_twice_right,9,-0.766928,8.022885,5.378645,-0.030356,-0.048783,-0.033887
477649590.000,Miguel,recording,knock_twice_right,9,-0.757363,8.018474,5.409348,-0.039810,-0.027165,-0.027560
477649600.000,Miguel,recording,knock_twice_right,9,-0.737787,8.026178,5.444627,-0.045143,-0.011085,-0.023203
477649610.000,Miguel,recording,knock_twice_right,9,-0.701960,8.013673,5.458464,-0.047225,-0.005021,-0.020421
477649620.000,Miguel,recording,knock_twice_right,9,-0.687758,8.018689,5.478980,-0.044683,-0.008816,-0.019112
477649630.000,Miguel,recording,knock_twice_right,9,-0.678899,8.041535,5.495988,-0.039804,-0.020949,-0.019090
477649640.000,Miguel,recording,knock_twice_right,9,-0.663160,8.090506,5.504116,-0.037358,-0.035456,-0.019455
477649650.000,Miguel,recording,knock_twice_right,9,-0.629647,8.110854,5.519736,-0.037458,-0.045133,-0.021716
477649660.000,Miguel,recording,knock_twice_right,9,-0.626404,8.102711,5.552092,-0.035671,-0.044650,-0.026704
477649670.000,Miguel,recording,knock_twice_right,9,-0.653512,8.096694,5.594360,-0.027033,-0.035131,-0.032631
477649680.000,Miguel,recording,knock_twice_right,9,-0.712924,8.079163,5.623919,-0.012303,-0.023715,-0.035245
477649690.000,Miguel,recording,knock_twice_right,9,-0.768808,8.071133,5.626055,0.003550,-0.018037,-0.032336
477649700.000,Miguel,recording,knock_twice_right,9,-0.787979,8.048152,5.583158,0.016660,-0.019881,-0.025131
477649710.000,Miguel,recording,knock_twice_right,9,-0.777319,8.023350,5.528643,0.026442,-0.026722,-0.016154
477649720.000,Miguel,recording,knock_twice_right,9,-0.776376,8.023661,5.506816,0.035052,-0.035293,-0.007520
477649730.000,Miguel,recording,knock_twice_right,9,-0.738148,8.051916,5.517705,0.044570,-0.041133,0.000454
477649740.000,Miguel,recording,knock_twice_right,9,-0.670854,8.072134,5.490259,0.050394,-0.043801,0.004788
477649750.000,Miguel,recording,knock_twice_right,9,-0.595832,8.088758,5.430637,0.046784,-0.044887,0.003273
477649760.000,Miguel,recording,knock_twice_right,9,-0.563310,8.098715,5.394677,0.034402,-0.044309,-0.003741
477649770.000,Miguel,recording,knock_twice_right,9,-0.572777,8.110814,5.406526,0.019733,-0.036899,-0.013796
477649780.000,Miguel,recording,knock_twice_right,9,-0.609436,8.099503,5.474956,0.009739,-0.018941,-0.024647
477649790.000,Miguel,recording,knock_twice_right,9,-0.668044,8.069933,5.542486,0.007967,0.008619,-0.033117
477649800.000,Miguel,recording,knock_twice_right,9,-0.728336,8.046288,5.541987,0.010979,0.036614,-0.036197
477649810.000,Miguel,recording,knock_twice_right,9,-0.777509,8.023551,5.499690,0.013422,0.050968,-0.034634
477649820.000,Miguel,recording,knock_twice_right,9,-0.829409,8.002511,5.444474,0.016336,0.047298,-0.029563
477649830.000,Miguel,recording,knock_twice_right,9,-0.881828,8.028337,5.399462,0.019212,0.027460,-0.019941
477649840.000,Miguel,recording,knock_twice_right,9,-0.881516,8.054160,5.355715,0.019143,0.000031,-0.007046
477649850.000,Miguel,recording,knock_twice_right,9,-0.816576,8.047038,5.339496,0.014648,-0.020905,0.003228
477649860.000,Miguel,recording,knock_twice_right,9,-0.740898,8.040433,5.351713,0.008282,-0.024416,0.008189
477649870.000,Miguel,recording,knock_twice_right,9,-0.709297,8.010944,5.367307,0.004609,-0.014618,0.007896
477649880.000,Miguel,recording,knock_twice_right,9,-0.724568,8.002888,5.323053,0.000997,-0.003004,0.004155
477649890.000,Miguel,recording,knock_twice_right,9,-0.735598,8.031658,5.252723,-0.009911,0.002183,0.000412
477649900.000,Miguel,recording,knock_twice_right,9,-0.748170,8.071371,5.261975,-0.027201,-0.001521,-0.001469
477649910.000,Miguel,recording,knock_twice_right,9,-0.772734,8.078072,5.360462,-0.041334,-0.004831,-0.000695
477649920.000,Miguel,recording,knock_twice_right,9,-0.750488,8.043631,5.460486,-0.046090,-0.003215,0.000469
477649930.000,Miguel,recording,knock_twice_right,9,-0.725652,8.010043,5.512395,-0.042685,-0.000835,-0.000214
477649940.000,Miguel,recording,knock_twice_right,9,-0.742881,8.018892,5.517927,-0.036573,-0.002190,-0.000518
477649950.000,Miguel,recording,knock_twice_right,9,-0.755070,8.042253,5.496485,-0.031985,-0.007186,0.000169
477649960.000,Miguel,recording,knock_twice_right,9,-0.746509,8.047522,5.522073,-0.028538,-0.009842,0.000374
477649970.000,Miguel,recording,knock_twice_right,9,-0.740273,8.043124,5.548738,-0.022985,-0.007527,-0.000368
477649980.000,Miguel,recording,knock_twice_right,9,-0.727781,8.034242,5.531523,-0.016258,-0.004030,-0.002642
477649990.000,Miguel,recording,knock_twice_right,9,-0.744267,8.045216,5.490793,-0.013456,-0.002957,-0.005523
477650000.000,Miguel,recording,knock_twice_right,9,-0.761514,8.071696,5.461479,-0.016089,-0.005773,-0.005250
477650010.000,Miguel,recording,knock_twice_right,9,-0.767869,8.087574,5.504759,-0.019016,-0.007377,-0.001640
477650020.000,Miguel,recording,knock_twice_right,9,-0.742811,8.049305,5.552924,-0.014789,-0.002836,0.000777
477650030.000,Miguel,recording,knock_twice_right,9,-0.717737,8.010002,5.550414,-0.002783,0.002485,0.001053
477650040.000,Miguel,recording,knock_twice_right,9,-0.716825,7.996538,5.499286,0.010822,0.002107,0.001243
477650050.000,Miguel,recording,knock_twice_right,9,-0.733599,8.023140,5.438052,0.020723,-0.008239,0.002143
477650060.000,Miguel,recording,knock_twice_right,9,-0.731914,8.073534,5.363364,0.021544,-0.026186,0.004497
477650070.000,Miguel,recording,knock_twice_right,9,-0.739958,8.108079,5.330889,0.014063,-0.044099,0.007916
477650080.000,Miguel,recording,knock_twice_right,9,-0.720056,8.097628,5.371074,0.005322,-0.053987,0.011568
477650090.000,Miguel,recording,knock_twice_right,9,-0.679836,8.054976,5.401751,-0.001482,-0.050235,0.014751
477650100.000,Miguel,recording,knock_twice_right,9,-0.620590,8.023655,5.400481,-0.009655,-0.037896,0.016346
477650110.000,Miguel,recording,knock_twice_right,9,-0.581164,8.038167,5.416724,-0.022317,-0.025164,0.015970
477650120.000,Miguel,recording,knock_twice_right,9,-0.570270,8.056769,5.444437,-0.035771,-0.014311,0.012238
477650130.000,Miguel,recording,knock_twice_right,9,-0.566993,8.057295,5.475603,-0.043499,-0.004790,0.005594
477650140.000,Miguel,recording,knock_twice_right,9,-0.564842,8.030523,5.504357,-0.042710,0.003348,-0.002201
477650150.000,Miguel,recording,knock_twice_right,9,-0.567698,8.004099,5.493405,-0.038632,0.008709,-0.010404
477650160.000,Miguel,recording,knock_twice_right,9,-0.593426,8.037849,5.464342,-0.036056,0.007858,-0.017293
477650170.000,Miguel,recording,knock_twice_right,9,-0.634777,8.083537,5.436307,-0.035203,0.000596,-0.022734
477650180.000,Miguel,recording,knock_twice_right,9,-0.695756,8.092142,5.425659,-0.036972,-0.007366,-0.027975
477650190.000,Miguel,recording,knock_twice_right,9,-0.727055,8.073218,5.476449,-0.038680,-0.010663,-0.030957
477650200.000,Miguel,recording,knock_twice_right,9,-0.737350,8.023410,5.544241,-0.036148,-0.006185,-0.029670
477650210.000,Miguel,recording,knock_twice_right,9,-0.760691,7.996992,5.560577,-0.030758,0.002051,-0.025479
477650220.000,Miguel,recording,knock_twice_right,9,-0.803138,7.997827,5.572718,-0.025440,0.005301,-0.017922
477650230.000,Miguel,recording,knock_twice_right,9,-0.821535,8.034712,5.608224,-0.019401,0.001711,-0.007246
477650240.000,Miguel,recording,knock_twice_right,9,-0.802366,8.037556,5.667500,-0.008216,-0.002335,0.002660
477650250.000,Miguel,recording,knock_twice_right,9,-0.739519,8.041834,5.682724,0.007641,-0.002543,0.008922
477650260.000,Miguel,recording,knock_twice_right,9,-0.686787,8.049426,5.633888,0.021413,-0.002724,0.010474
477650270.000,Miguel,recording,knock_twice_right,9,-0.675594,8.069962,5.571225,0.026925,-0.005745,0.009018
477650280.000,Miguel,recording,knock_twice_right,9,-0.683200,8.072651,5.523012,0.024505,-0.009163,0.005960
477650290.000,Miguel,recording,knock_twice_right,9,-0.708565,8.058178,5.522138,0.018408,-0.007818,0.001422
477650300.000,Miguel,recording,knock_twice_right,9,-0.747635,8.047800,5.530652,0.012418,0.003424,-0.001322
477650310.000,Miguel,recording,knock_twice_right,9,-0.778488,8.045372,5.507899,0.007849,0.020067,-0.000198
477650320.000,Miguel,recording,knock_twice_right,9,-0.783524,8.035758,5.469161,0.001529,0.030615,0.004899
477650330.000,Miguel,recording,knock_twice_right,9,-0.784557,8.047310,5.436554,-0.008384,0.029094,0.012020
477650340.000,Miguel,recording,knock_twice_right,9,-0.774843,8.069430,5.428947,-0.019552,0.018595,0.018174
477650350.000,Miguel,recording,knock_twice_right,9,-0.738622,8.068308,5.458112,-0.026926,0.007240,0.021724
477650360.000,Miguel,recording,knock_twice_right,9,-0.707760,8.049467,5.508895,-0.028490,0.001955,0.023026
477650370.000,Miguel,recording,knock_twice_right,9,-0.657830,8.012901,5.560986,-0.024099,0.003777,0.022471
477650380.000,Miguel,recording,knock_twice_right,9,-0.641482,7.998013,5.578707,-0.014570,0.008736,0.019963
477650390.000,Miguel,recording,knock_twice_right,9,-0.655997,8.032568,5.568161,-0.004797,0.010236,0.016671
477650400.000,Miguel,recording,knock_twice_right,9,-0.666938,8.059922,5.545502,0.004281,0.007723,0.014151
477650410.000,Miguel,recording,knock_twice_right,9,-0.648246,8.058958,5.535533,0.013533,0.005801,0.013718
477650420.000,Miguel,recording,knock_twice_right,9,-0.616039,8.036040,5.529534,0.022739,0.007528,0.012952
477650430.000,Miguel,recording,knock_twice_right,9,-0.576070,8.002192,5.488293,0.030557,0.010620,0.009894
477650440.000,Miguel,recording,knock_twice_right,9,-0.576200,8.013846,5.443105,0.033675,0.008951,0.004718
477650450.000,Miguel,recording,knock_twice_right,9,-0.596846,8.049896,5.388696,0.030662,0.001105,-0.001996
477650460.000,Miguel,recording,knock_twice_right,9,-0.643198,8.054243,5.362721,0.024386,-0.006908,-0.009715
477650470.000,Miguel,recording,knock_twice_right,9,-0.702790,8.042298,5.365059,0.017291,-0.007338,-0.015858
477650480.000,Miguel,recording,knock_twice_right,9,-0.742146,8.025409,5.355525,0.009990,-0.001553,-0.016774
477650490.000,Miguel,recording,knock_twice_right,9,-0.748684,8.035420,5.323376,0.000047,0.002986,-0.012053
477650500.000,Miguel,recording,knock_twice_right,9,-0.744388,8.050422,5.314797,-0.016457,0.000967,-0.005740
477650510.000,Miguel,recording,knock_twice_right,9,-0.718790,8.067244,5.350414,-0.036231,-0.005404,-0.002139
477650520.000,Miguel,recording,knock_twice_right,9,-0.685226,8.035292,5.416693,-0.051317,-0.006492,-0.000623
477650530.000,Miguel,recording,knock_twice_right,9,-0.672198,7.982708,5.493369,-0.059294,0.001084,-0.000018
477650540.000,Miguel,recording,knock_twice_right,9,-0.675983,7.976253,5.554601,-0.062970,0.010505,-0.000001
477650550.000,Miguel,recording,knock_twice_right,9,-0.702762,7.980575,5.600003,-0.062224,0.015393,-0.000316
477650560.000,Miguel,recording,knock_twice_right,9,-0.732399,7.973401,5.648992,-0.054968,0.016109,-0.000015
477650570.000,Miguel,recording,knock_twice_right,9,-0.757995,7.978086,5.668935,-0.041291,0.015073,0.001262
477650580.000,Miguel,recording,knock_twice_right,9,-0.757523,7.975353,5.654611,-0.026680,0.011073,0.003296
477650590.000,Miguel,recording,knock_twice_right,9,-0.766894,7.982146,5.639470,-0.015289,0.003296,0.005972
477650600.000,Miguel,recording,knock_twice_right,9,-0.773859,7.972422,5.629465,-0.005406,-0.003925,0.009204
477650610.000,Miguel,recording,knock_twice_right,9,-0.760739,7.985906,5.625749,0.005249,-0.006993,0.012992
477650620.000,Miguel,recording,knock_twice_right,9,-0.739859,8.005148,5.607538,0.015001,-0.007869,0.014740
477650630.000,Miguel,recording,knock_twice_right,9,-0.719332,8.004263,5.559928,0.021968,-0.007905,0.014876
477650640.000,Miguel,recording,knock_twice_right,9,-0.724243,7.990378,5.524083,0.026041,-0.006328,0.015080
477650650.000,Miguel,recording,knock_twice_right,9,-0.743393,7.981967,5.487500,0.026334,-0.003272,0.015217
477650660.000,Miguel,recording,knock_twice_right,9,-0.766602,7.994842,5.453897,0.023538,0.000215,0.016301
477650670.000,Miguel,recording,knock_twice_right,9,-0.782862,7.996664,5.424467,0.017962,0.004109,0.020322
477650680.000,Miguel,recording,knock_twice_right,9,-0.777080,7.992266,5.401653,0.009414,0.007706,0.025802
477650690.000,Miguel,recording,knock_twice_right,9,-0.748276,7.996582,5.400741,-0.002479,0.008758,0.030538
477650700.000,Miguel,recording,knock_twice_right,9,-0.717444,8.003394,5.452169,-0.013846,0.009516,0.035185
477650710.000,Miguel,recording,knock_twice_right,9,-0.669940,8.003762,5.509764,-0.018828,0.011231,0.037350
477650720.000,Miguel,recording,knock_twice_right,9,-0.640306,7.993472,5.524935,-0.016826,0.011447,0.035091
477650730.000,Miguel,recording,knock_twice_right,9,-0.627906,8.004365,5.542560,-0.009996,0.008802,0.030644
477650740.000,Miguel,recording,knock_twice_right,9,-0.607338,8.019651,5.555385,-0.000918,0.002766,0.026635
477650750.000,Miguel,recording,knock_twice_right,9,-0.554441,8.063126,5.562445,0.007297,-0.002996,0.021829
477650760.000,Miguel,recording,knock_twice_right,9,-0.495344,8.087701,5.560524,0.014486,-0.003293,0.012302
477650770.000,Miguel,recording,knock_twice_right,9,-0.463713,8.077894,5.554549,0.019146,0.003307,-0.001635
477650780.000,Miguel,recording,knock_twice_right,9,-0.441795,8.086828,5.570267,0.019233,0.018965,-0.015412
477650790.000,Miguel,recording,knock_twice_right,9,-0.442743,8.063949,5.644047,0.022895,0.046735,-0.029370
477650800.000,Miguel,recording,knock_twice_right,9,-0.465541,8.026921,5.738943,0.036889,0.082627,-0.042029
477650810.000,Miguel,recording,knock_twice_right,9,-0.649450,7.913816,5.638215,0.061151,0.134234,-0.052267
477650820.000,Miguel,recording,knock_twice_right,9,-1.410925,7.833635,5.214261,0.075963,0.218115,-0.036782
477650830.000,Miguel,recording,knock_twice_right,9,-2.185239,8.015503,4.844162,0.044796,0.297857,0.046107
477650840.000,Miguel,recording,knock_twice_right,9,-2.043208,8.049553,4.750388,-0.038088,0.320650,0.175154
477650850.000,Miguel,recording,knock_twice_right,9,-1.329559,7.802346,4.794247,-0.134233,0.284639,0.278645
477650860.000,Miguel,recording,knock_twice_right,9,-0.519298,7.883413,5.136245,-0.202673,0.198878,0.315203
477650870.000,Miguel,recording,knock_twice_right,9,-0.024653,8.162914,5.567597,-0.224187,0.067687,0.282927
477650880.000,Miguel,recording,knock_twice_right,9,0.647765,8.300714,5.989810,-0.198436,-0.074653,0.182889
477650890.000,Miguel,recording,knock_twice_right,9,1.206694,8.221190,6.271967,-0.140288,-0.181015,0.016737
477650900.000,Miguel,recording,knock_twice_right,9,1.066321,8.015285,6.537058,-0.058066,-0.232504,-0.175757
477650910.000,Miguel,recording,knock_twice_right,9,0.464729,7.791149,6.565787,0.041385,-0.194067,-0.329211
477650920.000,Miguel,recording,knock_twice_right,9,-0.153432,7.603402,6.064629,0.121880,-0.067460,-0.408245
477650930.000,Miguel,recording,knock_twice_right,9,-0.857779,7.673120,5.493704,0.145288,0.063904,-0.409391
477650940.000,Miguel,recording,knock_twice_right,9,-1.393999,8.053367,5.195809,0.115798,0.142118,-0.349084
477650950.000,Miguel,recording,knock_twice_right,9,-1.631106,8.359024,5.190732,0.068451,0.169157,-0.263757
477650960.000,Miguel,recording,knock_twice_right,9,-1.592396,8.354248,5.408116,0.039848,0.176398,-0.181696
477650970.000,Miguel,recording,knock_twice_right,9,-1.420992,8.050583,5.687894,0.045219,0.178369,-0.113298
477650980.000,Miguel,recording,knock_twice_right,9,-1.298963,7.744411,5.857451,0.080226,0.160047,-0.056475
477650990.000,Miguel,recording,knock_twice_right,9,-1.250216,7.691194,5.860827,0.134955,0.118707,-0.005011
477651000.000,Miguel,recording,knock_twice_right,9,-1.661097,7.678551,5.563016,0.195815,0.077392,0.052306
477651010.000,Miguel,recording,knock_twice_right,9,-2.331012,7.846712,5.214130,0.237416,0.035199,0.149781
477651020.000,Miguel,recording,knock_twice_right,9,-2.300622,8.051112,4.911810,0.230913,-0.024585,0.287754
477651030.000,Miguel,recording,knock_twice_right,9,-1.622360,8.008952,4.629599,0.174625,-0.106880,0.404795
477651040.000,Miguel,recording,knock_twice_right,9,-0.696107,8.083609,4.690327,0.097104,-0.206884,0.450991
477651050.000,Miguel,recording,knock_twice_right,9,0.063392,8.257549,4.989636,0.031663,-0.292864,0.415403
477651060.000,Miguel,recording,knock_twice_right,9,0.640857,8.281550,5.261176,-0.006856,-0.328658,0.306604
477651070.000,Miguel,recording,knock_twice_right,9,0.957578,8.221182,5.365601,-0.029151,-0.306271,0.150463
477651080.000,Miguel,recording,knock_twice_right,9,0.804817,8.129388,5.384804,-0.053262,-0.243071,-0.011423
477651090.000,Miguel,recording,knock_twice_right,9,0.286715,8.099506,5.407519,-0.083456,-0.159315,-0.143001
477651100.000,Miguel,recording,knock_twice_right,9,-0.269877,8.030563,5.458294,-0.109198,-0.053732,-0.225293
477651110.000,Miguel,recording,knock_twice_right,9,-0.692077,7.985621,5.463144,-0.123144,0.069123,-0.253865
477651120.000,Miguel,recording,knock_twice_right,9,-1.028962,7.997523,5.406163,-0.129883,0.164568,-0.237496
477651130.000,Miguel,recording,knock_twice_right,9,-1.275502,8.009222,5.396184,-0.132028,0.191625,-0.190489
477651140.000,Miguel,recording,knock_twice_right,9,-1.371203,8.014519,5.441766,-0.123477,0.152636,-0.128278
477651150.000,Miguel,recording,knock_twice_right,9,-1.344905,7.965889,5.503014,-0.100234,0.077977,-0.063745
477651160.000,Miguel,recording,knock_twice_right,9,-1.244076,7.926353,5.539660,-0.065333,-0.000759,-0.003130
477651170.000,Miguel,recording,knock_twice_right,9,-1.064790,7.896526,5.543320,-0.028251,-0.066445,0.047478
477651180.000,Miguel,recording,knock_twice_right,9,-0.853680,7.903806,5.536289,0.001472,-0.115876,0.083377
477651190.000,Miguel,recording,knock_twice_right,9,-0.651520,7.982339,5.531676,0.020856,-0.145782,0.102781
477651200.000,Miguel,recording,knock_twice_right,9,-0.481143,8.034668,5.516168,0.029611,-0.152119,0.103761
477651210.000,Miguel,recording,knock_twice_right,9,-0.363724,8.046692,5.443557,0.026701,-0.135859,0.088581
477651220.000,Miguel,recording,knock_twice_right,9,-0.319239,8.056986,5.341572,0.012484,-0.105774,0.065105
477651230.000,Miguel,recording,knock_twice_right,9,-0.361449,8.115961,5.279773,-0.011852,-0.073909,0.039724
477651240.000,Miguel,recording,knock_twice_right,9,-0.432745,8.181924,5.282074,-0.042362,-0.048730,0.015993
477651250.000,Miguel,recording,knock_twice_right,9,-0.482652,8.201190,5.381308,-0.069195,-0.029294,-0.006090
477651260.000,Miguel,recording,knock_twice_right,9,-0.489108,8.165123,5.466450,-0.085870,-0.009210,-0.027392
477651270.000,Miguel,recording,knock_twice_right,9,-0.512920,8.084603,5.498582,-0.094697,0.012154,-0.045287
477651280.000,Miguel,recording,knock_twice_right,9,-0.593167,8.047856,5.500888,-0.102699,0.026926,-0.055966
477651290.000,Miguel,recording,knock_twice_right,9,-0.714058,8.059340,5.507028,-0.111525,0.028114,-0.056618
477651300.000,Miguel,recording,knock_twice_right,9,-0.821604,8.053303,5.534065,-0.119250,0.016520,-0.047714
477651310.000,Miguel,recording,knock_twice_right,9,-0.845353,8.019285,5.592028,-0.124130,0.000356,-0.031176
477651320.000,Miguel,recording,knock_twice_right,9,-0.753584,7.983939,5.715851,-0.121225,-0.007272,-0.013428
477651330.000,Miguel,recording,knock_twice_right,9,-0.585230,7.911546,5.817006,-0.109614,-0.000386,-0.004530
477651340.000,Miguel,recording,knock_twice_right,9,-0.487076,7.827406,5.846167,-0.091728,0.013385,-0.007122
477651350.000,Miguel,recording,knock_twice_right,9,-0.502829,7.801922,5.836586,-0.070617,0.021237,-0.014470
477651360.000,Miguel,recording,knock_twice_right,9,-0.560698,7.798388,5.831893,-0.047618,0.018847,-0.019090
477651370.000,Miguel,recording,knock_twice_right,9,-0.565458,7.781340,5.804639,-0.021177,0.011201,-0.020832
477651380.000,Miguel,recording,knock_twice_right,9,-0.560677,7.769172,5.750119,0.005199,-0.002134,-0.022003
477651390.000,Miguel,recording,knock_twice_right,9,-0.585813,7.785477,5.663133,0.024412,-0.025277,-0.021565
477651400.000,Miguel,recording,knock_twice_right,9,-0.617654,7.840185,5.570775,0.031730,-0.054982,-0.017554
477651410.000,Miguel,recording,knock_twice_right,9,-0.645991,7.886128,5.528413,0.029929,-0.079629,-0.009456
477651420.000,Miguel,recording,knock_twice_right,9,-0.620188,7.923098,5.541135,0.023839,-0.090129,-0.000505
477651430.000,Miguel,recording,knock_twice_right,9,-0.531203,7.922999,5.591221,0.018553,-0.083522,0.003114
477651440.000,Miguel,recording,knock_twice_right,9,-0.442731,7.909645,5.585272,0.015995,-0.064035,-0.003084
477651450.000,Miguel,recording,knock_twice_right,9,-0.442987,7.928906,5.546606,0.011362,-0.045620,-0.016561
477651460.000,Miguel,recording,knock_twice_right,9,-0.509779,7.966508,5.515961,0.003514,-0.037767,-0.029809
477651470.000,Miguel,recording,knock_twice_right,9,-0.598508,7.986632,5.497307,-0.004962,-0.040768,-0.036251
477651480.000,Miguel,recording,knock_twice_right,9,-0.638563,8.001069,5.494327,-0.013970,-0.051293,-0.035472
477651490.000,Miguel,recording,knock_twice_right,9,-0.618043,8.008421,5.514505,-0.024092,-0.061515,-0.032071
477651500.000,Miguel,recording,knock_twice_right,9,-0.562608,8.025347,5.550291,-0.032269,-0.065598,-0.028627
477651510.000,Miguel,recording,knock_twice_right,9,-0.543469,8.076433,5.591205,-0.035988,-0.064963,-0.026348
477651520.000,Miguel,recording,knock_twice_right,9,-0.526927,8.143176,5.611173,-0.036683,-0.065267,-0.027106
477651530.000,Miguel,recording,knock_twice_right,9,-0.507434,8.187531,5.653876,-0.034990,-0.070749,-0.030902
477651540.000,Miguel,recording,knock_twice_right,9,-0.484922,8.232159,5.740815,-0.026444,-0.076989,-0.036241
477651550.000,Miguel,recording,knock_twice_right,9,-0.450952,8.236556,5.804714,-0.010989,-0.078124,-0.045031
477651560.000,Miguel,recording,knock_twice_right,9,-0.435924,8.241375,5.818468,0.006126,-0.078121,-0.057655
477651570.000,Miguel,recording,knock_twice_right,9,-0.466489,8.271729,5.791061,0.024016,-0.082735,-0.071246
477651580.000,Miguel,recording,knock_twice_right,9,-0.539923,8.280829,5.740147,0.037989,-0.091829,-0.084468
477651590.000,Miguel,recording,knock_twice_right,9,-0.611362,8.261375,5.722169,0.044482,-0.099010,-0.094087
477651600.000,Miguel,recording,knock_twice_right,9,-0.620727,8.218461,5.740937,0.049630,-0.094187,-0.098642
477651610.000,Miguel,recording,knock_twice_right,9,-0.591143,8.158973,5.730063,0.055396,-0.078262,-0.101538
477651620.000,Miguel,recording,knock_twice_right,9,-0.611420,8.114238,5.680868,0.058455,-0.065940,-0.102944
477651630.000,Miguel,recording,knock_twice_right,9,-0.676565,8.134171,5.642857,0.060722,-0.067144,-0.101204
477651640.000,Miguel,recording,knock_twice_right,9,-0.709927,8.146617,5.637342,0.065720,-0.081793,-0.096886
477651650.000,Miguel,recording,knock_twice_right,9,-0.708531,8.109864,5.640524,0.074043,-0.102725,-0.092118
477651660.000,Miguel,recording,knock_twice_right,9,-0.684497,8.063860,5.633681,0.086374,-0.120695,-0.087850
477651670.000,Miguel,recording,knock_twice_right,10,-0.643026,8.027495,5.610510,0.100077,-0.137228,-0.084150
477651680.000,Miguel,recording,knock_twice_right,10,-0.600059,8.007788,5.574932,0.111107,-0.157282,-0.083323
477651690.000,Miguel,recording,knock_twice_right,10,-0.568767,8.015712,5.561170,0.121350,-0.178373,-0.087078
477651700.000,Miguel,recording,knock_twice_right,10,-0.550416,8.003054,5.554853,0.133832,-0.194697,-0.095386
477651710.000,Miguel,recording,knock_twice_right,10,-0.549720,7.969453,5.515857,0.146976,-0.205401,-0.106803
477651720.000,Miguel,recording,knock_twice_right,10,-0.606486,7.949041,5.476634,0.161772,-0.216064,-0.116058
477651730.000,Miguel,recording,knock_twice_right,10,-0.665576,7.941485,5.480019,0.181425,-0.233514,-0.117713
477651740.000,Miguel,recording,knock_twice_right,10,-0.652053,7.937125,5.488442,0.206253,-0.264110,-0.112597
477651750.000,Miguel,recording,knock_twice_right,10,-0.581838,7.933666,5.456233,0.232698,-0.308037,-0.105743
477651760.000,Miguel,recording,knock_twice_right,10,-0.530175,7.921238,5.416632,0.256727,-0.356696,-0.100338
477651770.000,Miguel,recording,knock_twice_right,10,-0.500916,7.946988,5.342974,0.273750,-0.402443,-0.097210
477651780.000,Miguel,recording,knock_twice_right,10,-0.452227,8.006984,5.219554,0.278455,-0.437522,-0.098384
477651790.000,Miguel,recording,knock_twice_right,10,-0.391677,8.069388,5.093224,0.266518,-0.448870,-0.108436
477651800.000,Miguel,recording,knock_twice_right,10,-0.355404,8.113780,4.990478,0.233999,-0.425479,-0.127690
477651810.000,Miguel,recording,knock_twice_right,10,-0.331642,8.129745,4.894931,0.183280,-0.361832,-0.150593
477651820.000,Miguel,recording,knock_twice_right,10,-0.327371,8.128905,4.827429,0.117840,-0.269450,-0.173463
477651830.000,Miguel,recording,knock_twice_right,10,-0.389917,8.108167,4.821044,0.043326,-0.170331,-0.193212
477651840.000,Miguel,recording,knock_twice_right,10,-0.496044,8.131158,4.864777,-0.030152,-0.082350,-0.208977
477651850.000,Miguel,recording,knock_twice_right,10,-0.567593,8.155184,4.914535,-0.091527,-0.023795,-0.221886
477651860.000,Miguel,recording,knock_twice_right,10,-0.621404,8.149630,4.979556,-0.132441,-0.011034,-0.228833
477651870.000,Miguel,recording,knock_twice_right,10,-0.631976,8.153706,5.081077,-0.152799,-0.052016,-0.229980
477651880.000,Miguel,recording,knock_twice_right,10,-0.582239,8.183734,5.181133,-0.157270,-0.138095,-0.228750
477651890.000,Miguel,recording,knock_twice_right,10,-0.537038,8.157933,5.255260,-0.149679,-0.246618,-0.231033
477651900.000,Miguel,recording,knock_twice_right,10,-0.516033,8.110491,5.351316,-0.136167,-0.349714,-0.244229
477651910.000,Miguel,recording,knock_twice_right,10,-0.527264,8.077196,5.475355,-0.122566,-0.415910,-0.261744
477651920.000,Miguel,recording,knock_twice_right,10,-0.572912,8.026055,5.584488,-0.108690,-0.421643,-0.272083
477651930.000,Miguel,recording,knock_twice_right,10,-0.620494,7.971277,5.636242,-0.094255,-0.371899,-0.272422
477651940.000,Miguel,recording,knock_twice_right,10,-0.658166,7.870374,5.624549,-0.080825,-0.298638,-0.262890
477651950.000,Miguel,recording,knock_twice_right,10,-0.701947,7.799083,5.582429,-0.069904,-0.238048,-0.244671
477651960.000,Miguel,recording,knock_twice_right,10,-0.742637,7.800827,5.491069,-0.063747,-0.208550,-0.221089
477651970.000,Miguel,recording,knock_twice_right,10,-0.754698,7.870594,5.416457,-0.061573,-0.206294,-0.194819
477651980.000,Miguel,recording,knock_twice_right,10,-0.734635,7.948341,5.416794,-0.059777,-0.218922,-0.168928
477651990.000,Miguel,recording,knock_twice_right,10,-0.686796,7.985865,5.457223,-0.054957,-0.236914,-0.147407
477652000.000,Miguel,recording,knock_twice_right,10,-0.652403,7.962044,5.489335,-0.044675,-0.257125,-0.133179
477652010.000,Miguel,recording,knock_twice_right,10,-0.640829,7.932388,5.500027,-0.034403,-0.278040,-0.122959
477652020.000,Miguel,recording,knock_twice_right,10,-0.645053,7.942035,5.522281,-0.026145,-0.295061,-0.111039
477652030.000,Miguel,recording,knock_twice_right,10,-0.589226,7.977371,5.558965,-0.018489,-0.304442,-0.098694
477652040.000,Miguel,recording,knock_twice_right,10,-0.495700,8.017646,5.602496,-0.011717,-0.305407,-0.091298
477652050.000,Miguel,recording,knock_twice_right,10,-0.387747,8.028267,5.630262,-0.002412,-0.300992,-0.094459
477652060.000,Miguel,recording,knock_twice_right,10,-0.309058,8.033162,5.643287,0.009904,-0.298244,-0.108782
477652070.000,Miguel,recording,knock_twice_right,10,-0.280703,8.051538,5.638652,0.023250,-0.302270,-0.129842
477652080.000,Miguel,recording,knock_twice_right,10,-0.309562,8.080637,5.629190,0.036125,-0.308411,-0.150284
477652090.000,Miguel,recording,knock_twice_right,10,-0.368268,8.093874,5.636195,0.048099,-0.307826,-0.163750
477652100.000,Miguel,recording,knock_twice_right,10,-0.423177,8.090082,5.609078,0.056788,-0.299529,-0.170964
477652110.000,Miguel,recording,knock_twice_right,10,-0.457361,8.090527,5.583397,0.060903,-0.288845,-0.176437
477652120.000,Miguel,recording,knock_twice_right,10,-0.465414,8.104194,5.549382,0.061051,-0.280634,-0.182285
477652130.000,Miguel,recording,knock_twice_right,10,-0.502622,8.111317,5.537890,0.059215,-0.276705,-0.186650
477652140.000,Miguel,recording,knock_twice_right,10,-0.540077,8.108806,5.574844,0.059385,-0.276640,-0.186416
477652150.000,Miguel,recording,knock_twice_right,10,-0.551002,8.138434,5.647740,0.063846,-0.279276,-0.181182
477652160.000,Miguel,recording,knock_twice_right,10,-0.520922,8.184507,5.719073,0.074588,-0.287041,-0.172325
477652170.000,Miguel,recording,knock_twice_right,10,-0.474457,8.233232,5.751160,0.093368,-0.301897,-0.165883
477652180.000,Miguel,recording,knock_twice_right,10,-0.414804,8.250349,5.718565,0.116725,-0.321082,-0.169837
477652190.000,Miguel,recording,knock_twice_right,10,-0.369811,8.257967,5.658114,0.137908,-0.340603,-0.185371
477652200.000,Miguel,recording,knock_twice_right,10,-0.373001,8.258449,5.600215,0.155210,-0.353743,-0.207608
477652210.000,Miguel,recording,knock_twice_right,10,-0.385271,8.199852,5.522216,0.166351,-0.359290,-0.230962
477652220.000,Miguel,recording,knock_twice_right,10,-0.404325,8.143984,5.424456,0.167374,-0.362461,-0.253850
477652230.000,Miguel,recording,knock_twice_right,10,-0.459446,8.077040,5.321045,0.157858,-0.366035,-0.274624
477652240.000,Miguel,recording,knock_twice_right,10,-0.537339,8.024934,5.241311,0.139591,-0.370278,-0.288991
477652250.000,Miguel,recording,knock_twice_right,10,-0.606363,8.003102,5.202191,0.115987,-0.374840,-0.293916
477652260.000,Miguel,recording,knock_twice_right,10,-0.664299,7.990389,5.195361,0.091504,-0.378510,-0.289606
477652270.000,Miguel,recording,knock_twice_right,10,-0.664391,7.986194,5.230340,0.070864,-0.381838,-0.280848
477652280.000,Miguel,recording,knock_twice_right,10,-0.628612,7.985241,5.280640,0.057042,-0.390234,-0.274453
477652290.000,Miguel,recording,knock_twice_right,10,-0.607983,8.027462,5.345970,0.050088,-0.404412,-0.271756
477652300.000,Miguel,recording,knock_twice_right,10,-0.579575,8.079883,5.411094,0.049452,-0.417448,-0.270714
477652310.000,Miguel,recording,knock_twice_right,10,-0.539570,8.094805,5.453496,0.055101,-0.423932,-0.269510
477652320.000,Miguel,recording,knock_twice_right,10,-0.521561,8.142269,5.490880,0.064296,-0.425792,-0.268602
477652330.000,Miguel,recording,knock_twice_right,10,-0.512848,8.184683,5.478441,0.072672,-0.425091,-0.271501
477652340.000,Miguel,recording,knock_twice_right,10,-0.523001,8.225108,5.464603,0.078904,-0.418608,-0.278590
477652350.000,Miguel,recording,knock_twice_right,10,-0.519868,8.269140,5.472703,0.084219,-0.402546,-0.287012
477652360.000,Miguel,recording,knock_twice_right,10,-0.501675,8.271203,5.439485,0.086907,-0.378351,-0.297864
477652370.000,Miguel,recording,knock_twice_right,10,-0.521972,8.262726,5.388428,0.084405,-0.355072,-0.310677
477652380.000,Miguel,recording,knock_twice_right,10,-0.590366,8.258625,5.367584,0.076927,-0.341757,-0.320824
477652390.000,Miguel,recording,knock_twice_right,10,-0.644074,8.236677,5.361014,0.066419,-0.339066,-0.325471
477652400.000,Miguel,recording,knock_twice_right,10,-0.666876,8.194404,5.373562,0.056872,-0.340473,-0.323705
477652410.000,Miguel,recording,knock_twice_right,10,-0.651045,8.109248,5.350893,0.048764,-0.341978,-0.319584
477652420.000,Miguel,recording,knock_twice_right,10,-0.609436,8.017787,5.320901,0.038539,-0.346557,-0.316808
477652430.000,Miguel,recording,knock_twice_right,10,-0.607038,7.955816,5.313078,0.025513,-0.354958,-0.317111
477652440.000,Miguel,recording,knock_twice_right,10,-0.621225,7.909144,5.359541,0.012353,-0.359668,-0.319896
477652450.000,Miguel,recording,knock_twice_right,10,-0.636552,7.856299,5.410365,0.001736,-0.353885,-0.319246
477652460.000,Miguel,recording,knock_twice_right,10,-0.653156,7.794819,5.466359,-0.004754,-0.339495,-0.314089
477652470.000,Miguel,recording,knock_twice_right,10,-0.683152,7.788796,5.490125,-0.006153,-0.325887,-0.308671
477652480.000,Miguel,recording,knock_twice_right,10,-0.734822,7.845865,5.490449,-0.002511,-0.320648,-0.302602
477652490.000,Miguel,recording,knock_twice_right,10,-0.771096,7.931598,5.524511,0.005994,-0.321184,-0.294238
477652500.000,Miguel,recording,knock_twice_right,10,-0.747010,7.971197,5.533542,0.021151,-0.320646,-0.287334
477652510.000,Miguel,recording,knock_twice_right,10,-0.724088,7.967998,5.491776,0.037371,-0.320900,-0.282963
477652520.000,Miguel,recording,knock_twice_right,10,-0.764907,7.978866,5.428229,0.047287,-0.327091,-0.278645
477652530.000,Miguel,recording,knock_twice_right,10,-0.829779,7.996848,5.386159,0.050644,-0.335587,-0.274556
477652540.000,Miguel,recording,knock_twice_right,10,-0.875608,8.007062,5.374248,0.048183,-0.337797,-0.267859
477652550.000,Miguel,recording,knock_twice_right,10,-0.889459,8.008032,5.349023,0.039689,-0.332522,-0.257395
477652560.000,Miguel,recording,knock_twice_right,10,-0.883535,7.997630,5.311932,0.024419,-0.326767,-0.245199
477652570.000,Miguel,recording,knock_twice_right,10,-0.888102,8.020034,5.333789,0.006095,-0.322352,-0.233099
477652580.000,Miguel,recording,knock_twice_right,10,-0.870491,8.059803,5.414986,-0.007437,-0.315316,-0.220974
477652590.000,Miguel,recording,knock_twice_right,10,-0.818301,8.073615,5.490548,-0.012805,-0.303375,-0.209806
477652600.000,Miguel,recording,knock_twice_right,10,-0.756244,8.075926,5.520524,-0.010897,-0.287961,-0.203122
477652610.000,Miguel,recording,knock_twice_right,10,-0.725386,8.095079,5.518173,-0.004108,-0.275324,-0.201957
477652620.000,Miguel,recording,knock_twice_right,10,-0.740938,8.128586,5.485154,0.003161,-0.272257,-0.205242
477652630.000,Miguel,recording,knock_twice_right,10,-0.776367,8.156696,5.484378,0.010223,-0.273510,-0.208883
477652640.000,Miguel,recording,knock_twice_right,10,-0.793136,8.151318,5.509321,0.019512,-0.268790,-0.209175
477652650.000,Miguel,recording,knock_twice_right,10,-0.791434,8.120198,5.503549,0.029465,-0.259665,-0.207146
477652660.000,Miguel,recording,knock_twice_right,10,-0.797500,8.107457,5.486740,0.036184,-0.254331,-0.204612
477652670.000,Miguel,recording,knock_twice_right,10,-0.825100,8.135494,5.459410,0.037979,-0.256990,-0.200471
477652680.000,Miguel,recording,knock_twice_right,10,-0.831649,8.180282,5.440795,0.036361,-0.263038,-0.195060
477652690.000,Miguel,recording,knock_twice_right,10,-0.801492,8.191304,5.428037,0.034974,-0.265875,-0.190093
477652700.000,Miguel,recording,knock_twice_right,10,-0.753050,8.150653,5.410683,0.034352,-0.267684,-0.187348
477652710.000,Miguel,recording,knock_twice_right,10,-0.707884,8.122814,5.394231,0.032557,-0.272698,-0.189508
477652720.000,Miguel,recording,knock_twice_right,10,-0.710663,8.127880,5.422983,0.029427,-0.280047,-0.197313
477652730.000,Miguel,recording,knock_twice_right,10,-0.738402,8.129335,5.482212,0.028954,-0.283006,-0.208323
477652740.000,Miguel,recording,knock_twice_right,10,-0.793664,8.106811,5.515727,0.033945,-0.275503,-0.218122
477652750.000,Miguel,recording,knock_twice_right,10,-0.876512,8.057329,5.507713,0.042478,-0.261777,-0.223255
477652760.000,Miguel,recording,knock_twice_right,10,-0.941632,8.035898,5.470012,0.051557,-0.249061,-0.224116
477652770.000,Miguel,recording,knock_twice_right,10,-0.999424,8.046834,5.415215,0.057026,-0.238595,-0.222119
477652780.000,Miguel,recording,knock_twice_right,10,-1.044880,8.055022,5.355667,0.057367,-0.230316,-0.218008
477652790.000,Miguel,recording,knock_twice_right,10,-1.034343,8.066133,5.311844,0.052931,-0.225980,-0.212614
477652800.000,Miguel,recording,knock_twice_right,10,-0.968331,8.061829,5.290246,0.041975,-0.227239,-0.210476
477652810.000,Miguel,recording,knock_twice_right,10,-0.930817,8.032185,5.293403,0.026898,-0.230248,-0.214668
477652820.000,Miguel,recording,knock_twice_right,10,-0.916799,7.967810,5.335415,0.012081,-0.225216,-0.223652
477652830.000,Miguel,recording,knock_twice_right,10,-0.915905,7.883238,5.347802,-0.002911,-0.211362,-0.235133
477652840.000,Miguel,recording,knock_twice_right,10,-0.955710,7.811232,5.346805,-0.017920,-0.192068,-0.246163
477652850.000,Miguel,recording,knock_twice_right,10,-1.034322,7.770542,5.377024,-0.031577,-0.168017,-0.252800
477652860.000,Miguel,recording,knock_twice_right,10,-1.121527,7.764230,5.402711,-0.043367,-0.144837,-0.252396
477652870.000,Miguel,recording,knock_twice_right,10,-1.215037,7.783318,5.434103,-0.051860,-0.129457,-0.245048
477652880.000,Miguel,recording,knock_twice_right,10,-1.286474,7.823583,5.458942,-0.054626,-0.123141,-0.233657
477652890.000,Miguel,recording,knock_twice_right,10,-1.329705,7.854282,5.514842,-0.051604,-0.123314,-0.220496
477652900.000,Miguel,recording,knock_twice_right,10,-1.356630,7.870049,5.532364,-0.043573,-0.126022,-0.203795
477652910.000,Miguel,recording,knock_twice_right,10,-1.364775,7.874685,5.522251,-0.031258,-0.129911,-0.182168
477652920.000,Miguel,recording,knock_twice_right,10,-1.330069,7.911216,5.508576,-0.018054,-0.139460,-0.156105
477652930.000,Miguel,recording,knock_twice_right,10,-1.239333,7.959677,5.483267,-0.009410,-0.157135,-0.130650
477652940.000,Miguel,recording,knock_twice_right,10,-1.136026,8.004611,5.454767,-0.005992,-0.176854,-0.112247
477652950.000,Miguel,recording,knock_twice_right,10,-1.052814,8.045040,5.466894,-0.006782,-0.191216,-0.102230
477652960.000,Miguel,recording,knock_twice_right,10,-1.005563,8.059891,5.486865,-0.011938,-0.195436,-0.098367
477652970.000,Miguel,recording,knock_twice_right,10,-0.998587,8.082767,5.526048,-0.017853,-0.187581,-0.098468
477652980.000,Miguel,recording,knock_twice_right,10,-1.058152,8.106384,5.574594,-0.021680,-0.168976,-0.099619
477652990.000,Miguel,recording,knock_twice_right,10,-1.158227,8.154600,5.610375,-0.021368,-0.142415,-0.096670
477653000.000,Miguel,recording,knock_twice_right,10,-1.250902,8.220772,5.597275,-0.016653,-0.116659,-0.085407
477653010.000,Miguel,recording,knock_twice_right,10,-1.298003,8.297437,5.549588,-0.011234,-0.099481,-0.066636
477653020.000,Miguel,recording,knock_twice_right,10,-1.272479,8.365108,5.512669,-0.006891,-0.092320,-0.045706
477653030.000,Miguel,recording,knock_twice_right,10,-1.170774,8.386679,5.485244,-0.003230,-0.093945,-0.028094
477653040.000,Miguel,recording,knock_twice_right,10,-1.035874,8.394958,5.454688,-0.000876,-0.100223,-0.021182
477653050.000,Miguel,recording,knock_twice_right,10,-0.933960,8.390220,5.438618,-0.002363,-0.109235,-0.029316
477653060.000,Miguel,recording,knock_twice_right,10,-0.930146,8.356844,5.421108,-0.011012,-0.119010,-0.047621
477653070.000,Miguel,recording,knock_twice_right,10,-0.993058,8.318730,5.451214,-0.024454,-0.117184,-0.066935
477653080.000,Miguel,recording,knock_twice_right,10,-1.090067,8.236711,5.528557,-0.037199,-0.093019,-0.079427
477653090.000,Miguel,recording,knock_twice_right,10,-1.181941,8.141591,5.566379,-0.046442,-0.052504,-0.081259
477653100.000,Miguel,recording,knock_twice_right,10,-1.252011,8.042238,5.585358,-0.051368,-0.011132,-0.073161
477653110.000,Miguel,recording,knock_twice_right,10,-1.309405,7.971001,5.609028,-0.050160,0.020587,-0.056734
477653120.000,Miguel,recording,knock_twice_right,10,-1.304910,7.915222,5.653135,-0.037086,0.038745,-0.033855
477653130.000,Miguel,recording,knock_twice_right,10,-1.227304,7.843957,5.689852,-0.009801,0.039585,-0.009612
477653140.000,Miguel,recording,knock_twice_right,10,-1.115032,7.784909,5.678066,0.027012,0.021083,0.009884
477653150.000,Miguel,recording,knock_twice_right,10,-1.023119,7.761457,5.618735,0.067837,-0.012118,0.023491
477653160.000,Miguel,recording,knock_twice_right,10,-0.951361,7.740746,5.540288,0.108421,-0.048210,0.032576
477653170.000,Miguel,recording,knock_twice_right,10,-0.907719,7.730365,5.405423,0.142891,-0.077675,0.039175
477653180.000,Miguel,recording,knock_twice_right,10,-0.885083,7.761111,5.237123,0.164657,-0.100348,0.045474
477653190.000,Miguel,recording,knock_twice_right,10,-0.874179,7.825447,5.091458,0.171497,-0.115568,0.050273
477653200.000,Miguel,recording,knock_twice_right,10,-0.861498,7.899094,4.956516,0.163303,-0.121690,0.055149
477653210.000,Miguel,recording,knock_twice_right,10,-0.841452,7.996511,4.853770,0.139900,-0.119325,0.060038
477653220.000,Miguel,recording,knock_twice_right,10,-0.816731,8.116650,4.798721,0.104479,-0.109339,0.061273
477653230.000,Miguel,recording,knock_twice_right,10,-0.815323,8.233081,4.780569,0.061432,-0.096256,0.057118
477653240.000,Miguel,recording,knock_twice_right,10,-0.827159,8.345709,4.827153,0.017955,-0.083889,0.050568
477653250.000,Miguel,recording,knock_twice_right,10,-0.845608,8.422429,4.932543,-0.019068,-0.069150,0.045739
477653260.000,Miguel,recording,knock_twice_right,10,-0.819572,8.490443,5.077085,-0.045200,-0.049394,0.041944
477653270.000,Miguel,recording,knock_twice_right,10,-0.741904,8.507093,5.207199,-0.057352,-0.028894,0.037725
477653280.000,Miguel,recording,knock_twice_right,10,-0.589944,8.465838,5.332967,-0.054799,-0.016506,0.028552
477653290.000,Miguel,recording,knock_twice_right,10,-0.408644,8.362896,5.498086,-0.038448,-0.020813,0.008334
477653300.000,Miguel,recording,knock_twice_right,10,-0.244408,8.176094,5.622855,-0.013004,-0.041745,-0.026912
477653310.000,Miguel,recording,knock_twice_right,10,-0.165930,7.955424,5.664916,0.014284,-0.070322,-0.076723
477653320.000,Miguel,recording,knock_twice_right,10,-0.237650,7.768995,5.657044,0.035901,-0.096962,-0.132641
477653330.000,Miguel,recording,knock_twice_right,10,-0.483040,7.620380,5.613337,0.046404,-0.106816,-0.182290
477653340.000,Miguel,recording,knock_twice_right,10,-0.835653,7.527185,5.559433,0.044523,-0.089965,-0.207664
477653350.000,Miguel,recording,knock_twice_right,10,-1.167208,7.477504,5.504239,0.033105,-0.052587,-0.198851
477653360.000,Miguel,recording,knock_twice_right,10,-1.402055,7.472422,5.444426,0.017860,-0.009086,-0.160560
477653370.000,Miguel,recording,knock_twice_right,10,-1.516437,7.514463,5.396127,0.005084,0.021945,-0.102577
477653380.000,Miguel,recording,knock_twice_right,10,-1.504121,7.603561,5.361176,-0.000125,0.026451,-0.037222
477653390.000,Miguel,recording,knock_twice_right,10,-1.374635,7.749285,5.325677,0.002335,-0.000944,0.024038
477653400.000,Miguel,recording,knock_twice_right,10,-1.129776,7.907965,5.308330,0.009727,-0.054493,0.070051
477653410.000,Miguel,recording,knock_twice_right,10,-0.825353,8.051883,5.301740,0.019889,-0.116694,0.089888
477653420.000,Miguel,recording,knock_twice_right,10,-0.576680,8.168322,5.281680,0.027164,-0.169133,0.079205
477653430.000,Miguel,recording,knock_twice_right,10,-0.439851,8.277874,5.245888,0.024120,-0.198094,0.043721
477653440.000,Miguel,recording,knock_twice_right,10,-0.435934,8.353436,5.233784,0.006774,-0.194165,-0.005907
477653450.000,Miguel,recording,knock_twice_right,10,-0.558403,8.397905,5.213926,-0.024166,-0.158245,-0.055363
477653460.000,Miguel,recording,knock_twice_right,10,-0.765270,8.396806,5.222675,-0.067144,-0.101697,-0.090696
477653470.000,Miguel,recording,knock_twice_right,10,-0.972186,8.352333,5.276165,-0.118262,-0.038312,-0.107881
477653480.000,Miguel,recording,knock_twice_right,10,-1.118018,8.256383,5.390631,-0.166995,0.018764,-0.108571
477653490.000,Miguel,recording,knock_twice_right,10,-1.197744,8.148645,5.555699,-0.202563,0.061609,-0.096598
477653500.000,Miguel,recording,knock_twice_right,10,-1.224590,8.060761,5.729724,-0.216948,0.085361,-0.078732
477653510.000,Miguel,recording,knock_twice_right,10,-1.249688,7.984216,5.889293,-0.206297,0.086501,-0.058007
477653520.000,Miguel,recording,knock_twice_right,10,-1.250970,7.926242,6.002183,-0.170838,0.069693,-0.033937
477653530.000,Miguel,recording,knock_twice_right,10,-1.235699,7.900157,6.096409,-0.114157,0.044224,-0.008041
477653540.000,Miguel,recording,knock_twice_right,10,-1.213508,7.922486,6.111257,-0.043300,0.015242,0.019357
477653550.000,Miguel,recording,knock_twice_right,10,-1.159804,7.976501,6.032825,0.029776,-0.017987,0.047549
477653560.000,Miguel,recording,knock_twice_right,10,-1.043350,8.042758,5.904436,0.093520,-0.052854,0.069654
477653570.000,Miguel,recording,knock_twice_right,10,-0.898090,8.096881,5.731294,0.141588,-0.081768,0.079590
477653580.000,Miguel,recording,knock_twice_right,10,-0.767900,8.133386,5.541950,0.168460,-0.097547,0.077548
477653590.000,Miguel,recording,knock_twice_right,10,-0.692558,8.155892,5.359330,0.171494,-0.095603,0.065871
477653600.000,Miguel,recording,knock_twice_right,10,-0.680635,8.154783,5.210302,0.151981,-0.075091,0.050469
477653610.000,Miguel,recording,knock_twice_right,10,-0.707326,8.143564,5.115175,0.116127,-0.040084,0.038140
477653620.000,Miguel,recording,knock_twice_right,10,-0.738871,8.133885,5.041132,0.070446,0.000378,0.030893
477653630.000,Miguel,recording,knock_twice_right,10,-0.742393,8.129597,5.020426,0.020279,0.035812,0.026884
477653640.000,Miguel,recording,knock_twice_right,10,-0.724210,8.116622,5.081852,-0.024760,0.058354,0.022769
477653650.000,Miguel,recording,knock_twice_right,10,-0.716343,8.070015,5.190770,-0.055105,0.066848,0.016707
477653660.000,Miguel,recording,knock_twice_right,10,-0.733679,8.015026,5.297360,-0.069478,0.062964,0.011808
477653670.000,Miguel,recording,knock_twice_right,10,-0.754113,7.964128,5.396300,-0.071015,0.049271,0.010492
477653680.000,Miguel,recording,knock_twice_right,10,-0.777407,7.928669,5.467920,-0.061921,0.032041,0.013025
477653690.000,Miguel,recording,knock_twice_right,10,-0.779048,7.914610,5.498437,-0.045427,0.016736,0.020601
477653700.000,Miguel,recording,knock_twice_right,10,-0.743739,7.935895,5.500660,-0.025973,0.004738,0.029923
477653710.000,Miguel,recording,knock_twice_right,10,-0.650033,7.951010,5.490772,-0.006712,-0.004224,0.035088
477653720.000,Miguel,recording,knock_twice_right,10,-0.581279,7.960363,5.478767,0.011140,-0.011657,0.031608
477653730.000,Miguel,recording,knock_twice_right,10,-0.566747,7.994961,5.439525,0.026909,-0.018994,0.020934
477653740.000,Miguel,recording,knock_twice_right,10,-0.589774,8.048222,5.373592,0.038449,-0.026132,0.007310
477653750.000,Miguel,recording,knock_twice_right,10,-0.616953,8.083537,5.304238,0.040638,-0.029555,-0.007116
477653760.000,Miguel,recording,knock_twice_right,10,-0.644177,8.085883,5.242404,0.032038,-0.023436,-0.021822
477653770.000,Miguel,recording,knock_twice_right,10,-0.680128,8.086694,5.198742,0.014211,-0.007682,-0.034853
477653780.000,Miguel,recording,knock_twice_right,10,-0.712742,8.088936,5.200731,-0.009980,0.012408,-0.044224
477653790.000,Miguel,recording,knock_twice_right,10,-0.715105,8.095411,5.240735,-0.036176,0.031585,-0.051256
477653800.000,Miguel,recording,knock_twice_right,10,-0.693244,8.128042,5.317452,-0.058564,0.046981,-0.058292
477653810.000,Miguel,recording,knock_twice_right,10,-0.693652,8.101304,5.429681,-0.072508,0.059687,-0.068919
477653820.000,Miguel,recording,knock_twice_right,10,-0.721187,8.059222,5.580410,-0.072658,0.072709,-0.078676
477653830.000,Miguel,recording,knock_twice_right,10,-0.732034,7.984616,5.720598,-0.053345,0.094436,-0.085848
477653840.000,Miguel,recording,knock_twice_right,10,-0.811352,7.871271,5.676462,-0.022095,0.120818,-0.091607
477653850.000,Miguel,recording,knock_twice_right,10,-1.273951,7.760968,5.470499,0.006825,0.138136,-0.088837
477653860.000,Miguel,recording,knock_twice_right,10,-2.165157,7.766988,5.242965,0.019269,0.137475,-0.041741
477653870.000,Miguel,recording,knock_twice_right,10,-2.450642,7.999790,5.142280,0.000257,0.116007,0.074185
477653880.000,Miguel,recording,knock_twice_right,10,-1.858587,7.994137,5.091504,-0.046549,0.081793,0.205673
477653890.000,Miguel,recording,knock_twice_right,10,-1.082976,7.896191,5.173079,-0.098988,0.030171,0.285791
477653900.000,Miguel,recording,knock_twice_right,10,-0.261958,8.078922,5.560245,-0.131873,-0.052535,0.289535
477653910.000,Miguel,recording,knock_twice_right,10,0.265055,8.253938,5.932248,-0.126262,-0.142023,0.217823
477653920.000,Miguel,recording,knock_twice_right,10,0.665972,8.277251,6.127212,-0.081327,-0.179153,0.083376
477653930.000,Miguel,recording,knock_twice_right,10,0.647395,8.161722,6.037989,-0.026859,-0.136958,-0.075448
477653940.000,Miguel,recording,knock_twice_right,10,0.160729,8.001683,5.786901,0.001346,-0.045498,-0.209818
477653950.000,Miguel,recording,knock_twice_right,10,-0.481873,7.861504,5.558980,-0.002871,0.055670,-0.285364
477653960.000,Miguel,recording,knock_twice_right,10,-1.078555,7.883161,5.383054,-0.026418,0.146012,-0.289219
477653970.000,Miguel,recording,knock_twice_right,10,-1.463108,8.008584,5.297387,-0.054308,0.207885,-0.239714
477653980.000,Miguel,recording,knock_twice_right,10,-1.556639,8.202686,5.329913,-0.074545,0.223477,-0.168045
477653990.000,Miguel,recording,knock_twice_right,10,-1.427165,8.281451,5.483729,-0.074063,0.199035,-0.101658
477654000.000,Miguel,recording,knock_twice_right,10,-1.174992,8.043596,5.693441,-0.041790,0.160135,-0.060052
477654010.000,Miguel,recording,knock_twice_right,10,-1.013360,7.770273,5.819256,0.017710,0.114979,-0.042265
477654020.000,Miguel,recording,knock_twice_right,10,-1.103243,7.708819,5.810865,0.088737,0.075411,-0.031919
477654030.000,Miguel,recording,knock_twice_right,10,-1.542952,7.761087,5.592685,0.153528,0.065459,-0.005393
477654040.000,Miguel,recording,knock_twice_right,10,-1.992465,7.859902,5.256666,0.187430,0.068268,0.060161
477654050.000,Miguel,recording,knock_twice_right,10,-2.063490,7.905578,5.005526,0.177390,0.048648,0.158354
477654060.000,Miguel,recording,knock_twice_right,10,-1.848612,7.846738,4.842921,0.137466,0.002043,0.259087
477654070.000,Miguel,recording,knock_twice_right,10,-1.398481,7.869167,4.849182,0.089110,-0.064446,0.334495
477654080.000,Miguel,recording,knock_twice_right,10,-0.797354,8.000896,4.926632,0.042087,-0.149172,0.362391
477654090.000,Miguel,recording,knock_twice_right,10,-0.160685,8.142041,5.127816,0.001833,-0.239975,0.327445
477654100.000,Miguel,recording,knock_twice_right,10,0.323815,8.215329,5.377019,-0.021864,-0.300902,0.234473
477654110.000,Miguel,recording,knock_twice_right,10,0.509523,8.163312,5.519999,-0.030281,-0.298529,0.106700
477654120.000,Miguel,recording,knock_twice_right,10,0.300989,8.063993,5.518898,-0.037593,-0.237726,-0.022892
477654130.000,Miguel,recording,knock_twice_right,10,-0.161516,8.022430,5.446388,-0.056203,-0.149233,-0.122156
477654140.000,Miguel,recording,knock_twice_right,10,-0.638681,7.990259,5.310427,-0.089218,-0.047983,-0.176469
477654150.000,Miguel,recording,knock_twice_right,10,-1.009756,7.915939,5.194008,-0.131746,0.064485,-0.190531
477654160.000,Miguel,recording,knock_twice_right,10,-1.341018,7.922073,5.220116,-0.177834,0.151972,-0.164083
477654170.000,Miguel,recording,knock_twice_right,10,-1.576586,8.041055,5.399175,-0.214207,0.174895,-0.100946
477654180.000,Miguel,recording,knock_twice_right,10,-1.520454,8.044676,5.583963,-0.222843,0.144922,-0.028887
477654190.000,Miguel,recording,knock_twice_right,10,-1.328448,7.979670,5.767557,-0.198113,0.088263,0.028197
477654200.000,Miguel,recording,knock_twice_right,10,-1.134639,7.926677,5.917304,-0.148919,0.021397,0.067717
477654210.000,Miguel,recording,knock_twice_right,10,-0.965952,7.926379,6.024331,-0.085088,-0.043458,0.094479
477654220.000,Miguel,recording,knock_twice_right,10,-0.791949,7.946367,6.058152,-0.016396,-0.090749,0.108222
477654230.000,Miguel,recording,knock_twice_right,10,-0.649092,7.974989,6.009381,0.045619,-0.109390,0.107369
477654240.000,Miguel,recording,knock_twice_right,10,-0.567271,8.022766,5.865344,0.089461,-0.105048,0.095491
477654250.000,Miguel,recording,knock_twice_right,10,-0.564961,8.080469,5.683787,0.108392,-0.089202,0.081167
477654260.000,Miguel,recording,knock_twice_right,10,-0.578683,8.132092,5.545693,0.104646,-0.068801,0.070094
477654270.000,Miguel,recording,knock_twice_right,10,-0.585090,8.163472,5.486966,0.086730,-0.046603,0.062451
477654280.000,Miguel,recording,knock_twice_right,10,-0.567717,8.170479,5.427405,0.062640,-0.022409,0.054438
477654290.000,Miguel,recording,knock_twice_right,10,-0.546469,8.148143,5.385061,0.037650,0.000593,0.042736
477654300.000,Miguel,recording,knock_twice_right,10,-0.562183,8.138711,5.349655,0.012387,0.016416,0.030608
477654310.000,Miguel,recording,knock_twice_right,10,-0.623630,8.119724,5.319376,-0.014059,0.022768,0.022839
477654320.000,Miguel,recording,knock_twice_right,10,-0.691898,8.087646,5.314992,-0.039187,0.022308,0.021118
477654330.000,Miguel,recording,knock_twice_right,10,-0.699338,8.076180,5.363777,-0.058430,0.020433,0.023910
477654340.000,Miguel,recording,knock_twice_right,10,-0.617807,8.053143,5.488710,-0.066441,0.021235,0.024475
477654350.000,Miguel,recording,knock_twice_right,10,-0.520253,8.008227,5.575115,-0.062484,0.025052,0.018248
477654360.000,Miguel,recording,knock_twice_right,10,-0.514724,7.983742,5.634898,-0.048497,0.028861,0.007626
477654370.000,Miguel,recording,knock_twice_right,10,-0.573904,7.994372,5.654921,-0.028517,0.026141,-0.002577
477654380.000,Miguel,recording,knock_twice_right,10,-0.648820,8.021809,5.637524,-0.005870,0.016785,-0.009019
477654390.000,Miguel,recording,knock_twice_right,10,-0.697454,8.028209,5.603317,0.016061,0.004653,-0.010142
477654400.000,Miguel,recording,knock_twice_right,10,-0.715037,8.033381,5.541622,0.030881,-0.007716,-0.005828
477654410.000,Miguel,recording,knock_twice_right,10,-0.708835,8.028846,5.493706,0.036718,-0.016406,-0.000263
477654420.000,Miguel,recording,knock_twice_right,10,-0.673452,8.041425,5.456046,0.037561,-0.015856,0.002148
477654430.000,Miguel,recording,knock_twice_right,10,-0.656951,8.033774,5.414268,0.033247,-0.005854,0.001212
477654440.000,Miguel,recording,knock_twice_right,10,-0.655372,8.026165,5.373698,0.022273,0.009197,-0.002653
477654450.000,Miguel,recording,knock_twice_right,10,-0.692783,8.024135,5.329076,0.006426,0.025095,-0.007747
477654460.000,Miguel,recording,knock_twice_right,10,-0.740684,8.035986,5.319852,-0.011945,0.035135,-0.010473
477654470.000,Miguel,recording,knock_twice_right,10,-0.772543,8.042313,5.335017,-0.027570,0.037310,-0.010817
477654480.000,Miguel,recording,knock_twice_right,10,-0.780552,8.033808,5.365596,-0.039394,0.030481,-0.007439
477654490.000,Miguel,recording,knock_twice_right,10,-0.763758,8.032754,5.410654,-0.049518,0.015271,-0.002224
477654500.000,Miguel,recording,knock_twice_right,10,-0.737085,8.024768,5.464795,-0.055922,-0.000573,-0.000679
477654510.000,Miguel,recording,knock_twice_right,10,-0.733609,7.999778,5.536075,-0.056244,-0.006869,-0.001368
477654520.000,Miguel,recording,knock_twice_right,10,-0.741382,7.963647,5.601379,-0.050143,-0.000816,-0.003427
477654530.000,Miguel,recording,knock_twice_right,10,-0.759648,7.937134,5.618286,-0.042521,0.011227,-0.005646
477654540.000,Miguel,recording,knock_twice_right,10,-0.797419,7.949298,5.593731,-0.039552,0.023554,-0.004211
477654550.000,Miguel,recording,knock_twice_right,10,-0.861272,7.972445,5.552693,-0.040123,0.033454,0.000032
477654560.000,Miguel,recording,knock_twice_right,10,-0.919277,8.000861,5.547036,-0.040448,0.038823,0.006317
477654570.000,Miguel,recording,knock_twice_right,10,-0.930047,8.025586,5.568019,-0.040020,0.039072,0.016430
477654580.000,Miguel,recording,knock_twice_right,10,-0.871851,8.024027,5.580176,-0.037673,0.036653,0.027736
477654590.000,Miguel,recording,knock_twice_right,10,-0.792007,8.012080,5.605475,-0.031110,0.032892,0.033625
477654600.000,Miguel,recording,knock_twice_right,10,-0.756525,8.013609,5.621281,-0.021603,0.024398,0.032174
477654610.000,Miguel,recording,knock_twice_right,10,-0.746880,8.042467,5.611845,-0.013110,0.011262,0.027100
477654620.000,Miguel,recording,knock_twice_right,10,-0.750934,8.041419,5.556677,-0.009133,0.001473,0.022168
477654630.000,Miguel,recording,knock_twice_right,10,-0.776790,8.020830,5.526912,-0.012204,0.004837,0.021219
477654640.000,Miguel,recording,knock_twice_right,10,-0.796537,8.003255,5.524153,-0.022205,0.023953,0.025804
477654650.000,Miguel,recording,knock_twice_right,10,-0.760036,7.993918,5.499849,-0.038067,0.053108,0.031304
477654660.000,Miguel,recording,knock_twice_right,10,-0.713830,8.003235,5.467371,-0.055549,0.084448,0.031571
477654670.000,Miguel,recording,knock_twice_right,10,-0.711016,8.025352,5.491185,-0.070306,0.108947,0.028261
477654680.000,Miguel,recording,knock_twice_right,10,-0.703204,8.052405,5.517648,-0.081725,0.122348,0.023694
477654690.000,Miguel,recording,knock_twice_right,10,-0.690444,8.063122,5.498568,-0.092443,0.125081,0.015855
477654700.000,Miguel,recording,knock_twice_right,11,-0.713417,8.070147,5.455946,-0.106464,0.122658,0.005784
477654710.000,Miguel,recording,knock_twice_right,11,-0.735720,8.055029,5.446643,-0.122582,0.119740,-0.004480
477654720.000,Miguel,recording,knock_twice_right,11,-0.671710,8.046448,5.485271,-0.138281,0.113116,-0.014395
477654730.000,Miguel,recording,knock_twice_right,11,-0.580293,8.025105,5.529617,-0.149655,0.103598,-0.029505
477654740.000,Miguel,recording,knock_twice_right,11,-0.536341,8.036816,5.564993,-0.160188,0.101508,-0.059780
477654750.000,Miguel,recording,knock_twice_right,11,-0.578099,8.119593,5.605157,-0.179521,0.133966,-0.102780
477654760.000,Miguel,recording,knock_twice_right,11,-0.656844,8.190308,5.517250,-0.210080,0.223736,-0.148521
477654770.000,Miguel,recording,knock_twice_right,11,-0.659256,8.274503,5.278555,-0.256267,0.347741,-0.192797
477654780.000,Miguel,recording,knock_twice_right,11,-0.597125,8.243502,4.954020,-0.328241,0.448293,-0.238641
477654790.000,Miguel,recording,knock_twice_right,11,-0.360696,7.653578,4.599800,-0.445227,0.381912,-0.282883
477654800.000,Miguel,recording,knock_twice_right,11,-0.279974,7.445129,4.598215,-0.598074,0.151863,-0.368704
477654810.000,Miguel,recording,knock_twice_right,11,-0.899800,8.151372,5.224461,-0.701932,0.002307,-0.457914
477654820.000,Miguel,recording,knock_twice_right,11,-1.375302,8.188381,5.759798,-0.714751,0.009003,-0.478197
477654830.000,Miguel,recording,knock_twice_right,11,-1.431636,7.968872,6.047935,-0.676906,0.059618,-0.460666
477654840.000,Miguel,recording,knock_twice_right,11,-1.426759,7.776985,6.346703,-0.606957,0.084393,-0.424793
477654850.000,Miguel,recording,knock_twice_right,11,-1.305734,7.624234,6.567848,-0.498758,0.065782,-0.388744
477654860.000,Miguel,recording,knock_twice_right,11,-1.082277,7.374158,6.636744,-0.331556,-0.055009,-0.336781
477654870.000,Miguel,recording,knock_twice_right,11,-0.874835,7.047918,6.455590,-0.155438,-0.399801,-0.296876
477654880.000,Miguel,recording,knock_twice_right,11,-0.514304,7.615477,6.112390,-0.033031,-0.786185,-0.367182
477654890.000,Miguel,recording,knock_twice_right,11,-0.780177,8.016439,6.452371,0.138273,-0.999482,-0.437289
477654900.000,Miguel,recording,knock_twice_right,11,-1.115550,7.614064,6.624736,0.336924,-1.095653,-0.467063
477654910.000,Miguel,recording,knock_twice_right,11,-0.867352,7.951446,6.270191,0.454435,-1.095907,-0.495055
477654920.000,Miguel,recording,knock_twice_right,11,-1.224272,7.417879,6.687542,0.509895,-0.991250,-0.441217
477654930.000,Miguel,recording,knock_twice_right,11,-1.104681,7.466442,6.966922,0.515036,-0.733670,-0.314106
477654940.000,Miguel,recording,knock_twice_right,11,-1.032611,7.438497,7.474568,0.506226,-0.331370,-0.128639
477654950.000,Miguel,recording,knock_twice_right,11,-0.367942,7.420934,8.006901,0.508542,0.047571,0.052145
477654960.000,Miguel,recording,knock_twice_right,11,0.611307,7.949342,8.582267,0.518639,0.187279,0.140607
477654970.000,Miguel,recording,knock_twice_right,11,1.286991,9.010208,9.403561,0.579667,0.052312,0.107809
477654980.000,Miguel,recording,knock_twice_right,11,1.333453,9.897145,10.190123,0.751196,-0.205195,-0.038989
477654990.000,Miguel,recording,knock_twice_right,11,0.909943,10.158598,10.799741,1.044822,-0.463300,-0.242087
477655000.000,Miguel,recording,knock_twice_right,11,0.327789,9.719329,11.191929,1.437914,-0.689793,-0.422817
477655010.000,Miguel,recording,knock_twice_right,11,-0.252848,9.084827,11.082522,1.882115,-0.878177,-0.537661
477655020.000,Miguel,recording,knock_twice_right,11,-0.900530,8.802870,10.351856,2.303196,-1.027898,-0.571375
477655030.000,Miguel,recording,knock_twice_right,11,-1.537707,8.848062,9.169914,2.642325,-1.148929,-0.534326
477655040.000,Miguel,recording,knock_twice_right,11,-1.818088,8.983028,7.704642,2.865214,-1.256792,-0.462627
477655050.000,Miguel,recording,knock_twice_right,11,-1.830380,9.113861,6.184824,2.960619,-1.352207,-0.386438
477655060.000,Miguel,recording,knock_twice_right,11,-1.721025,8.951710,4.926094,2.951350,-1.412945,-0.325239
477655070.000,Miguel,recording,knock_twice_right,11,-1.498320,8.529548,3.755748,2.863035,-1.409482,-0.297122
477655080.000,Miguel,recording,knock_twice_right,11,-1.441074,8.255790,2.470424,2.689208,-1.326223,-0.298412
477655090.000,Miguel,recording,knock_twice_right,11,-1.589896,7.991795,1.313044,2.447952,-1.185851,-0.308948
477655100.000,Miguel,recording,knock_twice_right,11,-1.772324,7.549337,0.351663,2.179126,-1.038644,-0.312834
477655110.000,Miguel,recording,knock_twice_right,11,-2.072594,7.061647,-0.797356,1.880945,-0.909351,-0.292635
477655120.000,Miguel,recording,knock_twice_right,11,-2.470949,6.642421,-1.962984,1.547652,-0.806733,-0.241274
477655130.000,Miguel,recording,knock_twice_right,11,-2.717461,6.268011,-2.765038,1.196540,-0.745782,-0.166661
477655140.000,Miguel,recording,knock_twice_right,11,-2.761608,6.079546,-3.501224,0.823982,-0.705718,-0.093114
477655150.000,Miguel,recording,knock_twice_right,11,-2.637813,6.017620,-4.289620,0.404055,-0.634292,-0.043180
477655160.000,Miguel,recording,knock_twice_right,11,-2.686138,5.685277,-4.684204,-0.064914,-0.489033,-0.004436
477655170.000,Miguel,recording,knock_twice_right,11,-2.993538,5.110429,-4.701428,-0.553816,-0.257863,0.057485
477655180.000,Miguel,recording,knock_twice_right,11,-3.058438,4.691139,-4.727428,-1.051844,0.048614,0.152532
477655190.000,Miguel,recording,knock_twice_right,11,-2.641974,4.561751,-4.697340,-1.561276,0.386308,0.246073
477655200.000,Miguel,recording,knock_twice_right,11,-2.055343,4.839814,-4.065169,-2.059322,0.652070,0.286903
477655210.000,Miguel,recording,knock_twice_right,11,-1.601911,5.439308,-2.388972,-2.481648,0.755467,0.259378
477655220.000,Miguel,recording,knock_twice_right,11,-1.075588,5.922596,0.354691,-2.752508,0.668028,0.201162
477655230.000,Miguel,recording,knock_twice_right,11,-0.102382,6.474569,3.843912,-2.827940,0.377595,0.145305
477655240.000,Miguel,recording,knock_twice_right,11,1.002829,7.508096,8.187035,-2.678767,-0.104761,0.086861
477655250.000,Miguel,recording,knock_twice_right,11,1.559255,8.686633,13.266695,-2.284081,-0.667736,0.031460
477655260.000,Miguel,recording,knock_twice_right,11,1.633063,9.546806,17.963714,-1.649540,-1.079316,0.009425
477655270.000,Miguel,recording,knock_twice_right,11,1.864769,10.138743,21.349327,-0.797918,-1.116571,0.012395
477655280.000,Miguel,recording,knock_twice_right,11,2.236946,10.792863,22.693646,0.202376,-0.741218,-0.018881
477655290.000,Miguel,recording,knock_twice_right,11,2.064974,11.642696,21.409496,1.201966,-0.120467,-0.116133
477655300.000,Miguel,recording,knock_twice_right,11,1.216809,12.281392,17.975435,2.019883,0.522334,-0.243885
477655310.000,Miguel,recording,knock_twice_right,11,0.247055,12.405762,13.625840,2.542839,1.034662,-0.353165
477655320.000,Miguel,recording,knock_twice_right,11,-0.649853,12.278082,9.468285,2.774331,1.344392,-0.422209
477655330.000,Miguel,recording,knock_twice_right,11,-1.376291,11.928728,5.958017,2.799746,1.436898,-0.455852
477655340.000,Miguel,recording,knock_twice_right,11,-1.839469,11.250579,3.367831,2.737280,1.320701,-0.471294
477655350.000,Miguel,recording,knock_twice_right,11,-2.344936,10.308559,1.400659,2.663479,0.994893,-0.466581
477655360.000,Miguel,recording,knock_twice_right,11,-3.118307,9.387906,-0.775254,2.562976,0.493724,-0.416108
477655370.000,Miguel,recording,knock_twice_right,11,-3.669443,8.615963,-2.791742,2.371940,-0.103365,-0.306970
477655380.000,Miguel,recording,knock_twice_right,11,-3.579045,7.778200,-4.025858,2.087668,-0.650430,-0.165057
477655390.000,Miguel,recording,knock_twice_right,11,-3.011474,6.761702,-4.867095,1.736085,-0.998096,-0.013562
477655400.000,Miguel,recording,knock_twice_right,11,-2.174525,5.934567,-6.180736,1.281575,-1.087353,0.125513
477655410.000,Miguel,recording,knock_twice_right,11,-1.106217,5.604588,-7.538426,0.713747,-0.924329,0.200259
477655420.000,Miguel,recording,knock_twice_right,11,-0.023587,5.264661,-8.651299,0.053487,-0.602492,0.170331
477655430.000,Miguel,recording,knock_twice_right,11,0.550600,4.846368,-9.693185,-0.671884,-0.253097,0.048050
477655440.000,Miguel,recording,knock_twice_right,11,0.403871,4.528183,-10.110688,-1.405716,0.008350,-0.116433
477655450.000,Miguel,recording,knock_twice_right,11,-0.012682,4.006006,-9.952098,-2.096220,0.100601,-0.274992
477655460.000,Miguel,recording,knock_twice_right,11,-0.930596,3.540133,-9.418543,-2.728435,-0.023112,-0.386225
477655470.000,Miguel,recording,knock_twice_right,11,-2.276185,3.475202,-7.767212,-3.292118,-0.316726,-0.411817
477655480.000,Miguel,recording,knock_twice_right,11,-3.525788,3.508100,-4.320298,-3.727026,-0.624383,-0.317763
477655490.000,Miguel,recording,knock_twice_right,11,-3.957268,3.588950,0.514730,-3.953858,-0.801592,-0.096964
477655500.000,Miguel,recording,knock_twice_right,11,-3.022123,4.076567,5.704942,-3.924948,-0.758096,0.199814
477655510.000,Miguel,recording,knock_twice_right,11,-0.463407,4.827207,10.255403,-3.656300,-0.474572,0.459012
477655520.000,Miguel,recording,knock_twice_right,11,2.903402,5.932417,13.359865,-3.239629,0.004097,0.550345
477655530.000,Miguel,recording,knock_twice_right,11,5.582917,7.631887,14.975372,-2.806160,0.595786,0.409594
477655540.000,Miguel,recording,knock_twice_right,11,6.820822,9.660775,16.141287,-2.435739,1.185135,0.068243
477655550.000,Miguel,recording,knock_twice_right,11,6.545269,11.325444,18.442824,-2.018900,1.674721,-0.382417
477655560.000,Miguel,recording,knock_twice_right,11,4.629105,11.868184,21.337903,-1.368465,2.026761,-0.815476
477655570.000,Miguel,recording,knock_twice_right,11,1.557715,11.828271,22.657114,-0.458759,2.265114,-1.101047
477655580.000,Miguel,recording,knock_twice_right,11,-1.334216,11.712480,21.798900,0.581507,2.442583,-1.177104
477655590.000,Miguel,recording,knock_twice_right,11,-2.958391,11.302266,19.154283,1.609228,2.561969,-1.089876
477655600.000,Miguel,recording,knock_twice_right,11,-3.554590,10.822066,15.170464,2.511875,2.511691,-0.935159
477655610.000,Miguel,recording,knock_twice_right,11,-4.049900,10.636636,9.880486,3.134114,2.189795,-0.765149
477655620.000,Miguel,recording,knock_twice_right,11,-4.622185,10.732825,4.411819,3.354244,1.695875,-0.593993
477655630.000,Miguel,recording,knock_twice_right,11,-4.344121,10.366321,0.883890,3.213754,1.247459,-0.457655
477655640.000,Miguel,recording,knock_twice_right,11,-3.356659,9.503452,-0.567442,2.859641,0.971105,-0.400716
477655650.000,Miguel,recording,knock_twice_right,11,-2.636427,8.780600,-1.416753,2.441535,0.846386,-0.422832
477655660.000,Miguel,recording,knock_twice_right,11,-2.516574,8.177705,-2.312303,2.049554,0.754820,-0.489231
477655670.000,Miguel,recording,knock_twice_right,11,-3.024472,7.342753,-3.274376,1.698033,0.542068,-0.533834
477655680.000,Miguel,recording,knock_twice_right,11,-3.725603,6.277123,-4.954466,1.362589,0.173457,-0.464681
477655690.000,Miguel,recording,knock_twice_right,11,-3.783287,5.189496,-7.490109,0.961698,-0.325983,-0.282906
477655700.000,Miguel,recording,knock_twice_right,11,-3.335564,4.722764,-10.312148,0.396206,-0.948620,-0.089763
477655710.000,Miguel,recording,knock_twice_right,11,-2.804687,4.767958,-11.621879,-0.324259,-1.584469,0.036369
477655720.000,Miguel,recording,knock_twice_right,11,-1.697415,4.478947,-10.988014,-1.126260,-2.102247,0.063655
477655730.000,Miguel,recording,knock_twice_right,11,-0.555800,3.987112,-9.503531,-1.972446,-2.412730,-0.024341
477655740.000,Miguel,recording,knock_twice_right,11,-0.586314,3.817180,-7.272142,-2.806109,-2.445989,-0.188369
477655750.000,Miguel,recording,knock_twice_right,11,-1.581504,3.506242,-3.760070,-3.532881,-2.216981,-0.339003
477655760.000,Miguel,recording,knock_twice_right,11,-3.157302,3.002670,0.560004,-4.065173,-1.804091,-0.379273
477655770.000,Miguel,recording,knock_twice_right,11,-4.678380,2.921727,5.542799,-4.338624,-1.335935,-0.242124
477655780.000,Miguel,recording,knock_twice_right,11,-4.456861,3.248870,10.954690,-4.305976,-1.008289,0.033991
477655790.000,Miguel,recording,knock_twice_right,11,-3.239326,4.259647,17.029755,-3.890006,-0.875023,0.351020
477655800.000,Miguel,recording,knock_twice_right,11,-1.928170,5.448381,22.760013,-3.038677,-0.770446,0.633205
477655810.000,Miguel,recording,knock_twice_right,11,-0.178834,6.592052,26.601316,-1.830542,-0.485799,0.800375
477655820.000,Miguel,recording,knock_twice_right,11,1.082192,7.804489,27.991703,-0.397225,0.080639,0.787530
477655830.000,Miguel,recording,knock_twice_right,11,0.951445,8.595790,26.690059,1.099915,0.822295,0.618874
477655840.000,Miguel,recording,knock_twice_right,11,-0.229628,9.127275,22.589256,2.427842,1.514982,0.387894
477655850.000,Miguel,recording,knock_twice_right,11,-1.766060,9.666287,17.076171,3.400231,1.965895,0.184337
477655860.000,Miguel,recording,knock_twice_right,11,-3.018379,10.046425,11.186792,3.918568,2.078734,0.058783
477655870.000,Miguel,recording,knock_twice_right,11,-3.918539,10.479370,5.644845,3.972646,1.885653,0.026463
477655880.000,Miguel,recording,knock_twice_right,11,-4.281247,10.655427,1.893994,3.699157,1.492978,0.048423
477655890.000,Miguel,recording,knock_twice_right,11,-4.138315,10.428998,-0.018683,3.284229,1.032972,0.058233
477655900.000,Miguel,recording,knock_twice_right,11,-3.862439,10.062512,-1.073481,2.826352,0.631615,0.032636
477655910.000,Miguel,recording,knock_twice_right,11,-3.495028,9.332631,-1.688437,2.368051,0.379086,-0.010692
477655920.000,Miguel,recording,knock_twice_right,11,-3.233442,8.298596,-2.365115,1.940631,0.256781,-0.047243
477655930.000,Miguel,recording,knock_twice_right,11,-3.412411,7.474884,-3.850195,1.513888,0.116200,-0.037584
477655940.000,Miguel,recording,knock_twice_right,11,-3.539110,6.955200,-5.850892,1.021911,-0.166073,0.050417
477655950.000,Miguel,recording,knock_twice_right,11,-3.080916,6.369658,-7.113457,0.466154,-0.595960,0.187533
477655960.000,Miguel,recording,knock_twice_right,11,-2.342257,5.943625,-7.450071,-0.137008,-1.074305,0.313333
477655970.000,Miguel,recording,knock_twice_right,11,-1.518729,5.466474,-7.331582,-0.777065,-1.437205,0.389288
477655980.000,Miguel,recording,knock_twice_right,11,-1.024862,5.055917,-6.532256,-1.411678,-1.595871,0.405758
477655990.000,Miguel,recording,knock_twice_right,11,-1.155001,5.136758,-4.592700,-1.965750,-1.608522,0.366342
477656000.000,Miguel,recording,knock_twice_right,11,-1.763296,5.333826,-1.479236,-2.329882,-1.555045,0.303924
477656010.000,Miguel,recording,knock_twice_right,11,-2.511458,5.071826,1.755972,-2.451983,-1.469749,0.291405
477656020.000,Miguel,recording,knock_twice_right,11,-3.025821,4.744472,4.137178,-2.378178,-1.391368,0.376183
477656030.000,Miguel,recording,knock_twice_right,11,-3.107537,4.913010,6.145937,-2.169703,-1.370712,0.545212
477656040.000,Miguel,recording,knock_twice_right,11,-2.730448,5.348972,8.177106,-1.843191,-1.412751,0.752077
477656050.000,Miguel,recording,knock_twice_right,11,-1.833015,5.987769,9.947850,-1.414336,-1.463314,0.933544
477656060.000,Miguel,recording,knock_twice_right,11,-0.409327,6.890672,10.985368,-0.942682,-1.431110,1.025123
477656070.000,Miguel,recording,knock_twice_right,11,0.915409,7.796747,11.082617,-0.517213,-1.219842,1.001582
477656080.000,Miguel,recording,knock_twice_right,11,1.460741,8.371973,10.486245,-0.204753,-0.794383,0.886586
477656090.000,Miguel,recording,knock_twice_right,11,1.416179,8.806485,9.450681,-0.021395,-0.215701,0.718677
477656100.000,Miguel,recording,knock_twice_right,11,0.964495,9.236996,8.217772,0.055578,0.375301,0.527738
477656110.000,Miguel,recording,knock_twice_right,11,0.324447,9.711306,7.123646,0.075911,0.819069,0.332682
477656120.000,Miguel,recording,knock_twice_right,11,-0.355407,10.072775,6.243034,0.083495,1.009855,0.154333
477656130.000,Miguel,recording,knock_twice_right,11,-1.038295,10.185681,5.441992,0.084367,0.932052,0.016260
477656140.000,Miguel,recording,knock_twice_right,11,-1.763242,10.134452,4.834389,0.068468,0.648412,-0.064754
477656150.000,Miguel,recording,knock_twice_right,11,-2.343697,9.900700,4.691368,0.040768,0.264593,-0.082671
477656160.000,Miguel,recording,knock_twice_right,11,-2.469107,9.582002,4.952048,0.015830,-0.127300,-0.054758
477656170.000,Miguel,recording,knock_twice_right,11,-2.119221,9.331045,5.474575,0.009676,-0.461964,-0.015173
477656180.000,Miguel,recording,knock_twice_right,11,-1.602771,9.184336,6.085931,0.033746,-0.701519,0.006513
477656190.000,Miguel,recording,knock_twice_right,11,-1.186066,9.040297,6.529012,0.083466,-0.822417,0.001409
477656200.000,Miguel,recording,knock_twice_right,11,-0.906831,8.829314,6.678445,0.142605,-0.821301,-0.021361
477656210.000,Miguel,recording,knock_twice_right,11,-0.734533,8.552608,6.557473,0.193827,-0.718072,-0.044146
477656220.000,Miguel,recording,knock_twice_right,11,-0.596738,8.287480,6.245925,0.220305,-0.544275,-0.050973
477656230.000,Miguel,recording,knock_twice_right,11,-0.440916,8.139379,5.884372,0.217446,-0.337950,-0.045757
477656240.000,Miguel,recording,knock_twice_right,11,-0.295559,8.179324,5.613419,0.205403,-0.138327,-0.047698
477656250.000,Miguel,recording,knock_twice_right,11,-0.253857,8.212964,5.424680,0.206690,0.011419,-0.070314
477656260.000,Miguel,recording,knock_twice_right,11,-0.489650,8.179411,5.175337,0.220853,0.092555,-0.098610
477656270.000,Miguel,recording,knock_twice_right,11,-0.937172,8.205641,4.899328,0.235493,0.130013,-0.103938
477656280.000,Miguel,recording,knock_twice_right,11,-1.313785,8.245499,4.613792,0.238235,0.159407,-0.080042
477656290.000,Miguel,recording,knock_twice_right,11,-1.410024,8.281876,4.415541,0.222894,0.187589,-0.036854
477656300.000,Miguel,recording,knock_twice_right,11,-1.311634,8.360162,4.406017,0.200787,0.212327,0.009985
477656310.000,Miguel,recording,knock_twice_right,11,-1.129256,8.348023,4.394289,0.185110,0.234508,0.041999
477656320.000,Miguel,recording,knock_twice_right,11,-0.951784,8.243028,4.293009,0.174769,0.239620,0.055511
477656330.000,Miguel,recording,knock_twice_right,11,-0.853096,8.248008,4.174577,0.162406,0.224883,0.056606
477656340.000,Miguel,recording,knock_twice_right,11,-0.792247,8.303680,4.048897,0.138980,0.200195,0.046347
477656350.000,Miguel,recording,knock_twice_right,11,-0.776900,8.343931,3.940643,0.100191,0.174351,0.027098
477656360.000,Miguel,recording,knock_twice_right,11,-0.800758,8.358466,3.926322,0.049566,0.152278,0.005027
477656370.000,Miguel,recording,knock_twice_right,11,-0.796154,8.393116,4.053435,-0.004126,0.135896,-0.015527
477656380.000,Miguel,recording,knock_twice_right,11,-0.790863,8.376663,4.202455,-0.050533,0.125167,-0.036222
477656390.000,Miguel,recording,knock_twice_right,11,-0.866962,8.292714,4.291259,-0.088570,0.115779,-0.059075
477656400.000,Miguel,recording,knock_twice_right,11,-1.043025,8.245841,4.374647,-0.122868,0.107367,-0.075507
477656410.000,Miguel,recording,knock_twice_right,11,-1.237096,8.252428,4.485339,-0.152682,0.108506,-0.078576
477656420.000,Miguel,recording,knock_twice_right,11,-1.400111,8.281673,4.560310,-0.179199,0.120745,-0.069772
477656430.000,Miguel,recording,knock_twice_right,11,-1.474666,8.319127,4.599120,-0.206759,0.134812,-0.052063
477656440.000,Miguel,recording,knock_twice_right,11,-1.495676,8.361037,4.689810,-0.232271,0.142836,-0.028479
477656450.000,Miguel,recording,knock_twice_right,11,-1.475640,8.369375,4.847065,-0.245177,0.137035,-0.002428
477656460.000,Miguel,recording,knock_twice_right,11,-1.410816,8.365560,5.034735,-0.235286,0.107652,0.019716
477656470.000,Miguel,recording,knock_twice_right,11,-1.297122,8.385829,5.180855,-0.203650,0.054035,0.032483
477656480.000,Miguel,recording,knock_twice_right,11,-1.190135,8.441063,5.251873,-0.162644,-0.009911,0.035002
477656490.000,Miguel,recording,knock_twice_right,11,-1.106336,8.445304,5.251619,-0.123058,-0.062456,0.029154
477656500.000,Miguel,recording,knock_twice_right,11,-1.043605,8.370514,5.254312,-0.091834,-0.083017,0.016896
477656510.000,Miguel,recording,knock_twice_right,11,-1.026835,8.332219,5.240700,-0.070171,-0.067351,0.002275
477656520.000,Miguel,recording,knock_twice_right,11,-1.068936,8.344174,5.237565,-0.056808,-0.030070,-0.010586
477656530.000,Miguel,recording,knock_twice_right,11,-1.118378,8.389777,5.237417,-0.049625,0.009220,-0.018278
477656540.000,Miguel,recording,knock_twice_right,11,-1.146036,8.397920,5.240194,-0.043389,0.036837,-0.020677
477656550.000,Miguel,recording,knock_twice_right,11,-1.152640,8.341191,5.234131,-0.031927,0.050817,-0.021938
477656560.000,Miguel,recording,knock_twice_right,11,-1.157209,8.257795,5.225523,-0.013566,0.052116,-0.022819
477656570.000,Miguel,recording,knock_twice_right,11,-1.182273,8.210013,5.232373,0.010207,0.037471,-0.021180
477656580.000,Miguel,recording,knock_twice_right,11,-1.251325,8.206501,5.192266,0.037135,0.005692,-0.015176
477656590.000,Miguel,recording,knock_twice_right,11,-1.315754,8.225750,5.120736,0.060568,-0.035279,-0.003132
477656600.000,Miguel,recording,knock_twice_right,11,-1.325565,8.285934,5.017978,0.075061,-0.068761,0.010892
477656610.000,Miguel,recording,knock_twice_right,11,-1.298988,8.337294,4.921917,0.076727,-0.085547,0.022360
477656620.000,Miguel,recording,knock_twice_right,11,-1.290336,8.335380,4.867495,0.067808,-0.084801,0.031040
477656630.000,Miguel,recording,knock_twice_right,11,-1.288185,8.303965,4.844545,0.054032,-0.066554,0.037848
477656640.000,Miguel,recording,knock_twice_right,11,-1.297520,8.294022,4.823480,0.036785,-0.037191,0.044297
477656650.000,Miguel,recording,knock_twice_right,11,-1.261054,8.281308,4.809427,0.018011,-0.008723,0.049163
477656660.000,Miguel,recording,knock_twice_right,11,-1.141248,8.273790,4.830467,0.000770,0.012346,0.050728
477656670.000,Miguel,recording,knock_twice_right,11,-1.039057,8.276772,4.889233,-0.010792,0.027600,0.045797
477656680.000,Miguel,recording,knock_twice_right,11,-1.007822,8.244533,4.939074,-0.015123,0.035488,0.032291
477656690.000,Miguel,recording,knock_twice_right,11,-1.082709,8.199824,4.987415,-0.013558,0.031888,0.016216
477656700.000,Miguel,recording,knock_twice_right,11,-1.190977,8.181676,5.001918,-0.007862,0.022937,0.006249
477656710.000,Miguel,recording,knock_twice_right,11,-1.288957,8.191420,4.978159,0.000587,0.017672,0.005952
477656720.000,Miguel,recording,knock_twice_right,11,-1.360469,8.208545,4.932491,0.010088,0.015216,0.015490
477656730.000,Miguel,recording,knock_twice_right,11,-1.344401,8.212352,4.882452,0.017380,0.007737,0.029337
477656740.000,Miguel,recording,knock_twice_right,11,-1.291501,8.199137,4.835352,0.020372,-0.004212,0.040403
477656750.000,Miguel,recording,knock_twice_right,11,-1.243690,8.182519,4.819734,0.020443,-0.011037,0.047009
477656760.000,Miguel,recording,knock_twice_right,11,-1.204781,8.198629,4.796544,0.016890,-0.010030,0.050511
477656770.000,Miguel,recording,knock_twice_right,11,-1.143936,8.227513,4.795648,0.010058,-0.003346,0.051792
477656780.000,Miguel,recording,knock_twice_right,11,-1.063219,8.241319,4.825737,0.004941,0.009593,0.049432
477656790.000,Miguel,recording,knock_twice_right,11,-0.975817,8.260006,4.811911,-0.000502,0.024884,0.041924
477656800.000,Miguel,recording,knock_twice_right,11,-0.912736,8.326050,4.793747,-0.008822,0.038575,0.032626
477656810.000,Miguel,recording,knock_twice_right,11,-0.856145,8.386950,4.840364,-0.013187,0.053927,0.022084
477656820.000,Miguel,recording,knock_twice_right,11,-0.835622,8.351100,4.911421,-0.008241,0.062885,0.007763
477656830.000,Miguel,recording,knock_twice_right,11,-0.948259,8.246411,4.939197,0.010441,0.065938,-0.009300
477656840.000,Miguel,recording,knock_twice_right,11,-1.616100,8.022710,4.705187,0.029227,0.085233,-0.012978
477656850.000,Miguel,recording,knock_twice_right,11,-2.376049,8.051561,4.411357,0.017331,0.103682,0.042975
477656860.000,Miguel,recording,knock_twice_right,11,-2.203427,8.340787,4.329231,-0.028582,0.108551,0.143099
477656870.000,Miguel,recording,knock_twice_right,11,-1.629610,8.376910,4.277055,-0.091006,0.093168,0.217121
477656880.000,Miguel,recording,knock_twice_right,11,-0.986529,8.408095,4.517518,-0.148170,0.037438,0.240456
477656890.000,Miguel,recording,knock_twice_right,11,-0.432707,8.497563,4.832929,-0.179933,-0.039368,0.211224
477656900.000,Miguel,recording,knock_twice_right,11,0.138237,8.563677,5.088371,-0.186651,-0.102214,0.130164
477656910.000,Miguel,recording,knock_twice_right,11,0.396432,8.601256,5.124691,-0.187277,-0.124009,0.011336
477656920.000,Miguel,recording,knock_twice_right,11,0.103076,8.557484,5.076339,-0.196397,-0.109066,-0.115403
477656930.000,Miguel,recording,knock_twice_right,11,-0.439366,8.354341,5.015551,-0.211922,-0.047901,-0.216105
477656940.000,Miguel,recording,knock_twice_right,11,-0.919554,8.134905,4.881227,-0.237424,0.064467,-0.265883
477656950.000,Miguel,recording,knock_twice_right,11,-1.519854,8.176414,4.862533,-0.274040,0.178218,-0.251656
477656960.000,Miguel,recording,knock_twice_right,11,-1.894017,8.331563,5.021053,-0.301760,0.247160,-0.189375
477656970.000,Miguel,recording,knock_twice_right,11,-1.888297,8.434295,5.225276,-0.306604,0.254652,-0.113108
477656980.000,Miguel,recording,knock_twice_right,11,-1.609600,8.402134,5.456254,-0.285626,0.217228,-0.048288
477656990.000,Miguel,recording,knock_twice_right,11,-1.334642,8.207118,5.664388,-0.236585,0.171067,-0.008801
477657000.000,Miguel,recording,knock_twice_right,11,-1.183895,8.012596,5.756212,-0.166062,0.129070,0.007944
477657010.000,Miguel,recording,knock_twice_right,11,-1.128942,8.003579,5.767803,-0.086821,0.089367,0.014006
477657020.000,Miguel,recording,knock_twice_right,11,-1.430267,7.973037,5.607476,-0.011841,0.077697,0.016613
477657030.000,Miguel,recording,knock_twice_right,11,-2.316896,7.839041,5.204122,0.029943,0.095744,0.059066
477657040.000,Miguel,recording,knock_twice_right,11,-2.873972,7.947526,4.853193,0.018244,0.125822,0.178013
477657050.000,Miguel,recording,knock_twice_right,11,-2.463644,8.091894,4.736617,-0.028702,0.156066,0.321511
477657060.000,Miguel,recording,knock_twice_right,11,-1.606866,8.119884,4.846635,-0.076480,0.142800,0.416909
477657070.000,Miguel,recording,knock_twice_right,11,-0.624426,8.270775,5.121265,-0.098335,0.074309,0.429525
477657080.000,Miguel,recording,knock_twice_right,11,-0.070804,8.418290,5.314781,-0.089497,-0.022486,0.363920
477657090.000,Miguel,recording,knock_twice_right,11,0.250196,8.480001,5.396787,-0.064759,-0.113742,0.247129
477657100.000,Miguel,recording,knock_twice_right,11,0.354471,8.390366,5.340034,-0.043808,-0.160612,0.107808
477657110.000,Miguel,recording,knock_twice_right,11,0.079624,8.254790,5.178111,-0.042162,-0.149578,-0.025791
477657120.000,Miguel,recording,knock_twice_right,11,-0.420925,8.231199,5.077353,-0.063717,-0.097571,-0.128288
477657130.000,Miguel,recording,knock_twice_right,11,-0.939206,8.255725,5.076016,-0.100513,-0.031404,-0.183295
477657140.000,Miguel,recording,knock_twice_right,11,-1.288863,8.233925,5.131306,-0.137017,0.028344,-0.193061
477657150.000,Miguel,recording,knock_twice_right,11,-1.461962,8.202232,5.218368,-0.160661,0.071054,-0.170822
477657160.000,Miguel,recording,knock_twice_right,11,-1.563142,8.152740,5.258609,-0.168464,0.114877,-0.133289
477657170.000,Miguel,recording,knock_twice_right,11,-1.591701,8.056634,5.180289,-0.173991,0.153209,-0.088307
477657180.000,Miguel,recording,knock_twice_right,11,-1.637397,8.096390,5.131025,-0.188501,0.149689,-0.032061
477657190.000,Miguel,recording,knock_twice_right,11,-1.579737,8.193958,5.213168,-0.199634,0.119196,0.022363
477657200.000,Miguel,recording,knock_twice_right,11,-1.347139,8.158530,5.240880,-0.201921,0.093852,0.056731
477657210.000,Miguel,recording,knock_twice_right,11,-1.166903,8.121160,5.213451,-0.206579,0.078757,0.070716
477657220.000,Miguel,recording,knock_twice_right,11,-1.049000,8.133695,5.116326,-0.224107,0.073705,0.073237
477657230.000,Miguel,recording,knock_twice_right,11,-0.948364,8.164051,5.024057,-0.260015,0.084640,0.070534
477657240.000,Miguel,recording,knock_twice_right,11,-0.853743,8.197490,4.974751,-0.314616,0.114570,0.062302
477657250.000,Miguel,recording,knock_twice_right,11,-0.794971,8.182140,4.999725,-0.377525,0.162226,0.046693
477657260.000,Miguel,recording,knock_twice_right,11,-0.822082,8.136282,5.098556,-0.433010,0.215532,0.024517
477657270.000,Miguel,recording,knock_twice_right,11,-0.876607,8.086793,5.222844,-0.472272,0.250867,-0.001420
477657280.000,Miguel,recording,knock_twice_right,11,-0.951923,8.055921,5.308920,-0.494761,0.253091,-0.026714
477657290.000,Miguel,recording,knock_twice_right,11,-1.068966,8.033172,5.382765,-0.504540,0.225141,-0.046855
477657300.000,Miguel,recording,knock_twice_right,11,-1.206454,8.026698,5.455398,-0.505641,0.180913,-0.057986
477657310.000,Miguel,recording,knock_twice_right,11,-1.295845,7.993053,5.555811,-0.497733,0.131310,-0.058959
477657320.000,Miguel,recording,knock_twice_right,11,-1.269374,7.947907,5.734156,-0.475038,0.076528,-0.055645
477657330.000,Miguel,recording,knock_twice_right,11,-1.124039,7.896955,5.929016,-0.433232,0.010943,-0.060576
477657340.000,Miguel,recording,knock_twice_right,11,-0.972551,7.848585,6.036799,-0.375012,-0.068094,-0.083181
477657350.000,Miguel,recording,knock_twice_right,11,-0.933526,7.887444,6.050265,-0.308450,-0.158083,-0.116250
477657360.000,Miguel,recording,knock_twice_right,11,-1.066027,7.909914,5.957192,-0.249475,-0.234941,-0.141368
477657370.000,Miguel,recording,knock_twice_right,11,-1.244467,7.815175,5.764079,-0.218959,-0.257796,-0.147862
477657380.000,Miguel,recording,knock_twice_right,11,-1.363211,7.724016,5.574656,-0.236345,-0.214325,-0.136417
477657390.000,Miguel,recording,knock_twice_right,11,-1.440613,7.720433,5.480521,-0.301913,-0.129866,-0.110591
477657400.000,Miguel,recording,knock_twice_right,11,-1.468831,7.728112,5.490375,-0.393072,-0.036808,-0.076903
477657410.000,Miguel,recording,knock_twice_right,11,-1.381937,7.714174,5.538461,-0.486421,0.031878,-0.048555
477657420.000,Miguel,recording,knock_twice_right,11,-1.260404,7.714607,5.598991,-0.571261,0.046529,-0.038520
477657430.000,Miguel,recording,knock_twice_right,11,-1.227081,7.811593,5.747941,-0.641174,0.014485,-0.052260
477657440.000,Miguel,recording,knock_twice_right,11,-1.225790,7.944674,6.097189,-0.690713,-0.017621,-0.085871
477657450.000,Miguel,recording,knock_twice_right,11,-1.260091,7.987386,6.480107,-0.718394,0.003411,-0.132309
477657460.000,Miguel,recording,knock_twice_right,11,-1.318758,7.900681,6.674130,-0.723162,0.097673,-0.184670
477657470.000,Miguel,recording,knock_twice_right,11,-1.373588,7.845911,6.636933,-0.726470,0.249557,-0.237634
477657480.000,Miguel,recording,knock_twice_right,11,-1.489752,7.794927,6.312427,-0.765752,0.428594,-0.279405
477657490.000,Miguel,recording,knock_twice_right,11,-1.744590,7.672697,5.910695,-0.862684,0.578526,-0.283273
477657500.000,Miguel,recording,knock_twice_right,11,-1.982128,7.436783,5.720287,-1.003736,0.651697,-0.240516
477657510.000,Miguel,recording,knock_twice_right,11,-2.076458,7.096303,5.943846,-1.139447,0.634889,-0.163996
477657520.000,Miguel,recording,knock_twice_right,11,-2.070108,6.852487,6.390668,-1.224344,0.524704,-0.062633
477657530.000,Miguel,recording,knock_twice_right,11,-1.993504,6.706977,6.760195,-1.245405,0.332281,0.054755
477657540.000,Miguel,recording,knock_twice_right,11,-1.964322,6.645761,6.993379,-1.214350,0.088903,0.173909
477657550.000,Miguel,recording,knock_twice_right,11,-1.983359,6.563580,7.101719,-1.152186,-0.156911,0.277849
477657560.000,Miguel,recording,knock_twice_right,11,-1.944512,6.439164,7.169530,-1.076571,-0.362044,0.351699
477657570.000,Miguel,recording,knock_twice_right,11,-1.735786,6.334588,7.322630,-0.997406,-0.514397,0.382396
477657580.000,Miguel,recording,knock_twice_right,11,-1.347141,6.225544,7.509992,-0.915662,-0.644550,0.382336
477657590.000,Miguel,recording,knock_twice_right,11,-0.964574,6.218720,7.595155,-0.838427,-0.783159,0.376588
477657600.000,Miguel,recording,knock_twice_right,11,-0.762276,6.440348,7.482113,-0.788512,-0.855983,0.340920
477657610.000,Miguel,recording,knock_twice_right,11,-0.555312,6.349366,7.178723,-0.754737,-0.817011,0.277085
477657620.000,Miguel,recording,knock_twice_right,11,-0.431945,5.999795,6.977926,-0.708422,-0.729460,0.244839
477657630.000,Miguel,recording,knock_twice_right,11,-0.540370,5.965671,6.956291,-0.657506,-0.623461,0.254041
477657640.000,Miguel,recording,knock_twice_right,11,-0.623527,5.852570,6.690101,-0.634869,-0.485789,0.294043
477657650.000,Miguel,recording,knock_twice_right,11,-0.866339,5.815579,6.570978,-0.652459,-0.310638,0.369649
477657660.000,Miguel,recording,knock_twice_right,11,-1.007186,5.920953,6.778497,-0.690221,-0.112325,0.436517
477657670.000,Miguel,recording,knock_twice_right,11,-0.890871,5.960755,7.044947,-0.736415,0.079516,0.433573
477657680.000,Miguel,recording,knock_twice_right,11,-0.720511,6.031873,7.335383,-0.777413,0.222825,0.354878
477657690.000,Miguel,recording,knock_twice_right,11,-0.699224,6.199354,7.712374,-0.782729,0.280742,0.243260
477657700.000,Miguel,recording,knock_twice_right,11,-0.881511,6.266497,8.013715,-0.729816,0.244338,0.146766
477657710.000,Miguel,recording,knock_twice_right,11,-1.029656,6.142424,8.124725,-0.615303,0.132625,0.083723
477657720.000,Miguel,recording,knock_twice_right,12,-1.046781,5.994611,8.096963,-0.458919,-0.021913,0.046821
477657730.000,Miguel,recording,knock_twice_right,12,-0.939254,5.950211,8.060265,-0.290409,-0.192970,0.022840
477657740.000,Miguel,recording,knock_twice_right,12,-0.811572,6.011972,8.055022,-0.134012,-0.363823,0.002969
477657750.000,Miguel,recording,knock_twice_right,12,-0.741441,6.023963,7.950609,-0.010994,-0.511283,-0.007063
477657760.000,Miguel,recording,knock_twice_right,12,-0.726069,6.018231,7.731628,0.065789,-0.612895,0.003476
477657770.000,Miguel,recording,knock_twice_right,12,-0.642089,6.030050,7.487066,0.091894,-0.653229,0.026532
477657780.000,Miguel,recording,knock_twice_right,12,-0.481470,6.064851,7.239469,0.073232,-0.623011,0.038940
477657790.000,Miguel,recording,knock_twice_right,12,-0.366573,6.199494,7.136536,0.033972,-0.521576,0.016655
477657800.000,Miguel,recording,knock_twice_right,12,-0.433269,6.242968,7.186318,-0.005022,-0.382873,-0.036124
477657810.000,Miguel,recording,knock_twice_right,12,-0.687222,6.154083,7.273820,-0.049231,-0.269448,-0.091117
477657820.000,Miguel,recording,knock_twice_right,12,-0.735666,6.155701,7.395744,-0.093369,-0.230051,-0.124103
477657830.000,Miguel,recording,knock_twice_right,12,-0.497442,6.071971,7.469463,-0.114249,-0.265869,-0.122731
477657840.000,Miguel,recording,knock_twice_right,12,-0.297369,6.018829,7.468115,-0.113089,-0.332614,-0.102856
477657850.000,Miguel,recording,knock_twice_right,12,-0.212955,6.069932,7.491425,-0.109216,-0.382032,-0.093989
477657860.000,Miguel,recording,knock_twice_right,12,-0.200021,6.063184,7.560562,-0.117358,-0.377111,-0.106437
477657870.000,Miguel,recording,knock_twice_right,12,-0.094148,6.035705,7.693296,-0.136061,-0.298083,-0.137887
477657880.000,Miguel,recording,knock_twice_right,12,0.142501,6.098581,7.826387,-0.141535,-0.156770,-0.191879
477657890.000,Miguel,recording,knock_twice_right,12,0.290833,6.237534,7.845307,-0.117693,-0.017872,-0.274481
477657900.000,Miguel,recording,knock_twice_right,12,0.127823,6.322218,7.874535,-0.076589,0.024733,-0.380452
477657910.000,Miguel,recording,knock_twice_right,12,-0.193328,6.156430,7.945236,-0.046785,-0.044377,-0.474400
477657920.000,Miguel,recording,knock_twice_right,12,-0.578315,5.873103,7.883308,-0.055858,-0.119130,-0.508801
477657930.000,Miguel,recording,knock_twice_right,12,-0.901351,5.756655,7.859750,-0.102023,-0.086979,-0.475551
477657940.000,Miguel,recording,knock_twice_right,12,-1.016586,5.750103,7.933090,-0.144244,0.056713,-0.408181
477657950.000,Miguel,recording,knock_twice_right,12,-0.980652,5.824963,8.019724,-0.148404,0.221878,-0.346365
477657960.000,Miguel,recording,knock_twice_right,12,-0.741293,5.977552,7.957479,-0.128361,0.306267,-0.319959
477657970.000,Miguel,recording,knock_twice_right,12,-0.377955,6.045960,7.905784,-0.104274,0.269975,-0.348983
477657980.000,Miguel,recording,knock_twice_right,12,-0.114220,6.071745,8.163322,-0.043232,0.127896,-0.441331
477657990.000,Miguel,recording,knock_twice_right,12,0.034526,6.211572,8.306000,0.063082,-0.088178,-0.589584
477658000.000,Miguel,recording,knock_twice_right,12,0.172124,6.227117,8.107378,0.159720,-0.338531,-0.777315
477658010.000,Miguel,recording,knock_twice_right,12,0.203558,5.880687,7.816268,0.179617,-0.481759,-0.960157
477658020.000,Miguel,recording,knock_twice_right,12,-0.587627,4.749566,7.345350,0.075510,-0.327180,-0.988989
477658030.000,Miguel,recording,knock_twice_right,12,-1.749921,4.074526,7.480809,-0.063008,0.077327,-0.766680
477658040.000,Miguel,recording,knock_twice_right,12,-2.196293,5.142633,8.061135,-0.137415,0.566010,-0.389421
477658050.000,Miguel,recording,knock_twice_right,12,-2.394186,5.560769,7.598666,-0.195278,1.001793,0.001175
477658060.000,Miguel,recording,knock_twice_right,12,-2.204314,5.242717,6.982274,-0.303634,1.197156,0.348957
477658070.000,Miguel,recording,knock_twice_right,12,-2.369110,5.269098,6.763130,-0.464355,1.107123,0.640513
477658080.000,Miguel,recording,knock_twice_right,12,-2.299480,5.392680,7.098322,-0.613496,0.910820,0.806938
477658090.000,Miguel,recording,knock_twice_right,12,-1.573489,5.434387,7.712652,-0.674616,0.753646,0.812754
477658100.000,Miguel,recording,knock_twice_right,12,-0.717408,5.529465,8.353133,-0.626026,0.628283,0.711733
477658110.000,Miguel,recording,knock_twice_right,12,-0.366905,5.744976,8.701145,-0.496651,0.496192,0.570561
477658120.000,Miguel,recording,knock_twice_right,12,-0.416704,5.740679,8.723061,-0.324729,0.367414,0.429322
477658130.000,Miguel,recording,knock_twice_right,12,-0.564157,5.648376,8.636511,-0.142195,0.277836,0.306991
477658140.000,Miguel,recording,knock_twice_right,12,-0.533562,5.559561,8.401743,0.031841,0.251356,0.206234
477658150.000,Miguel,recording,knock_twice_right,12,-0.463804,5.482931,8.147610,0.187182,0.312197,0.115319
477658160.000,Miguel,recording,knock_twice_right,12,-0.328454,5.427477,7.987748,0.317821,0.464257,0.016247
477658170.000,Miguel,recording,knock_twice_right,12,-0.462105,5.644743,8.035058,0.416154,0.643168,-0.095909
477658180.000,Miguel,recording,knock_twice_right,12,-0.965613,6.019606,8.154247,0.479725,0.761572,-0.211995
477658190.000,Miguel,recording,knock_twice_right,12,-1.372950,6.117779,8.194733,0.514388,0.774850,-0.318227
477658200.000,Miguel,recording,knock_twice_right,12,-1.689448,6.145227,8.283444,0.526344,0.679804,-0.398462
477658210.000,Miguel,recording,knock_twice_right,12,-1.972931,6.110713,8.550784,0.528646,0.516221,-0.445146
477658220.000,Miguel,recording,knock_twice_right,12,-2.035653,5.767997,8.844161,0.562794,0.351073,-0.461340
477658230.000,Miguel,recording,knock_twice_right,12,-1.965799,5.455466,8.892639,0.651180,0.252580,-0.446339
477658240.000,Miguel,recording,knock_twice_right,12,-1.872776,5.486555,8.592150,0.751495,0.248292,-0.390595
477658250.000,Miguel,recording,knock_twice_right,12,-1.899238,5.636523,8.096445,0.813595,0.287065,-0.292115
477658260.000,Miguel,recording,knock_twice_right,12,-2.137824,5.680068,7.513782,0.808045,0.305470,-0.165127
477658270.000,Miguel,recording,knock_twice_right,12,-2.327329,5.681183,6.937060,0.720392,0.273660,-0.030457
477658280.000,Miguel,recording,knock_twice_right,12,-2.193921,5.712897,6.698583,0.571624,0.195954,0.088385
477658290.000,Miguel,recording,knock_twice_right,12,-1.906394,5.996965,6.691229,0.401919,0.128379,0.171322
477658300.000,Miguel,recording,knock_twice_right,12,-1.826712,6.397039,6.650478,0.241179,0.128180,0.207613
477658310.000,Miguel,recording,knock_twice_right,12,-1.752838,6.457384,6.481014,0.097196,0.185389,0.180407
477658320.000,Miguel,recording,knock_twice_right,12,-1.583123,6.240223,6.344507,-0.034193,0.263745,0.105167
477658330.000,Miguel,recording,knock_twice_right,12,-1.575446,6.244562,6.323699,-0.147839,0.347254,0.034250
477658340.000,Miguel,recording,knock_twice_right,12,-1.577203,6.282215,6.393183,-0.235364,0.419272,-0.007888
477658350.000,Miguel,recording,knock_twice_right,12,-1.729693,6.023334,6.397224,-0.298805,0.463614,-0.015339
477658360.000,Miguel,recording,knock_twice_right,12,-1.844747,5.659397,6.313386,-0.348900,0.487189,0.007060
477658370.000,Miguel,recording,knock_twice_right,12,-1.872624,5.634445,6.206681,-0.397143,0.488119,0.044276
477658380.000,Miguel,recording,knock_twice_right,12,-2.323363,5.817826,6.197334,-0.453460,0.428539,0.084436
477658390.000,Miguel,recording,knock_twice_right,12,-2.705287,6.245478,6.499333,-0.517207,0.294761,0.114818
477658400.000,Miguel,recording,knock_twice_right,12,-2.663342,6.758308,7.078693,-0.559850,0.133242,0.131674
477658410.000,Miguel,recording,knock_twice_right,12,-2.613266,6.689013,7.534131,-0.556669,0.012842,0.138299
477658420.000,Miguel,recording,knock_twice_right,12,-2.255573,6.489931,7.834642,-0.518615,-0.036026,0.135928
477658430.000,Miguel,recording,knock_twice_right,12,-1.765839,6.329597,8.045900,-0.468413,-0.022201,0.118196
477658440.000,Miguel,recording,knock_twice_right,12,-1.277967,6.064539,8.145828,-0.418828,0.043859,0.074253
477658450.000,Miguel,recording,knock_twice_right,12,-0.909779,5.836512,8.196479,-0.374144,0.160742,0.004631
477658460.000,Miguel,recording,knock_twice_right,12,-0.649932,5.719758,8.111686,-0.340755,0.314745,-0.083138
477658470.000,Miguel,recording,knock_twice_right,12,-0.729415,5.821054,7.911166,-0.325977,0.443190,-0.179722
477658480.000,Miguel,recording,knock_twice_right,12,-1.321093,6.026772,7.866080,-0.330773,0.475603,-0.272011
477658490.000,Miguel,recording,knock_twice_right,12,-2.117851,6.000560,8.055593,-0.345165,0.405595,-0.332971
477658500.000,Miguel,recording,knock_twice_right,12,-2.348957,6.016891,8.526053,-0.349724,0.270259,-0.330668
477658510.000,Miguel,recording,knock_twice_right,12,-2.073226,6.243490,9.208465,-0.332776,0.115866,-0.276833
477658520.000,Miguel,recording,knock_twice_right,12,-1.467257,6.196799,9.706492,-0.300452,-0.027451,-0.225879
477658530.000,Miguel,recording,knock_twice_right,12,-0.527143,6.150440,10.181872,-0.261098,-0.141950,-0.228885
477658540.000,Miguel,recording,knock_twice_right,12,-0.100879,5.939875,10.607336,-0.206031,-0.200215,-0.306882
477658550.000,Miguel,recording,knock_twice_right,12,-0.257483,5.686714,10.843875,-0.117769,-0.209757,-0.460035
477658560.000,Miguel,recording,knock_twice_right,12,-1.105015,5.669338,11.310289,0.025174,-0.226215,-0.643320
477658570.000,Miguel,recording,knock_twice_right,12,-2.444093,5.819808,11.861396,0.259420,-0.308965,-0.758102
477658580.000,Miguel,recording,knock_twice_right,12,-3.621405,6.056005,12.035138,0.571738,-0.426522,-0.756567
477658590.000,Miguel,recording,knock_twice_right,12,-4.204799,6.100253,11.406833,0.917156,-0.502642,-0.664078
477658600.000,Miguel,recording,knock_twice_right,12,-4.325262,6.017747,10.122803,1.228969,-0.531440,-0.523390
477658610.000,Miguel,recording,knock_twice_right,12,-4.285678,5.932655,8.509030,1.425659,-0.526055,-0.364011
477658620.000,Miguel,recording,knock_twice_right,12,-4.097500,5.850655,6.886235,1.480959,-0.489406,-0.198269
477658630.000,Miguel,recording,knock_twice_right,12,-3.704210,5.833555,5.544259,1.412514,-0.441242,-0.044514
477658640.000,Miguel,recording,knock_twice_right,12,-3.164610,5.797512,4.574649,1.268054,-0.403311,0.074110
477658650.000,Miguel,recording,knock_twice_right,12,-2.633251,5.723187,3.858326,1.094374,-0.399666,0.144837
477658660.000,Miguel,recording,knock_twice_right,12,-2.240594,5.665581,3.328629,0.914936,-0.463420,0.182005
477658670.000,Miguel,recording,knock_twice_right,12,-2.011349,5.741586,2.944619,0.736836,-0.588028,0.202738
477658680.000,Miguel,recording,knock_twice_right,12,-1.887860,6.021160,2.636964,0.557288,-0.705625,0.191121
477658690.000,Miguel,recording,knock_twice_right,12,-1.946573,6.292580,2.244337,0.355261,-0.750019,0.130222
477658700.000,Miguel,recording,knock_twice_right,12,-2.223762,6.166075,1.732601,0.113019,-0.703939,0.039999
477658710.000,Miguel,recording,knock_twice_right,12,-2.575596,5.627709,1.209850,-0.176253,-0.595483,-0.035996
477658720.000,Miguel,recording,knock_twice_right,12,-3.004770,5.123033,0.940812,-0.507031,-0.466945,-0.057453
477658730.000,Miguel,recording,knock_twice_right,12,-3.316971,4.828260,1.091673,-0.852864,-0.351250,-0.015341
477658740.000,Miguel,recording,knock_twice_right,12,-3.157748,4.535037,1.668578,-1.182502,-0.311876,0.063971
477658750.000,Miguel,recording,knock_twice_right,12,-2.767496,4.251379,3.028756,-1.455502,-0.472431,0.146034
477658760.000,Miguel,recording,knock_twice_right,12,-2.413923,4.054358,5.482443,-1.607803,-0.909289,0.216910
477658770.000,Miguel,recording,knock_twice_right,12,-1.531603,3.935378,8.954478,-1.585158,-1.538384,0.265959
477658780.000,Miguel,recording,knock_twice_right,12,0.274608,4.122509,12.978952,-1.390803,-2.086109,0.244637
477658790.000,Miguel,recording,knock_twice_right,12,2.303028,4.603990,16.433541,-1.089519,-2.229690,0.104827
477658800.000,Miguel,recording,knock_twice_right,12,3.532348,5.161324,18.434851,-0.765411,-1.785390,-0.133846
477658810.000,Miguel,recording,knock_twice_right,12,3.014567,5.740576,18.883251,-0.463722,-0.798544,-0.369039
477658820.000,Miguel,recording,knock_twice_right,12,1.012454,5.936298,17.923679,-0.206109,0.420380,-0.496807
477658830.000,Miguel,recording,knock_twice_right,12,-1.362217,5.905736,15.893984,-0.020359,1.464738,-0.487347
477658840.000,Miguel,recording,knock_twice_right,12,-3.242409,6.336539,13.384513,0.099909,2.065760,-0.380616
477658850.000,Miguel,recording,knock_twice_right,12,-4.067835,7.056703,11.290344,0.209261,2.167815,-0.247604
477658860.000,Miguel,recording,knock_twice_right,12,-4.177406,7.436207,9.759304,0.367123,1.886701,-0.149315
477658870.000,Miguel,recording,knock_twice_right,12,-4.009887,7.478325,8.438633,0.573453,1.434108,-0.105386
477658880.000,Miguel,recording,knock_twice_right,12,-3.741218,7.236415,6.797661,0.746081,0.999907,-0.093999
477658890.000,Miguel,recording,knock_twice_right,12,-3.404126,6.712872,5.017431,0.792167,0.660779,-0.070442
477658900.000,Miguel,recording,knock_twice_right,12,-3.036413,6.179491,3.646544,0.694051,0.455566,-0.021799
477658910.000,Miguel,recording,knock_twice_right,12,-2.671927,5.770191,2.745566,0.482195,0.396024,0.019758
477658920.000,Miguel,recording,knock_twice_right,12,-2.349117,5.346762,2.237042,0.199698,0.432277,0.050112
477658930.000,Miguel,recording,knock_twice_right,12,-2.393502,5.130131,2.206384,-0.092486,0.523870,0.086136
477658940.000,Miguel,recording,knock_twice_right,12,-2.529667,4.859545,2.302928,-0.340056,0.639409,0.134453
477658950.000,Miguel,recording,knock_twice_right,12,-2.772983,4.612547,2.386994,-0.508164,0.741798,0.202054
477658960.000,Miguel,recording,knock_twice_right,12,-3.083599,4.416366,2.273153,-0.592345,0.816215,0.292961
477658970.000,Miguel,recording,knock_twice_right,12,-3.508945,4.170293,1.891317,-0.625540,0.848274,0.414729
477658980.000,Miguel,recording,knock_twice_right,12,-3.686733,4.066836,1.474744,-0.645198,0.786299,0.591052
477658990.000,Miguel,recording,knock_twice_right,12,-3.469728,4.469652,1.318345,-0.656272,0.616951,0.797981
477659000.000,Miguel,recording,knock_twice_right,12,-3.041949,4.752707,1.326388,-0.653425,0.361740,0.949534
477659010.000,Miguel,recording,knock_twice_right,12,-2.282464,4.620591,1.380408,-0.659482,-0.011315,1.006247
477659020.000,Miguel,recording,knock_twice_right,12,-1.764968,4.501876,1.861802,-0.704837,-0.570930,0.999003
477659030.000,Miguel,recording,knock_twice_right,12,-1.193348,4.248533,3.185975,-0.780157,-1.348048,0.954712
477659040.000,Miguel,recording,knock_twice_right,12,-0.357406,3.828773,5.717943,-0.860230,-2.279637,0.887268
477659050.000,Miguel,recording,knock_twice_right,12,0.590397,3.972769,10.139963,-0.986647,-2.887503,0.777930
477659060.000,Miguel,recording,knock_twice_right,12,2.232779,4.657230,15.141863,-1.089693,-2.726500,0.602562
477659070.000,Miguel,recording,knock_twice_right,12,4.042282,4.877651,18.473739,-1.065556,-1.812969,0.361455
477659080.000,Miguel,recording,knock_twice_right,12,4.073020,5.023939,20.070575,-0.934660,-0.385183,0.084298
477659090.000,Miguel,recording,knock_twice_right,12,2.349669,5.162744,19.620046,-0.723972,1.086043,-0.149551
477659100.000,Miguel,recording,knock_twice_right,12,-0.441338,5.459258,18.367888,-0.465585,2.176453,-0.259709
477659110.000,Miguel,recording,knock_twice_right,12,-2.901789,6.145977,16.548297,-0.168142,2.690186,-0.225320
477659120.000,Miguel,recording,knock_twice_right,12,-4.101129,6.704378,14.303194,0.160287,2.620472,-0.121020
477659130.000,Miguel,recording,knock_twice_right,12,-4.171122,7.159051,12.253206,0.485898,2.108186,-0.029343
477659140.000,Miguel,recording,knock_twice_right,12,-3.871671,7.375114,10.779914,0.781358,1.388591,0.032646
477659150.000,Miguel,recording,knock_twice_right,12,-3.438312,7.188502,9.681364,1.033494,0.695091,0.069946
477659160.000,Miguel,recording,knock_twice_right,12,-2.676959,6.761753,8.483462,1.220708,0.164122,0.083805
477659170.000,Miguel,recording,knock_twice_right,12,-2.014227,6.507983,7.069601,1.305178,-0.136404,0.074781
477659180.000,Miguel,recording,knock_twice_right,12,-1.478652,6.393499,5.427215,1.256124,-0.212071,0.042766
477659190.000,Miguel,recording,knock_twice_right,12,-1.051441,6.210637,3.846652,1.073792,-0.126899,-0.009908
477659200.000,Miguel,recording,knock_twice_right,12,-0.918962,5.899882,2.573996,0.791800,0.033294,-0.065838
477659210.000,Miguel,recording,knock_twice_right,12,-1.076107,5.604987,1.690173,0.464626,0.172480,-0.107827
477659220.000,Miguel,recording,knock_twice_right,12,-1.414097,5.430026,1.266220,0.148936,0.231225,-0.137159
477659230.000,Miguel,recording,knock_twice_right,12,-1.869090,5.259546,1.139477,-0.117883,0.192890,-0.146599
477659240.000,Miguel,recording,knock_twice_right,12,-2.317150,5.035473,1.152456,-0.318732,0.062342,-0.122930
477659250.000,Miguel,recording,knock_twice_right,12,-2.654945,4.817051,1.207391,-0.459749,-0.135948,-0.072053
477659260.000,Miguel,recording,knock_twice_right,12,-2.809527,4.601165,1.194210,-0.571845,-0.387403,0.000348
477659270.000,Miguel,recording,knock_twice_right,12,-2.737624,4.337058,1.233667,-0.684716,-0.680390,0.097101
477659280.000,Miguel,recording,knock_twice_right,12,-2.485919,4.154371,1.499599,-0.812535,-1.003018,0.206863
477659290.000,Miguel,recording,knock_twice_right,12,-2.157120,4.046318,2.208159,-0.959689,-1.387322,0.306275
477659300.000,Miguel,recording,knock_twice_right,12,-1.708445,3.999049,3.856678,-1.111465,-1.866686,0.386056
477659310.000,Miguel,recording,knock_twice_right,12,-1.003087,4.173490,6.775374,-1.237139,-2.300197,0.428444
477659320.000,Miguel,recording,knock_twice_right,12,0.327046,4.358278,10.650815,-1.274172,-2.447888,0.394288
477659330.000,Miguel,recording,knock_twice_right,12,2.116467,4.150332,14.272954,-1.178509,-2.183800,0.272656
477659340.000,Miguel,recording,knock_twice_right,12,3.503071,3.916444,16.554362,-0.984299,-1.514936,0.085651
477659350.000,Miguel,recording,knock_twice_right,12,3.755114,4.070898,17.515923,-0.746247,-0.570401,-0.105799
477659360.000,Miguel,recording,knock_twice_right,12,2.483083,4.601372,17.408564,-0.509653,0.418429,-0.225926
477659370.000,Miguel,recording,knock_twice_right,12,0.769934,5.320846,16.511194,-0.309002,1.240047,-0.267774
477659380.000,Miguel,recording,knock_twice_right,12,-0.621742,5.915039,14.970260,-0.156539,1.788843,-0.285368
477659390.000,Miguel,recording,knock_twice_right,12,-1.717307,6.488608,13.267373,-0.045705,2.027367,-0.324367
477659400.000,Miguel,recording,knock_twice_right,12,-2.640439,6.865890,11.753415,0.049671,1.973283,-0.381765
477659410.000,Miguel,recording,knock_twice_right,12,-3.325931,6.841311,10.542571,0.160226,1.709042,-0.426634
477659420.000,Miguel,recording,knock_twice_right,12,-3.721841,6.634766,9.535094,0.285732,1.335155,-0.441086
477659430.000,Miguel,recording,knock_twice_right,12,-3.942749,6.638447,8.756952,0.408504,0.950556,-0.432028
477659440.000,Miguel,recording,knock_twice_right,12,-4.002846,6.402296,8.045503,0.513525,0.631011,-0.402678
477659450.000,Miguel,recording,knock_twice_right,12,-3.907213,5.876805,7.243456,0.583649,0.392261,-0.342414
477659460.000,Miguel,recording,knock_twice_right,12,-3.726573,5.428417,6.374918,0.600853,0.213369,-0.259209
477659470.000,Miguel,recording,knock_twice_right,12,-3.469131,5.137026,5.555080,0.557342,0.064450,-0.176925
477659480.000,Miguel,recording,knock_twice_right,12,-3.271453,4.892879,5.069462,0.469800,-0.077558,-0.104859
477659490.000,Miguel,recording,knock_twice_right,12,-2.920990,4.654673,5.218320,0.395971,-0.222946,-0.045268
477659500.000,Miguel,recording,knock_twice_right,12,-2.312243,4.328610,5.891379,0.390312,-0.412668,-0.012304
477659510.000,Miguel,recording,knock_twice_right,12,-1.801551,4.171969,6.544907,0.456772,-0.689091,-0.008397
477659520.000,Miguel,recording,knock_twice_right,12,-1.450901,4.286806,7.062204,0.579149,-1.028728,-0.023538
477659530.000,Miguel,recording,knock_twice_right,12,-0.986547,4.349579,7.616198,0.741280,-1.381739,-0.053794
477659540.000,Miguel,recording,knock_twice_right,12,-0.500709,4.416105,8.113483,0.914797,-1.656242,-0.095785
477659550.000,Miguel,recording,knock_twice_right,12,-0.184969,4.564622,8.325695,1.059579,-1.763272,-0.142989
477659560.000,Miguel,recording,knock_twice_right,12,-0.133876,4.653623,8.361976,1.164888,-1.730327,-0.181914
477659570.000,Miguel,recording,knock_twice_right,12,-0.276220,4.754000,8.281492,1.231453,-1.615749,-0.191504
477659580.000,Miguel,recording,knock_twice_right,12,-0.567981,4.922700,7.817515,1.254233,-1.438693,-0.162924
477659590.000,Miguel,recording,knock_twice_right,12,-0.742352,5.065980,7.179128,1.224960,-1.221541,-0.110966
477659600.000,Miguel,recording,knock_twice_right,12,-0.854807,5.254099,6.404784,1.117854,-0.994010,-0.059058
477659610.000,Miguel,recording,knock_twice_right,12,-1.110143,5.558713,5.750023,0.922892,-0.785667,-0.023127
477659620.000,Miguel,recording,knock_twice_right,12,-1.303229,5.827405,5.533137,0.664973,-0.625755,-0.012739
477659630.000,Miguel,recording,knock_twice_right,12,-1.200222,6.013844,5.744503,0.393759,-0.508142,-0.017168
477659640.000,Miguel,recording,knock_twice_right,12,-1.059702,6.226843,6.043361,0.149079,-0.401024,-0.015235
477659650.000,Miguel,recording,knock_twice_right,12,-1.039798,6.321582,6.444673,-0.056340,-0.298397,-0.003971
477659660.000,Miguel,recording,knock_twice_right,12,-0.946771,6.351567,6.919275,-0.221132,-0.206967,0.008370
477659670.000,Miguel,recording,knock_twice_right,12,-0.799019,6.221151,7.331681,-0.346936,-0.127484,0.015204
477659680.000,Miguel,recording,knock_twice_right,12,-0.583866,6.042792,7.693482,-0.431941,-0.052048,0.014006
477659690.000,Miguel,recording,knock_twice_right,12,-0.458553,5.925576,8.019359,-0.472219,0.027594,0.004094
477659700.000,Miguel,recording,knock_twice_right,12,-0.518740,5.900365,8.328243,-0.465827,0.107124,-0.010088
477659710.000,Miguel,recording,knock_twice_right,12,-0.685575,5.923938,8.597197,-0.417926,0.164842,-0.021846
477659720.000,Miguel,recording,knock_twice_right,12,-0.898878,5.952328,8.793259,-0.340464,0.175741,-0.022193
477659730.000,Miguel,recording,knock_twice_right,12,-1.143502,5.932094,8.898644,-0.244347,0.126592,0.002264
477659740.000,Miguel,recording,knock_twice_right,12,-1.306942,5.968163,9.016732,-0.138533,0.030976,0.045561
477659750.000,Miguel,recording,knock_twice_right,12,-1.218183,6.014337,9.087198,-0.018808,-0.080932,0.084238
477659760.000,Miguel,recording,knock_twice_right,12,-1.081549,5.980809,9.026476,0.111149,-0.177341,0.102310
477659770.000,Miguel,recording,knock_twice_right,12,-1.026820,6.056394,8.842396,0.230923,-0.240089,0.099681
477659780.000,Miguel,recording,knock_twice_right,12,-0.973975,6.077606,8.558660,0.324876,-0.273920,0.086096
477659790.000,Miguel,recording,knock_twice_right,12,-0.891229,6.130978,8.237230,0.381315,-0.292136,0.069481
477659800.000,Miguel,recording,knock_twice_right,12,-0.714442,6.183034,7.947385,0.395150,-0.302635,0.054298
477659810.000,Miguel,recording,knock_twice_right,12,-0.511867,6.205439,7.643593,0.369366,-0.298704,0.038948
477659820.000,Miguel,recording,knock_twice_right,12,-0.402149,6.216833,7.396487,0.311966,-0.269436,0.018866
477659830.000,Miguel,recording,knock_twice_right,12,-0.328892,6.250516,7.244834,0.229035,-0.210297,-0.008756
477659840.000,Miguel,recording,knock_twice_right,12,-0.299983,6.236012,7.149392,0.128276,-0.122560,-0.041035
477659850.000,Miguel,recording,knock_twice_right,12,-0.375713,6.179659,7.162309,0.023701,-0.014365,-0.070689
477659860.000,Miguel,recording,knock_twice_right,12,-0.494813,6.115214,7.283051,-0.070307,0.098157,-0.090275
477659870.000,Miguel,recording,knock_twice_right,12,-0.599177,6.045637,7.405604,-0.144659,0.198606,-0.096230
477659880.000,Miguel,recording,knock_twice_right,12,-0.688169,5.940937,7.445046,-0.196509,0.275596,-0.090503
477659890.000,Miguel,recording,knock_twice_right,12,-0.781644,5.870727,7.447550,-0.227835,0.321475,-0.079265
477659900.000,Miguel,recording,knock_twice_right,12,-0.843448,5.877977,7.501987,-0.242623,0.330029,-0.067396
477659910.000,Miguel,recording,knock_twice_right,12,-0.875523,5.905836,7.598845,-0.242862,0.302248,-0.057167
477659920.000,Miguel,recording,knock_twice_right,12,-0.848544,5.877288,7.692294,-0.225941,0.249223,-0.051281
477659930.000,Miguel,recording,knock_twice_right,12,-0.790975,5.817305,7.812745,-0.189781,0.183368,-0.052567
477659940.000,Miguel,recording,knock_twice_right,12,-0.717334,5.782821,7.947627,-0.139136,0.120780,-0.061679
477659950.000,Miguel,recording,knock_twice_right,12,-0.642062,5.789937,7.988605,-0.085188,0.079005,-0.079467
477659960.000,Miguel,recording,knock_twice_right,12,-0.599471,5.807124,7.903142,-0.039436,0.069449,-0.104688
477659970.000,Miguel,recording,knock_twice_right,12,-0.692035,5.745464,7.672812,-0.010589,0.097587,-0.131788
477659980.000,Miguel,recording,knock_twice_right,12,-0.860402,5.664024,7.404788,-0.002056,0.148472,-0.155381
477659990.000,Miguel,recording,knock_twice_right,12,-0.997319,5.708936,7.299667,-0.009918,0.190533,-0.164071
477660000.000,Miguel,recording,knock_twice_right,12,-1.191579,5.747316,7.223965,-0.028829,0.206468,-0.151505
477660010.000,Miguel,recording,knock_twice_right,12,-1.479561,5.699026,7.185115,-0.053704,0.195001,-0.125645
477660020.000,Miguel,recording,knock_twice_right,12,-2.063562,5.567413,7.159522,-0.077089,0.182604,-0.093725
477660030.000,Miguel,recording,knock_twice_right,12,-2.280045,5.580962,7.255331,-0.091983,0.191569,-0.055160
477660040.000,Miguel,recording,knock_twice_right,12,-1.664990,5.778030,7.388010,-0.116725,0.183227,-0.000627
477660050.000,Miguel,recording,knock_twice_right,12,-1.377717,5.859215,7.340011,-0.171216,0.136238,0.058087
477660060.000,Miguel,recording,knock_twice_right,12,-1.062765,5.946856,7.469715,-0.237058,0.075832,0.090389
477660070.000,Miguel,recording,knock_twice_right,12,-0.648228,6.020689,7.864591,-0.280996,0.010269,0.080840
477660080.000,Miguel,recording,knock_twice_right,12,-0.457577,6.048985,8.331276,-0.280711,-0.060603,0.032639
477660090.000,Miguel,recording,knock_twice_right,12,-0.566493,6.014416,8.547204,-0.237947,-0.107822,-0.030075
477660100.000,Miguel,recording,knock_twice_right,12,-0.985500,5.815011,8.431232,-0.174345,-0.096481,-0.086547
477660110.000,Miguel,recording,knock_twice_right,12,-1.421417,5.501058,8.286452,-0.110578,-0.050178,-0.113553
477660120.000,Miguel,recording,knock_twice_right,12,-1.641272,5.457829,8.323418,-0.060189,-0.036331,-0.086503
477660130.000,Miguel,recording,knock_twice_right,12,-1.648600,5.556027,8.370812,-0.028687,-0.079086,-0.016266
477660140.000,Miguel,recording,knock_twice_right,12,-1.381671,5.742350,8.474368,-0.006314,-0.139004,0.056526
477660150.000,Miguel,recording,knock_twice_right,12,-0.907151,5.935807,8.588832,0.025301,-0.164808,0.091506
477660160.000,Miguel,recording,knock_twice_right,12,-0.546292,5.932897,8.579529,0.071286,-0.129124,0.074337
477660170.000,Miguel,recording,knock_twice_right,12,-0.447205,5.828981,8.423166,0.121147,-0.045175,0.023707
477660180.000,Miguel,recording,knock_twice_right,12,-0.605631,5.776135,8.281493,0.165052,0.046936,-0.028359
477660190.000,Miguel,recording,knock_twice_right,12,-1.048977,5.617993,8.000838,0.197057,0.126716,-0.061262
477660200.000,Miguel,recording,knock_twice_right,12,-2.157179,5.294974,7.549935,0.213412,0.207116,-0.057647
477660210.000,Miguel,recording,knock_twice_right,12,-2.783214,5.267094,7.488427,0.214392,0.254282,0.005813
477660220.000,Miguel,recording,knock_twice_right,12,-2.293415,5.623141,7.532529,0.191616,0.218949,0.136565
477660230.000,Miguel,recording,knock_twice_right,12,-1.840229,5.804906,7.137076,0.131132,0.145558,0.281417
477660240.000,Miguel,recording,knock_twice_right,12,-0.894034,5.903557,7.016240,0.041735,0.084817,0.361968
477660250.000,Miguel,recording,knock_twice_right,12,-0.312301,6.063559,7.279480,-0.040187,0.032576,0.352598
477660260.000,Miguel,recording,knock_twice_right,12,0.055565,6.256209,7.765000,-0.079603,-0.020095,0.273357
477660270.000,Miguel,recording,knock_twice_right,12,0.114697,6.273823,8.024710,-0.070126,-0.070913,0.153182
477660280.000,Miguel,recording,knock_twice_right,12,-0.053037,6.171633,8.090014,-0.028409,-0.119045,0.023359
477660290.000,Miguel,recording,knock_twice_right,12,-0.518283,6.003733,8.069040,0.028788,-0.169882,-0.080408
477660300.000,Miguel,recording,knock_twice_right,12,-1.158323,5.812744,7.976435,0.091189,-0.213280,-0.130187
477660310.000,Miguel,recording,knock_twice_right,12,-1.689270,5.622866,7.669180,0.138734,-0.206008,-0.121512
477660320.000,Miguel,recording,knock_twice_right,12,-1.985290,5.484505,7.408468,0.147635,-0.155372,-0.065433
477660330.000,Miguel,recording,knock_twice_right,12,-1.974946,5.523782,7.479393,0.112131,-0.126631,0.028510
477660340.000,Miguel,recording,knock_twice_right,12,-1.724628,5.572905,7.580399,0.054263,-0.124212,0.131755
477660350.000,Miguel,recording,knock_twice_right,12,-1.445925,5.573823,7.663252,0.003909,-0.103971,0.206808
477660360.000,Miguel,recording,knock_twice_right,12,-1.206363,5.585197,7.748397,-0.025768,-0.050531,0.243529
477660370.000,Miguel,recording,knock_twice_right,12,-0.999398,5.627343,7.836143,-0.038717,0.013823,0.250046
477660380.000,Miguel,recording,knock_twice_right,12,-0.873462,5.666699,7.869313,-0.045977,0.066427,0.237077
477660390.000,Miguel,recording,knock_twice_right,12,-0.881795,5.696627,7.835519,-0.056084,0.104712,0.214812
477660400.000,Miguel,recording,knock_twice_right,12,-0.926823,5.707162,7.764425,-0.074304,0.137562,0.191788
477660410.000,Miguel,recording,knock_twice_right,12,-0.924846,5.731984,7.697175,-0.101299,0.173498,0.174556
477660420.000,Miguel,recording,knock_twice_right,12,-0.911939,5.764752,7.673846,-0.132549,0.214620,0.165280
477660430.000,Miguel,recording,knock_twice_right,12,-0.980650,5.791026,7.648268,-0.164189,0.258496,0.161009
477660440.000,Miguel,recording,knock_twice_right,12,-1.111119,5.800644,7.591540,-0.194401,0.295546,0.161014
477660450.000,Miguel,recording,knock_twice_right,12,-1.239598,5.778701,7.563074,-0.222978,0.311805,0.166558
477660460.000,Miguel,recording,knock_twice_right,12,-1.327583,5.736276,7.652599,-0.245830,0.298702,0.175647
477660470.000,Miguel,recording,knock_twice_right,12,-1.363260,5.685935,7.844002,-0.252388,0.261740,0.186534
477660480.000,Miguel,recording,knock_twice_right,12,-1.436617,5.590820,8.002838,-0.236031,0.220932,0.198229
477660490.000,Miguel,recording,knock_twice_right,12,-1.492151,5.485348,8.094944,-0.202645,0.190858,0.211535
477660500.000,Miguel,recording,knock_twice_right,12,-1.551266,5.404654,8.118475,-0.161806,0.174502,0.229131
477660510.000,Miguel,recording,knock_twice_right,12,-1.582324,5.394011,8.156834,-0.120600,0.165587,0.253082
477660520.000,Miguel,recording,knock_twice_right,12,-1.562962,5.397172,8.143774,-0.083681,0.158197,0.282558
477660530.000,Miguel,recording,knock_twice_right,12,-1.540254,5.349738,8.043440,-0.055830,0.159306,0.313228
477660540.000,Miguel,recording,knock_twice_right,12,-1.502747,5.281422,7.892154,-0.045189,0.174480,0.343235
477660550.000,Miguel,recording,knock_twice_right,12,-1.489524,5.253103,7.767271,-0.053315,0.198672,0.375380
477660560.000,Miguel,recording,knock_twice_right,12,-1.502935,5.282491,7.738434,-0.074479,0.224776,0.410522
477660570.000,Miguel,recording,knock_twice_right,12,-1.538424,5.312905,7.761099,-0.100443,0.247073,0.445451
477660580.000,Miguel,recording,knock_twice_right,12,-1.602533,5.316373,7.808942,-0.123686,0.265078,0.476780
477660590.000,Miguel,recording,knock_twice_right,12,-1.660350,5.258219,7.876439,-0.138925,0.280941,0.503901
477660600.000,Miguel,recording,knock_twice_right,12,-1.699984,5.186541,8.003432,-0.141076,0.295399,0.529330
477660610.000,Miguel,recording,knock_twice_right,12,-1.773745,5.087678,8.134879,-0.126707,0.311493,0.555741
477660620.000,Miguel,recording,knock_twice_right,12,-1.722718,5.009134,8.204800,-0.098103,0.327483,0.582400
477660630.000,Miguel,recording,knock_twice_right,12,-1.595673,4.981465,8.210108,-0.061193,0.334418,0.605954
477660640.000,Miguel,recording,knock_twice_right,12,-1.531577,4.972183,8.167607,-0.024976,0.330278,0.623672
477660650.000,Miguel,recording,knock_twice_right,12,-1.502587,4.957124,8.081295,0.001242,0.320897,0.638150
477660660.000,Miguel,recording,knock_twice_right,12,-1.476070,5.015557,8.036089,0.014711,0.310522,0.657728
477660670.000,Miguel,recording,knock_twice_right,12,-1.438446,5.157575,8.061352,0.020166,0.307438,0.690864
477660680.000,Miguel,recording,knock_twice_right,12,-1.371348,5.300563,8.117000,0.023357,0.324937,0.736428
477660690.000,Miguel,recording,knock_twice_right,12,-1.219292,5.407790,8.142736,0.027460,0.369372,0.784014
477660700.000,Miguel,recording,knock_twice_right,12,-1.005052,5.456059,8.093581,0.032548,0.434339,0.820938
477660710.000,Miguel,recording,knock_twice_right,12,-0.748759,5.464606,7.954626,0.035004,0.499576,0.838546
477660720.000,Miguel,recording,knock_twice_right,12,-0.534000,5.481800,7.826913,0.030558,0.547328,0.837688
477660730.000,Miguel,recording,knock_twice_right,12,-0.448809,5.506259,7.823878,0.018260,0.577001,0.823203
477660740.000,Miguel,recording,knock_twice_right,12,-0.499983,5.542335,7.854791,0.001650,0.597090,0.800866
477660750.000,Miguel,recording,knock_twice_right,13,-0.662458,5.529239,7.811123,-0.020381,0.615730,0.772727
477660760.000,Miguel,recording,knock_twice_right,13,-0.887949,5.411040,7.732238,-0.051358,0.641809,0.742480
477660770.000,Miguel,recording,knock_twice_right,13,-1.034529,5.467676,7.717970,-0.084504,0.669794,0.728741
477660780.000,Miguel,recording,knock_twice_right,13,-1.164572,5.733526,7.778144,-0.108635,0.698433,0.737996
477660790.000,Miguel,recording,knock_twice_right,13,-1.278609,5.702065,7.669113,-0.131601,0.726675,0.749686
477660800.000,Miguel,recording,knock_twice_right,13,-1.201319,5.601039,7.499340,-0.165683,0.735598,0.748319
477660810.000,Miguel,recording,knock_twice_right,13,-1.197615,5.521439,7.518548,-0.201568,0.725085,0.738410
477660820.000,Miguel,recording,knock_twice_right,13,-1.235913,5.390416,7.611887,-0.231093,0.718887,0.736973
477660830.000,Miguel,recording,knock_twice_right,13,-1.304838,5.291954,7.834856,-0.255401,0.747932,0.760504
477660840.000,Miguel,recording,knock_twice_right,13,-1.285175,5.235500,8.033898,-0.275491,0.846015,0.802851
477660850.000,Miguel,recording,knock_twice_right,13,-1.016140,5.215572,8.071057,-0.292170,1.010363,0.841529
477660860.000,Miguel,recording,knock_twice_right,13,-0.574125,5.246008,7.959067,-0.312049,1.176628,0.865123
477660870.000,Miguel,recording,knock_twice_right,13,-0.393015,5.477540,7.785572,-0.346162,1.287951,0.868024
477660880.000,Miguel,recording,knock_twice_right,13,-0.455135,5.803795,7.649167,-0.391329,1.335726,0.843820
477660890.000,Miguel,recording,knock_twice_right,13,-0.570768,6.016298,7.637254,-0.427996,1.336375,0.794136
477660900.000,Miguel,recording,knock_twice_right,13,-0.681356,6.057882,7.689255,-0.439066,1.298117,0.726492
477660910.000,Miguel,recording,knock_twice_right,13,-0.842125,6.014410,7.727655,-0.420219,1.208667,0.650081
477660920.000,Miguel,recording,knock_twice_right,13,-1.023718,5.923485,7.729344,-0.369283,1.053131,0.581873
477660930.000,Miguel,recording,knock_twice_right,13,-1.155665,5.804625,7.695550,-0.289965,0.842741,0.542807
477660940.000,Miguel,recording,knock_twice_right,13,-1.237674,5.683308,7.639234,-0.197732,0.602249,0.536061
477660950.000,Miguel,recording,knock_twice_right,13,-1.244267,5.574295,7.550147,-0.109008,0.351065,0.548499
477660960.000,Miguel,recording,knock_twice_right,13,-1.173921,5.542224,7.509029,-0.029802,0.114269,0.571657
477660970.000,Miguel,recording,knock_twice_right,13,-1.051667,5.567877,7.619800,0.046648,-0.086017,0.600996
477660980.000,Miguel,recording,knock_twice_right,13,-0.855084,5.607134,7.815097,0.126194,-0.243827,0.630310
477660990.000,Miguel,recording,knock_twice_right,13,-0.627431,5.731865,7.945346,0.206017,-0.368620,0.648187
477661000.000,Miguel,recording,knock_twice_right,13,-0.394787,5.884993,7.974217,0.280402,-0.472874,0.641999
477661010.000,Miguel,recording,knock_twice_right,13,-0.134010,5.997535,7.883220,0.334443,-0.545372,0.608763
477661020.000,Miguel,recording,knock_twice_right,13,0.819748,6.445172,7.720184,0.195582,-0.384403,0.570184
477661030.000,Miguel,recording,knock_twice_right,13,2.113003,7.224780,8.077984,-0.157993,0.205723,0.498067
477661040.000,Miguel,recording,knock_twice_right,13,2.370824,7.113057,9.022621,-0.454611,1.009453,0.322469
477661050.000,Miguel,recording,knock_twice_right,13,1.656135,6.381052,9.244424,-0.591578,1.596692,0.088232
477661060.000,Miguel,recording,knock_twice_right,13,0.171894,6.208543,8.928206,-0.625872,1.772963,-0.080515
477661070.000,Miguel,recording,knock_twice_right,13,-1.153256,6.136858,8.690513,-0.579213,1.621824,-0.131368
477661080.000,Miguel,recording,knock_twice_right,13,-2.017366,5.893719,8.401210,-0.439801,1.251202,-0.104368
477661090.000,Miguel,recording,knock_twice_right,13,-2.403058,5.691296,8.212250,-0.209979,0.705168,-0.050778
477661100.000,Miguel,recording,knock_twice_right,13,-2.816884,5.707908,8.123479,0.067279,0.030265,0.026119
477661110.000,Miguel,recording,knock_twice_right,13,-2.917187,5.698274,7.843574,0.317683,-0.723267,0.153296
477661120.000,Miguel,recording,knock_twice_right,13,-2.621947,5.540427,7.288402,0.483084,-1.505919,0.333165
477661130.000,Miguel,recording,knock_twice_right,13,-2.206567,5.417626,6.829631,0.559809,-2.240375,0.538101
477661140.000,Miguel,recording,knock_twice_right,13,-1.719240,5.414841,6.693924,0.563622,-2.889433,0.746674
477661150.000,Miguel,recording,knock_twice_right,13,-0.542681,5.907046,7.755769,0.511531,-3.189401,0.929930
477661160.000,Miguel,recording,knock_twice_right,13,1.362633,6.621193,8.988426,0.406358,-2.837415,1.032517
477661170.000,Miguel,recording,knock_twice_right,13,2.334737,6.445779,8.831436,0.317781,-2.036707,0.997888
477661180.000,Miguel,recording,knock_twice_right,13,2.169403,5.750845,8.937534,0.363413,-1.219819,0.838659
477661190.000,Miguel,recording,knock_twice_right,13,1.469890,5.548551,8.772374,0.536010,-0.666980,0.642001
477661200.000,Miguel,recording,knock_twice_right,13,0.669134,5.684405,8.464553,0.730162,-0.438846,0.497044
477661210.000,Miguel,recording,knock_twice_right,13,0.039725,6.011785,7.844968,0.825940,-0.373524,0.446277
477661220.000,Miguel,recording,knock_twice_right,13,-0.165246,6.417252,7.512102,0.769649,-0.277040,0.463832
477661230.000,Miguel,recording,knock_twice_right,13,-0.249660,6.553881,7.478811,0.626272,-0.107926,0.487020
477661240.000,Miguel,recording,knock_twice_right,13,-0.180979,6.789574,7.458690,0.451516,0.054544,0.482171
477661250.000,Miguel,recording,knock_twice_right,13,-0.008470,7.648357,6.787399,0.229745,0.112349,0.461341
477661260.000,Miguel,recording,knock_twice_right,13,0.239980,8.072020,5.995630,-0.028011,0.017183,0.422932
477661270.000,Miguel,recording,knock_twice_right,13,0.473948,7.424965,5.803748,-0.279844,-0.186681,0.360665
477661280.000,Miguel,recording,knock_twice_right,13,0.595373,6.725166,6.230992,-0.482234,-0.415339,0.298544
477661290.000,Miguel,recording,knock_twice_right,13,0.781266,6.143462,7.188988,-0.591974,-0.614592,0.246415
477661300.000,Miguel,recording,knock_twice_right,13,1.011770,5.909419,8.371782,-0.583860,-0.736154,0.194308
477661310.000,Miguel,recording,knock_twice_right,13,1.040795,5.805380,9.296073,-0.463650,-0.737302,0.150142
477661320.000,Miguel,recording,knock_twice_right,13,1.049553,5.752629,9.566222,-0.255001,-0.608439,0.129045
477661330.000,Miguel,recording,knock_twice_right,13,1.485025,5.796565,9.385562,0.018204,-0.350179,0.118063
477661340.000,Miguel,recording,knock_twice_right,13,1.802809,5.807328,9.091096,0.340041,0.024478,0.101716
477661350.000,Miguel,recording,knock_twice_right,13,1.728432,5.785366,9.039980,0.688768,0.442255,0.084245
477661360.000,Miguel,recording,knock_twice_right,13,1.347270,5.758299,8.952309,1.007824,0.801580,0.073973
477661370.000,Miguel,recording,knock_twice_right,13,1.123878,5.641193,8.580208,1.228007,1.030381,0.065391
477661380.000,Miguel,recording,knock_twice_right,13,1.101203,5.654891,8.033494,1.313982,1.110398,0.048360
477661390.000,Miguel,recording,knock_twice_right,13,1.055412,5.795929,7.395560,1.276215,1.050029,0.025968
477661400.000,Miguel,recording,knock_twice_right,13,0.934679,5.935444,6.767184,1.147502,0.868318,0.006267
477661410.000,Miguel,recording,knock_twice_right,13,0.854345,6.133254,6.459564,0.973365,0.620159,-0.006587
477661420.000,Miguel,recording,knock_twice_right,13,0.919721,6.299958,6.577992,0.805483,0.374200,-0.011239
477661430.000,Miguel,recording,knock_twice_right,13,1.094436,6.290359,6.948594,0.679044,0.171579,-0.014641
477661440.000,Miguel,recording,knock_twice_right,13,1.250266,6.271934,7.280390,0.607383,0.019395,-0.027484
477661450.000,Miguel,recording,knock_twice_right,13,1.331113,6.331083,7.452179,0.586267,-0.086361,-0.057581
477661460.000,Miguel,recording,knock_twice_right,13,1.178717,6.403711,7.518743,0.587787,-0.154171,-0.096781
477661470.000,Miguel,recording,knock_twice_right,13,0.855821,6.455658,7.509469,0.580413,-0.212467,-0.124665
477661480.000,Miguel,recording,knock_twice_right,13,0.538224,6.631772,7.469290,0.551805,-0.289060,-0.130422
477661490.000,Miguel,recording,knock_twice_right,13,0.260449,6.949789,7.374684,0.510158,-0.322216,-0.128543
477661500.000,Miguel,recording,knock_twice_right,13,0.217526,7.120773,7.156609,0.489345,-0.214331,-0.137978
477661510.000,Miguel,recording,knock_twice_right,13,0.292818,7.200263,6.949472,0.499516,-0.051623,-0.181013
477661520.000,Miguel,recording,knock_twice_right,13,0.108281,7.372853,6.910845,0.523498,0.057903,-0.274735
477661530.000,Miguel,recording,knock_twice_right,13,-0.151817,7.187934,6.787457,0.540960,0.118648,-0.368988
477661540.000,Miguel,recording,knock_twice_right,13,-0.251151,6.961250,6.827871,0.541832,0.113809,-0.409213
477661550.000,Miguel,recording,knock_twice_right,13,0.060720,7.029060,7.002324,0.548493,0.056724,-0.414385
477661560.000,Miguel,recording,knock_twice_right,13,0.644066,7.075047,7.163629,0.586911,-0.001070,-0.426639
477661570.000,Miguel,recording,knock_twice_right,13,1.156035,6.996965,7.045930,0.648586,-0.024378,-0.465004
477661580.000,Miguel,recording,knock_twice_right,13,1.393281,7.102657,6.457597,0.687092,-0.008166,-0.528711
477661590.000,Miguel,recording,knock_twice_right,13,1.306615,7.435544,5.763819,0.670962,0.043547,-0.597955
477661600.000,Miguel,recording,knock_twice_right,13,1.000906,7.730330,5.161198,0.596769,0.115263,-0.650086
477661610.000,Miguel,recording,knock_twice_right,13,0.596811,7.734091,4.734238,0.465240,0.170679,-0.684256
477661620.000,Miguel,recording,knock_twice_right,13,-0.015836,7.455679,4.804478,0.290467,0.205287,-0.705422
477661630.000,Miguel,recording,knock_twice_right,13,-0.548410,7.148719,5.230755,0.114720,0.232809,-0.701613
477661640.000,Miguel,recording,knock_twice_right,13,-0.940748,6.942409,5.816435,-0.017273,0.248458,-0.658180
477661650.000,Miguel,recording,knock_twice_right,13,-1.134732,6.857177,6.300824,-0.088621,0.244975,-0.581521
477661660.000,Miguel,recording,knock_twice_right,13,-1.230620,6.872113,6.657754,-0.097403,0.242733,-0.486205
477661670.000,Miguel,recording,knock_twice_right,13,-1.248271,6.842788,6.746108,-0.058676,0.270683,-0.377053
477661680.000,Miguel,recording,knock_twice_right,13,-1.114547,6.729562,6.605427,-0.006915,0.321462,-0.262766
477661690.000,Miguel,recording,knock_twice_right,13,-0.909795,6.708227,6.373248,0.027141,0.367888,-0.155792
477661700.000,Miguel,recording,knock_twice_right,13,-0.875353,6.856688,6.292543,0.037645,0.387123,-0.056171
477661710.000,Miguel,recording,knock_twice_right,13,-1.046134,6.985522,6.389091,0.034650,0.363265,0.041977
477661720.000,Miguel,recording,knock_twice_right,13,-1.200607,7.128239,6.453412,0.033035,0.300515,0.137187
477661730.000,Miguel,recording,knock_twice_right,13,-1.184361,7.281599,6.571064,0.044935,0.216428,0.220784
477661740.000,Miguel,recording,knock_twice_right,13,-1.003313,7.349735,6.647389,0.071095,0.119073,0.283559
477661750.000,Miguel,recording,knock_twice_right,13,-0.677726,7.332032,6.757585,0.113970,0.039235,0.319021
477661760.000,Miguel,recording,knock_twice_right,13,-0.319350,7.343673,6.755909,0.168657,-0.011528,0.324620
477661770.000,Miguel,recording,knock_twice_right,13,-0.133835,7.523761,6.605422,0.229824,-0.045943,0.308430
477661780.000,Miguel,recording,knock_twice_right,13,-0.092127,7.666432,6.647245,0.300532,-0.064030,0.283493
477661790.000,Miguel,recording,knock_twice_right,13,-0.139849,7.585957,6.623633,0.375885,-0.081249,0.263562
477661800.000,Miguel,recording,knock_twice_right,13,-0.157631,7.343620,6.491906,0.434995,-0.095833,0.254754
477661810.000,Miguel,recording,knock_twice_right,13,-0.140113,7.229340,6.387296,0.460252,-0.071928,0.243901
477661820.000,Miguel,recording,knock_twice_right,13,-0.088583,7.321509,6.376212,0.461538,-0.003996,0.220057
477661830.000,Miguel,recording,knock_twice_right,13,0.001125,7.398392,6.358374,0.461983,0.073637,0.192167
477661840.000,Miguel,recording,knock_twice_right,13,0.066863,7.439384,6.344815,0.475160,0.156122,0.170638
477661850.000,Miguel,recording,knock_twice_right,13,0.129018,7.502345,6.314158,0.501629,0.260450,0.155151
477661860.000,Miguel,recording,knock_twice_right,13,0.186192,7.579706,6.261982,0.536362,0.372913,0.139976
477661870.000,Miguel,recording,knock_twice_right,13,0.171752,7.678699,6.177540,0.568903,0.464387,0.123300
477661880.000,Miguel,recording,knock_twice_right,13,0.030333,7.750626,6.003558,0.586863,0.523285,0.109114
477661890.000,Miguel,recording,knock_twice_right,13,-0.171922,7.756892,5.742492,0.579630,0.550755,0.101845
477661900.000,Miguel,recording,knock_twice_right,13,-0.377830,7.768741,5.496081,0.541961,0.551214,0.106025
477661910.000,Miguel,recording,knock_twice_right,13,-0.514522,7.804016,5.288640,0.479643,0.529152,0.119896
477661920.000,Miguel,recording,knock_twice_right,13,-0.551185,7.845405,5.162031,0.404829,0.490989,0.135919
477661930.000,Miguel,recording,knock_twice_right,13,-0.567104,7.866688,5.232177,0.331758,0.454916,0.144266
477661940.000,Miguel,recording,knock_twice_right,13,-0.587740,7.835405,5.515555,0.276894,0.426544,0.139698
477661950.000,Miguel,recording,knock_twice_right,13,-0.645271,7.742189,5.650328,0.245681,0.391847,0.127282
477661960.000,Miguel,recording,knock_twice_right,13,-0.681667,7.683424,5.572873,0.227496,0.349077,0.112785
477661970.000,Miguel,recording,knock_twice_right,13,-0.722327,7.743984,5.427773,0.209077,0.299231,0.098501
477661980.000,Miguel,recording,knock_twice_right,13,-0.781433,7.817243,5.309555,0.183884,0.238341,0.085760
477661990.000,Miguel,recording,knock_twice_right,13,-0.813037,7.867799,5.251542,0.149030,0.171010,0.072669
477662000.000,Miguel,recording,knock_twice_right,13,-0.812012,7.908016,5.250493,0.105634,0.109460,0.057335
477662010.000,Miguel,recording,knock_twice_right,13,-0.773636,7.938236,5.341796,0.062597,0.058640,0.043751
477662020.000,Miguel,recording,knock_twice_right,13,-0.713476,8.028347,5.439472,0.025912,0.018516,0.034938
477662030.000,Miguel,recording,knock_twice_right,13,-0.642089,8.097404,5.484242,-0.003919,-0.006860,0.028819
477662040.000,Miguel,recording,knock_twice_right,13,-0.575837,8.041225,5.591674,-0.024867,-0.019254,0.023548
477662050.000,Miguel,recording,knock_twice_right,13,-0.515766,7.969267,5.699959,-0.033531,-0.028333,0.019589
477662060.000,Miguel,recording,knock_twice_right,13,-0.482925,7.984793,5.738597,-0.029061,-0.037282,0.015111
477662070.000,Miguel,recording,knock_twice_right,13,-0.470974,8.030673,5.722178,-0.019052,-0.041923,0.008606
477662080.000,Miguel,recording,knock_twice_right,13,-0.498320,7.992005,5.754056,-0.011203,-0.043810,0.003210
477662090.000,Miguel,recording,knock_twice_right,13,-0.494538,7.933780,5.818764,-0.003884,-0.050220,0.002908
477662100.000,Miguel,recording,knock_twice_right,13,-0.446667,7.905688,5.834515,0.007609,-0.059009,0.005624
477662110.000,Miguel,recording,knock_twice_right,13,-0.408693,7.915396,5.832288,0.019968,-0.064223,0.007519
477662120.000,Miguel,recording,knock_twice_right,13,-0.379590,7.904092,5.827346,0.027892,-0.065940,0.010403
477662130.000,Miguel,recording,knock_twice_right,13,-0.367160,7.854414,5.821068,0.034293,-0.062159,0.014616
477662140.000,Miguel,recording,knock_twice_right,13,-0.364068,7.850605,5.806109,0.042947,-0.054230,0.019237
477662150.000,Miguel,recording,knock_twice_right,13,-0.371568,7.864681,5.703440,0.049743,-0.045165,0.024195
477662160.000,Miguel,recording,knock_twice_right,13,-0.354025,7.869103,5.551882,0.048375,-0.033466,0.026058
477662170.000,Miguel,recording,knock_twice_right,13,-0.314612,7.887761,5.473623,0.038275,-0.019147,0.021497
477662180.000,Miguel,recording,knock_twice_right,13,-0.328719,7.884790,5.464769,0.024268,-0.003797,0.012808
477662190.000,Miguel,recording,knock_twice_right,13,-0.375497,7.868433,5.432275,0.011092,0.010365,0.003868
477662200.000,Miguel,recording,knock_twice_right,13,-0.415733,7.861912,5.395971,-0.003517,0.020120,-0.004030
477662210.000,Miguel,recording,knock_twice_right,13,-0.453344,7.847049,5.381577,-0.025668,0.021849,-0.009296
477662220.000,Miguel,recording,knock_twice_right,13,-0.513284,7.848117,5.415334,-0.055178,0.018320,-0.010204
477662230.000,Miguel,recording,knock_twice_right,13,-0.566212,7.856072,5.498536,-0.082948,0.013744,-0.007130
477662240.000,Miguel,recording,knock_twice_right,13,-0.574011,7.857673,5.580735,-0.101075,0.006989,-0.001085
477662250.000,Miguel,recording,knock_twice_right,13,-0.553294,7.869423,5.594245,-0.111712,0.000683,0.005662
477662260.000,Miguel,recording,knock_twice_right,13,-0.522796,7.897285,5.558800,-0.121953,-0.005820,0.008916
477662270.000,Miguel,recording,knock_twice_right,13,-0.492423,7.904241,5.568010,-0.136352,-0.016166,0.008137
477662280.000,Miguel,recording,knock_twice_right,13,-0.506949,7.911190,5.601071,-0.152737,-0.026845,0.006321
477662290.000,Miguel,recording,knock_twice_right,13,-0.515088,7.938783,5.698293,-0.161874,-0.032052,0.006111
477662300.000,Miguel,recording,knock_twice_right,13,-0.501890,7.952655,5.809082,-0.160830,-0.029487,0.006967
477662310.000,Miguel,recording,knock_twice_right,13,-0.552524,7.952165,5.877886,-0.156710,-0.021999,0.007241
477662320.000,Miguel,recording,knock_twice_right,13,-0.659592,7.949147,5.976964,-0.152912,-0.013087,0.011150
477662330.000,Miguel,recording,knock_twice_right,13,-0.695953,7.910863,6.055019,-0.147159,-0.003773,0.022861
477662340.000,Miguel,recording,knock_twice_right,13,-0.641126,7.880209,6.174691,-0.134696,0.003626,0.038729
477662350.000,Miguel,recording,knock_twice_right,13,-0.594591,7.889230,6.251283,-0.111320,0.006455,0.052136
477662360.000,Miguel,recording,knock_twice_right,13,-0.551098,7.876665,6.258545,-0.079351,0.004351,0.061023
477662370.000,Miguel,recording,knock_twice_right,13,-0.517684,7.861477,6.218377,-0.044066,0.000735,0.067217
477662380.000,Miguel,recording,knock_twice_right,13,-0.462414,7.875166,6.117048,-0.011976,-0.000930,0.069700
477662390.000,Miguel,recording,knock_twice_right,13,-0.384315,7.905700,5.966886,0.008549,-0.004900,0.066743
477662400.000,Miguel,recording,knock_twice_right,13,-0.378353,7.885470,5.808575,0.011750,-0.011892,0.060809
477662410.000,Miguel,recording,knock_twice_right,13,-0.402202,7.838685,5.695024,-0.000157,-0.012462,0.055958
477662420.000,Miguel,recording,knock_twice_right,13,-0.407279,7.801363,5.615067,-0.019773,-0.002432,0.055430
477662430.000,Miguel,recording,knock_twice_right,13,-0.363117,7.764248,5.589615,-0.040033,0.013824,0.056410
477662440.000,Miguel,recording,knock_twice_right,13,-0.341174,7.741625,5.632525,-0.056624,0.029683,0.055185
477662450.000,Miguel,recording,knock_twice_right,13,-0.315789,7.709765,5.676912,-0.068895,0.040550,0.051704
477662460.000,Miguel,recording,knock_twice_right,13,-0.304392,7.698544,5.692903,-0.076884,0.046650,0.047389
477662470.000,Miguel,recording,knock_twice_right,13,-0.305568,7.724492,5.708296,-0.082144,0.050129,0.044578
477662480.000,Miguel,recording,knock_twice_right,13,-0.272423,7.740819,5.737781,-0.085414,0.052235,0.041524
477662490.000,Miguel,recording,knock_twice_right,13,-0.235882,7.728595,5.757999,-0.088981,0.046539,0.036527
477662500.000,Miguel,recording,knock_twice_right,13,-0.248276,7.723921,5.805478,-0.092954,0.033965,0.030904
477662510.000,Miguel,recording,knock_twice_right,13,-0.288220,7.737930,5.915100,-0.091450,0.024016,0.027205
477662520.000,Miguel,recording,knock_twice_right,13,-0.277084,7.731090,5.995718,-0.081534,0.019838,0.025009
477662530.000,Miguel,recording,knock_twice_right,13,-0.207086,7.721887,6.003774,-0.066317,0.018757,0.019122
477662540.000,Miguel,recording,knock_twice_right,13,-0.166692,7.729138,5.962950,-0.052602,0.018186,0.007122
477662550.000,Miguel,recording,knock_twice_right,13,-0.214168,7.762917,5.945660,-0.046040,0.020211,-0.007393
477662560.000,Miguel,recording,knock_twice_right,13,-0.321991,7.765595,5.965435,-0.045483,0.021551,-0.016859
477662570.000,Miguel,recording,knock_twice_right,13,-0.363715,7.762919,5.991128,-0.043682,0.019788,-0.018311
477662580.000,Miguel,recording,knock_twice_right,13,-0.325993,7.768914,5.959485,-0.037599,0.020602,-0.017993
477662590.000,Miguel,recording,knock_twice_right,13,-0.349583,7.772511,5.934454,-0.031433,0.023972,-0.018578
477662600.000,Miguel,recording,knock_twice_right,13,-0.417484,7.792006,5.906868,-0.029365,0.024125,-0.017194
477662610.000,Miguel,recording,knock_twice_right,13,-0.465139,7.806763,5.908129,-0.030552,0.021471,-0.013648
477662620.000,Miguel,recording,knock_twice_right,13,-0.475487,7.814912,5.915374,-0.029654,0.019869,-0.009054
477662630.000,Miguel,recording,knock_twice_right,13,-0.495423,7.818446,5.942535,-0.025797,0.016129,-0.005812
477662640.000,Miguel,recording,knock_twice_right,13,-0.556208,7.839380,5.958015,-0.024025,0.009279,-0.003043
477662650.000,Miguel,recording,knock_twice_right,13,-0.594812,7.863967,5.956867,-0.026248,0.005433,0.004013
477662660.000,Miguel,recording,knock_twice_right,13,-0.546326,7.853131,5.981742,-0.028313,0.005409,0.011265
477662670.000,Miguel,recording,knock_twice_right,13,-0.470988,7.830641,6.034181,-0.023633,0.006001,0.011846
477662680.000,Miguel,recording,knock_twice_right,13,-0.438618,7.814518,6.038925,-0.014260,0.006563,0.007786
477662690.000,Miguel,recording,knock_twice_right,13,-0.434070,7.804916,6.006672,-0.007235,0.006596,0.001457
477662700.000,Miguel,recording,knock_twice_right,13,-0.456755,7.785285,6.002800,-0.003969,0.005771,-0.005072
477662710.000,Miguel,recording,knock_twice_right,13,-0.459003,7.757213,6.028080,0.000172,0.002959,-0.008952
477662720.000,Miguel,recording,knock_twice_right,13,-0.449263,7.738385,5.993001,0.006876,-0.001278,-0.011169
477662730.000,Miguel,recording,knock_twice_right,13,-0.454704,7.718428,5.923584,0.011372,-0.003588,-0.013978
477662740.000,Miguel,recording,knock_twice_right,13,-0.478076,7.716413,5.882500,0.011584,-0.004537,-0.015277
477662750.000,Miguel,recording,knock_twice_right,13,-0.481677,7.685442,5.860494,0.008187,-0.008000,-0.011641
477662760.000,Miguel,recording,knock_twice_right,13,-0.428675,7.638628,5.848552,0.003261,-0.014994,-0.007688
477662770.000,Miguel,recording,knock_twice_right,13,-0.359336,7.607797,5.836525,-0.001685,-0.021520,-0.007776
477662780.000,Miguel,recording,knock_twice_right,13,-0.321984,7.611396,5.860309,-0.004233,-0.024521,-0.009818
477662790.000,Miguel,recording,knock_twice_right,13,-0.292937,7.632542,5.886011,-0.003216,-0.023876,-0.010997
477662800.000,Miguel,recording,knock_twice_right,13,-0.279012,7.664255,5.866431,-0.002074,-0.018592,-0.010971
477662810.000,Miguel,recording,knock_twice_right,13,-0.254422,7.707296,5.804538,-0.003347,-0.007924,-0.011607
477662820.000,Miguel,recording,knock_twice_right,13,-0.256553,7.735091,5.741997,-0.009149,0.003756,-0.013850
477662830.000,Miguel,recording,knock_twice_right,13,-0.331560,7.764409,5.719758,-0.020595,0.012635,-0.014145
477662840.000,Miguel,recording,knock_twice_right,13,-0.423797,7.798177,5.751198,-0.035555,0.017153,-0.009659
477662850.000,Miguel,recording,knock_twice_right,13,-0.468916,7.799354,5.801922,-0.050772,0.018788,-0.003756
477662860.000,Miguel,recording,knock_twice_right,13,-0.478718,7.765906,5.845634,-0.063494,0.018112,0.000630
477662870.000,Miguel,recording,knock_twice_right,13,-0.485828,7.718181,5.920554,-0.071840,0.013435,0.003991
477662880.000,Miguel,recording,knock_twice_right,13,-0.474673,7.714174,6.002646,-0.074696,0.007512,0.006933
477662890.000,Miguel,recording,knock_twice_right,13,-0.449524,7.720798,6.052690,-0.073300,0.002342,0.009202
477662900.000,Miguel,recording,knock_twice_right,13,-0.437306,7.714446,6.103342,-0.069893,-0.004847,0.011587
477662910.000,Miguel,recording,knock_twice_right,13,-0.438023,7.718922,6.170074,-0.060017,-0.010116,0.014385
477662920.000,Miguel,recording,knock_twice_right,13,-0.407807,7.691918,6.237215,-0.041854,-0.007418,0.015107
477662930.000,Miguel,recording,knock_twice_right,13,-0.378150,7.683636,6.277721,-0.018282,0.000487,0.012154
477662940.000,Miguel,recording,knock_twice_right,13,-0.328495,7.726415,6.307020,0.007718,0.013483,0.006896
477662950.000,Miguel,recording,knock_twice_right,13,-0.318545,7.709245,6.271351,0.033944,0.034319,0.000154
477662960.000,Miguel,recording,knock_twice_right,13,-0.306659,7.703689,6.201506,0.062400,0.057483,-0.009116
477662970.000,Miguel,recording,knock_twice_right,13,-0.232761,7.743801,6.167709,0.089215,0.079314,-0.019575
477662980.000,Miguel,recording,knock_twice_right,13,-0.272689,7.693188,6.088648,0.109245,0.104049,-0.029704
477662990.000,Miguel,recording,knock_twice_right,13,-0.606670,7.548460,5.817570,0.117597,0.129304,-0.036414
477663000.000,Miguel,recording,knock_twice_right,13,-1.423121,7.549426,5.389838,0.099651,0.141318,-0.007414
477663010.000,Miguel,recording,knock_twice_right,13,-1.644183,7.889428,5.212465,0.055669,0.122097,0.065650
477663020.000,Miguel,recording,knock_twice_right,13,-0.682758,8.046160,5.385260,0.001721,0.064122,0.128570
477663030.000,Miguel,recording,knock_twice_right,13,0.106827,7.779655,5.609659,-0.045580,-0.013863,0.142262
477663040.000,Miguel,recording,knock_twice_right,13,0.605739,7.698942,5.928671,-0.069899,-0.075775,0.108833
477663050.000,Miguel,recording,knock_twice_right,13,0.653102,7.729167,6.178740,-0.070223,-0.098114,0.041708
477663060.000,Miguel,recording,knock_twice_right,13,0.420283,7.735609,6.275977,-0.057326,-0.079836,-0.038907
477663070.000,Miguel,recording,knock_twice_right,13,-0.086114,7.695988,6.266035,-0.042929,-0.038007,-0.111080
477663080.000,Miguel,recording,knock_twice_right,13,-0.528444,7.588849,6.173147,-0.032712,0.009684,-0.154676
477663090.000,Miguel,recording,knock_twice_right,13,-0.751766,7.637006,6.017225,-0.026366,0.047721,-0.159246
477663100.000,Miguel,recording,knock_twice_right,13,-0.842535,7.724697,5.878127,-0.022667,0.055179,-0.135602
477663110.000,Miguel,recording,knock_twice_right,13,-0.890169,7.666656,5.863786,-0.017901,0.031284,-0.094473
477663120.000,Miguel,recording,knock_twice_right,13,-0.874243,7.686888,5.990031,-0.006527,-0.003015,-0.045979
477663130.000,Miguel,recording,knock_twice_right,13,-0.688640,7.691751,6.134627,0.015767,-0.021854,-0.007778
477663140.000,Miguel,recording,knock_twice_right,13,-0.463441,7.571962,6.079974,0.044340,-0.008591,0.005510
477663150.000,Miguel,recording,knock_twice_right,13,-0.374123,7.523995,5.894458,0.065993,0.016958,-0.002532
477663160.000,Miguel,recording,knock_twice_right,13,-0.402734,7.685262,5.748961,0.071733,0.037396,-0.012780
477663170.000,Miguel,recording,knock_twice_right,13,-0.497638,7.749058,5.565195,0.058360,0.057963,-0.016613
477663180.000,Miguel,recording,knock_twice_right,13,-0.896467,7.659532,5.342549,0.023629,0.066244,-0.003001
477663190.000,Miguel,recording,knock_twice_right,13,-1.171301,7.799415,5.312644,-0.024441,0.052582,0.040119
477663200.000,Miguel,recording,knock_twice_right,13,-0.764448,7.938122,5.486901,-0.072506,0.020925,0.090141
477663210.000,Miguel,recording,knock_twice_right,13,-0.215399,7.811370,5.672582,-0.113569,-0.021981,0.112821
477663220.000,Miguel,recording,knock_twice_right,13,0.126068,7.729717,5.908442,-0.139690,-0.063382,0.099973
477663230.000,Miguel,recording,knock_twice_right,13,0.182070,7.738918,6.162875,-0.145977,-0.087504,0.062395
477663240.000,Miguel,recording,knock_twice_right,13,0.117369,7.734160,6.391045,-0.132350,-0.080310,0.011523
477663250.000,Miguel,recording,knock_twice_right,13,-0.094293,7.700910,6.488274,-0.100541,-0.047905,-0.040793
477663260.000,Miguel,recording,knock_twice_right,13,-0.344790,7.629760,6.390729,-0.063094,-0.013224,-0.085267
477663270.000,Miguel,recording,knock_twice_right,13,-0.512960,7.586199,6.166406,-0.035721,0.003195,-0.109419
477663280.000,Miguel,recording,knock_twice_right,13,-0.743326,7.737725,6.054504,-0.021030,-0.001700,-0.103294
477663290.000,Miguel,recording,knock_twice_right,13,-0.891344,7.824111,6.019242,-0.015661,-0.015532,-0.074177
477663300.000,Miguel,recording,knock_twice_right,13,-0.851610,7.718697,5.967779,-0.017555,-0.031245,-0.036031
477663310.000,Miguel,recording,knock_twice_right,13,-0.720135,7.664404,5.972039,-0.022553,-0.047682,-0.003110
477663320.000,Miguel,recording,knock_twice_right,13,-0.555746,7.673065,5.998019,-0.025095,-0.055485,0.017536
477663330.000,Miguel,recording,knock_twice_right,13,-0.443432,7.695741,6.032357,-0.024524,-0.046671,0.025924
477663340.000,Miguel,recording,knock_twice_right,13,-0.378030,7.707827,6.044165,-0.023432,-0.029339,0.024486
477663350.000,Miguel,recording,knock_twice_right,13,-0.344743,7.711554,6.001016,-0.022606,-0.014611,0.017448
477663360.000,Miguel,recording,knock_twice_right,13,-0.332613,7.707641,5.973356,-0.022477,-0.006162,0.009226
477663370.000,Miguel,recording,knock_twice_right,13,-0.337324,7.723652,5.974855,-0.022480,-0.003965,0.003406
477663380.000,Miguel,recording,knock_twice_right,13,-0.373506,7.719419,6.021543,-0.022224,-0.003429,-0.000584
477663390.000,Miguel,recording,knock_twice_right,13,-0.452684,7.674681,6.112430,-0.019497,-0.002954,-0.003276
477663400.000,Miguel,recording,knock_twice_right,13,-0.548746,7.640940,6.165515,-0.012141,-0.006795,-0.001989
477663410.000,Miguel,recording,knock_twice_right,13,-0.559586,7.633666,6.151261,-0.000685,-0.012396,0.001421
477663420.000,Miguel,recording,knock_twice_right,13,-0.526356,7.641025,6.060341,0.011540,-0.017946,0.005136
477663430.000,Miguel,recording,knock_twice_right,13,-0.509024,7.654273,5.917667,0.016591,-0.024381,0.009379
477663440.000,Miguel,recording,knock_twice_right,13,-0.510453,7.684909,5.807635,0.009106,-0.029114,0.012152
477663450.000,Miguel,recording,knock_twice_right,13,-0.479657,7.700179,5.786778,-0.009395,-0.032101,0.014418
477663460.000,Miguel,recording,knock_twice_right,13,-0.429656,7.686866,5.830830,-0.031030,-0.032986,0.015062
477663470.000,Miguel,recording,knock_twice_right,13,-0.379079,7.664998,5.890925,-0.046743,-0.031938,0.011622
477663480.000,Miguel,recording,knock_twice_right,13,-0.349952,7.653944,5.953311,-0.054649,-0.029946,0.005795
477663490.000,Miguel,recording,knock_twice_right,13,-0.369726,7.643868,5.998998,-0.057980,-0.027036,0.000824
477663500.000,Miguel,recording,knock_twice_right,13,-0.377866,7.649691,6.068010,-0.058057,-0.024159,-0.002139
477663510.000,Miguel,recording,knock_twice_right,13,-0.389329,7.641920,6.135113,-0.054456,-0.023461,-0.004747
477663520.000,Miguel,recording,knock_twice_right,13,-0.423636,7.601849,6.163044,-0.045801,-0.024118,-0.007124
477663530.000,Miguel,recording,knock_twice_right,13,-0.411681,7.610726,6.154473,-0.032600,-0.021750,-0.006791
477663540.000,Miguel,recording,knock_twice_right,13,-0.388971,7.644474,6.070707,-0.021226,-0.016018,-0.006302
477663550.000,Miguel,recording,knock_twice_right,13,-0.384166,7.659335,5.960037,-0.017967,-0.010179,-0.006870
477663560.000,Miguel,recording,knock_twice_right,13,-0.397491,7.659729,5.892967,-0.023330,-0.005164,-0.007272
477663570.000,Miguel,recording,knock_twice_right,13,-0.393124,7.647336,5.912869,-0.033868,-0.003165,-0.008722
477663580.000,Miguel,recording,knock_twice_right,13,-0.413733,7.639647,5.973443,-0.042306,-0.004263,-0.009098
477663590.000,Miguel,recording,knock_twice_right,13,-0.479900,7.655580,6.066084,-0.044281,-0.005893,-0.006570
477663600.000,Miguel,recording,knock_twice_right,13,-0.510730,7.665262,6.136808,-0.040497,-0.008013,-0.001614
477663610.000,Miguel,recording,knock_twice_right,13,-0.467857,7.655560,6.160804,-0.032631,-0.009168,0.002186
477663620.000,Miguel,recording,knock_twice_right,13,-0.408328,7.628115,6.159999,-0.023820,-0.010672,0.001919
477663630.000,Miguel,recording,knock_twice_right,13,-0.424669,7.642156,6.152485,-0.014869,-0.014087,0.000319
477663640.000,Miguel,recording,knock_twice_right,13,-0.464998,7.672677,6.121302,-0.007916,-0.016063,0.000199
477663650.000,Miguel,recording,knock_twice_right,13,-0.474746,7.673056,6.045631,-0.006106,-0.014821,0.002629
477663660.000,Miguel,recording,knock_twice_right,13,-0.452562,7.670566,5.995921,-0.009305,-0.012552,0.005689
477663670.000,Miguel,recording,knock_twice_right,13,-0.429502,7.657980,5.998554,-0.016062,-0.011587,0.006010
477663680.000,Miguel,recording,knock_twice_right,13,-0.421749,7.648411,6.025543,-0.022433,-0.009976,0.005327
477663690.000,Miguel,recording,knock_twice_right,13,-0.401635,7.626133,6.045092,-0.024332,-0.006710,0.005198
477663700.000,Miguel,recording,knock_twice_right,13,-0.371749,7.618887,6.065963,-0.021736,-0.003058,0.003654
477663710.000,Miguel,recording,knock_twice_right,13,-0.379429,7.621499,6.063571,-0.018688,0.000622,0.001141
477663720.000,Miguel,recording,knock_twice_right,13,-0.420832,7.602368,6.043658,-0.018943,0.001252,-0.000745
477663730.000,Miguel,recording,knock_twice_right,13,-0.453000,7.590976,6.033801,-0.021769,-0.000308,-0.001107
477663740.000,Miguel,recording,knock_twice_right,13,-0.450851,7.590443,6.036318,-0.022943,-0.004638,-0.000137
477663750.000,Miguel,recording,knock_twice_right,13,-0.425401,7.591467,6.029949,-0.020475,-0.012052,0.000002
477663760.000,Miguel,recording,knock_twice_right,13,-0.414931,7.595732,5.993376,-0.019084,-0.017718,-0.001607
477663770.000,Miguel,recording,knock_twice_right,13,-0.418749,7.591252,5.966219,-0.024737,-0.022437,-0.003633
477663780.000,Miguel,recording,knock_twice_right,14,-0.395768,7.590319,5.967693,-0.034863,-0.022519,-0.006243
477663790.000,Miguel,recording,knock_twice_right,14,-0.356910,7.586429,6.004775,-0.041748,-0.016122,-0.009963
477663800.000,Miguel,recording,knock_twice_right,14,-0.346127,7.587206,6.021463,-0.043816,-0.009329,-0.014319
477663810.000,Miguel,recording,knock_twice_right,14,-0.385433,7.606597,6.023645,-0.046221,-0.003868,-0.016881
477663820.000,Miguel,recording,knock_twice_right,14,-0.441700,7.611345,6.047965,-0.050172,-0.002202,-0.015419
477663830.000,Miguel,recording,knock_twice_right,14,-0.450654,7.594089,6.085936,-0.052639,-0.002269,-0.011656
477663840.000,Miguel,recording,knock_twice_right,14,-0.397738,7.579437,6.129365,-0.050865,-0.000873,-0.009798
477663850.000,Miguel,recording,knock_twice_right,14,-0.371498,7.584074,6.168300,-0.045132,-0.001237,-0.010896
477663860.000,Miguel,recording,knock_twice_right,14,-0.389620,7.606874,6.157855,-0.040523,-0.004505,-0.012525
477663870.000,Miguel,recording,knock_twice_right,14,-0.425263,7.627717,6.131137,-0.039628,-0.005971,-0.013112
477663880.000,Miguel,recording,knock_twice_right,14,-0.450733,7.621228,6.155044,-0.039048,-0.003361,-0.012269
477663890.000,Miguel,recording,knock_twice_right,14,-0.450677,7.603979,6.185312,-0.036124,-0.000338,-0.010910
477663900.000,Miguel,recording,knock_twice_right,14,-0.401659,7.602213,6.192291,-0.030500,0.002736,-0.009667
477663910.000,Miguel,recording,knock_twice_right,14,-0.375830,7.608695,6.199704,-0.023990,0.005119,-0.009045
477663920.000,Miguel,recording,knock_twice_right,14,-0.404371,7.613808,6.204248,-0.018514,0.002920,-0.009308
477663930.000,Miguel,recording,knock_twice_right,14,-0.446716,7.604124,6.197826,-0.013253,-0.002832,-0.009532
477663940.000,Miguel,recording,knock_twice_right,14,-0.455616,7.598297,6.173252,-0.008976,-0.005604,-0.009621
477663950.000,Miguel,recording,knock_twice_right,14,-0.427712,7.611373,6.154833,-0.006119,-0.003527,-0.011196
477663960.000,Miguel,recording,knock_twice_right,14,-0.406610,7.613586,6.122802,-0.004771,0.000057,-0.013996
477663970.000,Miguel,recording,knock_twice_right,14,-0.417053,7.600185,6.103979,-0.006021,0.001730,-0.016827
477663980.000,Miguel,recording,knock_twice_right,14,-0.426679,7.583801,6.133097,-0.006424,0.001586,-0.018527
477663990.000,Miguel,recording,knock_twice_right,14,-0.427655,7.566725,6.147480,-0.003913,0.004440,-0.018002
477664000.000,Miguel,recording,knock_twice_right,14,-0.432784,7.547320,6.120055,0.001536,0.010409,-0.016471
477664010.000,Miguel,recording,knock_twice_right,14,-0.435418,7.550981,6.076476,0.008502,0.014293,-0.015097
477664020.000,Miguel,recording,knock_twice_right,14,-0.430963,7.559023,6.023753,0.011448,0.013684,-0.014413
477664030.000,Miguel,recording,knock_twice_right,14,-0.430656,7.562035,5.972058,0.008096,0.009046,-0.013616
477664040.000,Miguel,recording,knock_twice_right,14,-0.424647,7.561702,5.940183,-0.001431,0.003460,-0.013698
477664050.000,Miguel,recording,knock_twice_right,14,-0.404806,7.555448,5.943079,-0.014664,0.001046,-0.015386
477664060.000,Miguel,recording,knock_twice_right,14,-0.400505,7.540669,5.983711,-0.026443,0.001216,-0.017705
477664070.000,Miguel,recording,knock_twice_right,14,-0.418814,7.525478,6.045763,-0.034616,-0.000008,-0.021005
477664080.000,Miguel,recording,knock_twice_right,14,-0.417051,7.511402,6.082434,-0.041032,-0.002657,-0.024357
477664090.000,Miguel,recording,knock_twice_right,14,-0.413497,7.515722,6.095823,-0.044243,-0.002612,-0.026594
477664100.000,Miguel,recording,knock_twice_right,14,-0.408033,7.535432,6.094953,-0.042203,0.000049,-0.028385
477664110.000,Miguel,recording,knock_twice_right,14,-0.411097,7.534134,6.084222,-0.042151,0.005271,-0.029548
477664120.000,Miguel,recording,knock_twice_right,14,-0.449147,7.553246,6.083030,-0.048902,0.008735,-0.028803
477664130.000,Miguel,recording,knock_twice_right,14,-0.495066,7.590251,6.102722,-0.060303,0.006914,-0.025636
477664140.000,Miguel,recording,knock_twice_right,14,-0.507315,7.592440,6.145241,-0.070193,0.007464,-0.020926
477664150.000,Miguel,recording,knock_twice_right,14,-0.485788,7.589728,6.188786,-0.074008,0.012257,-0.016832
477664160.000,Miguel,recording,knock_twice_right,14,-0.460981,7.595449,6.208066,-0.074306,0.016963,-0.014290
477664170.000,Miguel,recording,knock_twice_right,14,-0.450276,7.605968,6.208435,-0.075215,0.018526,-0.012626
477664180.000,Miguel,recording,knock_twice_right,14,-0.459103,7.630505,6.191655,-0.079167,0.017699,-0.011062
477664190.000,Miguel,recording,knock_twice_right,14,-0.476264,7.657015,6.206558,-0.083076,0.018351,-0.008199
477664200.000,Miguel,recording,knock_twice_right,14,-0.465555,7.626905,6.265175,-0.083222,0.020966,-0.005012
477664210.000,Miguel,recording,knock_twice_right,14,-0.482991,7.581986,6.297619,-0.079021,0.020441,-0.001832
477664220.000,Miguel,recording,knock_twice_right,14,-0.504652,7.549673,6.340280,-0.072322,0.015651,0.001870
477664230.000,Miguel,recording,knock_twice_right,14,-0.513228,7.535905,6.391079,-0.061971,0.009938,0.005635
477664240.000,Miguel,recording,knock_twice_right,14,-0.492900,7.541126,6.414105,-0.047506,0.006708,0.009388
477664250.000,Miguel,recording,knock_twice_right,14,-0.443704,7.533202,6.399925,-0.034470,0.010983,0.010556
477664260.000,Miguel,recording,knock_twice_right,14,-0.395025,7.534674,6.373628,-0.025175,0.018125,0.008279
477664270.000,Miguel,recording,knock_twice_right,14,-0.381391,7.524569,6.360559,-0.018171,0.019910,0.003942
477664280.000,Miguel,recording,knock_twice_right,14,-0.438764,7.522476,6.367069,-0.012160,0.016836,-0.000250
477664290.000,Miguel,recording,knock_twice_right,14,-0.512029,7.523875,6.361037,-0.005784,0.010459,-0.001864
477664300.000,Miguel,recording,knock_twice_right,14,-0.529161,7.532615,6.337336,0.001929,0.005827,-0.001378
477664310.000,Miguel,recording,knock_twice_right,14,-0.485284,7.516795,6.313682,0.010179,0.004990,-0.001449
477664320.000,Miguel,recording,knock_twice_right,14,-0.475836,7.502918,6.262407,0.016527,0.003157,-0.003403
477664330.000,Miguel,recording,knock_twice_right,14,-0.523210,7.516895,6.214446,0.020098,0.000710,-0.004606
477664340.000,Miguel,recording,knock_twice_right,14,-0.553293,7.532366,6.171974,0.021673,-0.000565,-0.002269
477664350.000,Miguel,recording,knock_twice_right,14,-0.532171,7.535484,6.139156,0.022060,-0.000580,0.001629
477664360.000,Miguel,recording,knock_twice_right,14,-0.473146,7.541000,6.093307,0.021386,-0.000470,0.003484
477664370.000,Miguel,recording,knock_twice_right,14,-0.419750,7.537338,6.047305,0.014764,-0.001192,0.000853
477664380.000,Miguel,recording,knock_twice_right,14,-0.451766,7.525427,6.050229,0.001428,-0.004485,-0.003286
477664390.000,Miguel,recording,knock_twice_right,14,-0.521090,7.511696,6.097827,-0.011258,-0.012640,-0.003956
477664400.000,Miguel,recording,knock_twice_right,14,-0.516634,7.506557,6.136878,-0.018115,-0.020196,-0.001570
477664410.000,Miguel,recording,knock_twice_right,14,-0.449098,7.506251,6.143802,-0.020498,-0.019039,0.000177
477664420.000,Miguel,recording,knock_twice_right,14,-0.401278,7.478530,6.146308,-0.021614,-0.009749,-0.000838
477664430.000,Miguel,recording,knock_twice_right,14,-0.407273,7.475903,6.151877,-0.022637,0.001947,-0.002952
477664440.000,Miguel,recording,knock_twice_right,14,-0.452102,7.489873,6.161815,-0.023439,0.012235,-0.004107
477664450.000,Miguel,recording,knock_twice_right,14,-0.498278,7.494532,6.190853,-0.022784,0.017620,-0.004063
477664460.000,Miguel,recording,knock_twice_right,14,-0.530402,7.482205,6.234978,-0.022290,0.014995,-0.003929
477664470.000,Miguel,recording,knock_twice_right,14,-0.521003,7.485697,6.286105,-0.022857,0.009210,-0.004378
477664480.000,Miguel,recording,knock_twice_right,14,-0.475412,7.503427,6.302324,-0.023003,0.006544,-0.005195
477664490.000,Miguel,recording,knock_twice_right,14,-0.448165,7.510988,6.259465,-0.022492,0.006352,-0.007701
477664500.000,Miguel,recording,knock_twice_right,14,-0.460416,7.503936,6.253243,-0.021921,0.005423,-0.010992
477664510.000,Miguel,recording,knock_twice_right,14,-0.487654,7.512401,6.256451,-0.021107,0.004293,-0.010942
477664520.000,Miguel,recording,knock_twice_right,14,-0.523886,7.537702,6.272973,-0.019113,0.005518,-0.006925
477664530.000,Miguel,recording,knock_twice_right,14,-0.517819,7.534796,6.303359,-0.015385,0.010787,-0.000105
477664540.000,Miguel,recording,knock_twice_right,14,-0.470998,7.508149,6.336355,-0.009686,0.016761,0.005984
477664550.000,Miguel,recording,knock_twice_right,14,-0.421374,7.494712,6.391579,-0.000900,0.017020,0.007963
477664560.000,Miguel,recording,knock_twice_right,14,-0.399925,7.502234,6.395147,0.010381,0.013134,0.006223
477664570.000,Miguel,recording,knock_twice_right,14,-0.410538,7.505768,6.327806,0.021070,0.011038,0.000638
477664580.000,Miguel,recording,knock_twice_right,14,-0.425217,7.499791,6.248699,0.028288,0.013846,-0.006234
477664590.000,Miguel,recording,knock_twice_right,14,-0.451608,7.508575,6.189518,0.030859,0.016842,-0.012679
477664600.000,Miguel,recording,knock_twice_right,14,-0.469994,7.514948,6.145062,0.029170,0.016500,-0.017237
477664610.000,Miguel,recording,knock_twice_right,14,-0.495130,7.504749,6.112737,0.025318,0.015946,-0.018622
477664620.000,Miguel,recording,knock_twice_right,14,-0.536678,7.495809,6.102477,0.020848,0.018548,-0.018493
477664630.000,Miguel,recording,knock_twice_right,14,-0.567538,7.496884,6.121945,0.015430,0.021023,-0.015762
477664640.000,Miguel,recording,knock_twice_right,14,-0.548849,7.471546,6.122581,0.009940,0.017590,-0.010722
477664650.000,Miguel,recording,knock_twice_right,14,-0.507022,7.477619,6.100421,0.002758,0.009477,-0.007120
477664660.000,Miguel,recording,knock_twice_right,14,-0.492150,7.502636,6.106463,-0.006805,0.001544,-0.005747
477664670.000,Miguel,recording,knock_twice_right,14,-0.483150,7.511146,6.159783,-0.014566,-0.002181,-0.004730
477664680.000,Miguel,recording,knock_twice_right,14,-0.456574,7.501664,6.191745,-0.016003,0.001227,-0.004964
477664690.000,Miguel,recording,knock_twice_right,14,-0.418114,7.497443,6.195061,-0.012203,0.010917,-0.009604
477664700.000,Miguel,recording,knock_twice_right,14,-0.410548,7.490170,6.176988,-0.008743,0.021394,-0.016609
477664710.000,Miguel,recording,knock_twice_right,14,-0.451478,7.490802,6.147071,-0.007881,0.028574,-0.020390
477664720.000,Miguel,recording,knock_twice_right,14,-0.513913,7.507271,6.121715,-0.009239,0.033452,-0.019624
477664730.000,Miguel,recording,knock_twice_right,14,-0.556632,7.516041,6.089527,-0.015286,0.034239,-0.015445
477664740.000,Miguel,recording,knock_twice_right,14,-0.539320,7.505155,6.057321,-0.027387,0.029328,-0.010666
477664750.000,Miguel,recording,knock_twice_right,14,-0.521562,7.495323,6.087770,-0.041447,0.023136,-0.006140
477664760.000,Miguel,recording,knock_twice_right,14,-0.522328,7.501151,6.178607,-0.051132,0.018623,-0.002793
477664770.000,Miguel,recording,knock_twice_right,14,-0.496434,7.497903,6.262547,-0.052786,0.018295,-0.003508
477664780.000,Miguel,recording,knock_twice_right,14,-0.453318,7.482359,6.301965,-0.047671,0.020625,-0.007922
477664790.000,Miguel,recording,knock_twice_right,14,-0.449663,7.468503,6.340281,-0.037992,0.023067,-0.014659
477664800.000,Miguel,recording,knock_twice_right,14,-0.484028,7.484477,6.341546,-0.025393,0.027130,-0.019877
477664810.000,Miguel,recording,knock_twice_right,14,-0.509586,7.507745,6.297011,-0.013993,0.031225,-0.020812
477664820.000,Miguel,recording,knock_twice_right,14,-0.525230,7.496001,6.201545,-0.008290,0.035098,-0.020595
477664830.000,Miguel,recording,knock_twice_right,14,-0.530361,7.479795,6.140900,-0.011626,0.036311,-0.020443
477664840.000,Miguel,recording,knock_twice_right,14,-0.529539,7.473586,6.146738,-0.021726,0.032010,-0.020122
477664850.000,Miguel,recording,knock_twice_right,14,-0.532471,7.480019,6.188594,-0.031135,0.026639,-0.019159
477664860.000,Miguel,recording,knock_twice_right,14,-0.563406,7.482568,6.244808,-0.036049,0.025653,-0.016796
477664870.000,Miguel,recording,knock_twice_right,14,-0.586686,7.474164,6.260649,-0.037842,0.030540,-0.013632
477664880.000,Miguel,recording,knock_twice_right,14,-0.551870,7.471295,6.250687,-0.040056,0.035451,-0.011927
477664890.000,Miguel,recording,knock_twice_right,14,-0.519951,7.470876,6.260673,-0.042852,0.033751,-0.013536
477664900.000,Miguel,recording,knock_twice_right,14,-0.542589,7.473573,6.270690,-0.044610,0.027752,-0.014729
477664910.000,Miguel,recording,knock_twice_right,14,-0.598419,7.477506,6.263523,-0.045117,0.021486,-0.011101
477664920.000,Miguel,recording,knock_twice_right,14,-0.617995,7.480691,6.235217,-0.045780,0.017778,-0.005600
477664930.000,Miguel,recording,knock_twice_right,14,-0.565957,7.489589,6.255114,-0.047964,0.017688,-0.002153
477664940.000,Miguel,recording,knock_twice_right,14,-0.519627,7.472883,6.296813,-0.050548,0.019037,-0.001648
477664950.000,Miguel,recording,knock_twice_right,14,-0.507619,7.457440,6.344903,-0.050096,0.020840,-0.004242
477664960.000,Miguel,recording,knock_twice_right,14,-0.513995,7.460303,6.372550,-0.043337,0.023616,-0.007688
477664970.000,Miguel,recording,knock_twice_right,14,-0.530318,7.471209,6.377757,-0.032764,0.027211,-0.010273
477664980.000,Miguel,recording,knock_twice_right,14,-0.557669,7.468317,6.353587,-0.023897,0.028632,-0.013045
477664990.000,Miguel,recording,knock_twice_right,14,-0.580643,7.456545,6.326115,-0.019586,0.026001,-0.014785
477665000.000,Miguel,recording,knock_twice_right,14,-0.595991,7.470124,6.335187,-0.017833,0.020377,-0.014267
477665010.000,Miguel,recording,knock_twice_right,14,-0.603587,7.478265,6.351484,-0.014807,0.014123,-0.012992
477665020.000,Miguel,recording,knock_twice_right,14,-0.618964,7.479828,6.330176,-0.012270,0.008563,-0.010498
477665030.000,Miguel,recording,knock_twice_right,14,-0.632686,7.468778,6.314250,-0.013892,0.005513,-0.005994
477665040.000,Miguel,recording,knock_twice_right,14,-0.598874,7.458494,6.297151,-0.019049,0.004206,-0.002424
477665050.000,Miguel,recording,knock_twice_right,14,-0.551663,7.447397,6.291530,-0.024084,0.003162,-0.002014
477665060.000,Miguel,recording,knock_twice_right,14,-0.548393,7.445166,6.309406,-0.024298,0.006218,-0.003437
477665070.000,Miguel,recording,knock_twice_right,14,-0.554291,7.465322,6.357928,-0.019226,0.013168,-0.005328
477665080.000,Miguel,recording,knock_twice_right,14,-0.578394,7.453495,6.361933,-0.014564,0.016862,-0.006073
477665090.000,Miguel,recording,knock_twice_right,14,-0.589087,7.429932,6.347871,-0.011808,0.014956,-0.005295
477665100.000,Miguel,recording,knock_twice_right,14,-0.578242,7.422784,6.359623,-0.007742,0.010850,-0.005253
477665110.000,Miguel,recording,knock_twice_right,14,-0.570432,7.436776,6.380626,-0.001588,0.006799,-0.005870
477665120.000,Miguel,recording,knock_twice_right,14,-0.572790,7.445403,6.369472,0.006164,0.004225,-0.005209
477665130.000,Miguel,recording,knock_twice_right,14,-0.570345,7.471183,6.332186,0.012886,0.003308,-0.003933
477665140.000,Miguel,recording,knock_twice_right,14,-0.567095,7.479598,6.286725,0.014411,0.000695,-0.003754
477665150.000,Miguel,recording,knock_twice_right,14,-0.565849,7.465425,6.278382,0.011543,-0.002934,-0.004053
477665160.000,Miguel,recording,knock_twice_right,14,-0.539869,7.457693,6.298263,0.008898,-0.003364,-0.006034
477665170.000,Miguel,recording,knock_twice_right,14,-0.531543,7.458319,6.298390,0.008930,-0.000871,-0.010592
477665180.000,Miguel,recording,knock_twice_right,14,-0.570587,7.449365,6.296228,0.009495,0.000665,-0.013723
477665190.000,Miguel,recording,knock_twice_right,14,-0.612322,7.421290,6.299232,0.007981,0.000024,-0.014352
477665200.000,Miguel,recording,knock_twice_right,14,-0.639010,7.385594,6.307525,0.006176,-0.001055,-0.012891
477665210.000,Miguel,recording,knock_twice_right,14,-0.623268,7.393681,6.306660,0.007323,-0.000078,-0.008858
477665220.000,Miguel,recording,knock_twice_right,14,-0.591145,7.407733,6.293291,0.010828,0.002989,-0.003937
477665230.000,Miguel,recording,knock_twice_right,14,-0.585426,7.422869,6.233454,0.012079,0.004510,-0.000844
477665240.000,Miguel,recording,knock_twice_right,14,-0.586758,7.455769,6.183988,0.007785,0.002242,-0.000747
477665250.000,Miguel,recording,knock_twice_right,14,-0.557900,7.476295,6.177594,-0.000397,0.001179,-0.003308
477665260.000,Miguel,recording,knock_twice_right,14,-0.543150,7.448114,6.222978,-0.006514,0.006005,-0.007452
477665270.000,Miguel,recording,knock_twice_right,14,-0.560243,7.440013,6.279791,-0.007043,0.011710,-0.010757
477665280.000,Miguel,recording,knock_twice_right,14,-0.591724,7.464513,6.295619,-0.004672,0.012318,-0.012335
477665290.000,Miguel,recording,knock_twice_right,14,-0.616606,7.461740,6.288807,-0.002209,0.008441,-0.011431
477665300.000,Miguel,recording,knock_twice_right,14,-0.641540,7.465830,6.286901,-0.000457,0.003216,-0.008146
477665310.000,Miguel,recording,knock_twice_right,14,-0.653695,7.484048,6.298169,0.000098,-0.001347,-0.003903
477665320.000,Miguel,recording,knock_twice_right,14,-0.650948,7.462991,6.314186,-0.000482,-0.002590,0.000644
477665330.000,Miguel,recording,knock_twice_right,14,-0.604152,7.450328,6.314355,-0.002701,-0.000558,0.004823
477665340.000,Miguel,recording,knock_twice_right,14,-0.552689,7.444638,6.310176,-0.006073,0.002074,0.006678
477665350.000,Miguel,recording,knock_twice_right,14,-0.550984,7.443003,6.322884,-0.008682,0.004979,0.005836
477665360.000,Miguel,recording,knock_twice_right,14,-0.555003,7.449989,6.312190,-0.009668,0.009863,0.004123
477665370.000,Miguel,recording,knock_twice_right,14,-0.562184,7.434407,6.311196,-0.007435,0.015441,0.002666
477665380.000,Miguel,recording,knock_twice_right,14,-0.577057,7.438292,6.317612,-0.002096,0.017842,0.001954
477665390.000,Miguel,recording,knock_twice_right,14,-0.578211,7.447941,6.287628,0.003264,0.016135,0.001921
477665400.000,Miguel,recording,knock_twice_right,14,-0.595326,7.448125,6.276660,0.006754,0.012025,0.001966
477665410.000,Miguel,recording,knock_twice_right,14,-0.624480,7.451983,6.276342,0.007572,0.006616,0.002242
477665420.000,Miguel,recording,knock_twice_right,14,-0.639606,7.458481,6.263217,0.006704,0.003197,0.004220
477665430.000,Miguel,recording,knock_twice_right,14,-0.613120,7.464360,6.229488,0.005087,0.001432,0.005682
477665440.000,Miguel,recording,knock_twice_right,14,-0.576982,7.470045,6.199969,0.002138,0.001166,0.006087
477665450.000,Miguel,recording,knock_twice_right,14,-0.583220,7.482655,6.185833,-0.002084,0.001184,0.005686
477665460.000,Miguel,recording,knock_twice_right,14,-0.621413,7.489481,6.205343,-0.006705,0.000420,0.004364
477665470.000,Miguel,recording,knock_twice_right,14,-0.646215,7.481364,6.232333,-0.011166,0.000954,0.004624
477665480.000,Miguel,recording,knock_twice_right,14,-0.620683,7.459132,6.237494,-0.015256,0.001415,0.005486
477665490.000,Miguel,recording,knock_twice_right,14,-0.596978,7.445314,6.243092,-0.018617,0.001342,0.005683
477665500.000,Miguel,recording,knock_twice_right,14,-0.581188,7.440445,6.277102,-0.021047,0.000741,0.005193
477665510.000,Miguel,recording,knock_twice_right,14,-0.608950,7.447824,6.320282,-0.021439,0.000895,0.005917
477665520.000,Miguel,recording,knock_twice_right,14,-0.623653,7.450022,6.336249,-0.019885,0.002351,0.009005
477665530.000,Miguel,recording,knock_twice_right,14,-0.589023,7.431577,6.333311,-0.016847,0.004275,0.010592
477665540.000,Miguel,recording,knock_twice_right,14,-0.573423,7.435849,6.321752,-0.013847,0.007595,0.009895
477665550.000,Miguel,recording,knock_twice_right,14,-0.579816,7.452481,6.297657,-0.013626,0.010757,0.007529
477665560.000,Miguel,recording,knock_twice_right,14,-0.603366,7.446310,6.292068,-0.016398,0.010291,0.004862
477665570.000,Miguel,recording,knock_twice_right,14,-0.610185,7.430722,6.315652,-0.018366,0.008349,0.003739
477665580.000,Miguel,recording,knock_twice_right,14,-0.593537,7.428759,6.342016,-0.016659,0.006227,0.002829
477665590.000,Miguel,recording,knock_twice_right,14,-0.577990,7.428312,6.365120,-0.012293,0.002564,0.000793
477665600.000,Miguel,recording,knock_twice_right,14,-0.585672,7.425423,6.367100,-0.005704,-0.001038,-0.001138
477665610.000,Miguel,recording,knock_twice_right,14,-0.589868,7.419609,6.355069,0.000471,-0.003368,-0.001853
477665620.000,Miguel,recording,knock_twice_right,14,-0.587891,7.440207,6.311365,0.004357,-0.003937,-0.002590
477665630.000,Miguel,recording,knock_twice_right,14,-0.595686,7.467654,6.276128,0.004821,-0.004036,-0.001732
477665640.000,Miguel,recording,knock_twice_right,14,-0.611402,7.465850,6.265281,0.000369,-0.002034,0.000699
477665650.000,Miguel,recording,knock_twice_right,14,-0.601003,7.449278,6.282500,-0.005018,0.002844,0.003901
477665660.000,Miguel,recording,knock_twice_right,14,-0.583072,7.429093,6.322061,-0.008051,0.004879,0.007416
477665670.000,Miguel,recording,knock_twice_right,14,-0.586563,7.432592,6.345311,-0.007552,0.004759,0.009770
477665680.000,Miguel,recording,knock_twice_right,14,-0.583348,7.421137,6.334090,-0.004363,0.004791,0.010598
477665690.000,Miguel,recording,knock_twice_right,14,-0.592081,7.412638,6.312087,-0.000687,0.006152,0.009066
477665700.000,Miguel,recording,knock_twice_right,14,-0.618371,7.413883,6.296996,0.002499,0.009311,0.006747
477665710.000,Miguel,recording,knock_twice_right,14,-0.633883,7.428635,6.282477,0.002291,0.010605,0.006798
477665720.000,Miguel,recording,knock_twice_right,14,-0.636455,7.427280,6.266373,-0.000756,0.008963,0.008913
477665730.000,Miguel,recording,knock_twice_right,14,-0.604333,7.432569,6.265555,-0.002848,0.006806,0.011204
477665740.000,Miguel,recording,knock_twice_right,14,-0.576478,7.437266,6.261875,-0.005036,0.004915,0.011865
477665750.000,Miguel,recording,knock_twice_right,14,-0.569869,7.440126,6.271698,-0.010077,0.004999,0.010473
477665760.000,Miguel,recording,knock_twice_right,14,-0.578289,7.453059,6.294525,-0.014812,0.008347,0.008522
477665770.000,Miguel,recording,knock_twice_right,14,-0.566781,7.451546,6.326518,-0.015869,0.010158,0.005964
477665780.000,Miguel,recording,knock_twice_right,14,-0.546765,7.435820,6.359556,-0.012411,0.008273,0.004043
477665790.000,Miguel,recording,knock_twice_right,14,-0.578238,7.435373,6.388450,-0.005289,0.004349,0.003916
477665800.000,Miguel,recording,knock_twice_right,14,-0.616137,7.457776,6.383311,0.001271,0.003191,0.005850
477665810.000,Miguel,recording,knock_twice_right,14,-0.596840,7.479154,6.351864,0.005567,0.009112,0.007816
477665820.000,Miguel,recording,knock_twice_right,14,-0.538469,7.436652,6.298921,0.007802,0.016537,0.006223
477665830.000,Miguel,recording,knock_twice_right,14,-0.536505,7.418967,6.270617,0.007753,0.022950,0.002924
477665840.000,Miguel,recording,knock_twice_right,14,-0.556888,7.435273,6.264375,0.006981,0.029228,-0.000670
477665850.000,Miguel,recording,knock_twice_right,14,-0.585930,7.419174,6.258547,0.005263,0.030943,-0.002025
477665860.000,Miguel,recording,knock_twice_right,14,-0.631178,7.418577,6.287530,0.002988,0.027702,0.000090
477665870.000,Miguel,recording,knock_twice_right,14,-0.618075,7.429043,6.295801,0.001512,0.024787,0.002314
477665880.000,Miguel,recording,knock_twice_right,14,-0.593936,7.404552,6.257829,-0.000160,0.020590,0.002876
477665890.000,Miguel,recording,knock_twice_right,14,-0.590852,7.417804,6.245720,-0.001852,0.013621,0.002475
477665900.000,Miguel,recording,knock_twice_right,14,-0.597599,7.438636,6.256149,-0.004010,0.009463,0.002714
477665910.000,Miguel,recording,knock_twice_right,14,-0.593617,7.435368,6.254269,-0.007485,0.010535,0.003431
477665920.000,Miguel,recording,knock_twice_right,14,-0.587328,7.418286,6.278216,-0.009946,0.017016,0.004359
477665930.000,Miguel,recording,knock_twice_right,14,-0.588110,7.405417,6.344166,-0.007724,0.022686,0.005120
477665940.000,Miguel,recording,knock_twice_right,14,-0.599276,7.413357,6.403056,-0.001442,0.021551,0.006503
477665950.000,Miguel,recording,knock_twice_right,14,-0.607889,7.414487,6.395157,0.006277,0.019434,0.008081
477665960.000,Miguel,recording,knock_twice_right,14,-0.577200,7.418999,6.368398,0.013187,0.020720,0.007355
477665970.000,Miguel,recording,knock_twice_right,14,-0.527921,7.420568,6.372892,0.019985,0.022024,0.003373
477665980.000,Miguel,recording,knock_twice_right,14,-0.497290,7.462315,6.460570,0.031735,0.026466,-0.001831
477665990.000,Miguel,recording,knock_twice_right,14,-0.508389,7.454795,6.493906,0.047640,0.038141,-0.009472
477666000.000,Miguel,recording,knock_twice_right,14,-0.609312,7.334938,6.333142,0.061114,0.051371,-0.018576
477666010.000,Miguel,recording,knock_twice_right,14,-0.782630,7.315679,6.105091,0.063098,0.055661,-0.019563
477666020.000,Miguel,recording,knock_twice_right,14,-1.207612,7.360017,5.923540,0.045644,0.050399,-0.003164
477666030.000,Miguel,recording,knock_twice_right,14,-1.863308,7.366083,5.794841,0.010457,0.031123,0.050033
477666040.000,Miguel,recording,knock_twice_right,14,-1.368656,7.606879,5.863673,-0.028388,0.007877,0.121577
477666050.000,Miguel,recording,knock_twice_right,14,-0.139245,7.672516,6.035163,-0.060884,-0.017889,0.152193
477666060.000,Miguel,recording,knock_twice_right,14,0.174999,7.418162,6.149532,-0.083863,-0.045622,0.133620
477666070.000,Miguel,recording,knock_twice_right,14,0.262422,7.469596,6.442533,-0.090448,-0.054507,0.090839
477666080.000,Miguel,recording,knock_twice_right,14,0.235694,7.571911,6.766900,-0.076985,-0.040140,0.031454
477666090.000,Miguel,recording,knock_twice_right,14,0.106102,7.549411,6.930356,-0.047480,-0.008628,-0.039346
477666100.000,Miguel,recording,knock_twice_right,14,-0.371207,7.436291,6.941074,-0.008687,0.023566,-0.099595
477666110.000,Miguel,recording,knock_twice_right,14,-0.765775,7.278331,6.827786,0.034491,0.050233,-0.133402
477666120.000,Miguel,recording,knock_twice_right,14,-1.006075,7.283943,6.558738,0.075169,0.062164,-0.134755
477666130.000,Miguel,recording,knock_twice_right,14,-1.187813,7.455365,6.223786,0.100739,0.048505,-0.103753
477666140.000,Miguel,recording,knock_twice_right,14,-1.150670,7.416386,5.968850,0.100962,0.018730,-0.055067
477666150.000,Miguel,recording,knock_twice_right,14,-1.056120,7.432005,5.862337,0.076711,-0.016869,-0.004489
477666160.000,Miguel,recording,knock_twice_right,14,-0.926638,7.454664,5.983864,0.043769,-0.044313,0.036444
477666170.000,Miguel,recording,knock_twice_right,14,-0.655577,7.457803,6.188956,0.022133,-0.036110,0.054117
477666180.000,Miguel,recording,knock_twice_right,14,-0.369845,7.356675,6.286225,0.017018,-0.001954,0.042814
477666190.000,Miguel,recording,knock_twice_right,14,-0.300923,7.341211,6.347949,0.022159,0.025857,0.018164
477666200.000,Miguel,recording,knock_twice_right,14,-0.424836,7.413852,6.349172,0.031826,0.048000,0.000127
477666210.000,Miguel,recording,knock_twice_right,14,-0.870305,7.357895,6.163203,0.037176,0.061122,0.002813
477666220.000,Miguel,recording,knock_twice_right,14,-1.381834,7.404359,5.950395,0.030366,0.049218,0.042379
477666230.000,Miguel,recording,knock_twice_right,14,-1.207395,7.645629,5.880580,0.008592,0.015668,0.102676
477666240.000,Miguel,recording,knock_twice_right,14,-0.583431,7.558744,5.857834,-0.026740,-0.028800,0.142405
477666250.000,Miguel,recording,knock_twice_right,14,-0.065326,7.415867,5.965444,-0.062992,-0.068337,0.143724
477666260.000,Miguel,recording,knock_twice_right,14,0.196589,7.459015,6.215074,-0.086457,-0.083142,0.110459
477666270.000,Miguel,recording,knock_twice_right,14,0.223040,7.481683,6.493934,-0.093796,-0.066994,0.055368
477666280.000,Miguel,recording,knock_twice_right,14,0.067378,7.444779,6.638507,-0.085483,-0.033767,-0.006831
477666290.000,Miguel,recording,knock_twice_right,14,-0.243314,7.407781,6.684286,-0.064538,-0.001136,-0.062059
477666300.000,Miguel,recording,knock_twice_right,14,-0.596196,7.391866,6.642673,-0.038422,0.020277,-0.096646
477666310.000,Miguel,recording,knock_twice_right,14,-0.771665,7.294159,6.533819,-0.011461,0.029857,-0.114631
477666320.000,Miguel,recording,knock_twice_right,14,-0.895101,7.235968,6.397784,0.012515,0.024967,-0.116566
477666330.000,Miguel,recording,knock_twice_right,14,-1.161996,7.430192,6.255247,0.027919,0.005043,-0.089047
477666340.000,Miguel,recording,knock_twice_right,14,-1.174931,7.510884,6.084096,0.029562,-0.015168,-0.044961
477666350.000,Miguel,recording,knock_twice_right,14,-0.841746,7.374198,5.941351,0.014876,-0.028159,-0.010363
477666360.000,Miguel,recording,knock_twice_right,14,-0.539913,7.337687,5.928083,-0.010507,-0.033848,0.002526
477666370.000,Miguel,recording,knock_twice_right,14,-0.422238,7.401875,6.047153,-0.037388,-0.030971,-0.000992
477666380.000,Miguel,recording,knock_twice_right,14,-0.437254,7.448396,6.222521,-0.057187,-0.020911,-0.008879
477666390.000,Miguel,recording,knock_twice_right,14,-0.490846,7.446550,6.367875,-0.063505,-0.009924,-0.013657
477666400.000,Miguel,recording,knock_twice_right,14,-0.500264,7.456259,6.460439,-0.057674,-0.003247,-0.013930
477666410.000,Miguel,recording,knock_twice_right,14,-0.488628,7.486638,6.513405,-0.044810,-0.000805,-0.012858
477666420.000,Miguel,recording,knock_twice_right,14,-0.498816,7.470310,6.543178,-0.029099,0.002620,-0.012494
477666430.000,Miguel,recording,knock_twice_right,14,-0.547622,7.433132,6.515065,-0.014593,0.006925,-0.012405
477666440.000,Miguel,recording,knock_twice_right,14,-0.565574,7.409298,6.455825,-0.004446,0.007920,-0.012378
477666450.000,Miguel,recording,knock_twice_right,14,-0.574861,7.405878,6.370385,0.002360,0.005985,-0.013638
477666460.000,Miguel,recording,knock_twice_right,14,-0.609326,7.408448,6.316559,0.005868,-0.000913,-0.014453
477666470.000,Miguel,recording,knock_twice_right,14,-0.667304,7.419384,6.283900,0.003765,-0.013493,-0.012983
477666480.000,Miguel,recording,knock_twice_right,14,-0.716018,7.432129,6.304541,-0.000475,-0.026716,-0.010943
477666490.000,Miguel,recording,knock_twice_right,14,-0.708923,7.449869,6.353206,-0.002019,-0.030698,-0.008600
477666500.000,Miguel,recording,knock_twice_right,14,-0.609819,7.420401,6.318830,0.000331,-0.023454,-0.008889
477666510.000,Miguel,recording,knock_twice_right,14,-0.541679,7.393814,6.251822,0.002455,-0.014500,-0.011671
477666520.000,Miguel,recording,knock_twice_right,14,-0.585938,7.454183,6.235592,-0.000910,-0.008118,-0.012312
477666530.000,Miguel,recording,knock_twice_right,14,-0.635768,7.491000,6.279952,-0.006618,-0.002547,-0.009511
477666540.000,Miguel,recording,knock_twice_right,14,-0.627916,7.454142,6.354839,-0.007916,0.002613,-0.006439
477666550.000,Miguel,recording,knock_twice_right,14,-0.590805,7.416970,6.376398,-0.001613,0.007294,-0.006947
477666560.000,Miguel,recording,knock_twice_right,14,-0.536735,7.429596,6.306216,0.007041,0.010181,-0.011478
477666570.000,Miguel,recording,knock_twice_right,14,-0.544959,7.437341,6.220297,0.008791,0.007878,-0.018055
477666580.000,Miguel,recording,knock_twice_right,14,-0.629853,7.439321,6.213810,0.002440,-0.001559,-0.020843
477666590.000,Miguel,recording,knock_twice_right,14,-0.692517,7.442086,6.265912,-0.005965,-0.008972,-0.018463
477666600.000,Miguel,recording,knock_twice_right,14,-0.649148,7.428127,6.291593,-0.009616,-0.006760,-0.015963
477666610.000,Miguel,recording,knock_twice_right,14,-0.602325,7.392990,6.290482,-0.008881,-0.000461,-0.015533
477666620.000,Miguel,recording,knock_twice_right,14,-0.616105,7.410093,6.281388,-0.010677,0.005346,-0.014511
477666630.000,Miguel,recording,knock_twice_right,14,-0.652345,7.428803,6.297907,-0.016106,0.006714,-0.011040
477666640.000,Miguel,recording,knock_twice_right,14,-0.659876,7.427839,6.350624,-0.020025,0.001780,-0.005388
477666650.000,Miguel,recording,knock_twice_right,14,-0.599258,7.423692,6.397479,-0.016151,-0.002168,-0.000724
477666660.000,Miguel,recording,knock_twice_right,14,-0.520968,7.401628,6.386193,-0.006597,-0.001390,-0.002823
477666670.000,Miguel,recording,knock_twice_right,14,-0.503077,7.394398,6.329367,0.000340,0.000270,-0.011100
477666680.000,Miguel,recording,knock_twice_right,14,-0.550283,7.418197,6.288540,0.000206,-0.000134,-0.018766
477666690.000,Miguel,recording,knock_twice_right,14,-0.616052,7.439531,6.299775,-0.005752,-0.003931,-0.021004
477666700.000,Miguel,recording,knock_twice_right,14,-0.667109,7.441473,6.345475,-0.008840,-0.008300,-0.018210
477666710.000,Miguel,recording,knock_twice_right,14,-0.637495,7.431206,6.379150,-0.005616,-0.006697,-0.015025
477666720.000,Miguel,recording,knock_twice_right,14,-0.557831,7.395835,6.355569,-0.000495,0.000983,-0.016013
477666730.000,Miguel,recording,knock_twice_right,14,-0.574163,7.377573,6.306660,0.001979,0.006295,-0.018799
477666740.000,Miguel,recording,knock_twice_right,14,-0.657262,7.411439,6.277175,-0.000135,0.005804,-0.018035
477666750.000,Miguel,recording,knock_twice_right,14,-0.710501,7.430965,6.260150,-0.005042,0.002389,-0.013857
477666760.000,Miguel,recording,knock_twice_right,14,-0.714960,7.429190,6.275462,-0.010113,-0.003677,-0.008042
477666770.000,Miguel,recording,knock_twice_right,14,-0.673988,7.421549,6.331272,-0.012709,-0.009660,-0.003121
477666780.000,Miguel,recording,knock_twice_right,14,-0.578347,7.402808,6.351017,-0.012224,-0.011660,-0.003529
477666790.000,Miguel,recording,knock_twice_right,14,-0.553725,7.397681,6.348171,-0.010393,-0.011215,-0.008195
477666800.000,Miguel,recording,knock_twice_right,14,-0.606777,7.411873,6.352780,-0.008073,-0.010015,-0.012250
477666810.000,Miguel,recording,knock_twice_right,14,-0.664695,7.433077,6.375311,-0.004774,-0.007559,-0.012922
477666820.000,Miguel,recording,knock_twice_right,15,-0.663692,7.435337,6.386799,0.000097,-0.003843,-0.011354
477666830.000,Miguel,recording,knock_twice_right,15,-0.603130,7.427634,6.366367,0.005877,-0.001020,-0.010882
477666840.000,Miguel,recording,knock_twice_right,15,-0.585582,7.424857,6.344817,0.010218,0.000282,-0.012091
477666850.000,Miguel,recording,knock_twice_right,15,-0.637720,7.449787,6.328161,0.010222,-0.000196,-0.012360
477666860.000,Miguel,recording,knock_twice_right,15,-0.674614,7.466942,6.310008,0.006163,-0.002677,-0.010043
477666870.000,Miguel,recording,knock_twice_right,15,-0.647706,7.451958,6.292678,0.001381,-0.003907,-0.005750
477666880.000,Miguel,recording,knock_twice_right,15,-0.589727,7.430134,6.288862,-0.000576,-0.003570,-0.003354
477666890.000,Miguel,recording,knock_twice_right,15,-0.571927,7.415667,6.289750,-0.001246,-0.004293,-0.004947
477666900.000,Miguel,recording,knock_twice_right,15,-0.612198,7.419903,6.279412,-0.004865,-0.007907,-0.007466
477666910.000,Miguel,recording,knock_twice_right,15,-0.657707,7.421188,6.279615,-0.009931,-0.014186,-0.008268
477666920.000,Miguel,recording,knock_twice_right,15,-0.706660,7.413278,6.330716,-0.012896,-0.018200,-0.005659
477666930.000,Miguel,recording,knock_twice_right,15,-0.684059,7.416746,6.368703,-0.011591,-0.015581,-0.001637
477666940.000,Miguel,recording,knock_twice_right,15,-0.618445,7.390640,6.358498,-0.008164,-0.009412,-0.001011
477666950.000,Miguel,recording,knock_twice_right,15,-0.591559,7.382462,6.343033,-0.004702,-0.006720,-0.003418
477666960.000,Miguel,recording,knock_twice_right,15,-0.605650,7.401440,6.336777,-0.002675,-0.008120,-0.005183
477666970.000,Miguel,recording,knock_twice_right,15,-0.618061,7.404568,6.333225,-0.001533,-0.008957,-0.006726
477666980.000,Miguel,recording,knock_twice_right,15,-0.626506,7.391196,6.316158,0.000771,-0.007710,-0.009841
477666990.000,Miguel,recording,knock_twice_right,15,-0.638721,7.383881,6.329294,0.003145,-0.008380,-0.012676
477667000.000,Miguel,recording,knock_twice_right,15,-0.646856,7.401931,6.321742,0.003833,-0.012863,-0.012269
477667010.000,Miguel,recording,knock_twice_right,15,-0.638491,7.417131,6.296630,0.001947,-0.016339,-0.010144
477667020.000,Miguel,recording,knock_twice_right,15,-0.621481,7.410719,6.277593,-0.000047,-0.014854,-0.008668
477667030.000,Miguel,recording,knock_twice_right,15,-0.608290,7.402788,6.259657,-0.003865,-0.011485,-0.008004
477667040.000,Miguel,recording,knock_twice_right,15,-0.601658,7.412783,6.266314,-0.012227,-0.008876,-0.007736
477667050.000,Miguel,recording,knock_twice_right,15,-0.595747,7.414920,6.289572,-0.020379,-0.006088,-0.007370
477667060.000,Miguel,recording,knock_twice_right,15,-0.590245,7.401464,6.324977,-0.023697,-0.005366,-0.007423
477667070.000,Miguel,recording,knock_twice_right,15,-0.603485,7.381661,6.346506,-0.023070,-0.008333,-0.008276
477667080.000,Miguel,recording,knock_twice_right,15,-0.611119,7.384120,6.334881,-0.022147,-0.012303,-0.009572
477667090.000,Miguel,recording,knock_twice_right,15,-0.613431,7.405842,6.337227,-0.021707,-0.013623,-0.011047
477667100.000,Miguel,recording,knock_twice_right,15,-0.605234,7.421723,6.364861,-0.020506,-0.011936,-0.013102
477667110.000,Miguel,recording,knock_twice_right,15,-0.604286,7.402857,6.389154,-0.016186,-0.009745,-0.014488
477667120.000,Miguel,recording,knock_twice_right,15,-0.630798,7.398718,6.375631,-0.010271,-0.008102,-0.013577
477667130.000,Miguel,recording,knock_twice_right,15,-0.662726,7.414395,6.379262,-0.006842,-0.007833,-0.011045
477667140.000,Miguel,recording,knock_twice_right,15,-0.675632,7.425815,6.394696,-0.005892,-0.009128,-0.007302
477667150.000,Miguel,recording,knock_twice_right,15,-0.649183,7.410571,6.387713,-0.004606,-0.009934,-0.002940
477667160.000,Miguel,recording,knock_twice_right,15,-0.622200,7.403147,6.359764,-0.002045,-0.010266,-0.000889
477667170.000,Miguel,recording,knock_twice_right,15,-0.615607,7.409451,6.352883,0.000171,-0.011181,-0.001647
477667180.000,Miguel,recording,knock_twice_right,15,-0.633756,7.411878,6.341761,0.000984,-0.012246,-0.003333
477667190.000,Miguel,recording,knock_twice_right,15,-0.646004,7.412800,6.335620,-0.000522,-0.013040,-0.004773
477667200.000,Miguel,recording,knock_twice_right,15,-0.625081,7.412625,6.294920,-0.002835,-0.012141,-0.005736
477667210.000,Miguel,recording,knock_twice_right,15,-0.613923,7.403757,6.295254,-0.004062,-0.007374,-0.006439
477667220.000,Miguel,recording,knock_twice_right,15,-0.639382,7.383935,6.315470,-0.005845,-0.004234,-0.006023
477667230.000,Miguel,recording,knock_twice_right,15,-0.658003,7.369075,6.340756,-0.008158,-0.005726,-0.004650
477667240.000,Miguel,recording,knock_twice_right,15,-0.624969,7.375193,6.352514,-0.006305,-0.005185,-0.002560
477667250.000,Miguel,recording,knock_twice_right,15,-0.597625,7.390152,6.346044,0.000271,-0.002756,-0.001167
477667260.000,Miguel,recording,knock_twice_right,15,-0.602234,7.406678,6.322095,0.005676,-0.004693,-0.000545
477667270.000,Miguel,recording,knock_twice_right,15,-0.598799,7.414866,6.262668,0.005660,-0.009328,-0.000283
477667280.000,Miguel,recording,knock_twice_right,15,-0.587330,7.425719,6.240857,0.001726,-0.011668,-0.001465
477667290.000,Miguel,recording,knock_twice_right,15,-0.558599,7.416407,6.270767,-0.003457,-0.010755,-0.005067
477667300.000,Miguel,recording,knock_twice_right,15,-0.559916,7.408669,6.314079,-0.008525,-0.007150,-0.010259
477667310.000,Miguel,recording,knock_twice_right,15,-0.581972,7.380149,6.330069,-0.014968,-0.006572,-0.014356
477667320.000,Miguel,recording,knock_twice_right,15,-0.635547,7.382007,6.349774,-0.022577,-0.011314,-0.016581
477667330.000,Miguel,recording,knock_twice_right,15,-0.653233,7.383058,6.395598,-0.026361,-0.014308,-0.015751
477667340.000,Miguel,recording,knock_twice_right,15,-0.628959,7.359620,6.415898,-0.024255,-0.011667,-0.013451
477667350.000,Miguel,recording,knock_twice_right,15,-0.608032,7.355056,6.400361,-0.020001,-0.005098,-0.012943
477667360.000,Miguel,recording,knock_twice_right,15,-0.604085,7.362225,6.353690,-0.017176,0.003758,-0.014452
477667370.000,Miguel,recording,knock_twice_right,15,-0.646120,7.362860,6.343118,-0.015130,0.011372,-0.014389
477667380.000,Miguel,recording,knock_twice_right,15,-0.684075,7.375746,6.386315,-0.009754,0.015123,-0.011299
477667390.000,Miguel,recording,knock_twice_right,15,-0.636601,7.377221,6.422968,-0.000172,0.015361,-0.008880
477667400.000,Miguel,recording,knock_twice_right,15,-0.578552,7.369928,6.377718,0.007782,0.011314,-0.010867
477667410.000,Miguel,recording,knock_twice_right,15,-0.592348,7.388239,6.292954,0.010072,0.005447,-0.015972
477667420.000,Miguel,recording,knock_twice_right,15,-0.650133,7.423275,6.259773,0.005510,-0.000260,-0.018621
477667430.000,Miguel,recording,knock_twice_right,15,-0.696558,7.430962,6.288638,-0.004443,-0.005738,-0.017328
477667440.000,Miguel,recording,knock_twice_right,15,-0.666201,7.434108,6.320849,-0.014198,-0.006769,-0.013696
477667450.000,Miguel,recording,knock_twice_right,15,-0.621851,7.419967,6.370389,-0.019107,-0.002925,-0.010863
477667460.000,Miguel,recording,knock_twice_right,15,-0.638882,7.401342,6.427670,-0.018535,0.000286,-0.010044
477667470.000,Miguel,recording,knock_twice_right,15,-0.680854,7.400754,6.465580,-0.014633,0.000735,-0.007780
477667480.000,Miguel,recording,knock_twice_right,15,-0.688598,7.410184,6.482234,-0.009263,0.000176,-0.003559
477667490.000,Miguel,recording,knock_twice_right,15,-0.656801,7.402004,6.476730,-0.003294,0.000606,-0.001200
477667500.000,Miguel,recording,knock_twice_right,15,-0.616533,7.377919,6.468672,0.002407,0.001727,-0.001267
477667510.000,Miguel,recording,knock_twice_right,15,-0.622551,7.376200,6.429214,0.007104,0.002097,-0.003065
477667520.000,Miguel,recording,knock_twice_right,15,-0.641742,7.393384,6.401786,0.010213,0.001931,-0.005173
477667530.000,Miguel,recording,knock_twice_right,15,-0.646190,7.399260,6.384060,0.012679,0.002581,-0.006533
477667540.000,Miguel,recording,knock_twice_right,15,-0.644799,7.402060,6.364133,0.015453,0.003791,-0.009196
477667550.000,Miguel,recording,knock_twice_right,15,-0.673004,7.385128,6.323125,0.016938,0.003435,-0.009472
477667560.000,Miguel,recording,knock_twice_right,15,-0.707237,7.398890,6.274463,0.014715,0.001254,-0.005432
477667570.000,Miguel,recording,knock_twice_right,15,-0.714524,7.403671,6.227793,0.008036,-0.000805,-0.001369
477667580.000,Miguel,recording,knock_twice_right,15,-0.711166,7.398101,6.216525,-0.000211,-0.002334,0.002676
477667590.000,Miguel,recording,knock_twice_right,15,-0.674236,7.412336,6.246248,-0.006891,-0.002302,0.006859
477667600.000,Miguel,recording,knock_twice_right,15,-0.604454,7.411701,6.288146,-0.011428,-0.000573,0.007488
477667610.000,Miguel,recording,knock_twice_right,15,-0.581323,7.388899,6.326010,-0.013563,-0.001058,0.003804
477667620.000,Miguel,recording,knock_twice_right,15,-0.614656,7.379352,6.367776,-0.013407,-0.004948,-0.000057
477667630.000,Miguel,recording,knock_twice_right,15,-0.657600,7.394743,6.411102,-0.010801,-0.007810,-0.002496
477667640.000,Miguel,recording,knock_twice_right,15,-0.664121,7.380335,6.438570,-0.004580,-0.007038,-0.003862
477667650.000,Miguel,recording,knock_twice_right,15,-0.650796,7.361541,6.426474,0.003107,-0.003944,-0.003701
477667660.000,Miguel,recording,knock_twice_right,15,-0.654589,7.373719,6.366091,0.006915,-0.000104,-0.001668
477667670.000,Miguel,recording,knock_twice_right,15,-0.659647,7.406213,6.308233,0.003790,0.002956,0.002129
477667680.000,Miguel,recording,knock_twice_right,15,-0.663569,7.416162,6.285942,-0.004432,0.004953,0.007085
477667690.000,Miguel,recording,knock_twice_right,15,-0.633643,7.406251,6.310637,-0.012727,0.005104,0.010530
477667700.000,Miguel,recording,knock_twice_right,15,-0.619892,7.400650,6.357823,-0.015903,0.004224,0.010561
477667710.000,Miguel,recording,knock_twice_right,15,-0.603530,7.402477,6.379285,-0.014140,0.004969,0.007655
477667720.000,Miguel,recording,knock_twice_right,15,-0.595840,7.393887,6.415983,-0.008921,0.005056,0.002544
477667730.000,Miguel,recording,knock_twice_right,15,-0.606660,7.361848,6.451345,-0.001306,0.001634,-0.003621
477667740.000,Miguel,recording,knock_twice_right,15,-0.627833,7.350159,6.418104,0.005942,-0.003588,-0.009215
477667750.000,Miguel,recording,knock_twice_right,15,-0.656083,7.355198,6.363968,0.010114,-0.007447,-0.010994
477667760.000,Miguel,recording,knock_twice_right,15,-0.665774,7.355620,6.310444,0.009874,-0.009518,-0.009424
477667770.000,Miguel,recording,knock_twice_right,15,-0.656545,7.357089,6.255256,0.003650,-0.011703,-0.007291
477667780.000,Miguel,recording,knock_twice_right,15,-0.648224,7.362434,6.221213,-0.007356,-0.012371,-0.005418
477667790.000,Miguel,recording,knock_twice_right,15,-0.642823,7.371896,6.243393,-0.017586,-0.009190,-0.003972
477667800.000,Miguel,recording,knock_twice_right,15,-0.637317,7.386743,6.299711,-0.025261,-0.004557,-0.002482
477667810.000,Miguel,recording,knock_twice_right,15,-0.621078,7.384730,6.358510,-0.028473,-0.001323,-0.001958
477667820.000,Miguel,recording,knock_twice_right,15,-0.620074,7.371110,6.397686,-0.026319,0.000677,-0.002328
477667830.000,Miguel,recording,knock_twice_right,15,-0.651084,7.382921,6.410191,-0.021339,0.000586,-0.001816
477667840.000,Miguel,recording,knock_twice_right,15,-0.671328,7.383157,6.423592,-0.013405,-0.000193,-0.000668
477667850.000,Miguel,recording,knock_twice_right,15,-0.637559,7.384315,6.439893,-0.004632,0.000389,0.000231
477667860.000,Miguel,recording,knock_twice_right,15,-0.593726,7.384076,6.436958,0.001203,0.001382,-0.000624
477667870.000,Miguel,recording,knock_twice_right,15,-0.584773,7.392563,6.421789,0.004649,0.000875,-0.003836
477667880.000,Miguel,recording,knock_twice_right,15,-0.610623,7.384056,6.402359,0.006738,0.000432,-0.007786
477667890.000,Miguel,recording,knock_twice_right,15,-0.631156,7.381983,6.362507,0.006433,0.002297,-0.010366
477667900.000,Miguel,recording,knock_twice_right,15,-0.662743,7.386302,6.330538,0.003444,0.003024,-0.008969
477667910.000,Miguel,recording,knock_twice_right,15,-0.673255,7.378567,6.309884,-0.000927,-0.001411,-0.004222
477667920.000,Miguel,recording,knock_twice_right,15,-0.662082,7.390602,6.326745,-0.006877,-0.008647,0.000576
477667930.000,Miguel,recording,knock_twice_right,15,-0.660592,7.400115,6.333068,-0.012447,-0.013094,0.004032
477667940.000,Miguel,recording,knock_twice_right,15,-0.635862,7.394430,6.352298,-0.014720,-0.012212,0.006698
477667950.000,Miguel,recording,knock_twice_right,15,-0.598814,7.393375,6.379513,-0.014768,-0.007861,0.007244
477667960.000,Miguel,recording,knock_twice_right,15,-0.583680,7.386072,6.399226,-0.012811,-0.003781,0.004208
477667970.000,Miguel,recording,knock_twice_right,15,-0.591650,7.374629,6.413312,-0.009294,-0.000499,0.000229
477667980.000,Miguel,recording,knock_twice_right,15,-0.622778,7.371287,6.403855,-0.005010,0.002927,-0.001603
477667990.000,Miguel,recording,knock_twice_right,15,-0.658667,7.351995,6.406129,0.000070,0.004998,-0.001268
477668000.000,Miguel,recording,knock_twice_right,15,-0.676104,7.334513,6.389374,0.004582,0.004102,-0.000893
477668010.000,Miguel,recording,knock_twice_right,15,-0.673905,7.346957,6.372945,0.006316,0.000259,-0.000738
477668020.000,Miguel,recording,knock_twice_right,15,-0.655423,7.363642,6.341113,0.006130,-0.004846,0.000079
477668030.000,Miguel,recording,knock_twice_right,15,-0.625035,7.376959,6.305953,0.004861,-0.007576,0.000077
477668040.000,Miguel,recording,knock_twice_right,15,-0.604135,7.375925,6.284820,0.000530,-0.007139,-0.002080
477668050.000,Miguel,recording,knock_twice_right,15,-0.628942,7.374472,6.320271,-0.005654,-0.004292,-0.003687
477668060.000,Miguel,recording,knock_twice_right,15,-0.657773,7.370535,6.358696,-0.010025,-0.000574,-0.002865
477668070.000,Miguel,recording,knock_twice_right,15,-0.655988,7.382991,6.371879,-0.009999,0.001162,-0.001411
477668080.000,Miguel,recording,knock_twice_right,15,-0.627715,7.373043,6.365331,-0.007711,0.000530,0.000115
477668090.000,Miguel,recording,knock_twice_right,15,-0.607595,7.373913,6.367584,-0.006104,-0.000265,0.001182
477668100.000,Miguel,recording,knock_twice_right,15,-0.622183,7.365851,6.393408,-0.004626,-0.000401,-0.000115
477668110.000,Miguel,recording,knock_twice_right,15,-0.622392,7.353191,6.404808,-0.002827,0.000110,-0.002342
477668120.000,Miguel,recording,knock_twice_right,15,-0.623328,7.351688,6.415049,-0.000576,0.001718,-0.003031
477668130.000,Miguel,recording,knock_twice_right,15,-0.623308,7.349876,6.423756,0.001649,0.003181,-0.003189
477668140.000,Miguel,recording,knock_twice_right,15,-0.612143,7.350536,6.431716,0.006134,0.005696,-0.004021
477668150.000,Miguel,recording,knock_twice_right,15,-0.621147,7.349297,6.432727,0.013848,0.009171,-0.005310
477668160.000,Miguel,recording,knock_twice_right,15,-0.625320,7.364427,6.418380,0.021259,0.011578,-0.006007
477668170.000,Miguel,recording,knock_twice_right,15,-0.637602,7.376423,6.393052,0.026520,0.012683,-0.006038
477668180.000,Miguel,recording,knock_twice_right,15,-0.643591,7.371402,6.344358,0.029279,0.011327,-0.005737
477668190.000,Miguel,recording,knock_twice_right,15,-0.652664,7.370065,6.286994,0.027633,0.008820,-0.004267
477668200.000,Miguel,recording,knock_twice_right,15,-0.666274,7.392638,6.246472,0.019123,0.005657,-0.003632
477668210.000,Miguel,recording,knock_twice_right,15,-0.662269,7.399359,6.236296,0.005283,0.002673,-0.002922
477668220.000,Miguel,recording,knock_twice_right,15,-0.661290,7.403296,6.241974,-0.009267,0.000397,-0.000972
477668230.000,Miguel,recording,knock_twice_right,15,-0.666396,7.391132,6.273846,-0.020889,-0.002499,0.000677
477668240.000,Miguel,recording,knock_twice_right,15,-0.645929,7.383423,6.310651,-0.026568,-0.004349,0.001201
477668250.000,Miguel,recording,knock_twice_right,15,-0.626109,7.375533,6.327802,-0.027856,-0.004132,0.000093
477668260.000,Miguel,recording,knock_twice_right,15,-0.636670,7.362087,6.367262,-0.026853,-0.002268,-0.001424
477668270.000,Miguel,recording,knock_twice_right,15,-0.662287,7.367467,6.436819,-0.022042,-0.000377,-0.002222
477668280.000,Miguel,recording,knock_twice_right,15,-0.667317,7.365200,6.471042,-0.013501,0.000036,-0.001515
477668290.000,Miguel,recording,knock_twice_right,15,-0.633726,7.375309,6.471579,-0.003845,-0.000672,-0.001000
477668300.000,Miguel,recording,knock_twice_right,15,-0.633151,7.381433,6.415173,0.001965,-0.000880,-0.001819
477668310.000,Miguel,recording,knock_twice_right,15,-0.647379,7.384295,6.371640,0.002184,0.000104,-0.001868
477668320.000,Miguel,recording,knock_twice_right,15,-0.654445,7.377979,6.386630,-0.000289,-0.000520,-0.001776
477668330.000,Miguel,recording,knock_twice_right,15,-0.664256,7.374545,6.411280,-0.002027,-0.003385,-0.001990
477668340.000,Miguel,recording,knock_twice_right,15,-0.657917,7.372461,6.417491,-0.001253,-0.004820,-0.001105
477668350.000,Miguel,recording,knock_twice_right,15,-0.650926,7.374346,6.398545,0.001202,-0.002780,-0.001032
477668360.000,Miguel,recording,knock_twice_right,15,-0.669902,7.384700,6.383335,0.004919,-0.000097,-0.001633
477668370.000,Miguel,recording,knock_twice_right,15,-0.687347,7.375765,6.363379,0.006720,0.000274,-0.000968
477668380.000,Miguel,recording,knock_twice_right,15,-0.662874,7.361695,6.319099,0.004820,-0.001090,0.000563
477668390.000,Miguel,recording,knock_twice_right,15,-0.642440,7.365482,6.293016,0.000893,-0.001936,0.002193
477668400.000,Miguel,recording,knock_twice_right,15,-0.661879,7.376291,6.301566,-0.004623,-0.002287,0.003802
477668410.000,Miguel,recording,knock_twice_right,15,-0.664726,7.377157,6.325509,-0.009427,-0.003957,0.005649
477668420.000,Miguel,recording,knock_twice_right,15,-0.635813,7.381820,6.356182,-0.010266,-0.006287,0.006132
477668430.000,Miguel,recording,knock_twice_right,15,-0.618570,7.373379,6.399548,-0.007934,-0.008810,0.004926
477668440.000,Miguel,recording,knock_twice_right,15,-0.595997,7.383864,6.412827,-0.005682,-0.010648,0.002598
477668450.000,Miguel,recording,knock_twice_right,15,-0.586658,7.392553,6.414298,-0.004848,-0.010734,-0.001505
477668460.000,Miguel,recording,knock_twice_right,15,-0.602606,7.366287,6.406071,-0.005088,-0.009063,-0.006143
477668470.000,Miguel,recording,knock_twice_right,15,-0.632464,7.341194,6.397443,-0.006075,-0.008025,-0.009586
477668480.000,Miguel,recording,knock_twice_right,15,-0.664879,7.344637,6.385150,-0.007674,-0.007857,-0.010459
477668490.000,Miguel,recording,knock_twice_right,15,-0.672887,7.347641,6.372290,-0.010109,-0.006051,-0.008324
477668500.000,Miguel,recording,knock_twice_right,15,-0.680886,7.340064,6.362823,-0.012213,-0.003877,-0.004611
477668510.000,Miguel,recording,knock_twice_right,15,-0.681500,7.336700,6.318117,-0.014529,-0.002494,-0.000780
477668520.000,Miguel,recording,knock_twice_right,15,-0.658490,7.356604,6.291430,-0.018339,-0.001616,0.002471
477668530.000,Miguel,recording,knock_twice_right,15,-0.630777,7.368051,6.298134,-0.021511,-0.000430,0.003835
477668540.000,Miguel,recording,knock_twice_right,15,-0.626141,7.375859,6.325912,-0.023026,0.000717,0.003560
477668550.000,Miguel,recording,knock_twice_right,15,-0.604083,7.379281,6.372828,-0.020820,0.001053,0.001468
477668560.000,Miguel,recording,knock_twice_right,15,-0.602204,7.385565,6.388043,-0.014656,0.000628,-0.002083
477668570.000,Miguel,recording,knock_twice_right,15,-0.629021,7.379646,6.400583,-0.009039,-0.000939,-0.004581
477668580.000,Miguel,recording,knock_twice_right,15,-0.668019,7.381690,6.402245,-0.006016,-0.002651,-0.004949
477668590.000,Miguel,recording,knock_twice_right,15,-0.685884,7.387950,6.410208,-0.004727,-0.004543,-0.002867
477668600.000,Miguel,recording,knock_twice_right,15,-0.678545,7.396957,6.434702,-0.003700,-0.007857,0.000491
477668610.000,Miguel,recording,knock_twice_right,15,-0.659105,7.390911,6.475295,-0.001109,-0.008464,0.003878
477668620.000,Miguel,recording,knock_twice_right,15,-0.647950,7.385064,6.522497,0.003743,-0.009441,0.006632
477668630.000,Miguel,recording,knock_twice_right,15,-0.647272,7.382981,6.501898,0.010848,-0.012125,0.008242
477668640.000,Miguel,recording,knock_twice_right,15,-0.634983,7.375913,6.466210,0.017318,-0.010858,0.008968
477668650.000,Miguel,recording,knock_twice_right,15,-0.613514,7.365922,6.442597,0.022600,-0.006363,0.007713
477668660.000,Miguel,recording,knock_twice_right,15,-0.603899,7.356418,6.420722,0.025731,-0.002234,0.005313
477668670.000,Miguel,recording,knock_twice_right,15,-0.625758,7.357519,6.357004,0.024032,-0.000209,0.003727
477668680.000,Miguel,recording,knock_twice_right,15,-0.649479,7.372544,6.314055,0.019822,0.000882,0.003019
477668690.000,Miguel,recording,knock_twice_right,15,-0.672077,7.374035,6.320509,0.015139,0.000610,0.003241
477668700.000,Miguel,recording,knock_twice_right,15,-0.689559,7.363444,6.322457,0.010909,-0.003256,0.004991
477668710.000,Miguel,recording,knock_twice_right,15,-0.665660,7.371297,6.312590,0.007230,-0.008222,0.007604
477668720.000,Miguel,recording,knock_twice_right,15,-0.646942,7.388080,6.310166,0.004873,-0.010583,0.009280
477668730.000,Miguel,recording,knock_twice_right,15,-0.643619,7.391346,6.307020,0.003534,-0.010710,0.010782
477668740.000,Miguel,recording,knock_twice_right,15,-0.613862,7.367241,6.313683,0.001400,-0.007512,0.012854
477668750.000,Miguel,recording,knock_twice_right,15,-0.577042,7.367807,6.325107,0.000179,-0.002161,0.012455
477668760.000,Miguel,recording,knock_twice_right,15,-0.564735,7.375403,6.340342,0.000951,0.000519,0.009118
477668770.000,Miguel,recording,knock_twice_right,15,-0.569485,7.368389,6.333345,0.001567,0.001543,0.004292
477668780.000,Miguel,recording,knock_twice_right,15,-0.584204,7.371379,6.324731,0.000792,0.003510,-0.000624
477668790.000,Miguel,recording,knock_twice_right,15,-0.617395,7.369941,6.328520,-0.002828,0.003118,-0.002899
477668800.000,Miguel,recording,knock_twice_right,15,-0.655285,7.374786,6.335765,-0.007829,0.001839,-0.002232
477668810.000,Miguel,recording,knock_twice_right,15,-0.673519,7.361411,6.339535,-0.013084,0.001390,-0.000332
477668820.000,Miguel,recording,knock_twice_right,15,-0.680751,7.358491,6.348634,-0.018639,0.001017,0.002281
477668830.000,Miguel,recording,knock_twice_right,15,-0.679507,7.372595,6.371406,-0.022314,0.001312,0.006526
477668840.000,Miguel,recording,knock_twice_right,15,-0.661876,7.370835,6.390464,-0.022959,0.002064,0.011202
477668850.000,Miguel,recording,knock_twice_right,15,-0.614386,7.365612,6.423993,-0.020683,0.004034,0.012362
477668860.000,Miguel,recording,knock_twice_right,15,-0.580857,7.372938,6.458825,-0.015885,0.004678,0.010226
477668870.000,Miguel,recording,knock_twice_right,15,-0.552731,7.406119,6.510191,-0.007267,0.005326,0.006257
477668880.000,Miguel,recording,knock_twice_right,15,-0.497912,7.407727,6.517550,0.005033,0.009566,-0.002871
477668890.000,Miguel,recording,knock_twice_right,15,-0.467659,7.393786,6.499606,0.017916,0.019366,-0.016140
477668900.000,Miguel,recording,knock_twice_right,15,-0.456214,7.390587,6.453768,0.029444,0.033479,-0.031068
477668910.000,Miguel,recording,knock_twice_right,15,-0.492543,7.384095,6.381894,0.035769,0.045010,-0.045834
477668920.000,Miguel,recording,knock_twice_right,15,-0.600616,7.407425,6.321172,0.032310,0.049560,-0.053442
477668930.000,Miguel,recording,knock_twice_right,15,-0.713729,7.376938,6.287442,0.024352,0.051435,-0.050116
477668940.000,Miguel,recording,knock_twice_right,15,-0.748197,7.335460,6.292633,0.017876,0.052257,-0.040876
477668950.000,Miguel,recording,knock_twice_right,15,-0.745183,7.319747,6.343345,0.014512,0.049254,-0.029734
477668960.000,Miguel,recording,knock_twice_right,15,-0.735109,7.347153,6.421635,0.017192,0.045216,-0.018455
477668970.000,Miguel,recording,knock_twice_right,15,-0.701419,7.370687,6.492147,0.027948,0.045149,-0.011598
477668980.000,Miguel,recording,knock_twice_right,15,-0.682849,7.342340,6.482543,0.043577,0.053302,-0.011401
477668990.000,Miguel,recording,knock_twice_right,15,-0.767089,7.308818,6.433052,0.056175,0.056583,-0.011961
477669000.000,Miguel,recording,knock_twice_right,15,-0.856865,7.392228,6.461029,0.065576,0.049291,-0.005768
477669010.000,Miguel,recording,knock_twice_right,15,-0.800220,7.431449,6.472907,0.079411,0.053179,0.005141
477669020.000,Miguel,recording,knock_twice_right,15,-0.713838,7.328623,6.304254,0.091532,0.060349,0.014000
477669030.000,Miguel,recording,knock_twice_right,15,-0.836148,7.304906,6.174457,0.091812,0.046635,0.025698
477669040.000,Miguel,recording,knock_twice_right,15,-1.883763,7.233608,6.064622,0.075230,0.036791,0.067596
477669050.000,Miguel,recording,knock_twice_right,15,-2.498833,7.412288,6.015696,0.053139,0.029902,0.158758
477669060.000,Miguel,recording,knock_twice_right,15,-0.997663,7.950068,6.135858,0.033220,0.005660,0.244126
477669070.000,Miguel,recording,knock_twice_right,15,0.276324,7.743194,6.116276,0.007046,-0.033872,0.258227
477669080.000,Miguel,recording,knock_twice_right,15,0.900766,7.385990,6.241424,-0.018078,-0.054649,0.209224
477669090.000,Miguel,recording,knock_twice_right,15,0.873846,7.499269,6.442677,-0.030789,-0.029505,0.124548
477669100.000,Miguel,recording,knock_twice_right,15,0.494452,7.590519,6.666997,-0.029802,0.010462,0.026681
477669110.000,Miguel,recording,knock_twice_right,15,0.016147,7.539265,6.698606,-0.018741,0.035130,-0.063124
477669120.000,Miguel,recording,knock_twice_right,15,-0.329578,7.422141,6.779506,0.001988,0.043370,-0.131821
477669130.000,Miguel,recording,knock_twice_right,15,-0.789323,7.288396,6.687695,0.031636,0.045616,-0.169514
477669140.000,Miguel,recording,knock_twice_right,15,-1.162214,7.058242,6.487290,0.068365,0.037952,-0.180204
477669150.000,Miguel,recording,knock_twice_right,15,-1.356888,7.030889,6.151472,0.101559,0.032888,-0.162527
477669160.000,Miguel,recording,knock_twice_right,15,-1.494966,7.315018,5.683261,0.106247,0.020811,-0.113019
477669170.000,Miguel,recording,knock_twice_right,15,-1.482576,7.394836,5.486650,0.069907,-0.023109,-0.045739
477669180.000,Miguel,recording,knock_twice_right,15,-1.344959,7.446065,5.649448,0.010552,-0.069695,0.021015
477669190.000,Miguel,recording,knock_twice_right,15,-0.937984,7.363520,6.074847,-0.035326,-0.076363,0.064440
477669200.000,Miguel,recording,knock_twice_right,15,-0.455193,7.187309,6.405620,-0.043205,-0.048228,0.069858
477669210.000,Miguel,recording,knock_twice_right,15,-0.162684,7.274926,6.565652,-0.022687,-0.012371,0.048482
477669220.000,Miguel,recording,knock_twice_right,15,-0.365880,7.433223,6.515337,0.000890,0.032075,0.024602
477669230.000,Miguel,recording,knock_twice_right,15,-1.213349,7.402271,6.252155,0.009563,0.063759,0.037888
477669240.000,Miguel,recording,knock_twice_right,15,-1.572466,7.628273,6.132167,0.003603,0.057120,0.101749
477669250.000,Miguel,recording,knock_twice_right,15,-0.856244,7.774176,6.138254,-0.011082,0.017686,0.167558
477669260.000,Miguel,recording,knock_twice_right,15,-0.079734,7.560911,6.120455,-0.033279,-0.032102,0.188891
477669270.000,Miguel,recording,knock_twice_right,15,0.386275,7.504442,6.239839,-0.056535,-0.060999,0.161485
477669280.000,Miguel,recording,knock_twice_right,15,0.341650,7.515820,6.407125,-0.072132,-0.061546,0.104677
477669290.000,Miguel,recording,knock_twice_right,15,0.139794,7.512957,6.522688,-0.076478,-0.041598,0.036115
477669300.000,Miguel,recording,knock_twice_right,15,-0.176857,7.465579,6.581552,-0.070933,-0.013037,-0.031252
477669310.000,Miguel,recording,knock_twice_right,15,-0.511292,7.358481,6.560451,-0.057899,0.009534,-0.082758
477669320.000,Miguel,recording,knock_twice_right,15,-0.814970,7.346543,6.513477,-0.038655,0.015994,-0.107348
477669330.000,Miguel,recording,knock_twice_right,15,-1.017122,7.238244,6.411695,-0.017080,0.009156,-0.113971
477669340.000,Miguel,recording,knock_twice_right,15,-1.172140,7.184844,6.244150,0.001151,-0.005055,-0.099464
477669350.000,Miguel,recording,knock_twice_right,15,-1.344593,7.420404,6.060207,0.007607,-0.023795,-0.056666
477669360.000,Miguel,recording,knock_twice_right,15,-1.212834,7.410983,5.944577,-0.003440,-0.044430,-0.005740
477669370.000,Miguel,recording,knock_twice_right,15,-0.926291,7.299290,5.928365,-0.028148,-0.061403,0.031728
477669380.000,Miguel,recording,knock_twice_right,15,-0.623415,7.298885,6.034290,-0.057302,-0.063565,0.046636
477669390.000,Miguel,recording,knock_twice_right,15,-0.406245,7.365528,6.178997,-0.080847,-0.049176,0.043068
477669400.000,Miguel,recording,knock_twice_right,15,-0.339542,7.398337,6.360619,-0.092575,-0.029609,0.031083
477669410.000,Miguel,recording,knock_twice_right,15,-0.387924,7.432172,6.524068,-0.089973,-0.014097,0.021170
477669420.000,Miguel,recording,knock_twice_right,15,-0.458815,7.464970,6.602416,-0.075902,-0.004029,0.017459
477669430.000,Miguel,recording,knock_twice_right,15,-0.489507,7.464872,6.607256,-0.058848,-0.000394,0.018249
477669440.000,Miguel,recording,knock_twice_right,15,-0.495565,7.455772,6.553110,-0.045799,-0.004008,0.020835
477669450.000,Miguel,recording,knock_twice_right,15,-0.492216,7.426860,6.496905,-0.038776,-0.010192,0.021519
477669460.000,Miguel,recording,knock_twice_right,15,-0.512585,7.420896,6.504373,-0.032912,-0.012504,0.019056
477669470.000,Miguel,recording,knock_twice_right,15,-0.543502,7.397544,6.561455,-0.021923,-0.009877,0.014650
477669480.000,Miguel,recording,knock_twice_right,15,-0.588608,7.340011,6.555189,-0.007160,-0.006234,0.009114
477669490.000,Miguel,recording,knock_twice_right,15,-0.626400,7.333260,6.478322,0.006439,-0.003321,0.004625
477669500.000,Miguel,recording,knock_twice_right,15,-0.647479,7.356373,6.404323,0.016099,-0.002157,0.004237
477669510.000,Miguel,recording,knock_twice_right,15,-0.643850,7.366169,6.341630,0.020163,-0.005074,0.007310
477669520.000,Miguel,recording,knock_twice_right,15,-0.647967,7.358920,6.287635,0.017594,-0.011654,0.011784
477669530.000,Miguel,recording,knock_twice_right,15,-0.618988,7.361817,6.250952,0.009694,-0.018980,0.016245
477669540.000,Miguel,recording,knock_twice_right,15,-0.561625,7.381514,6.265495,-0.000514,-0.023559,0.018787
477669550.000,Miguel,recording,knock_twice_right,15,-0.502963,7.367688,6.305613,-0.009562,-0.024068,0.017321
477669560.000,Miguel,recording,knock_twice_right,15,-0.456793,7.324638,6.333690,-0.014325,-0.021091,0.012536
477669570.000,Miguel,recording,knock_twice_right,15,-0.454268,7.305301,6.340320,-0.015286,-0.015892,0.006426
477669580.000,Miguel,recording,knock_twice_right,15,-0.463501,7.337960,6.349521,-0.015199,-0.011218,0.000370
477669590.000,Miguel,recording,knock_twice_right,15,-0.472998,7.330826,6.416759,-0.014840,-0.007872,-0.004044
477669600.000,Miguel,recording,knock_twice_right,15,-0.485679,7.303617,6.466350,-0.011302,-0.001915,-0.008434
477669610.000,Miguel,recording,knock_twice_right,15,-0.519604,7.280197,6.474916,-0.002926,0.007411,-0.012547
477669620.000,Miguel,recording,knock_twice_right,15,-0.547230,7.280017,6.465545,0.005727,0.015131,-0.015926
477669630.000,Miguel,recording,knock_twice_right,15,-0.564153,7.298738,6.395014,0.010904,0.017058,-0.018615
477669640.000,Miguel,recording,knock_twice_right,15,-0.580879,7.310647,6.333963,0.011913,0.013841,-0.019946
477669650.000,Miguel,recording,knock_twice_right,15,-0.599377,7.342119,6.275490,0.008690,0.007848,-0.019729
477669660.000,Miguel,recording,knock_twice_right,15,-0.574908,7.355339,6.211671,0.002760,0.002987,-0.018428
477669670.000,Miguel,recording,knock_twice_right,15,-0.531168,7.367073,6.174086,-0.006166,0.000912,-0.018435
477669680.000,Miguel,recording,knock_twice_right,15,-0.517642,7.387217,6.195131,-0.018291,-0.001913,-0.019381
477669690.000,Miguel,recording,knock_twice_right,15,-0.523564,7.402735,6.268486,-0.029239,-0.002766,-0.020207
477669700.000,Miguel,recording,knock_twice_right,15,-0.520139,7.372058,6.344794,-0.033932,0.001162,-0.021884
477669710.000,Miguel,recording,knock_twice_right,15,-0.529521,7.343607,6.424562,-0.032329,0.005498,-0.025174
477669720.000,Miguel,recording,knock_twice_right,15,-0.573666,7.359575,6.482845,-0.027317,0.007419,-0.026274
477669730.000,Miguel,recording,knock_twice_right,15,-0.633846,7.395033,6.513312,-0.020592,0.006345,-0.023973
477669740.000,Miguel,recording,knock_twice_right,15,-0.679164,7.400075,6.523617,-0.014928,0.002419,-0.019873
477669750.000,Miguel,recording,knock_twice_right,15,-0.670740,7.403201,6.537114,-0.010350,-0.000896,-0.014289
477669760.000,Miguel,recording,knock_twice_right,15,-0.601465,7.399063,6.532509,-0.004731,-0.000955,-0.010739
477669770.000,Miguel,recording,knock_twice_right,15,-0.579615,7.399918,6.501567,0.000615,0.000653,-0.011226
477669780.000,Miguel,recording,knock_twice_right,15,-0.608284,7.397875,6.465563,0.003320,0.001350,-0.012404
477669790.000,Miguel,recording,knock_twice_right,15,-0.626862,7.385276,6.435314,0.004172,0.001829,-0.012747
477669800.000,Miguel,recording,knock_twice_right,15,-0.619547,7.389278,6.412116,0.004716,0.002857,-0.013599
477669810.000,Miguel,recording,knock_twice_right,15,-0.614799,7.374678,6.386986,0.006024,0.002674,-0.014115
477669820.000,Miguel,recording,knock_twice_right,15,-0.631643,7.361391,6.360346,0.006783,-0.000895,-0.013309
477669830.000,Miguel,recording,knock_twice_right,15,-0.638360,7.358331,6.321763,0.005048,-0.006463,-0.010950
477669840.000,Miguel,recording,knock_twice_right,15,-0.615739,7.361355,6.333023,0.002836,-0.010780,-0.008538
477669850.000,Miguel,recording,knock_twice_right,16,-0.581705,7.359126,6.376512,0.004016,-0.012825,-0.006551
477669860.000,Miguel,recording,knock_twice_right,16,-0.564455,7.340615,6.370049,0.008100,-0.010314,-0.004549
477669870.000,Miguel,recording,knock_twice_right,16,-0.546959,7.350130,6.342671,0.010984,-0.004942,-0.004526
477669880.000,Miguel,recording,knock_twice_right,16,-0.522201,7.358234,6.307261,0.010484,0.000629,-0.007830
477669890.000,Miguel,recording,knock_twice_right,16,-0.526996,7.358641,6.281870,0.007551,0.005789,-0.012956
477669900.000,Miguel,recording,knock_twice_right,16,-0.547925,7.347046,6.296199,0.004544,0.007660,-0.017810
477669910.000,Miguel,recording,knock_twice_right,16,-0.581816,7.339033,6.302075,0.002520,0.005927,-0.021276
477669920.000,Miguel,recording,knock_twice_right,16,-0.635539,7.352784,6.305211,-0.000473,0.003152,-0.022678
477669930.000,Miguel,recording,knock_twice_right,16,-0.692505,7.365447,6.301376,-0.007031,0.000645,-0.020621
477669940.000,Miguel,recording,knock_twice_right,16,-0.711841,7.359309,6.309293,-0.015451,-0.002136,-0.014825
477669950.000,Miguel,recording,knock_twice_right,16,-0.687668,7.357542,6.341938,-0.022762,-0.004133,-0.007608
477669960.000,Miguel,recording,knock_twice_right,16,-0.633824,7.369791,6.372974,-0.026638,-0.005064,-0.002000
477669970.000,Miguel,recording,knock_twice_right,16,-0.591454,7.384229,6.419389,-0.027256,-0.005457,0.000688
477669980.000,Miguel,recording,knock_twice_right,16,-0.567480,7.377033,6.461866,-0.025473,-0.003812,-0.000763
477669990.000,Miguel,recording,knock_twice_right,16,-0.552686,7.346821,6.469007,-0.020733,-0.001448,-0.006312
477670000.000,Miguel,recording,knock_twice_right,16,-0.563978,7.366706,6.495375,-0.015154,-0.002244,-0.012399
477670010.000,Miguel,recording,knock_twice_right,16,-0.576433,7.370542,6.499941,-0.009673,-0.004064,-0.017061
477670020.000,Miguel,recording,knock_twice_right,16,-0.582299,7.351227,6.515241,-0.003518,-0.002215,-0.020342
477670030.000,Miguel,recording,knock_twice_right,16,-0.595873,7.346880,6.536636,0.004618,0.000192,-0.021406
477670040.000,Miguel,recording,knock_twice_right,16,-0.625785,7.353815,6.524015,0.014447,0.000387,-0.019149
477670050.000,Miguel,recording,knock_twice_right,16,-0.653761,7.340568,6.456219,0.021220,-0.000265,-0.013792
477670060.000,Miguel,recording,knock_twice_right,16,-0.653772,7.341470,6.361636,0.020750,-0.002701,-0.007904
477670070.000,Miguel,recording,knock_twice_right,16,-0.617688,7.347458,6.302044,0.013827,-0.004691,-0.004095
477670080.000,Miguel,recording,knock_twice_right,16,-0.580815,7.346866,6.294070,0.005025,-0.004075,-0.003644
477670090.000,Miguel,recording,knock_twice_right,16,-0.585661,7.336948,6.332524,-0.002427,-0.003729,-0.005046
477670100.000,Miguel,recording,knock_twice_right,16,-0.591064,7.337907,6.347779,-0.005598,-0.003899,-0.006423
477670110.000,Miguel,recording,knock_twice_right,16,-0.590927,7.328014,6.370166,-0.004460,-0.004030,-0.008115
477670120.000,Miguel,recording,knock_twice_right,16,-0.602354,7.341161,6.384207,-0.002185,-0.004589,-0.009299
477670130.000,Miguel,recording,knock_twice_right,16,-0.601816,7.357372,6.378639,-0.000709,-0.004940,-0.009338
477670140.000,Miguel,recording,knock_twice_right,16,-0.609878,7.349731,6.360763,-0.000060,-0.003799,-0.009487
477670150.000,Miguel,recording,knock_twice_right,16,-0.619810,7.347062,6.341767,0.000459,-0.001502,-0.009600
477670160.000,Miguel,recording,knock_twice_right,16,-0.608453,7.364188,6.343205,-0.001300,0.001566,-0.010170
477670170.000,Miguel,recording,knock_twice_right,16,-0.598819,7.359931,6.331470,-0.005064,0.003499,-0.012569
477670180.000,Miguel,recording,knock_twice_right,16,-0.601880,7.341086,6.335034,-0.008725,0.003819,-0.015049
477670190.000,Miguel,recording,knock_twice_right,16,-0.662640,7.351270,6.367165,-0.012116,0.002303,-0.014746
477670200.000,Miguel,recording,knock_twice_right,16,-0.686186,7.377531,6.402397,-0.014615,-0.001992,-0.012217
477670210.000,Miguel,recording,knock_twice_right,16,-0.664646,7.368440,6.428420,-0.014264,-0.005027,-0.010200
477670220.000,Miguel,recording,knock_twice_right,16,-0.652596,7.348010,6.425161,-0.010692,-0.004834,-0.009009
477670230.000,Miguel,recording,knock_twice_right,16,-0.633036,7.354825,6.422037,-0.008267,-0.003897,-0.007948
477670240.000,Miguel,recording,knock_twice_right,16,-0.615025,7.368616,6.416266,-0.007222,-0.003391,-0.007920
477670250.000,Miguel,recording,knock_twice_right,16,-0.622906,7.356717,6.423192,-0.005266,-0.002166,-0.009307
477670260.000,Miguel,recording,knock_twice_right,16,-0.612621,7.356674,6.437072,-0.001544,-0.000398,-0.009645
477670270.000,Miguel,recording,knock_twice_right,16,-0.605753,7.361915,6.450735,0.002608,-0.000734,-0.009921
477670280.000,Miguel,recording,knock_twice_right,16,-0.629183,7.363375,6.425599,0.003741,-0.003985,-0.011133
477670290.000,Miguel,recording,knock_twice_right,16,-0.629950,7.348418,6.397625,0.003453,-0.007492,-0.011340
477670300.000,Miguel,recording,knock_twice_right,16,-0.630302,7.354322,6.375210,0.003979,-0.010050,-0.010788
477670310.000,Miguel,recording,knock_twice_right,16,-0.618074,7.367409,6.368598,0.003863,-0.011015,-0.009429
477670320.000,Miguel,recording,knock_twice_right,16,-0.598373,7.352711,6.358267,0.002414,-0.008778,-0.009146
477670330.000,Miguel,recording,knock_twice_right,16,-0.593698,7.325931,6.352248,0.002038,-0.005739,-0.011715
477670340.000,Miguel,recording,knock_twice_right,16,-0.613467,7.323538,6.350627,0.000733,-0.004144,-0.013866
477670350.000,Miguel,recording,knock_twice_right,16,-0.632298,7.327621,6.360957,-0.002914,-0.004264,-0.013571
477670360.000,Miguel,recording,knock_twice_right,16,-0.607404,7.328397,6.387544,-0.005557,-0.004488,-0.012911
477670370.000,Miguel,recording,knock_twice_right,16,-0.591692,7.327799,6.410170,-0.006242,-0.002788,-0.013347
477670380.000,Miguel,recording,knock_twice_right,16,-0.627656,7.327181,6.448045,-0.004342,-0.002703,-0.013957
477670390.000,Miguel,recording,knock_twice_right,16,-0.665600,7.337543,6.445372,-0.000556,-0.004450,-0.013244
477670400.000,Miguel,recording,knock_twice_right,16,-0.662507,7.358153,6.439562,0.003120,-0.004749,-0.011692
477670410.000,Miguel,recording,knock_twice_right,16,-0.658539,7.366638,6.407864,0.003688,-0.004687,-0.010045
477670420.000,Miguel,recording,knock_twice_right,16,-0.634377,7.363677,6.381773,0.001834,-0.006466,-0.007922
477670430.000,Miguel,recording,knock_twice_right,16,-0.622449,7.370162,6.375910,-0.000091,-0.008112,-0.005986
477670440.000,Miguel,recording,knock_twice_right,16,-0.620647,7.366498,6.378345,-0.001828,-0.006067,-0.005283
477670450.000,Miguel,recording,knock_twice_right,16,-0.622142,7.367512,6.391017,-0.003481,-0.002793,-0.005826
477670460.000,Miguel,recording,knock_twice_right,16,-0.624596,7.362237,6.413411,-0.004071,0.000987,-0.006991
477670470.000,Miguel,recording,knock_twice_right,16,-0.605149,7.345771,6.427239,-0.001950,0.006338,-0.008929
477670480.000,Miguel,recording,knock_twice_right,16,-0.596297,7.333244,6.433961,0.002257,0.008252,-0.012060
477670490.000,Miguel,recording,knock_twice_right,16,-0.636576,7.343962,6.401488,0.006415,0.005977,-0.014832
477670500.000,Miguel,recording,knock_twice_right,16,-0.697681,7.350384,6.363281,0.009814,0.002089,-0.015182
477670510.000,Miguel,recording,knock_twice_right,16,-0.735088,7.358311,6.324246,0.011229,-0.002833,-0.011487
477670520.000,Miguel,recording,knock_twice_right,16,-0.719364,7.367838,6.286744,0.007638,-0.008571,-0.004272
477670530.000,Miguel,recording,knock_twice_right,16,-0.631912,7.372756,6.269071,-0.000397,-0.013147,0.001051
477670540.000,Miguel,recording,knock_twice_right,16,-0.573686,7.358318,6.271109,-0.009851,-0.015620,0.000688
477670550.000,Miguel,recording,knock_twice_right,16,-0.565485,7.355842,6.292152,-0.018924,-0.016942,-0.002921
477670560.000,Miguel,recording,knock_twice_right,16,-0.580061,7.347598,6.343922,-0.027410,-0.016007,-0.007346
477670570.000,Miguel,recording,knock_twice_right,16,-0.606781,7.327922,6.407498,-0.032521,-0.013983,-0.011224
477670580.000,Miguel,recording,knock_twice_right,16,-0.607766,7.310379,6.447318,-0.032725,-0.011577,-0.014178
477670590.000,Miguel,recording,knock_twice_right,16,-0.621070,7.277595,6.488419,-0.027971,-0.007995,-0.016385
477670600.000,Miguel,recording,knock_twice_right,16,-0.662910,7.277790,6.530710,-0.018864,-0.003956,-0.016432
477670610.000,Miguel,recording,knock_twice_right,16,-0.673931,7.290259,6.508369,-0.009124,-0.000568,-0.014167
477670620.000,Miguel,recording,knock_twice_right,16,-0.671793,7.295415,6.428315,-0.001535,0.002392,-0.011494
477670630.000,Miguel,recording,knock_twice_right,16,-0.661715,7.308104,6.336253,0.002133,0.006453,-0.009590
477670640.000,Miguel,recording,knock_twice_right,16,-0.625564,7.332449,6.279529,-0.000210,0.008949,-0.009466
477670650.000,Miguel,recording,knock_twice_right,16,-0.606010,7.341794,6.259419,-0.009234,0.007208,-0.011400
477670660.000,Miguel,recording,knock_twice_right,16,-0.607633,7.346028,6.277363,-0.020991,0.004306,-0.013622
477670670.000,Miguel,recording,knock_twice_right,16,-0.628679,7.359787,6.355100,-0.028784,0.001495,-0.015537
477670680.000,Miguel,recording,knock_twice_right,16,-0.645635,7.362155,6.417544,-0.030764,-0.000968,-0.016493
477670690.000,Miguel,recording,knock_twice_right,16,-0.670982,7.358940,6.442217,-0.030956,-0.003231,-0.016619
477670700.000,Miguel,recording,knock_twice_right,16,-0.694978,7.357913,6.466354,-0.030465,-0.005664,-0.015579
477670710.000,Miguel,recording,knock_twice_right,16,-0.723288,7.355670,6.514843,-0.026561,-0.007986,-0.012871
477670720.000,Miguel,recording,knock_twice_right,16,-0.687666,7.357355,6.532920,-0.020296,-0.008909,-0.009763
477670730.000,Miguel,recording,knock_twice_right,16,-0.613065,7.355034,6.523728,-0.014544,-0.006397,-0.008400
477670740.000,Miguel,recording,knock_twice_right,16,-0.599788,7.345522,6.517560,-0.010130,-0.003182,-0.009441
477670750.000,Miguel,recording,knock_twice_right,16,-0.653100,7.321984,6.537854,-0.006445,-0.001277,-0.010474
477670760.000,Miguel,recording,knock_twice_right,16,-0.671123,7.327252,6.558614,-0.001248,0.000059,-0.009411
477670770.000,Miguel,recording,knock_twice_right,16,-0.637613,7.319060,6.529156,0.006236,0.000992,-0.008376
477670780.000,Miguel,recording,knock_twice_right,16,-0.610600,7.313099,6.476990,0.012910,-0.000097,-0.009168
477670790.000,Miguel,recording,knock_twice_right,16,-0.621469,7.330052,6.434947,0.016984,-0.003465,-0.009532
477670800.000,Miguel,recording,knock_twice_right,16,-0.643922,7.349893,6.379898,0.017801,-0.005179,-0.010146
477670810.000,Miguel,recording,knock_twice_right,16,-0.669265,7.346777,6.360270,0.015069,-0.004275,-0.010252
477670820.000,Miguel,recording,knock_twice_right,16,-0.701477,7.345380,6.347718,0.011765,-0.003035,-0.006639
477670830.000,Miguel,recording,knock_twice_right,16,-0.715536,7.361005,6.331067,0.008273,-0.001647,-0.000251
477670840.000,Miguel,recording,knock_twice_right,16,-0.669046,7.369409,6.315359,0.003621,0.000878,0.005345
477670850.000,Miguel,recording,knock_twice_right,16,-0.631399,7.357117,6.354608,-0.000446,0.002589,0.006818
477670860.000,Miguel,recording,knock_twice_right,16,-0.621478,7.332617,6.389393,-0.001439,0.001031,0.005325
477670870.000,Miguel,recording,knock_twice_right,16,-0.637096,7.339030,6.413097,0.001211,-0.000127,0.002501
477670880.000,Miguel,recording,knock_twice_right,16,-0.649262,7.316111,6.419705,0.003962,-0.000084,-0.001612
477670890.000,Miguel,recording,knock_twice_right,16,-0.641547,7.312112,6.381112,0.003769,-0.002264,-0.006699
477670900.000,Miguel,recording,knock_twice_right,16,-0.664368,7.325241,6.358332,-0.000490,-0.005472,-0.009411
477670910.000,Miguel,recording,knock_twice_right,16,-0.699463,7.325110,6.366124,-0.006712,-0.006418,-0.007694
477670920.000,Miguel,recording,knock_twice_right,16,-0.702873,7.311332,6.377013,-0.012892,-0.005868,-0.003787
477670930.000,Miguel,recording,knock_twice_right,16,-0.675525,7.314246,6.384644,-0.020165,-0.005455,0.000945
477670940.000,Miguel,recording,knock_twice_right,16,-0.668844,7.331942,6.431891,-0.023801,-0.003491,0.004235
477670950.000,Miguel,recording,knock_twice_right,16,-0.678921,7.312971,6.503710,-0.021118,-0.001251,0.005492
477670960.000,Miguel,recording,knock_twice_right,16,-0.629213,7.319808,6.536889,-0.013699,0.000383,0.004406
477670970.000,Miguel,recording,knock_twice_right,16,-0.585020,7.327115,6.514946,-0.003789,0.002196,-0.000225
477670980.000,Miguel,recording,knock_twice_right,16,-0.599952,7.331604,6.466787,0.003584,0.001895,-0.006077
477670990.000,Miguel,recording,knock_twice_right,16,-0.653732,7.355327,6.428799,0.006027,-0.000824,-0.010186
477671000.000,Miguel,recording,knock_twice_right,16,-0.694654,7.353841,6.408625,0.004739,-0.002975,-0.010817
477671010.000,Miguel,recording,knock_twice_right,16,-0.672835,7.337536,6.389248,0.002706,-0.003703,-0.008731
477671020.000,Miguel,recording,knock_twice_right,16,-0.647847,7.324090,6.404907,0.001143,-0.005235,-0.005601
477671030.000,Miguel,recording,knock_twice_right,16,-0.656209,7.327869,6.441419,0.000376,-0.006916,-0.002380
477671040.000,Miguel,recording,knock_twice_right,16,-0.650055,7.320341,6.470093,0.001610,-0.005465,-0.000219
477671050.000,Miguel,recording,knock_twice_right,16,-0.602615,7.303388,6.460794,0.005029,-0.000774,0.000026
477671060.000,Miguel,recording,knock_twice_right,16,-0.579658,7.293449,6.403651,0.008553,0.004539,-0.002882
477671070.000,Miguel,recording,knock_twice_right,16,-0.609002,7.300191,6.350174,0.007523,0.007804,-0.005985
477671080.000,Miguel,recording,knock_twice_right,16,-0.666294,7.317438,6.314015,-0.000727,0.005912,-0.006006
477671090.000,Miguel,recording,knock_twice_right,16,-0.705962,7.322414,6.326703,-0.012156,0.001042,-0.004377
477671100.000,Miguel,recording,knock_twice_right,16,-0.714648,7.341627,6.377538,-0.020071,-0.000927,-0.003421
477671110.000,Miguel,recording,knock_twice_right,16,-0.695862,7.335061,6.426352,-0.022175,-0.000272,-0.003295
477671120.000,Miguel,recording,knock_twice_right,16,-0.672313,7.311831,6.468039,-0.020100,-0.000226,-0.004321
477671130.000,Miguel,recording,knock_twice_right,16,-0.679345,7.335387,6.497839,-0.015082,-0.002633,-0.006003
477671140.000,Miguel,recording,knock_twice_right,16,-0.695104,7.349818,6.515107,-0.008357,-0.006456,-0.005895
477671150.000,Miguel,recording,knock_twice_right,16,-0.681732,7.350239,6.533613,-0.000414,-0.006996,-0.005115
477671160.000,Miguel,recording,knock_twice_right,16,-0.629119,7.345819,6.525389,0.008213,-0.003783,-0.005184
477671170.000,Miguel,recording,knock_twice_right,16,-0.608601,7.349050,6.488252,0.013251,-0.000996,-0.006613
477671180.000,Miguel,recording,knock_twice_right,16,-0.616452,7.355445,6.434005,0.014132,0.000300,-0.008008
477671190.000,Miguel,recording,knock_twice_right,16,-0.641541,7.351140,6.420656,0.013672,0.000574,-0.007404
477671200.000,Miguel,recording,knock_twice_right,16,-0.656973,7.347747,6.416562,0.012085,0.000622,-0.006612
477671210.000,Miguel,recording,knock_twice_right,16,-0.650715,7.332153,6.397198,0.008580,0.000643,-0.006489
477671220.000,Miguel,recording,knock_twice_right,16,-0.650266,7.307854,6.396764,0.005029,0.000916,-0.006237
477671230.000,Miguel,recording,knock_twice_right,16,-0.675479,7.299528,6.429565,0.005275,0.001843,-0.004021
477671240.000,Miguel,recording,knock_twice_right,16,-0.702074,7.303892,6.474381,0.009441,0.001630,0.000166
477671250.000,Miguel,recording,knock_twice_right,16,-0.695898,7.297534,6.451898,0.014538,-0.000409,0.004065
477671260.000,Miguel,recording,knock_twice_right,16,-0.662623,7.294411,6.390866,0.017969,-0.003453,0.005489
477671270.000,Miguel,recording,knock_twice_right,16,-0.623662,7.323536,6.339153,0.018251,-0.005625,0.005428
477671280.000,Miguel,recording,knock_twice_right,16,-0.619427,7.340091,6.300023,0.013459,-0.005078,0.004779
477671290.000,Miguel,recording,knock_twice_right,16,-0.620261,7.338450,6.300902,0.005049,-0.003734,0.001832
477671300.000,Miguel,recording,knock_twice_right,16,-0.600277,7.321493,6.329396,-0.002154,-0.001727,-0.002263
477671310.000,Miguel,recording,knock_twice_right,16,-0.612364,7.317553,6.359331,-0.007737,0.001683,-0.005737
477671320.000,Miguel,recording,knock_twice_right,16,-0.672326,7.310522,6.394000,-0.011765,0.003850,-0.006680
477671330.000,Miguel,recording,knock_twice_right,16,-0.703383,7.284311,6.412154,-0.012675,0.004544,-0.004838
477671340.000,Miguel,recording,knock_twice_right,16,-0.685510,7.283340,6.407871,-0.011517,0.002964,-0.002837
477671350.000,Miguel,recording,knock_twice_right,16,-0.664489,7.294281,6.393603,-0.011013,-0.000384,-0.001328
477671360.000,Miguel,recording,knock_twice_right,16,-0.672904,7.311356,6.369985,-0.013175,-0.004074,-0.000099
477671370.000,Miguel,recording,knock_twice_right,16,-0.689715,7.324670,6.360918,-0.019731,-0.007789,0.000520
477671380.000,Miguel,recording,knock_twice_right,16,-0.692301,7.330476,6.389530,-0.026144,-0.009206,0.001023
477671390.000,Miguel,recording,knock_twice_right,16,-0.667988,7.328302,6.450559,-0.027283,-0.007868,0.001798
477671400.000,Miguel,recording,knock_twice_right,16,-0.649091,7.330627,6.516429,-0.023418,-0.005109,0.001983
477671410.000,Miguel,recording,knock_twice_right,16,-0.641386,7.323915,6.547518,-0.016087,-0.002539,0.000968
477671420.000,Miguel,recording,knock_twice_right,16,-0.635211,7.320439,6.559913,-0.006857,-0.000757,-0.000176
477671430.000,Miguel,recording,knock_twice_right,16,-0.623604,7.331959,6.542115,0.002942,0.000597,-0.001789
477671440.000,Miguel,recording,knock_twice_right,16,-0.640090,7.326274,6.480017,0.010887,0.001519,-0.003461
477671450.000,Miguel,recording,knock_twice_right,16,-0.678976,7.354871,6.430574,0.013735,0.001959,-0.003032
477671460.000,Miguel,recording,knock_twice_right,16,-0.681860,7.369010,6.396395,0.010816,0.000349,-0.000761
477671470.000,Miguel,recording,knock_twice_right,16,-0.649873,7.352854,6.378885,0.006166,-0.000972,0.001325
477671480.000,Miguel,recording,knock_twice_right,16,-0.634225,7.333148,6.363561,0.002659,-0.000051,0.001849
477671490.000,Miguel,recording,knock_twice_right,16,-0.641951,7.321714,6.357103,-0.000269,-0.000330,0.000394
477671500.000,Miguel,recording,knock_twice_right,16,-0.674953,7.329221,6.374595,-0.002535,-0.001703,-0.000019
477671510.000,Miguel,recording,knock_twice_right,16,-0.687397,7.318695,6.398191,-0.003883,-0.002245,0.001456
477671520.000,Miguel,recording,knock_twice_right,16,-0.670501,7.298445,6.405941,-0.002952,-0.001892,0.002153
477671530.000,Miguel,recording,knock_twice_right,16,-0.664826,7.281237,6.399843,-0.000942,-0.000861,0.002376
477671540.000,Miguel,recording,knock_twice_right,16,-0.664707,7.284399,6.404488,-0.000853,-0.000262,0.003246
477671550.000,Miguel,recording,knock_twice_right,16,-0.650015,7.289148,6.425136,-0.001819,-0.000799,0.003509
477671560.000,Miguel,recording,knock_twice_right,16,-0.647557,7.308334,6.444888,-0.001883,-0.002220,0.001765
477671570.000,Miguel,recording,knock_twice_right,16,-0.650961,7.325618,6.436256,-0.000757,-0.003024,-0.000115
477671580.000,Miguel,recording,knock_twice_right,16,-0.654685,7.340511,6.423203,-0.000577,-0.001821,-0.001306
477671590.000,Miguel,recording,knock_twice_right,16,-0.662831,7.348615,6.408274,-0.002680,0.000810,-0.002367
477671600.000,Miguel,recording,knock_twice_right,16,-0.647241,7.332789,6.405020,-0.005033,0.004098,-0.002921
477671610.000,Miguel,recording,knock_twice_right,16,-0.631144,7.316708,6.417202,-0.005974,0.005596,-0.003399
477671620.000,Miguel,recording,knock_twice_right,16,-0.623312,7.305837,6.421481,-0.006034,0.004346,-0.003150
477671630.000,Miguel,recording,knock_twice_right,16,-0.656602,7.334194,6.409881,-0.006263,0.001104,-0.001382
477671640.000,Miguel,recording,knock_twice_right,16,-0.673112,7.348901,6.403309,-0.006928,-0.004318,0.000708
477671650.000,Miguel,recording,knock_twice_right,16,-0.652481,7.352478,6.404111,-0.007310,-0.009669,0.002306
477671660.000,Miguel,recording,knock_twice_right,16,-0.613404,7.341806,6.399211,-0.008757,-0.010831,0.001788
477671670.000,Miguel,recording,knock_twice_right,16,-0.571950,7.303258,6.405071,-0.010921,-0.008389,-0.001518
477671680.000,Miguel,recording,knock_twice_right,16,-0.579925,7.313004,6.459268,-0.011316,-0.006286,-0.006095
477671690.000,Miguel,recording,knock_twice_right,16,-0.629025,7.315170,6.521809,-0.009762,-0.004032,-0.010332
477671700.000,Miguel,recording,knock_twice_right,16,-0.659703,7.269447,6.552571,-0.005958,-0.002048,-0.012477
477671710.000,Miguel,recording,knock_twice_right,16,-0.667036,7.257988,6.553169,0.001109,-0.001579,-0.013347
477671720.000,Miguel,recording,knock_twice_right,16,-0.668141,7.276852,6.521108,0.008695,0.000789,-0.013190
477671730.000,Miguel,recording,knock_twice_right,16,-0.685578,7.297646,6.458507,0.013129,0.004336,-0.010186
477671740.000,Miguel,recording,knock_twice_right,16,-0.705710,7.305501,6.402794,0.013766,0.006773,-0.005750
477671750.000,Miguel,recording,knock_twice_right,16,-0.666859,7.318478,6.339620,0.010133,0.009416,-0.002573
477671760.000,Miguel,recording,knock_twice_right,16,-0.613609,7.326352,6.281005,0.003212,0.010598,-0.003419
477671770.000,Miguel,recording,knock_twice_right,16,-0.595485,7.326002,6.270522,-0.004758,0.010240,-0.007639
477671780.000,Miguel,recording,knock_twice_right,16,-0.634667,7.318972,6.303397,-0.013066,0.009158,-0.011658
477671790.000,Miguel,recording,knock_twice_right,16,-0.676821,7.315130,6.338172,-0.019694,0.005969,-0.014163
477671800.000,Miguel,recording,knock_twice_right,16,-0.698031,7.314220,6.371073,-0.023952,0.002023,-0.014275
477671810.000,Miguel,recording,knock_twice_right,16,-0.695995,7.297494,6.419465,-0.025414,-0.000543,-0.012276
477671820.000,Miguel,recording,knock_twice_right,16,-0.682606,7.303311,6.468266,-0.023826,-0.003515,-0.010030
477671830.000,Miguel,recording,knock_twice_right,16,-0.676781,7.325959,6.499516,-0.021435,-0.006416,-0.008112
477671840.000,Miguel,recording,knock_twice_right,16,-0.672201,7.333469,6.516528,-0.018367,-0.004036,-0.006375
477671850.000,Miguel,recording,knock_twice_right,16,-0.650739,7.322049,6.547659,-0.014133,0.002424,-0.005503
477671860.000,Miguel,recording,knock_twice_right,16,-0.659166,7.315487,6.575177,-0.008231,0.007131,-0.006426
477671870.000,Miguel,recording,knock_twice_right,16,-0.689996,7.323138,6.578003,-0.000141,0.009283,-0.007349
477671880.000,Miguel,recording,knock_twice_right,16,-0.709908,7.324593,6.552421,0.007354,0.008634,-0.007533
477671890.000,Miguel,recording,knock_twice_right,16,-0.732319,7.325949,6.508677,0.012400,0.005190,-0.007298
477671900.000,Miguel,recording,knock_twice_right,16,-0.721157,7.320639,6.453493,0.014752,0.002619,-0.006107
477671910.000,Miguel,recording,knock_twice_right,16,-0.666229,7.316323,6.406113,0.014416,0.001205,-0.004881
477671920.000,Miguel,recording,knock_twice_right,16,-0.644586,7.331371,6.367884,0.012201,0.000069,-0.004774
477671930.000,Miguel,recording,knock_twice_right,16,-0.667131,7.330814,6.362572,0.009855,0.001010,-0.006390
477671940.000,Miguel,recording,knock_twice_right,16,-0.698321,7.324277,6.400649,0.009169,0.003546,-0.006627
477671950.000,Miguel,recording,knock_twice_right,16,-0.714086,7.330448,6.458752,0.011836,0.007048,-0.004241
477671960.000,Miguel,recording,knock_twice_right,16,-0.705019,7.324543,6.496423,0.018964,0.012019,-0.001713
477671970.000,Miguel,recording,knock_twice_right,16,-0.678361,7.314575,6.502396,0.030038,0.018866,-0.001470
477671980.000,Miguel,recording,knock_twice_right,16,-0.605662,7.298922,6.452004,0.041776,0.031057,-0.005465
477671990.000,Miguel,recording,knock_twice_right,16,-0.561465,7.258578,6.335922,0.046833,0.041822,-0.013611
477672000.000,Miguel,recording,knock_twice_right,16,-0.689978,7.260678,6.222961,0.040690,0.035018,-0.017202
477672010.000,Miguel,recording,knock_twice_right,16,-0.997928,7.289563,6.188986,0.026098,0.014851,-0.006870
477672020.000,Miguel,recording,knock_twice_right,16,-1.420548,7.280007,6.163801,0.007791,-0.004664,0.026663
477672030.000,Miguel,recording,knock_twice_right,16,-1.393376,7.401845,6.167794,-0.011965,-0.018294,0.077516
477672040.000,Miguel,recording,knock_twice_right,16,-0.782140,7.468503,6.214920,-0.031804,-0.030365,0.114576
477672050.000,Miguel,recording,knock_twice_right,16,-0.356904,7.323834,6.328137,-0.047198,-0.043250,0.123318
477672060.000,Miguel,recording,knock_twice_right,16,-0.066779,7.346853,6.550751,-0.050535,-0.047723,0.105928
477672070.000,Miguel,recording,knock_twice_right,16,0.086636,7.401813,6.736072,-0.041187,-0.038748,0.063176
477672080.000,Miguel,recording,knock_twice_right,16,0.015747,7.386611,6.824016,-0.024101,-0.020667,0.006500
477672090.000,Miguel,recording,knock_twice_right,16,-0.210069,7.342750,6.798776,-0.003590,0.005115,-0.048065
477672100.000,Miguel,recording,knock_twice_right,16,-0.362271,7.246708,6.580328,0.012427,0.045386,-0.100203
477672110.000,Miguel,recording,knock_twice_right,16,-0.641388,7.157504,6.299397,0.014478,0.066506,-0.137807
477672120.000,Miguel,recording,knock_twice_right,16,-1.264661,7.359426,6.277865,0.008108,0.042709,-0.125548
477672130.000,Miguel,recording,knock_twice_right,16,-1.595648,7.481719,6.363090,0.004158,0.010258,-0.068212
477672140.000,Miguel,recording,knock_twice_right,16,-1.300647,7.284545,6.352108,0.004359,-0.017511,-0.006484
477672150.000,Miguel,recording,knock_twice_right,16,-0.908006,7.202356,6.389123,0.006632,-0.038232,0.035238
477672160.000,Miguel,recording,knock_twice_right,16,-0.543172,7.225836,6.441557,0.009008,-0.032926,0.048027
477672170.000,Miguel,recording,knock_twice_right,16,-0.346222,7.253182,6.503807,0.012778,-0.010513,0.036010
477672180.000,Miguel,recording,knock_twice_right,16,-0.419159,7.275246,6.556919,0.020046,0.010635,0.017251
477672190.000,Miguel,recording,knock_twice_right,16,-0.575087,7.306433,6.564629,0.033675,0.034746,0.003413
477672200.000,Miguel,recording,knock_twice_right,16,-0.835612,7.244954,6.346453,0.041912,0.073099,-0.004117
477672210.000,Miguel,recording,knock_twice_right,16,-1.280589,7.258421,6.025901,0.029973,0.097365,0.012851
477672220.000,Miguel,recording,knock_twice_right,16,-1.401518,7.518095,5.933734,-0.001502,0.082973,0.061381
477672230.000,Miguel,recording,knock_twice_right,16,-1.029038,7.553078,6.014822,-0.042724,0.038811,0.111180
477672240.000,Miguel,recording,knock_twice_right,16,-0.633117,7.387093,6.213855,-0.077899,-0.016673,0.136923
477672250.000,Miguel,recording,knock_twice_right,16,-0.289097,7.330291,6.456775,-0.094719,-0.053093,0.132111
477672260.000,Miguel,recording,knock_twice_right,16,-0.044852,7.375567,6.671505,-0.089635,-0.057178,0.099906
477672270.000,Miguel,recording,knock_twice_right,16,-0.011919,7.385600,6.794251,-0.069697,-0.039835,0.050382
477672280.000,Miguel,recording,knock_twice_right,16,-0.177494,7.328965,6.854939,-0.040662,-0.019316,-0.001350
477672290.000,Miguel,recording,knock_twice_right,16,-0.379401,7.309884,6.844415,-0.006595,-0.004624,-0.043728
477672300.000,Miguel,recording,knock_twice_right,16,-0.499578,7.308455,6.812050,0.027099,0.002300,-0.073048
477672310.000,Miguel,recording,knock_twice_right,16,-0.662019,7.276920,6.711247,0.058265,0.003061,-0.086668
477672320.000,Miguel,recording,knock_twice_right,16,-0.913775,7.241715,6.551715,0.081063,0.000844,-0.083691
477672330.000,Miguel,recording,knock_twice_right,16,-1.003365,7.132237,6.321896,0.088856,-0.002050,-0.076677
477672340.000,Miguel,recording,knock_twice_right,16,-0.988570,7.141767,6.119784,0.079509,-0.005383,-0.063176
477672350.000,Miguel,recording,knock_twice_right,16,-1.107968,7.418175,5.964405,0.052715,-0.010749,-0.031826
477672360.000,Miguel,recording,knock_twice_right,16,-1.040321,7.435569,5.894460,0.013532,-0.016078,0.004824
477672370.000,Miguel,recording,knock_twice_right,16,-0.792566,7.279445,5.953189,-0.027846,-0.019792,0.030923
477672380.000,Miguel,recording,knock_twice_right,16,-0.569978,7.279503,6.138154,-0.062117,-0.022578,0.042097
477672390.000,Miguel,recording,knock_twice_right,16,-0.471026,7.364543,6.413185,-0.080814,-0.022917,0.042316
477672400.000,Miguel,recording,knock_twice_right,16,-0.467262,7.373049,6.670159,-0.078311,-0.019219,0.037609
477672410.000,Miguel,recording,knock_twice_right,16,-0.483848,7.339696,6.791874,-0.056645,-0.011493,0.029672
477672420.000,Miguel,recording,knock_twice_right,16,-0.499947,7.331354,6.745318,-0.028505,-0.004291,0.018329
477672430.000,Miguel,recording,knock_twice_right,16,-0.553989,7.346133,6.638694,-0.005096,-0.000716,0.008781
477672440.000,Miguel,recording,knock_twice_right,16,-0.610423,7.353158,6.553412,0.009957,0.000475,0.003625
477672450.000,Miguel,recording,knock_twice_right,16,-0.658862,7.332578,6.443542,0.015883,-0.000635,0.001663
477672460.000,Miguel,recording,knock_twice_right,16,-0.713858,7.302939,6.373803,0.014212,-0.006575,0.001950
477672470.000,Miguel,recording,knock_twice_right,16,-0.755449,7.301651,6.372558,0.010596,-0.015807,0.005115
477672480.000,Miguel,recording,knock_twice_right,16,-0.754667,7.314716,6.383017,0.007880,-0.020865,0.010142
477672490.000,Miguel,recording,knock_twice_right,16,-0.716962,7.291524,6.367141,0.004025,-0.021650,0.013662
477672500.000,Miguel,recording,knock_twice_right,16,-0.687350,7.282204,6.366458,-0.000686,-0.021418,0.016045
477672510.000,Miguel,recording,knock_twice_right,16,-0.660145,7.319553,6.406137,-0.005251,-0.018949,0.019241
477672520.000,Miguel,recording,knock_twice_right,16,-0.612755,7.327157,6.431509,-0.008093,-0.014336,0.019993
477672530.000,Miguel,recording,knock_twice_right,16,-0.573174,7.295920,6.428274,-0.009106,-0.009954,0.017747
477672540.000,Miguel,recording,knock_twice_right,16,-0.578675,7.322789,6.424352,-0.009204,-0.006210,0.016559
477672550.000,Miguel,recording,knock_twice_right,16,-0.585743,7.340997,6.417214,-0.010476,-0.004340,0.014333
477672560.000,Miguel,recording,knock_twice_right,16,-0.588296,7.330525,6.411506,-0.014872,-0.004351,0.010451
477672570.000,Miguel,recording,knock_twice_right,16,-0.597998,7.318922,6.452822,-0.017999,-0.002471,0.008278
477672580.000,Miguel,recording,knock_twice_right,16,-0.613007,7.307616,6.496884,-0.015803,0.001312,0.007405
477672590.000,Miguel,recording,knock_twice_right,16,-0.627996,7.292228,6.516434,-0.009719,0.003198,0.006781
477672600.000,Miguel,recording,knock_twice_right,16,-0.645708,7.290293,6.512678,-0.003155,0.000063,0.008016
477672610.000,Miguel,recording,knock_twice_right,16,-0.678854,7.307083,6.479917,0.001484,-0.006210,0.011690
477672620.000,Miguel,recording,knock_twice_right,16,-0.662099,7.337252,6.435603,0.004185,-0.008166,0.015897
477672630.000,Miguel,recording,knock_twice_right,16,-0.599690,7.322814,6.416320,0.004639,-0.004492,0.018332
477672640.000,Miguel,recording,knock_twice_right,16,-0.568821,7.299120,6.407132,0.002599,-0.003088,0.018355
477672650.000,Miguel,recording,knock_twice_right,16,-0.574556,7.316897,6.401804,-0.001263,-0.004798,0.016584
477672660.000,Miguel,recording,knock_twice_right,16,-0.587152,7.328838,6.413918,-0.005222,-0.008285,0.016282
477672670.000,Miguel,recording,knock_twice_right,16,-0.589394,7.330547,6.438895,-0.006477,-0.010493,0.017877
477672680.000,Miguel,recording,knock_twice_right,16,-0.541768,7.309892,6.459322,-0.003985,-0.007076,0.016833
477672690.000,Miguel,recording,knock_twice_right,16,-0.513903,7.286073,6.452398,-0.000036,-0.002125,0.012082
477672700.000,Miguel,recording,knock_twice_right,16,-0.556379,7.285911,6.425531,0.002621,-0.000051,0.007459
477672710.000,Miguel,recording,knock_twice_right,16,-0.622682,7.290704,6.390049,0.001251,-0.001097,0.006206
477672720.000,Miguel,recording,knock_twice_right,16,-0.684200,7.317290,6.383240,-0.003719,-0.003739,0.009516
477672730.000,Miguel,recording,knock_twice_right,16,-0.693124,7.327494,6.403732,-0.009464,-0.005483,0.015280
477672740.000,Miguel,recording,knock_twice_right,16,-0.598567,7.304722,6.401287,-0.014247,-0.004198,0.017687
477672750.000,Miguel,recording,knock_twice_right,16,-0.546487,7.279834,6.418521,-0.017369,-0.001398,0.015918
477672760.000,Miguel,recording,knock_twice_right,16,-0.620070,7.299789,6.471748,-0.017279,0.000128,0.014353
477672770.000,Miguel,recording,knock_twice_right,16,-0.689677,7.318518,6.501525,-0.013817,-0.000006,0.015465
477672780.000,Miguel,recording,knock_twice_right,16,-0.660677,7.324320,6.499320,-0.008356,-0.000740,0.017865
477672790.000,Miguel,recording,knock_twice_right,16,-0.571692,7.317062,6.481896,-0.002537,-0.000393,0.018159
477672800.000,Miguel,recording,knock_twice_right,16,-0.496371,7.292047,6.440661,0.001234,-0.000847,0.014198
477672810.000,Miguel,recording,knock_twice_right,16,-0.513928,7.295065,6.400632,0.001651,-0.004541,0.009651
477672820.000,Miguel,recording,knock_twice_right,16,-0.571430,7.326507,6.393493,-0.000510,-0.008609,0.008104
477672830.000,Miguel,recording,knock_twice_right,16,-0.590268,7.320024,6.414172,-0.004161,-0.009398,0.009176
477672840.000,Miguel,recording,knock_twice_right,16,-0.567166,7.297151,6.435142,-0.007215,-0.007619,0.011774
477672850.000,Miguel,recording,knock_twice_right,16,-0.523602,7.281523,6.433208,-0.008431,-0.004951,0.012986
477672860.000,Miguel,recording,knock_twice_right,16,-0.505600,7.271754,6.438969,-0.010149,-0.001963,0.011112
477672870.000,Miguel,recording,knock_twice_right,16,-0.547107,7.267188,6.473967,-0.011657,-0.000403,0.009553
477672880.000,Miguel,recording,knock_twice_right,17,-0.608225,7.262078,6.497522,-0.011622,-0.001566,0.009899
477672890.000,Miguel,recording,knock_twice_right,17,-0.584846,7.265984,6.476608,-0.010660,-0.002183,0.009496
477672900.000,Miguel,recording,knock_twice_right,17,-0.522101,7.273857,6.445020,-0.009319,-0.000590,0.007356
477672910.000,Miguel,recording,knock_twice_right,17,-0.536893,7.283783,6.424872,-0.009115,0.000458,0.003771
477672920.000,Miguel,recording,knock_twice_right,17,-0.595777,7.312710,6.400476,-0.010434,0.000639,0.000754
477672930.000,Miguel,recording,knock_twice_right,17,-0.636134,7.322547,6.416101,-0.011515,0.000646,0.001334
477672940.000,Miguel,recording,knock_twice_right,17,-0.614129,7.313658,6.451807,-0.009962,0.000660,0.003334
477672950.000,Miguel,recording,knock_twice_right,17,-0.574618,7.292837,6.459167,-0.005788,0.000919,0.003408
477672960.000,Miguel,recording,knock_twice_right,17,-0.540403,7.295621,6.435079,-0.002097,0.000566,0.002439
477672970.000,Miguel,recording,knock_twice_right,17,-0.536238,7.322346,6.414347,-0.001065,-0.000452,0.001609
477672980.000,Miguel,recording,knock_twice_right,17,-0.555067,7.337238,6.427147,-0.003902,-0.002580,0.001466
477672990.000,Miguel,recording,knock_twice_right,17,-0.580191,7.329212,6.450606,-0.008590,-0.003800,0.001991
477673000.000,Miguel,recording,knock_twice_right,17,-0.578841,7.315029,6.463653,-0.011911,-0.002503,0.002566
477673010.000,Miguel,recording,knock_twice_right,17,-0.576693,7.306055,6.482688,-0.014478,-0.002079,0.004913
477673020.000,Miguel,recording,knock_twice_right,17,-0.566053,7.312720,6.526100,-0.015749,-0.001761,0.007373
477673030.000,Miguel,recording,knock_twice_right,17,-0.536194,7.303287,6.572408,-0.012925,0.000465,0.006556
477673040.000,Miguel,recording,knock_twice_right,17,-0.530237,7.271028,6.569920,-0.007678,0.002096,0.003952
477673050.000,Miguel,recording,knock_twice_right,17,-0.566812,7.263785,6.561493,-0.001947,0.001788,0.002484
477673060.000,Miguel,recording,knock_twice_right,17,-0.576844,7.278734,6.545167,0.006154,0.001175,0.002652
477673070.000,Miguel,recording,knock_twice_right,17,-0.552690,7.277625,6.493353,0.013956,0.000355,0.001619
477673080.000,Miguel,recording,knock_twice_right,17,-0.517072,7.264073,6.405856,0.016881,-0.001625,-0.002685
477673090.000,Miguel,recording,knock_twice_right,17,-0.531673,7.256956,6.347237,0.012953,-0.003817,-0.007829
477673100.000,Miguel,recording,knock_twice_right,17,-0.574064,7.251292,6.333980,0.005357,-0.005714,-0.009478
477673110.000,Miguel,recording,knock_twice_right,17,-0.570119,7.255012,6.326092,-0.000888,-0.006653,-0.007860
477673120.000,Miguel,recording,knock_twice_right,17,-0.527438,7.247340,6.336075,-0.004670,-0.003964,-0.005962
477673130.000,Miguel,recording,knock_twice_right,17,-0.504638,7.245970,6.363815,-0.006396,0.000389,-0.005535
477673140.000,Miguel,recording,knock_twice_right,17,-0.517533,7.253198,6.367189,-0.007345,0.003014,-0.005984
477673150.000,Miguel,recording,knock_twice_right,17,-0.523137,7.265964,6.378097,-0.008821,0.005671,-0.007053
477673160.000,Miguel,recording,knock_twice_right,17,-0.511559,7.264251,6.402762,-0.010178,0.009175,-0.010753
477673170.000,Miguel,recording,knock_twice_right,17,-0.524815,7.265102,6.410449,-0.011868,0.009009,-0.016551
477673180.000,Miguel,recording,knock_twice_right,17,-0.580388,7.281554,6.426204,-0.015877,0.005393,-0.020509
477673190.000,Miguel,recording,knock_twice_right,17,-0.611825,7.317828,6.444808,-0.021036,0.002961,-0.021267
477673200.000,Miguel,recording,knock_twice_right,17,-0.628261,7.323346,6.474872,-0.025590,0.002682,-0.020313
477673210.000,Miguel,recording,knock_twice_right,17,-0.643669,7.315402,6.519679,-0.027330,0.004026,-0.017902
477673220.000,Miguel,recording,knock_twice_right,17,-0.662766,7.315676,6.593016,-0.024077,0.006415,-0.013937
477673230.000,Miguel,recording,knock_twice_right,17,-0.638731,7.313111,6.630470,-0.015446,0.009279,-0.010189
477673240.000,Miguel,recording,knock_twice_right,17,-0.583116,7.289999,6.602112,-0.005074,0.011047,-0.008831
477673250.000,Miguel,recording,knock_twice_right,17,-0.566785,7.273635,6.552227,0.002686,0.010035,-0.009938
477673260.000,Miguel,recording,knock_twice_right,17,-0.575537,7.291080,6.506738,0.006115,0.007155,-0.012527
477673270.000,Miguel,recording,knock_twice_right,17,-0.562417,7.302571,6.454794,0.005149,0.003979,-0.015795
477673280.000,Miguel,recording,knock_twice_right,17,-0.578359,7.300856,6.408785,0.001396,0.000021,-0.018567
477673290.000,Miguel,recording,knock_twice_right,17,-0.597811,7.303955,6.423336,-0.003080,-0.003136,-0.019414
477673300.000,Miguel,recording,knock_twice_right,17,-0.584710,7.305754,6.465356,-0.005687,-0.003129,-0.018615
477673310.000,Miguel,recording,knock_twice_right,17,-0.578773,7.262207,6.501718,-0.004501,-0.001227,-0.016781
477673320.000,Miguel,recording,knock_twice_right,17,-0.583405,7.252189,6.518986,-0.000161,-0.000110,-0.013936
477673330.000,Miguel,recording,knock_twice_right,17,-0.584054,7.269561,6.509772,0.004683,-0.000927,-0.010047
477673340.000,Miguel,recording,knock_twice_right,17,-0.587746,7.284705,6.495660,0.007956,-0.002841,-0.005892
477673350.000,Miguel,recording,knock_twice_right,17,-0.562837,7.275265,6.463922,0.009465,-0.003655,-0.003467
477673360.000,Miguel,recording,knock_twice_right,17,-0.544767,7.265149,6.412309,0.007770,-0.003667,-0.004225
477673370.000,Miguel,recording,knock_twice_right,17,-0.571251,7.282174,6.403343,0.003469,-0.004130,-0.007509
477673380.000,Miguel,recording,knock_twice_right,17,-0.595762,7.290071,6.399010,-0.000256,-0.003929,-0.011227
477673390.000,Miguel,recording,knock_twice_right,17,-0.611354,7.288991,6.399545,-0.002838,-0.002182,-0.014178
477673400.000,Miguel,recording,knock_twice_right,17,-0.614515,7.276679,6.408490,-0.004587,0.000147,-0.015107
477673410.000,Miguel,recording,knock_twice_right,17,-0.613431,7.268413,6.397855,-0.005923,0.003191,-0.014847
477673420.000,Miguel,recording,knock_twice_right,17,-0.632219,7.259703,6.405549,-0.007354,0.005108,-0.014368
477673430.000,Miguel,recording,knock_twice_right,17,-0.653939,7.266638,6.419079,-0.009913,0.001833,-0.013354
477673440.000,Miguel,recording,knock_twice_right,17,-0.659554,7.281738,6.430267,-0.012907,-0.003502,-0.010956
477673450.000,Miguel,recording,knock_twice_right,17,-0.620756,7.290285,6.452279,-0.014993,-0.005872,-0.008552
477673460.000,Miguel,recording,knock_twice_right,17,-0.577203,7.293268,6.468343,-0.016733,-0.006732,-0.008613
477673470.000,Miguel,recording,knock_twice_right,17,-0.576792,7.297945,6.488269,-0.018131,-0.005539,-0.010473
477673480.000,Miguel,recording,knock_twice_right,17,-0.587867,7.328112,6.512611,-0.018052,-0.001871,-0.011583
477673490.000,Miguel,recording,knock_twice_right,17,-0.592312,7.318322,6.525781,-0.013988,0.001541,-0.011263
477673500.000,Miguel,recording,knock_twice_right,17,-0.588535,7.287595,6.527044,-0.008629,0.004503,-0.012246
477673510.000,Miguel,recording,knock_twice_right,17,-0.600860,7.277304,6.502590,-0.005792,0.005754,-0.013192
477673520.000,Miguel,recording,knock_twice_right,17,-0.634179,7.282769,6.495601,-0.003360,0.005178,-0.012103
477673530.000,Miguel,recording,knock_twice_right,17,-0.666974,7.288381,6.502263,-0.001818,0.002908,-0.010538
477673540.000,Miguel,recording,knock_twice_right,17,-0.661255,7.289485,6.511832,-0.001131,-0.000215,-0.009209
477673550.000,Miguel,recording,knock_twice_right,17,-0.643018,7.292703,6.525663,0.001185,-0.002155,-0.007779
477673560.000,Miguel,recording,knock_twice_right,17,-0.629849,7.291408,6.547582,0.005427,-0.003511,-0.005986
477673570.000,Miguel,recording,knock_twice_right,17,-0.594516,7.286165,6.516731,0.010627,-0.003156,-0.005794
477673580.000,Miguel,recording,knock_twice_right,17,-0.569380,7.286272,6.466796,0.013654,-0.000975,-0.008456
477673590.000,Miguel,recording,knock_twice_right,17,-0.604953,7.275890,6.420849,0.013140,0.000559,-0.011159
477673600.000,Miguel,recording,knock_twice_right,17,-0.610324,7.280292,6.386933,0.010218,0.002279,-0.013004
477673610.000,Miguel,recording,knock_twice_right,17,-0.591221,7.259284,6.376647,0.004900,0.003214,-0.015162
477673620.000,Miguel,recording,knock_twice_right,17,-0.611400,7.250391,6.393627,-0.002183,0.001278,-0.017105
477673630.000,Miguel,recording,knock_twice_right,17,-0.656674,7.276869,6.432475,-0.007549,-0.001568,-0.016786
477673640.000,Miguel,recording,knock_twice_right,17,-0.658886,7.281595,6.463321,-0.010352,-0.003843,-0.014831
477673650.000,Miguel,recording,knock_twice_right,17,-0.630277,7.263932,6.468016,-0.012830,-0.004695,-0.013678
477673660.000,Miguel,recording,knock_twice_right,17,-0.631990,7.262671,6.488914,-0.013101,-0.004984,-0.012430
477673670.000,Miguel,recording,knock_twice_right,17,-0.642474,7.278999,6.522623,-0.010159,-0.004586,-0.009954
477673680.000,Miguel,recording,knock_twice_right,17,-0.616613,7.273395,6.516890,-0.006002,-0.001746,-0.008278
477673690.000,Miguel,recording,knock_twice_right,17,-0.592934,7.262727,6.513435,-0.001467,0.001282,-0.009076
477673700.000,Miguel,recording,knock_twice_right,17,-0.609953,7.283732,6.501074,0.001661,0.003579,-0.010527
477673710.000,Miguel,recording,knock_twice_right,17,-0.629480,7.310884,6.504288,0.003374,0.005456,-0.010775
477673720.000,Miguel,recording,knock_twice_right,17,-0.607341,7.295399,6.471565,0.004130,0.005624,-0.010769
477673730.000,Miguel,recording,knock_twice_right,17,-0.595423,7.286938,6.434185,0.001615,0.004492,-0.011535
477673740.000,Miguel,recording,knock_twice_right,17,-0.642390,7.295454,6.441224,-0.002352,0.003290,-0.012023
477673750.000,Miguel,recording,knock_twice_right,17,-0.668449,7.280925,6.474988,-0.004246,0.002419,-0.011442
477673760.000,Miguel,recording,knock_twice_right,17,-0.648495,7.265685,6.479157,-0.003154,0.002524,-0.010781
477673770.000,Miguel,recording,knock_twice_right,17,-0.635231,7.251942,6.480756,0.001017,0.001391,-0.010451
477673780.000,Miguel,recording,knock_twice_right,17,-0.639478,7.264065,6.474070,0.004770,-0.002162,-0.008770
477673790.000,Miguel,recording,knock_twice_right,17,-0.634294,7.280965,6.441923,0.005059,-0.006066,-0.006195
477673800.000,Miguel,recording,knock_twice_right,17,-0.622031,7.295288,6.413832,0.003526,-0.009870,-0.003518
477673810.000,Miguel,recording,knock_twice_right,17,-0.606056,7.293955,6.411236,0.000823,-0.013615,-0.002381
477673820.000,Miguel,recording,knock_twice_right,17,-0.585053,7.276013,6.428822,-0.005044,-0.016072,-0.004548
477673830.000,Miguel,recording,knock_twice_right,17,-0.577625,7.256284,6.455167,-0.012030,-0.015141,-0.009097
477673840.000,Miguel,recording,knock_twice_right,17,-0.578671,7.245058,6.517737,-0.014928,-0.010434,-0.015001
477673850.000,Miguel,recording,knock_twice_right,17,-0.605096,7.233021,6.559807,-0.012847,-0.006600,-0.019452
477673860.000,Miguel,recording,knock_twice_right,17,-0.635100,7.223575,6.570735,-0.007446,-0.004305,-0.021545
477673870.000,Miguel,recording,knock_twice_right,17,-0.628855,7.230429,6.542810,-0.001537,0.000076,-0.022150
477673880.000,Miguel,recording,knock_twice_right,17,-0.646008,7.240566,6.492935,0.002517,0.003919,-0.021309
477673890.000,Miguel,recording,knock_twice_right,17,-0.674599,7.253997,6.446983,0.004159,0.005257,-0.018673
477673900.000,Miguel,recording,knock_twice_right,17,-0.669216,7.266076,6.421476,0.001939,0.007483,-0.015078
477673910.000,Miguel,recording,knock_twice_right,17,-0.636434,7.279658,6.404193,-0.002156,0.007774,-0.013146
477673920.000,Miguel,recording,knock_twice_right,17,-0.614155,7.292498,6.390421,-0.006985,0.003814,-0.013644
477673930.000,Miguel,recording,knock_twice_right,17,-0.615459,7.280747,6.405833,-0.012889,-0.000223,-0.015172
477673940.000,Miguel,recording,knock_twice_right,17,-0.621235,7.293077,6.463068,-0.016304,-0.002476,-0.017043
477673950.000,Miguel,recording,knock_twice_right,17,-0.648645,7.296364,6.507862,-0.014937,-0.001649,-0.019076
477673960.000,Miguel,recording,knock_twice_right,17,-0.674490,7.287859,6.546537,-0.008853,-0.000144,-0.019631
477673970.000,Miguel,recording,knock_twice_right,17,-0.685189,7.280806,6.556993,-0.000899,-0.000116,-0.017938
477673980.000,Miguel,recording,knock_twice_right,17,-0.671322,7.283249,6.527843,0.005384,-0.000033,-0.014261
477673990.000,Miguel,recording,knock_twice_right,17,-0.652004,7.299605,6.494903,0.007398,-0.000440,-0.010897
477674000.000,Miguel,recording,knock_twice_right,17,-0.637953,7.295176,6.475114,0.005154,-0.001237,-0.009233
477674010.000,Miguel,recording,knock_twice_right,17,-0.649084,7.284677,6.476386,0.001794,-0.002447,-0.007782
477674020.000,Miguel,recording,knock_twice_right,17,-0.663193,7.293927,6.492443,-0.000225,-0.003383,-0.007022
477674030.000,Miguel,recording,knock_twice_right,17,-0.662547,7.286483,6.505841,-0.000598,-0.003813,-0.007479
477674040.000,Miguel,recording,knock_twice_right,17,-0.646444,7.272855,6.504370,-0.000895,-0.003988,-0.007837
477674050.000,Miguel,recording,knock_twice_right,17,-0.658706,7.275683,6.490062,-0.000804,-0.002268,-0.009010
477674060.000,Miguel,recording,knock_twice_right,17,-0.675767,7.267992,6.499077,0.000808,-0.000902,-0.010503
477674070.000,Miguel,recording,knock_twice_right,17,-0.695616,7.269748,6.496920,0.003625,-0.002597,-0.009736
477674080.000,Miguel,recording,knock_twice_right,17,-0.703920,7.260398,6.484589,0.005694,-0.007920,-0.006002
477674090.000,Miguel,recording,knock_twice_right,17,-0.696144,7.276531,6.465665,0.006905,-0.012050,-0.001453
477674100.000,Miguel,recording,knock_twice_right,17,-0.683976,7.294368,6.440061,0.007969,-0.011662,0.001678
477674110.000,Miguel,recording,knock_twice_right,17,-0.663759,7.299440,6.419014,0.007756,-0.009952,0.003136
477674120.000,Miguel,recording,knock_twice_right,17,-0.628221,7.301173,6.398359,0.006214,-0.007984,0.002698
477674130.000,Miguel,recording,knock_twice_right,17,-0.610142,7.300928,6.403946,0.003227,-0.005154,-0.000007
477674140.000,Miguel,recording,knock_twice_right,17,-0.606253,7.300279,6.432782,0.000020,-0.003852,-0.004214
477674150.000,Miguel,recording,knock_twice_right,17,-0.623424,7.285661,6.475452,-0.001892,-0.006187,-0.008044
477674160.000,Miguel,recording,knock_twice_right,17,-0.656137,7.268830,6.516036,-0.001717,-0.009850,-0.010744
477674170.000,Miguel,recording,knock_twice_right,17,-0.700536,7.267272,6.558576,0.000382,-0.014648,-0.010467
477674180.000,Miguel,recording,knock_twice_right,17,-0.724294,7.275367,6.571747,0.003450,-0.018524,-0.006408
477674190.000,Miguel,recording,knock_twice_right,17,-0.713374,7.291326,6.526598,0.005880,-0.017566,-0.000348
477674200.000,Miguel,recording,knock_twice_right,17,-0.694295,7.294421,6.481503,0.007294,-0.013458,0.004742
477674210.000,Miguel,recording,knock_twice_right,17,-0.662934,7.286149,6.479980,0.007679,-0.008513,0.006958
477674220.000,Miguel,recording,knock_twice_right,17,-0.628116,7.281923,6.500946,0.007005,-0.004111,0.006778
477674230.000,Miguel,recording,knock_twice_right,17,-0.594293,7.270456,6.485788,0.007835,-0.000874,0.004935
477674240.000,Miguel,recording,knock_twice_right,17,-0.603671,7.262034,6.496739,0.011300,0.001432,0.001770
477674250.000,Miguel,recording,knock_twice_right,17,-0.629904,7.267997,6.498378,0.015407,0.000498,-0.001762
477674260.000,Miguel,recording,knock_twice_right,17,-0.650823,7.261169,6.451795,0.017556,-0.003684,-0.004641
477674270.000,Miguel,recording,knock_twice_right,17,-0.654576,7.253616,6.407300,0.016623,-0.006149,-0.006057
477674280.000,Miguel,recording,knock_twice_right,17,-0.669244,7.267238,6.389140,0.012248,-0.008185,-0.005343
477674290.000,Miguel,recording,knock_twice_right,17,-0.674838,7.270177,6.360933,0.004495,-0.008981,-0.002704
477674300.000,Miguel,recording,knock_twice_right,17,-0.657909,7.271110,6.359844,-0.005203,-0.007202,0.000111
477674310.000,Miguel,recording,knock_twice_right,17,-0.642859,7.264913,6.400985,-0.012705,-0.005239,0.001807
477674320.000,Miguel,recording,knock_twice_right,17,-0.622268,7.244276,6.465560,-0.015517,-0.003993,0.002560
477674330.000,Miguel,recording,knock_twice_right,17,-0.603936,7.241075,6.518207,-0.013409,-0.003177,0.002088
477674340.000,Miguel,recording,knock_twice_right,17,-0.602048,7.251567,6.543995,-0.006713,-0.000993,-0.000828
477674350.000,Miguel,recording,knock_twice_right,17,-0.609914,7.259484,6.544828,0.001026,0.000300,-0.004149
477674360.000,Miguel,recording,knock_twice_right,17,-0.630957,7.273411,6.485149,0.005588,0.000829,-0.006625
477674370.000,Miguel,recording,knock_twice_right,17,-0.642250,7.288457,6.436079,0.004995,0.001816,-0.008840
477674380.000,Miguel,recording,knock_twice_right,17,-0.660797,7.306167,6.424623,0.001586,0.002138,-0.009974
477674390.000,Miguel,recording,knock_twice_right,17,-0.676649,7.299437,6.437645,-0.001910,0.002462,-0.010183
477674400.000,Miguel,recording,knock_twice_right,17,-0.669038,7.281135,6.457168,-0.003684,0.003170,-0.008915
477674410.000,Miguel,recording,knock_twice_right,17,-0.668498,7.284375,6.485192,-0.002880,0.003061,-0.005541
477674420.000,Miguel,recording,knock_twice_right,17,-0.669499,7.286951,6.501216,-0.000903,0.002392,-0.002293
477674430.000,Miguel,recording,knock_twice_right,17,-0.655691,7.280250,6.516024,0.000686,0.001485,-0.000688
477674440.000,Miguel,recording,knock_twice_right,17,-0.620479,7.280219,6.513241,0.003260,0.000997,-0.000042
477674450.000,Miguel,recording,knock_twice_right,17,-0.620881,7.294885,6.474490,0.006002,0.001053,-0.000530
477674460.000,Miguel,recording,knock_twice_right,17,-0.639017,7.298242,6.438919,0.004835,0.000883,-0.001941
477674470.000,Miguel,recording,knock_twice_right,17,-0.640626,7.294173,6.432343,0.001469,0.001519,-0.003001
477674480.000,Miguel,recording,knock_twice_right,17,-0.639747,7.304898,6.460447,-0.000421,0.002215,-0.003233
477674490.000,Miguel,recording,knock_twice_right,17,-0.652236,7.285869,6.477715,-0.000414,0.002807,-0.002253
477674500.000,Miguel,recording,knock_twice_right,17,-0.673939,7.280321,6.499042,0.002050,0.003113,-0.000591
477674510.000,Miguel,recording,knock_twice_right,17,-0.669886,7.271700,6.497757,0.006164,0.001952,0.000065
477674520.000,Miguel,recording,knock_twice_right,17,-0.647218,7.269280,6.457896,0.009196,0.000668,0.000267
477674530.000,Miguel,recording,knock_twice_right,17,-0.645735,7.280542,6.413907,0.008299,-0.000472,0.000865
477674540.000,Miguel,recording,knock_twice_right,17,-0.652502,7.286769,6.392602,0.004058,-0.002853,0.001733
477674550.000,Miguel,recording,knock_twice_right,17,-0.667135,7.283255,6.395757,-0.000986,-0.003976,0.002726
477674560.000,Miguel,recording,knock_twice_right,17,-0.646236,7.265343,6.429280,-0.005430,-0.003352,0.002475
477674570.000,Miguel,recording,knock_twice_right,17,-0.624134,7.263808,6.458163,-0.007395,-0.002594,-0.000352
477674580.000,Miguel,recording,knock_twice_right,17,-0.614161,7.272156,6.480314,-0.007108,0.000066,-0.003646
477674590.000,Miguel,recording,knock_twice_right,17,-0.619009,7.283666,6.486546,-0.005207,0.001938,-0.005338
477674600.000,Miguel,recording,knock_twice_right,17,-0.667316,7.289339,6.493713,-0.002542,0.002504,-0.005514
477674610.000,Miguel,recording,knock_twice_right,17,-0.682108,7.289147,6.506269,0.000417,0.002921,-0.003155
477674620.000,Miguel,recording,knock_twice_right,17,-0.655779,7.283130,6.497229,0.003774,0.001355,0.000378
477674630.000,Miguel,recording,knock_twice_right,17,-0.634190,7.271905,6.477156,0.005807,-0.001209,0.002286
477674640.000,Miguel,recording,knock_twice_right,17,-0.612504,7.290604,6.468342,0.006183,-0.002619,0.002807
477674650.000,Miguel,recording,knock_twice_right,17,-0.618708,7.299665,6.469851,0.004677,-0.002160,0.002962
477674660.000,Miguel,recording,knock_twice_right,17,-0.641065,7.285183,6.481940,0.002171,0.000037,0.002260
477674670.000,Miguel,recording,knock_twice_right,17,-0.660534,7.292836,6.479956,0.000795,0.002636,0.001030
477674680.000,Miguel,recording,knock_twice_right,17,-0.664191,7.287456,6.484588,0.000750,0.003224,0.000601
477674690.000,Miguel,recording,knock_twice_right,17,-0.645774,7.292915,6.482208,0.002134,0.002508,0.000999
477674700.000,Miguel,recording,knock_twice_right,17,-0.637684,7.289565,6.463974,0.003253,0.002552,-0.000505
477674710.000,Miguel,recording,knock_twice_right,17,-0.648817,7.265768,6.431750,0.003254,0.002955,-0.003840
477674720.000,Miguel,recording,knock_twice_right,17,-0.683045,7.275655,6.442661,0.002615,0.001120,-0.003413
477674730.000,Miguel,recording,knock_twice_right,17,-0.700665,7.276895,6.440460,0.001215,-0.002655,0.000859
477674740.000,Miguel,recording,knock_twice_right,17,-0.654941,7.280654,6.450192,-0.000864,-0.004784,0.003938
477674750.000,Miguel,recording,knock_twice_right,17,-0.613182,7.282438,6.442000,-0.002509,-0.003336,0.004291
477674760.000,Miguel,recording,knock_twice_right,17,-0.600948,7.285485,6.429871,-0.002537,-0.000675,0.002143
477674770.000,Miguel,recording,knock_twice_right,17,-0.609872,7.277573,6.456977,-0.001854,0.000737,-0.000982
477674780.000,Miguel,recording,knock_twice_right,17,-0.633797,7.290080,6.465025,-0.000688,0.003115,-0.003448
477674790.000,Miguel,recording,knock_twice_right,17,-0.649862,7.286657,6.458157,0.002002,0.005274,-0.004627
477674800.000,Miguel,recording,knock_twice_right,17,-0.645291,7.264956,6.435800,0.003574,0.005044,-0.005609
477674810.000,Miguel,recording,knock_twice_right,17,-0.642363,7.268672,6.401608,0.000114,0.004138,-0.006646
477674820.000,Miguel,recording,knock_twice_right,17,-0.658507,7.280676,6.392563,-0.006596,0.002116,-0.006671
477674830.000,Miguel,recording,knock_twice_right,17,-0.667600,7.295095,6.421442,-0.012896,-0.001104,-0.006050
477674840.000,Miguel,recording,knock_twice_right,17,-0.673206,7.290279,6.466821,-0.017085,-0.003917,-0.004909
477674850.000,Miguel,recording,knock_twice_right,17,-0.681855,7.283173,6.521511,-0.018253,-0.005040,-0.002733
477674860.000,Miguel,recording,knock_twice_right,17,-0.666195,7.280048,6.561190,-0.015465,-0.004161,-0.001491
477674870.000,Miguel,recording,knock_twice_right,17,-0.651659,7.272296,6.564533,-0.009008,-0.001968,-0.001238
477674880.000,Miguel,recording,knock_twice_right,17,-0.622644,7.280266,6.553803,-0.001220,0.000554,-0.000682
477674890.000,Miguel,recording,knock_twice_right,17,-0.603046,7.291958,6.525150,0.004947,0.003926,-0.001879
477674900.000,Miguel,recording,knock_twice_right,17,-0.616222,7.296059,6.481864,0.008179,0.007827,-0.003743
477674910.000,Miguel,recording,knock_twice_right,17,-0.640291,7.281718,6.451324,0.008277,0.009634,-0.004996
477674920.000,Miguel,recording,knock_twice_right,17,-0.645282,7.271039,6.440648,0.005715,0.008771,-0.006337
477674930.000,Miguel,recording,knock_twice_right,17,-0.655867,7.272009,6.443482,0.003615,0.006785,-0.005774
477674940.000,Miguel,recording,knock_twice_right,17,-0.641354,7.282079,6.438726,0.003420,0.004131,-0.004222
477674950.000,Miguel,recording,knock_twice_right,17,-0.626630,7.285005,6.426454,0.003257,0.001157,-0.003356
477674960.000,Miguel,recording,knock_twice_right,17,-0.613398,7.292816,6.443936,0.003140,0.000366,-0.001980
477674970.000,Miguel,recording,knock_twice_right,17,-0.571180,7.293783,6.475054,0.002826,0.002529,-0.003751
477674980.000,Miguel,recording,knock_twice_right,17,-0.574178,7.262854,6.513295,0.004191,0.005748,-0.009689
477674990.000,Miguel,recording,knock_twice_right,17,-0.608872,7.243627,6.550732,0.008439,0.012347,-0.017530
477675000.000,Miguel,recording,knock_twice_right,17,-0.643917,7.259078,6.553619,0.011950,0.017949,-0.023513
477675010.000,Miguel,recording,knock_twice_right,17,-0.713191,7.259638,6.554739,0.014906,0.017301,-0.022765
477675020.000,Miguel,recording,knock_twice_right,17,-0.721171,7.251529,6.560738,0.020244,0.017299,-0.017531
477675030.000,Miguel,recording,knock_twice_right,17,-0.629916,7.269318,6.557737,0.029721,0.026512,-0.017034
477675040.000,Miguel,recording,knock_twice_right,17,-0.567924,7.221485,6.499366,0.041481,0.040545,-0.022810
477675050.000,Miguel,recording,knock_twice_right,17,-0.736116,7.166834,6.376826,0.050041,0.048920,-0.025622
477675060.000,Miguel,recording,knock_twice_right,17,-1.313291,7.160207,6.193155,0.044048,0.049163,-0.008367
477675070.000,Miguel,recording,knock_twice_right,17,-1.621762,7.370804,6.064801,0.021600,0.036173,0.041342
477675080.000,Miguel,recording,knock_twice_right,17,-0.910920,7.562257,6.066899,-0.010075,0.010335,0.088901
477675090.000,Miguel,recording,knock_twice_right,17,-0.146971,7.359592,6.127836,-0.044415,-0.017323,0.093503
477675100.000,Miguel,recording,knock_twice_right,17,0.038014,7.265731,6.380455,-0.067742,-0.029788,0.062255
477675110.000,Miguel,recording,knock_twice_right,17,-0.102320,7.350001,6.667854,-0.072306,-0.022127,0.015983
477675120.000,Miguel,recording,knock_twice_right,17,-0.254043,7.397892,6.857048,-0.059135,-0.005915,-0.031609
477675130.000,Miguel,recording,knock_twice_right,17,-0.421355,7.376824,6.900438,-0.035251,0.008939,-0.071320
477675140.000,Miguel,recording,knock_twice_right,17,-0.587899,7.241039,6.866237,-0.006340,0.014020,-0.103031
477675150.000,Miguel,recording,knock_twice_right,17,-0.788319,7.114710,6.795218,0.027669,0.019399,-0.119182
477675160.000,Miguel,recording,knock_twice_right,17,-1.035749,7.244952,6.567496,0.058755,0.030966,-0.105134
477675170.000,Miguel,recording,knock_twice_right,17,-1.130218,7.331862,6.272012,0.071001,0.028373,-0.069207
477675180.000,Miguel,recording,knock_twice_right,17,-1.045059,7.222113,6.153032,0.058534,0.006712,-0.030518
477675190.000,Miguel,recording,knock_twice_right,17,-0.939858,7.271013,6.228647,0.030625,-0.017627,0.001467
477675200.000,Miguel,recording,knock_twice_right,17,-0.768756,7.301956,6.422422,0.007723,-0.023196,0.019564
477675210.000,Miguel,recording,knock_twice_right,17,-0.568055,7.230911,6.639289,0.010613,0.000495,0.019244
477675220.000,Miguel,recording,knock_twice_right,17,-0.455540,7.195019,6.769366,0.038588,0.027296,0.005415
477675230.000,Miguel,recording,knock_twice_right,17,-0.509724,7.280060,6.726405,0.072344,0.041625,-0.010865
477675240.000,Miguel,recording,knock_twice_right,17,-0.756954,7.257232,6.426312,0.090224,0.065610,-0.020597
477675250.000,Miguel,recording,knock_twice_right,17,-1.373367,7.193795,5.973761,0.079070,0.078211,0.000030
477675260.000,Miguel,recording,knock_twice_right,17,-1.674492,7.473204,5.815182,0.043594,0.053009,0.061387
477675270.000,Miguel,recording,knock_twice_right,17,-1.113179,7.599837,5.939407,-0.003654,0.006084,0.121587
477675280.000,Miguel,recording,knock_twice_right,17,-0.484498,7.378868,6.052011,-0.048013,-0.040131,0.141422
477675290.000,Miguel,recording,knock_twice_right,17,-0.127362,7.308302,6.277344,-0.076594,-0.064362,0.120940
477675300.000,Miguel,recording,knock_twice_right,17,-0.075391,7.333678,6.528714,-0.086820,-0.060286,0.075278
477675310.000,Miguel,recording,knock_twice_right,17,-0.116248,7.369600,6.699122,-0.080577,-0.036644,0.019468
477675320.000,Miguel,recording,knock_twice_right,17,-0.305550,7.363116,6.749336,-0.060909,-0.010657,-0.030160
477675330.000,Miguel,recording,knock_twice_right,17,-0.546681,7.296589,6.682865,-0.036648,0.003707,-0.063158
477675340.000,Miguel,recording,knock_twice_right,17,-0.723101,7.233364,6.652868,-0.015104,0.002606,-0.077977
477675350.000,Miguel,recording,knock_twice_right,17,-0.834094,7.227825,6.624787,0.005416,-0.008471,-0.076434
477675360.000,Miguel,recording,knock_twice_right,17,-0.930399,7.224872,6.515177,0.023202,-0.020180,-0.062813
477675370.000,Miguel,recording,knock_twice_right,17,-0.915190,7.134637,6.343012,0.030027,-0.018419,-0.051080
477675380.000,Miguel,recording,knock_twice_right,17,-0.882481,7.121067,6.179667,0.020792,-0.007969,-0.042389
477675390.000,Miguel,recording,knock_twice_right,17,-0.975509,7.320256,6.150794,-0.001264,-0.006515,-0.024802
477675400.000,Miguel,recording,knock_twice_right,17,-0.973108,7.360966,6.211571,-0.025911,-0.009552,-0.003032
477675410.000,Miguel,recording,knock_twice_right,17,-0.798485,7.270496,6.302514,-0.044112,-0.011900,0.013099
477675420.000,Miguel,recording,knock_twice_right,17,-0.598114,7.283797,6.410139,-0.054029,-0.015538,0.019695
477675430.000,Miguel,recording,knock_twice_right,17,-0.491493,7.330306,6.546258,-0.056313,-0.018882,0.018803
477675440.000,Miguel,recording,knock_twice_right,17,-0.516558,7.348877,6.667600,-0.049324,-0.021309,0.014861
477675450.000,Miguel,recording,knock_twice_right,17,-0.559706,7.350122,6.712084,-0.035019,-0.020679,0.011324
477675460.000,Miguel,recording,knock_twice_right,17,-0.589386,7.333259,6.690689,-0.018996,-0.016165,0.008300
477675470.000,Miguel,recording,knock_twice_right,17,-0.609259,7.314094,6.635380,-0.004999,-0.011905,0.005492
477675480.000,Miguel,recording,knock_twice_right,17,-0.636010,7.292262,6.584016,0.005827,-0.009804,0.003029
477675490.000,Miguel,recording,knock_twice_right,17,-0.653017,7.275674,6.517973,0.012928,-0.008444,0.000510
477675500.000,Miguel,recording,knock_twice_right,17,-0.704768,7.270529,6.439616,0.014176,-0.010077,-0.001058
477675510.000,Miguel,recording,knock_twice_right,17,-0.784994,7.276273,6.386551,0.010357,-0.015135,-0.000727
477675520.000,Miguel,recording,knock_twice_right,17,-0.820373,7.277795,6.396057,0.005871,-0.019348,0.003737
477675530.000,Miguel,recording,knock_twice_right,17,-0.808663,7.271373,6.391220,0.002290,-0.021108,0.010096
477675540.000,Miguel,recording,knock_twice_right,17,-0.744258,7.254264,6.356563,-0.002530,-0.023305,0.012477
477675550.000,Miguel,recording,knock_twice_right,17,-0.701101,7.253067,6.314084,-0.012136,-0.027885,0.011421
477675560.000,Miguel,recording,knock_twice_right,17,-0.676504,7.292329,6.314860,-0.026116,-0.030267,0.009031
477675570.000,Miguel,recording,knock_twice_right,17,-0.638171,7.312874,6.334689,-0.038110,-0.024236,0.004875
477675580.000,Miguel,recording,knock_twice_right,17,-0.629783,7.288121,6.373963,-0.045284,-0.015834,0.000241
477675590.000,Miguel,recording,knock_twice_right,17,-0.645750,7.292438,6.395671,-0.051568,-0.015520,-0.003453
477675600.000,Miguel,recording,knock_twice_right,17,-0.698107,7.296310,6.398349,-0.058692,-0.020185,-0.003463
477675610.000,Miguel,recording,knock_twice_right,17,-0.752488,7.296179,6.385977,-0.066573,-0.022707,0.002064
477675620.000,Miguel,recording,knock_twice_right,17,-0.738340,7.284748,6.334612,-0.078687,-0.023680,0.010127
477675630.000,Miguel,recording,knock_twice_right,17,-0.657980,7.262387,6.270212,-0.098795,-0.028692,0.017031
477675640.000,Miguel,recording,knock_twice_right,17,-0.563019,7.241621,6.226645,-0.126466,-0.038211,0.019916
477675650.000,Miguel,recording,knock_twice_right,17,-0.476871,7.252878,6.193309,-0.157942,-0.051002,0.016352
477675660.000,Miguel,recording,knock_twice_right,17,-0.452312,7.262285,6.146428,-0.192755,-0.071524,0.007425
477675670.000,Miguel,recording,knock_twice_right,17,-0.487586,7.249078,6.173375,-0.229338,-0.093278,-0.003827
477675680.000,Miguel,recording,knock_twice_right,17,-0.498701,7.217693,6.334456,-0.257395,-0.105767,-0.015995
477675690.000,Miguel,recording,knock_twice_right,17,-0.505838,7.175394,6.555606,-0.268557,-0.115002,-0.025943
477675700.000,Miguel,recording,knock_twice_right,17,-0.618941,7.093717,6.808834,-0.258972,-0.122467,-0.028252
477675710.000,Miguel,recording,knock_twice_right,17,-0.772956,7.020025,6.978602,-0.228318,-0.117422,-0.019364
477675720.000,Miguel,recording,knock_twice_right,17,-0.800668,7.002204,7.046429,-0.184757,-0.100017,-0.004647
477675730.000,Miguel,recording,knock_twice_right,17,-0.751856,7.018244,7.051254,-0.139304,-0.083185,0.007511
477675740.000,Miguel,recording,knock_twice_right,17,-0.693441,7.061401,6.999921,-0.099114,-0.063766,0.014163
477675750.000,Miguel,recording,knock_twice_right,17,-0.629689,7.069062,7.007143,-0.064028,-0.034848,0.016025
477675760.000,Miguel,recording,knock_twice_right,17,-0.583994,7.097188,7.012904,-0.032478,-0.009330,0.014496
477675770.000,Miguel,recording,knock_twice_right,17,-0.544223,7.154568,7.035897,-0.002854,0.009893,0.009815
477675780.000,Miguel,recording,knock_twice_right,17,-0.532511,7.174568,7.086510,0.029009,0.027205,0.003224
477675790.000,Miguel,recording,knock_twice_right,17,-0.562621,7.152145,7.117365,0.066864,0.040455,-0.002378
477675800.000,Miguel,recording,knock_twice_right,17,-0.609592,7.167892,7.059970,0.105080,0.045557,-0.004362
477675810.000,Miguel,recording,knock_twice_right,17,-0.660211,7.223377,6.928007,0.136052,0.044254,-0.002432
477675820.000,Miguel,recording,knock_twice_right,17,-0.669964,7.233648,6.786081,0.156648,0.044305,0.001498
477675830.000,Miguel,recording,knock_twice_right,17,-0.661653,7.209605,6.655139,0.163694,0.047443,0.005750
477675840.000,Miguel,recording,knock_twice_right,17,-0.655918,7.195744,6.556731,0.160327,0.051430,0.010009
477675850.000,Miguel,recording,knock_twice_right,17,-0.660150,7.190692,6.473631,0.149954,0.052242,0.014253
477675860.000,Miguel,recording,knock_twice_right,17,-0.705367,7.168015,6.383212,0.132675,0.047655,0.020567
477675870.000,Miguel,recording,knock_twice_right,17,-0.739611,7.153886,6.373844,0.113548,0.039587,0.030238
477675880.000,Miguel,recording,knock_twice_right,17,-0.679589,7.162550,6.412102,0.098442,0.033066,0.039194
477675890.000,Miguel,recording,knock_twice_right,17,-0.608069,7.156625,6.453807,0.088036,0.028916,0.044170
477675900.000,Miguel,recording,knock_twice_right,17,-0.583893,7.147543,6.460468,0.083103,0.023920,0.045538
477675910.000,Miguel,recording,knock_twice_right,18,-0.568139,7.174268,6.440888,0.081854,0.020407,0.044128
477675920.000,Miguel,recording,knock_twice_right,18,-0.542480,7.216855,6.409175,0.080243,0.021360,0.039542
477675930.000,Miguel,recording,knock_twice_right,18,-0.517283,7.247194,6.370964,0.074166,0.024140,0.031459
477675940.000,Miguel,recording,knock_twice_right,18,-0.525811,7.241099,6.316558,0.061522,0.024654,0.023340
477675950.000,Miguel,recording,knock_twice_right,18,-0.548673,7.244206,6.304601,0.044300,0.022060,0.017933
477675960.000,Miguel,recording,knock_twice_right,18,-0.578668,7.250588,6.366435,0.026010,0.019650,0.014664
477675970.000,Miguel,recording,knock_twice_right,18,-0.600674,7.244644,6.455756,0.013939,0.017970,0.013410
477675980.000,Miguel,recording,knock_twice_right,18,-0.605690,7.226492,6.539495,0.013304,0.017169,0.014496
477675990.000,Miguel,recording,knock_twice_right,18,-0.593062,7.226675,6.573666,0.020073,0.016598,0.016061
477676000.000,Miguel,recording,knock_twice_right,18,-0.583364,7.219367,6.559228,0.026495,0.010389,0.016112
477676010.000,Miguel,recording,knock_twice_right,18,-0.582767,7.238953,6.491613,0.027842,0.000882,0.015702
477676020.000,Miguel,recording,knock_twice_right,18,-0.582888,7.263008,6.461152,0.023106,-0.003007,0.015465
477676030.000,Miguel,recording,knock_twice_right,18,-0.583627,7.267368,6.451542,0.014655,-0.001216,0.014861
477676040.000,Miguel,recording,knock_twice_right,18,-0.604906,7.257918,6.489128,0.005884,-0.002089,0.015015
477676050.000,Miguel,recording,knock_twice_right,18,-0.624728,7.263797,6.532589,-0.000157,-0.008627,0.017252
477676060.000,Miguel,recording,knock_twice_right,18,-0.624505,7.279245,6.560660,-0.001695,-0.013858,0.020930
477676070.000,Miguel,recording,knock_twice_right,18,-0.597100,7.273000,6.562968,0.000016,-0.013467,0.023732
477676080.000,Miguel,recording,knock_twice_right,18,-0.552540,7.263523,6.530457,0.000152,-0.009827,0.022490
477676090.000,Miguel,recording,knock_twice_right,18,-0.548230,7.274082,6.502911,-0.003859,-0.006418,0.019086
477676100.000,Miguel,recording,knock_twice_right,18,-0.565257,7.288635,6.525261,-0.008172,-0.005514,0.016905
477676110.000,Miguel,recording,knock_twice_right,18,-0.562275,7.259989,6.566326,-0.007264,-0.005829,0.014675
477676120.000,Miguel,recording,knock_twice_right,18,-0.554041,7.234447,6.593924,-0.001070,-0.006584,0.012453
477676130.000,Miguel,recording,knock_twice_right,18,-0.567196,7.230097,6.598685,0.007261,-0.010102,0.012071
477676140.000,Miguel,recording,knock_twice_right,18,-0.560953,7.232900,6.592314,0.017100,-0.013003,0.013639
477676150.000,Miguel,recording,knock_twice_right,18,-0.516127,7.221792,6.551859,0.027451,-0.011539,0.014380
477676160.000,Miguel,recording,knock_twice_right,18,-0.488388,7.202604,6.496500,0.035186,-0.007721,0.013079
477676170.000,Miguel,recording,knock_twice_right,18,-0.488592,7.215356,6.442595,0.035263,-0.003525,0.010402
477676180.000,Miguel,recording,knock_twice_right,18,-0.514101,7.231873,6.382970,0.026771,-0.002641,0.007093
477676190.000,Miguel,recording,knock_twice_right,18,-0.556467,7.235492,6.363969,0.013844,-0.003342,0.004825
477676200.000,Miguel,recording,knock_twice_right,18,-0.604757,7.232299,6.393019,-0.000871,-0.000726,0.003528
477676210.000,Miguel,recording,knock_twice_right,18,-0.610547,7.212756,6.431479,-0.014284,0.003604,0.003203
477676220.000,Miguel,recording,knock_twice_right,18,-0.599082,7.210199,6.495336,-0.021803,0.008014,0.003886
477676230.000,Miguel,recording,knock_twice_right,18,-0.612865,7.225326,6.581715,-0.019661,0.012083,0.005384
477676240.000,Miguel,recording,knock_twice_right,18,-0.630463,7.245072,6.625195,-0.008297,0.015426,0.007762
477676250.000,Miguel,recording,knock_twice_right,18,-0.618395,7.255911,6.577087,0.005876,0.017087,0.009076
477676260.000,Miguel,recording,knock_twice_right,18,-0.602506,7.264409,6.482688,0.014631,0.013910,0.008586
477676270.000,Miguel,recording,knock_twice_right,18,-0.574656,7.291367,6.428961,0.014901,0.007631,0.007649
477676280.000,Miguel,recording,knock_twice_right,18,-0.542505,7.300033,6.429514,0.010086,0.004383,0.006632
477676290.000,Miguel,recording,knock_twice_right,18,-0.528332,7.291603,6.470642,0.005889,0.003884,0.004552
477676300.000,Miguel,recording,knock_twice_right,18,-0.537274,7.303064,6.517373,0.005436,0.003349,0.002075
477676310.000,Miguel,recording,knock_twice_right,18,-0.552231,7.297596,6.543384,0.005853,0.004819,0.001279
477676320.000,Miguel,recording,knock_twice_right,18,-0.594450,7.289263,6.551215,0.006601,0.007370,0.002880
477676330.000,Miguel,recording,knock_twice_right,18,-0.627061,7.286139,6.558471,0.008827,0.008496,0.007281
477676340.000,Miguel,recording,knock_twice_right,18,-0.592742,7.278558,6.548008,0.012710,0.009931,0.011624
477676350.000,Miguel,recording,knock_twice_right,18,-0.563147,7.256344,6.522049,0.015649,0.011519,0.013304
477676360.000,Miguel,recording,knock_twice_right,18,-0.561779,7.251500,6.467792,0.014711,0.009772,0.013864
477676370.000,Miguel,recording,knock_twice_right,18,-0.585768,7.276648,6.424886,0.009427,0.003851,0.014868
477676380.000,Miguel,recording,knock_twice_right,18,-0.600657,7.287151,6.452262,0.001164,-0.004483,0.015704
477676390.000,Miguel,recording,knock_twice_right,18,-0.590567,7.275449,6.502858,-0.004929,-0.010282,0.016103
477676400.000,Miguel,recording,knock_twice_right,18,-0.576958,7.252579,6.527725,-0.006221,-0.011396,0.015494
477676410.000,Miguel,recording,knock_twice_right,18,-0.546624,7.226516,6.543949,-0.005616,-0.011247,0.013269
477676420.000,Miguel,recording,knock_twice_right,18,-0.544795,7.237062,6.567873,-0.003915,-0.010098,0.011700
477676430.000,Miguel,recording,knock_twice_right,18,-0.553781,7.255658,6.604900,0.002700,-0.006820,0.011776
477676440.000,Miguel,recording,knock_twice_right,18,-0.522811,7.243811,6.609805,0.014656,-0.001314,0.011212
477676450.000,Miguel,recording,knock_twice_right,18,-0.495885,7.236609,6.547871,0.026993,0.004319,0.008496
477676460.000,Miguel,recording,knock_twice_right,18,-0.517125,7.235578,6.485550,0.034593,0.008737,0.006345
477676470.000,Miguel,recording,knock_twice_right,18,-0.517883,7.258019,6.419955,0.035928,0.010378,0.005603
477676480.000,Miguel,recording,knock_twice_right,18,-0.488565,7.261656,6.362654,0.030616,0.007595,0.004081
477676490.000,Miguel,recording,knock_twice_right,18,-0.481865,7.253263,6.323820,0.019510,0.002354,0.001367
477676500.000,Miguel,recording,knock_twice_right,18,-0.504695,7.243687,6.337960,0.006029,-0.003362,-0.001678
477676510.000,Miguel,recording,knock_twice_right,18,-0.527577,7.247246,6.385229,-0.006482,-0.007358,-0.004040
477676520.000,Miguel,recording,knock_twice_right,18,-0.539350,7.240893,6.462537,-0.014866,-0.007163,-0.005175
477676530.000,Miguel,recording,knock_twice_right,18,-0.522016,7.212520,6.520985,-0.016437,-0.003798,-0.004872
477676540.000,Miguel,recording,knock_twice_right,18,-0.518000,7.202598,6.537049,-0.013211,0.000520,-0.004566
477676550.000,Miguel,recording,knock_twice_right,18,-0.526370,7.208962,6.526782,-0.009338,0.005120,-0.005472
477676560.000,Miguel,recording,knock_twice_right,18,-0.525948,7.206864,6.524880,-0.005286,0.008045,-0.006854
477676570.000,Miguel,recording,knock_twice_right,18,-0.532257,7.212137,6.499214,-0.001113,0.007041,-0.009123
477676580.000,Miguel,recording,knock_twice_right,18,-0.524647,7.233974,6.452296,0.000776,0.002244,-0.012464
477676590.000,Miguel,recording,knock_twice_right,18,-0.532515,7.256306,6.425363,-0.001568,-0.003917,-0.016859
477676600.000,Miguel,recording,knock_twice_right,18,-0.536658,7.282163,6.466328,-0.006310,-0.007709,-0.021293
477676610.000,Miguel,recording,knock_twice_right,18,-0.532501,7.295622,6.538372,-0.008950,-0.007314,-0.024598
477676620.000,Miguel,recording,knock_twice_right,18,-0.534528,7.293088,6.601888,-0.006697,-0.004105,-0.027453
477676630.000,Miguel,recording,knock_twice_right,18,-0.551044,7.311945,6.638233,-0.000143,0.001619,-0.028404
477676640.000,Miguel,recording,knock_twice_right,18,-0.560080,7.337161,6.619217,0.008772,0.008934,-0.027125
477676650.000,Miguel,recording,knock_twice_right,18,-0.563166,7.338388,6.591495,0.017704,0.014665,-0.024452
477676660.000,Miguel,recording,knock_twice_right,18,-0.593560,7.350728,6.555686,0.025616,0.016635,-0.019624
477676670.000,Miguel,recording,knock_twice_right,18,-0.672605,7.392262,6.504354,0.033441,0.015724,-0.012266
477676680.000,Miguel,recording,knock_twice_right,18,-0.756301,7.429135,6.458164,0.038541,0.013973,-0.002570
477676690.000,Miguel,recording,knock_twice_right,18,-0.791346,7.438263,6.423266,0.037515,0.009684,0.008576
477676700.000,Miguel,recording,knock_twice_right,18,-0.795036,7.404300,6.427963,0.032489,0.003583,0.019089
477676710.000,Miguel,recording,knock_twice_right,18,-0.749780,7.374539,6.462610,0.028012,-0.002791,0.025969
477676720.000,Miguel,recording,knock_twice_right,18,-0.670705,7.342190,6.481564,0.024558,-0.008920,0.028099
477676730.000,Miguel,recording,knock_twice_right,18,-0.573184,7.282707,6.503646,0.021320,-0.011047,0.024352
477676740.000,Miguel,recording,knock_twice_right,18,-0.477615,7.212912,6.521193,0.019383,-0.009358,0.015418
477676750.000,Miguel,recording,knock_twice_right,18,-0.438363,7.149572,6.529488,0.019815,-0.007371,0.004919
477676760.000,Miguel,recording,knock_twice_right,18,-0.463911,7.119561,6.498164,0.022866,-0.005880,-0.003925
477676770.000,Miguel,recording,knock_twice_right,18,-0.480288,7.115834,6.431359,0.027516,-0.003604,-0.009828
477676780.000,Miguel,recording,knock_twice_right,18,-0.497111,7.132216,6.369673,0.031853,-0.000288,-0.011815
477676790.000,Miguel,recording,knock_twice_right,18,-0.519476,7.153630,6.284100,0.034540,0.004611,-0.010651
477676800.000,Miguel,recording,knock_twice_right,18,-0.550386,7.194120,6.218816,0.033188,0.011690,-0.008742
477676810.000,Miguel,recording,knock_twice_right,18,-0.587824,7.267199,6.173639,0.026403,0.016327,-0.005666
477676820.000,Miguel,recording,knock_twice_right,18,-0.595147,7.328485,6.129955,0.012079,0.015834,-0.002659
477676830.000,Miguel,recording,knock_twice_right,18,-0.580407,7.347602,6.139151,-0.011244,0.013251,-0.000635
477676840.000,Miguel,recording,knock_twice_right,18,-0.561822,7.349975,6.215904,-0.037566,0.008436,-0.000467
477676850.000,Miguel,recording,knock_twice_right,18,-0.554802,7.357612,6.345925,-0.059825,0.001107,-0.002366
477676860.000,Miguel,recording,knock_twice_right,18,-0.547209,7.373603,6.508873,-0.072367,-0.006525,-0.004581
477676870.000,Miguel,recording,knock_twice_right,18,-0.548500,7.358726,6.645837,-0.070884,-0.012002,-0.006738
477676880.000,Miguel,recording,knock_twice_right,18,-0.566070,7.335821,6.754874,-0.055867,-0.013558,-0.009907
477676890.000,Miguel,recording,knock_twice_right,18,-0.607482,7.313675,6.797822,-0.032161,-0.011387,-0.012444
477676900.000,Miguel,recording,knock_twice_right,18,-0.621342,7.291001,6.756421,-0.006063,-0.006327,-0.012369
477676910.000,Miguel,recording,knock_twice_right,18,-0.608955,7.278033,6.671579,0.015757,0.000916,-0.012039
477676920.000,Miguel,recording,knock_twice_right,18,-0.573533,7.251666,6.548535,0.028579,0.008457,-0.013197
477676930.000,Miguel,recording,knock_twice_right,18,-0.601511,7.244659,6.444392,0.030687,0.015440,-0.013957
477676940.000,Miguel,recording,knock_twice_right,18,-0.675101,7.265351,6.415082,0.025064,0.021036,-0.011441
477676950.000,Miguel,recording,knock_twice_right,18,-0.719519,7.294040,6.420322,0.017894,0.023020,-0.005657
477676960.000,Miguel,recording,knock_twice_right,18,-0.736079,7.303096,6.408391,0.012343,0.021601,0.001466
477676970.000,Miguel,recording,knock_twice_right,18,-0.731655,7.315708,6.400474,0.006595,0.016950,0.008336
477676980.000,Miguel,recording,knock_twice_right,18,-0.712608,7.337117,6.404655,-0.000550,0.009610,0.012609
477676990.000,Miguel,recording,knock_twice_right,18,-0.683820,7.348595,6.447844,-0.007218,0.002742,0.013754
477677000.000,Miguel,recording,knock_twice_right,18,-0.625626,7.324346,6.523895,-0.009310,-0.002233,0.012765
477677010.000,Miguel,recording,knock_twice_right,18,-0.531687,7.278089,6.562941,-0.006005,-0.005630,0.008212
477677020.000,Miguel,recording,knock_twice_right,18,-0.406304,7.239564,6.544665,-0.001212,-0.006483,-0.001690
477677030.000,Miguel,recording,knock_twice_right,18,-0.305667,7.210428,6.533460,0.001308,-0.005125,-0.016115
477677040.000,Miguel,recording,knock_twice_right,18,-0.268719,7.169204,6.508945,0.001576,-0.004203,-0.032711
477677050.000,Miguel,recording,knock_twice_right,18,-0.326184,7.166202,6.466866,0.000985,-0.004606,-0.045833
477677060.000,Miguel,recording,knock_twice_right,18,-0.412604,7.196814,6.429291,-0.000124,-0.007001,-0.050120
477677070.000,Miguel,recording,knock_twice_right,18,-0.491184,7.225220,6.431063,0.000261,-0.011270,-0.047031
477677080.000,Miguel,recording,knock_twice_right,18,-0.536175,7.237106,6.469020,0.004504,-0.013919,-0.039643
477677090.000,Miguel,recording,knock_twice_right,18,-0.543188,7.252160,6.488163,0.011479,-0.013506,-0.030569
477677100.000,Miguel,recording,knock_twice_right,18,-0.534448,7.261959,6.487241,0.018144,-0.009910,-0.021919
477677110.000,Miguel,recording,knock_twice_right,18,-0.507011,7.275479,6.474846,0.024069,-0.002853,-0.017252
477677120.000,Miguel,recording,knock_twice_right,18,-0.495996,7.281690,6.449276,0.026045,0.003938,-0.018122
477677130.000,Miguel,recording,knock_twice_right,18,-0.525627,7.299976,6.386376,0.020202,0.005564,-0.021422
477677140.000,Miguel,recording,knock_twice_right,18,-0.575918,7.345167,6.360640,0.007614,0.002730,-0.025872
477677150.000,Miguel,recording,knock_twice_right,18,-0.654915,7.373672,6.395268,-0.009206,-0.003969,-0.031338
477677160.000,Miguel,recording,knock_twice_right,18,-0.731200,7.379484,6.449713,-0.023738,-0.013235,-0.034283
477677170.000,Miguel,recording,knock_twice_right,18,-0.758729,7.340376,6.529370,-0.029855,-0.020809,-0.032656
477677180.000,Miguel,recording,knock_twice_right,18,-0.751574,7.325731,6.626737,-0.025697,-0.024487,-0.028777
477677190.000,Miguel,recording,knock_twice_right,18,-0.716698,7.320656,6.694298,-0.010971,-0.022899,-0.025071
477677200.000,Miguel,recording,knock_twice_right,18,-0.647501,7.307899,6.681532,0.010488,-0.017441,-0.022696
477677210.000,Miguel,recording,knock_twice_right,18,-0.622726,7.295432,6.579041,0.031930,-0.010169,-0.021099
477677220.000,Miguel,recording,knock_twice_right,18,-0.681469,7.303735,6.438265,0.046489,-0.003949,-0.018281
477677230.000,Miguel,recording,knock_twice_right,18,-0.748378,7.331290,6.307784,0.050426,-0.000630,-0.012800
477677240.000,Miguel,recording,knock_twice_right,18,-0.779707,7.340305,6.210014,0.042395,-0.001017,-0.006608
477677250.000,Miguel,recording,knock_twice_right,18,-0.812063,7.353316,6.160028,0.024475,-0.005963,-0.000576
477677260.000,Miguel,recording,knock_twice_right,18,-0.834477,7.371022,6.170225,0.002249,-0.011282,0.005609
477677270.000,Miguel,recording,knock_twice_right,18,-0.816134,7.385410,6.233799,-0.017538,-0.012948,0.010378
477677280.000,Miguel,recording,knock_twice_right,18,-0.784768,7.376692,6.336865,-0.030244,-0.011588,0.011901
477677290.000,Miguel,recording,knock_twice_right,18,-0.750508,7.346941,6.421435,-0.036316,-0.007549,0.010811
477677300.000,Miguel,recording,knock_twice_right,18,-0.708382,7.323248,6.504319,-0.034985,-0.001350,0.008210
477677310.000,Miguel,recording,knock_twice_right,18,-0.684264,7.305252,6.583250,-0.024064,0.004094,0.005451
477677320.000,Miguel,recording,knock_twice_right,18,-0.664808,7.278770,6.607201,-0.006913,0.005771,0.004045
477677330.000,Miguel,recording,knock_twice_right,18,-0.654173,7.269208,6.578037,0.009393,0.003904,0.003471
477677340.000,Miguel,recording,knock_twice_right,18,-0.635349,7.265081,6.502862,0.018916,0.001323,0.001952
477677350.000,Miguel,recording,knock_twice_right,18,-0.593321,7.267260,6.417557,0.019739,-0.001036,-0.001003
477677360.000,Miguel,recording,knock_twice_right,18,-0.564354,7.268329,6.347082,0.013407,-0.002999,-0.003196
477677370.000,Miguel,recording,knock_twice_right,18,-0.545657,7.294330,6.308867,0.002549,-0.003720,-0.003944
477677380.000,Miguel,recording,knock_twice_right,18,-0.527630,7.304921,6.314948,-0.010902,-0.003691,-0.004458
477677390.000,Miguel,recording,knock_twice_right,18,-0.519426,7.291332,6.366604,-0.023727,-0.003878,-0.004981
477677400.000,Miguel,recording,knock_twice_right,18,-0.526346,7.258367,6.440649,-0.031016,-0.004026,-0.004213
477677410.000,Miguel,recording,knock_twice_right,18,-0.525303,7.237294,6.505215,-0.030573,-0.003311,-0.002907
477677420.000,Miguel,recording,knock_twice_right,18,-0.505853,7.231159,6.537949,-0.023908,-0.003355,-0.002965
477677430.000,Miguel,recording,knock_twice_right,18,-0.495203,7.232732,6.503910,-0.015279,-0.004780,-0.004442
477677440.000,Miguel,recording,knock_twice_right,18,-0.522825,7.252684,6.444162,-0.009940,-0.006161,-0.007391
477677450.000,Miguel,recording,knock_twice_right,18,-0.537372,7.264137,6.421557,-0.010158,-0.007868,-0.010861
477677460.000,Miguel,recording,knock_twice_right,18,-0.532298,7.264486,6.437051,-0.012631,-0.009566,-0.013209
477677470.000,Miguel,recording,knock_twice_right,18,-0.532650,7.256638,6.439279,-0.014818,-0.010432,-0.015044
477677480.000,Miguel,recording,knock_twice_right,18,-0.524154,7.269324,6.421647,-0.018978,-0.011567,-0.017506
477677490.000,Miguel,recording,knock_twice_right,18,-0.565930,7.294709,6.442745,-0.024444,-0.012196,-0.019386
477677500.000,Miguel,recording,knock_twice_right,18,-0.624420,7.307460,6.485501,-0.028154,-0.010143,-0.017703
477677510.000,Miguel,recording,knock_twice_right,18,-0.659792,7.299158,6.526275,-0.029075,-0.006472,-0.011537
477677520.000,Miguel,recording,knock_twice_right,18,-0.650921,7.313600,6.581560,-0.026180,-0.002136,-0.004578
477677530.000,Miguel,recording,knock_twice_right,18,-0.638886,7.314293,6.627744,-0.019934,0.002198,0.000296
477677540.000,Miguel,recording,knock_twice_right,18,-0.624339,7.307738,6.642543,-0.010239,0.004961,0.002310
477677550.000,Miguel,recording,knock_twice_right,18,-0.614391,7.297537,6.599480,0.001019,0.007483,0.001533
477677560.000,Miguel,recording,knock_twice_right,18,-0.617054,7.295824,6.556489,0.009264,0.008285,-0.002712
477677570.000,Miguel,recording,knock_twice_right,18,-0.638557,7.292098,6.534300,0.014185,0.006444,-0.007833
477677580.000,Miguel,recording,knock_twice_right,18,-0.666653,7.299117,6.500843,0.016937,0.004457,-0.009748
477677590.000,Miguel,recording,knock_twice_right,18,-0.675038,7.292617,6.475122,0.016376,0.001420,-0.010079
477677600.000,Miguel,recording,knock_twice_right,18,-0.666433,7.286565,6.472133,0.014200,-0.002078,-0.008374
477677610.000,Miguel,recording,knock_twice_right,18,-0.666579,7.287926,6.472359,0.014747,-0.004685,-0.004441
477677620.000,Miguel,recording,knock_twice_right,18,-0.677556,7.288077,6.457541,0.017956,-0.006693,-0.000905
477677630.000,Miguel,recording,knock_twice_right,18,-0.629990,7.288265,6.417762,0.019847,-0.006412,0.001069
477677640.000,Miguel,recording,knock_twice_right,18,-0.566545,7.280893,6.361819,0.016008,-0.003172,0.000158
477677650.000,Miguel,recording,knock_twice_right,18,-0.555946,7.269342,6.324882,0.007724,-0.000687,-0.003202
477677660.000,Miguel,recording,knock_twice_right,18,-0.581207,7.242020,6.302134,-0.002578,-0.000336,-0.006692
477677670.000,Miguel,recording,knock_twice_right,18,-0.612520,7.237655,6.311084,-0.014735,-0.001400,-0.008466
477677680.000,Miguel,recording,knock_twice_right,18,-0.622181,7.239463,6.342411,-0.025587,-0.004636,-0.008940
477677690.000,Miguel,recording,knock_twice_right,18,-0.621931,7.231221,6.398410,-0.031261,-0.008333,-0.009074
477677700.000,Miguel,recording,knock_twice_right,18,-0.621552,7.237671,6.466597,-0.031319,-0.010770,-0.008610
477677710.000,Miguel,recording,knock_twice_right,18,-0.602762,7.238664,6.505179,-0.028496,-0.011099,-0.009579
477677720.000,Miguel,recording,knock_twice_right,18,-0.593754,7.243036,6.512466,-0.024512,-0.008755,-0.012325
477677730.000,Miguel,recording,knock_twice_right,18,-0.626278,7.263675,6.506016,-0.021082,-0.005722,-0.014176
477677740.000,Miguel,recording,knock_twice_right,18,-0.654673,7.293014,6.513395,-0.018613,-0.002338,-0.013447
477677750.000,Miguel,recording,knock_twice_right,18,-0.632019,7.298872,6.498840,-0.015901,0.002254,-0.011764
477677760.000,Miguel,recording,knock_twice_right,18,-0.619168,7.281527,6.515579,-0.014184,0.007091,-0.011105
477677770.000,Miguel,recording,knock_twice_right,18,-0.651552,7.294872,6.556576,-0.012136,0.010620,-0.010122
477677780.000,Miguel,recording,knock_twice_right,18,-0.656479,7.317070,6.556845,-0.008705,0.013054,-0.008267
477677790.000,Miguel,recording,knock_twice_right,18,-0.621211,7.304763,6.529035,-0.005995,0.015504,-0.009010
477677800.000,Miguel,recording,knock_twice_right,18,-0.650714,7.299438,6.527477,-0.004212,0.016552,-0.011781
477677810.000,Miguel,recording,knock_twice_right,18,-0.721104,7.327847,6.528899,-0.003370,0.015109,-0.010554
477677820.000,Miguel,recording,knock_twice_right,18,-0.750604,7.332344,6.552766,-0.002253,0.012576,-0.005555
477677830.000,Miguel,recording,knock_twice_right,18,-0.746338,7.317928,6.569332,-0.000349,0.009395,-0.000343
477677840.000,Miguel,recording,knock_twice_right,18,-0.714742,7.300726,6.548635,0.001497,0.005372,0.004884
477677850.000,Miguel,recording,knock_twice_right,18,-0.670133,7.276993,6.537538,0.003962,-0.001145,0.009385
477677860.000,Miguel,recording,knock_twice_right,18,-0.597118,7.276336,6.550516,0.006594,-0.007103,0.011130
477677870.000,Miguel,recording,knock_twice_right,18,-0.519204,7.236432,6.540397,0.010280,-0.008012,0.008889
477677880.000,Miguel,recording,knock_twice_right,18,-0.516104,7.201681,6.500702,0.015130,-0.006628,0.003740
477677890.000,Miguel,recording,knock_twice_right,18,-0.560160,7.214844,6.476961,0.019553,-0.003976,-0.000450
477677900.000,Miguel,recording,knock_twice_right,18,-0.590070,7.240031,6.421824,0.022792,-0.000443,-0.002461
477677910.000,Miguel,recording,knock_twice_right,18,-0.584407,7.247073,6.355682,0.022288,0.001990,-0.002758
477677920.000,Miguel,recording,knock_twice_right,18,-0.595725,7.236873,6.312185,0.015712,0.002576,-0.001224
477677930.000,Miguel,recording,knock_twice_right,18,-0.607105,7.257547,6.324067,0.006806,0.001156,0.000760
477677940.000,Miguel,recording,knock_twice_right,18,-0.580439,7.283147,6.358760,-0.002300,-0.000273,0.000794
477677950.000,Miguel,recording,knock_twice_right,18,-0.571606,7.255985,6.405010,-0.011365,0.001066,-0.001471
477677960.000,Miguel,recording,knock_twice_right,18,-0.604263,7.252630,6.450684,-0.016831,0.003106,-0.004159
477677970.000,Miguel,recording,knock_twice_right,18,-0.629806,7.260380,6.485787,-0.018209,0.003150,-0.006307
477677980.000,Miguel,recording,knock_twice_right,18,-0.646410,7.275862,6.516087,-0.016480,0.000886,-0.006599
477677990.000,Miguel,recording,knock_twice_right,18,-0.662274,7.291196,6.545793,-0.012479,-0.002810,-0.006282
477678000.000,Miguel,recording,knock_twice_right,18,-0.642967,7.310928,6.552105,-0.007371,-0.003557,-0.008144
477678010.000,Miguel,recording,knock_twice_right,18,-0.606201,7.305698,6.551733,-0.002086,0.001039,-0.011937
477678020.000,Miguel,recording,knock_twice_right,18,-0.605862,7.294758,6.546611,0.002691,0.005757,-0.015361
477678030.000,Miguel,recording,knock_twice_right,18,-0.651061,7.310446,6.559037,0.006655,0.007591,-0.015501
477678040.000,Miguel,recording,knock_twice_right,18,-0.683706,7.315051,6.564174,0.010673,0.011808,-0.014187
477678050.000,Miguel,recording,knock_twice_right,18,-0.660325,7.287329,6.570254,0.015350,0.016656,-0.014436
477678060.000,Miguel,recording,knock_twice_right,18,-0.634719,7.256347,6.571366,0.022212,0.018396,-0.015039
477678070.000,Miguel,recording,knock_twice_right,18,-0.619627,7.256780,6.554493,0.031913,0.020973,-0.015334
477678080.000,Miguel,recording,knock_twice_right,18,-0.599136,7.281239,6.543962,0.041832,0.024047,-0.016739
477678090.000,Miguel,recording,knock_twice_right,18,-0.589629,7.281111,6.568513,0.051292,0.029496,-0.017861
477678100.000,Miguel,recording,knock_twice_right,18,-0.574904,7.251352,6.623553,0.063844,0.036448,-0.019154
477678110.000,Miguel,recording,knock_twice_right,18,-0.569989,7.254553,6.676661,0.082791,0.044785,-0.023199
477678120.000,Miguel,recording,knock_twice_right,18,-0.537235,7.247026,6.667535,0.108161,0.060019,-0.032018
477678130.000,Miguel,recording,knock_twice_right,18,-0.612123,7.215797,6.507714,0.129611,0.070755,-0.040159
477678140.000,Miguel,recording,knock_twice_right,18,-0.859692,7.225345,6.255474,0.135227,0.066084,-0.034425
477678150.000,Miguel,recording,knock_twice_right,18,-1.331721,7.240470,6.037578,0.117464,0.045382,-0.007349
477678160.000,Miguel,recording,knock_twice_right,18,-1.868726,7.317965,5.947353,0.082705,0.012521,0.055898
477678170.000,Miguel,recording,knock_twice_right,18,-1.365038,7.547933,6.055466,0.046546,-0.018134,0.128909
477678180.000,Miguel,recording,knock_twice_right,18,-0.177910,7.529573,6.139786,0.012095,-0.042221,0.150805
477678190.000,Miguel,recording,knock_twice_right,18,0.325650,7.368240,6.299855,-0.012490,-0.059425,0.113896
477678200.000,Miguel,recording,knock_twice_right,18,0.366635,7.424290,6.614200,-0.017676,-0.051492,0.043001
477678210.000,Miguel,recording,knock_twice_right,18,0.091127,7.416235,6.744613,-0.009843,-0.015530,-0.038042
477678220.000,Miguel,recording,knock_twice_right,18,-0.285451,7.382013,6.644867,-0.000611,0.025508,-0.103415
477678230.000,Miguel,recording,knock_twice_right,18,-0.661544,7.294464,6.435693,0.004078,0.061654,-0.144524
477678240.000,Miguel,recording,knock_twice_right,18,-0.986941,7.209755,6.295717,0.006511,0.066430,-0.154898
477678250.000,Miguel,recording,knock_twice_right,18,-1.321253,7.363926,6.346602,0.012235,0.037831,-0.121746
477678260.000,Miguel,recording,knock_twice_right,18,-1.369409,7.355659,6.318812,0.019731,0.010651,-0.064436
477678270.000,Miguel,recording,knock_twice_right,18,-1.108551,7.193407,6.267011,0.022704,-0.016645,-0.014433
477678280.000,Miguel,recording,knock_twice_right,18,-0.899693,7.241791,6.356658,0.022914,-0.034338,0.018368
477678290.000,Miguel,recording,knock_twice_right,18,-0.650018,7.260874,6.442157,0.026146,-0.021240,0.030261
477678300.000,Miguel,recording,knock_twice_right,18,-0.443257,7.217135,6.446695,0.030288,0.002257,0.021239
477678310.000,Miguel,recording,knock_twice_right,18,-0.484211,7.264002,6.497552,0.035524,0.023089,0.004551
477678320.000,Miguel,recording,knock_twice_right,18,-0.733230,7.247430,6.444851,0.039656,0.053741,-0.006065
477678330.000,Miguel,recording,knock_twice_right,18,-1.227774,7.251966,6.256890,0.035202,0.070366,0.010564
477678340.000,Miguel,recording,knock_twice_right,18,-1.410610,7.475913,6.252761,0.025754,0.051851,0.061756
477678350.000,Miguel,recording,knock_twice_right,18,-0.973094,7.543397,6.268833,0.013566,0.012613,0.115027
477678360.000,Miguel,recording,knock_twice_right,18,-0.391110,7.432015,6.228700,-0.002466,-0.029842,0.135137
477678370.000,Miguel,recording,knock_twice_right,18,0.048004,7.413437,6.327749,-0.016051,-0.052093,0.110924
477678380.000,Miguel,recording,knock_twice_right,18,0.120901,7.430007,6.465191,-0.022196,-0.044008,0.054724
477678390.000,Miguel,recording,knock_twice_right,18,-0.060637,7.426742,6.532636,-0.019691,-0.023668,-0.011808
477678400.000,Miguel,recording,knock_twice_right,18,-0.338799,7.423572,6.560031,-0.011651,-0.004694,-0.069438
477678410.000,Miguel,recording,knock_twice_right,18,-0.614368,7.389136,6.482223,-0.003169,0.008124,-0.104761
477678420.000,Miguel,recording,knock_twice_right,18,-0.860814,7.372227,6.376642,0.001915,0.006930,-0.114259
477678430.000,Miguel,recording,knock_twice_right,18,-1.021192,7.229980,6.226791,-0.000954,0.000695,-0.110735
477678440.000,Miguel,recording,knock_twice_right,18,-1.130314,7.145514,6.137249,-0.012289,-0.012285,-0.090748
477678450.000,Miguel,recording,knock_twice_right,18,-1.290937,7.354527,6.213062,-0.023838,-0.032337,-0.045551
477678460.000,Miguel,recording,knock_twice_right,18,-1.155213,7.381549,6.269791,-0.032225,-0.041062,0.001483
477678470.000,Miguel,recording,knock_twice_right,18,-0.798402,7.206901,6.262254,-0.040595,-0.041269,0.027514
477678480.000,Miguel,recording,knock_twice_right,18,-0.594411,7.191664,6.337019,-0.048346,-0.036851,0.033448
477678490.000,Miguel,recording,knock_twice_right,18,-0.486629,7.293918,6.426036,-0.053039,-0.021332,0.027506
477678500.000,Miguel,recording,knock_twice_right,18,-0.426859,7.348481,6.489316,-0.051775,-0.004876,0.014441
477678510.000,Miguel,recording,knock_twice_right,18,-0.507279,7.354355,6.521931,-0.043831,0.001909,0.003476
477678520.000,Miguel,recording,knock_twice_right,18,-0.606888,7.390796,6.538376,-0.033667,0.004067,-0.001283
477678530.000,Miguel,recording,knock_twice_right,18,-0.656228,7.410653,6.538917,-0.025725,0.003086,-0.002590
477678540.000,Miguel,recording,knock_twice_right,18,-0.670186,7.396019,6.490605,-0.019861,-0.000785,-0.003010
477678550.000,Miguel,recording,knock_twice_right,18,-0.686900,7.364571,6.444637,-0.014687,-0.003593,-0.003952
477678560.000,Miguel,recording,knock_twice_right,18,-0.743788,7.349147,6.397267,-0.010243,-0.006903,-0.003231
477678570.000,Miguel,recording,knock_twice_right,18,-0.795235,7.384073,6.406010,-0.008548,-0.009744,-0.000350
477678580.000,Miguel,recording,knock_twice_right,18,-0.787611,7.351379,6.388998,-0.008996,-0.010628,0.001880
477678590.000,Miguel,recording,knock_twice_right,18,-0.761165,7.302813,6.343313,-0.009926,-0.015486,0.004182
477678600.000,Miguel,recording,knock_twice_right,18,-0.748116,7.317214,6.365924,-0.010943,-0.022898,0.009012
477678610.000,Miguel,recording,knock_twice_right,18,-0.689757,7.330573,6.414637,-0.011731,-0.027684,0.013596
477678620.000,Miguel,recording,knock_twice_right,18,-0.612754,7.316082,6.421981,-0.012365,-0.026206,0.012798
477678630.000,Miguel,recording,knock_twice_right,18,-0.570757,7.291987,6.410421,-0.013714,-0.017088,0.006890
477678640.000,Miguel,recording,knock_twice_right,18,-0.597129,7.294613,6.451490,-0.015261,-0.006983,0.001817
477678650.000,Miguel,recording,knock_twice_right,18,-0.654935,7.324712,6.535203,-0.014273,-0.000799,0.001198
477678660.000,Miguel,recording,knock_twice_right,18,-0.688824,7.314525,6.544726,-0.009352,0.004777,0.002903
477678670.000,Miguel,recording,knock_twice_right,18,-0.696918,7.296943,6.494508,-0.002810,0.009762,0.004460
477678680.000,Miguel,recording,knock_twice_right,18,-0.711703,7.281171,6.425969,0.000406,0.009684,0.005979
477678690.000,Miguel,recording,knock_twice_right,18,-0.736690,7.298599,6.417001,-0.000891,0.004193,0.008580
477678700.000,Miguel,recording,knock_twice_right,18,-0.730943,7.308341,6.441574,-0.002782,-0.001715,0.010814
477678710.000,Miguel,recording,knock_twice_right,18,-0.653491,7.290617,6.427951,-0.002443,-0.003431,0.009075
477678720.000,Miguel,recording,knock_twice_right,18,-0.609397,7.290327,6.387622,-0.003039,-0.003578,0.003874
477678730.000,Miguel,recording,knock_twice_right,18,-0.616239,7.332556,6.399775,-0.006604,-0.004870,-0.000657
477678740.000,Miguel,recording,knock_twice_right,18,-0.636831,7.363267,6.440943,-0.008504,-0.006458,-0.002087
477678750.000,Miguel,recording,knock_twice_right,18,-0.652036,7.385448,6.449720,-0.004858,-0.007535,-0.000687
477678760.000,Miguel,recording,knock_twice_right,18,-0.672323,7.421568,6.432463,0.000439,-0.008282,0.003615
477678770.000,Miguel,recording,knock_twice_right,18,-0.684235,7.430230,6.411921,0.003252,-0.007887,0.009205
477678780.000,Miguel,recording,knock_twice_right,18,-0.676872,7.415584,6.414277,0.003367,-0.006262,0.013999
477678790.000,Miguel,recording,knock_twice_right,18,-0.685136,7.376435,6.428856,0.001893,-0.005562,0.017380
477678800.000,Miguel,recording,knock_twice_right,18,-0.672509,7.328918,6.448124,0.001003,-0.006105,0.016937
477678810.000,Miguel,recording,knock_twice_right,18,-0.651716,7.285050,6.445722,-0.001654,-0.007782,0.012955
477678820.000,Miguel,recording,knock_twice_right,18,-0.675034,7.256846,6.460395,-0.007629,-0.011072,0.009284
477678830.000,Miguel,recording,knock_twice_right,18,-0.696882,7.234668,6.475202,-0.013125,-0.013719,0.008256
477678840.000,Miguel,recording,knock_twice_right,18,-0.715936,7.215168,6.501096,-0.011717,-0.012398,0.008282
477678850.000,Miguel,recording,knock_twice_right,18,-0.706787,7.212178,6.479695,-0.003277,-0.008200,0.008606
477678860.000,Miguel,recording,knock_twice_right,18,-0.721827,7.258888,6.411700,0.006612,-0.003980,0.010335
477678870.000,Miguel,recording,knock_twice_right,18,-0.719150,7.325411,6.328692,0.013306,-0.000330,0.013698
477678880.000,Miguel,recording,knock_twice_right,18,-0.678308,7.383760,6.261399,0.013039,0.002035,0.017150
477678890.000,Miguel,recording,knock_twice_right,18,-0.629791,7.405876,6.236385,0.005497,0.000808,0.017870
477678900.000,Miguel,recording,knock_twice_right,18,-0.596441,7.409845,6.235186,-0.008085,-0.003042,0.015363
477678910.000,Miguel,recording,knock_twice_right,18,-0.587308,7.387780,6.296767,-0.023882,-0.008084,0.011191
477678920.000,Miguel,recording,knock_twice_right,18,-0.583271,7.354334,6.402178,-0.036063,-0.012579,0.007358
477678930.000,Miguel,recording,knock_twice_right,19,-0.579447,7.318154,6.510284,-0.039846,-0.014821,0.005446
477678940.000,Miguel,recording,knock_twice_right,19,-0.586340,7.276043,6.577622,-0.035261,-0.014198,0.006203
477678950.000,Miguel,recording,knock_twice_right,19,-0.588199,7.238854,6.601497,-0.025433,-0.009224,0.007391
477678960.000,Miguel,recording,knock_twice_right,19,-0.584175,7.214226,6.568867,-0.013473,-0.003363,0.008504
477678970.000,Miguel,recording,knock_twice_right,19,-0.596442,7.212083,6.498656,-0.003024,0.000159,0.009320
477678980.000,Miguel,recording,knock_twice_right,19,-0.615915,7.229359,6.414898,0.001120,0.001979,0.008182
477678990.000,Miguel,recording,knock_twice_right,19,-0.638235,7.241755,6.345817,-0.003314,0.002510,0.008130
477679000.000,Miguel,recording,knock_twice_right,19,-0.637237,7.271685,6.328759,-0.012883,0.002679,0.009563
477679010.000,Miguel,recording,knock_twice_right,19,-0.614210,7.294980,6.358642,-0.020568,0.002492,0.009169
477679020.000,Miguel,recording,knock_twice_right,19,-0.605676,7.315213,6.392821,-0.023462,0.003380,0.007686
477679030.000,Miguel,recording,knock_twice_right,19,-0.611740,7.335058,6.455573,-0.023426,0.003979,0.006588
477679040.000,Miguel,recording,knock_twice_right,19,-0.607306,7.316492,6.491438,-0.021901,0.002675,0.005312
477679050.000,Miguel,recording,knock_twice_right,19,-0.632424,7.325927,6.503087,-0.019698,0.000269,0.004863
477679060.000,Miguel,recording,knock_twice_right,19,-0.659085,7.345861,6.508457,-0.017991,-0.001587,0.005513
477679070.000,Miguel,recording,knock_twice_right,19,-0.667845,7.331060,6.484734,-0.017698,-0.002201,0.006993
477679080.000,Miguel,recording,knock_twice_right,19,-0.665943,7.348301,6.484210,-0.018720,-0.004441,0.009368
477679090.000,Miguel,recording,knock_twice_right,19,-0.651008,7.354598,6.531089,-0.019110,-0.005819,0.010937
477679100.000,Miguel,recording,knock_twice_right,19,-0.621450,7.348408,6.571564,-0.015881,-0.004843,0.011642
477679110.000,Miguel,recording,knock_twice_right,19,-0.620338,7.341512,6.584647,-0.008147,-0.003579,0.011931
477679120.000,Miguel,recording,knock_twice_right,19,-0.648489,7.341470,6.603994,0.002186,-0.002442,0.012044
477679130.000,Miguel,recording,knock_twice_right,19,-0.661965,7.354697,6.585134,0.012111,-0.001084,0.012344
477679140.000,Miguel,recording,knock_twice_right,19,-0.664140,7.348603,6.532410,0.020231,-0.000607,0.012778
477679150.000,Miguel,recording,knock_twice_right,19,-0.665907,7.321887,6.452090,0.024238,-0.001507,0.013783
477679160.000,Miguel,recording,knock_twice_right,19,-0.662307,7.300074,6.388741,0.022807,-0.002366,0.015402
477679170.000,Miguel,recording,knock_twice_right,19,-0.675141,7.298067,6.353276,0.017655,-0.004572,0.016549
477679180.000,Miguel,recording,knock_twice_right,19,-0.658427,7.296481,6.340226,0.011598,-0.007159,0.016823
477679190.000,Miguel,recording,knock_twice_right,19,-0.642357,7.281095,6.338034,0.006110,-0.008255,0.017652
477679200.000,Miguel,recording,knock_twice_right,19,-0.641343,7.277143,6.343540,0.001806,-0.010695,0.019186
477679210.000,Miguel,recording,knock_twice_right,19,-0.610280,7.292292,6.353428,-0.001309,-0.014218,0.020560
477679220.000,Miguel,recording,knock_twice_right,19,-0.574712,7.304668,6.371172,-0.004093,-0.012776,0.020208
477679230.000,Miguel,recording,knock_twice_right,19,-0.564506,7.287584,6.402627,-0.006042,-0.008610,0.018297
477679240.000,Miguel,recording,knock_twice_right,19,-0.566008,7.285686,6.420043,-0.007208,-0.006262,0.016896
477679250.000,Miguel,recording,knock_twice_right,19,-0.552118,7.304216,6.416901,-0.007230,-0.004284,0.014993
477679260.000,Miguel,recording,knock_twice_right,19,-0.566360,7.292679,6.408795,-0.007375,-0.003498,0.011613
477679270.000,Miguel,recording,knock_twice_right,19,-0.601818,7.295778,6.421455,-0.008781,-0.003744,0.010471
477679280.000,Miguel,recording,knock_twice_right,19,-0.618805,7.293623,6.429123,-0.010413,-0.004475,0.012241
477679290.000,Miguel,recording,knock_twice_right,19,-0.603614,7.275157,6.426605,-0.012278,-0.005917,0.014204
477679300.000,Miguel,recording,knock_twice_right,19,-0.587170,7.288059,6.433511,-0.014822,-0.006483,0.015692
477679310.000,Miguel,recording,knock_twice_right,19,-0.566339,7.286498,6.436562,-0.017496,-0.006659,0.016421
477679320.000,Miguel,recording,knock_twice_right,19,-0.566022,7.291230,6.437452,-0.019641,-0.008019,0.016457
477679330.000,Miguel,recording,knock_twice_right,19,-0.578337,7.289182,6.459910,-0.020700,-0.008339,0.016668
477679340.000,Miguel,recording,knock_twice_right,19,-0.575942,7.293060,6.508916,-0.018301,-0.005532,0.017331
477679350.000,Miguel,recording,knock_twice_right,19,-0.547070,7.308719,6.519743,-0.013087,-0.001437,0.017201
477679360.000,Miguel,recording,knock_twice_right,19,-0.537890,7.307554,6.520155,-0.007823,0.001782,0.016514
477679370.000,Miguel,recording,knock_twice_right,19,-0.564824,7.318456,6.503150,-0.004630,0.004099,0.014582
477679380.000,Miguel,recording,knock_twice_right,19,-0.594788,7.331436,6.482668,-0.004502,0.004957,0.012412
477679390.000,Miguel,recording,knock_twice_right,19,-0.596767,7.321117,6.467794,-0.006038,0.004990,0.012065
477679400.000,Miguel,recording,knock_twice_right,19,-0.583178,7.290103,6.448268,-0.007975,0.002887,0.012603
477679410.000,Miguel,recording,knock_twice_right,19,-0.588924,7.284135,6.447318,-0.009777,-0.002787,0.013717
477679420.000,Miguel,recording,knock_twice_right,19,-0.568132,7.293560,6.476040,-0.010162,-0.008664,0.015123
477679430.000,Miguel,recording,knock_twice_right,19,-0.526730,7.279724,6.523387,-0.005845,-0.011655,0.015096
477679440.000,Miguel,recording,knock_twice_right,19,-0.494877,7.270335,6.548938,0.003325,-0.010817,0.013622
477679450.000,Miguel,recording,knock_twice_right,19,-0.484268,7.270715,6.513535,0.011604,-0.006663,0.010673
477679460.000,Miguel,recording,knock_twice_right,19,-0.494020,7.269188,6.470535,0.015429,-0.001632,0.006692
477679470.000,Miguel,recording,knock_twice_right,19,-0.509362,7.280724,6.431301,0.013854,0.000980,0.003517
477679480.000,Miguel,recording,knock_twice_right,19,-0.557339,7.294498,6.400880,0.007108,0.001276,0.001987
477679490.000,Miguel,recording,knock_twice_right,19,-0.622585,7.285708,6.405470,-0.002505,-0.000816,0.003679
477679500.000,Miguel,recording,knock_twice_right,19,-0.636708,7.269819,6.444534,-0.010542,-0.004713,0.007214
477679510.000,Miguel,recording,knock_twice_right,19,-0.585756,7.272612,6.477414,-0.012665,-0.008167,0.009940
477679520.000,Miguel,recording,knock_twice_right,19,-0.561878,7.285470,6.477864,-0.010557,-0.009872,0.010459
477679530.000,Miguel,recording,knock_twice_right,19,-0.559577,7.289073,6.449514,-0.007310,-0.007227,0.008186
477679540.000,Miguel,recording,knock_twice_right,19,-0.562370,7.287505,6.401240,-0.004796,-0.002303,0.004425
477679550.000,Miguel,recording,knock_twice_right,19,-0.549104,7.323843,6.333813,-0.007203,0.006042,-0.000960
477679560.000,Miguel,recording,knock_twice_right,19,-0.523058,7.304444,6.274455,-0.015421,0.017414,-0.007519
477679570.000,Miguel,recording,knock_twice_right,19,-0.528869,7.277456,6.299432,-0.027165,0.017931,-0.011278
477679580.000,Miguel,recording,knock_twice_right,19,-0.590827,7.292271,6.428291,-0.037397,0.008114,-0.009778
477679590.000,Miguel,recording,knock_twice_right,19,-0.664926,7.272822,6.539733,-0.040382,-0.003262,-0.004093
477679600.000,Miguel,recording,knock_twice_right,19,-0.658045,7.257321,6.596845,-0.034715,-0.014263,0.003307
477679610.000,Miguel,recording,knock_twice_right,19,-0.604504,7.279376,6.617628,-0.024509,-0.019921,0.009585
477679620.000,Miguel,recording,knock_twice_right,19,-0.551498,7.293240,6.596810,-0.015041,-0.019148,0.012672
477679630.000,Miguel,recording,knock_twice_right,19,-0.525273,7.287607,6.582123,-0.007471,-0.013243,0.013409
477679640.000,Miguel,recording,knock_twice_right,19,-0.515012,7.290938,6.585200,-0.000166,-0.004849,0.011799
477679650.000,Miguel,recording,knock_twice_right,19,-0.487573,7.288460,6.570349,0.007748,0.000195,0.008164
477679660.000,Miguel,recording,knock_twice_right,19,-0.481628,7.271463,6.525174,0.012941,0.000821,0.004294
477679670.000,Miguel,recording,knock_twice_right,19,-0.503328,7.239652,6.478590,0.012979,-0.000038,0.000767
477679680.000,Miguel,recording,knock_twice_right,19,-0.498632,7.239444,6.453567,0.009627,-0.002612,-0.001780
477679690.000,Miguel,recording,knock_twice_right,19,-0.494549,7.235564,6.436425,0.006346,-0.005416,-0.006078
477679700.000,Miguel,recording,knock_twice_right,19,-0.500993,7.223449,6.438377,0.004965,-0.007368,-0.011365
477679710.000,Miguel,recording,knock_twice_right,19,-0.537155,7.229112,6.440537,0.005748,-0.010082,-0.012871
477679720.000,Miguel,recording,knock_twice_right,19,-0.565914,7.228228,6.422426,0.006878,-0.009025,-0.011395
477679730.000,Miguel,recording,knock_twice_right,19,-0.531220,7.227561,6.397336,0.007711,-0.003390,-0.009355
477679740.000,Miguel,recording,knock_twice_right,19,-0.506319,7.233020,6.337702,0.006562,0.002773,-0.009567
477679750.000,Miguel,recording,knock_twice_right,19,-0.517088,7.246488,6.312462,0.000360,0.008509,-0.012785
477679760.000,Miguel,recording,knock_twice_right,19,-0.546304,7.270483,6.315207,-0.009300,0.012972,-0.016018
477679770.000,Miguel,recording,knock_twice_right,19,-0.579817,7.277832,6.341800,-0.018957,0.014108,-0.017890
477679780.000,Miguel,recording,knock_twice_right,19,-0.603920,7.281834,6.401858,-0.026711,0.011265,-0.017675
477679790.000,Miguel,recording,knock_twice_right,19,-0.599495,7.306447,6.474692,-0.029743,0.007343,-0.017615
477679800.000,Miguel,recording,knock_twice_right,19,-0.597152,7.313928,6.520657,-0.028747,0.003474,-0.018167
477679810.000,Miguel,recording,knock_twice_right,19,-0.619743,7.317201,6.544245,-0.026330,-0.000550,-0.017737
477679820.000,Miguel,recording,knock_twice_right,19,-0.642370,7.323194,6.541080,-0.023705,-0.003183,-0.015580
477679830.000,Miguel,recording,knock_twice_right,19,-0.628600,7.315830,6.566785,-0.021580,-0.002562,-0.011211
477679840.000,Miguel,recording,knock_twice_right,19,-0.596951,7.306421,6.595216,-0.018991,-0.000376,-0.006681
477679850.000,Miguel,recording,knock_twice_right,19,-0.584978,7.280499,6.600275,-0.014508,0.001887,-0.004867
477679860.000,Miguel,recording,knock_twice_right,19,-0.563253,7.284001,6.590937,-0.008642,0.004078,-0.005537
477679870.000,Miguel,recording,knock_twice_right,19,-0.533280,7.279023,6.588608,-0.001628,0.004954,-0.007389
477679880.000,Miguel,recording,knock_twice_right,19,-0.519619,7.257133,6.585258,0.008253,0.002421,-0.011515
477679890.000,Miguel,recording,knock_twice_right,19,-0.542653,7.267200,6.542145,0.018827,-0.002060,-0.015952
477679900.000,Miguel,recording,knock_twice_right,19,-0.576332,7.281232,6.484755,0.025333,-0.005051,-0.017468
477679910.000,Miguel,recording,knock_twice_right,19,-0.570906,7.266931,6.430180,0.025137,-0.006654,-0.017386
477679920.000,Miguel,recording,knock_twice_right,19,-0.561736,7.248851,6.411358,0.022554,-0.005818,-0.017501
477679930.000,Miguel,recording,knock_twice_right,19,-0.578520,7.241640,6.385191,0.020067,-0.001266,-0.016575
477679940.000,Miguel,recording,knock_twice_right,19,-0.596001,7.241477,6.359316,0.015472,0.003497,-0.013656
477679950.000,Miguel,recording,knock_twice_right,19,-0.605987,7.253950,6.344182,0.006429,0.003355,-0.009105
477679960.000,Miguel,recording,knock_twice_right,19,-0.587988,7.256972,6.342683,-0.005649,-0.000368,-0.004299
477679970.000,Miguel,recording,knock_twice_right,19,-0.555772,7.264626,6.374386,-0.015745,-0.002589,-0.003091
477679980.000,Miguel,recording,knock_twice_right,19,-0.548652,7.259322,6.428378,-0.023769,-0.003497,-0.006498
477679990.000,Miguel,recording,knock_twice_right,19,-0.575205,7.256537,6.495200,-0.027999,-0.004383,-0.009737
477680000.000,Miguel,recording,knock_twice_right,19,-0.598144,7.292281,6.569640,-0.026185,-0.004598,-0.010766
477680010.000,Miguel,recording,knock_twice_right,19,-0.591067,7.309652,6.593939,-0.019488,-0.004111,-0.012620
477680020.000,Miguel,recording,knock_twice_right,19,-0.609592,7.321157,6.581823,-0.011210,-0.001995,-0.014752
477680030.000,Miguel,recording,knock_twice_right,19,-0.633163,7.312022,6.575932,-0.004538,0.001048,-0.014567
477680040.000,Miguel,recording,knock_twice_right,19,-0.634690,7.315662,6.561274,0.000493,0.003997,-0.013170
477680050.000,Miguel,recording,knock_twice_right,19,-0.615090,7.303036,6.522907,0.004502,0.005745,-0.011858
477680060.000,Miguel,recording,knock_twice_right,19,-0.599195,7.290819,6.471674,0.005715,0.006263,-0.011198
477680070.000,Miguel,recording,knock_twice_right,19,-0.624732,7.289425,6.459447,0.002436,0.005381,-0.010419
477680080.000,Miguel,recording,knock_twice_right,19,-0.655650,7.289140,6.488838,-0.000486,0.002227,-0.008190
477680090.000,Miguel,recording,knock_twice_right,19,-0.639571,7.272026,6.522948,-0.000310,-0.001172,-0.005074
477680100.000,Miguel,recording,knock_twice_right,19,-0.584762,7.267655,6.537767,0.001901,-0.002664,-0.003134
477680110.000,Miguel,recording,knock_twice_right,19,-0.561901,7.261927,6.537122,0.005781,-0.001670,-0.002799
477680120.000,Miguel,recording,knock_twice_right,19,-0.559920,7.261494,6.548144,0.011290,0.000875,-0.004326
477680130.000,Miguel,recording,knock_twice_right,19,-0.548162,7.270914,6.522975,0.017897,0.002830,-0.007346
477680140.000,Miguel,recording,knock_twice_right,19,-0.566136,7.263081,6.463682,0.021662,0.002989,-0.010074
477680150.000,Miguel,recording,knock_twice_right,19,-0.589650,7.270514,6.421720,0.020184,0.001591,-0.010658
477680160.000,Miguel,recording,knock_twice_right,19,-0.607384,7.271098,6.376483,0.015264,0.000465,-0.010199
477680170.000,Miguel,recording,knock_twice_right,19,-0.600955,7.256906,6.353387,0.009103,0.000464,-0.010415
477680180.000,Miguel,recording,knock_twice_right,19,-0.581208,7.246484,6.350225,0.001720,0.000080,-0.010873
477680190.000,Miguel,recording,knock_twice_right,19,-0.591575,7.247571,6.373251,-0.006830,-0.001735,-0.010861
477680200.000,Miguel,recording,knock_twice_right,19,-0.608372,7.269213,6.415983,-0.013434,-0.003606,-0.010285
477680210.000,Miguel,recording,knock_twice_right,19,-0.603709,7.266757,6.470344,-0.015567,-0.003519,-0.010186
477680220.000,Miguel,recording,knock_twice_right,19,-0.571397,7.266617,6.506738,-0.013112,-0.001703,-0.010974
477680230.000,Miguel,recording,knock_twice_right,19,-0.565172,7.249779,6.510580,-0.008067,-0.000102,-0.012757
477680240.000,Miguel,recording,knock_twice_right,19,-0.586603,7.268959,6.511362,-0.003971,0.000913,-0.014289
477680250.000,Miguel,recording,knock_twice_right,19,-0.615624,7.267441,6.480675,-0.002000,0.001650,-0.014513
477680260.000,Miguel,recording,knock_twice_right,19,-0.631211,7.262985,6.461138,-0.001710,0.002007,-0.013978
477680270.000,Miguel,recording,knock_twice_right,19,-0.620144,7.276141,6.469330,-0.003258,0.002414,-0.012878
477680280.000,Miguel,recording,knock_twice_right,19,-0.600903,7.291758,6.483363,-0.006041,0.002638,-0.012256
477680290.000,Miguel,recording,knock_twice_right,19,-0.612308,7.290037,6.499463,-0.007321,0.002216,-0.013017
477680300.000,Miguel,recording,knock_twice_right,19,-0.641781,7.310708,6.509882,-0.005997,0.002438,-0.012800
477680310.000,Miguel,recording,knock_twice_right,19,-0.644157,7.310040,6.533317,-0.003241,0.004444,-0.010988
477680320.000,Miguel,recording,knock_twice_right,19,-0.617050,7.286703,6.515785,-0.000942,0.005668,-0.009132
477680330.000,Miguel,recording,knock_twice_right,19,-0.601864,7.281380,6.480124,-0.001364,0.003348,-0.008200
477680340.000,Miguel,recording,knock_twice_right,19,-0.617797,7.285002,6.476799,-0.003172,0.000986,-0.008589
477680350.000,Miguel,recording,knock_twice_right,19,-0.628678,7.294247,6.488393,-0.003174,-0.000915,-0.008922
477680360.000,Miguel,recording,knock_twice_right,19,-0.640589,7.280261,6.496568,-0.001911,-0.003656,-0.008290
477680370.000,Miguel,recording,knock_twice_right,19,-0.631753,7.273088,6.502848,-0.001683,-0.004419,-0.006572
477680380.000,Miguel,recording,knock_twice_right,19,-0.613794,7.262970,6.503579,-0.000941,-0.002764,-0.006100
477680390.000,Miguel,recording,knock_twice_right,19,-0.605951,7.253582,6.491448,0.001333,-0.000400,-0.007039
477680400.000,Miguel,recording,knock_twice_right,19,-0.608422,7.260773,6.436530,0.001900,0.001628,-0.008439
477680410.000,Miguel,recording,knock_twice_right,19,-0.612635,7.263016,6.405271,-0.001118,0.002884,-0.009433
477680420.000,Miguel,recording,knock_twice_right,19,-0.623543,7.266664,6.387860,-0.006387,0.002692,-0.008875
477680430.000,Miguel,recording,knock_twice_right,19,-0.632073,7.255711,6.390487,-0.010842,0.002941,-0.008156
477680440.000,Miguel,recording,knock_twice_right,19,-0.635452,7.251191,6.391011,-0.013782,0.004198,-0.008057
477680450.000,Miguel,recording,knock_twice_right,19,-0.653388,7.265421,6.405080,-0.015413,0.000834,-0.006800
477680460.000,Miguel,recording,knock_twice_right,19,-0.672880,7.283548,6.442521,-0.015616,-0.003776,-0.003160
477680470.000,Miguel,recording,knock_twice_right,19,-0.600959,7.275270,6.448301,-0.015064,-0.003620,-0.002320
477680480.000,Miguel,recording,knock_twice_right,19,-0.554267,7.257649,6.438234,-0.017041,-0.002449,-0.006889
477680490.000,Miguel,recording,knock_twice_right,19,-0.594781,7.282166,6.495673,-0.021711,-0.001084,-0.011859
477680500.000,Miguel,recording,knock_twice_right,19,-0.615146,7.282991,6.553994,-0.024375,0.000912,-0.014107
477680510.000,Miguel,recording,knock_twice_right,19,-0.627569,7.241644,6.592311,-0.022892,0.003311,-0.015722
477680520.000,Miguel,recording,knock_twice_right,19,-0.633425,7.225044,6.617506,-0.018359,0.005601,-0.016817
477680530.000,Miguel,recording,knock_twice_right,19,-0.627097,7.228901,6.620849,-0.013188,0.006774,-0.016048
477680540.000,Miguel,recording,knock_twice_right,19,-0.645375,7.241882,6.596651,-0.007149,0.008536,-0.014411
477680550.000,Miguel,recording,knock_twice_right,19,-0.651426,7.243853,6.558364,-0.000861,0.009540,-0.012481
477680560.000,Miguel,recording,knock_twice_right,19,-0.637846,7.247465,6.506953,0.002912,0.008934,-0.010679
477680570.000,Miguel,recording,knock_twice_right,19,-0.601414,7.256734,6.476050,0.003806,0.008194,-0.009782
477680580.000,Miguel,recording,knock_twice_right,19,-0.572052,7.253622,6.457559,0.003222,0.007055,-0.009921
477680590.000,Miguel,recording,knock_twice_right,19,-0.574536,7.245627,6.453037,0.002291,0.006413,-0.012155
477680600.000,Miguel,recording,knock_twice_right,19,-0.592663,7.263361,6.438392,0.000763,0.005381,-0.014812
477680610.000,Miguel,recording,knock_twice_right,19,-0.628060,7.274520,6.434334,-0.003152,0.004016,-0.015420
477680620.000,Miguel,recording,knock_twice_right,19,-0.637954,7.281458,6.462229,-0.008025,0.003028,-0.015233
477680630.000,Miguel,recording,knock_twice_right,19,-0.651043,7.262028,6.481196,-0.010089,0.001287,-0.014077
477680640.000,Miguel,recording,knock_twice_right,19,-0.673972,7.246192,6.500871,-0.010038,-0.001246,-0.012092
477680650.000,Miguel,recording,knock_twice_right,19,-0.679051,7.245454,6.524281,-0.008816,-0.003662,-0.010473
477680660.000,Miguel,recording,knock_twice_right,19,-0.662020,7.238187,6.525130,-0.006792,-0.005904,-0.009440
477680670.000,Miguel,recording,knock_twice_right,19,-0.639683,7.232496,6.512703,-0.004145,-0.005764,-0.008700
477680680.000,Miguel,recording,knock_twice_right,19,-0.616780,7.243330,6.497086,-0.003730,-0.002599,-0.009109
477680690.000,Miguel,recording,knock_twice_right,19,-0.627556,7.250759,6.468603,-0.008934,0.001902,-0.010738
477680700.000,Miguel,recording,knock_twice_right,19,-0.668824,7.247137,6.485142,-0.015063,0.004834,-0.011949
477680710.000,Miguel,recording,knock_twice_right,19,-0.698681,7.253598,6.541708,-0.016140,0.004340,-0.012247
477680720.000,Miguel,recording,knock_twice_right,19,-0.715930,7.255932,6.579791,-0.012776,0.002969,-0.011801
477680730.000,Miguel,recording,knock_twice_right,19,-0.723711,7.242339,6.583050,-0.007820,0.000689,-0.009181
477680740.000,Miguel,recording,knock_twice_right,19,-0.719518,7.257712,6.560130,-0.003097,-0.001349,-0.005027
477680750.000,Miguel,recording,knock_twice_right,19,-0.690237,7.281916,6.540403,0.000563,-0.002094,-0.001708
477680760.000,Miguel,recording,knock_twice_right,19,-0.655079,7.280365,6.521816,0.003632,-0.002863,0.001137
477680770.000,Miguel,recording,knock_twice_right,19,-0.647188,7.295705,6.492433,0.005438,-0.003289,0.003362
477680780.000,Miguel,recording,knock_twice_right,19,-0.627878,7.314931,6.482457,0.005214,-0.003465,0.003937
477680790.000,Miguel,recording,knock_twice_right,19,-0.584324,7.296971,6.445316,0.003080,-0.002256,0.002773
477680800.000,Miguel,recording,knock_twice_right,19,-0.587849,7.256331,6.443990,-0.000235,-0.000950,-0.001323
477680810.000,Miguel,recording,knock_twice_right,19,-0.625562,7.247105,6.474944,-0.003602,-0.002093,-0.005805
477680820.000,Miguel,recording,knock_twice_right,19,-0.672178,7.241922,6.512178,-0.004820,-0.003743,-0.006050
477680830.000,Miguel,recording,knock_twice_right,19,-0.696943,7.234168,6.547519,-0.003140,-0.004603,-0.002864
477680840.000,Miguel,recording,knock_twice_right,19,-0.676800,7.215892,6.534072,0.000060,-0.005709,0.000363
477680850.000,Miguel,recording,knock_twice_right,19,-0.665871,7.215454,6.498863,0.002345,-0.006601,0.002987
477680860.000,Miguel,recording,knock_twice_right,19,-0.653759,7.233832,6.464667,0.000835,-0.007280,0.006096
477680870.000,Miguel,recording,knock_twice_right,19,-0.624234,7.252602,6.424154,-0.004979,-0.006591,0.007781
477680880.000,Miguel,recording,knock_twice_right,19,-0.614172,7.245174,6.419214,-0.012517,-0.004020,0.006921
477680890.000,Miguel,recording,knock_twice_right,19,-0.623253,7.230945,6.461445,-0.018080,-0.000705,0.003899
477680900.000,Miguel,recording,knock_twice_right,19,-0.626070,7.234566,6.514907,-0.018896,0.001563,-0.000669
477680910.000,Miguel,recording,knock_twice_right,19,-0.621880,7.222608,6.544942,-0.015729,0.002605,-0.005489
477680920.000,Miguel,recording,knock_twice_right,19,-0.639919,7.224308,6.538108,-0.010140,0.004575,-0.010036
477680930.000,Miguel,recording,knock_twice_right,19,-0.681037,7.232143,6.518152,-0.003444,0.003927,-0.012094
477680940.000,Miguel,recording,knock_twice_right,19,-0.694311,7.238748,6.484095,0.000349,0.001709,-0.011083
477680950.000,Miguel,recording,knock_twice_right,19,-0.701915,7.246709,6.443467,-0.001886,-0.000816,-0.008458
477680960.000,Miguel,recording,knock_twice_right,19,-0.687937,7.247453,6.409382,-0.010353,-0.004713,-0.004147
477680970.000,Miguel,recording,knock_twice_right,19,-0.643162,7.241975,6.421997,-0.022270,-0.006364,0.000282
477680980.000,Miguel,recording,knock_twice_right,19,-0.596728,7.228526,6.489460,-0.030767,-0.006151,0.002306
477680990.000,Miguel,recording,knock_twice_right,19,-0.585809,7.219524,6.577321,-0.032894,-0.006156,0.001021
477681000.000,Miguel,recording,knock_twice_right,19,-0.581486,7.223763,6.638892,-0.028216,-0.004674,-0.002275
477681010.000,Miguel,recording,knock_twice_right,19,-0.589857,7.240564,6.677419,-0.016145,-0.001148,-0.006456
477681020.000,Miguel,recording,knock_twice_right,19,-0.612062,7.245995,6.675878,-0.001735,0.003173,-0.009972
477681030.000,Miguel,recording,knock_twice_right,19,-0.632652,7.244625,6.629470,0.009939,0.008809,-0.010921
477681040.000,Miguel,recording,knock_twice_right,19,-0.646918,7.240176,6.537919,0.016406,0.013150,-0.010626
477681050.000,Miguel,recording,knock_twice_right,19,-0.666644,7.254024,6.458534,0.015630,0.014446,-0.010386
477681060.000,Miguel,recording,knock_twice_right,19,-0.693840,7.258173,6.416354,0.008831,0.013509,-0.009257
477681070.000,Miguel,recording,knock_twice_right,19,-0.723794,7.261256,6.451088,0.002723,0.011291,-0.006252
477681080.000,Miguel,recording,knock_twice_right,19,-0.712583,7.248278,6.521675,0.000792,0.007985,-0.002454
477681090.000,Miguel,recording,knock_twice_right,19,-0.650305,7.235348,6.564485,0.001261,0.003341,0.000075
477681100.000,Miguel,recording,knock_twice_right,19,-0.634351,7.248126,6.612831,0.006056,0.002596,0.000191
477681110.000,Miguel,recording,knock_twice_right,19,-0.633118,7.206482,6.619315,0.015171,0.010671,-0.002547
477681120.000,Miguel,recording,knock_twice_right,19,-0.625850,7.185079,6.496850,0.021844,0.020152,-0.006055
477681130.000,Miguel,recording,knock_twice_right,19,-0.728757,7.240268,6.370713,0.019260,0.015757,-0.003014
477681140.000,Miguel,recording,knock_twice_right,19,-0.931360,7.257906,6.300005,0.007922,-0.002760,0.010115
477681150.000,Miguel,recording,knock_twice_right,19,-1.342699,7.179065,6.258180,-0.011520,-0.027965,0.039151
477681160.000,Miguel,recording,knock_twice_right,19,-1.400318,7.251237,6.300607,-0.033231,-0.049319,0.087533
477681170.000,Miguel,recording,knock_twice_right,19,-0.631635,7.423634,6.399833,-0.049936,-0.060021,0.122694
477681180.000,Miguel,recording,knock_twice_right,19,-0.013363,7.296993,6.443526,-0.062840,-0.065713,0.114486
477681190.000,Miguel,recording,knock_twice_right,19,0.200343,7.238750,6.602266,-0.068188,-0.062424,0.073459
477681200.000,Miguel,recording,knock_twice_right,19,0.079207,7.287488,6.771886,-0.063451,-0.044587,0.017823
477681210.000,Miguel,recording,knock_twice_right,19,-0.175557,7.268774,6.817346,-0.049469,-0.014851,-0.035682
477681220.000,Miguel,recording,knock_twice_right,19,-0.464348,7.220331,6.757952,-0.029540,0.015216,-0.074430
477681230.000,Miguel,recording,knock_twice_right,19,-0.600008,7.111823,6.674984,-0.008461,0.034168,-0.097993
477681240.000,Miguel,recording,knock_twice_right,19,-0.819441,7.160646,6.568953,0.011451,0.040908,-0.097985
477681250.000,Miguel,recording,knock_twice_right,19,-1.060900,7.263567,6.463078,0.025223,0.036055,-0.071113
477681260.000,Miguel,recording,knock_twice_right,19,-1.017962,7.140000,6.360428,0.028052,0.018310,-0.034546
477681270.000,Miguel,recording,knock_twice_right,19,-0.918255,7.136024,6.344334,0.020930,-0.005237,-0.003021
477681280.000,Miguel,recording,knock_twice_right,19,-0.781816,7.197377,6.433490,0.007854,-0.017057,0.017209
477681290.000,Miguel,recording,knock_twice_right,19,-0.596248,7.186240,6.550963,-0.001450,-0.003722,0.021114
477681300.000,Miguel,recording,knock_twice_right,19,-0.454713,7.129290,6.650738,0.001714,0.021214,0.010423
477681310.000,Miguel,recording,knock_twice_right,19,-0.489511,7.164002,6.796792,0.020127,0.035941,-0.002096
477681320.000,Miguel,recording,knock_twice_right,19,-0.662993,7.219240,6.840349,0.051431,0.053463,-0.010034
477681330.000,Miguel,recording,knock_twice_right,19,-1.127869,7.108886,6.499831,0.071401,0.075253,-0.003093
477681340.000,Miguel,recording,knock_twice_right,19,-1.521456,7.236492,6.169467,0.064705,0.072775,0.038587
477681350.000,Miguel,recording,knock_twice_right,19,-1.234510,7.537636,6.174122,0.038683,0.041048,0.097562
477681360.000,Miguel,recording,knock_twice_right,19,-0.793285,7.398939,6.201650,0.005846,-0.002804,0.138269
477681370.000,Miguel,recording,knock_twice_right,19,-0.475575,7.270660,6.387104,-0.019545,-0.036829,0.150990
477681380.000,Miguel,recording,knock_twice_right,19,-0.299588,7.274887,6.550357,-0.031694,-0.046680,0.138639
477681390.000,Miguel,recording,knock_twice_right,19,-0.028693,7.303944,6.661722,-0.031772,-0.034847,0.104740
477681400.000,Miguel,recording,knock_twice_right,19,0.091680,7.302299,6.684228,-0.024780,-0.014404,0.056417
477681410.000,Miguel,recording,knock_twice_right,19,-0.002448,7.265834,6.628762,-0.016465,0.003670,0.004489
477681420.000,Miguel,recording,knock_twice_right,19,-0.207746,7.230472,6.550971,-0.012137,0.013126,-0.041795
477681430.000,Miguel,recording,knock_twice_right,19,-0.424271,7.209755,6.479708,-0.013716,0.014272,-0.075576
477681440.000,Miguel,recording,knock_twice_right,19,-0.634852,7.188735,6.423643,-0.018469,0.009721,-0.094051
477681450.000,Miguel,recording,knock_twice_right,19,-0.786288,7.138479,6.445870,-0.018847,-0.001587,-0.098004
477681460.000,Miguel,recording,knock_twice_right,19,-0.862955,7.103991,6.532202,-0.011030,-0.011468,-0.092509
477681470.000,Miguel,recording,knock_twice_right,19,-0.881202,7.080492,6.541764,0.002061,-0.012414,-0.084748
477681480.000,Miguel,recording,knock_twice_right,19,-0.836466,7.015978,6.440183,0.012610,-0.007550,-0.081154
477681490.000,Miguel,recording,knock_twice_right,19,-0.858997,7.086035,6.332738,0.013057,-0.001222,-0.073131
477681500.000,Miguel,recording,knock_twice_right,19,-0.984840,7.331214,6.283928,0.000887,0.000295,-0.049084
477681510.000,Miguel,recording,knock_twice_right,19,-0.911259,7.334752,6.297578,-0.022063,-0.003069,-0.018454
477681520.000,Miguel,recording,knock_twice_right,19,-0.732625,7.271237,6.426804,-0.046494,-0.005263,0.005485
477681530.000,Miguel,recording,knock_twice_right,19,-0.550952,7.293181,6.639057,-0.060630,-0.005912,0.016988
477681540.000,Miguel,recording,knock_twice_right,19,-0.463860,7.341291,6.816189,-0.059283,-0.004311,0.017057
477681550.000,Miguel,recording,knock_twice_right,19,-0.440095,7.335152,6.904704,-0.043165,0.001879,0.011149
477681560.000,Miguel,recording,knock_twice_right,19,-0.465917,7.305799,6.912136,-0.018530,0.008904,0.001971
477681570.000,Miguel,recording,knock_twice_right,19,-0.529725,7.291448,6.840491,0.007469,0.013561,-0.007921
477681580.000,Miguel,recording,knock_twice_right,19,-0.636185,7.280032,6.719940,0.029158,0.013392,-0.013067
477681590.000,Miguel,recording,knock_twice_right,19,-0.737495,7.262797,6.560475,0.040390,0.007399,-0.012858
477681600.000,Miguel,recording,knock_twice_right,19,-0.785577,7.237569,6.414673,0.039950,-0.002941,-0.009158
477681610.000,Miguel,recording,knock_twice_right,19,-0.802952,7.224495,6.344483,0.030887,-0.015614,-0.002838
477681620.000,Miguel,recording,knock_twice_right,19,-0.786680,7.216894,6.327807,0.017733,-0.023399,0.003994
477681630.000,Miguel,recording,knock_twice_right,19,-0.719536,7.193061,6.331133,0.005983,-0.024740,0.007287
477681640.000,Miguel,recording,knock_twice_right,19,-0.668302,7.175099,6.372978,-0.002667,-0.025845,0.007040
477681650.000,Miguel,recording,knock_twice_right,19,-0.631223,7.176226,6.447005,-0.007862,-0.025255,0.006323
477681660.000,Miguel,recording,knock_twice_right,19,-0.578196,7.175448,6.478638,-0.008936,-0.019328,0.003144
477681670.000,Miguel,recording,knock_twice_right,19,-0.551148,7.169022,6.480480,-0.010110,-0.012589,-0.002369
477681680.000,Miguel,recording,knock_twice_right,19,-0.582590,7.174512,6.480380,-0.014669,-0.008378,-0.005958
477681690.000,Miguel,recording,knock_twice_right,19,-0.619008,7.173276,6.505888,-0.020483,-0.005454,-0.007536
477681700.000,Miguel,recording,knock_twice_right,19,-0.624508,7.182766,6.533638,-0.023308,-0.000709,-0.008178
477681710.000,Miguel,recording,knock_twice_right,19,-0.610474,7.182480,6.533580,-0.023105,0.006096,-0.008443
477681720.000,Miguel,recording,knock_twice_right,19,-0.603088,7.201116,6.507493,-0.022741,0.011864,-0.010342
477681730.000,Miguel,recording,knock_twice_right,19,-0.621123,7.214902,6.497169,-0.022845,0.016231,-0.013594
477681740.000,Miguel,recording,knock_twice_right,19,-0.644562,7.215465,6.487819,-0.022938,0.019129,-0.016414
477681750.000,Miguel,recording,knock_twice_right,19,-0.690512,7.221070,6.477901,-0.024016,0.018695,-0.016245
477681760.000,Miguel,recording,knock_twice_right,19,-0.697580,7.233715,6.501450,-0.025197,0.014508,-0.013011
477681770.000,Miguel,recording,knock_twice_right,19,-0.651851,7.230031,6.532748,-0.025795,0.007350,-0.011041
477681780.000,Miguel,recording,knock_twice_right,19,-0.620597,7.223028,6.573669,-0.026039,-0.000969,-0.011518
477681790.000,Miguel,recording,knock_twice_right,19,-0.657531,7.234477,6.630697,-0.023577,-0.007929,-0.010728
477681800.000,Miguel,recording,knock_twice_right,19,-0.663337,7.263525,6.677987,-0.016587,-0.009546,-0.008832
477681810.000,Miguel,recording,knock_twice_right,19,-0.628550,7.264340,6.658357,-0.007889,-0.005943,-0.009044
477681820.000,Miguel,recording,knock_twice_right,19,-0.623307,7.236125,6.618378,-0.002000,-0.003592,-0.009166
477681830.000,Miguel,recording,knock_twice_right,19,-0.662259,7.259920,6.600378,0.000674,-0.002125,-0.006593
477681840.000,Miguel,recording,knock_twice_right,19,-0.681172,7.242551,6.593546,0.001775,0.002164,-0.002909
477681850.000,Miguel,recording,knock_twice_right,19,-0.667930,7.200594,6.596354,0.003499,0.007050,-0.000936
477681860.000,Miguel,recording,knock_twice_right,19,-0.681154,7.165881,6.581616,0.005774,0.007519,-0.000120
477681870.000,Miguel,recording,knock_twice_right,19,-0.721496,7.191424,6.564249,0.006483,0.002875,0.001221
477681880.000,Miguel,recording,knock_twice_right,19,-0.756115,7.214616,6.527077,0.005125,-0.004371,0.003545
477681890.000,Miguel,recording,knock_twice_right,19,-0.729981,7.224760,6.463767,0.001137,-0.011658,0.006385
477681900.000,Miguel,recording,knock_twice_right,19,-0.684590,7.227477,6.398482,-0.007085,-0.018213,0.006602
477681910.000,Miguel,recording,knock_twice_right,19,-0.670999,7.221434,6.351225,-0.020520,-0.025385,0.003830
477681920.000,Miguel,recording,knock_twice_right,19,-0.685604,7.211911,6.349338,-0.037239,-0.029183,0.001863
477681930.000,Miguel,recording,knock_twice_right,19,-0.687048,7.209108,6.394207,-0.051047,-0.027654,0.002022
477681940.000,Miguel,recording,knock_twice_right,19,-0.657549,7.194553,6.461574,-0.057523,-0.022987,0.004898
477681950.000,Miguel,recording,knock_twice_right,19,-0.627321,7.179456,6.522827,-0.057273,-0.015950,0.008457
477681960.000,Miguel,recording,knock_twice_right,19,-0.585061,7.159747,6.536408,-0.054476,-0.009516,0.008773
477681970.000,Miguel,recording,knock_twice_right,20,-0.557834,7.155790,6.536917,-0.052859,-0.004768,0.007002
477681980.000,Miguel,recording,knock_twice_right,20,-0.577098,7.169936,6.547002,-0.051443,0.001095,0.005167
477681990.000,Miguel,recording,knock_twice_right,20,-0.611124,7.186108,6.594882,-0.048887,0.005843,0.003983
477682000.000,Miguel,recording,knock_twice_right,20,-0.625971,7.184404,6.628135,-0.046404,0.006085,0.003958
477682010.000,Miguel,recording,knock_twice_right,20,-0.631494,7.185769,6.635546,-0.044137,0.004944,0.004834
477682020.000,Miguel,recording,knock_twice_right,20,-0.651182,7.209599,6.637438,-0.042457,0.004812,0.006900
477682030.000,Miguel,recording,knock_twice_right,20,-0.666194,7.211382,6.626490,-0.042437,0.006155,0.010156
477682040.000,Miguel,recording,knock_twice_right,20,-0.679787,7.193200,6.622178,-0.042854,0.007508,0.013487
477682050.000,Miguel,recording,knock_twice_right,20,-0.684776,7.191926,6.628769,-0.043602,0.006897,0.015721
477682060.000,Miguel,recording,knock_twice_right,20,-0.673758,7.198194,6.678933,-0.042733,0.005069,0.017001
477682070.000,Miguel,recording,knock_twice_right,20,-0.647963,7.193898,6.719868,-0.036948,0.003261,0.017067
477682080.000,Miguel,recording,knock_twice_right,20,-0.595069,7.177773,6.717222,-0.027256,0.002606,0.014664
477682090.000,Miguel,recording,knock_twice_right,20,-0.581362,7.173635,6.686473,-0.016509,0.004958,0.010329
477682100.000,Miguel,recording,knock_twice_right,20,-0.592918,7.157066,6.654019,-0.007814,0.010101,0.003810
477682110.000,Miguel,recording,knock_twice_right,20,-0.606031,7.114681,6.656500,-0.002805,0.012260,-0.002598
477682120.000,Miguel,recording,knock_twice_right,20,-0.646681,7.128876,6.611750,-0.001610,0.009362,-0.004820
477682130.000,Miguel,recording,knock_twice_right,20,-0.700097,7.168392,6.553122,-0.004443,0.005814,-0.001129
477682140.000,Miguel,recording,knock_twice_right,20,-0.712978,7.149658,6.521960,-0.011431,0.005564,0.006744
477682150.000,Miguel,recording,knock_twice_right,20,-0.681402,7.124004,6.551763,-0.020309,0.007084,0.014766
477682160.000,Miguel,recording,knock_twice_right,20,-0.634251,7.118462,6.595434,-0.025590,0.005701,0.019912
477682170.000,Miguel,recording,knock_twice_right,20,-0.601543,7.132975,6.619723,-0.026052,0.002041,0.021717
477682180.000,Miguel,recording,knock_twice_right,20,-0.594384,7.153058,6.621018,-0.024026,-0.000284,0.022336
477682190.000,Miguel,recording,knock_twice_right,20,-0.618408,7.172806,6.612217,-0.022032,0.001257,0.021817
477682200.000,Miguel,recording,knock_twice_right,20,-0.624701,7.182580,6.609139,-0.021805,0.006591,0.019377
477682210.000,Miguel,recording,knock_twice_right,20,-0.606767,7.165218,6.595961,-0.021891,0.010980,0.017146
477682220.000,Miguel,recording,knock_twice_right,20,-0.620388,7.167827,6.604803,-0.022188,0.012552,0.016060
477682230.000,Miguel,recording,knock_twice_right,20,-0.644358,7.176135,6.648348,-0.020819,0.009476,0.015616
477682240.000,Miguel,recording,knock_twice_right,20,-0.658079,7.154147,6.709371,-0.014769,0.002523,0.015437
477682250.000,Miguel,recording,knock_twice_right,20,-0.666294,7.140434,6.747095,-0.004200,-0.004238,0.014077
477682260.000,Miguel,recording,knock_twice_right,20,-0.628205,7.131912,6.731068,0.007066,-0.011227,0.011173
477682270.000,Miguel,recording,knock_twice_right,20,-0.589636,7.151693,6.685982,0.014941,-0.016183,0.007212
477682280.000,Miguel,recording,knock_twice_right,20,-0.580348,7.166373,6.631910,0.018623,-0.016194,0.003274
477682290.000,Miguel,recording,knock_twice_right,20,-0.625268,7.163833,6.595017,0.017815,-0.011547,0.001512
477682300.000,Miguel,recording,knock_twice_right,20,-0.679853,7.163218,6.591004,0.014382,-0.005385,0.003688
477682310.000,Miguel,recording,knock_twice_right,20,-0.666979,7.169422,6.578551,0.011636,-0.000828,0.008046
477682320.000,Miguel,recording,knock_twice_right,20,-0.632389,7.168773,6.554811,0.010077,0.001310,0.012255
477682330.000,Miguel,recording,knock_twice_right,20,-0.597037,7.162663,6.562478,0.008094,0.000899,0.014639
477682340.000,Miguel,recording,knock_twice_right,20,-0.600822,7.139200,6.574803,0.006490,-0.000317,0.015407
477682350.000,Miguel,recording,knock_twice_right,20,-0.604876,7.135969,6.576598,0.005972,-0.002787,0.015924
477682360.000,Miguel,recording,knock_twice_right,20,-0.593169,7.146164,6.575494,0.005306,-0.006521,0.015681
477682370.000,Miguel,recording,knock_twice_right,20,-0.564980,7.155650,6.567097,0.003377,-0.008056,0.014950
477682380.000,Miguel,recording,knock_twice_right,20,-0.565251,7.162452,6.561289,-0.000312,-0.007017,0.012486
477682390.000,Miguel,recording,knock_twice_right,20,-0.573101,7.148898,6.576884,-0.003691,-0.005985,0.008690
477682400.000,Miguel,recording,knock_twice_right,20,-0.576667,7.153122,6.627336,-0.004336,-0.006536,0.006365
477682410.000,Miguel,recording,knock_twice_right,20,-0.599795,7.166201,6.653103,-0.002571,-0.007000,0.005365
477682420.000,Miguel,recording,knock_twice_right,20,-0.595775,7.154908,6.634930,-0.000162,-0.006416,0.004693
477682430.000,Miguel,recording,knock_twice_right,20,-0.603107,7.147860,6.594159,0.001631,-0.005485,0.004871
477682440.000,Miguel,recording,knock_twice_right,20,-0.595748,7.159624,6.574176,0.001185,-0.003702,0.004812
477682450.000,Miguel,recording,knock_twice_right,20,-0.620244,7.158993,6.571682,-0.001841,-0.003717,0.005236
477682460.000,Miguel,recording,knock_twice_right,20,-0.652029,7.141551,6.578776,-0.005718,-0.006261,0.008095
477682470.000,Miguel,recording,knock_twice_right,20,-0.636945,7.136868,6.604017,-0.008019,-0.008854,0.011651
477682480.000,Miguel,recording,knock_twice_right,20,-0.593758,7.145993,6.663195,-0.008250,-0.013224,0.013770
477682490.000,Miguel,recording,knock_twice_right,20,-0.584809,7.167934,6.754507,-0.003805,-0.019316,0.013407
477682500.000,Miguel,recording,knock_twice_right,20,-0.587907,7.151340,6.843919,0.008750,-0.024412,0.012182
477682510.000,Miguel,recording,knock_twice_right,20,-0.551168,7.138465,6.908843,0.030477,-0.022794,0.011257
477682520.000,Miguel,recording,knock_twice_right,20,-0.501296,7.168593,6.919604,0.059315,-0.009895,0.009794
477682530.000,Miguel,recording,knock_twice_right,20,-0.472027,7.186887,6.828830,0.087712,0.007185,0.005363
477682540.000,Miguel,recording,knock_twice_right,20,-0.489010,7.181552,6.699653,0.106837,0.019597,-0.001604
477682550.000,Miguel,recording,knock_twice_right,20,-0.544992,7.181828,6.570601,0.110806,0.025925,-0.006732
477682560.000,Miguel,recording,knock_twice_right,20,-0.628321,7.193611,6.470417,0.102070,0.025788,-0.007322
477682570.000,Miguel,recording,knock_twice_right,20,-0.699748,7.218028,6.384676,0.086879,0.019444,-0.003555
477682580.000,Miguel,recording,knock_twice_right,20,-0.722623,7.220752,6.343266,0.066713,0.008634,0.002902
477682590.000,Miguel,recording,knock_twice_right,20,-0.699456,7.217064,6.307349,0.042450,-0.003249,0.010833
477682600.000,Miguel,recording,knock_twice_right,20,-0.658878,7.218054,6.299234,0.018976,-0.012011,0.016871
477682610.000,Miguel,recording,knock_twice_right,20,-0.630322,7.202726,6.304796,-0.000941,-0.018222,0.021016
477682620.000,Miguel,recording,knock_twice_right,20,-0.594438,7.192469,6.349868,-0.018064,-0.021731,0.023518
477682630.000,Miguel,recording,knock_twice_right,20,-0.558595,7.176617,6.437875,-0.029758,-0.020201,0.021828
477682640.000,Miguel,recording,knock_twice_right,20,-0.549744,7.157681,6.550305,-0.033178,-0.014512,0.017158
477682650.000,Miguel,recording,knock_twice_right,20,-0.576621,7.155391,6.652596,-0.029224,-0.009130,0.012435
477682660.000,Miguel,recording,knock_twice_right,20,-0.589067,7.173514,6.719099,-0.018788,-0.005443,0.009783
477682670.000,Miguel,recording,knock_twice_right,20,-0.587243,7.177580,6.735097,-0.005330,-0.003710,0.009159
477682680.000,Miguel,recording,knock_twice_right,20,-0.573626,7.169127,6.693873,0.006729,-0.003001,0.008500
477682690.000,Miguel,recording,knock_twice_right,20,-0.552533,7.199350,6.624567,0.014040,-0.003224,0.006841
477682700.000,Miguel,recording,knock_twice_right,20,-0.555919,7.234585,6.555098,0.015517,-0.005499,0.005868
477682710.000,Miguel,recording,knock_twice_right,20,-0.559793,7.237899,6.501672,0.012874,-0.006629,0.007272
477682720.000,Miguel,recording,knock_twice_right,20,-0.527193,7.225694,6.480930,0.008080,-0.004458,0.009018
477682730.000,Miguel,recording,knock_twice_right,20,-0.498239,7.202564,6.491112,0.002085,-0.001969,0.008628
477682740.000,Miguel,recording,knock_twice_right,20,-0.524408,7.182784,6.550394,-0.002396,-0.001746,0.007145
477682750.000,Miguel,recording,knock_twice_right,20,-0.562160,7.185290,6.596815,-0.003230,-0.002138,0.006813
477682760.000,Miguel,recording,knock_twice_right,20,-0.584823,7.154932,6.602646,-0.001997,-0.003395,0.007318
477682770.000,Miguel,recording,knock_twice_right,20,-0.599790,7.136050,6.596541,-0.000688,-0.004915,0.006867
477682780.000,Miguel,recording,knock_twice_right,20,-0.599974,7.144792,6.596326,0.000455,-0.005698,0.006254
477682790.000,Miguel,recording,knock_twice_right,20,-0.568500,7.158628,6.581447,0.002850,-0.004733,0.005178
477682800.000,Miguel,recording,knock_twice_right,20,-0.542519,7.167240,6.551975,0.006545,-0.000723,0.001734
477682810.000,Miguel,recording,knock_twice_right,20,-0.584792,7.175964,6.516224,0.009606,0.001417,-0.002867
477682820.000,Miguel,recording,knock_twice_right,20,-0.624177,7.204306,6.459434,0.009544,0.000191,-0.003284
477682830.000,Miguel,recording,knock_twice_right,20,-0.601933,7.217558,6.427581,0.006085,-0.000271,-0.000919
477682840.000,Miguel,recording,knock_twice_right,20,-0.547430,7.217792,6.431308,-0.000384,-0.000084,-0.000259
477682850.000,Miguel,recording,knock_twice_right,20,-0.506825,7.199762,6.461856,-0.008124,0.000036,-0.000681
477682860.000,Miguel,recording,knock_twice_right,20,-0.496254,7.198925,6.502698,-0.014270,0.000081,-0.001481
477682870.000,Miguel,recording,knock_twice_right,20,-0.520912,7.206796,6.536857,-0.017244,0.000371,-0.001413
477682880.000,Miguel,recording,knock_twice_right,20,-0.555705,7.209805,6.572123,-0.017680,0.001572,0.000001
477682890.000,Miguel,recording,knock_twice_right,20,-0.578771,7.198928,6.616411,-0.015125,0.004345,0.002415
477682900.000,Miguel,recording,knock_twice_right,20,-0.573626,7.195355,6.629212,-0.009641,0.009024,0.005027
477682910.000,Miguel,recording,knock_twice_right,20,-0.545595,7.180010,6.622052,-0.005493,0.013174,0.007162
477682920.000,Miguel,recording,knock_twice_right,20,-0.522555,7.173369,6.587840,-0.006134,0.013939,0.007952
477682930.000,Miguel,recording,knock_twice_right,20,-0.532464,7.191828,6.591897,-0.010841,0.009842,0.006924
477682940.000,Miguel,recording,knock_twice_right,20,-0.552785,7.205434,6.629230,-0.015187,0.002101,0.005191
477682950.000,Miguel,recording,knock_twice_right,20,-0.569415,7.206943,6.681409,-0.014220,-0.003491,0.004256
477682960.000,Miguel,recording,knock_twice_right,20,-0.549822,7.201303,6.703820,-0.007733,-0.002471,0.002075
477682970.000,Miguel,recording,knock_twice_right,20,-0.500496,7.178881,6.672174,0.001274,0.004392,-0.003320
477682980.000,Miguel,recording,knock_twice_right,20,-0.484698,7.174010,6.617031,0.008939,0.010024,-0.009547
477682990.000,Miguel,recording,knock_twice_right,20,-0.527406,7.185864,6.598466,0.012455,0.009090,-0.012022
477683000.000,Miguel,recording,knock_twice_right,20,-0.570695,7.184705,6.578664,0.013561,0.006598,-0.009767
477683010.000,Miguel,recording,knock_twice_right,20,-0.587386,7.178534,6.521357,0.012679,0.006311,-0.006341
477683020.000,Miguel,recording,knock_twice_right,20,-0.567045,7.180013,6.474801,0.008682,0.005402,-0.003518
477683030.000,Miguel,recording,knock_twice_right,20,-0.526135,7.182068,6.441878,0.002700,0.003255,-0.003147
477683040.000,Miguel,recording,knock_twice_right,20,-0.501354,7.169799,6.469296,-0.004144,0.002796,-0.005802
477683050.000,Miguel,recording,knock_twice_right,20,-0.520628,7.157762,6.523480,-0.008526,0.003815,-0.009273
477683060.000,Miguel,recording,knock_twice_right,20,-0.540961,7.156463,6.574829,-0.007657,0.004475,-0.013154
477683070.000,Miguel,recording,knock_twice_right,20,-0.542816,7.149921,6.595413,-0.001787,0.005765,-0.016746
477683080.000,Miguel,recording,knock_twice_right,20,-0.560201,7.165138,6.597253,0.005041,0.008069,-0.018821
477683090.000,Miguel,recording,knock_twice_right,20,-0.576391,7.180353,6.571107,0.007823,0.009358,-0.019459
477683100.000,Miguel,recording,knock_twice_right,20,-0.623814,7.182948,6.545973,0.005698,0.009618,-0.017869
477683110.000,Miguel,recording,knock_twice_right,20,-0.667147,7.192222,6.512639,-0.000476,0.009152,-0.013726
477683120.000,Miguel,recording,knock_twice_right,20,-0.635566,7.205040,6.489731,-0.009698,0.007564,-0.009271
477683130.000,Miguel,recording,knock_twice_right,20,-0.583732,7.210217,6.503165,-0.020151,0.004826,-0.007255
477683140.000,Miguel,recording,knock_twice_right,20,-0.560578,7.215175,6.555392,-0.028207,0.001252,-0.008287
477683150.000,Miguel,recording,knock_twice_right,20,-0.562405,7.214880,6.639269,-0.029247,-0.000404,-0.012181
477683160.000,Miguel,recording,knock_twice_right,20,-0.575561,7.195969,6.720108,-0.021575,0.000237,-0.018595
477683170.000,Miguel,recording,knock_twice_right,20,-0.595688,7.185409,6.719327,-0.010074,0.000039,-0.023954
477683180.000,Miguel,recording,knock_twice_right,20,-0.632483,7.198074,6.679527,-0.000284,-0.002522,-0.024235
477683190.000,Miguel,recording,knock_twice_right,20,-0.644180,7.220436,6.635712,0.006588,-0.005375,-0.020224
477683200.000,Miguel,recording,knock_twice_right,20,-0.611971,7.230307,6.594373,0.009343,-0.007873,-0.014937
477683210.000,Miguel,recording,knock_twice_right,20,-0.584560,7.220986,6.569423,0.007262,-0.008865,-0.010606
477683220.000,Miguel,recording,knock_twice_right,20,-0.590710,7.214414,6.586709,0.002372,-0.006887,-0.007714
477683230.000,Miguel,recording,knock_twice_right,20,-0.590188,7.199791,6.608591,-0.000878,-0.005298,-0.004301
477683240.000,Miguel,recording,knock_twice_right,20,-0.573182,7.186017,6.607157,0.000236,-0.004859,-0.001160
477683250.000,Miguel,recording,knock_twice_right,20,-0.539486,7.198600,6.627839,0.003848,-0.004221,-0.001133
477683260.000,Miguel,recording,knock_twice_right,20,-0.511203,7.190842,6.635921,0.010780,-0.003587,-0.004295
477683270.000,Miguel,recording,knock_twice_right,20,-0.537298,7.182747,6.609721,0.018829,-0.001727,-0.008541
477683280.000,Miguel,recording,knock_twice_right,20,-0.589400,7.202894,6.581941,0.023559,0.000647,-0.011314
477683290.000,Miguel,recording,knock_twice_right,20,-0.628317,7.211392,6.533850,0.024834,0.001398,-0.011025
477683300.000,Miguel,recording,knock_twice_right,20,-0.628591,7.200790,6.499810,0.022616,0.001083,-0.010033
477683310.000,Miguel,recording,knock_twice_right,20,-0.624077,7.184592,6.461851,0.018288,0.001605,-0.010284
477683320.000,Miguel,recording,knock_twice_right,20,-0.629114,7.180650,6.446923,0.012038,0.003023,-0.010825
477683330.000,Miguel,recording,knock_twice_right,20,-0.668326,7.196334,6.459455,0.003719,0.003061,-0.010841
477683340.000,Miguel,recording,knock_twice_right,20,-0.699710,7.189653,6.500895,-0.004095,0.001355,-0.008734
477683350.000,Miguel,recording,knock_twice_right,20,-0.682487,7.169350,6.564641,-0.007545,0.000566,-0.004578
477683360.000,Miguel,recording,knock_twice_right,20,-0.626618,7.154383,6.601591,-0.005228,0.001848,-0.000697
477683370.000,Miguel,recording,knock_twice_right,20,-0.575301,7.158671,6.616782,0.000379,0.003484,0.000440
477683380.000,Miguel,recording,knock_twice_right,20,-0.531328,7.174339,6.610916,0.006615,0.005363,-0.000282
477683390.000,Miguel,recording,knock_twice_right,20,-0.495333,7.191534,6.592526,0.012185,0.009189,-0.004148
477683400.000,Miguel,recording,knock_twice_right,20,-0.504613,7.198761,6.574756,0.014458,0.013958,-0.011877
477683410.000,Miguel,recording,knock_twice_right,20,-0.561294,7.209075,6.546424,0.013470,0.017511,-0.018823
477683420.000,Miguel,recording,knock_twice_right,20,-0.614361,7.219682,6.547216,0.011119,0.017662,-0.021474
477683430.000,Miguel,recording,knock_twice_right,20,-0.638733,7.231212,6.553452,0.009298,0.013767,-0.019556
477683440.000,Miguel,recording,knock_twice_right,20,-0.634242,7.226965,6.546344,0.010749,0.009817,-0.016841
477683450.000,Miguel,recording,knock_twice_right,20,-0.612548,7.199655,6.530556,0.012374,0.007350,-0.015697
477683460.000,Miguel,recording,knock_twice_right,20,-0.609200,7.192654,6.513716,0.010595,0.004675,-0.015551
477683470.000,Miguel,recording,knock_twice_right,20,-0.617470,7.207727,6.487127,0.006205,0.000931,-0.016062
477683480.000,Miguel,recording,knock_twice_right,20,-0.624713,7.196870,6.453510,-0.001679,-0.003939,-0.016392
477683490.000,Miguel,recording,knock_twice_right,20,-0.649718,7.197804,6.458882,-0.012282,-0.009387,-0.015234
477683500.000,Miguel,recording,knock_twice_right,20,-0.646212,7.206110,6.524600,-0.020579,-0.013543,-0.012161
477683510.000,Miguel,recording,knock_twice_right,20,-0.615935,7.207485,6.611424,-0.023783,-0.015523,-0.009872
477683520.000,Miguel,recording,knock_twice_right,20,-0.604782,7.201179,6.683692,-0.020286,-0.014791,-0.010872
477683530.000,Miguel,recording,knock_twice_right,20,-0.588116,7.203080,6.722705,-0.011639,-0.010297,-0.014055
477683540.000,Miguel,recording,knock_twice_right,20,-0.590292,7.198910,6.717530,-0.001585,-0.003982,-0.016147
477683550.000,Miguel,recording,knock_twice_right,20,-0.612606,7.198112,6.691501,0.008818,0.002225,-0.015766
477683560.000,Miguel,recording,knock_twice_right,20,-0.614681,7.206892,6.641367,0.017313,0.006676,-0.015830
477683570.000,Miguel,recording,knock_twice_right,20,-0.616413,7.220521,6.559010,0.020717,0.007762,-0.017260
477683580.000,Miguel,recording,knock_twice_right,20,-0.648522,7.237678,6.504650,0.018839,0.005664,-0.017618
477683590.000,Miguel,recording,knock_twice_right,20,-0.668427,7.219368,6.482563,0.014291,0.002469,-0.016364
477683600.000,Miguel,recording,knock_twice_right,20,-0.684928,7.202608,6.487572,0.009934,-0.001273,-0.013760
477683610.000,Miguel,recording,knock_twice_right,20,-0.669830,7.198034,6.489126,0.006973,-0.006604,-0.010234
477683620.000,Miguel,recording,knock_twice_right,20,-0.642445,7.206125,6.478886,0.004573,-0.011339,-0.007048
477683630.000,Miguel,recording,knock_twice_right,20,-0.601966,7.219533,6.463249,0.002589,-0.013431,-0.004942
477683640.000,Miguel,recording,knock_twice_right,20,-0.573220,7.219186,6.460506,-0.000178,-0.012172,-0.005513
477683650.000,Miguel,recording,knock_twice_right,20,-0.558641,7.206926,6.471658,-0.004552,-0.006564,-0.008919
477683660.000,Miguel,recording,knock_twice_right,20,-0.561848,7.194466,6.512203,-0.007486,-0.001156,-0.013783
477683670.000,Miguel,recording,knock_twice_right,20,-0.586639,7.179370,6.556850,-0.008285,0.000717,-0.018209
477683680.000,Miguel,recording,knock_twice_right,20,-0.607846,7.160284,6.606468,-0.006444,0.001308,-0.020923
477683690.000,Miguel,recording,knock_twice_right,20,-0.631884,7.165860,6.626884,-0.002398,0.000275,-0.022924
477683700.000,Miguel,recording,knock_twice_right,20,-0.658511,7.167426,6.604429,0.001425,-0.000437,-0.023396
477683710.000,Miguel,recording,knock_twice_right,20,-0.661252,7.175516,6.558652,0.003588,0.002085,-0.021676
477683720.000,Miguel,recording,knock_twice_right,20,-0.654965,7.192236,6.522982,0.003246,0.005300,-0.019288
477683730.000,Miguel,recording,knock_twice_right,20,-0.642094,7.208923,6.474117,0.000264,0.008000,-0.017498
477683740.000,Miguel,recording,knock_twice_right,20,-0.618025,7.242621,6.413627,-0.008476,0.011889,-0.017419
477683750.000,Miguel,recording,knock_twice_right,20,-0.645896,7.242464,6.433023,-0.018496,0.013296,-0.018337
477683760.000,Miguel,recording,knock_twice_right,20,-0.692133,7.204497,6.517419,-0.022412,0.010614,-0.017357
477683770.000,Miguel,recording,knock_twice_right,20,-0.712150,7.204905,6.595357,-0.018835,0.005735,-0.014035
477683780.000,Miguel,recording,knock_twice_right,20,-0.683730,7.207634,6.624663,-0.010610,-0.000545,-0.011318
477683790.000,Miguel,recording,knock_twice_right,20,-0.652590,7.215179,6.606827,-0.003655,-0.003921,-0.010799
477683800.000,Miguel,recording,knock_twice_right,20,-0.640594,7.225822,6.582955,-0.000314,-0.004529,-0.011794
477683810.000,Miguel,recording,knock_twice_right,20,-0.660149,7.233011,6.570711,0.000799,-0.003831,-0.012948
477683820.000,Miguel,recording,knock_twice_right,20,-0.667320,7.224728,6.563361,0.000673,-0.001564,-0.013799
477683830.000,Miguel,recording,knock_twice_right,20,-0.668098,7.211078,6.555116,-0.001277,0.002311,-0.013945
477683840.000,Miguel,recording,knock_twice_right,20,-0.671257,7.196172,6.579489,-0.005047,0.005261,-0.012923
477683850.000,Miguel,recording,knock_twice_right,20,-0.676724,7.189294,6.585039,-0.007956,0.003559,-0.010729
477683860.000,Miguel,recording,knock_twice_right,20,-0.675200,7.181089,6.595574,-0.007510,0.000868,-0.007938
477683870.000,Miguel,recording,knock_twice_right,20,-0.668511,7.190312,6.615504,-0.004357,0.000508,-0.006449
477683880.000,Miguel,recording,knock_twice_right,20,-0.641116,7.188374,6.617684,-0.000176,0.001364,-0.007381
477683890.000,Miguel,recording,knock_twice_right,20,-0.620570,7.161576,6.584460,0.002829,0.002916,-0.010172
477683900.000,Miguel,recording,knock_twice_right,20,-0.644906,7.181048,6.548036,0.003972,0.003527,-0.012810
477683910.000,Miguel,recording,knock_twice_right,20,-0.677764,7.209021,6.510625,0.003352,0.002957,-0.013083
477683920.000,Miguel,recording,knock_twice_right,20,-0.705375,7.208905,6.502170,0.001061,0.002285,-0.011164
477683930.000,Miguel,recording,knock_twice_right,20,-0.709589,7.204595,6.523442,-0.001042,0.001185,-0.007156
477683940.000,Miguel,recording,knock_twice_right,20,-0.674736,7.197570,6.533517,-0.001045,0.001329,-0.004362
477683950.000,Miguel,recording,knock_twice_right,20,-0.647743,7.209427,6.532404,0.001226,0.002592,-0.006948
477683960.000,Miguel,recording,knock_twice_right,20,-0.653014,7.220020,6.515511,0.002622,0.003856,-0.009405
477683970.000,Miguel,recording,knock_twice_right,20,-0.663589,7.222616,6.525204,0.000882,0.003970,-0.008985
477683980.000,Miguel,recording,knock_twice_right,20,-0.664884,7.209443,6.529356,-0.001878,0.001588,-0.009733
477683990.000,Miguel,recording,knock_twice_right,20,-0.655951,7.201976,6.516156,-0.005418,-0.001693,-0.011879
477684000.000,Miguel,recording,knock_twice_right,20,-0.678904,7.200301,6.526479,-0.009388,-0.004209,-0.013358
477684010.000,Miguel,recording,knock_twice_right,20,-0.705920,7.200082,6.550620,-0.012241,-0.003876,-0.011452
477684020.000,Miguel,recording,knock_twice_right,20,-0.713253,7.202417,6.575700,-0.013831,-0.002110,-0.007014
477684030.000,Miguel,recording,knock_twice_right,20,-0.695704,7.200563,6.583744,-0.013517,-0.001092,-0.003468
477684040.000,Miguel,recording,knock_twice_right,20,-0.682923,7.196751,6.615925,-0.010076,-0.000419,-0.000273
477684050.000,Miguel,recording,knock_twice_right,20,-0.671553,7.214862,6.650238,-0.004877,0.001179,0.002161
477684060.000,Miguel,recording,knock_twice_right,20,-0.630159,7.208763,6.635792,-0.000535,0.003165,0.001277
477684070.000,Miguel,recording,knock_twice_right,20,-0.625477,7.197204,6.587699,0.001590,0.003685,-0.002870
477684080.000,Miguel,recording,knock_twice_right,20,-0.663159,7.204810,6.559673,0.000667,0.003277,-0.007642
477684090.000,Miguel,recording,knock_twice_right,20,-0.704735,7.201738,6.566950,-0.001135,0.003247,-0.010891
477684100.000,Miguel,recording,knock_twice_right,20,-0.732424,7.188084,6.572326,-0.001086,0.002256,-0.011616
477684110.000,Miguel,recording,knock_twice_right,20,-0.735000,7.182473,6.578880,0.000950,-0.000417,-0.008394
477684120.000,Miguel,recording,knock_twice_right,20,-0.690006,7.189932,6.573809,0.003994,-0.001460,-0.004521
477684130.000,Miguel,recording,knock_twice_right,20,-0.636096,7.181618,6.538489,0.006677,-0.002281,-0.003308
477684140.000,Miguel,recording,knock_twice_right,20,-0.626420,7.171270,6.508007,0.006971,-0.004530,-0.002725
477684150.000,Miguel,recording,knock_twice_right,20,-0.637036,7.187095,6.506920,0.002769,-0.004330,-0.003198
477684160.000,Miguel,recording,knock_twice_right,20,-0.631697,7.193716,6.517138,-0.004515,-0.002341,-0.005121
477684170.000,Miguel,recording,knock_twice_right,20,-0.617999,7.188481,6.544013,-0.009305,0.000593,-0.007790
477684180.000,Miguel,recording,knock_twice_right,20,-0.638142,7.172448,6.580284,-0.008353,0.004775,-0.010508
477684190.000,Miguel,recording,knock_twice_right,20,-0.685937,7.169048,6.613416,-0.002891,0.007065,-0.011141
477684200.000,Miguel,recording,knock_twice_right,20,-0.684294,7.194240,6.624315,0.002886,0.009033,-0.008402
477684210.000,Miguel,recording,knock_twice_right,20,-0.669990,7.217626,6.642683,0.007877,0.011863,-0.005864
477684220.000,Miguel,recording,knock_twice_right,20,-0.701084,7.184184,6.687548,0.016800,0.015479,-0.005939
477684230.000,Miguel,recording,knock_twice_right,20,-0.647392,7.167152,6.738224,0.031914,0.024101,-0.009094
477684240.000,Miguel,recording,knock_twice_right,20,-0.552820,7.185706,6.712499,0.049610,0.038894,-0.016677
477684250.000,Miguel,recording,knock_twice_right,20,-0.656566,7.135400,6.640669,0.065606,0.049721,-0.022345
477684260.000,Miguel,recording,knock_twice_right,20,-0.998936,7.095642,6.489210,0.073658,0.051891,-0.017490
477684270.000,Miguel,recording,knock_twice_right,20,-1.534965,7.146968,6.232831,0.062290,0.042635,0.016987
477684280.000,Miguel,recording,knock_twice_right,20,-1.386555,7.414388,6.127675,0.031458,0.022561,0.071213
477684290.000,Miguel,recording,knock_twice_right,20,-0.484280,7.497753,6.199048,-0.008401,-0.005004,0.097794
477684300.000,Miguel,recording,knock_twice_right,20,-0.072991,7.247387,6.321014,-0.042522,-0.031750,0.081464
477684310.000,Miguel,recording,knock_twice_right,20,-0.004461,7.221608,6.645539,-0.057562,-0.036624,0.038452
477684320.000,Miguel,recording,knock_twice_right,20,-0.141991,7.259049,6.867476,-0.054552,-0.018886,-0.013975
477684330.000,Miguel,recording,knock_twice_right,20,-0.322099,7.298346,6.936962,-0.038738,0.002403,-0.062014
477684340.000,Miguel,recording,knock_twice_right,20,-0.642497,7.231035,6.986498,-0.010421,0.009249,-0.096490
477684350.000,Miguel,recording,knock_twice_right,20,-0.940345,7.073562,6.937656,0.031647,0.022903,-0.105436
477684360.000,Miguel,recording,knock_twice_right,20,-0.992577,7.120378,6.649413,0.072495,0.040676,-0.089141
477684370.000,Miguel,recording,knock_twice_right,20,-0.954467,7.191846,6.388022,0.090615,0.028269,-0.062158
477684380.000,Miguel,recording,knock_twice_right,20,-0.984196,7.168990,6.318882,0.085082,0.004101,-0.031025
477684390.000,Miguel,recording,knock_twice_right,20,-0.953886,7.167071,6.391686,0.069993,-0.005892,-0.004073
477684400.000,Miguel,recording,knock_twice_right,20,-0.826879,7.139765,6.469378,0.060264,0.002280,0.009567
477684410.000,Miguel,recording,knock_twice_right,20,-0.707665,7.135166,6.509088,0.058063,0.018785,0.010822
477684420.000,Miguel,recording,knock_twice_right,20,-0.644182,7.217382,6.532003,0.058918,0.035622,0.007509
477684430.000,Miguel,recording,knock_twice_right,20,-0.695193,7.206871,6.394053,0.058283,0.053493,0.004731
477684440.000,Miguel,recording,knock_twice_right,20,-1.081807,7.169647,6.158332,0.045918,0.054921,0.019094
477684450.000,Miguel,recording,knock_twice_right,20,-1.384068,7.361294,6.100050,0.019945,0.027485,0.062673
477684460.000,Miguel,recording,knock_twice_right,20,-1.018665,7.464882,6.182455,-0.011482,-0.012012,0.109043
477684470.000,Miguel,recording,knock_twice_right,20,-0.426475,7.310516,6.250892,-0.042486,-0.048870,0.123713
477684480.000,Miguel,recording,knock_twice_right,20,-0.068104,7.230336,6.395966,-0.067900,-0.071060,0.097582
477684490.000,Miguel,recording,knock_twice_right,20,-0.071548,7.265080,6.617919,-0.082735,-0.067571,0.044358
477684500.000,Miguel,recording,knock_twice_right,20,-0.250779,7.279766,6.803980,-0.082632,-0.045115,-0.012954
477684510.000,Miguel,recording,knock_twice_right,20,-0.504933,7.235102,6.835298,-0.066421,-0.017478,-0.056184
477684520.000,Miguel,recording,knock_twice_right,20,-0.730132,7.192566,6.752391,-0.042346,0.000911,-0.078445
477684530.000,Miguel,recording,knock_twice_right,20,-0.819157,7.085516,6.661774,-0.019290,0.005176,-0.087347
477684540.000,Miguel,recording,knock_twice_right,20,-0.937983,7.109103,6.579654,0.001360,-0.002743,-0.078020
477684550.000,Miguel,recording,knock_twice_right,20,-1.132615,7.273350,6.455358,0.015168,-0.013881,-0.045607
477684560.000,Miguel,recording,knock_twice_right,20,-0.997405,7.225639,6.349439,0.014887,-0.019256,-0.011884
477684570.000,Miguel,recording,knock_twice_right,20,-0.778677,7.134889,6.310007,0.000921,-0.020811,0.007237
477684580.000,Miguel,recording,knock_twice_right,20,-0.647927,7.137916,6.355662,-0.018373,-0.014139,0.011133
477684590.000,Miguel,recording,knock_twice_right,20,-0.584957,7.189571,6.400794,-0.033581,-0.001834,0.006844
477684600.000,Miguel,recording,knock_twice_right,20,-0.572894,7.227484,6.473628,-0.041653,0.006037,0.002178
477684610.000,Miguel,recording,knock_twice_right,20,-0.617455,7.238984,6.554984,-0.042815,0.006909,0.000890
477684620.000,Miguel,recording,knock_twice_right,20,-0.669121,7.248851,6.589991,-0.039672,0.001799,0.003937
477684630.000,Miguel,recording,knock_twice_right,20,-0.704986,7.251953,6.595076,-0.036145,-0.005756,0.008521
477684640.000,Miguel,recording,knock_twice_right,20,-0.686378,7.254350,6.598037,-0.034606,-0.011114,0.009691
477684650.000,Miguel,recording,knock_twice_right,20,-0.680163,7.246385,6.636281,-0.033279,-0.014875,0.008067
477684660.000,Miguel,recording,knock_twice_right,20,-0.701115,7.228175,6.710380,-0.025881,-0.015164,0.006231
477684670.000,Miguel,recording,knock_twice_right,20,-0.691857,7.209022,6.753665,-0.011835,-0.010821,0.003500
477684680.000,Miguel,recording,knock_twice_right,20,-0.693786,7.188123,6.697950,0.003235,-0.005798,-0.000060
477684690.000,Miguel,recording,knock_twice_right,20,-0.731673,7.196257,6.607694,0.014102,-0.003989,-0.002241
477684700.000,Miguel,recording,knock_twice_right,20,-0.756348,7.227556,6.551290,0.018465,-0.005491,-0.000610
477684710.000,Miguel,recording,knock_twice_right,20,-0.738140,7.233744,6.531186,0.017750,-0.006308,0.003193
477684720.000,Miguel,recording,knock_twice_right,20,-0.673072,7.198709,6.495362,0.013336,-0.005823,0.004814
477684730.000,Miguel,recording,knock_twice_right,20,-0.646101,7.195525,6.469079,0.007111,-0.004668,0.003561
477684740.000,Miguel,recording,knock_twice_right,20,-0.669972,7.206577,6.479393,0.000433,-0.002488,0.002633
477684750.000,Miguel,recording,knock_twice_right,20,-0.683301,7.202775,6.512237,-0.003560,-0.000225,0.002524
477684760.000,Miguel,recording,knock_twice_right,20,-0.647877,7.212247,6.555176,-0.002485,0.000930,0.002531
477684770.000,Miguel,recording,knock_twice_right,20,-0.619746,7.194984,6.556827,0.000901,0.000887,0.000742
477684780.000,Miguel,recording,knock_twice_right,20,-0.645334,7.189204,6.553165,0.004087,0.001519,-0.003729
477684790.000,Miguel,recording,knock_twice_right,20,-0.677600,7.191602,6.534870,0.003368,0.001448,-0.006577
477684800.000,Miguel,recording,knock_twice_right,20,-0.704152,7.202630,6.519129,-0.001287,-0.001514,-0.006761
477684810.000,Miguel,recording,knock_twice_right,20,-0.692310,7.188782,6.528086,-0.007142,-0.004652,-0.007880
477684820.000,Miguel,recording,knock_twice_right,20,-0.676868,7.158678,6.549564,-0.012557,-0.006482,-0.010181
477684830.000,Miguel,recording,knock_twice_right,20,-0.699454,7.156084,6.583837,-0.014254,-0.006516,-0.010178
477684840.000,Miguel,recording,knock_twice_right,20,-0.708642,7.161177,6.583194,-0.011123,-0.004300,-0.008353
477684850.000,Miguel,recording,knock_twice_right,20,-0.689861,7.175612,6.547770,-0.006705,-0.001391,-0.006482
477684860.000,Miguel,recording,knock_twice_right,20,-0.656738,7.202674,6.526035,-0.003863,0.000653,-0.004767
477684870.000,Miguel,recording,knock_twice_right,20,-0.626256,7.211593,6.492565,-0.002339,0.002116,-0.005189
477684880.000,Miguel,recording,knock_twice_right,20,-0.624147,7.209150,6.459941,-0.002676,0.004375,-0.008212
477684890.000,Miguel,recording,knock_twice_right,20,-0.656019,7.206684,6.453534,-0.005876,0.005644,-0.011322
477684900.000,Miguel,recording,knock_twice_right,20,-0.691052,7.216976,6.489900,-0.010910,0.005134,-0.012879
477684910.000,Miguel,recording,knock_twice_right,20,-0.691399,7.222718,6.531894,-0.015466,0.004435,-0.014286
477684920.000,Miguel,recording,knock_twice_right,20,-0.725396,7.208592,6.572728,-0.017988,0.003317,-0.014002
477684930.000,Miguel,recording,knock_twice_right,20,-0.776620,7.218207,6.623297,-0.017015,0.001144,-0.009545
477684940.000,Miguel,recording,knock_twice_right,20,-0.759490,7.241601,6.642574,-0.014360,-0.002894,-0.003456
477684950.000,Miguel,recording,knock_twice_right,20,-0.729212,7.260711,6.665135,-0.012091,-0.006997,0.000297
477684960.000,Miguel,recording,knock_twice_right,20,-0.684269,7.242835,6.692130,-0.007392,-0.007792,0.000919
477684970.000,Miguel,recording,knock_twice_right,20,-0.650408,7.209417,6.706418,0.001488,-0.003457,-0.000850
477684980.000,Miguel,recording,knock_twice_right,20,-0.656887,7.190224,6.683639,0.011135,0.000833,-0.004295
477684990.000,Miguel,recording,knock_twice_right,20,-0.695029,7.191375,6.633055,0.018441,-0.000130,-0.007008