timestamp_ms,user_name,phase,action_label,segment_index,acc_x,acc_y,acc_z,gyro_x,gyro_y,gyro_z
805520910.000,Miguel,recording,knock_once,1,-0.369648,6.412218,7.800272,0.030576,-0.012766,0.007671
805520920.000,Miguel,recording,knock_once,1,-0.469412,6.530779,7.638303,0.100813,-0.168446,-0.003300
805520930.000,Miguel,recording,knock_once,1,-0.422800,6.468625,7.557636,0.147699,-0.318245,-0.000669
805520940.000,Miguel,recording,knock_once,1,-0.213356,6.334248,7.480550,0.163392,-0.412501,0.016716
805520950.000,Miguel,recording,knock_once,1,0.123872,6.227487,7.536270,0.155863,-0.425510,0.041129
805520960.000,Miguel,recording,knock_once,1,0.416249,6.114378,7.570955,0.141909,-0.359433,0.060453
805520970.000,Miguel,recording,knock_once,1,0.614913,6.054986,7.623151,0.129611,-0.246100,0.065550
805520980.000,Miguel,recording,knock_once,1,0.683409,6.063159,7.624209,0.119077,-0.131954,0.054955
805520990.000,Miguel,recording,knock_once,1,0.592448,6.213661,7.610689,0.107275,-0.051179,0.033160
805521000.000,Miguel,recording,knock_once,1,0.373165,6.363082,7.560424,0.094080,-0.006736,0.008902
805521010.000,Miguel,recording,knock_once,1,0.095719,6.406827,7.499371,0.085457,0.012465,-0.008059
805521020.000,Miguel,recording,knock_once,1,-0.071971,6.439782,7.483250,0.089218,0.009408,-0.011396
805521030.000,Miguel,recording,knock_once,1,-0.157179,6.413588,7.463494,0.106577,-0.020373,-0.004771
805521040.000,Miguel,recording,knock_once,1,-0.190502,6.364604,7.335439,0.124028,-0.076788,0.001892
805521050.000,Miguel,recording,knock_once,1,-0.167197,6.320927,7.209833,0.127069,-0.138342,0.003576
805521060.000,Miguel,recording,knock_once,1,-0.088814,6.327708,7.209973,0.115534,-0.166752,0.004463
805521070.000,Miguel,recording,knock_once,1,0.060855,6.317877,7.225604,0.094521,-0.148080,0.011576
805521080.000,Miguel,recording,knock_once,1,0.230026,6.307641,7.249997,0.065267,-0.108040,0.025166
805521090.000,Miguel,recording,knock_once,1,0.352242,6.290877,7.322225,0.033086,-0.073626,0.037660
805521100.000,Miguel,recording,knock_once,1,0.381156,6.280651,7.368537,0.008555,-0.048546,0.041025
805521110.000,Miguel,recording,knock_once,1,0.375099,6.352265,7.327013,-0.003315,-0.032815,0.032660
805521120.000,Miguel,recording,knock_once,1,0.362173,6.445941,7.243688,-0.005345,-0.034320,0.015614
805521130.000,Miguel,recording,knock_once,1,0.287214,6.446939,7.122533,-0.002744,-0.057798,-0.003829
805521140.000,Miguel,recording,knock_once,1,0.199785,6.384607,6.998799,0.001397,-0.103186,-0.018986
805521150.000,Miguel,recording,knock_once,1,0.105284,6.367216,6.937422,0.007629,-0.168997,-0.026628
805521160.000,Miguel,recording,knock_once,1,0.041358,6.380915,6.847979,0.014188,-0.248916,-0.024373
805521170.000,Miguel,recording,knock_once,1,0.038836,6.349204,6.748735,0.008747,-0.316224,-0.001951
805521180.000,Miguel,recording,knock_once,1,0.289670,6.196179,6.977066,-0.019455,-0.237362,0.049519
805521190.000,Miguel,recording,knock_once,1,1.805846,6.257813,8.288566,-0.077266,0.087465,0.109556
805521200.000,Miguel,recording,knock_once,1,1.519850,6.431431,7.582641,-0.177844,0.429359,0.132483
805521210.000,Miguel,recording,knock_once,1,1.482427,6.681580,7.980732,-0.286483,0.608169,0.110378
805521220.000,Miguel,recording,knock_once,1,0.529407,6.764265,7.697493,-0.332315,0.625893,0.095533
805521230.000,Miguel,recording,knock_once,1,0.210933,6.939480,8.150743,-0.294401,0.507752,0.117249
805521240.000,Miguel,recording,knock_once,1,0.142220,6.659841,8.259395,-0.195558,0.375915,0.150242
805521250.000,Miguel,recording,knock_once,1,0.345214,6.271147,8.173501,-0.063246,0.301376,0.156918
805521260.000,Miguel,recording,knock_once,1,0.483051,6.154267,8.121913,0.081433,0.270181,0.113557
805521270.000,Miguel,recording,knock_once,1,0.449966,6.359049,8.067653,0.223808,0.240184,0.030138
805521280.000,Miguel,recording,knock_once,1,0.316351,6.664306,8.240441,0.360161,0.189448,-0.064599
805521290.000,Miguel,recording,knock_once,1,0.310792,6.832507,8.392030,0.491291,0.131235,-0.151491
805521300.000,Miguel,recording,knock_once,1,0.475607,6.709028,8.367200,0.607807,0.087100,-0.224209
805521310.000,Miguel,recording,knock_once,1,0.510655,6.532930,8.132717,0.691368,0.060358,-0.283764
805521320.000,Miguel,recording,knock_once,1,0.405935,6.545878,7.738428,0.724452,0.039585,-0.333870
805521330.000,Miguel,recording,knock_once,1,0.118459,6.705272,7.307617,0.704788,0.015388,-0.375919
805521340.000,Miguel,recording,knock_once,1,-0.214004,6.815373,7.022299,0.650261,-0.007083,-0.405695
805521350.000,Miguel,recording,knock_once,1,-0.466582,6.741969,6.811355,0.581958,-0.019105,-0.419006
805521360.000,Miguel,recording,knock_once,1,-0.616339,6.586667,6.675484,0.509014,-0.020942,-0.414921
805521370.000,Miguel,recording,knock_once,1,-0.730335,6.417850,6.548036,0.434784,-0.015098,-0.391458
805521380.000,Miguel,recording,knock_once,1,-0.819117,6.344823,6.436961,0.361735,-0.002986,-0.347832
805521390.000,Miguel,recording,knock_once,1,-0.817008,6.319050,6.332967,0.290336,0.005783,-0.288278
805521400.000,Miguel,recording,knock_once,1,-0.739000,6.362418,6.261286,0.220455,0.002942,-0.223969
805521410.000,Miguel,recording,knock_once,1,-0.612473,6.342514,6.223699,0.155326,-0.005068,-0.169288
805521420.000,Miguel,recording,knock_once,1,-0.465007,6.350257,6.313341,0.099871,-0.009199,-0.133630
805521430.000,Miguel,recording,knock_once,1,-0.393239,6.385965,6.404002,0.056284,-0.007806,-0.117953
805521440.000,Miguel,recording,knock_once,1,-0.428144,6.429144,6.482285,0.023015,-0.006051,-0.116037
805521450.000,Miguel,recording,knock_once,1,-0.591559,6.472896,6.528606,-0.004940,-0.009545,-0.117055
805521460.000,Miguel,recording,knock_once,1,-0.809974,6.549612,6.520725,-0.034136,-0.018397,-0.108567
805521470.000,Miguel,recording,knock_once,1,-0.986311,6.619999,6.545993,-0.069706,-0.030562,-0.082383
805521480.000,Miguel,recording,knock_once,1,-1.008566,6.659716,6.642151,-0.111844,-0.043828,-0.039712
805521490.000,Miguel,recording,knock_once,1,-0.922983,6.695028,6.893476,-0.151401,-0.051834,0.008779
805521500.000,Miguel,recording,knock_once,1,-0.724455,6.665172,7.122938,-0.175438,-0.046338,0.051604
805521510.000,Miguel,recording,knock_once,1,-0.538533,6.616461,7.353228,-0.178069,-0.025909,0.081739
805521520.000,Miguel,recording,knock_once,1,-0.416999,6.579689,7.530969,-0.160376,0.006304,0.097764
805521530.000,Miguel,recording,knock_once,1,-0.351051,6.507235,7.694852,-0.125415,0.044426,0.105041
805521540.000,Miguel,recording,knock_once,1,-0.294543,6.469091,7.748437,-0.075591,0.075183,0.108952
805521550.000,Miguel,recording,knock_once,1,-0.252409,6.443875,7.760471,-0.014631,0.081557,0.111488
805521560.000,Miguel,recording,knock_once,1,-0.226206,6.483808,7.671746,0.048952,0.058411,0.112863
805521570.000,Miguel,recording,knock_once,1,-0.211554,6.610530,7.583229,0.104232,0.025127,0.112306
805521580.000,Miguel,recording,knock_once,1,-0.240628,6.731656,7.475769,0.144897,0.005021,0.110555
805521590.000,Miguel,recording,knock_once,1,-0.276224,6.799557,7.337516,0.171103,0.001102,0.108653
805521600.000,Miguel,recording,knock_once,1,-0.295588,6.804679,7.210595,0.184488,0.001908,0.106657
805521610.000,Miguel,recording,knock_once,1,-0.315675,6.797392,7.091243,0.186307,-0.000007,0.107623
805521620.000,Miguel,recording,knock_once,1,-0.380775,6.761790,6.927564,0.178538,-0.003624,0.115865
805521630.000,Miguel,recording,knock_once,1,-0.437896,6.743130,6.783884,0.162524,-0.009152,0.131672
805521640.000,Miguel,recording,knock_once,1,-0.429772,6.766520,6.652053,0.137815,-0.017755,0.152069
805521650.000,Miguel,recording,knock_once,1,-0.334384,6.813891,6.606279,0.105657,-0.026153,0.171655
805521660.000,Miguel,recording,knock_once,1,-0.193690,6.756836,6.606096,0.073368,-0.028984,0.183475
805521670.000,Miguel,recording,knock_once,1,-0.079684,6.687215,6.645732,0.048717,-0.027953,0.183901
805521680.000,Miguel,recording,knock_once,1,-0.013459,6.658673,6.682752,0.035181,-0.034026,0.173526
805521690.000,Miguel,recording,knock_once,1,-0.022357,6.726754,6.733614,0.034021,-0.056312,0.151460
805521700.000,Miguel,recording,knock_once,1,-0.036024,6.774357,6.785485,0.043958,-0.092086,0.119276
805521710.000,Miguel,recording,knock_once,1,-0.083566,6.802129,6.796926,0.059259,-0.128217,0.083746
805521720.000,Miguel,recording,knock_once,1,-0.124131,6.836392,6.755876,0.068472,-0.145778,0.054338
805521730.000,Miguel,recording,knock_once,1,-0.188312,6.784615,6.686590,0.061281,-0.131174,0.040607
805521740.000,Miguel,recording,knock_once,1,-0.228266,6.728076,6.594807,0.036158,-0.096346,0.045020
805521750.000,Miguel,recording,knock_once,1,-0.274069,6.708941,6.549196,-0.001485,-0.073610,0.064196
805521760.000,Miguel,recording,knock_once,1,-0.298773,6.781866,6.517815,-0.038245,-0.098612,0.093583
805521770.000,Miguel,recording,knock_once,1,-0.226173,6.894267,6.628417,-0.056985,-0.199612,0.130890
805521780.000,Miguel,recording,knock_once,1,-0.141341,6.876545,6.698932,-0.051702,-0.380756,0.182658
805521790.000,Miguel,recording,knock_once,1,-0.273102,6.674544,6.717316,-0.037606,-0.629798,0.264809
805521800.000,Miguel,recording,knock_once,1,-0.658237,6.554185,6.711820,-0.040151,-0.911143,0.386390
805521810.000,Miguel,recording,knock_once,1,-0.893300,6.895906,6.816253,-0.047645,-1.041349,0.554727
805521820.000,Miguel,recording,knock_once,1,2.112088,7.415675,9.707657,-0.002984,-0.770572,0.715188
805521830.000,Miguel,recording,knock_once,1,5.396517,7.787564,11.460973,0.120041,-0.277254,0.692557
805521840.000,Miguel,recording,knock_once,1,5.105509,7.024518,10.601488,0.312441,-0.027002,0.438094
805521850.000,Miguel,recording,knock_once,1,3.091254,6.230975,8.704630,0.572867,-0.187205,0.137968
805521860.000,Miguel,recording,knock_once,1,1.467189,6.188739,7.978663,0.831014,-0.459807,-0.046004
805521870.000,Miguel,recording,knock_once,1,0.440841,6.582071,7.031640,0.931268,-0.488305,-0.111219
805521880.000,Miguel,recording,knock_once,1,0.403259,7.167885,6.183257,0.783786,-0.256993,-0.141290
805521890.000,Miguel,recording,knock_once,1,1.249533,6.316320,5.310532,0.471728,0.137981,-0.230822
805521900.000,Miguel,recording,knock_once,1,2.577680,5.075551,5.837324,0.191458,0.644305,-0.411135
805521910.000,Miguel,recording,knock_once,1,2.047645,6.323320,6.830266,0.045479,1.104783,-0.599016
805521920.000,Miguel,recording,knock_once,1,0.626502,7.086632,6.958878,-0.013980,1.337542,-0.699472
805521930.000,Miguel,recording,knock_once,1,-1.163613,7.642568,6.096655,-0.045812,1.343337,-0.680561
805521940.000,Miguel,recording,knock_once,1,-2.368200,7.753553,5.388971,-0.082052,1.242600,-0.559104
805521950.000,Miguel,recording,knock_once,1,-2.845022,7.763556,4.961405,-0.168442,1.158242,-0.361111
805521960.000,Miguel,recording,knock_once,1,-2.829245,8.022310,4.765922,-0.350968,1.161498,-0.098647
805521970.000,Miguel,recording,knock_once,1,-2.556984,7.862482,4.729405,-0.611952,1.237301,0.184965
805521980.000,Miguel,recording,knock_once,1,-2.142077,7.250898,4.961034,-0.886388,1.318539,0.420423
805521990.000,Miguel,recording,knock_once,1,-1.816790,6.673417,5.205554,-1.131333,1.383102,0.569574
805522000.000,Miguel,recording,knock_once,1,-1.767774,6.429911,5.357029,-1.326174,1.467528,0.634898
805522010.000,Miguel,recording,knock_once,1,-2.050949,6.556519,6.103015,-1.423675,1.565097,0.640230
805522020.000,Miguel,recording,knock_once,1,-2.482763,6.714544,7.424326,-1.345846,1.598682,0.625520
805522030.000,Miguel,recording,knock_once,1,-2.378741,6.563559,8.042885,-1.106122,1.534881,0.640072
805522040.000,Miguel,recording,knock_once,1,-1.642660,6.107048,7.544594,-0.844018,1.434137,0.692823
805522050.000,Miguel,recording,knock_once,1,-0.477303,6.347810,6.816318,-0.710386,1.374406,0.726485
805522060.000,Miguel,recording,knock_once,1,0.469192,7.339427,6.451307,-0.754607,1.335280,0.689851
805522070.000,Miguel,recording,knock_once,1,0.850800,6.939730,7.566421,-0.811538,1.230641,0.580783
805522080.000,Miguel,recording,knock_once,1,0.359397,6.539054,8.966310,-0.666716,1.020370,0.417300
805522090.000,Miguel,recording,knock_once,1,-1.125268,6.434616,9.906123,-0.312102,0.676464,0.246882
805522100.000,Miguel,recording,knock_once,1,-2.269593,6.869116,9.911636,0.109269,0.283721,0.146458
805522110.000,Miguel,recording,knock_once,1,-2.487225,7.154247,9.110606,0.441995,0.033109,0.145470
805522120.000,Miguel,recording,knock_once,1,-1.894508,7.117972,7.723069,0.570386,-0.048288,0.198552
805522130.000,Miguel,recording,knock_once,1,-1.177866,7.098583,6.528502,0.452275,-0.138463,0.240434
805522140.000,Miguel,recording,knock_once,1,-0.863211,6.745785,5.516561,0.152778,-0.400790,0.226613
805522150.000,Miguel,recording,knock_once,1,-0.706058,6.329477,5.561210,-0.214592,-0.843420,0.153920
805522160.000,Miguel,recording,knock_once,1,-0.401578,5.909536,6.213471,-0.553094,-1.333908,0.046839
805522170.000,Miguel,recording,knock_once,1,0.034236,5.712368,7.123461,-0.788267,-1.683763,-0.070795
805522180.000,Miguel,recording,knock_once,1,0.473096,5.699294,8.104587,-0.878729,-1.787727,-0.175555
805522190.000,Miguel,recording,knock_once,1,0.806219,5.662116,8.978675,-0.810415,-1.647745,-0.248650
805522200.000,Miguel,recording,knock_once,1,1.042371,5.560970,9.561100,-0.595744,-1.325327,-0.288054
805522210.000,Miguel,recording,knock_once,1,0.984038,5.474654,9.608705,-0.285210,-0.903323,-0.303660
805522220.000,Miguel,recording,knock_once,1,0.787812,5.470322,9.245542,0.047955,-0.457555,-0.304813
805522230.000,Miguel,recording,knock_once,1,0.421818,5.553039,8.712407,0.342834,-0.053834,-0.293393
805522240.000,Miguel,recording,knock_once,1,0.044664,5.619804,8.094137,0.568651,0.254498,-0.268370
805522250.000,Miguel,recording,knock_once,1,-0.250279,5.738777,7.579766,0.717801,0.447344,-0.228870
805522260.000,Miguel,recording,knock_once,1,-0.503558,6.026561,7.263171,0.786773,0.537706,-0.172261
805522270.000,Miguel,recording,knock_once,1,-0.815408,6.386178,6.747598,0.762277,0.518243,-0.097880
805522280.000,Miguel,recording,knock_once,1,-1.112344,6.703747,6.282159,0.642165,0.349203,-0.006563
805522290.000,Miguel,recording,knock_once,1,-1.477797,6.999070,5.953467,0.449244,0.012410,0.098126
805522300.000,Miguel,recording,knock_once,1,-1.439153,7.205720,5.132237,0.212247,-0.455016,0.196108
805522310.000,Miguel,recording,knock_once,1,-0.581796,7.070259,4.269265,-0.044716,-0.948314,0.263574
805522320.000,Miguel,recording,knock_once,1,0.861363,6.587463,3.914377,-0.286966,-1.259401,0.302061
805522330.000,Miguel,recording,knock_once,1,6.237632,5.676220,5.535174,-0.448614,-1.221742,0.284778
805522340.000,Miguel,recording,knock_once,1,6.338353,6.751921,7.292783,-0.485978,-1.005598,0.108504
805522350.000,Miguel,recording,knock_once,1,4.171246,6.953970,8.030374,-0.432123,-0.839092,-0.239550
805522360.000,Miguel,recording,knock_once,1,1.169464,6.316737,8.617010,-0.327007,-0.691942,-0.638577
805522370.000,Miguel,recording,knock_once,1,-0.808380,6.520895,8.394043,-0.209165,-0.516311,-0.968739
805522380.000,Miguel,recording,knock_once,1,-2.583985,6.272591,7.837538,-0.136024,-0.336144,-1.125440
805522390.000,Miguel,recording,knock_once,1,-3.368217,5.559065,7.358066,-0.122648,-0.189257,-1.046769
805522400.000,Miguel,recording,knock_once,1,-3.562662,5.233313,7.171660,-0.133253,-0.102085,-0.767658
805522410.000,Miguel,recording,knock_once,1,-2.629067,5.565450,7.358486,-0.129159,-0.051256,-0.415963
805522420.000,Miguel,recording,knock_once,1,-1.140553,6.115722,7.530460,-0.100716,0.011332,-0.136623
805522430.000,Miguel,recording,knock_once,1,-0.144553,6.133438,7.596227,-0.056910,0.117560,0.015421
805522440.000,Miguel,recording,knock_once,1,0.308205,5.958824,7.611086,-0.010856,0.261845,0.059288
805522450.000,Miguel,recording,knock_once,1,0.336666,5.971899,7.673113,0.031241,0.408945,0.028886
805522460.000,Miguel,recording,knock_once,1,0.124217,6.160355,7.808251,0.074389,0.519458,-0.029349
805522470.000,Miguel,recording,knock_once,1,-0.217188,6.268699,7.858405,0.122137,0.567774,-0.074061
805522480.000,Miguel,recording,knock_once,1,-0.520986,6.341945,7.830406,0.166502,0.556949,-0.082338
805522490.000,Miguel,recording,knock_once,1,-0.770963,6.424660,7.717102,0.192845,0.512343,-0.056053
805522500.000,Miguel,recording,knock_once,1,-0.866032,6.514748,7.528844,0.188196,0.454641,-0.013052
805522510.000,Miguel,recording,knock_once,1,-0.779471,6.541452,7.348596,0.146793,0.386342,0.027545
805522520.000,Miguel,recording,knock_once,1,-0.683676,6.511179,7.270143,0.075250,0.302392,0.053777
805522530.000,Miguel,recording,knock_once,1,-0.595230,6.464655,7.314193,-0.009613,0.200717,0.062858
805522540.000,Miguel,recording,knock_once,1,-0.497467,6.427393,7.405812,-0.088363,0.088206,0.056157
805522550.000,Miguel,recording,knock_once,1,-0.463254,6.448166,7.566288,-0.145584,-0.015174,0.037003
805522560.000,Miguel,recording,knock_once,1,-0.405068,6.475000,7.619303,-0.178035,-0.088624,0.012911
805522570.000,Miguel,recording,knock_once,1,-0.396719,6.488473,7.689730,-0.189306,-0.123456,-0.006008
805522580.000,Miguel,recording,knock_once,1,-0.535564,6.430781,7.809723,-0.179675,-0.121871,-0.010309
805522590.000,Miguel,recording,knock_once,1,-0.668650,6.397784,7.885740,-0.149736,-0.098096,0.002105
805522600.000,Miguel,recording,knock_once,1,-0.706176,6.370598,7.815598,-0.107112,-0.073527,0.025305
805522610.000,Miguel,recording,knock_once,1,-0.684192,6.362405,7.588991,-0.066847,-0.060940,0.055615
805522620.000,Miguel,recording,knock_once,1,-0.595771,6.298795,7.397901,-0.039439,-0.066519,0.094241
805522630.000,Miguel,recording,knock_once,1,-0.461461,6.207283,7.223852,-0.024481,-0.094339,0.136447
805522640.000,Miguel,recording,knock_once,1,-0.196800,6.216783,7.206012,-0.018456,-0.123379,0.163977
805522650.000,Miguel,recording,knock_once,1,0.057982,6.244778,7.295846,-0.019785,-0.116979,0.158915
805522660.000,Miguel,recording,knock_once,1,0.188039,6.130208,7.303096,-0.027959,-0.070438,0.121594
805522670.000,Miguel,recording,knock_once,1,0.155812,5.993648,7.310503,-0.039019,-0.015181,0.067621
805522680.000,Miguel,recording,knock_once,1,0.034898,5.968561,7.427839,-0.041318,0.019505,0.013242
805522690.000,Miguel,recording,knock_once,1,-0.172324,5.979995,7.603306,-0.023647,0.032249,-0.030369
805522700.000,Miguel,recording,knock_once,1,-0.382781,5.980743,7.686884,0.011681,0.037657,-0.052358
805522710.000,Miguel,recording,knock_once,1,-0.515466,6.040597,7.630887,0.053088,0.042540,-0.047776
805522720.000,Miguel,recording,knock_once,1,-0.572696,6.112326,7.493020,0.092327,0.042566,-0.024278
805522730.000,Miguel,recording,knock_once,1,-0.516215,6.120648,7.394920,0.124293,0.030631,0.005280
805522740.000,Miguel,recording,knock_once,1,-0.360718,6.069360,7.156443,0.143337,0.008994,0.029549
805522750.000,Miguel,recording,knock_once,1,-0.226429,6.063223,7.008235,0.144579,-0.010404,0.041209
805522760.000,Miguel,recording,knock_once,1,-0.174144,6.029157,6.958987,0.129611,-0.016580,0.038153
805522770.000,Miguel,recording,knock_once,1,-0.127297,6.031248,7.113942,0.109335,-0.006672,0.024453
805522780.000,Miguel,recording,knock_once,1,-0.168396,6.049948,7.229491,0.092226,0.006244,0.008073
805522790.000,Miguel,recording,knock_once,1,-0.210240,6.113553,7.217987,0.073515,0.001210,-0.004557
805522800.000,Miguel,recording,knock_once,1,-0.283940,6.190885,7.092575,0.042727,-0.029505,-0.011696
805522810.000,Miguel,recording,knock_once,1,-0.337696,6.250210,7.016097,-0.003528,-0.073119,-0.013423
805522820.000,Miguel,recording,knock_once,1,-0.338867,6.324946,7.114738,-0.058509,-0.107084,-0.007971
805522830.000,Miguel,recording,knock_once,1,-0.287050,6.384856,7.332949,-0.110843,-0.115618,0.003466
805522840.000,Miguel,recording,knock_once,1,-0.192045,6.368801,7.513293,-0.149817,-0.102918,0.013935
805522850.000,Miguel,recording,knock_once,1,-0.085258,6.320545,7.645117,-0.173218,-0.082689,0.016261
805522860.000,Miguel,recording,knock_once,1,-0.056090,6.320830,7.689451,-0.186920,-0.058041,0.010091
805522870.000,Miguel,recording,knock_once,1,-0.079807,6.417014,7.881298,-0.195921,-0.027367,0.000664
805522880.000,Miguel,recording,knock_once,1,-0.165212,6.434140,8.023273,-0.199060,0.000032,-0.006483
805522890.000,Miguel,recording,knock_once,1,-0.286714,6.434621,8.192893,-0.190361,0.006792,-0.007468
805522900.000,Miguel,recording,knock_once,1,-0.407481,6.390160,8.264983,-0.168840,-0.017994,-0.002823
805522910.000,Miguel,recording,knock_once,1,-0.488128,6.371883,8.239291,-0.141010,-0.066694,0.004348
805522920.000,Miguel,recording,knock_once,1,-0.564803,6.386407,8.203660,-0.114756,-0.117737,0.014885
805522930.000,Miguel,recording,knock_once,1,-0.608111,6.396373,8.204193,-0.091831,-0.154925,0.031710
805522940.000,Miguel,recording,knock_once,1,-0.530748,6.365311,8.210507,-0.069756,-0.177061,0.053662
805522950.000,Miguel,recording,knock_once,1,-0.381251,6.317237,8.093947,-0.048313,-0.192081,0.073744
805522960.000,Miguel,recording,knock_once,1,-0.197357,6.253528,7.882305,-0.030072,-0.204451,0.083497
805522970.000,Miguel,recording,knock_once,1,-0.033905,6.199282,7.623251,-0.020145,-0.209012,0.079413
805522980.000,Miguel,recording,knock_once,1,0.075923,6.228062,7.452718,-0.020469,-0.195620,0.064089
805522990.000,Miguel,recording,knock_once,1,0.010134,6.289899,7.450859,-0.025463,-0.155308,0.046143
805523000.000,Miguel,recording,knock_once,1,-0.100619,6.254598,7.469620,-0.027858,-0.091193,0.037156
805523010.000,Miguel,recording,knock_once,1,-0.128044,6.125370,7.486885,-0.023139,-0.022717,0.040408
805523020.000,Miguel,recording,knock_once,1,-0.035942,6.058732,7.422586,-0.012042,0.031106,0.046127
805523030.000,Miguel,recording,knock_once,1,0.104102,5.969827,7.300448,-0.001975,0.064485,0.043097
805523040.000,Miguel,recording,knock_once,1,0.196152,5.898177,7.185228,0.001933,0.087435,0.028420
805523050.000,Miguel,recording,knock_once,1,0.062442,5.922979,7.271678,0.001242,0.117279,0.010646
805523060.000,Miguel,recording,knock_once,1,-0.196346,5.980757,7.448671,-0.000319,0.153798,0.005035
805523070.000,Miguel,recording,knock_once,1,-0.390708,5.970223,7.479603,-0.002230,0.168897,0.019181
805523080.000,Miguel,recording,knock_once,1,-0.337474,5.945652,7.454317,-0.006458,0.141552,0.042820
805523090.000,Miguel,recording,knock_once,1,-0.139735,5.932139,7.372403,-0.015849,0.086202,0.056386
805523100.000,Miguel,recording,knock_once,1,0.055972,6.016577,7.255662,-0.038630,0.035989,0.050352
805523110.000,Miguel,recording,knock_once,1,0.110434,6.104550,7.318118,-0.078195,0.013140,0.030502
805523120.000,Miguel,recording,knock_once,1,0.004569,6.124502,7.494830,-0.122670,0.006815,0.009025
805523130.000,Miguel,recording,knock_once,1,-0.119983,6.084712,7.712175,-0.154575,-0.009816,-0.005942
805523140.000,Miguel,recording,knock_once,1,-0.147152,6.060239,7.907258,-0.164394,-0.045528,-0.014559
805523150.000,Miguel,recording,knock_once,1,-0.111195,6.056570,7.959998,-0.157749,-0.086775,-0.021191
805523160.000,Miguel,recording,knock_once,1,-0.081595,6.108921,7.850342,-0.149199,-0.115244,-0.027396
805523170.000,Miguel,recording,knock_once,1,-0.083065,6.159270,7.726323,-0.147642,-0.122227,-0.030999
805523180.000,Miguel,recording,knock_once,1,-0.050082,6.146117,7.671594,-0.150973,-0.107643,-0.029512
805523190.000,Miguel,recording,knock_once,1,-0.066572,6.123917,7.768183,-0.151167,-0.078643,-0.022874
805523200.000,Miguel,recording,knock_once,1,-0.067471,6.083240,7.806569,-0.143647,-0.049318,-0.014377
805523210.000,Miguel,recording,knock_once,1,-0.069586,6.043548,7.741225,-0.134085,-0.030893,-0.007219
805523220.000,Miguel,recording,knock_once,1,-0.133304,6.067764,7.766836,-0.129314,-0.020720,-0.001556
805523230.000,Miguel,recording,knock_once,1,-0.181184,6.023185,7.965928,-0.124175,-0.005043,0.005224
805523240.000,Miguel,recording,knock_once,1,-0.207704,5.981004,8.306575,-0.103710,0.020167,0.015467
805523250.000,Miguel,recording,knock_once,1,-0.189581,5.920954,8.465496,-0.060071,0.035802,0.027616
805523260.000,Miguel,recording,knock_once,1,-0.123012,5.900010,8.379975,-0.002636,0.024178,0.035824
805523270.000,Miguel,recording,knock_once,1,0.029153,5.840277,8.122399,0.050173,-0.003789,0.032858
805523280.000,Miguel,recording,knock_once,1,0.144442,5.881045,7.901417,0.085449,-0.022624,0.016783
805523290.000,Miguel,recording,knock_once,1,0.057143,5.966320,7.854793,0.105076,-0.020445,-0.004606
805523300.000,Miguel,recording,knock_once,1,-0.081128,6.025922,7.827218,0.118006,-0.005630,-0.018994
805523310.000,Miguel,recording,knock_once,1,-0.168771,6.034494,7.780342,0.129464,0.007194,-0.022826
805523320.000,Miguel,recording,knock_once,1,-0.176185,6.045200,7.653233,0.137479,0.012040,-0.021201
805523330.000,Miguel,recording,knock_once,1,-0.115125,6.017818,7.449561,0.136428,0.011608,-0.020622
805523340.000,Miguel,recording,knock_once,1,-0.006091,5.997962,7.235953,0.121627,0.010540,-0.026463
805523350.000,Miguel,recording,knock_once,1,0.082978,6.008549,6.990602,0.088275,0.012820,-0.039586
805523360.000,Miguel,recording,knock_once,1,0.084788,6.038948,6.804503,0.035763,0.019642,-0.055671
805523370.000,Miguel,recording,knock_once,1,-0.061130,6.082517,6.812604,-0.026678,0.029558,-0.066933
805523380.000,Miguel,recording,knock_once,1,-0.250821,6.070607,6.969871,-0.084724,0.036922,-0.066349
805523390.000,Miguel,recording,knock_once,1,-0.330417,6.030064,7.161127,-0.127908,0.034741,-0.053035
805523400.000,Miguel,recording,knock_once,1,-0.353834,6.053881,7.329625,-0.153471,0.027404,-0.034352
805523410.000,Miguel,recording,knock_once,1,-0.359629,6.082271,7.560638,-0.162665,0.025369,-0.016133
805523420.000,Miguel,recording,knock_once,1,-0.375889,6.002683,7.913207,-0.151077,0.026206,0.001455
805523430.000,Miguel,recording,knock_once,1,-0.353049,5.902339,8.204800,-0.112771,0.020598,0.015986
805523440.000,Miguel,recording,knock_once,1,-0.248050,5.880338,8.274603,-0.058453,0.011017,0.021874
805523450.000,Miguel,recording,knock_once,1,-0.171348,5.956163,8.158937,-0.010607,0.004889,0.017261
805523460.000,Miguel,recording,knock_once,1,-0.142907,6.031032,7.907348,0.014653,0.003681,0.007435
805523470.000,Miguel,recording,knock_once,1,-0.176155,6.089180,7.739956,0.014526,0.005308,-0.001231
805523480.000,Miguel,recording,knock_once,1,-0.217346,6.119042,7.613041,-0.005218,0.003549,-0.005828
805523490.000,Miguel,recording,knock_once,1,-0.274333,6.167207,7.590927,-0.036388,-0.005045,-0.005716
805523500.000,Miguel,recording,knock_once,1,-0.271332,6.186607,7.748989,-0.066288,-0.014038,-0.002633
805523510.000,Miguel,recording,knock_once,1,-0.239008,6.128786,7.919578,-0.083056,-0.019163,0.001092
805523520.000,Miguel,recording,knock_once,1,-0.177393,6.073670,8.052124,-0.082840,-0.024069,0.002689
805523530.000,Miguel,recording,knock_once,1,-0.117516,6.018561,8.047346,-0.070559,-0.032274,-0.001050
805523540.000,Miguel,recording,knock_once,1,-0.137299,6.035595,7.966720,-0.055615,-0.041266,-0.008548
805523550.000,Miguel,recording,knock_once,1,-0.226121,6.081004,7.848557,-0.045925,-0.045038,-0.013017
805523560.000,Miguel,recording,knock_once,1,-0.268264,6.063084,7.805991,-0.042389,-0.040623,-0.008834
805523570.000,Miguel,recording,knock_once,1,-0.265650,6.046553,7.851298,-0.035906,-0.029347,0.003452
805523580.000,Miguel,recording,knock_once,1,-0.265850,6.061692,7.876917,-0.020627,-0.018537,0.019565
805523590.000,Miguel,recording,knock_once,1,-0.285776,6.028415,7.836829,-0.001056,-0.015242,0.035531
805523600.000,Miguel,recording,knock_once,1,-0.256840,5.971236,7.807845,0.019139,-0.017120,0.047366
805523610.000,Miguel,recording,knock_once,1,-0.154659,5.907391,7.751625,0.039633,-0.016862,0.052101
805523620.000,Miguel,recording,knock_once,1,-0.041383,5.897693,7.598169,0.056035,-0.011655,0.047828
805523630.000,Miguel,recording,knock_once,1,0.030868,5.902745,7.404439,0.058774,-0.004224,0.035868
805523640.000,Miguel,recording,knock_once,1,0.021772,5.955638,7.197180,0.040816,0.002802,0.021908
805523650.000,Miguel,recording,knock_once,1,-0.008970,5.964033,7.109656,0.004251,0.006459,0.010853
805523660.000,Miguel,recording,knock_once,1,-0.022974,5.955233,7.111900,-0.041742,0.003627,0.003748
805523670.000,Miguel,recording,knock_once,1,-0.024340,5.931507,7.158486,-0.087416,-0.002365,-0.001583
805523680.000,Miguel,recording,knock_once,1,-0.077934,5.903584,7.250194,-0.126516,-0.000338,-0.004419
805523690.000,Miguel,recording,knock_once,1,-0.121551,5.882397,7.426758,-0.153778,0.014936,-0.000939
805523700.000,Miguel,recording,knock_once,1,-0.114195,5.820755,7.628927,-0.161762,0.035156,0.007445
805523710.000,Miguel,recording,knock_once,1,-0.041625,5.769564,7.834931,-0.148505,0.052166,0.013969
805523720.000,Miguel,recording,knock_once,1,-0.033097,5.748968,7.967456,-0.121929,0.064760,0.011788
805523730.000,Miguel,recording,knock_once,1,-0.039279,5.744028,7.958606,-0.095370,0.070731,0.000687
805523740.000,Miguel,recording,knock_once,1,-0.078705,5.779531,7.842306,-0.081100,0.067296,-0.012434
805523750.000,Miguel,recording,knock_once,1,-0.146528,5.861771,7.834145,-0.080750,0.059623,-0.019599
805523760.000,Miguel,recording,knock_once,1,-0.252190,5.916480,8.035087,-0.082906,0.052031,-0.015097
805523770.000,Miguel,recording,knock_once,1,-0.305264,5.890226,8.204375,-0.074826,0.039279,-0.000703
805523780.000,Miguel,recording,knock_once,1,-0.310030,5.859812,8.341355,-0.053589,0.021744,0.017004
805523790.000,Miguel,recording,knock_once,1,-0.250770,5.868263,8.432804,-0.022756,0.007938,0.032142
805523800.000,Miguel,recording,knock_once,1,-0.167857,5.862081,8.406264,0.011461,-0.002520,0.040192
805523810.000,Miguel,recording,knock_once,1,-0.028999,5.872086,8.265543,0.041188,-0.014103,0.037642
805523820.000,Miguel,recording,knock_once,1,0.089926,5.892626,8.075426,0.060050,-0.022037,0.022400
805523830.000,Miguel,recording,knock_once,1,0.144607,5.932421,7.880110,0.063341,-0.019528,-0.002107
805523840.000,Miguel,recording,knock_once,1,0.079367,6.003415,7.737890,0.050756,-0.008570,-0.026888
805523850.000,Miguel,recording,knock_once,1,-0.032818,6.044456,7.765625,0.030877,0.002137,-0.042278
805523860.000,Miguel,recording,knock_once,1,-0.099753,5.981350,7.856298,0.015956,0.006015,-0.047349
805523870.000,Miguel,recording,knock_once,1,-0.083481,5.930462,7.902830,0.012653,0.006343,-0.049769
805523880.000,Miguel,recording,knock_once,1,-0.119287,5.941579,7.931466,0.020018,0.015590,-0.053019
805523890.000,Miguel,recording,knock_once,1,-0.343414,6.046137,8.100145,0.036475,0.039698,-0.049716
805523900.000,Miguel,recording,knock_once,1,-0.574491,6.064842,8.193543,0.062705,0.063402,-0.032377
805523910.000,Miguel,recording,knock_once,1,-0.594939,6.052908,8.206610,0.097270,0.067294,-0.004580
805523920.000,Miguel,recording,knock_once,2,-0.485612,6.029070,8.090529,0.132973,0.053512,0.021476
805523930.000,Miguel,recording,knock_once,2,-0.304366,6.020163,7.814631,0.156416,0.035740,0.033608
805523940.000,Miguel,recording,knock_once,2,-0.150683,6.004902,7.521167,0.157840,0.020869,0.029720
805523950.000,Miguel,recording,knock_once,2,-0.106059,5.986597,7.310973,0.137735,0.011191,0.017743
805523960.000,Miguel,recording,knock_once,2,-0.146815,6.011572,7.218410,0.104946,0.008862,0.005952
805523970.000,Miguel,recording,knock_once,2,-0.279717,6.010364,7.214971,0.069649,0.010597,0.000618
805523980.000,Miguel,recording,knock_once,2,-0.370394,6.008429,7.206176,0.036161,0.008024,0.005713
805523990.000,Miguel,recording,knock_once,2,-0.390384,5.997787,7.261087,0.008423,0.001213,0.019875
805524000.000,Miguel,recording,knock_once,2,-0.323666,5.960521,7.430092,-0.007955,-0.001618,0.036849
805524010.000,Miguel,recording,knock_once,2,-0.225805,5.878435,7.570686,-0.011625,0.001752,0.047308
805524020.000,Miguel,recording,knock_once,2,-0.119624,5.796574,7.610688,-0.007172,0.005930,0.044354
805524030.000,Miguel,recording,knock_once,2,-0.041516,5.800373,7.553482,-0.001806,0.006958,0.028935
805524040.000,Miguel,recording,knock_once,2,-0.082286,5.853299,7.491110,-0.000442,0.009965,0.010497
805524050.000,Miguel,recording,knock_once,2,-0.286169,5.950991,7.472728,-0.005204,0.021835,0.002818
805524060.000,Miguel,recording,knock_once,2,-0.381002,6.001198,7.461252,-0.018147,0.034463,0.013211
805524070.000,Miguel,recording,knock_once,2,-0.333131,6.037343,7.409027,-0.039386,0.035008,0.036296
805524080.000,Miguel,recording,knock_once,2,-0.160639,6.045928,7.470038,-0.064774,0.031061,0.058185
805524090.000,Miguel,recording,knock_once,2,-0.011241,5.961597,7.689540,-0.085085,0.035435,0.066375
805524100.000,Miguel,recording,knock_once,2,0.092883,5.836513,7.870413,-0.093020,0.042007,0.057805
805524110.000,Miguel,recording,knock_once,2,0.117177,5.756018,8.017678,-0.087485,0.041736,0.034916
805524120.000,Miguel,recording,knock_once,2,0.117543,5.748526,8.070766,-0.071491,0.037381,0.004209
805524130.000,Miguel,recording,knock_once,2,0.003138,5.851909,8.102871,-0.051665,0.036848,-0.022965
805524140.000,Miguel,recording,knock_once,2,-0.201132,5.944910,8.180932,-0.033318,0.041259,-0.035022
805524150.000,Miguel,recording,knock_once,2,-0.343230,5.997297,8.201459,-0.017446,0.038083,-0.027155
805524160.000,Miguel,recording,knock_once,2,-0.368535,6.001459,8.178342,-0.003263,0.017447,-0.007385
805524170.000,Miguel,recording,knock_once,2,-0.279857,6.003824,8.122583,0.008236,-0.011708,0.010169
805524180.000,Miguel,recording,knock_once,2,-0.198858,6.018009,8.086270,0.016596,-0.031597,0.019585
805524190.000,Miguel,recording,knock_once,2,-0.155421,6.006146,8.065746,0.024309,-0.034390,0.023498
805524200.000,Miguel,recording,knock_once,2,-0.142585,5.991018,8.042115,0.033489,-0.029121,0.024529
805524210.000,Miguel,recording,knock_once,2,-0.115527,5.992870,7.928540,0.044943,-0.030482,0.023040
805524220.000,Miguel,recording,knock_once,2,-0.142467,5.951650,7.951666,0.062080,-0.041171,0.019200
805524230.000,Miguel,recording,knock_once,2,-0.179020,5.948765,8.051514,0.089796,-0.050579,0.016486
805524240.000,Miguel,recording,knock_once,2,-0.124762,5.928389,8.037242,0.127279,-0.048735,0.016362
805524250.000,Miguel,recording,knock_once,2,-0.031479,5.942425,7.858526,0.164497,-0.033034,0.013659
805524260.000,Miguel,recording,knock_once,2,0.051149,5.940422,7.582686,0.189262,-0.006931,0.003944
805524270.000,Miguel,recording,knock_once,2,0.062460,5.964265,7.327118,0.195169,0.025455,-0.011384
805524280.000,Miguel,recording,knock_once,2,-0.054984,6.025488,7.134926,0.181478,0.063387,-0.026342
805524290.000,Miguel,recording,knock_once,2,-0.169112,6.057239,7.030232,0.150524,0.103651,-0.032988
805524300.000,Miguel,recording,knock_once,2,-0.254847,6.061179,6.996359,0.108259,0.138765,-0.028203
805524310.000,Miguel,recording,knock_once,2,-0.270471,6.075983,7.035778,0.061379,0.162454,-0.016805
805524320.000,Miguel,recording,knock_once,2,-0.238748,6.051136,7.097032,0.014804,0.169957,-0.007525
805524330.000,Miguel,recording,knock_once,2,-0.203824,5.968145,7.290954,-0.023431,0.156856,-0.006430
805524340.000,Miguel,recording,knock_once,2,-0.227724,5.914662,7.459467,-0.046341,0.126586,-0.011260
805524350.000,Miguel,recording,knock_once,2,-0.352616,5.901348,7.647008,-0.052129,0.093063,-0.015033
805524360.000,Miguel,recording,knock_once,2,-0.463596,5.905175,7.776112,-0.041814,0.067396,-0.011299
805524370.000,Miguel,recording,knock_once,2,-0.503719,5.972298,7.861678,-0.019165,0.053265,0.002268
805524380.000,Miguel,recording,knock_once,2,-0.464236,6.027416,7.837981,0.007960,0.050291,0.020533
805524390.000,Miguel,recording,knock_once,2,-0.347982,6.055542,7.710065,0.029099,0.053694,0.035503
805524400.000,Miguel,recording,knock_once,2,-0.240832,6.071692,7.608612,0.036846,0.060223,0.040944
805524410.000,Miguel,recording,knock_once,2,-0.200437,6.064012,7.521862,0.029215,0.069072,0.035513
805524420.000,Miguel,recording,knock_once,2,-0.196644,6.069481,7.488582,0.009805,0.077222,0.024249
805524430.000,Miguel,recording,knock_once,2,-0.249696,6.091599,7.535673,-0.014685,0.081546,0.013580
805524440.000,Miguel,recording,knock_once,2,-0.350243,6.126132,7.657951,-0.037321,0.081758,0.008732
805524450.000,Miguel,recording,knock_once,2,-0.395063,6.123997,7.758100,-0.053272,0.077997,0.012108
805524460.000,Miguel,recording,knock_once,2,-0.356460,6.105905,7.825480,-0.059478,0.069505,0.020049
805524470.000,Miguel,recording,knock_once,2,-0.289581,6.050718,7.996730,-0.052062,0.058010,0.026138
805524480.000,Miguel,recording,knock_once,2,-0.276479,6.008447,8.165893,-0.027580,0.047512,0.028568
805524490.000,Miguel,recording,knock_once,2,-0.304132,5.982947,8.215411,0.012156,0.041810,0.029162
805524500.000,Miguel,recording,knock_once,2,-0.340662,5.972826,8.208533,0.060595,0.043072,0.029890
805524510.000,Miguel,recording,knock_once,2,-0.281210,5.965150,8.085079,0.108459,0.052311,0.030846
805524520.000,Miguel,recording,knock_once,2,-0.241543,6.014921,7.873978,0.143891,0.070993,0.029831
805524530.000,Miguel,recording,knock_once,2,-0.253918,6.056154,7.645777,0.158638,0.095534,0.026990
805524540.000,Miguel,recording,knock_once,2,-0.311814,6.082645,7.465077,0.152073,0.115382,0.025174
805524550.000,Miguel,recording,knock_once,2,-0.341099,6.132921,7.376530,0.129576,0.122445,0.024865
805524560.000,Miguel,recording,knock_once,2,-0.323012,6.161137,7.346031,0.099118,0.116983,0.025613
805524570.000,Miguel,recording,knock_once,2,-0.313393,6.104407,7.352749,0.066932,0.104780,0.027303
805524580.000,Miguel,recording,knock_once,2,-0.276953,6.009556,7.408727,0.035928,0.085687,0.027528
805524590.000,Miguel,recording,knock_once,2,-0.212067,5.886410,7.450313,0.011032,0.050737,0.019123
805524600.000,Miguel,recording,knock_once,2,-0.216566,5.857952,7.556350,0.002235,-0.001016,-0.001838
805524610.000,Miguel,recording,knock_once,2,-0.320126,5.885151,7.656703,0.013111,-0.054072,-0.028313
805524620.000,Miguel,recording,knock_once,2,-0.445394,5.928519,7.619483,0.036114,-0.087741,-0.049353
805524630.000,Miguel,recording,knock_once,2,-0.539391,5.966652,7.487433,0.060332,-0.091170,-0.055090
805524640.000,Miguel,recording,knock_once,2,-0.603815,6.102978,7.309764,0.076240,-0.065845,-0.040732
805524650.000,Miguel,recording,knock_once,2,-0.619103,6.204250,7.232411,0.079467,-0.020826,-0.007819
805524660.000,Miguel,recording,knock_once,2,-0.626367,6.239484,7.139828,0.068643,0.028352,0.035803
805524670.000,Miguel,recording,knock_once,2,-0.551197,6.248916,7.014661,0.041062,0.071786,0.078165
805524680.000,Miguel,recording,knock_once,2,-0.431948,6.269078,6.957560,-0.006549,0.106952,0.110368
805524690.000,Miguel,recording,knock_once,2,-0.284625,6.247454,6.999372,-0.070953,0.120384,0.127665
805524700.000,Miguel,recording,knock_once,2,-0.188494,6.220005,7.164394,-0.140559,0.096135,0.129216
805524710.000,Miguel,recording,knock_once,2,-0.149173,6.140832,7.369135,-0.202460,0.041255,0.119454
805524720.000,Miguel,recording,knock_once,2,-0.073768,6.072183,7.652871,-0.246226,-0.020119,0.103882
805524730.000,Miguel,recording,knock_once,2,0.066244,5.970253,7.945787,-0.262512,-0.069227,0.083011
805524740.000,Miguel,recording,knock_once,2,0.097611,5.880644,8.208726,-0.246133,-0.098345,0.054927
805524750.000,Miguel,recording,knock_once,2,-0.035217,5.843423,8.432535,-0.200812,-0.101140,0.026349
805524760.000,Miguel,recording,knock_once,2,-0.139841,5.841952,8.500585,-0.136412,-0.073338,0.009273
805524770.000,Miguel,recording,knock_once,2,-0.177253,5.904028,8.488208,-0.065388,-0.023036,0.008003
805524780.000,Miguel,recording,knock_once,2,-0.165326,5.971192,8.393661,-0.000336,0.029526,0.016311
805524790.000,Miguel,recording,knock_once,2,-0.161798,5.975111,8.261112,0.050551,0.064630,0.025387
805524800.000,Miguel,recording,knock_once,2,-0.123528,5.957564,8.149703,0.081770,0.074726,0.030790
805524810.000,Miguel,recording,knock_once,2,-0.121365,5.927457,8.008558,0.091332,0.063953,0.030064
805524820.000,Miguel,recording,knock_once,2,-0.009685,5.891525,7.873698,0.083868,0.037230,0.019883
805524830.000,Miguel,recording,knock_once,2,0.072831,5.923074,7.794275,0.067309,-0.000479,-0.000122
805524840.000,Miguel,recording,knock_once,2,0.000654,5.959473,7.710400,0.049319,-0.036136,-0.022535
805524850.000,Miguel,recording,knock_once,2,-0.116746,5.994381,7.683878,0.036120,-0.053569,-0.038074
805524860.000,Miguel,recording,knock_once,2,-0.166075,6.033123,7.664801,0.032062,-0.052102,-0.042452
805524870.000,Miguel,recording,knock_once,2,-0.164930,6.068504,7.593717,0.038693,-0.042715,-0.037358
805524880.000,Miguel,recording,knock_once,2,-0.209193,6.089383,7.592299,0.052665,-0.029234,-0.028029
805524890.000,Miguel,recording,knock_once,2,-0.228500,6.071513,7.520103,0.066288,-0.011516,-0.017217
805524900.000,Miguel,recording,knock_once,2,-0.241550,5.992296,7.420263,0.074801,0.009633,-0.007748
805524910.000,Miguel,recording,knock_once,2,-0.314760,5.974659,7.395081,0.081062,0.035311,-0.000775
805524920.000,Miguel,recording,knock_once,2,-0.368359,5.993677,7.515659,0.094029,0.060529,0.007480
805524930.000,Miguel,recording,knock_once,2,-0.345916,5.928272,7.498152,0.112018,0.078348,0.018301
805524940.000,Miguel,recording,knock_once,2,-0.324645,5.866105,7.282719,0.124777,0.098950,0.026112
805524950.000,Miguel,recording,knock_once,2,-0.127483,5.659423,7.277668,0.152979,0.156812,0.020181
805524960.000,Miguel,recording,knock_once,2,0.224667,5.512112,7.474867,0.232688,0.313049,-0.003763
805524970.000,Miguel,recording,knock_once,2,0.448339,5.454973,7.411830,0.373484,0.627667,-0.034897
805524980.000,Miguel,recording,knock_once,2,0.420894,5.437444,7.449809,0.581669,1.123539,-0.051164
805524990.000,Miguel,recording,knock_once,2,0.229772,5.489533,7.444553,0.858884,1.783703,-0.024928
805525000.000,Miguel,recording,knock_once,2,0.330384,5.545967,7.362101,1.182186,2.544029,0.053926
805525010.000,Miguel,recording,knock_once,2,0.092241,5.727957,7.630129,1.417648,2.765424,0.104440
805525020.000,Miguel,recording,knock_once,2,-3.380469,5.646970,11.222533,1.300508,1.613079,0.053536
805525030.000,Miguel,recording,knock_once,2,-2.416875,6.090356,9.253139,0.811200,-0.040044,0.021787
805525040.000,Miguel,recording,knock_once,2,-4.871553,8.248389,7.792669,0.248863,-1.043928,0.087167
805525050.000,Miguel,recording,knock_once,2,-4.578508,9.646934,6.476245,-0.054537,-1.472404,0.229566
805525060.000,Miguel,recording,knock_once,2,-4.028075,8.438151,7.182834,0.050564,-1.470166,0.386853
805525070.000,Miguel,recording,knock_once,2,-1.240848,6.896379,7.816181,0.376097,-1.205725,0.444853
805525080.000,Miguel,recording,knock_once,2,0.452680,6.493816,8.361935,0.631287,-0.968703,0.414826
805525090.000,Miguel,recording,knock_once,2,1.092339,6.806480,8.608923,0.772132,-0.921261,0.386801
805525100.000,Miguel,recording,knock_once,2,0.690847,7.272047,8.488647,0.898977,-1.010882,0.413608
805525110.000,Miguel,recording,knock_once,2,-0.214550,7.224479,8.162494,1.027213,-1.165087,0.476129
805525120.000,Miguel,recording,knock_once,2,-1.110194,7.210622,7.631862,1.117477,-1.348596,0.535399
805525130.000,Miguel,recording,knock_once,2,-1.729896,7.235797,6.906851,1.126400,-1.521916,0.585129
805525140.000,Miguel,recording,knock_once,2,-1.714240,7.198371,5.988795,1.033501,-1.659202,0.639633
805525150.000,Miguel,recording,knock_once,2,-1.293742,7.144615,5.249528,0.851148,-1.777300,0.715306
805525160.000,Miguel,recording,knock_once,2,-0.781615,7.190642,5.100527,0.598498,-1.940734,0.823172
805525170.000,Miguel,recording,knock_once,2,-0.182449,7.290357,5.093939,0.299788,-2.145366,0.947859
805525180.000,Miguel,recording,knock_once,2,0.732969,7.142436,5.121486,0.006005,-2.263170,1.049277
805525190.000,Miguel,recording,knock_once,2,2.359956,6.963180,5.430353,-0.211795,-2.188728,1.084501
805525200.000,Miguel,recording,knock_once,2,4.363995,6.858186,5.968631,-0.301856,-1.941005,1.003838
805525210.000,Miguel,recording,knock_once,2,5.666851,6.785147,6.227656,-0.271373,-1.621018,0.766176
805525220.000,Miguel,recording,knock_once,2,5.794696,6.759677,6.026655,-0.183213,-1.334696,0.397070
805525230.000,Miguel,recording,knock_once,2,4.871130,6.712126,5.490054,-0.121609,-1.136407,-0.010731
805525240.000,Miguel,recording,knock_once,2,3.507051,6.630448,4.927611,-0.155021,-1.024576,-0.369907
805525250.000,Miguel,recording,knock_once,2,2.620662,6.504018,4.761856,-0.336295,-0.971787,-0.650402
805525260.000,Miguel,recording,knock_once,2,2.609138,6.339576,4.812907,-0.628291,-0.974369,-0.849945
805525270.000,Miguel,recording,knock_once,2,3.293924,5.781705,6.579853,-0.801290,-1.023533,-0.945821
805525280.000,Miguel,recording,knock_once,2,3.977026,5.393759,7.984562,-0.700083,-0.942531,-0.987202
805525290.000,Miguel,recording,knock_once,2,4.263609,5.372046,9.390235,-0.351680,-0.592622,-1.103784
805525300.000,Miguel,recording,knock_once,2,3.449476,5.462916,9.478126,0.142070,-0.096109,-1.324313
805525310.000,Miguel,recording,knock_once,2,1.603906,5.865890,8.765108,0.614926,0.338833,-1.506846
805525320.000,Miguel,recording,knock_once,2,0.176573,6.785215,7.415613,0.951952,0.575761,-1.512844
805525330.000,Miguel,recording,knock_once,2,-0.323735,7.659618,5.934763,1.088666,0.630471,-1.379259
805525340.000,Miguel,recording,knock_once,2,-0.551860,8.417162,4.853772,1.009702,0.583538,-1.227427
805525350.000,Miguel,recording,knock_once,2,-0.740935,9.591434,4.317561,0.789942,0.466691,-1.116483
805525360.000,Miguel,recording,knock_once,2,-1.379074,9.764931,4.470050,0.549677,0.311333,-1.009013
805525370.000,Miguel,recording,knock_once,2,-1.975742,9.433492,4.509049,0.359650,0.172184,-0.854786
805525380.000,Miguel,recording,knock_once,2,-1.797067,9.247913,4.466654,0.218551,0.080690,-0.670310
805525390.000,Miguel,recording,knock_once,2,-1.120050,8.932263,4.293069,0.088329,0.040343,-0.501068
805525400.000,Miguel,recording,knock_once,2,-0.478781,8.479755,4.174318,-0.061504,0.045154,-0.376880
805525410.000,Miguel,recording,knock_once,2,-0.038285,7.965908,4.370523,-0.208400,0.071218,-0.303247
805525420.000,Miguel,recording,knock_once,2,0.301343,7.454094,4.806815,-0.312356,0.108647,-0.268894
805525430.000,Miguel,recording,knock_once,2,0.851735,7.054408,5.453579,-0.348701,0.199398,-0.262334
805525440.000,Miguel,recording,knock_once,2,1.261427,6.847920,6.380308,-0.302898,0.388991,-0.278592
805525450.000,Miguel,recording,knock_once,2,1.539225,7.016527,6.865234,-0.206287,0.644809,-0.306562
805525460.000,Miguel,recording,knock_once,2,1.352174,7.243694,6.950013,-0.131295,0.832355,-0.321861
805525470.000,Miguel,recording,knock_once,2,0.805467,7.286399,6.846921,-0.114544,0.832451,-0.308085
805525480.000,Miguel,recording,knock_once,2,0.193992,7.319016,6.739113,-0.124446,0.689866,-0.268419
805525490.000,Miguel,recording,knock_once,2,-0.234018,7.281179,6.688151,-0.112046,0.535478,-0.210719
805525500.000,Miguel,recording,knock_once,2,-0.308326,7.218991,6.613500,-0.065255,0.408751,-0.142017
805525510.000,Miguel,recording,knock_once,2,-0.135820,7.199474,6.499826,-0.005940,0.261985,-0.074413
805525520.000,Miguel,recording,knock_once,2,0.042780,7.243521,6.376749,0.046820,0.071931,-0.024562
805525530.000,Miguel,recording,knock_once,2,0.170456,7.379070,6.261491,0.086109,-0.120934,-0.003491
805525540.000,Miguel,recording,knock_once,2,0.329107,7.467142,6.032722,0.096837,-0.263245,-0.009987
805525550.000,Miguel,recording,knock_once,2,0.484320,7.450757,5.714963,0.058167,-0.327687,-0.037740
805525560.000,Miguel,recording,knock_once,2,0.717387,7.384628,5.587664,-0.030696,-0.304783,-0.079259
805525570.000,Miguel,recording,knock_once,2,0.933793,7.260467,5.615811,-0.147508,-0.204928,-0.127267
805525580.000,Miguel,recording,knock_once,2,0.925413,7.180506,5.730739,-0.265529,-0.069390,-0.181095
805525590.000,Miguel,recording,knock_once,2,0.867124,7.232802,5.991325,-0.360495,0.055155,-0.244327
805525600.000,Miguel,recording,knock_once,2,0.747568,7.344021,6.346834,-0.411280,0.135238,-0.319599
805525610.000,Miguel,recording,knock_once,2,0.242727,7.362174,6.712981,-0.407027,0.152962,-0.398695
805525620.000,Miguel,recording,knock_once,2,-0.010264,7.498739,6.833897,-0.355996,0.140121,-0.458559
805525630.000,Miguel,recording,knock_once,2,-0.052057,7.425658,6.364657,-0.292331,0.142881,-0.489410
805525640.000,Miguel,recording,knock_once,2,0.005970,7.272197,5.748808,-0.251121,0.159677,-0.499464
805525650.000,Miguel,recording,knock_once,2,0.103882,7.130999,5.556842,-0.235146,0.160405,-0.492367
805525660.000,Miguel,recording,knock_once,2,-0.736866,7.053453,6.022996,-0.208653,0.064854,-0.446289
805525670.000,Miguel,recording,knock_once,2,-6.353474,6.813209,7.572043,-0.099803,-0.174723,-0.319577
805525680.000,Miguel,recording,knock_once,2,-3.122944,6.901050,8.472293,0.126998,-0.347749,-0.123152
805525690.000,Miguel,recording,knock_once,2,-3.578455,7.275230,8.015430,0.391445,-0.261184,0.093950
805525700.000,Miguel,recording,knock_once,2,-1.107081,6.793005,7.492487,0.571368,-0.070176,0.286139
805525710.000,Miguel,recording,knock_once,2,-0.169780,6.843184,6.752337,0.616813,0.038499,0.420212
805525720.000,Miguel,recording,knock_once,2,0.972232,6.830345,6.359097,0.555077,0.043979,0.482673
805525730.000,Miguel,recording,knock_once,2,1.301278,6.879830,5.948131,0.438274,-0.004154,0.465938
805525740.000,Miguel,recording,knock_once,2,1.268835,6.981567,5.711063,0.302741,-0.057520,0.389921
805525750.000,Miguel,recording,knock_once,2,0.988192,7.141198,5.622237,0.162668,-0.107916,0.298050
805525760.000,Miguel,recording,knock_once,2,0.602619,7.266980,5.649600,0.024305,-0.156431,0.221254
805525770.000,Miguel,recording,knock_once,2,0.500582,7.251758,5.749714,-0.105266,-0.187882,0.165694
805525780.000,Miguel,recording,knock_once,2,0.494818,7.159206,5.865400,-0.217697,-0.184823,0.129591
805525790.000,Miguel,recording,knock_once,2,0.495071,7.072045,6.019478,-0.308464,-0.151965,0.104853
805525800.000,Miguel,recording,knock_once,2,0.386815,7.043314,6.190070,-0.376244,-0.110009,0.083510
805525810.000,Miguel,recording,knock_once,2,0.257874,6.999674,6.352089,-0.419990,-0.072617,0.066525
805525820.000,Miguel,recording,knock_once,2,0.256859,6.901974,6.518848,-0.441754,-0.042187,0.053402
805525830.000,Miguel,recording,knock_once,2,0.276047,6.834971,6.637058,-0.446191,-0.015229,0.039526
805525840.000,Miguel,recording,knock_once,2,0.293674,6.791850,6.720316,-0.439474,0.014638,0.025702
805525850.000,Miguel,recording,knock_once,2,0.268650,6.842309,6.782519,-0.429068,0.048124,0.019243
805525860.000,Miguel,recording,knock_once,2,0.150124,6.875796,6.809810,-0.418517,0.076501,0.026350
805525870.000,Miguel,recording,knock_once,2,-0.030201,6.950506,6.867886,-0.407183,0.088736,0.046708
805525880.000,Miguel,recording,knock_once,2,-0.193666,7.038130,6.968972,-0.391947,0.081471,0.076755
805525890.000,Miguel,recording,knock_once,2,-0.282244,7.152910,7.004566,-0.369544,0.066845,0.112334
805525900.000,Miguel,recording,knock_once,2,-0.237375,7.204165,6.977486,-0.344144,0.055853,0.144738
805525910.000,Miguel,recording,knock_once,2,-0.200924,7.201696,7.031090,-0.322652,0.036091,0.170084
805525920.000,Miguel,recording,knock_once,2,-0.183492,7.353618,7.276937,-0.298332,0.007146,0.194314
805525930.000,Miguel,recording,knock_once,2,-0.002157,7.427284,7.455892,-0.259158,-0.002362,0.215671
805525940.000,Miguel,recording,knock_once,2,0.346804,7.339073,7.510934,-0.207391,0.015290,0.222660
805525950.000,Miguel,recording,knock_once,2,0.670356,7.277267,7.486756,-0.151886,0.037842,0.206250
805525960.000,Miguel,recording,knock_once,2,0.804829,7.290911,7.506448,-0.094515,0.052294,0.166814
805525970.000,Miguel,recording,knock_once,2,0.840029,7.272628,7.471787,-0.034238,0.062285,0.115194
805525980.000,Miguel,recording,knock_once,2,0.756201,7.225177,7.402847,0.024455,0.066835,0.065336
805525990.000,Miguel,recording,knock_once,2,0.682485,7.162795,7.252174,0.074038,0.062114,0.026974
805526000.000,Miguel,recording,knock_once,2,0.578970,7.145591,7.103939,0.110823,0.056254,0.003571
805526010.000,Miguel,recording,knock_once,2,0.434481,7.107751,6.892197,0.134979,0.059265,-0.006428
805526020.000,Miguel,recording,knock_once,2,0.264851,7.077220,6.706554,0.144336,0.064795,-0.006207
805526030.000,Miguel,recording,knock_once,2,0.234405,7.116249,6.552808,0.137960,0.063799,-0.000584
805526040.000,Miguel,recording,knock_once,2,0.356758,7.147719,6.490650,0.121831,0.063435,0.002107
805526050.000,Miguel,recording,knock_once,2,0.473935,7.118694,6.462836,0.104623,0.073195,-0.004369
805526060.000,Miguel,recording,knock_once,2,0.507211,7.072703,6.475810,0.093806,0.088123,-0.018072
805526070.000,Miguel,recording,knock_once,2,0.494067,7.093215,6.508368,0.091874,0.092165,-0.031949
805526080.000,Miguel,recording,knock_once,2,0.413834,7.155166,6.542180,0.095986,0.075678,-0.042958
805526090.000,Miguel,recording,knock_once,2,0.397005,7.204650,6.604570,0.105627,0.050286,-0.054847
805526100.000,Miguel,recording,knock_once,2,0.428422,7.170881,6.610530,0.121591,0.037076,-0.071988
805526110.000,Miguel,recording,knock_once,2,0.393499,7.117558,6.499797,0.137827,0.039206,-0.092716
805526120.000,Miguel,recording,knock_once,2,0.191974,7.110056,6.354446,0.145869,0.036041,-0.108088
805526130.000,Miguel,recording,knock_once,2,-0.066868,7.122507,6.226169,0.142680,0.009841,-0.106459
805526140.000,Miguel,recording,knock_once,2,-0.210674,7.126382,6.160665,0.130502,-0.034426,-0.084759
805526150.000,Miguel,recording,knock_once,2,-0.202077,7.161748,6.143148,0.109791,-0.082986,-0.053040
805526160.000,Miguel,recording,knock_once,2,-0.110530,7.135768,6.188034,0.077998,-0.126805,-0.023814
805526170.000,Miguel,recording,knock_once,2,0.003489,7.110720,6.337769,0.039883,-0.155171,-0.002926
805526180.000,Miguel,recording,knock_once,2,0.196357,7.119994,6.466059,0.004478,-0.147430,0.009925
805526190.000,Miguel,recording,knock_once,2,0.353305,7.112001,6.449290,-0.029689,-0.097639,0.014962
805526200.000,Miguel,recording,knock_once,2,0.467480,7.106242,6.463162,-0.067518,-0.034681,0.010742
805526210.000,Miguel,recording,knock_once,2,0.495997,7.117148,6.538561,-0.103853,0.016732,-0.000513
805526220.000,Miguel,recording,knock_once,2,0.489147,7.146611,6.645988,-0.130370,0.058177,-0.013642
805526230.000,Miguel,recording,knock_once,2,0.439682,7.132265,6.720251,-0.145040,0.091342,-0.026444
805526240.000,Miguel,recording,knock_once,2,0.356716,7.128253,6.766011,-0.151592,0.108413,-0.036263
805526250.000,Miguel,recording,knock_once,2,0.156781,7.111310,6.820658,-0.153662,0.107685,-0.038296
805526260.000,Miguel,recording,knock_once,2,0.001411,7.101989,6.851229,-0.151967,0.096615,-0.032599
805526270.000,Miguel,recording,knock_once,2,-0.087821,7.086542,6.920278,-0.145118,0.081441,-0.021282
805526280.000,Miguel,recording,knock_once,2,-0.054546,7.097377,6.970637,-0.131296,0.068220,-0.007407
805526290.000,Miguel,recording,knock_once,2,0.022144,7.049889,6.961584,-0.113300,0.060648,0.003362
805526300.000,Miguel,recording,knock_once,2,0.110826,7.031569,6.920694,-0.096637,0.057056,0.009238
805526310.000,Miguel,recording,knock_once,2,0.166122,6.994923,6.906693,-0.082285,0.053949,0.010863
805526320.000,Miguel,recording,knock_once,2,0.190260,6.977144,6.913633,-0.067543,0.048536,0.008874
805526330.000,Miguel,recording,knock_once,2,0.210858,6.994350,6.962563,-0.047960,0.044369,0.004152
805526340.000,Miguel,recording,knock_once,2,0.235958,6.994459,6.958960,-0.022317,0.045441,-0.004765
805526350.000,Miguel,recording,knock_once,2,0.170406,6.969783,6.911109,0.004952,0.042526,-0.015632
805526360.000,Miguel,recording,knock_once,2,0.086834,7.001020,6.859516,0.030059,0.020828,-0.021741
805526370.000,Miguel,recording,knock_once,2,0.068264,7.067285,6.838921,0.049430,-0.017197,-0.022264
805526380.000,Miguel,recording,knock_once,2,0.133994,7.102212,6.775262,0.060556,-0.049888,-0.022832
805526390.000,Miguel,recording,knock_once,2,0.210577,7.058409,6.728837,0.064559,-0.060569,-0.027496
805526400.000,Miguel,recording,knock_once,2,0.232949,7.028648,6.733088,0.064420,-0.052436,-0.035146
805526410.000,Miguel,recording,knock_once,2,0.200722,7.063692,6.762882,0.063147,-0.037188,-0.042661
805526420.000,Miguel,recording,knock_once,2,0.149495,7.100259,6.772234,0.062113,-0.022531,-0.047839
805526430.000,Miguel,recording,knock_once,2,0.143207,7.146492,6.773266,0.061261,-0.009646,-0.051372
805526440.000,Miguel,recording,knock_once,2,0.150081,7.157453,6.728408,0.058109,0.002764,-0.054902
805526450.000,Miguel,recording,knock_once,2,0.082693,7.156837,6.623992,0.047622,0.010070,-0.055946
805526460.000,Miguel,recording,knock_once,2,-0.036866,7.151076,6.560207,0.028741,0.008171,-0.049618
805526470.000,Miguel,recording,knock_once,2,-0.122343,7.151793,6.520143,0.004319,0.002937,-0.034907
805526480.000,Miguel,recording,knock_once,2,-0.155104,7.106421,6.535201,-0.021869,0.000581,-0.015036
805526490.000,Miguel,recording,knock_once,2,-0.068991,7.076651,6.632430,-0.040296,0.000093,0.004286
805526500.000,Miguel,recording,knock_once,2,0.112766,7.070181,6.734402,-0.045112,-0.001256,0.014031
805526510.000,Miguel,recording,knock_once,2,0.275519,7.050813,6.773000,-0.041202,-0.005542,0.008914
805526520.000,Miguel,recording,knock_once,2,0.272111,7.018851,6.757589,-0.033325,-0.013084,-0.005776
805526530.000,Miguel,recording,knock_once,2,0.195656,7.005815,6.781077,-0.022857,-0.019380,-0.020622
805526540.000,Miguel,recording,knock_once,2,0.113329,6.986062,6.750598,-0.014472,-0.016707,-0.029379
805526550.000,Miguel,recording,knock_once,2,0.033276,6.952525,6.687081,-0.014543,-0.003827,-0.028839
805526560.000,Miguel,recording,knock_once,2,-0.037356,6.938683,6.684394,-0.021780,0.010874,-0.018845
805526570.000,Miguel,recording,knock_once,2,-0.083795,6.959573,6.736082,-0.029061,0.020301,-0.003075
805526580.000,Miguel,recording,knock_once,2,-0.006400,7.029453,6.805885,-0.030009,0.022288,0.011172
805526590.000,Miguel,recording,knock_once,2,0.176353,7.070672,6.851068,-0.023354,0.015197,0.015794
805526600.000,Miguel,recording,knock_once,2,0.275859,7.072887,6.830167,-0.013408,0.000201,0.008156
805526610.000,Miguel,recording,knock_once,2,0.199974,7.043324,6.809618,-0.004407,-0.016881,-0.003732
805526620.000,Miguel,recording,knock_once,2,0.117783,7.033702,6.849702,0.003522,-0.029900,-0.010154
805526630.000,Miguel,recording,knock_once,2,0.096909,7.046567,6.852515,0.010484,-0.031835,-0.010243
805526640.000,Miguel,recording,knock_once,2,0.114778,7.042169,6.792274,0.012840,-0.020184,-0.008117
805526650.000,Miguel,recording,knock_once,2,0.088468,7.041982,6.746656,0.009403,-0.004248,-0.004831
805526660.000,Miguel,recording,knock_once,2,0.032493,7.065144,6.733308,0.003725,0.006135,0.000774
805526670.000,Miguel,recording,knock_once,2,0.031787,7.091445,6.730602,-0.000864,0.008553,0.007371
805526680.000,Miguel,recording,knock_once,2,0.161591,7.146209,6.706586,-0.005820,0.005406,0.010210
805526690.000,Miguel,recording,knock_once,2,0.238607,7.124500,6.635458,-0.014215,0.003500,0.005545
805526700.000,Miguel,recording,knock_once,2,0.235990,7.088367,6.636893,-0.026277,0.006316,-0.002359
805526710.000,Miguel,recording,knock_once,2,0.169895,7.070831,6.682376,-0.038220,0.010410,-0.007952
805526720.000,Miguel,recording,knock_once,2,0.121779,7.088150,6.706172,-0.045854,0.013767,-0.010628
805526730.000,Miguel,recording,knock_once,2,0.125736,7.057888,6.736301,-0.047674,0.016068,-0.012081
805526740.000,Miguel,recording,knock_once,2,0.142648,7.047630,6.760926,-0.042665,0.014572,-0.013853
805526750.000,Miguel,recording,knock_once,2,0.160331,7.068855,6.803213,-0.032746,0.007755,-0.017110
805526760.000,Miguel,recording,knock_once,2,0.216953,7.089990,6.868586,-0.020211,-0.001627,-0.023266
805526770.000,Miguel,recording,knock_once,2,0.235401,7.076666,6.906944,-0.005508,-0.008326,-0.031538
805526780.000,Miguel,recording,knock_once,2,0.160182,7.059126,6.885395,0.009155,-0.009220,-0.039424
805526790.000,Miguel,recording,knock_once,2,0.082185,7.058390,6.822434,0.019672,-0.007005,-0.043979
805526800.000,Miguel,recording,knock_once,2,0.033334,7.089903,6.796619,0.022172,-0.006189,-0.042688
805526810.000,Miguel,recording,knock_once,2,0.007680,7.075363,6.752988,0.017504,-0.005312,-0.036364
805526820.000,Miguel,recording,knock_once,2,-0.007419,7.063938,6.715424,0.010285,-0.001617,-0.028881
805526830.000,Miguel,recording,knock_once,2,-0.024308,7.069176,6.710187,0.002138,0.001714,-0.022436
805526840.000,Miguel,recording,knock_once,2,0.021937,7.067350,6.704866,-0.006692,0.003486,-0.016260
805526850.000,Miguel,recording,knock_once,2,0.076159,7.032655,6.726189,-0.012849,0.006021,-0.012755
805526860.000,Miguel,recording,knock_once,2,0.067054,6.976935,6.728707,-0.012962,0.006735,-0.013856
805526870.000,Miguel,recording,knock_once,2,0.019765,6.988083,6.744489,-0.008159,0.000924,-0.015870
805526880.000,Miguel,recording,knock_once,2,0.018661,7.013581,6.760113,-0.001883,-0.009908,-0.016088
805526890.000,Miguel,recording,knock_once,2,-0.000131,6.975323,6.740894,0.003703,-0.021489,-0.013750
805526900.000,Miguel,recording,knock_once,2,0.003761,6.978574,6.722161,0.008581,-0.030874,-0.008652
805526910.000,Miguel,recording,knock_once,2,0.034923,7.007825,6.722387,0.010971,-0.036494,-0.002928
805526920.000,Miguel,recording,knock_once,2,0.117963,7.069281,6.683625,0.007855,-0.037615,-0.001348
805526930.000,Miguel,recording,knock_once,2,0.181457,7.073305,6.618451,-0.002330,-0.032276,-0.006725
805526940.000,Miguel,recording,knock_once,2,0.188048,7.065878,6.589937,-0.020177,-0.022661,-0.014923
805526950.000,Miguel,recording,knock_once,3,0.173743,7.070935,6.598035,-0.041588,-0.013559,-0.020283
805526960.000,Miguel,recording,knock_once,3,0.127657,7.036520,6.671914,-0.060368,-0.004348,-0.021669
805526970.000,Miguel,recording,knock_once,3,0.054191,7.012965,6.727833,-0.073636,0.006298,-0.020059
805526980.000,Miguel,recording,knock_once,3,-0.008945,6.980847,6.811496,-0.079490,0.014773,-0.015039
805526990.000,Miguel,recording,knock_once,3,-0.036802,6.970969,6.896790,-0.073363,0.016318,-0.007281
805527000.000,Miguel,recording,knock_once,3,-0.008625,6.991557,6.978363,-0.054024,0.009387,-0.000847
805527010.000,Miguel,recording,knock_once,3,0.075798,7.028145,6.996544,-0.027551,-0.003644,0.001870
805527020.000,Miguel,recording,knock_once,3,0.128629,7.035552,6.928078,-0.002268,-0.018271,0.000877
805527030.000,Miguel,recording,knock_once,3,0.124701,7.015792,6.872281,0.016991,-0.029152,-0.002025
805527040.000,Miguel,recording,knock_once,3,0.071901,7.023760,6.811161,0.030373,-0.031805,-0.002705
805527050.000,Miguel,recording,knock_once,3,0.054402,7.012099,6.787726,0.037685,-0.027571,-0.000266
805527060.000,Miguel,recording,knock_once,3,0.148312,7.064477,6.731458,0.037232,-0.021840,0.001669
805527070.000,Miguel,recording,knock_once,3,0.194880,7.074329,6.659984,0.029132,-0.016298,-0.000800
805527080.000,Miguel,recording,knock_once,3,0.150789,7.063874,6.604789,0.015759,-0.010493,-0.007068
805527090.000,Miguel,recording,knock_once,3,0.105316,7.096985,6.580712,-0.002531,-0.006545,-0.012155
805527100.000,Miguel,recording,knock_once,3,0.134201,7.110459,6.560892,-0.026708,-0.005278,-0.014465
805527110.000,Miguel,recording,knock_once,3,0.165966,7.084690,6.578465,-0.053411,-0.002696,-0.017493
805527120.000,Miguel,recording,knock_once,3,0.145997,7.020412,6.617272,-0.076276,0.002040,-0.022664
805527130.000,Miguel,recording,knock_once,3,0.046529,6.974710,6.687552,-0.090461,0.005294,-0.026114
805527140.000,Miguel,recording,knock_once,3,-0.003917,6.959283,6.797934,-0.093216,0.004906,-0.024973
805527150.000,Miguel,recording,knock_once,3,0.027842,6.948654,6.933799,-0.084886,0.000686,-0.020402
805527160.000,Miguel,recording,knock_once,3,0.055576,6.922731,6.979998,-0.067938,-0.005962,-0.015529
805527170.000,Miguel,recording,knock_once,3,0.028000,6.907387,7.004678,-0.044577,-0.013290,-0.011438
805527180.000,Miguel,recording,knock_once,3,-0.047644,6.937817,7.002803,-0.019345,-0.020327,-0.005103
805527190.000,Miguel,recording,knock_once,3,-0.025192,6.984117,6.943688,0.001717,-0.025456,0.002892
805527200.000,Miguel,recording,knock_once,3,0.150181,7.043733,6.869469,0.012136,-0.028099,0.005889
805527210.000,Miguel,recording,knock_once,3,0.354317,7.037479,6.809572,0.009089,-0.027834,-0.002811
805527220.000,Miguel,recording,knock_once,3,0.384961,7.013605,6.786736,-0.002441,-0.018698,-0.021655
805527230.000,Miguel,recording,knock_once,3,0.220108,6.994723,6.777059,-0.017227,-0.000844,-0.039623
805527240.000,Miguel,recording,knock_once,3,-0.022511,7.009902,6.799461,-0.032026,0.015391,-0.046190
805527250.000,Miguel,recording,knock_once,3,-0.095109,7.023485,6.794392,-0.043340,0.025626,-0.040457
805527260.000,Miguel,recording,knock_once,3,-0.065322,7.019895,6.856329,-0.049666,0.033716,-0.030376
805527270.000,Miguel,recording,knock_once,3,0.006820,6.988727,6.893645,-0.049565,0.041977,-0.023533
805527280.000,Miguel,recording,knock_once,3,0.025419,6.965071,6.899106,-0.043280,0.045991,-0.020631
805527290.000,Miguel,recording,knock_once,3,0.022014,6.988903,6.863325,-0.035182,0.039593,-0.018651
805527300.000,Miguel,recording,knock_once,3,0.050119,7.006251,6.819560,-0.028704,0.021893,-0.016753
805527310.000,Miguel,recording,knock_once,3,0.026294,6.973682,6.847098,-0.022647,0.000785,-0.015428
805527320.000,Miguel,recording,knock_once,3,-0.006847,6.911250,6.893187,-0.014338,-0.012296,-0.012969
805527330.000,Miguel,recording,knock_once,3,0.005034,6.888374,6.888573,-0.005408,-0.011608,-0.008982
805527340.000,Miguel,recording,knock_once,3,0.087856,6.918853,6.822244,-0.000635,0.000457,-0.006477
805527350.000,Miguel,recording,knock_once,3,0.149455,6.926232,6.729455,-0.004264,0.013863,-0.008042
805527360.000,Miguel,recording,knock_once,3,0.113006,6.961096,6.668523,-0.014608,0.018915,-0.012937
805527370.000,Miguel,recording,knock_once,3,0.058472,6.988354,6.679166,-0.025620,0.013239,-0.017195
805527380.000,Miguel,recording,knock_once,3,0.023288,7.003596,6.688291,-0.034187,-0.001682,-0.019114
805527390.000,Miguel,recording,knock_once,3,-0.029571,7.000657,6.683676,-0.039962,-0.022297,-0.019300
805527400.000,Miguel,recording,knock_once,3,-0.053294,6.958912,6.734828,-0.043484,-0.040647,-0.016962
805527410.000,Miguel,recording,knock_once,3,-0.024926,6.926691,6.839639,-0.043835,-0.047276,-0.012457
805527420.000,Miguel,recording,knock_once,3,-0.006777,6.872256,6.886793,-0.041498,-0.038241,-0.007459
805527430.000,Miguel,recording,knock_once,3,-0.003176,6.864523,6.852873,-0.039734,-0.020202,-0.001677
805527440.000,Miguel,recording,knock_once,3,0.021169,6.886806,6.859584,-0.039970,-0.004959,0.005036
805527450.000,Miguel,recording,knock_once,3,0.034049,6.915788,6.827975,-0.041129,0.003362,0.010113
805527460.000,Miguel,recording,knock_once,3,0.043997,6.922471,6.778947,-0.044311,0.007944,0.011217
805527470.000,Miguel,recording,knock_once,3,0.050502,6.913551,6.788789,-0.050411,0.010057,0.010112
805527480.000,Miguel,recording,knock_once,3,0.023098,6.935895,6.813857,-0.055623,0.007337,0.010263
805527490.000,Miguel,recording,knock_once,3,0.033697,6.949943,6.865519,-0.055937,-0.000438,0.010930
805527500.000,Miguel,recording,knock_once,3,0.091711,6.937876,6.921292,-0.050252,-0.011096,0.009535
805527510.000,Miguel,recording,knock_once,3,0.106613,6.905570,6.955842,-0.039998,-0.022970,0.006613
805527520.000,Miguel,recording,knock_once,3,0.094678,6.896734,6.993742,-0.026335,-0.032816,0.003608
805527530.000,Miguel,recording,knock_once,3,0.078801,6.922721,7.009674,-0.010817,-0.036789,0.000656
805527540.000,Miguel,recording,knock_once,3,0.022205,6.943237,6.992860,0.002014,-0.034891,-0.000288
805527550.000,Miguel,recording,knock_once,3,-0.029460,6.971889,6.984378,0.010411,-0.032056,0.002374
805527560.000,Miguel,recording,knock_once,3,-0.051835,6.993488,6.976392,0.016647,-0.033737,0.008966
805527570.000,Miguel,recording,knock_once,3,0.002513,6.975194,6.971562,0.023454,-0.039063,0.017341
805527580.000,Miguel,recording,knock_once,3,0.100961,6.934117,6.918837,0.030555,-0.043502,0.021378
805527590.000,Miguel,recording,knock_once,3,0.186917,6.929719,6.871286,0.035391,-0.044779,0.018827
805527600.000,Miguel,recording,knock_once,3,0.217753,6.922302,6.828053,0.036280,-0.043162,0.011457
805527610.000,Miguel,recording,knock_once,3,0.235807,6.950559,6.809181,0.033802,-0.039736,-0.000751
805527620.000,Miguel,recording,knock_once,3,0.201224,6.933279,6.792344,0.029232,-0.034712,-0.015637
805527630.000,Miguel,recording,knock_once,3,0.072753,6.885415,6.765421,0.022880,-0.028240,-0.024812
805527640.000,Miguel,recording,knock_once,3,-0.071172,6.884783,6.768050,0.017147,-0.022746,-0.020704
805527650.000,Miguel,recording,knock_once,3,-0.116880,6.904784,6.779991,0.014923,-0.024056,-0.003472
805527660.000,Miguel,recording,knock_once,3,-0.095416,6.986041,6.794636,0.018788,-0.038357,0.022571
805527670.000,Miguel,recording,knock_once,3,-0.038094,7.033392,6.768088,0.026691,-0.067388,0.051095
805527680.000,Miguel,recording,knock_once,3,0.133031,6.948569,6.674976,0.031650,-0.108256,0.070639
805527690.000,Miguel,recording,knock_once,3,0.265447,6.888648,6.597632,0.031721,-0.152862,0.072526
805527700.000,Miguel,recording,knock_once,3,0.297385,6.870621,6.588404,0.029225,-0.188426,0.062425
805527710.000,Miguel,recording,knock_once,3,0.243905,6.886607,6.635646,0.027015,-0.200883,0.052080
805527720.000,Miguel,recording,knock_once,3,0.159152,6.867904,6.738117,0.028142,-0.175295,0.049685
805527730.000,Miguel,recording,knock_once,3,0.150236,6.883260,6.777767,0.031426,-0.108900,0.059718
805527740.000,Miguel,recording,knock_once,3,0.314377,6.813864,6.722719,0.032576,-0.033190,0.070735
805527750.000,Miguel,recording,knock_once,3,0.647093,6.754882,6.530776,0.030170,0.012277,0.058792
805527760.000,Miguel,recording,knock_once,3,0.854153,6.807620,6.329279,0.026554,0.011836,0.015226
805527770.000,Miguel,recording,knock_once,3,0.773437,6.771410,6.169149,0.024416,-0.034279,-0.040294
805527780.000,Miguel,recording,knock_once,3,0.441124,6.638190,6.069122,0.025789,-0.117448,-0.071813
805527790.000,Miguel,recording,knock_once,3,0.047604,6.485327,6.020088,0.032677,-0.231484,-0.055692
805527800.000,Miguel,recording,knock_once,3,-0.308058,6.359929,5.834406,0.038436,-0.371589,0.004198
805527810.000,Miguel,recording,knock_once,3,-0.376813,6.365460,5.902231,-0.030536,-0.298195,0.136379
805527820.000,Miguel,recording,knock_once,3,2.043942,7.009938,6.615720,-0.331867,0.343882,0.369083
805527830.000,Miguel,recording,knock_once,3,2.706187,7.677088,4.809011,-0.849871,1.164581,0.510525
805527840.000,Miguel,recording,knock_once,3,3.203680,8.104092,6.249259,-1.283044,1.504601,0.362103
805527850.000,Miguel,recording,knock_once,3,2.518546,7.920191,7.080839,-1.413743,1.344518,0.060046
805527860.000,Miguel,recording,knock_once,3,1.429358,6.758346,8.065044,-1.308279,0.941506,-0.165719
805527870.000,Miguel,recording,knock_once,3,0.518224,5.533489,8.772176,-1.107124,0.532577,-0.282451
805527880.000,Miguel,recording,knock_once,3,-0.319294,5.295610,9.327113,-0.862603,0.276502,-0.361099
805527890.000,Miguel,recording,knock_once,3,-1.953216,5.452150,9.518629,-0.603458,0.252012,-0.387290
805527900.000,Miguel,recording,knock_once,3,-2.649504,4.678045,9.551101,-0.366532,0.414584,-0.326237
805527910.000,Miguel,recording,knock_once,3,-1.327126,3.189753,9.325894,-0.117633,0.585828,-0.229563
805527920.000,Miguel,recording,knock_once,3,-0.042840,3.528540,9.174429,0.187620,0.709240,-0.157750
805527930.000,Miguel,recording,knock_once,3,0.257326,6.058622,8.938801,0.486659,0.850784,-0.123058
805527940.000,Miguel,recording,knock_once,3,-0.085481,8.148871,8.903461,0.674932,1.035726,-0.113280
805527950.000,Miguel,recording,knock_once,3,-0.748406,9.221068,8.751413,0.735903,1.284808,-0.092212
805527960.000,Miguel,recording,knock_once,3,-1.511608,9.176769,8.451229,0.716926,1.570183,-0.021606
805527970.000,Miguel,recording,knock_once,3,-1.998476,8.593081,8.139948,0.647054,1.799355,0.095145
805527980.000,Miguel,recording,knock_once,3,-2.175106,7.957773,7.662120,0.546677,1.903654,0.213123
805527990.000,Miguel,recording,knock_once,3,-2.250696,7.346917,7.104414,0.443035,1.871768,0.284068
805528000.000,Miguel,recording,knock_once,3,-2.486385,7.060028,6.764792,0.351306,1.735081,0.294196
805528010.000,Miguel,recording,knock_once,3,-2.962150,7.042761,6.729623,0.271782,1.528596,0.280326
805528020.000,Miguel,recording,knock_once,3,-3.197674,7.041376,6.703473,0.213576,1.239949,0.301410
805528030.000,Miguel,recording,knock_once,3,-2.815499,6.866196,6.973487,0.218271,0.835401,0.352578
805528040.000,Miguel,recording,knock_once,3,-2.298493,6.715036,7.159644,0.312966,0.373320,0.373077
805528050.000,Miguel,recording,knock_once,3,-1.853710,6.664070,6.597325,0.438769,-0.013869,0.350592
805528060.000,Miguel,recording,knock_once,3,-1.475824,6.592330,5.625142,0.502803,-0.260055,0.307314
805528070.000,Miguel,recording,knock_once,3,-1.259796,6.463316,4.882210,0.475053,-0.376796,0.241487
805528080.000,Miguel,recording,knock_once,3,-0.860831,6.448038,4.978375,0.391802,-0.374984,0.132939
805528090.000,Miguel,recording,knock_once,3,-0.618971,6.796278,5.559848,0.289329,-0.253327,-0.019642
805528100.000,Miguel,recording,knock_once,3,-0.578523,7.125028,6.114317,0.183163,-0.046859,-0.178887
805528110.000,Miguel,recording,knock_once,3,-0.992652,7.275926,6.650375,0.102511,0.182776,-0.297972
805528120.000,Miguel,recording,knock_once,3,-1.168887,7.247753,6.879591,0.035969,0.399272,-0.338388
805528130.000,Miguel,recording,knock_once,3,-1.524427,8.440676,6.061566,-0.091886,0.573804,-0.290056
805528140.000,Miguel,recording,knock_once,3,-1.642085,8.271116,5.878064,-0.245307,0.665830,-0.193325
805528150.000,Miguel,recording,knock_once,3,-1.581297,7.202289,5.914122,-0.326511,0.639468,-0.094517
805528160.000,Miguel,recording,knock_once,3,-1.958038,6.556334,5.988427,-0.353920,0.495596,0.004979
805528170.000,Miguel,recording,knock_once,3,-2.338010,6.576509,6.054172,-0.364721,0.308078,0.116953
805528180.000,Miguel,recording,knock_once,3,-2.774467,6.962131,6.384101,-0.351302,0.139882,0.247695
805528190.000,Miguel,recording,knock_once,3,-2.945623,7.036626,6.495156,-0.306250,-0.020549,0.403815
805528200.000,Miguel,recording,knock_once,3,-2.773333,6.748366,6.105990,-0.255237,-0.212249,0.577154
805528210.000,Miguel,recording,knock_once,3,-2.158115,6.441663,5.521973,-0.254536,-0.507512,0.730887
805528220.000,Miguel,recording,knock_once,3,-1.125802,5.974298,5.789415,-0.318985,-0.966198,0.798218
805528230.000,Miguel,recording,knock_once,3,-0.157081,5.730059,6.413550,-0.376689,-1.448493,0.742112
805528240.000,Miguel,recording,knock_once,3,0.392630,5.873658,7.010292,-0.364397,-1.689709,0.589657
805528250.000,Miguel,recording,knock_once,3,0.853444,6.152578,7.647684,-0.321252,-1.543241,0.403494
805528260.000,Miguel,recording,knock_once,3,1.063161,6.306365,7.466094,-0.312849,-1.052933,0.236803
805528270.000,Miguel,recording,knock_once,3,0.901124,6.367653,7.269487,-0.319641,-0.485564,0.104622
805528280.000,Miguel,recording,knock_once,3,0.541683,6.520245,7.377066,-0.289729,-0.141030,0.013791
805528290.000,Miguel,recording,knock_once,3,-0.106582,6.387309,7.421245,-0.223729,-0.074250,-0.026094
805528300.000,Miguel,recording,knock_once,3,-0.482612,6.098611,7.559756,-0.144185,-0.147344,-0.027383
805528310.000,Miguel,recording,knock_once,3,-0.452049,5.950195,7.721775,-0.059959,-0.213881,-0.017450
805528320.000,Miguel,recording,knock_once,3,-0.361366,5.972765,7.784955,0.032760,-0.202453,-0.012011
805528330.000,Miguel,recording,knock_once,3,-0.473976,6.175141,7.722425,0.132052,-0.123346,-0.006772
805528340.000,Miguel,recording,knock_once,3,-0.528251,6.342274,7.404237,0.223314,-0.030910,0.011097
805528350.000,Miguel,recording,knock_once,3,-0.550698,6.532769,7.038293,0.279578,0.019344,0.049424
805528360.000,Miguel,recording,knock_once,3,-0.825526,6.822850,6.674294,0.277044,-0.023014,0.107977
805528370.000,Miguel,recording,knock_once,3,-1.228770,7.055304,6.643028,0.225458,-0.193481,0.179218
805528380.000,Miguel,recording,knock_once,3,-1.181128,7.059218,6.151648,0.147521,-0.502150,0.244395
805528390.000,Miguel,recording,knock_once,3,-0.691661,6.909737,5.314572,0.042756,-0.909628,0.285078
805528400.000,Miguel,recording,knock_once,3,1.620473,6.575847,4.803795,-0.086496,-1.312125,0.299535
805528410.000,Miguel,recording,knock_once,3,6.862162,6.324824,5.271757,-0.210125,-1.639940,0.241213
805528420.000,Miguel,recording,knock_once,3,5.263497,7.777074,6.777821,-0.319525,-1.888229,-0.000746
805528430.000,Miguel,recording,knock_once,3,4.514700,7.512311,6.700757,-0.457468,-1.989403,-0.426656
805528440.000,Miguel,recording,knock_once,3,1.512333,6.618210,6.824325,-0.628505,-1.887194,-0.897047
805528450.000,Miguel,recording,knock_once,3,-0.493317,6.373653,7.437489,-0.765657,-1.621318,-1.270194
805528460.000,Miguel,recording,knock_once,3,-2.707810,5.747010,8.148707,-0.796910,-1.271633,-1.408507
805528470.000,Miguel,recording,knock_once,3,-4.228380,5.397163,8.725431,-0.688713,-0.927618,-1.230964
805528480.000,Miguel,recording,knock_once,3,-3.796006,6.068047,9.119733,-0.453111,-0.624125,-0.824850
805528490.000,Miguel,recording,knock_once,3,-2.302142,7.045671,9.130135,-0.145498,-0.334100,-0.385452
805528500.000,Miguel,recording,knock_once,3,-0.869612,7.270663,8.517024,0.150346,-0.016829,-0.055042
805528510.000,Miguel,recording,knock_once,3,-0.119071,6.831538,7.739689,0.366603,0.329841,0.133807
805528520.000,Miguel,recording,knock_once,3,0.364993,6.522679,7.061509,0.476604,0.642181,0.202568
805528530.000,Miguel,recording,knock_once,3,0.598288,6.557940,6.768018,0.497345,0.856712,0.181660
805528540.000,Miguel,recording,knock_once,3,0.494863,6.739277,6.636253,0.455721,0.960428,0.112062
805528550.000,Miguel,recording,knock_once,3,0.222654,6.948895,6.427718,0.360340,0.964434,0.038734
805528560.000,Miguel,recording,knock_once,3,-0.076623,7.059413,6.294811,0.221550,0.886499,-0.008317
805528570.000,Miguel,recording,knock_once,3,-0.483584,6.943637,6.331857,0.063256,0.739535,-0.018432
805528580.000,Miguel,recording,knock_once,3,-0.815385,6.857431,6.566780,-0.089649,0.541462,0.001350
805528590.000,Miguel,recording,knock_once,3,-0.935707,6.837655,6.938767,-0.218159,0.325106,0.034411
805528600.000,Miguel,recording,knock_once,3,-0.932214,6.799872,7.275891,-0.306723,0.125787,0.068878
805528610.000,Miguel,recording,knock_once,3,-0.883710,6.720131,7.761823,-0.340110,-0.026517,0.102526
805528620.000,Miguel,recording,knock_once,3,-0.736547,6.627865,8.182315,-0.308765,-0.118515,0.135821
805528630.000,Miguel,recording,knock_once,3,-0.543590,6.587053,8.344569,-0.219408,-0.156184,0.166799
805528640.000,Miguel,recording,knock_once,3,-0.359167,6.594901,8.283589,-0.096875,-0.142837,0.192945
805528650.000,Miguel,recording,knock_once,3,-0.194946,6.638003,8.042756,0.027468,-0.077597,0.210866
805528660.000,Miguel,recording,knock_once,3,-0.109500,6.712039,7.713262,0.131466,0.026658,0.217955
805528670.000,Miguel,recording,knock_once,3,-0.100639,6.705944,7.373607,0.203184,0.142075,0.216863
805528680.000,Miguel,recording,knock_once,3,-0.117441,6.707192,7.113682,0.238349,0.242136,0.212995
805528690.000,Miguel,recording,knock_once,3,-0.134382,6.705785,7.035991,0.244062,0.312525,0.207611
805528700.000,Miguel,recording,knock_once,3,-0.184306,6.714670,7.030127,0.234199,0.342754,0.198971
805528710.000,Miguel,recording,knock_once,3,-0.196879,6.726662,6.984018,0.216018,0.326014,0.188937
805528720.000,Miguel,recording,knock_once,3,-0.207264,6.791448,6.866114,0.187210,0.278817,0.183594
805528730.000,Miguel,recording,knock_once,3,-0.138237,6.828982,6.805336,0.147179,0.234051,0.185225
805528740.000,Miguel,recording,knock_once,3,-0.046568,6.862059,6.806907,0.101579,0.211242,0.191373
805528750.000,Miguel,recording,knock_once,3,0.002868,6.899370,6.812659,0.054445,0.204677,0.197984
805528760.000,Miguel,recording,knock_once,3,-0.028987,6.902352,6.880913,0.008789,0.191300,0.200218
805528770.000,Miguel,recording,knock_once,3,-0.112085,6.832131,7.033286,-0.029466,0.158066,0.197333
805528780.000,Miguel,recording,knock_once,3,-0.147261,6.702059,7.249983,-0.051972,0.117519,0.193451
805528790.000,Miguel,recording,knock_once,3,-0.142530,6.597244,7.475149,-0.048786,0.083106,0.188280
805528800.000,Miguel,recording,knock_once,3,-0.060290,6.537669,7.638958,-0.015633,0.056823,0.175992
805528810.000,Miguel,recording,knock_once,3,-0.069175,6.537606,7.709891,0.039125,0.041190,0.158782
805528820.000,Miguel,recording,knock_once,3,-0.107757,6.556916,7.592429,0.099838,0.042380,0.145325
805528830.000,Miguel,recording,knock_once,3,-0.168830,6.579933,7.412099,0.154919,0.063934,0.141647
805528840.000,Miguel,recording,knock_once,3,-0.134038,6.600325,7.303468,0.202974,0.100922,0.148740
805528850.000,Miguel,recording,knock_once,3,-0.097211,6.581391,7.232681,0.246587,0.142696,0.160784
805528860.000,Miguel,recording,knock_once,3,-0.044422,6.542111,7.125868,0.282823,0.182480,0.169543
805528870.000,Miguel,recording,knock_once,3,0.037543,6.461123,7.031569,0.308025,0.221320,0.168871
805528880.000,Miguel,recording,knock_once,3,0.162425,6.434283,7.043350,0.325953,0.265463,0.155597
805528890.000,Miguel,recording,knock_once,3,0.230085,6.481433,7.079267,0.341967,0.312288,0.131187
805528900.000,Miguel,recording,knock_once,3,0.262445,6.532333,6.998528,0.354599,0.342792,0.098661
805528910.000,Miguel,recording,knock_once,3,0.295637,6.585515,6.851677,0.358933,0.340814,0.058441
805528920.000,Miguel,recording,knock_once,3,0.275053,6.701641,6.739845,0.352600,0.314237,0.011290
805528930.000,Miguel,recording,knock_once,3,0.194367,6.860083,6.665800,0.338759,0.284843,-0.036085
805528940.000,Miguel,recording,knock_once,3,0.037842,6.996062,6.694845,0.327728,0.262601,-0.073162
805528950.000,Miguel,recording,knock_once,3,-0.088443,7.141369,6.766603,0.328210,0.243450,-0.094784
805528960.000,Miguel,recording,knock_once,3,-0.208257,7.316738,6.806120,0.335349,0.222668,-0.103153
805528970.000,Miguel,recording,knock_once,3,-0.371380,7.508834,6.742924,0.334232,0.201610,-0.101240
805528980.000,Miguel,recording,knock_once,3,-0.586986,7.617540,6.588948,0.309825,0.179210,-0.088013
805528990.000,Miguel,recording,knock_once,3,-0.814062,7.667367,6.449536,0.255069,0.143344,-0.059739
805529000.000,Miguel,recording,knock_once,3,-1.019693,7.616358,6.324526,0.175536,0.081720,-0.013474
805529010.000,Miguel,recording,knock_once,3,-1.155966,7.492733,6.342208,0.084882,0.001534,0.050224
805529020.000,Miguel,recording,knock_once,3,-1.089539,7.337631,6.564905,-0.000822,-0.070957,0.123546
805529030.000,Miguel,recording,knock_once,3,-0.866600,7.127022,6.929121,-0.060913,-0.110986,0.189171
805529040.000,Miguel,recording,knock_once,3,-0.533446,6.923154,7.291456,-0.078820,-0.113210,0.230151
805529050.000,Miguel,recording,knock_once,3,-0.284622,6.811923,7.476242,-0.055830,-0.089512,0.241515
805529060.000,Miguel,recording,knock_once,3,-0.192839,6.819865,7.481762,-0.007546,-0.054636,0.228531
805529070.000,Miguel,recording,knock_once,3,-0.182231,6.852830,7.420221,0.047111,-0.016891,0.206133
805529080.000,Miguel,recording,knock_once,3,-0.315418,6.913091,7.282254,0.094168,0.017267,0.194747
805529090.000,Miguel,recording,knock_once,3,-0.464329,6.962467,7.067034,0.123473,0.029663,0.205108
805529100.000,Miguel,recording,knock_once,3,-0.476565,6.937472,6.850031,0.131306,0.007500,0.230166
805529110.000,Miguel,recording,knock_once,3,-0.360960,6.893260,6.733964,0.122307,-0.037267,0.253976
805529120.000,Miguel,recording,knock_once,3,-0.168412,6.826336,6.616021,0.102805,-0.084469,0.264479
805529130.000,Miguel,recording,knock_once,3,0.044398,6.779627,6.454601,0.074228,-0.123882,0.257206
805529140.000,Miguel,recording,knock_once,3,0.230868,6.789096,6.330604,0.037532,-0.154448,0.232759
805529150.000,Miguel,recording,knock_once,3,0.346264,6.855516,6.277443,-0.000474,-0.174907,0.193977
805529160.000,Miguel,recording,knock_once,3,0.385910,6.924388,6.286287,-0.033458,-0.178554,0.147834
805529170.000,Miguel,recording,knock_once,3,0.358484,6.998257,6.391755,-0.056998,-0.161463,0.103415
805529180.000,Miguel,recording,knock_once,3,0.277588,7.047707,6.521204,-0.063910,-0.130853,0.068888
805529190.000,Miguel,recording,knock_once,3,0.170344,7.075823,6.659246,-0.047344,-0.099426,0.049001
805529200.000,Miguel,recording,knock_once,3,0.117685,7.038576,6.730181,-0.005849,-0.070698,0.040923
805529210.000,Miguel,recording,knock_once,3,0.074006,7.035996,6.710561,0.052053,-0.033359,0.039098
805529220.000,Miguel,recording,knock_once,3,0.070931,7.091334,6.551796,0.109182,0.021670,0.039017
805529230.000,Miguel,recording,knock_once,3,0.097313,7.150335,6.314803,0.148105,0.089059,0.037581
805529240.000,Miguel,recording,knock_once,3,0.111700,7.225878,6.077387,0.157604,0.155157,0.032634
805529250.000,Miguel,recording,knock_once,3,0.013022,7.317349,5.913912,0.133226,0.207852,0.024915
805529260.000,Miguel,recording,knock_once,3,-0.141619,7.306665,5.887902,0.078974,0.240589,0.020280
805529270.000,Miguel,recording,knock_once,3,-0.219194,7.276697,6.019094,0.009725,0.249568,0.024958
805529280.000,Miguel,recording,knock_once,3,-0.258140,7.293027,6.237611,-0.058845,0.227842,0.038756
805529290.000,Miguel,recording,knock_once,3,-0.304201,7.331510,6.399484,-0.121157,0.166305,0.059076
805529300.000,Miguel,recording,knock_once,3,-0.352609,7.304693,6.496150,-0.177654,0.069996,0.085713
805529310.000,Miguel,recording,knock_once,3,-0.395961,7.199340,6.689927,-0.223514,-0.041339,0.117917
805529320.000,Miguel,recording,knock_once,3,-0.316093,7.083328,6.828775,-0.248960,-0.141844,0.154119
805529330.000,Miguel,recording,knock_once,3,-0.151366,6.995056,6.967299,-0.246516,-0.205793,0.191080
805529340.000,Miguel,recording,knock_once,3,-0.013169,6.969481,7.100782,-0.213847,-0.218446,0.223965
805529350.000,Miguel,recording,knock_once,3,0.153954,6.922802,7.186685,-0.157464,-0.181689,0.249816
805529360.000,Miguel,recording,knock_once,3,0.339619,6.878054,7.190002,-0.088837,-0.114903,0.265994
805529370.000,Miguel,recording,knock_once,3,0.488771,6.850728,7.139687,-0.020263,-0.042313,0.269207
805529380.000,Miguel,recording,knock_once,3,0.532932,6.807066,7.045852,0.036016,0.017709,0.260953
805529390.000,Miguel,recording,knock_once,3,0.558315,6.762129,6.927766,0.071533,0.049894,0.246744
805529400.000,Miguel,recording,knock_once,3,0.626686,6.746545,6.779427,0.082806,0.046682,0.228104
805529410.000,Miguel,recording,knock_once,3,0.684349,6.763786,6.639966,0.070594,0.014810,0.201359
805529420.000,Miguel,recording,knock_once,3,0.735744,6.794016,6.534223,0.041980,-0.029356,0.164651
805529430.000,Miguel,recording,knock_once,3,0.728863,6.864658,6.504399,0.006682,-0.069515,0.124462
805529440.000,Miguel,recording,knock_once,3,0.652239,6.930601,6.548761,-0.027602,-0.098481,0.089369
805529450.000,Miguel,recording,knock_once,3,0.609515,6.954267,6.580039,-0.055444,-0.115665,0.060968
805529460.000,Miguel,recording,knock_once,3,0.585048,6.978472,6.638449,-0.075486,-0.119353,0.037194
805529470.000,Miguel,recording,knock_once,3,0.526219,7.068511,6.683521,-0.089738,-0.112785,0.018874
805529480.000,Miguel,recording,knock_once,3,0.489625,7.068463,6.681764,-0.098701,-0.106450,0.009337
805529490.000,Miguel,recording,knock_once,3,0.494374,7.061570,6.669961,-0.101534,-0.103056,0.007424
805529500.000,Miguel,recording,knock_once,3,0.518734,7.058064,6.670671,-0.098212,-0.093701,0.007015
805529510.000,Miguel,recording,knock_once,3,0.517679,7.035167,6.678785,-0.089633,-0.069055,0.005516
805529520.000,Miguel,recording,knock_once,3,0.521755,7.005892,6.692674,-0.078050,-0.027091,0.004195
805529530.000,Miguel,recording,knock_once,3,0.532499,6.985481,6.726333,-0.065812,0.028163,0.002740
805529540.000,Miguel,recording,knock_once,3,0.581408,6.927818,6.881229,-0.052315,0.090166,-0.002272
805529550.000,Miguel,recording,knock_once,3,0.613238,6.829333,7.041833,-0.033242,0.146943,-0.015474
805529560.000,Miguel,recording,knock_once,3,0.586584,6.795314,7.182793,-0.006242,0.180025,-0.036927
805529570.000,Miguel,recording,knock_once,3,0.453191,6.810312,7.235406,0.025079,0.174215,-0.061013
805529580.000,Miguel,recording,knock_once,3,0.237364,6.848224,7.214297,0.052086,0.134977,-0.079468
805529590.000,Miguel,recording,knock_once,3,0.072976,6.896989,7.160351,0.070076,0.082832,-0.085696
805529600.000,Miguel,recording,knock_once,3,0.088128,6.939985,7.083048,0.083288,0.032142,-0.080917
805529610.000,Miguel,recording,knock_once,3,0.177301,7.004185,6.942219,0.095447,-0.010808,-0.072896
805529620.000,Miguel,recording,knock_once,3,0.230641,7.053009,6.799595,0.104349,-0.038340,-0.068405
805529630.000,Miguel,recording,knock_once,3,0.176261,7.098949,6.656481,0.105352,-0.041772,-0.067863
805529640.000,Miguel,recording,knock_once,3,0.111445,7.139425,6.568144,0.096540,-0.024860,-0.064583
805529650.000,Miguel,recording,knock_once,3,0.039544,7.185455,6.571887,0.081479,-0.003778,-0.052676
805529660.000,Miguel,recording,knock_once,3,0.028500,7.193108,6.532702,0.060047,0.006220,-0.035270
805529670.000,Miguel,recording,knock_once,3,0.028729,7.218452,6.491778,0.027522,-0.004364,-0.019819
805529680.000,Miguel,recording,knock_once,3,0.020777,7.221316,6.469953,-0.014160,-0.037505,-0.009435
805529690.000,Miguel,recording,knock_once,3,0.066211,7.186995,6.465060,-0.058354,-0.085094,-0.003051
805529700.000,Miguel,recording,knock_once,3,0.152738,7.138035,6.468571,-0.098115,-0.130248,-0.000319
805529710.000,Miguel,recording,knock_once,3,0.235164,7.147863,6.483250,-0.130290,-0.158898,-0.002263
805529720.000,Miguel,recording,knock_once,3,0.229988,7.149630,6.524082,-0.153516,-0.164727,-0.006631
805529730.000,Miguel,recording,knock_once,3,0.144787,7.151749,6.660826,-0.163566,-0.148064,-0.008206
805529740.000,Miguel,recording,knock_once,3,0.067771,7.111593,6.788420,-0.157046,-0.117940,-0.001375
805529750.000,Miguel,recording,knock_once,3,0.062082,7.093556,6.894357,-0.135685,-0.088010,0.013961
805529760.000,Miguel,recording,knock_once,3,0.081241,7.069949,6.947378,-0.105653,-0.067909,0.030040
805529770.000,Miguel,recording,knock_once,3,0.132698,7.080545,6.920690,-0.074393,-0.056627,0.042069
805529780.000,Miguel,recording,knock_once,3,0.182036,7.061796,6.880622,-0.048758,-0.047485,0.049627
805529790.000,Miguel,recording,knock_once,3,0.249972,7.065249,6.831050,-0.031781,-0.036975,0.052411
805529800.000,Miguel,recording,knock_once,3,0.270027,7.067925,6.757019,-0.024920,-0.024993,0.052398
805529810.000,Miguel,recording,knock_once,3,0.317283,7.044782,6.745523,-0.026980,-0.013187,0.050724
805529820.000,Miguel,recording,knock_once,3,0.321156,7.004827,6.814275,-0.030575,-0.004350,0.047083
805529830.000,Miguel,recording,knock_once,3,0.239596,6.984536,6.872900,-0.030730,0.000172,0.044005
805529840.000,Miguel,recording,knock_once,3,0.173843,6.992271,6.873235,-0.030225,0.000300,0.045755
805529850.000,Miguel,recording,knock_once,3,0.150080,7.008475,6.856556,-0.033645,-0.004913,0.052537
805529860.000,Miguel,recording,knock_once,3,0.200435,7.017690,6.793827,-0.042226,-0.015848,0.058563
805529870.000,Miguel,recording,knock_once,3,0.233211,7.029619,6.805466,-0.051730,-0.027921,0.057982
805529880.000,Miguel,recording,knock_once,3,0.241322,7.024686,6.842017,-0.057138,-0.033444,0.051402
805529890.000,Miguel,recording,knock_once,3,0.190725,6.992650,6.917841,-0.055114,-0.028351,0.046001
805529900.000,Miguel,recording,knock_once,3,0.161375,6.988286,6.941066,-0.043358,-0.015230,0.046955
805529910.000,Miguel,recording,knock_once,3,0.187546,6.969373,6.985180,-0.022893,-0.000167,0.052179
805529920.000,Miguel,recording,knock_once,3,0.207383,6.968891,7.015001,0.002236,0.011357,0.056448
805529930.000,Miguel,recording,knock_once,3,0.222647,6.956174,6.999146,0.028272,0.016739,0.058433
805529940.000,Miguel,recording,knock_once,3,0.219658,7.009035,6.919060,0.050573,0.020324,0.061079
805529950.000,Miguel,recording,knock_once,3,0.219454,7.037158,6.764131,0.061577,0.029872,0.066541
805529960.000,Miguel,recording,knock_once,3,0.247288,7.031679,6.620139,0.056999,0.044067,0.072684
805529970.000,Miguel,recording,knock_once,3,0.262766,6.990740,6.521911,0.037970,0.056215,0.076288
805529980.000,Miguel,recording,knock_once,4,0.295155,6.983145,6.519656,0.007557,0.065335,0.077708
805529990.000,Miguel,recording,knock_once,4,0.391835,6.954087,6.566305,-0.026541,0.068620,0.075360
805530000.000,Miguel,recording,knock_once,4,0.438261,6.900040,6.676217,-0.054096,0.057753,0.067289
805530010.000,Miguel,recording,knock_once,4,0.356890,6.858782,6.785845,-0.070626,0.033616,0.058047
805530020.000,Miguel,recording,knock_once,4,0.211247,6.813144,6.908919,-0.073651,0.009316,0.054693
805530030.000,Miguel,recording,knock_once,4,0.193582,6.788019,6.974673,-0.059923,-0.005902,0.061786
805530040.000,Miguel,recording,knock_once,4,0.254263,6.794401,6.999355,-0.030871,-0.014921,0.077257
805530050.000,Miguel,recording,knock_once,4,0.363608,6.800697,6.911504,0.003765,-0.019116,0.093013
805530060.000,Miguel,recording,knock_once,4,0.447944,6.841275,6.694845,0.027741,-0.011864,0.101906
805530070.000,Miguel,recording,knock_once,4,0.536886,6.857738,6.472491,0.028669,0.006738,0.101262
805530080.000,Miguel,recording,knock_once,4,0.592598,6.868183,6.351213,0.006597,0.026750,0.091852
805530090.000,Miguel,recording,knock_once,4,0.657065,6.894510,6.384814,-0.028319,0.039460,0.075383
805530100.000,Miguel,recording,knock_once,4,0.633940,6.906560,6.518572,-0.062434,0.043721,0.054717
805530110.000,Miguel,recording,knock_once,4,0.582201,6.884445,6.653748,-0.086079,0.044048,0.034305
805530120.000,Miguel,recording,knock_once,4,0.513879,6.905074,6.747312,-0.098480,0.042943,0.018935
805530130.000,Miguel,recording,knock_once,4,0.455919,6.955828,6.773826,-0.103670,0.039921,0.011328
805530140.000,Miguel,recording,knock_once,4,0.418402,6.986210,6.800654,-0.104438,0.035899,0.010654
805530150.000,Miguel,recording,knock_once,4,0.354211,6.982860,6.843196,-0.101020,0.033133,0.015130
805530160.000,Miguel,recording,knock_once,4,0.312426,6.973832,6.884795,-0.093701,0.035776,0.025076
805530170.000,Miguel,recording,knock_once,4,0.291615,6.988698,6.906974,-0.085617,0.049180,0.040895
805530180.000,Miguel,recording,knock_once,4,0.348442,6.966654,7.027988,-0.078321,0.070699,0.058467
805530190.000,Miguel,recording,knock_once,4,0.431961,6.919337,7.092273,-0.069632,0.086735,0.070335
805530200.000,Miguel,recording,knock_once,4,0.475040,6.881303,7.078805,-0.063760,0.087881,0.071197
805530210.000,Miguel,recording,knock_once,4,0.505909,6.860031,7.034150,-0.067277,0.077541,0.061144
805530220.000,Miguel,recording,knock_once,4,0.543904,6.826130,7.101662,-0.073926,0.066889,0.043032
805530230.000,Miguel,recording,knock_once,4,0.552153,6.763086,7.221410,-0.071551,0.067010,0.019991
805530240.000,Miguel,recording,knock_once,4,0.485553,6.737930,7.344900,-0.053212,0.081144,-0.003644
805530250.000,Miguel,recording,knock_once,4,0.454777,6.706290,7.460115,-0.015397,0.106556,-0.023380
805530260.000,Miguel,recording,knock_once,4,0.415561,6.689627,7.555004,0.042123,0.141103,-0.036001
805530270.000,Miguel,recording,knock_once,4,0.440038,6.665162,7.562594,0.116058,0.184058,-0.042289
805530280.000,Miguel,recording,knock_once,4,0.490733,6.676380,7.487083,0.197173,0.233694,-0.047481
805530290.000,Miguel,recording,knock_once,4,0.475216,6.746941,7.281037,0.270069,0.281861,-0.055804
805530300.000,Miguel,recording,knock_once,4,0.373282,6.795945,6.945352,0.314386,0.310067,-0.065441
805530310.000,Miguel,recording,knock_once,4,0.253882,6.874611,6.516055,0.312895,0.302751,-0.072138
805530320.000,Miguel,recording,knock_once,4,0.156433,6.987593,6.243156,0.265016,0.261511,-0.074177
805530330.000,Miguel,recording,knock_once,4,0.048876,7.077802,6.138047,0.185444,0.201061,-0.069039
805530340.000,Miguel,recording,knock_once,4,0.036062,7.123234,6.102656,0.090726,0.136813,-0.053125
805530350.000,Miguel,recording,knock_once,4,0.116246,7.150938,6.207320,-0.005633,0.077606,-0.030868
805530360.000,Miguel,recording,knock_once,4,0.236249,7.129519,6.362468,-0.090231,0.024633,-0.016029
805530370.000,Miguel,recording,knock_once,4,0.284181,7.129433,6.589067,-0.153917,-0.021527,-0.016671
805530380.000,Miguel,recording,knock_once,4,0.193965,7.095118,6.770433,-0.195631,-0.052745,-0.025649
805530390.000,Miguel,recording,knock_once,4,0.058033,7.094303,6.919102,-0.218027,-0.065293,-0.029380
805530400.000,Miguel,recording,knock_once,4,-0.004220,7.119560,7.049615,-0.221576,-0.067053,-0.021061
805530410.000,Miguel,recording,knock_once,4,-0.040988,7.128292,7.264681,-0.204378,-0.064488,-0.002325
805530420.000,Miguel,recording,knock_once,4,-0.035807,7.034099,7.410650,-0.168864,-0.060216,0.021660
805530430.000,Miguel,recording,knock_once,4,0.082460,6.922574,7.418877,-0.124973,-0.055516,0.043960
805530440.000,Miguel,recording,knock_once,4,0.228762,6.894321,7.352170,-0.083366,-0.049964,0.055843
805530450.000,Miguel,recording,knock_once,4,0.366564,6.876237,7.235272,-0.050544,-0.043167,0.054454
805530460.000,Miguel,recording,knock_once,4,0.380140,6.839832,7.116237,-0.030623,-0.035792,0.045096
805530470.000,Miguel,recording,knock_once,4,0.377169,6.795060,6.961569,-0.025338,-0.028728,0.034405
805530480.000,Miguel,recording,knock_once,4,0.405497,6.808798,6.903704,-0.031191,-0.024907,0.025197
805530490.000,Miguel,recording,knock_once,4,0.457985,6.758357,6.934657,-0.038291,-0.028072,0.015553
805530500.000,Miguel,recording,knock_once,4,0.451930,6.739162,7.002339,-0.036014,-0.034936,0.004133
805530510.000,Miguel,recording,knock_once,4,0.367539,6.724483,7.046816,-0.021653,-0.038159,-0.006472
805530520.000,Miguel,recording,knock_once,4,0.327712,6.694435,6.956206,-0.001711,-0.035757,-0.011460
805530530.000,Miguel,recording,knock_once,4,0.331213,6.712591,6.837944,0.016195,-0.030440,-0.011010
805530540.000,Miguel,recording,knock_once,4,0.398399,6.721295,6.697444,0.028336,-0.019682,-0.010024
805530550.000,Miguel,recording,knock_once,4,0.461791,6.717720,6.561661,0.030614,0.003145,-0.010935
805530560.000,Miguel,recording,knock_once,4,0.505572,6.787804,6.448477,0.020003,0.036487,-0.013318
805530570.000,Miguel,recording,knock_once,4,0.525742,6.830472,6.464860,-0.000121,0.069275,-0.016737
805530580.000,Miguel,recording,knock_once,4,0.552912,6.737962,6.598973,-0.019168,0.090761,-0.022896
805530590.000,Miguel,recording,knock_once,4,0.642667,6.592672,6.736391,-0.029407,0.100553,-0.037147
805530600.000,Miguel,recording,knock_once,4,0.720759,6.569617,6.795427,-0.035120,0.101699,-0.063108
805530610.000,Miguel,recording,knock_once,4,0.690981,6.684695,6.757040,-0.045509,0.090524,-0.095186
805530620.000,Miguel,recording,knock_once,4,0.562290,6.741755,6.708749,-0.063877,0.064664,-0.121654
805530630.000,Miguel,recording,knock_once,4,0.437619,6.745964,6.636086,-0.088542,0.031086,-0.135407
805530640.000,Miguel,recording,knock_once,4,0.381877,6.768766,6.601832,-0.118604,-0.000192,-0.138632
805530650.000,Miguel,recording,knock_once,4,0.365045,6.787243,6.651275,-0.150812,-0.023092,-0.137033
805530660.000,Miguel,recording,knock_once,4,0.290195,6.703651,6.801508,-0.175667,-0.035326,-0.134457
805530670.000,Miguel,recording,knock_once,4,0.285526,6.592349,6.966604,-0.183749,-0.033182,-0.132705
805530680.000,Miguel,recording,knock_once,4,0.322835,6.536653,7.127120,-0.175185,-0.024293,-0.130229
805530690.000,Miguel,recording,knock_once,4,0.328886,6.542149,7.289154,-0.165574,-0.062833,-0.124993
805530700.000,Miguel,recording,knock_once,4,0.140593,6.696835,7.520776,-0.175711,-0.186575,-0.123867
805530710.000,Miguel,recording,knock_once,4,0.144627,6.612288,7.581250,-0.213233,-0.344728,-0.133678
805530720.000,Miguel,recording,knock_once,4,0.201437,6.690103,7.534526,-0.278447,-0.503322,-0.145223
805530730.000,Miguel,recording,knock_once,4,0.324004,6.744555,7.712295,-0.346480,-0.632390,-0.152532
805530740.000,Miguel,recording,knock_once,4,0.587860,6.565247,8.092683,-0.369551,-0.650780,-0.160388
805530750.000,Miguel,recording,knock_once,4,1.007490,6.282371,8.621332,-0.313741,-0.509834,-0.172614
805530760.000,Miguel,recording,knock_once,4,1.453370,6.048529,8.896434,-0.168223,-0.206656,-0.199042
805530770.000,Miguel,recording,knock_once,4,1.988754,5.903724,8.563899,0.041986,0.216157,-0.253190
805530780.000,Miguel,recording,knock_once,4,2.281134,5.305910,7.691220,0.270790,0.681274,-0.335849
805530790.000,Miguel,recording,knock_once,4,2.318624,5.408669,7.050037,0.485215,1.121643,-0.449407
805530800.000,Miguel,recording,knock_once,4,1.731649,6.494755,6.709273,0.621061,1.443058,-0.608072
805530810.000,Miguel,recording,knock_once,4,-0.019853,7.876912,6.300622,0.530033,1.414181,-0.787612
805530820.000,Miguel,recording,knock_once,4,-1.622297,8.005960,4.814339,0.151258,0.902665,-0.898613
805530830.000,Miguel,recording,knock_once,4,-2.185423,7.628553,5.301693,-0.274794,0.281357,-0.904030
805530840.000,Miguel,recording,knock_once,4,-2.003930,7.017619,6.016397,-0.532573,-0.123739,-0.875025
805530850.000,Miguel,recording,knock_once,4,-2.287331,6.503418,6.836580,-0.633218,-0.359914,-0.818022
805530860.000,Miguel,recording,knock_once,4,-2.925782,6.522029,7.238010,-0.612574,-0.474911,-0.663458
805530870.000,Miguel,recording,knock_once,4,-3.187999,6.857113,7.850116,-0.510031,-0.477801,-0.398779
805530880.000,Miguel,recording,knock_once,4,-2.299649,7.480102,8.229779,-0.383942,-0.410220,-0.089420
805530890.000,Miguel,recording,knock_once,4,-1.056385,7.911297,8.291102,-0.278791,-0.383366,0.162685
805530900.000,Miguel,recording,knock_once,4,-0.452401,7.889682,8.186620,-0.194047,-0.432542,0.315325
805530910.000,Miguel,recording,knock_once,4,-0.308308,7.496448,7.819492,-0.117234,-0.484038,0.388843
805530920.000,Miguel,recording,knock_once,4,-0.265406,6.849765,7.074748,-0.064144,-0.517695,0.392049
805530930.000,Miguel,recording,knock_once,4,0.008139,6.356195,5.834959,-0.089311,-0.622897,0.313186
805530940.000,Miguel,recording,knock_once,4,0.249005,6.612586,4.274760,-0.222523,-0.862852,0.181126
805530950.000,Miguel,recording,knock_once,4,-0.819579,7.447730,6.037411,-0.376028,-1.057591,0.105241
805530960.000,Miguel,recording,knock_once,4,-0.981518,7.298519,6.009836,-0.471776,-0.928117,0.129411
805530970.000,Miguel,recording,knock_once,4,-0.669482,7.193352,6.284338,-0.520098,-0.607442,0.180165
805530980.000,Miguel,recording,knock_once,4,-0.338146,6.815005,6.234506,-0.544935,-0.378694,0.211507
805530990.000,Miguel,recording,knock_once,4,0.187201,6.816548,6.621499,-0.552935,-0.280226,0.217496
805531000.000,Miguel,recording,knock_once,4,0.858651,6.634474,6.642442,-0.540426,-0.256866,0.181875
805531010.000,Miguel,recording,knock_once,4,1.200876,6.422625,6.961868,-0.515582,-0.253822,0.100451
805531020.000,Miguel,recording,knock_once,4,1.376754,6.398428,7.467736,-0.472645,-0.286350,-0.007456
805531030.000,Miguel,recording,knock_once,4,1.571048,6.664538,8.371404,-0.386665,-0.396289,-0.133493
805531040.000,Miguel,recording,knock_once,4,1.942996,6.914891,9.121204,-0.239275,-0.562546,-0.283429
805531050.000,Miguel,recording,knock_once,4,1.899827,6.477077,9.314467,-0.041472,-0.694485,-0.436165
805531060.000,Miguel,recording,knock_once,4,1.612445,6.061524,9.189895,0.172564,-0.745696,-0.553686
805531070.000,Miguel,recording,knock_once,4,1.263515,5.916898,8.931532,0.367785,-0.751249,-0.619822
805531080.000,Miguel,recording,knock_once,4,0.898400,6.019819,8.519594,0.523327,-0.758282,-0.637433
805531090.000,Miguel,recording,knock_once,4,0.461203,6.086143,8.110261,0.632590,-0.790866,-0.616538
805531100.000,Miguel,recording,knock_once,4,0.083157,6.101499,7.678805,0.697139,-0.838894,-0.568152
805531110.000,Miguel,recording,knock_once,4,-0.151731,6.063731,7.253592,0.717737,-0.871129,-0.498490
805531120.000,Miguel,recording,knock_once,4,-0.248629,6.081325,6.840293,0.688261,-0.856775,-0.414164
805531130.000,Miguel,recording,knock_once,4,-0.331252,6.061077,6.587977,0.600657,-0.753550,-0.322468
805531140.000,Miguel,recording,knock_once,4,-0.233356,6.128888,6.681556,0.468710,-0.563189,-0.228948
805531150.000,Miguel,recording,knock_once,4,0.297341,6.183504,6.595241,0.328012,-0.376778,-0.144939
805531160.000,Miguel,recording,knock_once,4,0.736532,6.262766,6.814450,0.197075,-0.225870,-0.094886
805531170.000,Miguel,recording,knock_once,4,1.050061,6.320373,6.988070,0.078478,-0.064677,-0.100147
805531180.000,Miguel,recording,knock_once,4,1.180469,6.290592,7.070880,-0.024978,0.111305,-0.150085
805531190.000,Miguel,recording,knock_once,4,0.972424,6.271120,7.110065,-0.115411,0.279259,-0.214672
805531200.000,Miguel,recording,knock_once,4,0.578101,6.319265,7.191885,-0.191989,0.417749,-0.268192
805531210.000,Miguel,recording,knock_once,4,0.139617,6.393022,7.284723,-0.249787,0.509643,-0.295593
805531220.000,Miguel,recording,knock_once,4,-0.171259,6.474807,7.387754,-0.287355,0.542840,-0.295508
805531230.000,Miguel,recording,knock_once,4,-0.370123,6.518721,7.498998,-0.302883,0.517342,-0.278049
805531240.000,Miguel,recording,knock_once,4,-0.535820,6.554849,7.584089,-0.293315,0.447523,-0.255697
805531250.000,Miguel,recording,knock_once,4,-0.646891,6.563527,7.667033,-0.260232,0.357355,-0.235623
805531260.000,Miguel,recording,knock_once,4,-0.582684,6.538239,7.732431,-0.209793,0.265701,-0.220420
805531270.000,Miguel,recording,knock_once,4,-0.502116,6.474527,7.753932,-0.151486,0.177178,-0.213130
805531280.000,Miguel,recording,knock_once,4,-0.465991,6.385466,7.780981,-0.092909,0.095747,-0.214073
805531290.000,Miguel,recording,knock_once,4,-0.489131,6.285912,7.814750,-0.034506,0.036081,-0.213738
805531300.000,Miguel,recording,knock_once,4,-0.480856,6.230181,7.791440,0.022083,0.009989,-0.200141
805531310.000,Miguel,recording,knock_once,4,-0.427779,6.187208,7.637375,0.067821,0.009711,-0.172296
805531320.000,Miguel,recording,knock_once,4,-0.410312,6.157598,7.421969,0.094930,0.018408,-0.138260
805531330.000,Miguel,recording,knock_once,4,-0.389818,6.155940,7.286415,0.106496,0.025823,-0.104105
805531340.000,Miguel,recording,knock_once,4,-0.385030,6.132233,7.180206,0.108519,0.025202,-0.072821
805531350.000,Miguel,recording,knock_once,4,-0.341001,6.126585,7.168684,0.103109,0.013304,-0.047540
805531360.000,Miguel,recording,knock_once,4,-0.153893,6.113511,7.249511,0.097290,0.003061,-0.030948
805531370.000,Miguel,recording,knock_once,4,0.083826,6.120737,7.261075,0.095588,0.011227,-0.025232
805531380.000,Miguel,recording,knock_once,4,0.255912,6.142169,7.242344,0.094097,0.038341,-0.031631
805531390.000,Miguel,recording,knock_once,4,0.265740,6.203088,7.197779,0.091428,0.074086,-0.047107
805531400.000,Miguel,recording,knock_once,4,0.105170,6.278753,7.114194,0.085567,0.105107,-0.063413
805531410.000,Miguel,recording,knock_once,4,-0.080457,6.361712,7.013848,0.073604,0.121174,-0.069353
805531420.000,Miguel,recording,knock_once,4,-0.198801,6.452251,6.931550,0.054259,0.121271,-0.059772
805531430.000,Miguel,recording,knock_once,4,-0.240934,6.477222,6.867478,0.027190,0.108645,-0.040742
805531440.000,Miguel,recording,knock_once,4,-0.232678,6.524493,6.865637,-0.004246,0.090500,-0.021708
805531450.000,Miguel,recording,knock_once,4,-0.078679,6.624196,7.020766,-0.032436,0.083388,-0.010129
805531460.000,Miguel,recording,knock_once,4,0.449377,6.785650,7.307598,-0.045716,0.113931,-0.017021
805531470.000,Miguel,recording,knock_once,4,1.311848,6.920473,7.648527,-0.031747,0.210931,-0.057982
805531480.000,Miguel,recording,knock_once,4,1.750714,6.853135,7.886790,0.020388,0.359116,-0.135138
805531490.000,Miguel,recording,knock_once,4,1.515260,6.703968,8.320916,0.123483,0.485050,-0.228278
805531500.000,Miguel,recording,knock_once,4,0.795630,6.756773,8.816125,0.286817,0.540087,-0.310971
805531510.000,Miguel,recording,knock_once,4,-2.555282,6.640132,8.588437,0.476561,0.553127,-0.343868
805531520.000,Miguel,recording,knock_once,4,-5.355686,6.389918,7.341760,0.601777,0.619778,-0.273489
805531530.000,Miguel,recording,knock_once,4,-3.605674,6.413367,6.684287,0.592695,0.767316,-0.092641
805531540.000,Miguel,recording,knock_once,4,-3.632932,6.644933,6.289161,0.449886,0.855273,0.170284
805531550.000,Miguel,recording,knock_once,4,-2.110228,6.262105,6.243345,0.241148,0.815822,0.457389
805531560.000,Miguel,recording,knock_once,4,-0.682240,6.314514,6.587386,0.048140,0.695990,0.671931
805531570.000,Miguel,recording,knock_once,4,0.457792,6.737992,7.079340,-0.076690,0.540882,0.744884
805531580.000,Miguel,recording,knock_once,4,1.473785,6.894394,7.542065,-0.111620,0.385627,0.662255
805531590.000,Miguel,recording,knock_once,4,1.845783,6.922287,7.876850,-0.068279,0.239685,0.462377
805531600.000,Miguel,recording,knock_once,4,1.718536,6.841737,7.847199,0.021952,0.123235,0.214008
805531610.000,Miguel,recording,knock_once,4,0.955999,6.662266,7.533586,0.118134,0.039993,-0.009115
805531620.000,Miguel,recording,knock_once,4,0.044749,6.563143,7.150722,0.191742,-0.023646,-0.151369
805531630.000,Miguel,recording,knock_once,4,-0.567866,6.529581,6.756375,0.227686,-0.074098,-0.201039
805531640.000,Miguel,recording,knock_once,4,-0.879211,6.544773,6.399134,0.221184,-0.114978,-0.184451
805531650.000,Miguel,recording,knock_once,4,-1.016355,6.643519,6.323441,0.184377,-0.149751,-0.135902
805531660.000,Miguel,recording,knock_once,4,-1.013363,6.677946,6.553538,0.146703,-0.179688,-0.083434
805531670.000,Miguel,recording,knock_once,4,-0.874948,6.504064,6.969195,0.140732,-0.194277,-0.044632
805531680.000,Miguel,recording,knock_once,4,-0.932578,6.538035,7.088084,0.172309,-0.166254,-0.013488
805531690.000,Miguel,recording,knock_once,4,-0.922740,6.610853,6.922457,0.211724,-0.111546,0.028802
805531700.000,Miguel,recording,knock_once,4,-0.856542,6.727377,6.778119,0.230695,-0.084579,0.086162
805531710.000,Miguel,recording,knock_once,4,-0.640473,6.856853,6.756744,0.230684,-0.090590,0.143116
805531720.000,Miguel,recording,knock_once,4,-0.398689,6.915026,6.721661,0.224337,-0.099928,0.177065
805531730.000,Miguel,recording,knock_once,4,-0.137753,6.992372,6.676261,0.215188,-0.100393,0.176190
805531740.000,Miguel,recording,knock_once,4,-0.045276,7.040213,6.603165,0.201847,-0.096346,0.150481
805531750.000,Miguel,recording,knock_once,4,-0.076374,7.071359,6.555179,0.183027,-0.094490,0.119790
805531760.000,Miguel,recording,knock_once,4,-0.100450,7.128812,6.521296,0.155040,-0.096978,0.095020
805531770.000,Miguel,recording,knock_once,4,-0.075629,7.168566,6.486290,0.116310,-0.098920,0.074792
805531780.000,Miguel,recording,knock_once,4,0.034983,7.138743,6.566014,0.073214,-0.088106,0.053319
805531790.000,Miguel,recording,knock_once,4,0.128403,7.097395,6.665036,0.032498,-0.058325,0.029036
805531800.000,Miguel,recording,knock_once,4,0.116491,7.064392,6.788970,-0.003220,-0.020635,0.004607
805531810.000,Miguel,recording,knock_once,4,0.021381,7.063034,6.908547,-0.030543,0.012072,-0.018178
805531820.000,Miguel,recording,knock_once,4,-0.005882,7.074727,6.963469,-0.046084,0.043111,-0.038414
805531830.000,Miguel,recording,knock_once,4,-0.038904,7.055742,6.932006,-0.052601,0.076715,-0.055227
805531840.000,Miguel,recording,knock_once,4,-0.172032,7.000102,6.867694,-0.054889,0.103472,-0.065566
805531850.000,Miguel,recording,knock_once,4,-0.366259,6.970743,6.811980,-0.053431,0.112198,-0.064224
805531860.000,Miguel,recording,knock_once,4,-0.518548,6.998228,6.770899,-0.047016,0.095615,-0.049509
805531870.000,Miguel,recording,knock_once,4,-0.493897,7.054712,6.877913,-0.032860,0.054345,-0.028372
805531880.000,Miguel,recording,knock_once,4,-0.285140,7.060588,7.116282,-0.004294,0.010187,-0.014867
805531890.000,Miguel,recording,knock_once,4,-0.121620,7.011095,7.217095,0.039154,-0.011786,-0.018638
805531900.000,Miguel,recording,knock_once,4,-0.113017,6.964937,7.181241,0.087961,-0.014778,-0.035910
805531910.000,Miguel,recording,knock_once,4,-0.251766,6.977867,7.103986,0.132133,-0.017012,-0.053993
805531920.000,Miguel,recording,knock_once,4,-0.347165,6.981607,7.077300,0.170194,-0.026746,-0.062284
805531930.000,Miguel,recording,knock_once,4,-0.386130,6.985711,7.013344,0.203037,-0.043754,-0.061640
805531940.000,Miguel,recording,knock_once,4,-0.427467,7.031325,6.931959,0.224969,-0.066346,-0.060222
805531950.000,Miguel,recording,knock_once,4,-0.471791,7.042913,6.828713,0.230859,-0.084737,-0.060985
805531960.000,Miguel,recording,knock_once,4,-0.496731,7.018612,6.732452,0.220055,-0.083321,-0.059225
805531970.000,Miguel,recording,knock_once,4,-0.578163,6.949462,6.605390,0.194118,-0.059639,-0.048193
805531980.000,Miguel,recording,knock_once,4,-0.683336,6.935212,6.467309,0.158546,-0.031139,-0.026840
805531990.000,Miguel,recording,knock_once,4,-0.651032,6.997738,6.472637,0.119683,-0.018129,-0.002549
805532000.000,Miguel,recording,knock_once,4,-0.485344,7.060458,6.519157,0.082043,-0.022689,0.010953
805532010.000,Miguel,recording,knock_once,4,-0.295764,7.025176,6.566680,0.051913,-0.026305,0.003514
805532020.000,Miguel,recording,knock_once,4,-0.188785,6.963005,6.630947,0.031824,-0.011389,-0.018479
805532030.000,Miguel,recording,knock_once,4,-0.288337,6.896414,6.601896,0.018322,0.016992,-0.036642
805532040.000,Miguel,recording,knock_once,4,-0.456428,6.910375,6.594719,0.009177,0.037157,-0.038149
805532050.000,Miguel,recording,knock_once,4,-0.516780,6.942649,6.617509,0.005611,0.035135,-0.025240
805532060.000,Miguel,recording,knock_once,4,-0.503218,6.957243,6.658346,0.009679,0.016291,-0.011019
805532070.000,Miguel,recording,knock_once,4,-0.437534,6.927811,6.663904,0.020660,-0.007090,-0.004389
805532080.000,Miguel,recording,knock_once,4,-0.433183,6.943803,6.625273,0.034140,-0.029933,-0.002373
805532090.000,Miguel,recording,knock_once,4,-0.465465,6.957994,6.583594,0.044480,-0.050972,0.001259
805532100.000,Miguel,recording,knock_once,4,-0.444667,6.998856,6.564406,0.046865,-0.066795,0.007731
805532110.000,Miguel,recording,knock_once,4,-0.366576,7.048546,6.537719,0.039113,-0.073009,0.013231
805532120.000,Miguel,recording,knock_once,4,-0.297483,7.065851,6.537480,0.021882,-0.067451,0.015551
805532130.000,Miguel,recording,knock_once,4,-0.339702,7.060550,6.508643,-0.001660,-0.053202,0.017257
805532140.000,Miguel,recording,knock_once,4,-0.390588,7.069273,6.550160,-0.025552,-0.038774,0.021318
805532150.000,Miguel,recording,knock_once,4,-0.301114,7.124474,6.663588,-0.042925,-0.033115,0.026015
805532160.000,Miguel,recording,knock_once,4,-0.157284,7.186853,6.737075,-0.051836,-0.036139,0.023667
805532170.000,Miguel,recording,knock_once,4,-0.096130,7.164762,6.750700,-0.054663,-0.040175,0.008270
805532180.000,Miguel,recording,knock_once,4,-0.162772,7.147504,6.744434,-0.055196,-0.040776,-0.013314
805532190.000,Miguel,recording,knock_once,4,-0.348026,7.150546,6.746811,-0.056959,-0.038088,-0.025184
805532200.000,Miguel,recording,knock_once,4,-0.460778,7.137954,6.746416,-0.059482,-0.030602,-0.019988
805532210.000,Miguel,recording,knock_once,4,-0.485119,7.060549,6.745852,-0.060415,-0.015409,-0.003115
805532220.000,Miguel,recording,knock_once,4,-0.450609,6.993325,6.805794,-0.058446,0.003830,0.017807
805532230.000,Miguel,recording,knock_once,4,-0.375142,7.024046,6.863991,-0.051136,0.014782,0.036711
805532240.000,Miguel,recording,knock_once,4,-0.273828,7.051603,6.885274,-0.035700,0.009838,0.048049
805532250.000,Miguel,recording,knock_once,4,-0.153187,7.079304,6.841199,-0.014728,-0.005191,0.045409
805532260.000,Miguel,recording,knock_once,4,-0.088638,7.079739,6.725500,0.002661,-0.023344,0.027192
805532270.000,Miguel,recording,knock_once,4,-0.133279,7.093272,6.616503,0.008694,-0.041821,0.002261
805532280.000,Miguel,recording,knock_once,4,-0.224942,7.088615,6.595098,0.002676,-0.053634,-0.017216
805532290.000,Miguel,recording,knock_once,4,-0.292126,7.067882,6.607071,-0.012124,-0.052550,-0.025021
805532300.000,Miguel,recording,knock_once,4,-0.296041,7.042680,6.675745,-0.028925,-0.038574,-0.024864
805532310.000,Miguel,recording,knock_once,4,-0.249199,7.041199,6.729164,-0.041337,-0.016802,-0.024786
805532320.000,Miguel,recording,knock_once,4,-0.253361,7.032628,6.747169,-0.048627,0.001750,-0.027638
805532330.000,Miguel,recording,knock_once,4,-0.333449,7.028812,6.726867,-0.051653,0.006610,-0.030708
805532340.000,Miguel,recording,knock_once,4,-0.396852,6.996779,6.793634,-0.048938,-0.004392,-0.030126
805532350.000,Miguel,recording,knock_once,4,-0.328057,7.004946,6.936713,-0.038288,-0.025098,-0.027545
805532360.000,Miguel,recording,knock_once,4,-0.234586,7.022017,7.059138,-0.019732,-0.041872,-0.028663
805532370.000,Miguel,recording,knock_once,4,-0.203026,6.997020,7.066918,0.001791,-0.044334,-0.035280
805532380.000,Miguel,recording,knock_once,4,-0.294024,6.979451,7.016060,0.019180,-0.035641,-0.042264
805532390.000,Miguel,recording,knock_once,4,-0.441951,7.003219,6.953080,0.030153,-0.026594,-0.041376
805532400.000,Miguel,recording,knock_once,4,-0.535068,7.014596,6.902478,0.036669,-0.024081,-0.029781
805532410.000,Miguel,recording,knock_once,4,-0.553907,7.020135,6.879325,0.040702,-0.027282,-0.012574
805532420.000,Miguel,recording,knock_once,4,-0.446963,7.016286,6.841981,0.043195,-0.033127,0.001902
805532430.000,Miguel,recording,knock_once,4,-0.362999,7.001354,6.779968,0.042204,-0.040726,0.008070
805532440.000,Miguel,recording,knock_once,4,-0.336916,6.974731,6.740916,0.036951,-0.049942,0.008588
805532450.000,Miguel,recording,knock_once,4,-0.366826,6.964175,6.737640,0.031563,-0.059038,0.009014
805532460.000,Miguel,recording,knock_once,4,-0.392587,6.941753,6.766161,0.030499,-0.065561,0.011484
805532470.000,Miguel,recording,knock_once,4,-0.360200,6.951176,6.731307,0.031976,-0.069845,0.014750
805532480.000,Miguel,recording,knock_once,4,-0.267579,6.997158,6.640466,0.028698,-0.072713,0.014111
805532490.000,Miguel,recording,knock_once,4,-0.191686,7.031286,6.599207,0.016519,-0.068915,0.007449
805532500.000,Miguel,recording,knock_once,4,-0.209847,7.014093,6.609452,-0.001889,-0.052115,-0.001389
805532510.000,Miguel,recording,knock_once,4,-0.305255,6.984099,6.582926,-0.022386,-0.026684,-0.005873
805532520.000,Miguel,recording,knock_once,4,-0.438626,6.985380,6.599985,-0.042394,-0.005811,-0.001272
805532530.000,Miguel,recording,knock_once,4,-0.481388,7.013753,6.657796,-0.058474,0.001110,0.011806
805532540.000,Miguel,recording,knock_once,4,-0.370739,7.017784,6.812218,-0.065340,-0.004152,0.026242
805532550.000,Miguel,recording,knock_once,4,-0.242824,6.985095,6.951128,-0.057119,-0.011786,0.032680
805532560.000,Miguel,recording,knock_once,4,-0.168433,6.991835,7.031607,-0.034784,-0.016104,0.029252
805532570.000,Miguel,recording,knock_once,4,-0.194746,7.015135,6.991261,-0.008786,-0.020299,0.023525
805532580.000,Miguel,recording,knock_once,4,-0.213298,7.078964,6.925990,0.011037,-0.028457,0.020799
805532590.000,Miguel,recording,knock_once,4,-0.180300,7.104789,6.834629,0.020129,-0.037454,0.017882
805532600.000,Miguel,recording,knock_once,4,-0.161349,7.102271,6.777109,0.019041,-0.037990,0.011359
805532610.000,Miguel,recording,knock_once,4,-0.191413,7.085930,6.727249,0.010203,-0.026154,0.004447
805532620.000,Miguel,recording,knock_once,4,-0.231073,7.082153,6.721961,-0.003759,-0.009072,0.002248
805532630.000,Miguel,recording,knock_once,4,-0.219574,7.116632,6.724914,-0.018616,0.004373,0.003542
805532640.000,Miguel,recording,knock_once,4,-0.173360,7.140504,6.762366,-0.031671,0.010863,0.002057
805532650.000,Miguel,recording,knock_once,4,-0.157027,7.086443,6.807038,-0.039508,0.013527,-0.005334
805532660.000,Miguel,recording,knock_once,4,-0.195807,7.038624,6.835582,-0.038952,0.016060,-0.012670
805532670.000,Miguel,recording,knock_once,4,-0.313207,6.993734,6.849044,-0.030861,0.016546,-0.012059
805532680.000,Miguel,recording,knock_once,4,-0.360519,7.011465,6.824499,-0.019688,0.011108,-0.003681
805532690.000,Miguel,recording,knock_once,4,-0.259970,7.044006,6.769874,-0.009795,-0.001699,0.005232
805532700.000,Miguel,recording,knock_once,4,-0.118371,7.041228,6.716182,-0.003793,-0.018762,0.004076
805532710.000,Miguel,recording,knock_once,4,-0.051442,7.036149,6.704103,-0.003017,-0.032556,-0.011291
805532720.000,Miguel,recording,knock_once,4,-0.095171,7.015781,6.744012,-0.004938,-0.035896,-0.030977
805532730.000,Miguel,recording,knock_once,4,-0.201092,6.997088,6.758641,-0.007578,-0.027174,-0.042706
805532740.000,Miguel,recording,knock_once,4,-0.319746,7.002548,6.723795,-0.012462,-0.013162,-0.042789
805532750.000,Miguel,recording,knock_once,4,-0.347465,7.026961,6.719866,-0.019814,-0.002933,-0.034749
805532760.000,Miguel,recording,knock_once,4,-0.333029,7.036440,6.730161,-0.027334,0.001010,-0.025029
805532770.000,Miguel,recording,knock_once,4,-0.319172,7.017138,6.755727,-0.032352,-0.000274,-0.018034
805532780.000,Miguel,recording,knock_once,4,-0.340019,6.999703,6.776957,-0.032942,-0.006681,-0.013566
805532790.000,Miguel,recording,knock_once,4,-0.323857,6.992535,6.814799,-0.028307,-0.016435,-0.009305
805532800.000,Miguel,recording,knock_once,4,-0.332109,6.979705,6.839935,-0.019069,-0.026990,-0.005084
805532810.000,Miguel,recording,knock_once,4,-0.350993,6.974682,6.835879,-0.007633,-0.036800,-0.001482
805532820.000,Miguel,recording,knock_once,4,-0.329454,6.976126,6.805152,0.001276,-0.046129,0.001504
805532830.000,Miguel,recording,knock_once,4,-0.226724,7.006142,6.820190,0.004523,-0.053956,0.001870
805532840.000,Miguel,recording,knock_once,4,-0.133138,7.000331,6.822404,0.003076,-0.050823,-0.004169
805532850.000,Miguel,recording,knock_once,4,-0.124794,6.965236,6.794744,-0.001865,-0.031174,-0.016362
805532860.000,Miguel,recording,knock_once,4,-0.223542,6.931948,6.755741,-0.011264,-0.007847,-0.026506
805532870.000,Miguel,recording,knock_once,4,-0.346875,6.976566,6.767343,-0.022801,0.004605,-0.026363
805532880.000,Miguel,recording,knock_once,4,-0.428859,6.959318,6.783839,-0.031291,0.004881,-0.016309
805532890.000,Miguel,recording,knock_once,4,-0.452388,6.914637,6.792596,-0.034446,-0.002795,-0.001454
805532900.000,Miguel,recording,knock_once,4,-0.433166,6.896707,6.855593,-0.031084,-0.015546,0.013520
805532910.000,Miguel,recording,knock_once,4,-0.321179,6.918852,6.923736,-0.020939,-0.029220,0.025622
805532920.000,Miguel,recording,knock_once,4,-0.170022,6.964058,6.938425,-0.007409,-0.037866,0.030290
805532930.000,Miguel,recording,knock_once,4,-0.064992,6.975355,6.863316,0.001862,-0.038830,0.023349
805532940.000,Miguel,recording,knock_once,4,-0.069904,6.999249,6.786334,0.001339,-0.032213,0.008312
805532950.000,Miguel,recording,knock_once,4,-0.170163,7.024367,6.729738,-0.008284,-0.020364,-0.004750
805532960.000,Miguel,recording,knock_once,4,-0.292648,7.044698,6.696291,-0.024170,-0.008559,-0.007018
805532970.000,Miguel,recording,knock_once,4,-0.356808,7.039663,6.728726,-0.041404,-0.001969,0.000095
805532980.000,Miguel,recording,knock_once,4,-0.281961,7.025719,6.847310,-0.051343,0.001083,0.008192
805532990.000,Miguel,recording,knock_once,4,-0.183767,6.999190,6.998440,-0.047674,0.006654,0.011097
805533000.000,Miguel,recording,knock_once,4,-0.140320,6.998688,7.039238,-0.030800,0.014379,0.007579
805533010.000,Miguel,recording,knock_once,5,-0.144935,7.017378,7.007697,-0.006712,0.014383,0.000952
805533020.000,Miguel,recording,knock_once,5,-0.164687,7.057615,6.966318,0.015784,0.000879,-0.005918
805533030.000,Miguel,recording,knock_once,5,-0.186701,7.071451,6.851880,0.029536,-0.016103,-0.012504
805533040.000,Miguel,recording,knock_once,5,-0.206497,7.035705,6.724936,0.030862,-0.024812,-0.017532
805533050.000,Miguel,recording,knock_once,5,-0.254468,7.027315,6.659360,0.020450,-0.024535,-0.017770
805533060.000,Miguel,recording,knock_once,5,-0.268087,6.998713,6.665443,0.002786,-0.020234,-0.012760
805533070.000,Miguel,recording,knock_once,5,-0.230847,6.977740,6.731599,-0.014238,-0.013973,-0.007332
805533080.000,Miguel,recording,knock_once,5,-0.128923,6.955574,6.799352,-0.024366,-0.004904,-0.008217
805533090.000,Miguel,recording,knock_once,5,-0.129283,6.938632,6.816636,-0.027693,0.005949,-0.016037
805533100.000,Miguel,recording,knock_once,5,-0.209801,6.910346,6.833659,-0.026629,0.014077,-0.023705
805533110.000,Miguel,recording,knock_once,5,-0.363353,6.909609,6.827998,-0.021805,0.015334,-0.022846
805533120.000,Miguel,recording,knock_once,5,-0.465286,6.900219,6.812111,-0.015190,0.008433,-0.011355
805533130.000,Miguel,recording,knock_once,5,-0.442709,6.901955,6.815618,-0.009155,-0.004860,0.004540
805533140.000,Miguel,recording,knock_once,5,-0.343318,6.934753,6.823993,-0.003905,-0.017837,0.018180
805533150.000,Miguel,recording,knock_once,5,-0.239923,6.946801,6.855998,-0.000040,-0.025631,0.023950
805533160.000,Miguel,recording,knock_once,5,-0.127957,6.986018,6.858460,0.001749,-0.030233,0.018964
805533170.000,Miguel,recording,knock_once,5,-0.022120,7.024120,6.868180,0.000815,-0.030813,0.003603
805533180.000,Miguel,recording,knock_once,5,-0.050087,7.025983,6.847595,-0.003609,-0.020133,-0.018364
805533190.000,Miguel,recording,knock_once,5,-0.173516,6.978839,6.799260,-0.012249,-0.000238,-0.035697
805533200.000,Miguel,recording,knock_once,5,-0.348738,6.958614,6.801702,-0.023489,0.015893,-0.038771
805533210.000,Miguel,recording,knock_once,5,-0.440579,6.958238,6.834361,-0.032604,0.021044,-0.028524
805533220.000,Miguel,recording,knock_once,5,-0.486487,6.920767,6.888545,-0.033812,0.018773,-0.011697
805533230.000,Miguel,recording,knock_once,5,-0.449922,6.893358,6.906754,-0.025519,0.013097,0.005496
805533240.000,Miguel,recording,knock_once,5,-0.368757,6.878317,6.921334,-0.011533,0.003636,0.019363
805533250.000,Miguel,recording,knock_once,5,-0.289664,6.879876,6.875322,0.003960,-0.008243,0.028902
805533260.000,Miguel,recording,knock_once,5,-0.241265,6.896548,6.834219,0.018490,-0.020098,0.034116
805533270.000,Miguel,recording,knock_once,5,-0.188758,6.925405,6.788021,0.030364,-0.032408,0.034880
805533280.000,Miguel,recording,knock_once,5,-0.171072,6.952944,6.753993,0.038012,-0.047574,0.032424
805533290.000,Miguel,recording,knock_once,5,-0.198895,6.978305,6.730634,0.042146,-0.064854,0.028153
805533300.000,Miguel,recording,knock_once,5,-0.198681,7.004795,6.716439,0.043381,-0.078875,0.023300
805533310.000,Miguel,recording,knock_once,5,-0.204525,6.986039,6.688666,0.040465,-0.085408,0.019520
805533320.000,Miguel,recording,knock_once,5,-0.218573,6.979337,6.707301,0.033183,-0.081340,0.019036
805533330.000,Miguel,recording,knock_once,5,-0.247581,6.946256,6.705013,0.023442,-0.067566,0.023590
805533340.000,Miguel,recording,knock_once,5,-0.266821,6.920733,6.721158,0.015168,-0.052178,0.031519
805533350.000,Miguel,recording,knock_once,5,-0.220251,6.926263,6.755996,0.011907,-0.042647,0.039832
805533360.000,Miguel,recording,knock_once,5,-0.201153,6.920152,6.790461,0.014511,-0.038317,0.045864
805533370.000,Miguel,recording,knock_once,5,-0.179631,6.917541,6.793675,0.020048,-0.031083,0.048632
805533380.000,Miguel,recording,knock_once,5,-0.173182,6.879432,6.767766,0.022411,-0.015354,0.050562
805533390.000,Miguel,recording,knock_once,5,-0.206924,6.892274,6.744515,0.018266,0.011832,0.054255
805533400.000,Miguel,recording,knock_once,5,-0.286598,6.907817,6.755079,0.007278,0.057557,0.061403
805533410.000,Miguel,recording,knock_once,5,-0.334671,6.891557,6.712754,-0.011146,0.117388,0.069495
805533420.000,Miguel,recording,knock_once,5,-0.385078,6.865946,6.733041,-0.033661,0.171194,0.078042
805533430.000,Miguel,recording,knock_once,5,-0.468902,6.824217,6.791624,-0.051857,0.210568,0.095015
805533440.000,Miguel,recording,knock_once,5,-0.521860,6.822385,6.849416,-0.056058,0.232699,0.124245
805533450.000,Miguel,recording,knock_once,5,-0.509210,6.877075,6.910498,-0.042523,0.226667,0.159583
805533460.000,Miguel,recording,knock_once,5,-0.410182,6.932406,7.005650,-0.014205,0.187915,0.189546
805533470.000,Miguel,recording,knock_once,5,-0.253036,6.988405,7.054882,0.026355,0.120528,0.204620
805533480.000,Miguel,recording,knock_once,5,-0.119880,7.078482,7.087129,0.076250,0.034318,0.201684
805533490.000,Miguel,recording,knock_once,5,-0.024289,7.141400,7.093019,0.126961,-0.051445,0.182344
805533500.000,Miguel,recording,knock_once,5,-0.009489,7.156915,7.049879,0.167597,-0.111895,0.155663
805533510.000,Miguel,recording,knock_once,5,-0.060981,7.151241,7.002214,0.190595,-0.130467,0.134850
805533520.000,Miguel,recording,knock_once,5,-0.069370,7.155566,6.921192,0.193083,-0.110778,0.127473
805533530.000,Miguel,recording,knock_once,5,0.010827,7.171573,6.857345,0.176594,-0.071461,0.129615
805533540.000,Miguel,recording,knock_once,5,0.141197,7.245866,6.788333,0.137248,-0.007551,0.127394
805533550.000,Miguel,recording,knock_once,5,0.389093,7.342248,6.746510,0.071758,0.097747,0.112876
805533560.000,Miguel,recording,knock_once,5,0.537965,7.251023,6.941887,0.004044,0.195531,0.092769
805533570.000,Miguel,recording,knock_once,5,0.578313,7.200872,7.120142,-0.060456,0.295890,0.107745
805533580.000,Miguel,recording,knock_once,5,0.990120,7.181050,7.021513,-0.159589,0.496792,0.197841
805533590.000,Miguel,recording,knock_once,5,1.501500,7.254192,7.016947,-0.249938,0.669219,0.271758
805533600.000,Miguel,recording,knock_once,5,1.387094,7.454893,7.093296,-0.224422,0.620001,0.218159
805533610.000,Miguel,recording,knock_once,5,0.908499,7.626760,7.023750,-0.089453,0.438730,0.084569
805533620.000,Miguel,recording,knock_once,5,0.354050,7.456198,6.668577,0.057322,0.246383,-0.038649
805533630.000,Miguel,recording,knock_once,5,-0.216399,7.184095,6.200280,0.143208,0.052728,-0.115569
805533640.000,Miguel,recording,knock_once,5,-0.800744,6.954232,5.920801,0.150803,-0.099327,-0.142916
805533650.000,Miguel,recording,knock_once,5,-1.343022,6.768827,6.003035,0.105636,-0.184531,-0.114714
805533660.000,Miguel,recording,knock_once,5,-1.346158,6.416491,6.413150,0.040066,-0.248326,-0.025884
805533670.000,Miguel,recording,knock_once,5,-1.211676,6.022540,6.808850,-0.020489,-0.283262,0.078344
805533680.000,Miguel,recording,knock_once,5,-1.448660,6.158622,7.558539,-0.038360,-0.239246,0.154770
805533690.000,Miguel,recording,knock_once,5,-1.325003,6.597541,8.221845,0.015696,-0.156152,0.217613
805533700.000,Miguel,recording,knock_once,5,-0.733999,6.783679,8.289690,0.119383,-0.108555,0.264987
805533710.000,Miguel,recording,knock_once,5,-0.092947,7.055219,8.052177,0.226789,-0.088160,0.267724
805533720.000,Miguel,recording,knock_once,5,0.353423,7.499122,7.599590,0.302250,-0.046562,0.222438
805533730.000,Miguel,recording,knock_once,5,0.606036,7.920928,7.018457,0.307135,0.018803,0.140719
805533740.000,Miguel,recording,knock_once,5,0.849406,7.481349,6.051772,0.187200,0.100287,0.029545
805533750.000,Miguel,recording,knock_once,5,1.076650,5.652915,4.676689,-0.083036,0.241577,-0.093430
805533760.000,Miguel,recording,knock_once,5,1.034671,4.050878,4.336986,-0.404996,0.473311,-0.186968
805533770.000,Miguel,recording,knock_once,5,0.276005,4.976261,6.010324,-0.588408,0.726774,-0.209500
805533780.000,Miguel,recording,knock_once,5,-0.945392,7.623972,8.864266,-0.530290,0.894217,-0.155216
805533790.000,Miguel,recording,knock_once,5,-1.917357,9.507790,10.455302,-0.290111,0.923223,-0.051608
805533800.000,Miguel,recording,knock_once,5,-2.214229,9.541981,10.306495,0.005019,0.831137,0.083857
805533810.000,Miguel,recording,knock_once,5,-1.984553,8.031189,9.007033,0.264477,0.664579,0.247537
805533820.000,Miguel,recording,knock_once,5,-1.337423,6.426611,7.465914,0.444766,0.462990,0.412361
805533830.000,Miguel,recording,knock_once,5,-0.667697,5.757800,6.376998,0.528858,0.228456,0.531951
805533840.000,Miguel,recording,knock_once,5,-0.288334,5.671169,6.002098,0.554981,-0.069020,0.585938
805533850.000,Miguel,recording,knock_once,5,-0.456112,6.332313,6.264274,0.584835,-0.409745,0.608057
805533860.000,Miguel,recording,knock_once,5,-1.047551,7.799898,6.189480,0.613827,-0.710710,0.632228
805533870.000,Miguel,recording,knock_once,5,-1.246105,8.359498,5.976811,0.609262,-0.887590,0.643365
805533880.000,Miguel,recording,knock_once,5,-0.976365,8.032258,5.499663,0.561972,-0.908428,0.625909
805533890.000,Miguel,recording,knock_once,5,-0.368501,7.432971,4.955322,0.462330,-0.804636,0.586051
805533900.000,Miguel,recording,knock_once,5,0.495771,6.952545,4.515304,0.306131,-0.628732,0.528725
805533910.000,Miguel,recording,knock_once,5,1.275118,6.859892,4.318658,0.107664,-0.439316,0.449847
805533920.000,Miguel,recording,knock_once,5,1.808359,7.140636,4.342965,-0.103870,-0.305183,0.336996
805533930.000,Miguel,recording,knock_once,5,1.841426,7.560017,4.501311,-0.299841,-0.273808,0.186906
805533940.000,Miguel,recording,knock_once,5,1.426886,7.782938,4.699799,-0.470065,-0.337963,0.028277
805533950.000,Miguel,recording,knock_once,5,0.624458,7.876537,4.738324,-0.629732,-0.454070,-0.089939
805533960.000,Miguel,recording,knock_once,5,-0.134284,7.739340,4.661499,-0.797950,-0.592149,-0.136141
805533970.000,Miguel,recording,knock_once,5,-0.626936,7.437605,4.679469,-0.977018,-0.739330,-0.108904
805533980.000,Miguel,recording,knock_once,5,-0.753223,7.099918,4.666209,-1.167079,-0.868729,-0.024886
805533990.000,Miguel,recording,knock_once,5,-0.497957,6.861436,4.684320,-1.368694,-0.935794,0.092965
805534000.000,Miguel,recording,knock_once,5,-0.119060,6.720020,5.060482,-1.554097,-0.921340,0.217859
805534010.000,Miguel,recording,knock_once,5,0.391345,6.504599,6.369585,-1.650524,-0.866253,0.316834
805534020.000,Miguel,recording,knock_once,5,0.795547,6.293170,7.824493,-1.599647,-0.816550,0.371802
805534030.000,Miguel,recording,knock_once,5,0.916392,6.153466,8.726297,-1.420032,-0.767658,0.393359
805534040.000,Miguel,recording,knock_once,5,0.898949,6.070621,8.893492,-1.180944,-0.699541,0.398495
805534050.000,Miguel,recording,knock_once,5,1.051225,6.064023,8.647381,-0.945354,-0.617170,0.391471
805534060.000,Miguel,recording,knock_once,5,1.231720,6.082959,8.425567,-0.742530,-0.546016,0.365733
805534070.000,Miguel,recording,knock_once,5,1.350819,5.948987,8.113874,-0.598104,-0.480545,0.308087
805534080.000,Miguel,recording,knock_once,5,1.669847,5.336028,7.796582,-0.520012,-0.324176,0.191696
805534090.000,Miguel,recording,knock_once,5,2.106842,4.940613,8.272171,-0.437732,0.030992,0.009974
805534100.000,Miguel,recording,knock_once,5,2.196312,5.390914,9.130867,-0.278759,0.504050,-0.188863
805534110.000,Miguel,recording,knock_once,5,2.052362,5.928562,9.900145,-0.023523,0.904835,-0.345067
805534120.000,Miguel,recording,knock_once,5,1.762510,6.571777,10.312853,0.315302,1.156516,-0.431659
805534130.000,Miguel,recording,knock_once,5,1.280095,6.909749,10.166749,0.682324,1.287624,-0.448446
805534140.000,Miguel,recording,knock_once,5,0.774856,7.004668,9.504947,1.002773,1.358586,-0.406498
805534150.000,Miguel,recording,knock_once,5,0.253933,7.058310,8.554720,1.206375,1.411375,-0.319001
805534160.000,Miguel,recording,knock_once,5,-0.130300,7.043909,7.583873,1.260807,1.438235,-0.205378
805534170.000,Miguel,recording,knock_once,5,-0.316914,6.991113,7.011062,1.193043,1.403301,-0.093557
805534180.000,Miguel,recording,knock_once,5,-0.375485,6.946896,6.703353,1.053935,1.290203,-0.005837
805534190.000,Miguel,recording,knock_once,5,-0.436622,7.016459,6.596112,0.879920,1.112405,0.052940
805534200.000,Miguel,recording,knock_once,5,-0.491242,7.135174,6.525693,0.693610,0.892053,0.091377
805534210.000,Miguel,recording,knock_once,5,-0.451509,7.204508,6.578280,0.513738,0.649284,0.122611
805534220.000,Miguel,recording,knock_once,5,-0.315929,7.189691,6.751204,0.358006,0.405461,0.157260
805534230.000,Miguel,recording,knock_once,5,-0.108515,7.078364,7.184178,0.247831,0.182723,0.193721
805534240.000,Miguel,recording,knock_once,5,-0.000292,7.039780,7.485401,0.204219,-0.001266,0.221539
805534250.000,Miguel,recording,knock_once,5,0.103219,6.905428,7.535670,0.222523,-0.136887,0.237023
805534260.000,Miguel,recording,knock_once,5,0.228672,6.722167,7.555626,0.279718,-0.218521,0.246852
805534270.000,Miguel,recording,knock_once,5,0.248040,6.657857,7.855378,0.369083,-0.247604,0.257994
805534280.000,Miguel,recording,knock_once,5,0.040812,6.739853,8.016907,0.487795,-0.261880,0.274051
805534290.000,Miguel,recording,knock_once,5,-0.039242,6.907797,7.439510,0.607171,-0.337075,0.296621
805534300.000,Miguel,recording,knock_once,5,0.043704,6.908268,6.349691,0.686411,-0.516664,0.321512
805534310.000,Miguel,recording,knock_once,5,0.443505,6.745122,5.472715,0.713620,-0.760110,0.345567
805534320.000,Miguel,recording,knock_once,5,2.544449,6.537166,5.093304,0.720841,-1.020046,0.363966
805534330.000,Miguel,recording,knock_once,5,6.415434,6.526793,5.604320,0.752136,-1.273738,0.318449
805534340.000,Miguel,recording,knock_once,5,4.316476,7.058712,6.892161,0.793758,-1.377906,0.121639
805534350.000,Miguel,recording,knock_once,5,3.617124,6.824849,6.171059,0.777668,-1.163716,-0.204171
805534360.000,Miguel,recording,knock_once,5,1.782018,6.143744,5.626588,0.681264,-0.666646,-0.527499
805534370.000,Miguel,recording,knock_once,5,0.899448,6.525982,5.362679,0.542714,-0.090904,-0.754908
805534380.000,Miguel,recording,knock_once,5,0.154574,7.375983,5.788842,0.422034,0.361215,-0.862797
805534390.000,Miguel,recording,knock_once,5,-0.523616,7.563071,6.295117,0.371646,0.617521,-0.843363
805534400.000,Miguel,recording,knock_once,5,-0.835431,7.432695,6.532802,0.396409,0.728409,-0.709985
805534410.000,Miguel,recording,knock_once,5,-0.810957,7.553427,6.509221,0.456420,0.767102,-0.513876
805534420.000,Miguel,recording,knock_once,5,-0.574576,7.646619,6.179910,0.504115,0.770674,-0.314084
805534430.000,Miguel,recording,knock_once,5,-0.389887,7.569099,5.841363,0.507041,0.755922,-0.146203
805534440.000,Miguel,recording,knock_once,5,-0.109871,7.569449,5.372883,0.445491,0.717845,-0.026779
805534450.000,Miguel,recording,knock_once,5,0.157176,7.658914,4.921305,0.313786,0.627559,0.036761
805534460.000,Miguel,recording,knock_once,5,0.441186,7.769202,4.666140,0.130100,0.471029,0.043408
805534470.000,Miguel,recording,knock_once,5,0.459143,7.719434,4.945481,-0.061347,0.284086,0.005068
805534480.000,Miguel,recording,knock_once,5,0.192037,7.553124,5.633093,-0.207765,0.131103,-0.054235
805534490.000,Miguel,recording,knock_once,5,-0.091625,7.526695,6.298308,-0.278237,0.050128,-0.108284
805534500.000,Miguel,recording,knock_once,5,-0.337800,7.696392,6.633725,-0.278914,0.031295,-0.132614
805534510.000,Miguel,recording,knock_once,5,-0.582138,7.825043,6.734995,-0.233433,0.043938,-0.112615
805534520.000,Miguel,recording,knock_once,5,-0.685063,7.819545,6.774654,-0.160472,0.065126,-0.054397
805534530.000,Miguel,recording,knock_once,5,-0.585599,7.779156,6.729296,-0.076376,0.080531,0.019649
805534540.000,Miguel,recording,knock_once,5,-0.322339,7.727677,6.556199,-0.000586,0.081586,0.086694
805534550.000,Miguel,recording,knock_once,5,-0.032216,7.652552,6.395214,0.053537,0.068312,0.129934
805534560.000,Miguel,recording,knock_once,5,0.218836,7.509671,6.308205,0.084422,0.052385,0.141714
805534570.000,Miguel,recording,knock_once,5,0.453334,7.429728,6.255790,0.096789,0.046867,0.119651
805534580.000,Miguel,recording,knock_once,5,0.565429,7.372674,6.192923,0.096760,0.052577,0.067544
805534590.000,Miguel,recording,knock_once,5,0.374313,7.358218,6.122641,0.089276,0.068257,0.005448
805534600.000,Miguel,recording,knock_once,5,0.065053,7.409227,6.061343,0.076177,0.095427,-0.042313
805534610.000,Miguel,recording,knock_once,5,-0.159521,7.515918,6.003503,0.057648,0.128381,-0.062767
805534620.000,Miguel,recording,knock_once,5,-0.298752,7.632224,5.942148,0.034358,0.156049,-0.054717
805534630.000,Miguel,recording,knock_once,5,-0.412237,7.689244,5.934529,0.008876,0.172750,-0.024562
805534640.000,Miguel,recording,knock_once,5,-0.434381,7.671797,5.990669,-0.014273,0.175800,0.020601
805534650.000,Miguel,recording,knock_once,5,-0.355349,7.575921,5.991215,-0.030754,0.160134,0.072694
805534660.000,Miguel,recording,knock_once,5,-0.197819,7.454356,6.002950,-0.040147,0.125700,0.120638
805534670.000,Miguel,recording,knock_once,5,-0.092326,7.384759,5.998818,-0.046585,0.083377,0.151745
805534680.000,Miguel,recording,knock_once,5,0.041380,7.359229,6.012049,-0.053350,0.050941,0.159026
805534690.000,Miguel,recording,knock_once,5,0.220576,7.403941,6.003816,-0.060118,0.041120,0.146373
805534700.000,Miguel,recording,knock_once,5,0.268439,7.464407,6.029111,-0.064268,0.052469,0.122653
805534710.000,Miguel,recording,knock_once,5,0.176127,7.552365,6.084012,-0.065493,0.077790,0.097891
805534720.000,Miguel,recording,knock_once,5,0.088017,7.628373,6.105471,-0.069315,0.116315,0.082212
805534730.000,Miguel,recording,knock_once,5,0.147206,7.609639,6.140176,-0.078237,0.167774,0.081780
805534740.000,Miguel,recording,knock_once,5,0.166873,7.484608,6.113243,-0.084374,0.206739,0.091188
805534750.000,Miguel,recording,knock_once,5,0.294538,7.378513,5.968918,-0.084313,0.202771,0.094079
805534760.000,Miguel,recording,knock_once,5,0.418131,7.309452,5.927338,-0.083195,0.168757,0.077456
805534770.000,Miguel,recording,knock_once,5,0.438038,7.276320,6.057333,-0.080497,0.143627,0.040692
805534780.000,Miguel,recording,knock_once,5,0.311314,7.292641,6.220891,-0.071745,0.147813,-0.004214
805534790.000,Miguel,recording,knock_once,5,0.123683,7.314551,6.294779,-0.058022,0.174095,-0.041003
805534800.000,Miguel,recording,knock_once,5,-0.044812,7.411473,6.223072,-0.050370,0.203601,-0.059710
805534810.000,Miguel,recording,knock_once,5,-0.149869,7.466505,6.078504,-0.061179,0.217828,-0.059265
805534820.000,Miguel,recording,knock_once,5,-0.190019,7.474128,6.011960,-0.090579,0.204983,-0.046263
805534830.000,Miguel,recording,knock_once,5,-0.241144,7.476121,6.091955,-0.127638,0.165571,-0.029546
805534840.000,Miguel,recording,knock_once,5,-0.265088,7.489035,6.227967,-0.162815,0.110307,-0.013029
805534850.000,Miguel,recording,knock_once,5,-0.259836,7.434897,6.295968,-0.191970,0.049344,0.004626
805534860.000,Miguel,recording,knock_once,5,-0.215820,7.398560,6.331684,-0.211070,-0.010807,0.024238
805534870.000,Miguel,recording,knock_once,5,-0.189221,7.364325,6.392844,-0.217768,-0.056646,0.043891
805534880.000,Miguel,recording,knock_once,5,-0.179308,7.350163,6.483284,-0.215368,-0.070553,0.060905
805534890.000,Miguel,recording,knock_once,5,-0.152686,7.375577,6.504895,-0.210864,-0.052056,0.074967
805534900.000,Miguel,recording,knock_once,5,-0.053283,7.404154,6.551280,-0.205887,-0.017302,0.086911
805534910.000,Miguel,recording,knock_once,5,0.066530,7.449690,6.651842,-0.195653,0.017772,0.095134
805534920.000,Miguel,recording,knock_once,5,0.156267,7.456578,6.771421,-0.175803,0.046555,0.097429
805534930.000,Miguel,recording,knock_once,5,0.188598,7.442046,6.935350,-0.142597,0.070604,0.092649
805534940.000,Miguel,recording,knock_once,5,0.218604,7.364927,7.043012,-0.094869,0.088622,0.079936
805534950.000,Miguel,recording,knock_once,5,0.183592,7.327538,7.042069,-0.037650,0.095866,0.060272
805534960.000,Miguel,recording,knock_once,5,0.116096,7.324623,6.884219,0.016829,0.090437,0.038004
805534970.000,Miguel,recording,knock_once,5,0.088448,7.333617,6.634750,0.054894,0.074728,0.018435
805534980.000,Miguel,recording,knock_once,5,0.004205,7.340801,6.438987,0.071301,0.057578,0.003988
805534990.000,Miguel,recording,knock_once,5,-0.133420,7.377940,6.355141,0.068649,0.046358,-0.005289
805535000.000,Miguel,recording,knock_once,5,-0.197026,7.430915,6.316082,0.052163,0.039065,-0.007443
805535010.000,Miguel,recording,knock_once,5,-0.206923,7.435957,6.280606,0.028095,0.028492,-0.000209
805535020.000,Miguel,recording,knock_once,5,-0.171632,7.414542,6.230804,0.001066,0.007319,0.013289
805535030.000,Miguel,recording,knock_once,5,-0.070499,7.379294,6.193966,-0.025653,-0.021967,0.026766
805535040.000,Miguel,recording,knock_once,5,-0.000883,7.348174,6.246457,-0.047573,-0.047036,0.034896
805535050.000,Miguel,recording,knock_once,5,0.014858,7.348841,6.301785,-0.061635,-0.062349,0.035854
805535060.000,Miguel,recording,knock_once,5,-0.023481,7.307242,6.296972,-0.068119,-0.071134,0.031780
805535070.000,Miguel,recording,knock_once,5,-0.015857,7.300730,6.293399,-0.068574,-0.073397,0.025435
805535080.000,Miguel,recording,knock_once,5,-0.011784,7.300067,6.267601,-0.066327,-0.065190,0.019113
805535090.000,Miguel,recording,knock_once,5,0.031390,7.330454,6.240836,-0.066565,-0.046199,0.012053
805535100.000,Miguel,recording,knock_once,5,0.004954,7.393801,6.228212,-0.071705,-0.020595,0.000625
805535110.000,Miguel,recording,knock_once,5,-0.068883,7.451976,6.332634,-0.075110,0.005936,-0.015692
805535120.000,Miguel,recording,knock_once,5,-0.162175,7.431593,6.411180,-0.068749,0.028848,-0.031971
805535130.000,Miguel,recording,knock_once,5,-0.260722,7.443974,6.449877,-0.051972,0.047841,-0.041533
805535140.000,Miguel,recording,knock_once,5,-0.332242,7.468160,6.453019,-0.030102,0.065039,-0.040124
805535150.000,Miguel,recording,knock_once,5,-0.400220,7.526510,6.378999,-0.012497,0.080309,-0.027600
805535160.000,Miguel,recording,knock_once,5,-0.487713,7.509607,6.279058,-0.004789,0.091273,-0.004875
805535170.000,Miguel,recording,knock_once,5,-0.586463,7.482409,6.301661,-0.005046,0.097576,0.027196
805535180.000,Miguel,recording,knock_once,5,-0.592319,7.429752,6.308159,-0.008818,0.100805,0.066430
805535190.000,Miguel,recording,knock_once,5,-0.507591,7.365218,6.331891,-0.013829,0.101201,0.106900
805535200.000,Miguel,recording,knock_once,5,-0.303310,7.328821,6.365473,-0.020426,0.101997,0.138753
805535210.000,Miguel,recording,knock_once,5,-0.139176,7.298324,6.350938,-0.032194,0.108629,0.155554
805535220.000,Miguel,recording,knock_once,5,-0.043259,7.264593,6.368281,-0.051394,0.117396,0.158252
805535230.000,Miguel,recording,knock_once,5,0.037098,7.183627,6.441689,-0.074627,0.117596,0.151852
805535240.000,Miguel,recording,knock_once,5,0.092540,7.143045,6.486039,-0.098321,0.100895,0.141357
805535250.000,Miguel,recording,knock_once,5,0.136715,7.132574,6.491794,-0.121565,0.065309,0.128841
805535260.000,Miguel,recording,knock_once,5,0.148638,7.161830,6.518314,-0.145835,0.017117,0.114913
805535270.000,Miguel,recording,knock_once,5,0.144746,7.226199,6.569590,-0.169728,-0.033057,0.100623
805535280.000,Miguel,recording,knock_once,5,0.126503,7.265978,6.601090,-0.188316,-0.075681,0.088781
805535290.000,Miguel,recording,knock_once,5,0.109086,7.249800,6.631293,-0.198592,-0.104234,0.083609
805535300.000,Miguel,recording,knock_once,5,0.126158,7.216595,6.649092,-0.199024,-0.115914,0.085012
805535310.000,Miguel,recording,knock_once,5,0.189193,7.186833,6.655556,-0.192550,-0.110328,0.089932
805535320.000,Miguel,recording,knock_once,5,0.202233,7.209116,6.744911,-0.184955,-0.085512,0.096793
805535330.000,Miguel,recording,knock_once,5,0.192141,7.240701,6.919590,-0.175056,-0.045800,0.104387
805535340.000,Miguel,recording,knock_once,5,0.188703,7.182660,7.039220,-0.154288,-0.010139,0.111300
805535350.000,Miguel,recording,knock_once,5,0.266156,7.072017,7.128203,-0.118246,0.005336,0.114541
805535360.000,Miguel,recording,knock_once,5,0.382468,7.044219,7.140164,-0.073382,0.003439,0.108172
805535370.000,Miguel,recording,knock_once,5,0.440298,7.074687,7.096316,-0.030435,-0.003121,0.089130
805535380.000,Miguel,recording,knock_once,5,0.465330,7.067147,6.998858,0.003982,-0.007209,0.063380
805535390.000,Miguel,recording,knock_once,5,0.466880,7.026382,6.862250,0.028460,-0.011434,0.039365
805535400.000,Miguel,recording,knock_once,5,0.517653,7.027421,6.739042,0.047794,-0.019319,0.018204
805535410.000,Miguel,recording,knock_once,5,0.528308,7.067026,6.622903,0.064231,-0.026333,-0.005520
805535420.000,Miguel,recording,knock_once,5,0.404673,7.129140,6.509351,0.073071,-0.020459,-0.031616
805535430.000,Miguel,recording,knock_once,5,0.186387,7.167617,6.508385,0.073427,0.008902,-0.048914
805535440.000,Miguel,recording,knock_once,5,-0.010108,7.177554,6.499685,0.070847,0.054884,-0.046461
805535450.000,Miguel,recording,knock_once,5,-0.039174,7.192017,6.500780,0.070998,0.092840,-0.025845
805535460.000,Miguel,recording,knock_once,5,0.008501,7.224238,6.468586,0.071320,0.101250,-0.002446
805535470.000,Miguel,recording,knock_once,5,0.103146,7.230640,6.312032,0.060162,0.078021,0.010449
805535480.000,Miguel,recording,knock_once,5,0.156413,7.183867,6.166927,0.028153,0.036170,0.012485
805535490.000,Miguel,recording,knock_once,5,0.218131,7.145055,6.131549,-0.019215,-0.011128,0.006018
805535500.000,Miguel,recording,knock_once,5,0.279534,7.138844,6.227208,-0.065506,-0.052575,-0.007738
805535510.000,Miguel,recording,knock_once,5,0.265166,7.159102,6.437753,-0.096466,-0.077268,-0.024808
805535520.000,Miguel,recording,knock_once,5,0.197620,7.176933,6.589447,-0.106187,-0.080217,-0.038852
805535530.000,Miguel,recording,knock_once,5,0.103107,7.170112,6.654305,-0.099196,-0.064367,-0.044599
805535540.000,Miguel,recording,knock_once,5,0.028994,7.190178,6.666965,-0.084408,-0.035438,-0.042864
805535550.000,Miguel,recording,knock_once,5,0.021530,7.220086,6.681939,-0.067988,-0.000372,-0.036026
805535560.000,Miguel,recording,knock_once,5,0.046702,7.217081,6.651845,-0.052946,0.031662,-0.024867
805535570.000,Miguel,recording,knock_once,5,0.089423,7.192255,6.645998,-0.039976,0.052315,-0.013102
805535580.000,Miguel,recording,knock_once,5,0.084125,7.137293,6.633957,-0.030100,0.055176,-0.006617
805535590.000,Miguel,recording,knock_once,5,-0.015989,7.114784,6.614887,-0.025642,0.039777,-0.006189
805535600.000,Miguel,recording,knock_once,5,-0.070441,7.118202,6.629225,-0.028499,0.015193,-0.007258
805535610.000,Miguel,recording,knock_once,5,-0.032054,7.123240,6.651941,-0.033647,-0.007090,-0.007259
805535620.000,Miguel,recording,knock_once,5,0.024797,7.130431,6.714494,-0.033383,-0.018090,-0.007113
805535630.000,Miguel,recording,knock_once,5,0.074275,7.208355,6.697871,-0.027832,-0.013756,-0.008169
805535640.000,Miguel,recording,knock_once,5,0.069288,7.283516,6.667528,-0.022448,0.003216,-0.010129
805535650.000,Miguel,recording,knock_once,5,0.043593,7.296937,6.612164,-0.020740,0.027351,-0.010913
805535660.000,Miguel,recording,knock_once,5,-0.014238,7.261211,6.622987,-0.021184,0.050976,-0.009165
805535670.000,Miguel,recording,knock_once,5,-0.035494,7.226068,6.594156,-0.024005,0.063446,-0.005492
805535680.000,Miguel,recording,knock_once,5,-0.052152,7.211707,6.543228,-0.032687,0.058841,-0.000728
805535690.000,Miguel,recording,knock_once,5,-0.036194,7.191746,6.538704,-0.048346,0.040249,0.004556
805535700.000,Miguel,recording,knock_once,5,0.022905,7.168894,6.569383,-0.067044,0.011859,0.008056
805535710.000,Miguel,recording,knock_once,5,0.140439,7.135962,6.605275,-0.081795,-0.023280,0.006094
805535720.000,Miguel,recording,knock_once,5,0.212361,7.108066,6.606008,-0.089552,-0.058325,-0.002698
805535730.000,Miguel,recording,knock_once,5,0.211002,7.072291,6.568395,-0.093785,-0.080349,-0.018086
805535740.000,Miguel,recording,knock_once,5,0.086067,7.050747,6.621195,-0.097029,-0.076137,-0.033944
805535750.000,Miguel,recording,knock_once,5,-0.000181,7.020333,6.817470,-0.093153,-0.044732,-0.038864
805535760.000,Miguel,recording,knock_once,5,-0.033862,6.996769,7.001987,-0.073795,-0.002733,-0.031958
805535770.000,Miguel,recording,knock_once,5,0.015229,6.991520,7.108461,-0.037136,0.025955,-0.023863
805535780.000,Miguel,recording,knock_once,5,0.078595,6.993233,7.085988,0.007339,0.028845,-0.023713
805535790.000,Miguel,recording,knock_once,5,0.064873,7.027887,6.900429,0.042029,0.015796,-0.032093
805535800.000,Miguel,recording,knock_once,5,-0.023503,7.081756,6.750207,0.054352,0.006394,-0.041448
805535810.000,Miguel,recording,knock_once,5,-0.147725,7.157405,6.702331,0.048126,0.006544,-0.042305
805535820.000,Miguel,recording,knock_once,5,-0.219703,7.212135,6.651766,0.036478,0.005220,-0.031062
805535830.000,Miguel,recording,knock_once,5,-0.201641,7.232231,6.625304,0.026818,-0.008590,-0.013046
805535840.000,Miguel,recording,knock_once,5,-0.109778,7.236150,6.563994,0.018282,-0.030021,0.003070
805535850.000,Miguel,recording,knock_once,5,-0.046322,7.245678,6.496285,0.007267,-0.041643,0.012158
805535860.000,Miguel,recording,knock_once,5,0.001995,7.256248,6.642829,-0.001876,-0.031048,0.016580
805535870.000,Miguel,recording,knock_once,5,0.025044,7.201995,6.822763,0.000071,-0.004838,0.020154
805535880.000,Miguel,recording,knock_once,5,0.086986,7.184406,6.908309,0.014368,0.016578,0.021136
805535890.000,Miguel,recording,knock_once,5,0.154385,7.181480,6.849214,0.033731,0.019289,0.014979
805535900.000,Miguel,recording,knock_once,5,0.198828,7.136586,6.690832,0.046722,0.006923,-0.000014
805535910.000,Miguel,recording,knock_once,5,0.108357,7.182814,6.556498,0.044085,-0.006202,-0.019381
805535920.000,Miguel,recording,knock_once,5,-0.069826,7.231866,6.485089,0.026775,-0.011847,-0.032452
805535930.000,Miguel,recording,knock_once,5,-0.164095,7.248482,6.465177,0.004030,-0.015647,-0.030012
805535940.000,Miguel,recording,knock_once,5,-0.154619,7.210621,6.475056,-0.013356,-0.025002,-0.015178
805535950.000,Miguel,recording,knock_once,5,-0.058982,7.169208,6.460290,-0.021488,-0.038217,0.000979
805535960.000,Miguel,recording,knock_once,5,0.064507,7.123169,6.419405,-0.025926,-0.045548,0.009226
805535970.000,Miguel,recording,knock_once,5,0.040169,7.097380,6.393224,-0.032162,-0.036487,0.009276
805535980.000,Miguel,recording,knock_once,5,-0.077148,7.076144,6.466369,-0.039017,-0.012094,0.010871
805535990.000,Miguel,recording,knock_once,5,-0.121425,7.058562,6.545882,-0.040495,0.013165,0.021896
805536000.000,Miguel,recording,knock_once,5,-0.061850,7.055027,6.584504,-0.035341,0.026658,0.037498
805536010.000,Miguel,recording,knock_once,5,0.031478,7.094626,6.573303,-0.031494,0.030995,0.046503
805536020.000,Miguel,recording,knock_once,5,0.130541,7.109815,6.662710,-0.034630,0.038927,0.044095
805536030.000,Miguel,recording,knock_once,5,0.135457,7.051749,6.859547,-0.038809,0.053310,0.031887
805536040.000,Miguel,recording,knock_once,6,0.124718,7.021158,7.025823,-0.035081,0.057990,0.014302
805536050.000,Miguel,recording,knock_once,6,0.145846,7.006204,7.087228,-0.019357,0.041684,-0.002573
805536060.000,Miguel,recording,knock_once,6,0.125695,7.053693,7.032284,0.003055,0.014391,-0.016283
805536070.000,Miguel,recording,knock_once,6,0.070526,7.112258,6.928651,0.021348,-0.006100,-0.025130
805536080.000,Miguel,recording,knock_once,6,-0.026419,7.135342,6.847316,0.031934,-0.010612,-0.024007
805536090.000,Miguel,recording,knock_once,6,-0.118295,7.149941,6.743431,0.037343,-0.006579,-0.009187
805536100.000,Miguel,recording,knock_once,6,-0.127762,7.205759,6.625639,0.037687,-0.006491,0.014646
805536110.000,Miguel,recording,knock_once,6,-0.036406,7.226550,6.504863,0.029814,-0.013444,0.036331
805536120.000,Miguel,recording,knock_once,6,0.069011,7.218442,6.413222,0.012982,-0.021555,0.048328
805536130.000,Miguel,recording,knock_once,6,0.186689,7.149041,6.414156,-0.009521,-0.025109,0.049270
805536140.000,Miguel,recording,knock_once,6,0.200057,7.090490,6.445303,-0.033436,-0.024299,0.041552
805536150.000,Miguel,recording,knock_once,6,0.187328,7.060374,6.501029,-0.054097,-0.021737,0.029301
805536160.000,Miguel,recording,knock_once,6,0.133481,7.036004,6.601700,-0.065275,-0.020154,0.017236
805536170.000,Miguel,recording,knock_once,6,0.117313,7.026815,6.723045,-0.063337,-0.019056,0.008080
805536180.000,Miguel,recording,knock_once,6,0.068793,7.072395,6.782050,-0.050700,-0.014952,0.002806
805536190.000,Miguel,recording,knock_once,6,0.015382,7.128155,6.764622,-0.035102,-0.007522,0.004766
805536200.000,Miguel,recording,knock_once,6,-0.074569,7.152265,6.691178,-0.024460,0.000011,0.014257
805536210.000,Miguel,recording,knock_once,6,-0.112758,7.161783,6.637207,-0.021816,0.005987,0.028316
805536220.000,Miguel,recording,knock_once,6,-0.071367,7.155561,6.645255,-0.024682,0.009500,0.045158
805536230.000,Miguel,recording,knock_once,6,0.055800,7.122196,6.689349,-0.027674,0.007500,0.060215
805536240.000,Miguel,recording,knock_once,6,0.244422,7.084561,6.697692,-0.027971,-0.002176,0.066110
805536250.000,Miguel,recording,knock_once,6,0.409755,7.033406,6.689279,-0.026807,-0.018449,0.057641
805536260.000,Miguel,recording,knock_once,6,0.498403,6.985539,6.627413,-0.027337,-0.035493,0.036630
805536270.000,Miguel,recording,knock_once,6,0.476654,6.972735,6.561180,-0.032522,-0.045147,0.010555
805536280.000,Miguel,recording,knock_once,6,0.347946,6.956650,6.510346,-0.043604,-0.043744,-0.011569
805536290.000,Miguel,recording,knock_once,6,0.281392,6.964642,6.513113,-0.057528,-0.033131,-0.023365
805536300.000,Miguel,recording,knock_once,6,0.260195,6.948779,6.610024,-0.067921,-0.016091,-0.026274
805536310.000,Miguel,recording,knock_once,6,0.275838,6.962427,6.691040,-0.070611,0.005573,-0.026771
805536320.000,Miguel,recording,knock_once,6,0.315171,6.909685,6.771871,-0.066054,0.028909,-0.029804
805536330.000,Miguel,recording,knock_once,6,0.361157,6.900437,6.803586,-0.058657,0.046194,-0.037732
805536340.000,Miguel,recording,knock_once,6,0.364437,6.894944,6.787096,-0.053425,0.051044,-0.050158
805536350.000,Miguel,recording,knock_once,6,0.365392,6.878313,6.768986,-0.052931,0.045148,-0.065117
805536360.000,Miguel,recording,knock_once,6,0.344369,6.859590,6.742194,-0.057125,0.034757,-0.081309
805536370.000,Miguel,recording,knock_once,6,0.330875,6.842300,6.769825,-0.062751,0.024981,-0.097637
805536380.000,Miguel,recording,knock_once,6,0.316142,6.821717,6.834669,-0.064450,0.018546,-0.112602
805536390.000,Miguel,recording,knock_once,6,0.278346,6.818955,6.854780,-0.060673,0.015495,-0.124910
805536400.000,Miguel,recording,knock_once,6,0.237945,6.798762,6.846786,-0.054085,0.012530,-0.134484
805536410.000,Miguel,recording,knock_once,6,0.194289,6.855489,6.844699,-0.045754,0.007125,-0.140482
805536420.000,Miguel,recording,knock_once,6,0.250399,6.874062,6.859246,-0.035978,-0.000789,-0.141569
805536430.000,Miguel,recording,knock_once,6,0.316903,6.885396,6.850000,-0.026716,-0.010320,-0.141413
805536440.000,Miguel,recording,knock_once,6,0.366241,6.909743,6.835410,-0.020171,-0.019551,-0.145683
805536450.000,Miguel,recording,knock_once,6,0.376301,6.923661,6.776834,-0.018086,-0.027089,-0.155041
805536460.000,Miguel,recording,knock_once,6,0.352705,6.909807,6.735509,-0.019404,-0.032022,-0.167905
805536470.000,Miguel,recording,knock_once,6,0.341197,6.914969,6.723030,-0.021272,-0.027107,-0.184042
805536480.000,Miguel,recording,knock_once,6,0.306178,6.920979,6.788670,-0.021167,-0.005524,-0.201681
805536490.000,Miguel,recording,knock_once,6,0.252882,6.903585,6.907453,-0.013971,0.028022,-0.218237
805536500.000,Miguel,recording,knock_once,6,0.201711,6.889839,6.944296,0.004228,0.062662,-0.231623
805536510.000,Miguel,recording,knock_once,6,0.155030,6.895372,6.991317,0.033489,0.088527,-0.239970
805536520.000,Miguel,recording,knock_once,6,0.052946,6.956719,6.965133,0.068921,0.099927,-0.242742
805536530.000,Miguel,recording,knock_once,6,-0.125887,7.095947,6.877962,0.101620,0.103057,-0.238550
805536540.000,Miguel,recording,knock_once,6,-0.313500,7.110114,6.691493,0.131049,0.123405,-0.224746
805536550.000,Miguel,recording,knock_once,6,-0.358709,7.045352,6.371387,0.156598,0.190859,-0.203222
805536560.000,Miguel,recording,knock_once,6,-0.123995,7.057096,6.067632,0.155023,0.314814,-0.203535
805536570.000,Miguel,recording,knock_once,6,0.366724,6.982747,5.670785,0.096955,0.469632,-0.265703
805536580.000,Miguel,recording,knock_once,6,0.499472,6.550899,5.589199,0.000443,0.606440,-0.373727
805536590.000,Miguel,recording,knock_once,6,0.558923,6.355360,5.819740,-0.079546,0.704966,-0.487505
805536600.000,Miguel,recording,knock_once,6,0.661413,6.334896,6.186001,-0.132549,0.729844,-0.608056
805536610.000,Miguel,recording,knock_once,6,0.004201,7.242839,6.235738,-0.248722,0.499730,-0.745216
805536620.000,Miguel,recording,knock_once,6,-2.445557,8.972741,6.645920,-0.457231,-0.006022,-0.808026
805536630.000,Miguel,recording,knock_once,6,-3.964768,8.388355,8.487304,-0.560644,-0.337175,-0.679597
805536640.000,Miguel,recording,knock_once,6,-3.060525,7.215299,8.771312,-0.456585,-0.261677,-0.464952
805536650.000,Miguel,recording,knock_once,6,-1.239668,6.785978,8.197725,-0.272285,-0.071772,-0.345467
805536660.000,Miguel,recording,knock_once,6,0.039258,6.910918,7.756179,-0.097606,0.036739,-0.349455
805536670.000,Miguel,recording,knock_once,6,0.232999,6.834634,7.292197,0.010739,0.113329,-0.410967
805536680.000,Miguel,recording,knock_once,6,-0.246294,6.678632,6.629478,0.002266,0.182030,-0.453500
805536690.000,Miguel,recording,knock_once,6,-0.781241,6.565762,6.542300,-0.065740,0.161358,-0.443412
805536700.000,Miguel,recording,knock_once,6,-1.158344,6.719160,6.364568,-0.135015,0.023773,-0.390177
805536710.000,Miguel,recording,knock_once,6,-1.839381,7.255894,6.183770,-0.227863,-0.158974,-0.295943
805536720.000,Miguel,recording,knock_once,6,-2.444827,7.564132,6.089602,-0.347812,-0.321946,-0.156800
805536730.000,Miguel,recording,knock_once,6,-2.418089,7.519791,5.756073,-0.476101,-0.467140,-0.005928
805536740.000,Miguel,recording,knock_once,6,-2.189788,7.165157,5.310351,-0.620833,-0.611389,0.121204
805536750.000,Miguel,recording,knock_once,6,-1.640782,6.996217,4.761635,-0.811490,-0.733627,0.213653
805536760.000,Miguel,recording,knock_once,6,-1.014310,6.917370,4.552569,-1.057350,-0.828830,0.264930
805536770.000,Miguel,recording,knock_once,6,-0.298505,6.753278,5.438909,-1.305882,-0.909660,0.276143
805536780.000,Miguel,recording,knock_once,6,0.114905,6.369559,7.439089,-1.450943,-0.959182,0.263986
805536790.000,Miguel,recording,knock_once,6,-0.005521,6.154759,9.050279,-1.418797,-0.940440,0.244372
805536800.000,Miguel,recording,knock_once,6,-0.102392,5.905870,9.735359,-1.228908,-0.856683,0.218646
805536810.000,Miguel,recording,knock_once,6,-0.108655,5.688153,9.739415,-0.962404,-0.758301,0.181168
805536820.000,Miguel,recording,knock_once,6,-0.068451,5.659286,9.278468,-0.698038,-0.674663,0.136317
805536830.000,Miguel,recording,knock_once,6,-0.028723,5.704900,8.739746,-0.478164,-0.611502,0.094231
805536840.000,Miguel,recording,knock_once,6,0.072244,5.692293,8.406586,-0.309515,-0.567682,0.055141
805536850.000,Miguel,recording,knock_once,6,0.317479,5.824522,8.259456,-0.180374,-0.535157,0.009871
805536860.000,Miguel,recording,knock_once,6,0.619469,5.954697,8.342994,-0.075962,-0.522958,-0.052377
805536870.000,Miguel,recording,knock_once,6,0.789779,6.133485,8.341468,0.012074,-0.531415,-0.132661
805536880.000,Miguel,recording,knock_once,6,0.445978,6.250140,8.244232,0.072331,-0.467848,-0.215703
805536890.000,Miguel,recording,knock_once,6,-0.338074,5.971882,8.727807,0.105318,-0.232844,-0.280382
805536900.000,Miguel,recording,knock_once,6,-0.443337,5.909419,8.646680,0.161336,0.044318,-0.307111
805536910.000,Miguel,recording,knock_once,6,-0.084180,5.971683,7.870896,0.247850,0.242997,-0.287011
805536920.000,Miguel,recording,knock_once,6,-0.432661,6.287759,8.126399,0.319424,0.413828,-0.238467
805536930.000,Miguel,recording,knock_once,6,-0.379159,6.373178,8.027352,0.357409,0.519217,-0.182543
805536940.000,Miguel,recording,knock_once,6,-0.197236,6.411538,7.971046,0.364479,0.493374,-0.132366
805536950.000,Miguel,recording,knock_once,6,-0.108084,6.462753,7.889548,0.349989,0.370058,-0.103551
805536960.000,Miguel,recording,knock_once,6,0.061781,6.534161,7.624478,0.324192,0.230003,-0.099421
805536970.000,Miguel,recording,knock_once,6,0.059659,6.570507,7.470462,0.301033,0.141585,-0.112082
805536980.000,Miguel,recording,knock_once,6,-0.023912,6.454095,7.322946,0.288720,0.119091,-0.132488
805536990.000,Miguel,recording,knock_once,6,-0.104170,6.439192,7.176892,0.281212,0.128767,-0.152040
805537000.000,Miguel,recording,knock_once,6,-0.229265,6.424554,7.041474,0.266360,0.131932,-0.162360
805537010.000,Miguel,recording,knock_once,6,-0.374979,6.411425,6.930217,0.239763,0.106586,-0.157413
805537020.000,Miguel,recording,knock_once,6,-0.384480,6.404075,6.869653,0.205144,0.049296,-0.138289
805537030.000,Miguel,recording,knock_once,6,-0.250209,6.419136,6.865108,0.169827,-0.027646,-0.113542
805537040.000,Miguel,recording,knock_once,6,-0.118461,6.416599,6.922256,0.143312,-0.097768,-0.094672
805537050.000,Miguel,recording,knock_once,6,-0.037406,6.383711,6.964400,0.132721,-0.135601,-0.089747
805537060.000,Miguel,recording,knock_once,6,-0.030547,6.350928,7.014515,0.138423,-0.142868,-0.099690
805537070.000,Miguel,recording,knock_once,6,-0.140515,6.310859,7.018056,0.150676,-0.144774,-0.117037
805537080.000,Miguel,recording,knock_once,6,-0.315419,6.321121,6.991619,0.156130,-0.162497,-0.130632
805537090.000,Miguel,recording,knock_once,6,-0.400312,6.341878,6.945728,0.145990,-0.193451,-0.136228
805537100.000,Miguel,recording,knock_once,6,-0.416638,6.341513,6.841454,0.115412,-0.215427,-0.136247
805537110.000,Miguel,recording,knock_once,6,-0.363713,6.354752,6.768107,0.065155,-0.211118,-0.132805
805537120.000,Miguel,recording,knock_once,6,-0.342570,6.351890,6.822722,0.002040,-0.186340,-0.127831
805537130.000,Miguel,recording,knock_once,6,-0.364445,6.332785,6.957778,-0.063628,-0.158765,-0.126489
805537140.000,Miguel,recording,knock_once,6,-0.349223,6.301936,7.235397,-0.115556,-0.137456,-0.133478
805537150.000,Miguel,recording,knock_once,6,-0.406854,6.268375,7.499797,-0.137567,-0.118447,-0.146052
805537160.000,Miguel,recording,knock_once,6,-0.563538,6.172046,7.646919,-0.129939,-0.099865,-0.154525
805537170.000,Miguel,recording,knock_once,6,-0.731280,6.127165,7.718068,-0.104769,-0.090177,-0.149198
805537180.000,Miguel,recording,knock_once,6,-0.811441,6.119498,7.763600,-0.072692,-0.093484,-0.126898
805537190.000,Miguel,recording,knock_once,6,-0.790660,6.120177,7.684803,-0.042634,-0.104501,-0.094643
805537200.000,Miguel,recording,knock_once,6,-0.657616,6.122302,7.659320,-0.020743,-0.121109,-0.063820
805537210.000,Miguel,recording,knock_once,6,-0.405697,6.166716,7.711185,-0.007313,-0.144759,-0.042503
805537220.000,Miguel,recording,knock_once,6,-0.077869,6.292330,7.794661,0.001067,-0.164586,-0.038644
805537230.000,Miguel,recording,knock_once,6,0.418485,6.406713,7.811728,0.008798,-0.164982,-0.062362
805537240.000,Miguel,recording,knock_once,6,0.822293,6.490589,7.962469,0.023428,-0.149426,-0.117186
805537250.000,Miguel,recording,knock_once,6,1.406429,6.676890,8.044149,0.052357,-0.116785,-0.190635
805537260.000,Miguel,recording,knock_once,6,0.960320,6.742574,7.584306,0.099543,-0.034526,-0.247268
805537270.000,Miguel,recording,knock_once,6,-0.327598,6.562822,7.132220,0.163652,0.085392,-0.241640
805537280.000,Miguel,recording,knock_once,6,-1.391445,6.416582,7.200806,0.236941,0.130436,-0.178307
805537290.000,Miguel,recording,knock_once,6,-4.887984,5.754661,7.648566,0.321878,-0.043253,-0.113603
805537300.000,Miguel,recording,knock_once,6,-4.352828,5.390336,8.597184,0.428363,-0.392319,-0.030310
805537310.000,Miguel,recording,knock_once,6,-3.266598,7.005834,7.628892,0.533291,-0.626777,0.114262
805537320.000,Miguel,recording,knock_once,6,-1.011656,6.835683,7.581321,0.595253,-0.697041,0.272286
805537330.000,Miguel,recording,knock_once,6,0.697449,6.760043,7.238472,0.604150,-0.716373,0.381381
805537340.000,Miguel,recording,knock_once,6,2.263376,6.690984,7.079929,0.561286,-0.657869,0.404751
805537350.000,Miguel,recording,knock_once,6,2.646847,6.542793,6.522977,0.463386,-0.509246,0.323622
805537360.000,Miguel,recording,knock_once,6,2.665242,6.379505,6.310662,0.321849,-0.298298,0.161036
805537370.000,Miguel,recording,knock_once,6,1.780670,6.498239,6.264362,0.161719,-0.083997,-0.019951
805537380.000,Miguel,recording,knock_once,6,0.769872,6.672098,6.312437,0.006413,0.086455,-0.153730
805537390.000,Miguel,recording,knock_once,6,-0.066697,6.662443,6.373677,-0.130583,0.184864,-0.207245
805537400.000,Miguel,recording,knock_once,6,-0.459873,6.534020,6.440127,-0.243765,0.209225,-0.186114
805537410.000,Miguel,recording,knock_once,6,-0.551906,6.407892,6.605309,-0.329537,0.183275,-0.118928
805537420.000,Miguel,recording,knock_once,6,-0.698805,6.303659,6.849537,-0.381645,0.131968,-0.038493
805537430.000,Miguel,recording,knock_once,6,-0.811287,6.203825,7.179743,-0.393353,0.065533,0.028623
805537440.000,Miguel,recording,knock_once,6,-0.766612,5.993863,7.558106,-0.358360,-0.014251,0.066218
805537450.000,Miguel,recording,knock_once,6,-0.737219,6.068926,7.940220,-0.274460,-0.099685,0.082324
805537460.000,Miguel,recording,knock_once,6,-0.637556,6.292962,8.206676,-0.149269,-0.179142,0.101074
805537470.000,Miguel,recording,knock_once,6,-0.438319,6.407665,8.277217,-0.003231,-0.242001,0.132156
805537480.000,Miguel,recording,knock_once,6,-0.140320,6.358392,8.091911,0.133670,-0.274393,0.163402
805537490.000,Miguel,recording,knock_once,6,0.176602,6.399612,7.843136,0.239569,-0.272487,0.178816
805537500.000,Miguel,recording,knock_once,6,0.367863,6.555840,7.586308,0.307287,-0.244664,0.174210
805537510.000,Miguel,recording,knock_once,6,0.402108,6.751612,7.368193,0.337282,-0.201667,0.153557
805537520.000,Miguel,recording,knock_once,6,0.427138,6.865784,7.254766,0.334601,-0.157845,0.122333
805537530.000,Miguel,recording,knock_once,6,0.409942,6.919367,7.175280,0.307905,-0.119996,0.085876
805537540.000,Miguel,recording,knock_once,6,0.235149,6.910728,7.123106,0.267592,-0.081859,0.049010
805537550.000,Miguel,recording,knock_once,6,0.191723,6.904250,7.030959,0.218280,-0.036497,0.016652
805537560.000,Miguel,recording,knock_once,6,0.174569,6.882134,6.931580,0.160869,0.018251,-0.007362
805537570.000,Miguel,recording,knock_once,6,0.169143,6.838892,6.883800,0.101759,0.075502,-0.020224
805537580.000,Miguel,recording,knock_once,6,0.167640,6.769914,6.920242,0.052598,0.120662,-0.019288
805537590.000,Miguel,recording,knock_once,6,0.124238,6.688629,6.977331,0.023106,0.142422,-0.008589
805537600.000,Miguel,recording,knock_once,6,0.112298,6.611837,7.037417,0.014151,0.136846,0.001659
805537610.000,Miguel,recording,knock_once,6,0.267352,6.553937,7.059671,0.021316,0.110712,0.003327
805537620.000,Miguel,recording,knock_once,6,0.306596,6.570536,6.998246,0.038639,0.081823,-0.003203
805537630.000,Miguel,recording,knock_once,6,0.235693,6.597092,6.900523,0.058332,0.063856,-0.009826
805537640.000,Miguel,recording,knock_once,6,0.086396,6.563632,6.846122,0.074757,0.054632,-0.008722
805537650.000,Miguel,recording,knock_once,6,-0.078080,6.530853,6.760061,0.084469,0.045592,0.004926
805537660.000,Miguel,recording,knock_once,6,-0.229768,6.538313,6.668925,0.083906,0.031653,0.032500
805537670.000,Miguel,recording,knock_once,6,-0.300741,6.541023,6.640164,0.070400,0.002417,0.069641
805537680.000,Miguel,recording,knock_once,6,-0.028359,6.635734,6.752864,0.043314,-0.053225,0.104393
805537690.000,Miguel,recording,knock_once,6,0.387624,6.730357,6.789410,0.006407,-0.110874,0.122120
805537700.000,Miguel,recording,knock_once,6,0.578631,6.775969,6.839499,-0.031598,-0.128251,0.115505
805537710.000,Miguel,recording,knock_once,6,0.642507,6.794783,6.979506,-0.062481,-0.096352,0.088830
805537720.000,Miguel,recording,knock_once,6,0.615147,6.835546,7.110524,-0.086747,-0.033363,0.051583
805537730.000,Miguel,recording,knock_once,6,0.533739,6.851129,7.089512,-0.112056,0.045959,0.011923
805537740.000,Miguel,recording,knock_once,6,0.282612,6.867936,7.094141,-0.139243,0.131803,-0.020089
805537750.000,Miguel,recording,knock_once,6,-0.052453,6.857773,7.167838,-0.158935,0.202592,-0.030295
805537760.000,Miguel,recording,knock_once,6,-0.239798,6.799434,7.313520,-0.162186,0.229428,-0.011985
805537770.000,Miguel,recording,knock_once,6,-0.228331,6.757160,7.536489,-0.145460,0.199383,0.022568
805537780.000,Miguel,recording,knock_once,6,-0.100661,6.723273,7.591163,-0.110630,0.136169,0.051768
805537790.000,Miguel,recording,knock_once,6,0.002295,6.691184,7.555327,-0.062012,0.078558,0.062043
805537800.000,Miguel,recording,knock_once,6,0.130860,6.643518,7.510271,-0.004791,0.041805,0.052215
805537810.000,Miguel,recording,knock_once,6,0.231929,6.625065,7.468140,0.052128,0.019464,0.030147
805537820.000,Miguel,recording,knock_once,6,0.258188,6.625268,7.403468,0.098621,0.002917,0.003981
805537830.000,Miguel,recording,knock_once,6,0.233679,6.602226,7.276058,0.130511,-0.006725,-0.020306
805537840.000,Miguel,recording,knock_once,6,0.148300,6.586063,7.144658,0.149086,-0.001013,-0.035490
805537850.000,Miguel,recording,knock_once,6,-0.010247,6.558469,7.034714,0.156980,0.019924,-0.037116
805537860.000,Miguel,recording,knock_once,6,-0.089366,6.557368,6.958068,0.155213,0.040567,-0.025068
805537870.000,Miguel,recording,knock_once,6,-0.054669,6.625748,6.882723,0.141530,0.043922,-0.004962
805537880.000,Miguel,recording,knock_once,6,-0.021309,6.679913,6.796656,0.114808,0.027936,0.012733
805537890.000,Miguel,recording,knock_once,6,0.047157,6.675942,6.732959,0.076986,0.006132,0.020164
805537900.000,Miguel,recording,knock_once,6,0.065690,6.700164,6.695498,0.032643,-0.003399,0.018016
805537910.000,Miguel,recording,knock_once,6,0.087110,6.748473,6.666316,-0.011003,0.007735,0.013461
805537920.000,Miguel,recording,knock_once,6,0.078036,6.749708,6.737252,-0.048691,0.032764,0.010786
805537930.000,Miguel,recording,knock_once,6,0.100323,6.688358,6.808961,-0.078158,0.057555,0.008940
805537940.000,Miguel,recording,knock_once,6,0.060529,6.641397,6.901458,-0.097677,0.070399,0.008564
805537950.000,Miguel,recording,knock_once,6,0.021347,6.659443,7.003273,-0.105935,0.066718,0.012019
805537960.000,Miguel,recording,knock_once,6,0.077675,6.684130,7.080012,-0.104779,0.048983,0.018434
805537970.000,Miguel,recording,knock_once,6,0.130873,6.683806,7.100216,-0.099110,0.025462,0.024139
805537980.000,Miguel,recording,knock_once,6,0.173690,6.701814,7.096089,-0.092267,0.003645,0.026566
805537990.000,Miguel,recording,knock_once,6,0.186016,6.746338,7.121237,-0.084864,-0.014840,0.026898
805538000.000,Miguel,recording,knock_once,6,0.168533,6.783471,7.154428,-0.077549,-0.031930,0.026378
805538010.000,Miguel,recording,knock_once,6,0.222271,6.782165,7.262753,-0.069388,-0.049866,0.022750
805538020.000,Miguel,recording,knock_once,6,0.255585,6.753643,7.292004,-0.058519,-0.063346,0.015188
805538030.000,Miguel,recording,knock_once,6,0.321112,6.778171,7.275810,-0.046174,-0.060840,0.003175
805538040.000,Miguel,recording,knock_once,6,0.376550,6.785871,7.252358,-0.034451,-0.042584,-0.013749
805538050.000,Miguel,recording,knock_once,6,0.367670,6.792923,7.282231,-0.023126,-0.021719,-0.032069
805538060.000,Miguel,recording,knock_once,6,0.310716,6.804507,7.290497,-0.010961,-0.008662,-0.046826
805538070.000,Miguel,recording,knock_once,6,0.226164,6.866753,7.310438,0.003351,-0.004146,-0.055893
805538080.000,Miguel,recording,knock_once,6,0.203405,6.876791,7.253512,0.019176,-0.003762,-0.061357
805538090.000,Miguel,recording,knock_once,6,0.167182,6.887895,7.207089,0.033977,-0.006797,-0.063234
805538100.000,Miguel,recording,knock_once,6,0.135590,6.970551,7.152732,0.047092,-0.017485,-0.057876
805538110.000,Miguel,recording,knock_once,6,0.174359,7.114245,7.108400,0.056931,-0.038643,-0.044551
805538120.000,Miguel,recording,knock_once,6,0.319850,7.239201,7.032645,0.060226,-0.069213,-0.029474
805538130.000,Miguel,recording,knock_once,6,0.653746,7.234572,6.990199,0.055822,-0.105839,-0.023034
805538140.000,Miguel,recording,knock_once,6,0.972347,7.199176,7.010194,0.046987,-0.138597,-0.033479
805538150.000,Miguel,recording,knock_once,6,1.149091,7.205921,7.014907,0.041205,-0.150421,-0.061120
805538160.000,Miguel,recording,knock_once,6,1.113870,7.340068,7.055349,0.046050,-0.135969,-0.095158
805538170.000,Miguel,recording,knock_once,6,1.017703,7.571511,7.157742,0.063451,-0.113239,-0.119351
805538180.000,Miguel,recording,knock_once,6,0.984914,7.808125,7.238859,0.088992,-0.106355,-0.127150
805538190.000,Miguel,recording,knock_once,6,1.109157,7.925070,7.208168,0.115857,-0.122859,-0.130627
805538200.000,Miguel,recording,knock_once,6,1.299506,7.848159,7.149504,0.140594,-0.150428,-0.149339
805538210.000,Miguel,recording,knock_once,6,1.403496,7.723760,7.110281,0.163895,-0.172729,-0.190555
805538220.000,Miguel,recording,knock_once,6,1.327447,7.579697,7.122911,0.189876,-0.182872,-0.246669
805538230.000,Miguel,recording,knock_once,6,1.135448,7.351219,7.134665,0.222092,-0.186686,-0.304799
805538240.000,Miguel,recording,knock_once,6,0.906247,7.132536,7.186525,0.260275,-0.196615,-0.351953
805538250.000,Miguel,recording,knock_once,6,0.657084,6.917804,7.180294,0.302859,-0.217863,-0.380592
805538260.000,Miguel,recording,knock_once,6,0.298010,6.733091,7.096229,0.346926,-0.244750,-0.387517
805538270.000,Miguel,recording,knock_once,6,-0.024280,6.640497,6.986666,0.388927,-0.273639,-0.370009
805538280.000,Miguel,recording,knock_once,6,-0.168125,6.634750,6.947199,0.424812,-0.313450,-0.329963
805538290.000,Miguel,recording,knock_once,6,-0.184047,6.600795,6.906117,0.451892,-0.376052,-0.277517
805538300.000,Miguel,recording,knock_once,6,-0.065580,6.559576,6.953249,0.472667,-0.459148,-0.230335
805538310.000,Miguel,recording,knock_once,6,0.096448,6.580222,7.040167,0.494752,-0.545220,-0.205044
805538320.000,Miguel,recording,knock_once,6,0.235629,6.661205,7.123160,0.525419,-0.611941,-0.207505
805538330.000,Miguel,recording,knock_once,6,0.301868,6.775351,7.121846,0.562993,-0.641928,-0.230866
805538340.000,Miguel,recording,knock_once,6,0.303239,6.860787,7.014567,0.591634,-0.628758,-0.264918
805538350.000,Miguel,recording,knock_once,6,0.250734,6.888517,6.801898,0.593579,-0.577213,-0.302623
805538360.000,Miguel,recording,knock_once,6,0.090696,6.889257,6.591838,0.563409,-0.497191,-0.337055
805538370.000,Miguel,recording,knock_once,6,-0.135353,6.862177,6.449706,0.508602,-0.400265,-0.359737
805538380.000,Miguel,recording,knock_once,6,-0.399478,6.849634,6.386391,0.440965,-0.300545,-0.362505
805538390.000,Miguel,recording,knock_once,6,-0.555471,6.836116,6.307417,0.368775,-0.210657,-0.343723
805538400.000,Miguel,recording,knock_once,6,-0.521368,6.834175,6.200149,0.295758,-0.139373,-0.309787
805538410.000,Miguel,recording,knock_once,6,-0.425507,6.835585,6.159838,0.226532,-0.088792,-0.271287
805538420.000,Miguel,recording,knock_once,6,-0.336200,6.821537,6.173803,0.172244,-0.054996,-0.239870
805538430.000,Miguel,recording,knock_once,6,-0.309665,6.750073,6.266913,0.142930,-0.037301,-0.221693
805538440.000,Miguel,recording,knock_once,6,-0.308056,6.629770,6.358789,0.139438,-0.038997,-0.215058
805538450.000,Miguel,recording,knock_once,6,-0.304879,6.542990,6.393196,0.154327,-0.060730,-0.213199
805538460.000,Miguel,recording,knock_once,6,-0.349102,6.534697,6.375343,0.177582,-0.096335,-0.207418
805538470.000,Miguel,recording,knock_once,6,-0.411817,6.602171,6.335286,0.202862,-0.134122,-0.193040
805538480.000,Miguel,recording,knock_once,6,-0.524606,6.694259,6.226314,0.224127,-0.160758,-0.172267
805538490.000,Miguel,recording,knock_once,6,-0.558598,6.741171,6.059562,0.230167,-0.171208,-0.149774
805538500.000,Miguel,recording,knock_once,6,-0.548041,6.786772,5.887370,0.210030,-0.169786,-0.126400
805538510.000,Miguel,recording,knock_once,6,-0.522800,6.893146,5.769147,0.161227,-0.158709,-0.100382
805538520.000,Miguel,recording,knock_once,6,-0.504513,6.997645,5.743362,0.092632,-0.139763,-0.072355
805538530.000,Miguel,recording,knock_once,6,-0.498875,7.046027,5.800916,0.017483,-0.120951,-0.044507
805538540.000,Miguel,recording,knock_once,6,-0.412540,7.072354,5.979745,-0.053745,-0.114382,-0.020114
805538550.000,Miguel,recording,knock_once,6,-0.262830,7.077796,6.195341,-0.110761,-0.122636,-0.004537
805538560.000,Miguel,recording,knock_once,6,-0.193352,7.059441,6.375650,-0.147307,-0.129015,-0.000483
805538570.000,Miguel,recording,knock_once,6,-0.168419,7.061964,6.467264,-0.165727,-0.116599,-0.005663
805538580.000,Miguel,recording,knock_once,6,-0.142201,7.090156,6.561471,-0.170472,-0.089125,-0.015026
805538590.000,Miguel,recording,knock_once,6,-0.154644,7.130791,6.599907,-0.167204,-0.060350,-0.024152
805538600.000,Miguel,recording,knock_once,6,-0.241212,7.137071,6.600768,-0.161817,-0.036553,-0.032000
805538610.000,Miguel,recording,knock_once,6,-0.276962,7.103460,6.595793,-0.156035,-0.022176,-0.035578
805538620.000,Miguel,recording,knock_once,6,-0.355748,7.116433,6.631546,-0.149888,-0.022463,-0.029317
805538630.000,Miguel,recording,knock_once,6,-0.428601,7.104982,6.679739,-0.143475,-0.033968,-0.011275
805538640.000,Miguel,recording,knock_once,6,-0.472025,7.099561,6.710930,-0.135440,-0.044847,0.015655
805538650.000,Miguel,recording,knock_once,6,-0.485338,7.091335,6.730048,-0.123868,-0.046605,0.048976
805538660.000,Miguel,recording,knock_once,6,-0.449820,7.094199,6.739319,-0.109442,-0.043483,0.086959
805538670.000,Miguel,recording,knock_once,6,-0.311278,7.096714,6.724926,-0.092753,-0.045512,0.125714
805538680.000,Miguel,recording,knock_once,6,-0.142369,7.084926,6.753950,-0.073606,-0.057425,0.159027
805538690.000,Miguel,recording,knock_once,6,-0.005917,7.114195,6.773911,-0.053106,-0.074063,0.180410
805538700.000,Miguel,recording,knock_once,6,0.097602,7.133600,6.777293,-0.034135,-0.083548,0.189126
805538710.000,Miguel,recording,knock_once,6,0.235408,7.182481,6.732189,-0.021176,-0.077271,0.189659
805538720.000,Miguel,recording,knock_once,6,0.354396,7.194192,6.640170,-0.017726,-0.055066,0.184763
805538730.000,Miguel,recording,knock_once,6,0.444373,7.248249,6.578458,-0.024446,-0.022670,0.174430
805538740.000,Miguel,recording,knock_once,6,0.378459,7.262353,6.629215,-0.034615,0.010013,0.163370
805538750.000,Miguel,recording,knock_once,6,0.177432,7.258970,6.836898,-0.029865,0.030417,0.164518
805538760.000,Miguel,recording,knock_once,6,0.036095,7.260505,7.043871,0.008853,0.031207,0.186537
805538770.000,Miguel,recording,knock_once,6,0.058327,7.312894,7.115369,0.083903,0.011423,0.220942
805538780.000,Miguel,recording,knock_once,6,0.304890,7.408198,6.979083,0.176688,-0.028935,0.248815
805538790.000,Miguel,recording,knock_once,6,0.657515,7.520514,6.698309,0.257996,-0.083777,0.254645
805538800.000,Miguel,recording,knock_once,6,0.907784,7.637199,6.293474,0.300766,-0.136594,0.228532
805538810.000,Miguel,recording,knock_once,6,1.072831,7.721790,5.929241,0.289805,-0.169834,0.172567
805538820.000,Miguel,recording,knock_once,6,1.176336,7.782306,5.646556,0.223316,-0.179277,0.104531
805538830.000,Miguel,recording,knock_once,6,1.252331,7.803069,5.543271,0.110410,-0.173734,0.043305
805538840.000,Miguel,recording,knock_once,6,1.336510,7.779214,5.656763,-0.027411,-0.160728,-0.004740
805538850.000,Miguel,recording,knock_once,6,1.385288,7.674035,6.000980,-0.158739,-0.139625,-0.044726
805538860.000,Miguel,recording,knock_once,6,1.348011,7.566389,6.433323,-0.253752,-0.104751,-0.082205
805538870.000,Miguel,recording,knock_once,6,1.249597,7.505790,6.797814,-0.295811,-0.054540,-0.119361
805538880.000,Miguel,recording,knock_once,6,1.164477,7.469483,7.044664,-0.284762,0.001176,-0.155373
805538890.000,Miguel,recording,knock_once,6,0.985804,7.431246,7.179755,-0.233307,0.046612,-0.186677
805538900.000,Miguel,recording,knock_once,6,0.775386,7.428336,7.219339,-0.156107,0.069784,-0.207426
805538910.000,Miguel,recording,knock_once,6,0.595986,7.514038,7.223851,-0.063626,0.062700,-0.210204
805538920.000,Miguel,recording,knock_once,6,0.455430,7.604467,7.156185,0.034536,0.028749,-0.195415
805538930.000,Miguel,recording,knock_once,6,0.349088,7.597461,6.967239,0.125279,-0.014042,-0.175693
805538940.000,Miguel,recording,knock_once,6,0.325790,7.564782,6.787381,0.196629,-0.049237,-0.164509
805538950.000,Miguel,recording,knock_once,6,0.287126,7.528230,6.547340,0.243803,-0.065879,-0.164750
805538960.000,Miguel,recording,knock_once,6,0.194948,7.477715,6.332630,0.267332,-0.056727,-0.170713
805538970.000,Miguel,recording,knock_once,6,0.090959,7.419204,6.087165,0.265244,-0.024232,-0.175552
805538980.000,Miguel,recording,knock_once,6,0.084252,7.330780,5.810660,0.231150,0.020640,-0.176124
805538990.000,Miguel,recording,knock_once,6,0.033885,7.224127,5.622904,0.166215,0.061488,-0.171991
805539000.000,Miguel,recording,knock_once,6,-0.062907,7.130015,5.557977,0.080975,0.083637,-0.161111
805539010.000,Miguel,recording,knock_once,6,-0.164492,7.049928,5.669536,-0.011041,0.079062,-0.138935
805539020.000,Miguel,recording,knock_once,6,-0.180135,7.018655,5.827755,-0.096204,0.048662,-0.104831
805539030.000,Miguel,recording,knock_once,6,-0.141170,6.968464,6.058120,-0.163741,0.009011,-0.066772
805539040.000,Miguel,recording,knock_once,6,-0.024924,6.910086,6.234598,-0.208286,-0.019030,-0.035874
805539050.000,Miguel,recording,knock_once,6,0.164872,6.882339,6.420784,-0.231673,-0.028430,-0.020012
805539060.000,Miguel,recording,knock_once,6,0.326191,6.932726,6.512307,-0.241422,-0.023025,-0.021423
805539070.000,Miguel,recording,knock_once,6,0.341570,7.017547,6.635609,-0.243713,-0.007906,-0.034331
805539080.000,Miguel,recording,knock_once,7,0.242283,7.095804,6.710326,-0.241082,0.017803,-0.048297
805539090.000,Miguel,recording,knock_once,7,0.127399,7.161923,6.735548,-0.234317,0.056997,-0.055157
805539100.000,Miguel,recording,knock_once,7,0.008589,7.245200,6.768335,-0.223823,0.103242,-0.051191
805539110.000,Miguel,recording,knock_once,7,-0.044960,7.373101,6.820271,-0.210664,0.142605,-0.037560
805539120.000,Miguel,recording,knock_once,7,-0.026515,7.407404,6.911309,-0.193185,0.161197,-0.020007
805539130.000,Miguel,recording,knock_once,7,0.059658,7.407856,7.002041,-0.166517,0.151063,-0.006045
805539140.000,Miguel,recording,knock_once,7,0.141248,7.388263,7.066164,-0.127673,0.117548,-0.000495
805539150.000,Miguel,recording,knock_once,7,0.231253,7.407089,7.070666,-0.073226,0.067535,-0.005064
805539160.000,Miguel,recording,knock_once,7,0.346052,7.406557,7.004987,-0.002358,0.006857,-0.020420
805539170.000,Miguel,recording,knock_once,7,0.490559,7.369570,6.851163,0.075770,-0.046734,-0.048395
805539180.000,Miguel,recording,knock_once,7,0.697885,7.295696,6.752811,0.150331,-0.080744,-0.089739
805539190.000,Miguel,recording,knock_once,7,0.800921,7.248540,6.702316,0.214338,-0.097782,-0.139056
805539200.000,Miguel,recording,knock_once,7,0.697322,7.243352,6.673727,0.262279,-0.094038,-0.186445
805539210.000,Miguel,recording,knock_once,7,0.441226,7.211488,6.596824,0.290257,-0.051197,-0.221534
805539220.000,Miguel,recording,knock_once,7,0.160846,7.148553,6.465911,0.295310,0.031922,-0.234858
805539230.000,Miguel,recording,knock_once,7,-0.033378,7.136865,6.335647,0.277541,0.126602,-0.219668
805539240.000,Miguel,recording,knock_once,7,-0.155837,7.180620,6.197938,0.244300,0.202522,-0.177362
805539250.000,Miguel,recording,knock_once,7,-0.216275,7.265463,6.096456,0.204838,0.240961,-0.119892
805539260.000,Miguel,recording,knock_once,7,-0.168550,7.345762,6.015489,0.163099,0.231318,-0.064722
805539270.000,Miguel,recording,knock_once,7,-0.144859,7.401669,5.961717,0.118839,0.179211,-0.022439
805539280.000,Miguel,recording,knock_once,7,-0.255449,7.406035,5.888280,0.065458,0.119971,0.019487
805539290.000,Miguel,recording,knock_once,7,-0.485976,7.352467,5.800898,-0.010433,0.101991,0.089450
805539300.000,Miguel,recording,knock_once,7,-0.582111,7.261174,5.776363,-0.112286,0.139815,0.191268
805539310.000,Miguel,recording,knock_once,7,-0.409984,7.172122,5.942828,-0.217042,0.191689,0.286607
805539320.000,Miguel,recording,knock_once,7,-0.047747,7.194641,6.307688,-0.285543,0.205571,0.329307
805539330.000,Miguel,recording,knock_once,7,0.323633,7.308284,6.714765,-0.292511,0.178288,0.306412
805539340.000,Miguel,recording,knock_once,7,0.534511,7.351036,7.035641,-0.243597,0.143448,0.239040
805539350.000,Miguel,recording,knock_once,7,0.630709,7.343270,7.149573,-0.163972,0.120628,0.155008
805539360.000,Miguel,recording,knock_once,7,0.634594,7.336098,7.068155,-0.079346,0.101788,0.068208
805539370.000,Miguel,recording,knock_once,7,0.594617,7.365881,6.862746,-0.008654,0.067609,-0.018798
805539380.000,Miguel,recording,knock_once,7,0.312945,7.340738,6.646361,0.038664,0.007168,-0.098925
805539390.000,Miguel,recording,knock_once,7,-0.080327,7.276650,6.470180,0.061198,-0.072477,-0.158579
805539400.000,Miguel,recording,knock_once,7,-0.337094,7.240213,6.261932,0.061052,-0.159419,-0.188362
805539410.000,Miguel,recording,knock_once,7,-0.421688,7.237512,6.016635,0.039565,-0.252719,-0.187005
805539420.000,Miguel,recording,knock_once,7,-0.252848,7.222096,5.726485,-0.004119,-0.364232,-0.164978
805539430.000,Miguel,recording,knock_once,7,-0.153380,7.107289,5.429005,-0.076753,-0.493180,-0.136231
805539440.000,Miguel,recording,knock_once,7,-0.114719,7.194494,5.192240,-0.178468,-0.627317,-0.089876
805539450.000,Miguel,recording,knock_once,7,0.187019,7.545775,5.470424,-0.279167,-0.773733,-0.014267
805539460.000,Miguel,recording,knock_once,7,0.710717,7.580285,5.645784,-0.343062,-0.923844,0.053017
805539470.000,Miguel,recording,knock_once,7,1.204922,7.544620,5.737277,-0.359234,-1.048357,0.064762
805539480.000,Miguel,recording,knock_once,7,1.202919,7.631034,5.665070,-0.349117,-1.107745,0.028051
805539490.000,Miguel,recording,knock_once,7,1.072490,7.610010,5.155745,-0.389881,-1.004832,0.008786
805539500.000,Miguel,recording,knock_once,7,1.595995,7.460996,4.477665,-0.565986,-0.654348,0.048414
805539510.000,Miguel,recording,knock_once,7,2.306098,7.199482,4.813389,-0.827786,-0.189870,0.082710
805539520.000,Miguel,recording,knock_once,7,2.600955,7.106794,5.904962,-1.020523,0.113348,0.033271
805539530.000,Miguel,recording,knock_once,7,2.321754,7.355269,6.942729,-1.056504,0.215787,-0.088492
805539540.000,Miguel,recording,knock_once,7,1.790878,7.371137,8.227149,-0.946404,0.370455,-0.227182
805539550.000,Miguel,recording,knock_once,7,1.175277,6.829795,9.939534,-0.733086,0.730050,-0.344248
805539560.000,Miguel,recording,knock_once,7,0.393061,6.257190,10.747293,-0.455066,1.125370,-0.411527
805539570.000,Miguel,recording,knock_once,7,-0.484746,5.904388,10.442785,-0.151774,1.382392,-0.400296
805539580.000,Miguel,recording,knock_once,7,-1.407781,5.893477,9.357125,0.130175,1.479619,-0.303374
805539590.000,Miguel,recording,knock_once,7,-2.305037,6.305558,8.202251,0.341115,1.420707,-0.145473
805539600.000,Miguel,recording,knock_once,7,-2.868173,6.620953,7.397130,0.457596,1.234831,0.027453
805539610.000,Miguel,recording,knock_once,7,-2.774199,6.481373,6.865292,0.491508,0.965662,0.164506
805539620.000,Miguel,recording,knock_once,7,-2.541603,6.282162,6.683199,0.471393,0.672847,0.246076
805539630.000,Miguel,recording,knock_once,7,-2.224795,6.180192,6.711078,0.424162,0.423032,0.291707
805539640.000,Miguel,recording,knock_once,7,-1.809187,6.323717,6.729334,0.348751,0.248321,0.314466
805539650.000,Miguel,recording,knock_once,7,-1.105799,6.512002,6.815015,0.235216,0.172222,0.295229
805539660.000,Miguel,recording,knock_once,7,-0.314995,6.640365,6.977286,0.063306,0.226530,0.221912
805539670.000,Miguel,recording,knock_once,7,0.164154,6.618877,6.579202,-0.171038,0.391530,0.120485
805539680.000,Miguel,recording,knock_once,7,0.643042,6.672225,7.209064,-0.372626,0.551381,0.015305
805539690.000,Miguel,recording,knock_once,7,0.988149,6.647685,6.970156,-0.483777,0.576686,-0.089048
805539700.000,Miguel,recording,knock_once,7,0.901785,6.765003,7.210536,-0.532044,0.476786,-0.196090
805539710.000,Miguel,recording,knock_once,7,0.490929,6.877150,7.358399,-0.539941,0.344135,-0.307542
805539720.000,Miguel,recording,knock_once,7,-0.112473,6.847577,7.466647,-0.534806,0.222685,-0.411490
805539730.000,Miguel,recording,knock_once,7,-0.575267,6.635854,7.114666,-0.537675,0.130475,-0.493149
805539740.000,Miguel,recording,knock_once,7,-0.838530,6.313848,6.586718,-0.566264,0.089650,-0.541909
805539750.000,Miguel,recording,knock_once,7,-0.983707,6.063699,6.139956,-0.631298,0.133328,-0.549306
805539760.000,Miguel,recording,knock_once,7,-0.968070,5.934054,6.113956,-0.738603,0.288323,-0.521014
805539770.000,Miguel,recording,knock_once,7,-0.931010,5.775062,6.376491,-0.875326,0.540790,-0.475338
805539780.000,Miguel,recording,knock_once,7,-1.276018,5.917292,6.819346,-1.018292,0.839928,-0.406538
805539790.000,Miguel,recording,knock_once,7,-1.862851,6.161117,7.113813,-1.144115,1.086284,-0.293724
805539800.000,Miguel,recording,knock_once,7,-2.278768,6.162274,7.499978,-1.206880,1.206537,-0.136546
805539810.000,Miguel,recording,knock_once,7,-2.426753,6.136936,8.017349,-1.159160,1.218034,0.046105
805539820.000,Miguel,recording,knock_once,7,-2.227714,6.106461,8.651191,-0.991012,1.167251,0.220928
805539830.000,Miguel,recording,knock_once,7,-1.571758,6.051363,9.007648,-0.737917,1.085300,0.348535
805539840.000,Miguel,recording,knock_once,7,-0.797961,6.041034,8.839491,-0.466757,0.973806,0.408344
805539850.000,Miguel,recording,knock_once,7,-0.188852,6.320243,8.558879,-0.241248,0.845036,0.415246
805539860.000,Miguel,recording,knock_once,7,-0.206883,6.720195,8.644761,-0.069875,0.754208,0.394505
805539870.000,Miguel,recording,knock_once,7,-0.345039,6.790766,9.419735,0.099079,0.790298,0.367762
805539880.000,Miguel,recording,knock_once,7,-0.395927,6.564607,10.003925,0.308272,0.937459,0.373038
805539890.000,Miguel,recording,knock_once,7,-0.331872,6.229751,9.948364,0.549531,1.058148,0.424013
805539900.000,Miguel,recording,knock_once,7,-0.537191,6.025680,9.043733,0.789307,1.080945,0.476273
805539910.000,Miguel,recording,knock_once,7,-1.111050,6.030757,7.678063,0.968396,1.015960,0.484105
805539920.000,Miguel,recording,knock_once,7,-1.937870,6.347126,6.414159,1.007751,0.896821,0.456075
805539930.000,Miguel,recording,knock_once,7,-2.664889,6.901875,5.648178,0.880180,0.784274,0.437416
805539940.000,Miguel,recording,knock_once,7,-3.050471,7.274945,5.520845,0.652215,0.726372,0.445486
805539950.000,Miguel,recording,knock_once,7,-2.993820,7.220503,5.715553,0.425655,0.740535,0.454479
805539960.000,Miguel,recording,knock_once,7,-2.503368,6.906588,5.983162,0.250878,0.848465,0.437428
805539970.000,Miguel,recording,knock_once,7,-1.933767,6.626624,6.107862,0.127878,1.034283,0.379595
805539980.000,Miguel,recording,knock_once,7,-1.590285,6.610032,6.666500,0.089500,1.186291,0.273603
805539990.000,Miguel,recording,knock_once,7,-1.523195,6.992476,8.932882,0.219014,1.177347,0.144298
805540000.000,Miguel,recording,knock_once,7,-2.011189,7.125402,9.427178,0.458300,0.968022,0.075398
805540010.000,Miguel,recording,knock_once,7,-2.483995,7.365249,8.072535,0.640604,0.622804,0.104829
805540020.000,Miguel,recording,knock_once,7,-2.541534,6.711936,7.269295,0.775480,0.284582,0.141971
805540030.000,Miguel,recording,knock_once,7,-2.819998,6.602145,6.189651,0.868976,-0.017222,0.152867
805540040.000,Miguel,recording,knock_once,7,-3.090869,6.277510,5.488059,0.883259,-0.262750,0.172892
805540050.000,Miguel,recording,knock_once,7,-3.373903,6.367414,4.661821,0.830255,-0.420788,0.212978
805540060.000,Miguel,recording,knock_once,7,-3.358179,6.594229,4.180300,0.687098,-0.568260,0.293517
805540070.000,Miguel,recording,knock_once,7,-2.936836,7.069856,3.654915,0.449408,-0.704776,0.409887
805540080.000,Miguel,recording,knock_once,7,-2.292177,8.700440,2.873926,0.130847,-0.777599,0.516400
805540090.000,Miguel,recording,knock_once,7,-1.442178,8.887564,3.136620,-0.192591,-0.799570,0.548574
805540100.000,Miguel,recording,knock_once,7,-0.765064,8.237257,4.119427,-0.444135,-0.829090,0.491088
805540110.000,Miguel,recording,knock_once,7,-0.809719,7.568728,4.970056,-0.633636,-0.854314,0.411160
805540120.000,Miguel,recording,knock_once,7,-0.984296,7.286210,5.993945,-0.770156,-0.805476,0.366839
805540130.000,Miguel,recording,knock_once,7,-1.246682,6.873403,7.331997,-0.821804,-0.664911,0.365864
805540140.000,Miguel,recording,knock_once,7,-1.508839,6.300878,8.212256,-0.773976,-0.452338,0.404825
805540150.000,Miguel,recording,knock_once,7,-1.682983,5.783063,7.585083,-0.677101,-0.239261,0.474796
805540160.000,Miguel,recording,knock_once,7,-1.835672,6.133510,7.727521,-0.579105,-0.165920,0.563727
805540170.000,Miguel,recording,knock_once,7,-1.656159,6.276437,8.152282,-0.455763,-0.281802,0.635489
805540180.000,Miguel,recording,knock_once,7,-1.288500,6.410931,8.686977,-0.275247,-0.516343,0.643156
805540190.000,Miguel,recording,knock_once,7,-0.811773,6.590700,9.040875,-0.051312,-0.779956,0.580756
805540200.000,Miguel,recording,knock_once,7,-0.534324,6.642957,8.867808,0.160689,-0.975643,0.479286
805540210.000,Miguel,recording,knock_once,7,-0.339599,6.551847,8.225610,0.296001,-0.997561,0.374093
805540220.000,Miguel,recording,knock_once,7,-0.201992,6.409968,7.475471,0.333746,-0.816114,0.287204
805540230.000,Miguel,recording,knock_once,7,-0.053079,6.390437,6.983504,0.314403,-0.553444,0.219419
805540240.000,Miguel,recording,knock_once,7,0.144727,6.492751,6.703953,0.282906,-0.374174,0.159979
805540250.000,Miguel,recording,knock_once,7,0.189289,6.636506,6.450970,0.245637,-0.324742,0.103835
805540260.000,Miguel,recording,knock_once,7,0.082132,6.711706,6.257020,0.188019,-0.346991,0.052768
805540270.000,Miguel,recording,knock_once,7,-0.134041,6.751161,6.041934,0.101648,-0.386177,0.014130
805540280.000,Miguel,recording,knock_once,7,-0.355154,6.768806,5.934938,-0.003382,-0.424305,0.001655
805540290.000,Miguel,recording,knock_once,7,-0.537083,6.741197,6.034478,-0.103931,-0.459810,0.024715
805540300.000,Miguel,recording,knock_once,7,-0.634315,6.690202,6.261591,-0.179864,-0.488788,0.077560
805540310.000,Miguel,recording,knock_once,7,-0.695114,6.613499,6.473746,-0.226134,-0.516672,0.143041
805540320.000,Miguel,recording,knock_once,7,-0.718003,6.515500,6.640042,-0.244827,-0.569795,0.202175
805540330.000,Miguel,recording,knock_once,7,-0.765267,6.480097,7.096941,-0.231363,-0.666304,0.247402
805540340.000,Miguel,recording,knock_once,7,-1.197675,6.571818,7.638767,-0.178140,-0.829377,0.284918
805540350.000,Miguel,recording,knock_once,7,-1.098920,6.469734,7.351434,-0.097193,-1.078230,0.318271
805540360.000,Miguel,recording,knock_once,7,-0.585489,6.291711,6.882659,-0.015787,-1.347310,0.342294
805540370.000,Miguel,recording,knock_once,7,0.421406,6.312431,6.621845,0.048496,-1.540164,0.342500
805540380.000,Miguel,recording,knock_once,7,5.465012,6.632789,5.671013,0.098140,-1.647247,0.293517
805540390.000,Miguel,recording,knock_once,7,4.345642,6.893430,6.477657,0.141300,-1.641732,0.168985
805540400.000,Miguel,recording,knock_once,7,2.605707,6.748036,6.159723,0.129306,-1.441689,-0.026406
805540410.000,Miguel,recording,knock_once,7,1.366626,5.920098,5.401674,0.010189,-1.064150,-0.225636
805540420.000,Miguel,recording,knock_once,7,0.493235,6.242064,5.656558,-0.158106,-0.647385,-0.353834
805540430.000,Miguel,recording,knock_once,7,-1.073630,6.897442,6.830276,-0.272699,-0.300073,-0.361366
805540440.000,Miguel,recording,knock_once,7,-2.529476,7.260455,7.508688,-0.296707,-0.060466,-0.208308
805540450.000,Miguel,recording,knock_once,7,-2.413016,7.510420,7.698266,-0.254385,0.092815,0.070817
805540460.000,Miguel,recording,knock_once,7,-1.416420,7.437179,7.650316,-0.182179,0.230179,0.364740
805540470.000,Miguel,recording,knock_once,7,-0.224778,7.093584,7.221021,-0.123136,0.378842,0.583291
805540480.000,Miguel,recording,knock_once,7,0.794302,6.768467,6.825914,-0.108381,0.525381,0.692880
805540490.000,Miguel,recording,knock_once,7,1.731474,6.630267,6.792318,-0.129945,0.652310,0.690071
805540500.000,Miguel,recording,knock_once,7,2.328537,6.595079,7.080030,-0.156124,0.741575,0.587649
805540510.000,Miguel,recording,knock_once,7,2.440354,6.582365,7.400118,-0.161979,0.768717,0.418012
805540520.000,Miguel,recording,knock_once,7,2.149524,6.531175,7.649905,-0.143559,0.731158,0.229617
805540530.000,Miguel,recording,knock_once,7,1.645830,6.505730,8.000790,-0.107523,0.667749,0.069044
805540540.000,Miguel,recording,knock_once,7,0.999284,6.583500,8.252216,-0.057498,0.596523,-0.036351
805540550.000,Miguel,recording,knock_once,7,0.523145,6.638217,8.267770,-0.000573,0.497029,-0.081211
805540560.000,Miguel,recording,knock_once,7,0.293554,6.637076,8.197154,0.050130,0.369319,-0.079582
805540570.000,Miguel,recording,knock_once,7,0.383178,6.667888,8.130021,0.087667,0.243650,-0.061072
805540580.000,Miguel,recording,knock_once,7,0.548898,6.692729,7.957356,0.110015,0.149126,-0.052035
805540590.000,Miguel,recording,knock_once,7,0.578276,6.670926,7.740234,0.115528,0.085892,-0.058883
805540600.000,Miguel,recording,knock_once,7,0.525934,6.618476,7.495126,0.104942,0.040145,-0.072517
805540610.000,Miguel,recording,knock_once,7,0.466355,6.575166,7.448192,0.088851,0.013382,-0.082112
805540620.000,Miguel,recording,knock_once,7,0.297537,6.612738,7.619125,0.088401,0.011201,-0.082383
805540630.000,Miguel,recording,knock_once,7,0.102512,6.639701,7.657433,0.113921,0.024986,-0.069146
805540640.000,Miguel,recording,knock_once,7,0.038331,6.646035,7.518289,0.153943,0.045213,-0.040071
805540650.000,Miguel,recording,knock_once,7,0.153182,6.650218,7.406167,0.195911,0.071633,-0.004328
805540660.000,Miguel,recording,knock_once,7,0.389815,6.661934,7.396577,0.238741,0.105328,0.022226
805540670.000,Miguel,recording,knock_once,7,0.619011,6.578871,7.340720,0.285951,0.144431,0.031778
805540680.000,Miguel,recording,knock_once,7,0.817245,6.478525,7.139536,0.335148,0.193155,0.023310
805540690.000,Miguel,recording,knock_once,7,0.994125,6.436900,6.897829,0.375150,0.260039,-0.003668
805540700.000,Miguel,recording,knock_once,7,1.055614,6.535306,6.659322,0.394862,0.340083,-0.046074
805540710.000,Miguel,recording,knock_once,7,0.996791,6.635252,6.473350,0.388128,0.408815,-0.096638
805540720.000,Miguel,recording,knock_once,7,0.816276,6.670858,6.261834,0.352753,0.439364,-0.149362
805540730.000,Miguel,recording,knock_once,7,0.672405,6.682828,6.190289,0.293953,0.428312,-0.200825
805540740.000,Miguel,recording,knock_once,7,0.435215,6.774673,6.485596,0.232329,0.390370,-0.247911
805540750.000,Miguel,recording,knock_once,7,0.234155,6.792986,6.793216,0.192758,0.342232,-0.290310
805540760.000,Miguel,recording,knock_once,7,0.059401,6.820462,7.111596,0.188617,0.302267,-0.327252
805540770.000,Miguel,recording,knock_once,7,-0.103968,6.899033,7.303751,0.222372,0.280141,-0.355347
805540780.000,Miguel,recording,knock_once,7,-0.288397,6.931481,7.342669,0.285230,0.269835,-0.371555
805540790.000,Miguel,recording,knock_once,7,-0.459994,6.928721,7.202763,0.361313,0.265079,-0.372308
805540800.000,Miguel,recording,knock_once,7,-0.570050,6.957962,6.929696,0.432297,0.267611,-0.355981
805540810.000,Miguel,recording,knock_once,7,-0.569986,7.047725,6.571189,0.481826,0.278996,-0.326044
805540820.000,Miguel,recording,knock_once,7,-0.601546,7.155190,6.289574,0.499060,0.293413,-0.287636
805540830.000,Miguel,recording,knock_once,7,-0.652501,7.228650,6.100824,0.483419,0.301472,-0.242052
805540840.000,Miguel,recording,knock_once,7,-0.714530,7.249434,6.021841,0.442794,0.296461,-0.188834
805540850.000,Miguel,recording,knock_once,7,-0.652723,7.189824,5.977483,0.384821,0.274827,-0.133330
805540860.000,Miguel,recording,knock_once,7,-0.512184,7.165682,5.990718,0.314757,0.240521,-0.087529
805540870.000,Miguel,recording,knock_once,7,-0.465215,7.211588,6.017892,0.236429,0.196461,-0.058035
805540880.000,Miguel,recording,knock_once,7,-0.488347,7.179977,5.965508,0.150360,0.133520,-0.037042
805540890.000,Miguel,recording,knock_once,7,-0.482174,7.120371,5.849164,0.055329,0.044883,-0.016914
805540900.000,Miguel,recording,knock_once,7,-0.490638,7.071440,5.857453,-0.044056,-0.058465,-0.001320
805540910.000,Miguel,recording,knock_once,7,-0.411927,7.076595,5.981527,-0.134223,-0.150436,0.006578
805540920.000,Miguel,recording,knock_once,7,-0.252335,7.093790,6.180487,-0.200925,-0.206063,0.009552
805540930.000,Miguel,recording,knock_once,7,-0.127262,7.130090,6.447959,-0.233722,-0.213906,0.008211
805540940.000,Miguel,recording,knock_once,7,-0.064854,7.125991,6.713085,-0.225960,-0.180827,-0.000297
805540950.000,Miguel,recording,knock_once,7,-0.065899,7.112597,6.872776,-0.186123,-0.128669,-0.015195
805540960.000,Miguel,recording,knock_once,7,-0.094252,7.118049,6.877165,-0.134221,-0.073873,-0.030137
805540970.000,Miguel,recording,knock_once,7,-0.148579,7.175250,6.855871,-0.085603,-0.023479,-0.038813
805540980.000,Miguel,recording,knock_once,7,-0.296351,7.275378,6.794182,-0.048099,0.009212,-0.037083
805540990.000,Miguel,recording,knock_once,7,-0.396914,7.318694,6.576342,-0.031290,0.015590,-0.022756
805541000.000,Miguel,recording,knock_once,7,-0.302086,7.354314,6.459744,-0.040373,0.007143,-0.001505
805541010.000,Miguel,recording,knock_once,7,-0.187139,7.362089,6.645666,-0.061757,-0.001432,0.010153
805541020.000,Miguel,recording,knock_once,7,-0.103309,7.268699,6.873734,-0.076209,-0.007724,0.001699
805541030.000,Miguel,recording,knock_once,7,-0.109189,7.133167,7.029502,-0.075868,-0.016486,-0.020148
805541040.000,Miguel,recording,knock_once,7,-0.138858,7.093497,7.052687,-0.062126,-0.029793,-0.044156
805541050.000,Miguel,recording,knock_once,7,-0.233360,7.133488,7.042359,-0.039327,-0.038335,-0.062909
805541060.000,Miguel,recording,knock_once,7,-0.369662,7.210331,7.006715,-0.012779,-0.030123,-0.070309
805541070.000,Miguel,recording,knock_once,7,-0.492862,7.231688,6.894056,0.011348,-0.006540,-0.061723
805541080.000,Miguel,recording,knock_once,7,-0.518808,7.217029,6.684100,0.025308,0.020630,-0.039003
805541090.000,Miguel,recording,knock_once,7,-0.460324,7.225774,6.568163,0.023784,0.037738,-0.011974
805541100.000,Miguel,recording,knock_once,7,-0.422815,7.273367,6.545421,0.007742,0.031682,0.010266
805541110.000,Miguel,recording,knock_once,7,-0.428781,7.256209,6.599383,-0.018924,-0.003179,0.023605
805541120.000,Miguel,recording,knock_once,7,-0.448223,7.183397,6.628371,-0.051639,-0.056079,0.027949
805541130.000,Miguel,recording,knock_once,7,-0.436133,7.104443,6.634135,-0.085819,-0.107457,0.027480
805541140.000,Miguel,recording,knock_once,7,-0.386722,7.086078,6.684970,-0.115397,-0.140299,0.026630
805541150.000,Miguel,recording,knock_once,7,-0.308726,7.088198,6.936473,-0.128315,-0.147179,0.025159
805541160.000,Miguel,recording,knock_once,7,-0.216213,6.979273,7.070195,-0.116640,-0.129685,0.019523
805541170.000,Miguel,recording,knock_once,7,-0.118511,6.933347,7.107760,-0.083826,-0.091215,0.008088
805541180.000,Miguel,recording,knock_once,7,-0.025206,6.922563,7.098826,-0.036359,-0.040752,-0.009079
805541190.000,Miguel,recording,knock_once,7,0.021454,6.899589,6.981962,0.015491,0.008044,-0.029229
805541200.000,Miguel,recording,knock_once,7,0.016351,6.900069,6.827351,0.061158,0.047050,-0.048830
805541210.000,Miguel,recording,knock_once,7,-0.081541,6.973133,6.744672,0.095536,0.073325,-0.064451
805541220.000,Miguel,recording,knock_once,7,-0.187350,7.054192,6.651030,0.113866,0.086104,-0.070108
805541230.000,Miguel,recording,knock_once,7,-0.286268,7.102020,6.542993,0.114715,0.087776,-0.064510
805541240.000,Miguel,recording,knock_once,7,-0.377821,7.099848,6.477810,0.100734,0.082536,-0.052158
805541250.000,Miguel,recording,knock_once,7,-0.395213,7.059005,6.388220,0.074876,0.071803,-0.035484
805541260.000,Miguel,recording,knock_once,7,-0.347120,6.993534,6.275898,0.040074,0.052012,-0.018121
805541270.000,Miguel,recording,knock_once,7,-0.222481,6.943917,6.158036,-0.002419,0.022434,-0.006907
805541280.000,Miguel,recording,knock_once,7,-0.089751,6.902414,6.077883,-0.049465,-0.010333,-0.007280
805541290.000,Miguel,recording,knock_once,7,0.065601,6.864227,6.034459,-0.093528,-0.036372,-0.022049
805541300.000,Miguel,recording,knock_once,7,0.115847,6.919718,6.096566,-0.127948,-0.043976,-0.046978
805541310.000,Miguel,recording,knock_once,7,0.018396,6.969486,6.229043,-0.152148,-0.022925,-0.070633
805541320.000,Miguel,recording,knock_once,7,-0.141401,6.995825,6.481232,-0.165520,0.017928,-0.085587
805541330.000,Miguel,recording,knock_once,7,-0.257547,7.019985,6.777139,-0.163492,0.054639,-0.094488
805541340.000,Miguel,recording,knock_once,7,-0.384744,7.042281,7.037994,-0.144194,0.076688,-0.102502
805541350.000,Miguel,recording,knock_once,7,-0.519455,7.048114,7.185280,-0.114066,0.088849,-0.108716
805541360.000,Miguel,recording,knock_once,7,-0.661259,7.099375,7.227225,-0.082845,0.093119,-0.106445
805541370.000,Miguel,recording,knock_once,7,-0.762417,7.132846,7.231302,-0.054203,0.086959,-0.092549
805541380.000,Miguel,recording,knock_once,7,-0.770317,7.150689,7.202692,-0.029327,0.072212,-0.070554
805541390.000,Miguel,recording,knock_once,7,-0.728712,7.207314,7.184190,-0.010792,0.053704,-0.045833
805541400.000,Miguel,recording,knock_once,7,-0.637840,7.224798,7.136668,0.000744,0.032299,-0.024093
805541410.000,Miguel,recording,knock_once,7,-0.551128,7.240294,7.030706,0.004048,0.006818,-0.010563
805541420.000,Miguel,recording,knock_once,7,-0.520142,7.249168,6.944660,-0.002929,-0.019098,-0.006987
805541430.000,Miguel,recording,knock_once,7,-0.497250,7.235558,6.883307,-0.018148,-0.039629,-0.010824
805541440.000,Miguel,recording,knock_once,7,-0.491500,7.184514,6.861298,-0.033809,-0.050293,-0.017096
805541450.000,Miguel,recording,knock_once,7,-0.490909,7.174731,6.941375,-0.042782,-0.048105,-0.022086
805541460.000,Miguel,recording,knock_once,7,-0.473089,7.162611,7.084233,-0.039117,-0.036065,-0.023690
805541470.000,Miguel,recording,knock_once,7,-0.529358,7.155780,7.224271,-0.017434,-0.026442,-0.019503
805541480.000,Miguel,recording,knock_once,7,-0.527554,7.083766,7.201682,0.016641,-0.027320,-0.009981
805541490.000,Miguel,recording,knock_once,7,-0.488770,7.018914,7.058138,0.049264,-0.032205,0.000164
805541500.000,Miguel,recording,knock_once,7,-0.385915,6.998859,6.880200,0.071600,-0.032778,0.004549
805541510.000,Miguel,recording,knock_once,7,-0.367641,7.048971,6.772239,0.082798,-0.026113,0.000607
805541520.000,Miguel,recording,knock_once,7,-0.428924,7.109158,6.691258,0.084440,-0.014067,-0.005512
805541530.000,Miguel,recording,knock_once,7,-0.535494,7.113143,6.578641,0.075583,-0.005446,-0.003449
805541540.000,Miguel,recording,knock_once,7,-0.535726,7.093287,6.467478,0.056442,-0.007110,0.007074
805541550.000,Miguel,recording,knock_once,7,-0.491916,7.048724,6.405958,0.030858,-0.018459,0.017599
805541560.000,Miguel,recording,knock_once,7,-0.409506,6.995991,6.396039,0.004873,-0.035473,0.022957
805541570.000,Miguel,recording,knock_once,7,-0.313590,6.919362,6.527204,-0.012556,-0.053062,0.022062
805541580.000,Miguel,recording,knock_once,7,-0.257039,6.878115,6.652653,-0.014736,-0.064881,0.013777
805541590.000,Miguel,recording,knock_once,7,-0.235591,6.915239,6.646868,-0.004022,-0.062575,-0.000157
805541600.000,Miguel,recording,knock_once,7,-0.264158,6.968235,6.515813,0.009674,-0.043497,-0.014156
805541610.000,Miguel,recording,knock_once,7,-0.265375,6.982607,6.383358,0.017173,-0.014872,-0.025015
805541620.000,Miguel,recording,knock_once,7,-0.247328,6.971749,6.242222,0.012483,0.015333,-0.033946
805541630.000,Miguel,recording,knock_once,7,-0.239241,6.985505,6.102346,-0.009147,0.042355,-0.043618
805541640.000,Miguel,recording,knock_once,7,-0.368920,7.026336,6.164011,-0.044603,0.062943,-0.051051
805541650.000,Miguel,recording,knock_once,7,-0.566794,7.003539,6.364181,-0.080344,0.071462,-0.047321
805541660.000,Miguel,recording,knock_once,7,-0.733292,6.977488,6.544035,-0.105774,0.061750,-0.027397
805541670.000,Miguel,recording,knock_once,7,-0.722978,6.973631,6.814519,-0.117660,0.034941,0.001853
805541680.000,Miguel,recording,knock_once,7,-0.589087,6.928768,7.171332,-0.110908,-0.006598,0.024039
805541690.000,Miguel,recording,knock_once,7,-0.453244,6.867235,7.401424,-0.084602,-0.059194,0.027746
805541700.000,Miguel,recording,knock_once,7,-0.367584,6.812569,7.417169,-0.047884,-0.111839,0.016684
805541710.000,Miguel,recording,knock_once,7,-0.322166,6.810444,7.286758,-0.011196,-0.157871,0.002112
805541720.000,Miguel,recording,knock_once,7,-0.241513,6.820922,7.185963,0.021752,-0.199525,-0.011360
805541730.000,Miguel,recording,knock_once,7,-0.232447,6.877370,7.095440,0.049922,-0.235117,-0.025726
805541740.000,Miguel,recording,knock_once,7,-0.249419,6.979078,6.965107,0.067854,-0.256290,-0.039839
805541750.000,Miguel,recording,knock_once,7,-0.280127,7.058253,6.767187,0.069753,-0.261810,-0.050441
805541760.000,Miguel,recording,knock_once,7,-0.240910,7.088428,6.575602,0.055395,-0.258178,-0.056447
805541770.000,Miguel,recording,knock_once,7,-0.197932,7.123588,6.421103,0.029772,-0.245198,-0.058969
805541780.000,Miguel,recording,knock_once,7,-0.143410,7.198477,6.369258,0.000169,-0.215592,-0.060164
805541790.000,Miguel,recording,knock_once,7,-0.173759,7.262022,6.343047,-0.027108,-0.165715,-0.060510
805541800.000,Miguel,recording,knock_once,7,-0.223211,7.254078,6.351439,-0.048472,-0.103585,-0.055746
805541810.000,Miguel,recording,knock_once,7,-0.297630,7.139525,6.457019,-0.059539,-0.051478,-0.043774
805541820.000,Miguel,recording,knock_once,7,-0.340817,6.964976,6.820955,-0.054300,-0.036114,-0.031261
805541830.000,Miguel,recording,knock_once,7,-0.343560,6.826944,7.097196,-0.034202,-0.060967,-0.026025
805541840.000,Miguel,recording,knock_once,7,-0.278786,6.834186,7.167848,-0.009380,-0.103209,-0.029950
805541850.000,Miguel,recording,knock_once,7,-0.226410,6.904784,7.109586,0.010043,-0.143630,-0.039282
805541860.000,Miguel,recording,knock_once,7,-0.205751,6.943272,6.961261,0.019021,-0.175413,-0.048937
805541870.000,Miguel,recording,knock_once,7,-0.199606,6.981721,6.926593,0.020076,-0.190473,-0.056850
805541880.000,Miguel,recording,knock_once,7,-0.229391,7.047936,6.900628,0.020220,-0.178744,-0.063975
805541890.000,Miguel,recording,knock_once,7,-0.269569,7.126719,6.877543,0.023609,-0.137730,-0.069045
805541900.000,Miguel,recording,knock_once,7,-0.279985,7.182428,6.768064,0.027884,-0.075970,-0.066194
805541910.000,Miguel,recording,knock_once,7,-0.302964,7.206813,6.661113,0.028761,-0.007558,-0.051500
805541920.000,Miguel,recording,knock_once,7,-0.266279,7.214284,6.547657,0.023644,0.056431,-0.030877
805541930.000,Miguel,recording,knock_once,7,-0.215261,7.193738,6.468502,0.011908,0.107848,-0.014889
805541940.000,Miguel,recording,knock_once,7,-0.192338,7.147777,6.461018,-0.007025,0.141560,-0.007428
805541950.000,Miguel,recording,knock_once,7,-0.226848,7.089609,6.479234,-0.031432,0.157876,-0.005724
805541960.000,Miguel,recording,knock_once,7,-0.301104,7.062416,6.601547,-0.053032,0.161659,-0.005251
805541970.000,Miguel,recording,knock_once,7,-0.366361,7.009271,6.797478,-0.062884,0.157458,-0.004112
805541980.000,Miguel,recording,knock_once,7,-0.420089,6.962215,6.980183,-0.054041,0.145443,-0.003428
805541990.000,Miguel,recording,knock_once,7,-0.463925,6.911019,7.197194,-0.023458,0.123698,-0.006257
805542000.000,Miguel,recording,knock_once,7,-0.448002,6.867108,7.418181,0.026035,0.095032,-0.016571
805542010.000,Miguel,recording,knock_once,7,-0.422035,6.904114,7.462560,0.087177,0.070139,-0.034872
805542020.000,Miguel,recording,knock_once,7,-0.418434,7.018097,7.304020,0.147887,0.056661,-0.054898
805542030.000,Miguel,recording,knock_once,7,-0.476164,7.108486,6.992058,0.192332,0.052604,-0.066116
805542040.000,Miguel,recording,knock_once,7,-0.547322,7.156313,6.631812,0.207305,0.053403,-0.063418
805542050.000,Miguel,recording,knock_once,7,-0.593084,7.231149,6.301340,0.189649,0.056084,-0.049997
805542060.000,Miguel,recording,knock_once,7,-0.557909,7.311002,6.113160,0.144034,0.056223,-0.030641
805542070.000,Miguel,recording,knock_once,7,-0.550277,7.378010,6.045012,0.079300,0.048823,-0.009606
805542080.000,Miguel,recording,knock_once,7,-0.553494,7.323780,6.042828,0.007174,0.033363,0.010702
805542090.000,Miguel,recording,knock_once,7,-0.522046,7.208970,6.111957,-0.061568,0.015274,0.028520
805542100.000,Miguel,recording,knock_once,7,-0.436734,7.110499,6.351517,-0.114984,0.003639,0.038554
805542110.000,Miguel,recording,knock_once,7,-0.365993,7.039185,6.638861,-0.140993,0.003733,0.037122
805542120.000,Miguel,recording,knock_once,8,-0.371409,6.969446,6.920433,-0.133357,0.016771,0.029623
805542130.000,Miguel,recording,knock_once,8,-0.426582,6.864950,7.144076,-0.093187,0.038063,0.025674
805542140.000,Miguel,recording,knock_once,8,-0.387117,6.799632,7.201660,-0.032593,0.057336,0.028100
805542150.000,Miguel,recording,knock_once,8,-0.321458,6.817066,7.106785,0.028094,0.072574,0.030727
805542160.000,Miguel,recording,knock_once,8,-0.244665,6.898903,6.860110,0.069757,0.086599,0.027032
805542170.000,Miguel,recording,knock_once,8,-0.209968,6.903055,6.596175,0.083582,0.094015,0.017881
805542180.000,Miguel,recording,knock_once,8,-0.184432,6.889499,6.572428,0.079430,0.091578,0.005572
805542190.000,Miguel,recording,knock_once,8,-0.163956,6.809170,6.653282,0.076642,0.086371,-0.013166
805542200.000,Miguel,recording,knock_once,8,-0.114260,6.797914,6.683317,0.084711,0.089484,-0.041234
805542210.000,Miguel,recording,knock_once,8,-0.092369,6.843024,6.637375,0.103691,0.109413,-0.076380
805542220.000,Miguel,recording,knock_once,8,-0.105863,6.871841,6.515935,0.130161,0.146421,-0.114022
805542230.000,Miguel,recording,knock_once,8,-0.150924,6.864895,6.351135,0.160720,0.199232,-0.149560
805542240.000,Miguel,recording,knock_once,8,-0.218290,6.866802,6.200494,0.195998,0.268528,-0.180497
805542250.000,Miguel,recording,knock_once,8,-0.347876,6.859899,6.149008,0.238292,0.352741,-0.206021
805542260.000,Miguel,recording,knock_once,8,-0.439621,6.869075,6.103705,0.288575,0.450333,-0.224786
805542270.000,Miguel,recording,knock_once,8,-0.487387,6.877873,6.051980,0.343083,0.559500,-0.235808
805542280.000,Miguel,recording,knock_once,8,-0.501261,6.935574,5.932427,0.392013,0.667453,-0.239597
805542290.000,Miguel,recording,knock_once,8,-0.553814,7.005769,5.719255,0.416666,0.753815,-0.237812
805542300.000,Miguel,recording,knock_once,8,-0.699815,7.058969,5.373961,0.394303,0.801690,-0.232016
805542310.000,Miguel,recording,knock_once,8,-0.915813,7.132378,5.143633,0.314419,0.802148,-0.220021
805542320.000,Miguel,recording,knock_once,8,-1.168883,7.134501,5.082154,0.184021,0.755253,-0.197849
805542330.000,Miguel,recording,knock_once,8,-1.270587,7.152272,5.261819,0.027416,0.665593,-0.166313
805542340.000,Miguel,recording,knock_once,8,-1.250784,7.177836,5.646625,-0.124065,0.543283,-0.132335
805542350.000,Miguel,recording,knock_once,8,-1.245167,7.144615,6.046498,-0.248764,0.407429,-0.104115
805542360.000,Miguel,recording,knock_once,8,-1.288920,7.059261,6.438421,-0.337867,0.271449,-0.081681
805542370.000,Miguel,recording,knock_once,8,-1.325054,7.011871,6.726953,-0.399169,0.117769,-0.058077
805542380.000,Miguel,recording,knock_once,8,-1.350248,7.095659,6.914966,-0.459603,-0.097651,-0.031555
805542390.000,Miguel,recording,knock_once,8,-1.482507,7.209549,7.183333,-0.536271,-0.372775,-0.007790
805542400.000,Miguel,recording,knock_once,8,-1.448774,7.222337,7.678686,-0.621363,-0.645712,0.008939
805542410.000,Miguel,recording,knock_once,8,-1.325530,7.203092,8.008927,-0.700508,-0.894611,0.016265
805542420.000,Miguel,recording,knock_once,8,-1.096927,7.150858,8.449551,-0.741202,-1.125715,0.016899
805542430.000,Miguel,recording,knock_once,8,-0.908098,7.111022,8.870070,-0.712971,-1.307473,0.018244
805542440.000,Miguel,recording,knock_once,8,-0.629688,7.056734,8.856106,-0.621833,-1.400824,0.016211
805542450.000,Miguel,recording,knock_once,8,-0.541432,7.070965,8.677366,-0.486070,-1.388692,-0.002730
805542460.000,Miguel,recording,knock_once,8,-0.387156,6.934333,8.392399,-0.328480,-1.291407,-0.036457
805542470.000,Miguel,recording,knock_once,8,0.162396,6.740932,7.877488,-0.174928,-1.142774,-0.076273
805542480.000,Miguel,recording,knock_once,8,0.610797,6.637757,7.349774,-0.041977,-0.907478,-0.134882
805542490.000,Miguel,recording,knock_once,8,0.709195,6.688472,6.801656,0.044354,-0.573931,-0.212201
805542500.000,Miguel,recording,knock_once,8,0.676335,6.725148,6.551513,0.073363,-0.253331,-0.294318
805542510.000,Miguel,recording,knock_once,8,0.583838,7.082434,6.676093,0.061247,-0.035369,-0.377610
805542520.000,Miguel,recording,knock_once,8,0.254917,7.286456,6.730958,0.021638,0.089548,-0.445587
805542530.000,Miguel,recording,knock_once,8,-0.073373,7.226202,6.686333,-0.025558,0.164581,-0.474310
805542540.000,Miguel,recording,knock_once,8,-0.401519,7.083461,6.818252,-0.056630,0.223810,-0.454467
805542550.000,Miguel,recording,knock_once,8,-0.793776,6.990795,6.665125,-0.073950,0.285061,-0.399401
805542560.000,Miguel,recording,knock_once,8,-1.092568,6.920596,6.305440,-0.110406,0.329460,-0.334679
805542570.000,Miguel,recording,knock_once,8,-1.275795,6.918930,6.125632,-0.193821,0.293757,-0.269900
805542580.000,Miguel,recording,knock_once,8,-1.757641,6.791902,6.738381,-0.303672,0.157957,-0.185300
805542590.000,Miguel,recording,knock_once,8,-2.268249,6.580701,7.447457,-0.376617,0.015302,-0.052904
805542600.000,Miguel,recording,knock_once,8,-2.165273,6.826382,7.829137,-0.387345,-0.096258,0.114690
805542610.000,Miguel,recording,knock_once,8,-1.698863,7.085902,8.071108,-0.368046,-0.251044,0.267061
805542620.000,Miguel,recording,knock_once,8,-1.438167,6.938535,8.196252,-0.336289,-0.468828,0.388083
805542630.000,Miguel,recording,knock_once,8,-1.152998,6.853836,8.291521,-0.268692,-0.719560,0.492986
805542640.000,Miguel,recording,knock_once,8,-0.672266,6.838171,8.228272,-0.152527,-0.991127,0.564290
805542650.000,Miguel,recording,knock_once,8,-0.505748,6.749483,7.919802,-0.009953,-1.252842,0.580966
805542660.000,Miguel,recording,knock_once,8,-0.551257,6.331171,7.689204,0.126154,-1.461136,0.565889
805542670.000,Miguel,recording,knock_once,8,-0.474630,6.106990,7.558629,0.228851,-1.601101,0.551908
805542680.000,Miguel,recording,knock_once,8,-0.204004,6.127796,7.569303,0.296133,-1.682039,0.556443
805542690.000,Miguel,recording,knock_once,8,0.247587,6.096460,7.563688,0.341452,-1.720404,0.574250
805542700.000,Miguel,recording,knock_once,8,0.762415,6.143247,7.285215,0.360971,-1.729960,0.575815
805542710.000,Miguel,recording,knock_once,8,1.135582,6.260276,6.835514,0.336550,-1.712380,0.536663
805542720.000,Miguel,recording,knock_once,8,1.501949,6.455596,6.371828,0.258984,-1.624819,0.449828
805542730.000,Miguel,recording,knock_once,8,1.777169,6.625809,6.215922,0.157992,-1.405065,0.318462
805542740.000,Miguel,recording,knock_once,8,1.846891,6.686326,6.276658,0.092299,-1.039804,0.162367
805542750.000,Miguel,recording,knock_once,8,1.623082,6.633223,6.413178,0.089530,-0.594764,0.024984
805542760.000,Miguel,recording,knock_once,8,1.464699,6.819567,6.228827,0.115190,-0.180685,-0.061486
805542770.000,Miguel,recording,knock_once,8,1.281262,7.068011,5.858597,0.117492,0.123644,-0.100995
805542780.000,Miguel,recording,knock_once,8,1.177302,7.270259,5.464826,0.076717,0.324953,-0.114132
805542790.000,Miguel,recording,knock_once,8,1.092731,7.377190,5.320024,0.004336,0.484883,-0.116118
805542800.000,Miguel,recording,knock_once,8,1.000630,7.362978,5.190509,-0.080570,0.640376,-0.112065
805542810.000,Miguel,recording,knock_once,8,0.900451,7.273742,5.128680,-0.169674,0.783171,-0.105967
805542820.000,Miguel,recording,knock_once,8,0.827558,7.329456,5.333933,-0.261469,0.886576,-0.097365
805542830.000,Miguel,recording,knock_once,8,0.746775,7.466756,5.693319,-0.352683,0.930129,-0.079824
805542840.000,Miguel,recording,knock_once,8,0.591986,7.513406,6.116172,-0.431417,0.902353,-0.054609
805542850.000,Miguel,recording,knock_once,8,0.475013,7.388325,6.610464,-0.478571,0.798184,-0.035823
805542860.000,Miguel,recording,knock_once,8,0.547318,7.134106,7.134555,-0.484189,0.647250,-0.034730
805542870.000,Miguel,recording,knock_once,8,0.543673,6.784979,7.975958,-0.452052,0.550186,-0.056657
805542880.000,Miguel,recording,knock_once,8,0.097783,6.347484,9.120688,-0.365612,0.518235,-0.093754
805542890.000,Miguel,recording,knock_once,8,0.064572,5.944476,8.457929,-0.217331,0.418625,-0.112286
805542900.000,Miguel,recording,knock_once,8,-0.063515,6.411757,8.636334,-0.057773,0.311627,-0.116280
805542910.000,Miguel,recording,knock_once,8,0.287047,6.561667,8.350864,0.059315,0.292850,-0.135367
805542920.000,Miguel,recording,knock_once,8,0.403269,6.450323,8.211025,0.128351,0.293404,-0.163812
805542930.000,Miguel,recording,knock_once,8,0.341272,6.269379,8.064471,0.168584,0.290265,-0.188646
805542940.000,Miguel,recording,knock_once,8,0.162255,6.279577,7.928830,0.193542,0.288706,-0.198278
805542950.000,Miguel,recording,knock_once,8,0.080286,6.402374,7.872217,0.210087,0.279338,-0.186472
805542960.000,Miguel,recording,knock_once,8,0.156457,6.563032,7.706889,0.221007,0.264225,-0.163134
805542970.000,Miguel,recording,knock_once,8,0.234535,6.663930,7.412771,0.222497,0.257118,-0.146287
805542980.000,Miguel,recording,knock_once,8,0.202752,6.710478,7.094954,0.210306,0.245079,-0.140916
805542990.000,Miguel,recording,knock_once,8,0.127080,6.702701,7.016193,0.190803,0.206913,-0.133986
805543000.000,Miguel,recording,knock_once,8,0.166552,6.728246,7.144278,0.180753,0.150076,-0.116650
805543010.000,Miguel,recording,knock_once,8,0.311091,6.790226,7.292925,0.191266,0.101531,-0.097007
805543020.000,Miguel,recording,knock_once,8,0.555634,6.837671,7.306184,0.217950,0.085598,-0.090037
805543030.000,Miguel,recording,knock_once,8,0.644046,6.857136,7.195581,0.246885,0.105109,-0.103508
805543040.000,Miguel,recording,knock_once,8,0.581868,6.907056,6.924255,0.264177,0.145276,-0.133407
805543050.000,Miguel,recording,knock_once,8,0.298676,6.927496,6.600537,0.260147,0.187575,-0.164175
805543060.000,Miguel,recording,knock_once,8,-0.081109,6.948817,6.334701,0.227792,0.213836,-0.177101
805543070.000,Miguel,recording,knock_once,8,-0.372094,6.987441,6.160540,0.168030,0.214320,-0.163445
805543080.000,Miguel,recording,knock_once,8,-0.476742,7.067856,6.030027,0.087671,0.194473,-0.129792
805543090.000,Miguel,recording,knock_once,8,-0.393237,7.119745,5.957048,-0.007161,0.164840,-0.092337
805543100.000,Miguel,recording,knock_once,8,-0.291068,7.090855,5.961166,-0.106700,0.129565,-0.066273
805543110.000,Miguel,recording,knock_once,8,-0.161855,7.005599,6.127615,-0.197305,0.099168,-0.057177
805543120.000,Miguel,recording,knock_once,8,-0.088001,6.933193,6.338431,-0.269963,0.098462,-0.060309
805543130.000,Miguel,recording,knock_once,8,0.022501,6.811287,6.549571,-0.322250,0.142036,-0.072197
805543140.000,Miguel,recording,knock_once,8,0.226888,6.709091,6.840394,-0.351061,0.210875,-0.096375
805543150.000,Miguel,recording,knock_once,8,0.285385,6.646706,7.111863,-0.351770,0.268441,-0.137223
805543160.000,Miguel,recording,knock_once,8,0.192418,6.602410,7.265706,-0.325963,0.288550,-0.190016
805543170.000,Miguel,recording,knock_once,8,-0.000691,6.566539,7.459585,-0.280282,0.259483,-0.243258
805543180.000,Miguel,recording,knock_once,8,-0.073959,6.582359,7.645253,-0.214265,0.190498,-0.290817
805543190.000,Miguel,recording,knock_once,8,-0.095210,6.506467,7.798173,-0.127460,0.112266,-0.332210
805543200.000,Miguel,recording,knock_once,8,-0.050850,6.519835,7.796736,-0.032301,0.054489,-0.368106
805543210.000,Miguel,recording,knock_once,8,-0.260758,6.442917,7.634592,0.052328,0.023622,-0.398099
805543220.000,Miguel,recording,knock_once,8,-0.512308,6.347458,7.455303,0.112619,0.003994,-0.414399
805543230.000,Miguel,recording,knock_once,8,-0.697597,6.367572,7.397696,0.152039,-0.009206,-0.405236
805543240.000,Miguel,recording,knock_once,8,-0.557314,6.425994,7.464930,0.188253,-0.003348,-0.377743
805543250.000,Miguel,recording,knock_once,8,-0.187811,6.494104,7.572797,0.236629,0.017427,-0.366079
805543260.000,Miguel,recording,knock_once,8,0.279203,6.611890,7.902850,0.313000,0.044345,-0.397288
805543270.000,Miguel,recording,knock_once,8,0.430214,6.805338,8.196228,0.436335,0.100534,-0.456220
805543280.000,Miguel,recording,knock_once,8,-0.130180,7.013306,8.024397,0.595499,0.198448,-0.505197
805543290.000,Miguel,recording,knock_once,8,-0.939394,7.130354,7.603909,0.747912,0.263747,-0.533478
805543300.000,Miguel,recording,knock_once,8,-3.783015,6.851013,7.298193,0.864227,0.196707,-0.526405
805543310.000,Miguel,recording,knock_once,8,-6.439274,6.836229,7.311116,0.942587,0.086420,-0.388252
805543320.000,Miguel,recording,knock_once,8,-5.151636,7.130752,6.752053,0.969558,0.077179,-0.058883
805543330.000,Miguel,recording,knock_once,8,-4.163195,6.602978,6.052998,0.893103,0.087162,0.343368
805543340.000,Miguel,recording,knock_once,8,-2.154733,6.458017,5.698769,0.717263,0.060996,0.653579
805543350.000,Miguel,recording,knock_once,8,-0.567706,6.787848,5.846178,0.516082,0.038060,0.814555
805543360.000,Miguel,recording,knock_once,8,0.513626,7.125324,5.914624,0.340363,0.009806,0.843648
805543370.000,Miguel,recording,knock_once,8,1.552809,7.180896,5.940395,0.199755,-0.029300,0.762941
805543380.000,Miguel,recording,knock_once,8,1.906655,7.024905,5.997843,0.086430,-0.083750,0.597045
805543390.000,Miguel,recording,knock_once,8,1.810583,6.864116,6.220627,0.001553,-0.132500,0.388818
805543400.000,Miguel,recording,knock_once,8,1.160662,6.903214,6.305756,-0.058870,-0.138758,0.190811
805543410.000,Miguel,recording,knock_once,8,0.621014,6.964961,6.145714,-0.114417,-0.091681,0.042637
805543420.000,Miguel,recording,knock_once,8,0.145695,6.906943,6.091245,-0.176534,-0.020146,-0.042439
805543430.000,Miguel,recording,knock_once,8,-0.192062,6.952670,6.115016,-0.237200,0.037123,-0.071287
805543440.000,Miguel,recording,knock_once,8,-0.278224,7.022356,6.246914,-0.281229,0.056988,-0.063055
805543450.000,Miguel,recording,knock_once,8,-0.261193,7.063953,6.422095,-0.294959,0.034002,-0.041692
805543460.000,Miguel,recording,knock_once,8,-0.245788,7.173384,6.570075,-0.274081,-0.019750,-0.023787
805543470.000,Miguel,recording,knock_once,8,-0.237812,7.240478,6.603892,-0.227636,-0.085954,-0.015153
805543480.000,Miguel,recording,knock_once,8,-0.213565,7.258781,6.633052,-0.170930,-0.153071,-0.012732
805543490.000,Miguel,recording,knock_once,8,-0.169570,7.289642,6.593925,-0.117862,-0.211486,-0.011935
805543500.000,Miguel,recording,knock_once,8,-0.207584,7.323897,6.539743,-0.076884,-0.248585,-0.012816
805543510.000,Miguel,recording,knock_once,8,-0.195224,7.207758,6.481995,-0.049550,-0.256964,-0.019945
805543520.000,Miguel,recording,knock_once,8,-0.163989,7.110226,6.534625,-0.031478,-0.231993,-0.032219
805543530.000,Miguel,recording,knock_once,8,-0.460344,7.302247,6.565431,-0.018861,-0.174021,-0.030837
805543540.000,Miguel,recording,knock_once,8,-0.646410,7.422747,6.592267,-0.014935,-0.104953,-0.002711
805543550.000,Miguel,recording,knock_once,8,-0.601154,7.402959,6.545336,-0.023128,-0.052724,0.039275
805543560.000,Miguel,recording,knock_once,8,-0.354505,7.279435,6.489514,-0.040837,-0.025724,0.073086
805543570.000,Miguel,recording,knock_once,8,-0.142603,7.219459,6.561763,-0.061271,-0.020222,0.085006
805543580.000,Miguel,recording,knock_once,8,-0.033398,7.212128,6.655856,-0.075707,-0.026803,0.074367
805543590.000,Miguel,recording,knock_once,8,-0.000246,7.175688,6.763223,-0.078378,-0.037224,0.047805
805543600.000,Miguel,recording,knock_once,8,-0.005571,7.132379,6.839974,-0.072174,-0.053236,0.013494
805543610.000,Miguel,recording,knock_once,8,-0.094244,7.091017,6.888328,-0.064666,-0.080657,-0.020778
805543620.000,Miguel,recording,knock_once,8,-0.125611,7.034258,6.972302,-0.058413,-0.117277,-0.047654
805543630.000,Miguel,recording,knock_once,8,-0.143434,6.994228,7.059040,-0.050989,-0.145509,-0.064531
805543640.000,Miguel,recording,knock_once,8,-0.225617,6.956529,7.098879,-0.040487,-0.144029,-0.074462
805543650.000,Miguel,recording,knock_once,8,-0.397093,6.869790,7.060428,-0.029069,-0.109473,-0.076908
805543660.000,Miguel,recording,knock_once,8,-0.558667,6.864504,6.978295,-0.024584,-0.060555,-0.066068
805543670.000,Miguel,recording,knock_once,8,-0.659317,6.899608,6.836278,-0.035270,-0.019232,-0.040589
805543680.000,Miguel,recording,knock_once,8,-0.680751,6.952541,6.769838,-0.060141,-0.000989,-0.007562
805543690.000,Miguel,recording,knock_once,8,-0.510434,6.972280,6.932278,-0.082823,-0.005703,0.021573
805543700.000,Miguel,recording,knock_once,8,-0.229023,6.960007,7.196372,-0.081739,-0.008621,0.033369
805543710.000,Miguel,recording,knock_once,8,-0.040410,6.939186,7.310427,-0.049851,0.010180,0.020295
805543720.000,Miguel,recording,knock_once,8,0.002239,6.926590,7.314596,0.001378,0.039963,-0.009707
805543730.000,Miguel,recording,knock_once,8,-0.144957,6.948022,7.238382,0.056353,0.063111,-0.040171
805543740.000,Miguel,recording,knock_once,8,-0.315356,6.999019,7.100471,0.106696,0.078017,-0.059520
805543750.000,Miguel,recording,knock_once,8,-0.553625,7.004867,6.861717,0.146024,0.088198,-0.063866
805543760.000,Miguel,recording,knock_once,8,-0.768259,6.996586,6.624678,0.166955,0.087916,-0.050577
805543770.000,Miguel,recording,knock_once,8,-0.918370,7.018915,6.438617,0.164399,0.067671,-0.017723
805543780.000,Miguel,recording,knock_once,8,-0.908996,7.040408,6.315273,0.140361,0.027961,0.027768
805543790.000,Miguel,recording,knock_once,8,-0.734739,7.053361,6.299282,0.104791,-0.015004,0.071819
805543800.000,Miguel,recording,knock_once,8,-0.526350,7.008765,6.335515,0.066647,-0.034971,0.102873
805543810.000,Miguel,recording,knock_once,8,-0.375433,6.976918,6.354504,0.030225,-0.021105,0.117473
805543820.000,Miguel,recording,knock_once,8,-0.320026,6.940661,6.414068,-0.000632,0.011140,0.121369
805543830.000,Miguel,recording,knock_once,8,-0.232339,6.924677,6.534576,-0.022497,0.039978,0.121336
805543840.000,Miguel,recording,knock_once,8,-0.051574,7.017874,6.593392,-0.037649,0.058307,0.116098
805543850.000,Miguel,recording,knock_once,8,0.162752,7.119058,6.545881,-0.050560,0.074533,0.099283
805543860.000,Miguel,recording,knock_once,8,0.213259,7.141433,6.502600,-0.063720,0.090417,0.069144
805543870.000,Miguel,recording,knock_once,8,0.046959,7.152968,6.522604,-0.078666,0.090205,0.034515
805543880.000,Miguel,recording,knock_once,8,-0.112729,7.167095,6.586460,-0.093337,0.067547,0.006006
805543890.000,Miguel,recording,knock_once,8,-0.205953,7.175632,6.643221,-0.105091,0.044005,-0.012575
805543900.000,Miguel,recording,knock_once,8,-0.255197,7.129412,6.625344,-0.113442,0.038827,-0.022285
805543910.000,Miguel,recording,knock_once,8,-0.218654,7.066123,6.686512,-0.117971,0.041624,-0.026120
805543920.000,Miguel,recording,knock_once,8,-0.198053,7.043112,6.763716,-0.117017,0.031929,-0.027123
805543930.000,Miguel,recording,knock_once,8,-0.260061,7.033963,6.887921,-0.106336,0.007909,-0.024784
805543940.000,Miguel,recording,knock_once,8,-0.271195,6.989186,7.009205,-0.081283,-0.019457,-0.017192
805543950.000,Miguel,recording,knock_once,8,-0.275342,7.014711,7.065751,-0.043940,-0.044243,-0.006613
805543960.000,Miguel,recording,knock_once,8,-0.270200,7.025182,7.073694,-0.003166,-0.068914,0.002680
805543970.000,Miguel,recording,knock_once,8,-0.234911,7.074257,7.095476,0.035014,-0.093403,0.007010
805543980.000,Miguel,recording,knock_once,8,-0.177885,7.090578,7.108210,0.067884,-0.108080,0.003934
805543990.000,Miguel,recording,knock_once,8,-0.154034,7.096430,7.067535,0.093540,-0.100929,-0.004887
805544000.000,Miguel,recording,knock_once,8,-0.160010,7.108663,6.949264,0.108925,-0.067844,-0.014493
805544010.000,Miguel,recording,knock_once,8,-0.256785,7.122902,6.785457,0.109075,-0.022946,-0.018985
805544020.000,Miguel,recording,knock_once,8,-0.382191,7.134742,6.669063,0.094388,0.010053,-0.014655
805544030.000,Miguel,recording,knock_once,8,-0.428402,7.167742,6.618983,0.071090,0.020656,-0.004278
805544040.000,Miguel,recording,knock_once,8,-0.409645,7.165254,6.591070,0.046318,0.014895,0.005149
805544050.000,Miguel,recording,knock_once,8,-0.314221,7.122692,6.637983,0.025953,0.000900,0.008963
805544060.000,Miguel,recording,knock_once,8,-0.217835,7.083368,6.765527,0.016005,-0.013917,0.004348
805544070.000,Miguel,recording,knock_once,8,-0.180380,7.052926,6.821111,0.019123,-0.018116,-0.009530
805544080.000,Miguel,recording,knock_once,8,-0.230429,6.996389,6.779032,0.028571,-0.009525,-0.025623
805544090.000,Miguel,recording,knock_once,8,-0.339584,6.963834,6.687833,0.034212,0.001526,-0.032724
805544100.000,Miguel,recording,knock_once,8,-0.445391,6.942827,6.582451,0.030506,0.008283,-0.025341
805544110.000,Miguel,recording,knock_once,8,-0.502962,6.933450,6.494301,0.017329,0.010513,-0.006584
805544120.000,Miguel,recording,knock_once,8,-0.481152,6.950469,6.493522,-0.001388,0.007719,0.015835
805544130.000,Miguel,recording,knock_once,8,-0.333354,6.974892,6.598825,-0.017858,0.002010,0.032674
805544140.000,Miguel,recording,knock_once,8,-0.181900,7.000319,6.689950,-0.025224,0.003840,0.036696
805544150.000,Miguel,recording,knock_once,8,-0.174725,7.019554,6.695563,-0.022958,0.015712,0.028015
805544160.000,Miguel,recording,knock_once,8,-0.231205,7.046960,6.674658,-0.016982,0.020080,0.016660
805544170.000,Miguel,recording,knock_once,8,-0.239525,7.066284,6.669331,-0.012502,0.003488,0.011543
805544180.000,Miguel,recording,knock_once,8,-0.257688,7.091498,6.649828,-0.009893,-0.024022,0.009041
805544190.000,Miguel,recording,knock_once,8,-0.249062,7.083184,6.674185,-0.009194,-0.046006,0.004502
805544200.000,Miguel,recording,knock_once,8,-0.216413,7.092885,6.712495,-0.010222,-0.056321,-0.001564
805544210.000,Miguel,recording,knock_once,8,-0.234672,7.095116,6.744145,-0.012890,-0.050872,-0.006873
805544220.000,Miguel,recording,knock_once,8,-0.283048,7.080034,6.757778,-0.017066,-0.028704,-0.007309
805544230.000,Miguel,recording,knock_once,8,-0.339562,7.047033,6.762563,-0.022720,-0.001448,-0.000639
805544240.000,Miguel,recording,knock_once,8,-0.342564,7.068647,6.780816,-0.028908,0.017419,0.011370
805544250.000,Miguel,recording,knock_once,8,-0.295305,7.099216,6.831186,-0.031900,0.025569,0.022255
805544260.000,Miguel,recording,knock_once,8,-0.277417,7.095230,6.873591,-0.027516,0.029407,0.027376
805544270.000,Miguel,recording,knock_once,8,-0.188322,7.074773,6.894949,-0.015373,0.029851,0.026748
805544280.000,Miguel,recording,knock_once,8,-0.154954,7.091009,6.896282,-0.000795,0.021511,0.019759
805544290.000,Miguel,recording,knock_once,8,-0.157569,7.114281,6.866961,0.012414,0.008628,0.007093
805544300.000,Miguel,recording,knock_once,8,-0.215933,7.103160,6.821080,0.022179,0.003418,-0.006302
805544310.000,Miguel,recording,knock_once,8,-0.316308,7.084073,6.723622,0.024655,0.007352,-0.012396
805544320.000,Miguel,recording,knock_once,8,-0.386923,7.072794,6.667669,0.017253,0.010164,-0.006957
805544330.000,Miguel,recording,knock_once,8,-0.328501,7.126061,6.720115,0.002411,0.009881,0.003520
805544340.000,Miguel,recording,knock_once,8,-0.222415,7.127970,6.756442,-0.012143,0.015884,0.008563
805544350.000,Miguel,recording,knock_once,8,-0.142652,7.101624,6.821608,-0.021158,0.031628,0.006160
805544360.000,Miguel,recording,knock_once,8,-0.114128,7.064572,6.842001,-0.024930,0.049153,-0.000352
805544370.000,Miguel,recording,knock_once,8,-0.154814,7.022927,6.837511,-0.023395,0.061105,-0.009670
805544380.000,Miguel,recording,knock_once,8,-0.192271,7.008593,6.861091,-0.015927,0.067271,-0.019156
805544390.000,Miguel,recording,knock_once,8,-0.281217,6.978665,6.820315,-0.004692,0.068763,-0.023646
805544400.000,Miguel,recording,knock_once,8,-0.355342,6.954349,6.776149,0.007833,0.063439,-0.019709
805544410.000,Miguel,recording,knock_once,8,-0.423041,6.957742,6.703385,0.019314,0.048090,-0.008642
805544420.000,Miguel,recording,knock_once,8,-0.426485,6.991873,6.645747,0.027690,0.021878,0.004365
805544430.000,Miguel,recording,knock_once,8,-0.379959,7.028234,6.659582,0.033619,-0.012096,0.015031
805544440.000,Miguel,recording,knock_once,8,-0.252917,7.037582,6.714044,0.038677,-0.044187,0.018837
805544450.000,Miguel,recording,knock_once,8,-0.163421,7.041504,6.731572,0.042977,-0.061917,0.012591
805544460.000,Miguel,recording,knock_once,8,-0.154951,7.035580,6.705279,0.043096,-0.058630,0.001122
805544470.000,Miguel,recording,knock_once,8,-0.227122,7.064024,6.649795,0.034063,-0.038145,-0.007007
805544480.000,Miguel,recording,knock_once,8,-0.326851,7.068540,6.606134,0.016088,-0.010018,-0.007152
805544490.000,Miguel,recording,knock_once,8,-0.389799,7.073245,6.616749,-0.006088,0.018240,0.001971
805544500.000,Miguel,recording,knock_once,8,-0.381449,7.082188,6.657907,-0.027188,0.039053,0.016783
805544510.000,Miguel,recording,knock_once,8,-0.270778,7.115962,6.716164,-0.042163,0.046044,0.028713
805544520.000,Miguel,recording,knock_once,8,-0.147966,7.137742,6.770879,-0.047146,0.041345,0.030101
805544530.000,Miguel,recording,knock_once,8,-0.096907,7.132791,6.821862,-0.041726,0.031273,0.018279
805544540.000,Miguel,recording,knock_once,8,-0.107897,7.134969,6.844926,-0.029736,0.021888,-0.002627
805544550.000,Miguel,recording,knock_once,8,-0.185930,7.111949,6.830754,-0.016752,0.019013,-0.024689
805544560.000,Miguel,recording,knock_once,8,-0.302513,7.065052,6.757579,-0.008033,0.023623,-0.038686
805544570.000,Miguel,recording,knock_once,8,-0.432103,7.020125,6.744771,-0.004651,0.030753,-0.037838
805544580.000,Miguel,recording,knock_once,8,-0.528160,6.989987,6.760583,-0.002895,0.033767,-0.022715
805544590.000,Miguel,recording,knock_once,8,-0.515165,6.996159,6.790393,0.002263,0.030850,-0.001887
805544600.000,Miguel,recording,knock_once,8,-0.474753,6.981184,6.796944,0.012897,0.024807,0.016140
805544610.000,Miguel,recording,knock_once,8,-0.408494,6.974949,6.755419,0.026603,0.015133,0.029028
805544620.000,Miguel,recording,knock_once,8,-0.289863,6.983926,6.697492,0.038341,-0.001944,0.036487
805544630.000,Miguel,recording,knock_once,8,-0.172834,7.045825,6.640648,0.044276,-0.025572,0.035239
805544640.000,Miguel,recording,knock_once,8,-0.137201,7.071093,6.637530,0.044272,-0.047311,0.022308
805544650.000,Miguel,recording,knock_once,8,-0.207643,7.044109,6.640409,0.040722,-0.055942,0.004548
805544660.000,Miguel,recording,knock_once,8,-0.340871,7.049404,6.673172,0.036001,-0.045811,-0.007017
805544670.000,Miguel,recording,knock_once,8,-0.460355,7.023750,6.667424,0.029518,-0.023009,-0.006459
805544680.000,Miguel,recording,knock_once,8,-0.517969,7.037692,6.664697,0.019125,0.001184,0.005452
805544690.000,Miguel,recording,knock_once,8,-0.464287,7.099797,6.640806,-0.000863,0.031580,0.019816
805544700.000,Miguel,recording,knock_once,8,-0.336784,7.227528,6.673767,-0.036336,0.080892,0.027941
805544710.000,Miguel,recording,knock_once,8,-0.258522,7.209376,6.827951,-0.073955,0.127054,0.033241
805544720.000,Miguel,recording,knock_once,8,-0.254182,7.177267,6.985389,-0.091896,0.140394,0.036638
805544730.000,Miguel,recording,knock_once,8,-0.215268,7.162080,7.095918,-0.086724,0.133881,0.030479
805544740.000,Miguel,recording,knock_once,8,-0.186630,7.125918,7.151092,-0.065329,0.128436,0.017025
805544750.000,Miguel,recording,knock_once,8,-0.214948,7.035559,7.151151,-0.031717,0.116443,0.007198
805544760.000,Miguel,recording,knock_once,8,-0.268872,6.964883,7.121076,0.014349,0.083952,0.006174
805544770.000,Miguel,recording,knock_once,8,-0.271899,6.945846,7.024832,0.072030,0.032823,0.009412
805544780.000,Miguel,recording,knock_once,8,-0.200346,6.966430,6.886858,0.131299,-0.025788,0.011177
805544790.000,Miguel,recording,knock_once,8,-0.142850,7.020770,6.738036,0.177093,-0.079796,0.009162
805544800.000,Miguel,recording,knock_once,8,-0.126352,7.068031,6.620976,0.201643,-0.116797,0.004476
805544810.000,Miguel,recording,knock_once,8,-0.145123,7.101482,6.557086,0.206970,-0.127148,-0.000173
805544820.000,Miguel,recording,knock_once,8,-0.188677,7.114345,6.490309,0.198422,-0.115063,-0.002194
805544830.000,Miguel,recording,knock_once,8,-0.256214,7.149053,6.430227,0.180113,-0.098146,0.000509
805544840.000,Miguel,recording,knock_once,8,-0.290653,7.201581,6.351589,0.154458,-0.088543,0.008007
805544850.000,Miguel,recording,knock_once,8,-0.259905,7.245491,6.286538,0.124210,-0.088267,0.017434
805544860.000,Miguel,recording,knock_once,8,-0.181694,7.295267,6.247444,0.093014,-0.097270,0.022443
805544870.000,Miguel,recording,knock_once,8,-0.113025,7.325384,6.283000,0.065753,-0.112107,0.017239
805544880.000,Miguel,recording,knock_once,8,-0.069850,7.325739,6.354712,0.043619,-0.120961,0.001371
805544890.000,Miguel,recording,knock_once,8,-0.061104,7.281121,6.397521,0.023679,-0.112681,-0.021050
805544900.000,Miguel,recording,knock_once,8,-0.102947,7.189738,6.427418,0.005436,-0.089064,-0.043075
805544910.000,Miguel,recording,knock_once,8,-0.219470,7.141633,6.492127,-0.010046,-0.060426,-0.055790
805544920.000,Miguel,recording,knock_once,8,-0.329987,7.128397,6.573726,-0.020376,-0.036046,-0.054482
805544930.000,Miguel,recording,knock_once,8,-0.386839,7.106989,6.667739,-0.022854,-0.021750,-0.042953
805544940.000,Miguel,recording,knock_once,8,-0.378062,7.107582,6.698467,-0.017733,-0.017215,-0.029887
805544950.000,Miguel,recording,knock_once,8,-0.325310,7.105384,6.685530,-0.008234,-0.020257,-0.020365
805544960.000,Miguel,recording,knock_once,8,-0.295174,7.122609,6.690532,0.001897,-0.030185,-0.014373
805544970.000,Miguel,recording,knock_once,8,-0.260362,7.125407,6.630059,0.011092,-0.044773,-0.012429
805544980.000,Miguel,recording,knock_once,8,-0.231427,7.140259,6.585908,0.017975,-0.068093,-0.014954
805544990.000,Miguel,recording,knock_once,8,-0.210686,7.159049,6.587634,0.023322,-0.105685,-0.020328
805545000.000,Miguel,recording,knock_once,8,-0.228963,7.186746,6.602020,0.030926,-0.150526,-0.027016
805545010.000,Miguel,recording,knock_once,8,-0.249176,7.156328,6.622829,0.039906,-0.184630,-0.034202
805545020.000,Miguel,recording,knock_once,8,-0.280581,7.159507,6.637089,0.045996,-0.188420,-0.041691
805545030.000,Miguel,recording,knock_once,8,-0.336185,7.102494,6.652493,0.050347,-0.162740,-0.043115
805545040.000,Miguel,recording,knock_once,8,-0.431107,7.082074,6.624866,0.053269,-0.131127,-0.029663
805545050.000,Miguel,recording,knock_once,8,-0.482758,7.080713,6.532856,0.051678,-0.108437,-0.006235
805545060.000,Miguel,recording,knock_once,8,-0.449808,7.095419,6.442140,0.046771,-0.094445,0.014640
805545070.000,Miguel,recording,knock_once,8,-0.375491,7.112867,6.378461,0.041547,-0.092927,0.027381
805545080.000,Miguel,recording,knock_once,8,-0.251596,7.122617,6.392290,0.036218,-0.116470,0.033736
805545090.000,Miguel,recording,knock_once,8,-0.088243,7.168174,6.457293,0.032663,-0.168234,0.033784
805545100.000,Miguel,recording,knock_once,8,0.014469,7.156478,6.569832,0.037364,-0.228037,0.025248
805545110.000,Miguel,recording,knock_once,8,-0.000242,7.103660,6.724199,0.052476,-0.267042,0.011425
805545120.000,Miguel,recording,knock_once,8,-0.077454,7.048923,6.836114,0.071970,-0.264608,0.001461
805545130.000,Miguel,recording,knock_once,8,-0.109833,7.020431,6.844674,0.084781,-0.208782,0.003034
805545140.000,Miguel,recording,knock_once,9,-0.096629,7.047041,6.717584,0.064682,-0.068271,0.023895
805545150.000,Miguel,recording,knock_once,9,0.190501,7.347187,6.337312,-0.028214,0.192756,0.069854
805545160.000,Miguel,recording,knock_once,9,0.690839,7.659164,6.244427,-0.178803,0.481461,0.113287
805545170.000,Miguel,recording,knock_once,9,0.831395,7.719461,6.666223,-0.294137,0.611451,0.108999
805545180.000,Miguel,recording,knock_once,9,0.463891,7.695472,7.032449,-0.309982,0.549315,0.062211
805545190.000,Miguel,recording,knock_once,9,0.019487,7.579115,7.222373,-0.246813,0.413967,0.016529
805545200.000,Miguel,recording,knock_once,9,-0.231243,7.276992,7.159991,-0.156605,0.288916,-0.006713
805545210.000,Miguel,recording,knock_once,9,-0.388501,7.073715,7.076258,-0.071099,0.184293,-0.011577
805545220.000,Miguel,recording,knock_once,9,-0.439208,7.096121,7.001257,0.006019,0.090545,-0.009015
805545230.000,Miguel,recording,knock_once,9,-0.371746,7.068310,6.913032,0.075377,0.004737,-0.010597
805545240.000,Miguel,recording,knock_once,9,-0.312568,6.970797,6.794447,0.131189,-0.069401,-0.020094
805545250.000,Miguel,recording,knock_once,9,-0.310672,6.886227,6.672082,0.168880,-0.123199,-0.033521
805545260.000,Miguel,recording,knock_once,9,-0.404135,6.874697,6.504697,0.185066,-0.140831,-0.042270
805545270.000,Miguel,recording,knock_once,9,-0.517237,6.876297,6.293298,0.170464,-0.107820,-0.033989
805545280.000,Miguel,recording,knock_once,9,-0.555887,6.901865,6.163059,0.118516,-0.030868,-0.005098
805545290.000,Miguel,recording,knock_once,9,-0.414366,7.015937,6.162580,0.045067,0.060688,0.027142
805545300.000,Miguel,recording,knock_once,9,-0.134821,7.187927,6.340247,-0.020053,0.137492,0.037499
805545310.000,Miguel,recording,knock_once,9,-0.033073,7.271787,6.506283,-0.063272,0.187394,0.025045
805545320.000,Miguel,recording,knock_once,9,-0.089776,7.222762,6.603618,-0.090703,0.215248,0.010278
805545330.000,Miguel,recording,knock_once,9,-0.218270,7.220596,6.710446,-0.106998,0.228110,0.006590
805545340.000,Miguel,recording,knock_once,9,-0.461678,7.153487,6.799157,-0.111363,0.238022,0.017616
805545350.000,Miguel,recording,knock_once,9,-0.735940,7.090028,6.997864,-0.100282,0.276775,0.041305
805545360.000,Miguel,recording,knock_once,9,-0.853927,7.093647,7.239435,-0.072641,0.351620,0.070892
805545370.000,Miguel,recording,knock_once,9,-0.688726,6.976783,7.233599,-0.055649,0.423662,0.089596
805545380.000,Miguel,recording,knock_once,9,-0.409613,6.582577,7.001383,-0.076293,0.488926,0.080597
805545390.000,Miguel,recording,knock_once,9,-0.382783,6.262223,7.248669,-0.089440,0.580622,0.072792
805545400.000,Miguel,recording,knock_once,9,-0.693528,6.584732,7.763649,-0.035887,0.676059,0.114440
805545410.000,Miguel,recording,knock_once,9,-0.894044,7.198479,7.956750,0.071026,0.712968,0.189734
805545420.000,Miguel,recording,knock_once,9,-0.859836,7.727726,7.647834,0.183810,0.663613,0.242571
805545430.000,Miguel,recording,knock_once,9,-0.708700,7.831014,6.996223,0.266374,0.544663,0.257659
805545440.000,Miguel,recording,knock_once,9,-0.466579,7.610704,6.198413,0.288518,0.405599,0.254769
805545450.000,Miguel,recording,knock_once,9,-0.123437,7.189499,5.618300,0.234026,0.300916,0.236079
805545460.000,Miguel,recording,knock_once,9,0.080686,6.965967,5.532588,0.130993,0.248980,0.191245
805545470.000,Miguel,recording,knock_once,9,-0.124780,7.075355,5.764577,0.031733,0.221713,0.132611
805545480.000,Miguel,recording,knock_once,9,-0.512230,7.303161,6.207365,-0.031676,0.176087,0.086331
805545490.000,Miguel,recording,knock_once,9,-0.840768,7.286643,6.659291,-0.047116,0.094226,0.062561
805545500.000,Miguel,recording,knock_once,9,-0.965930,7.069719,6.844988,-0.014089,-0.010649,0.058269
805545510.000,Miguel,recording,knock_once,9,-0.969051,6.854188,6.765455,0.048852,-0.105991,0.070335
805545520.000,Miguel,recording,knock_once,9,-0.859835,6.810264,6.475941,0.108691,-0.160969,0.093440
805545530.000,Miguel,recording,knock_once,9,-0.657051,6.962816,6.187548,0.139491,-0.166803,0.117827
805545540.000,Miguel,recording,knock_once,9,-0.518500,7.099230,5.986950,0.135881,-0.136889,0.135920
805545550.000,Miguel,recording,knock_once,9,-0.480962,7.195945,6.036003,0.113081,-0.097164,0.147855
805545560.000,Miguel,recording,knock_once,9,-0.380791,7.371619,6.392724,0.097731,-0.070109,0.153007
805545570.000,Miguel,recording,knock_once,9,-0.285066,7.539658,6.798193,0.104623,-0.065272,0.144560
805545580.000,Miguel,recording,knock_once,9,-0.336854,7.579292,6.960026,0.122779,-0.076638,0.120613
805545590.000,Miguel,recording,knock_once,9,-0.482151,7.473464,6.728872,0.116872,-0.086746,0.089872
805545600.000,Miguel,recording,knock_once,9,-0.604548,7.369327,5.954252,0.037069,-0.088818,0.065589
805545610.000,Miguel,recording,knock_once,9,-0.675057,7.209757,5.305824,-0.117157,-0.096714,0.066629
805545620.000,Miguel,recording,knock_once,9,-0.656687,7.052275,5.282477,-0.274863,-0.126953,0.110455
805545630.000,Miguel,recording,knock_once,9,-0.525062,7.154329,5.698070,-0.379993,-0.177913,0.189727
805545640.000,Miguel,recording,knock_once,9,-0.425146,7.675506,6.260486,-0.430596,-0.245927,0.273346
805545650.000,Miguel,recording,knock_once,9,-0.350592,7.860185,6.578651,-0.445416,-0.332487,0.332856
805545660.000,Miguel,recording,knock_once,9,-0.274188,7.571491,6.668689,-0.432213,-0.412791,0.360516
805545670.000,Miguel,recording,knock_once,9,-0.126161,7.166327,6.530844,-0.389388,-0.449103,0.359201
805545680.000,Miguel,recording,knock_once,9,0.175968,6.951003,6.200135,-0.333244,-0.421767,0.329071
805545690.000,Miguel,recording,knock_once,9,0.528440,6.900091,5.925957,-0.293825,-0.330594,0.270298
805545700.000,Miguel,recording,knock_once,9,0.650689,6.928148,5.847483,-0.285022,-0.201450,0.193040
805545710.000,Miguel,recording,knock_once,9,0.433782,6.925365,6.224778,-0.297249,-0.082578,0.125011
805545720.000,Miguel,recording,knock_once,9,-0.082212,6.879254,6.457374,-0.318752,-0.005774,0.093389
805545730.000,Miguel,recording,knock_once,9,-0.550922,7.005900,6.496627,-0.350859,0.036417,0.100512
805545740.000,Miguel,recording,knock_once,9,-0.850638,7.127504,6.467643,-0.397526,0.056389,0.129641
805545750.000,Miguel,recording,knock_once,9,-1.009877,7.137396,6.347155,-0.456045,0.053827,0.167563
805545760.000,Miguel,recording,knock_once,9,-0.994267,6.895458,6.313867,-0.525638,0.006750,0.214054
805545770.000,Miguel,recording,knock_once,9,-0.550957,6.660299,6.540119,-0.589270,-0.102823,0.270594
805545780.000,Miguel,recording,knock_once,9,-0.105467,6.820181,6.998935,-0.581544,-0.200045,0.319788
805545790.000,Miguel,recording,knock_once,9,0.189860,7.207263,7.415895,-0.485661,-0.218997,0.332152
805545800.000,Miguel,recording,knock_once,9,0.386128,7.755006,8.580162,-0.338570,-0.181889,0.296284
805545810.000,Miguel,recording,knock_once,9,0.910514,7.518984,9.761912,-0.135592,-0.095933,0.220949
805545820.000,Miguel,recording,knock_once,9,0.480964,6.835253,8.096478,0.087813,0.071208,0.142015
805545830.000,Miguel,recording,knock_once,9,0.426349,6.510866,7.788312,0.258646,0.285548,0.096928
805545840.000,Miguel,recording,knock_once,9,0.734148,6.302226,7.477037,0.364418,0.480474,0.066476
805545850.000,Miguel,recording,knock_once,9,0.883177,6.187259,7.156552,0.419504,0.625288,0.017191
805545860.000,Miguel,recording,knock_once,9,0.828217,6.451792,6.814894,0.427304,0.688401,-0.040020
805545870.000,Miguel,recording,knock_once,9,0.711390,6.650653,6.663135,0.401544,0.675080,-0.083859
805545880.000,Miguel,recording,knock_once,9,0.557434,6.897918,6.707815,0.360391,0.622625,-0.114519
805545890.000,Miguel,recording,knock_once,9,0.450097,7.123441,6.626841,0.312629,0.559553,-0.141313
805545900.000,Miguel,recording,knock_once,9,0.331474,7.219265,6.654795,0.262819,0.494592,-0.168307
805545910.000,Miguel,recording,knock_once,9,0.017441,7.228182,6.673707,0.210381,0.430723,-0.189712
805545920.000,Miguel,recording,knock_once,9,-0.356764,7.226220,6.576720,0.149875,0.367371,-0.196550
805545930.000,Miguel,recording,knock_once,9,-0.562779,7.143834,6.484925,0.082960,0.298961,-0.182019
805545940.000,Miguel,recording,knock_once,9,-0.655402,7.007276,6.707456,0.026446,0.226212,-0.144786
805545950.000,Miguel,recording,knock_once,9,-0.646244,6.995345,7.011449,-0.003431,0.158238,-0.092429
805545960.000,Miguel,recording,knock_once,9,-0.528939,7.066566,7.140068,-0.006217,0.098173,-0.036314
805545970.000,Miguel,recording,knock_once,9,-0.431986,7.181428,7.085313,0.003730,0.038766,0.017439
805545980.000,Miguel,recording,knock_once,9,-0.379726,7.227790,6.778718,0.002957,-0.027026,0.067820
805545990.000,Miguel,recording,knock_once,9,-0.318982,7.238719,6.429485,-0.026857,-0.099195,0.114278
805546000.000,Miguel,recording,knock_once,9,-0.337083,7.256826,6.298689,-0.081111,-0.181686,0.154277
805546010.000,Miguel,recording,knock_once,9,-0.394052,7.366135,6.544191,-0.129830,-0.290171,0.184327
805546020.000,Miguel,recording,knock_once,9,-0.460927,7.402983,6.772100,-0.141652,-0.414273,0.213981
805546030.000,Miguel,recording,knock_once,9,-0.557821,7.169604,6.710453,-0.108227,-0.491056,0.267443
805546040.000,Miguel,recording,knock_once,9,-0.626810,7.229327,6.863324,-0.034720,-0.477532,0.346733
805546050.000,Miguel,recording,knock_once,9,-0.434889,7.427685,6.956814,0.075619,-0.425051,0.418436
805546060.000,Miguel,recording,knock_once,9,-0.139050,7.024147,6.601183,0.204860,-0.386362,0.453662
805546070.000,Miguel,recording,knock_once,9,-0.046329,6.502531,6.191097,0.311394,-0.342310,0.484732
805546080.000,Miguel,recording,knock_once,9,2.246555,5.736300,6.143532,0.391570,-0.306618,0.526669
805546090.000,Miguel,recording,knock_once,9,4.670252,6.155834,6.987546,0.487829,-0.377187,0.449748
805546100.000,Miguel,recording,knock_once,9,3.351255,6.238683,7.422036,0.585990,-0.574272,0.183958
805546110.000,Miguel,recording,knock_once,9,2.198594,6.201691,7.202143,0.602617,-0.703011,-0.166345
805546120.000,Miguel,recording,knock_once,9,0.931919,6.429318,6.479404,0.499958,-0.601528,-0.503903
805546130.000,Miguel,recording,knock_once,9,-0.395570,6.739718,6.447325,0.340727,-0.379236,-0.740846
805546140.000,Miguel,recording,knock_once,9,-1.328701,6.994511,6.676336,0.215266,-0.213664,-0.790919
805546150.000,Miguel,recording,knock_once,9,-1.665881,7.388843,7.034137,0.156609,-0.130017,-0.667132
805546160.000,Miguel,recording,knock_once,9,-1.534921,7.765466,7.017220,0.143366,-0.057372,-0.461793
805546170.000,Miguel,recording,knock_once,9,-1.290747,7.899765,6.947533,0.151295,0.057542,-0.256649
805546180.000,Miguel,recording,knock_once,9,-1.050360,7.758616,6.847216,0.172761,0.205072,-0.086090
805546190.000,Miguel,recording,knock_once,9,-0.659495,7.701920,6.671743,0.202662,0.325946,0.047874
805546200.000,Miguel,recording,knock_once,9,-0.193499,7.684261,6.509276,0.228390,0.389459,0.144105
805546210.000,Miguel,recording,knock_once,9,0.214753,7.602911,6.388254,0.237601,0.415597,0.192772
805546220.000,Miguel,recording,knock_once,9,0.523829,7.506782,6.267830,0.222857,0.431242,0.190487
805546230.000,Miguel,recording,knock_once,9,0.647291,7.390088,6.220157,0.185165,0.447579,0.149614
805546240.000,Miguel,recording,knock_once,9,0.596257,7.343585,6.220771,0.134435,0.451947,0.090444
805546250.000,Miguel,recording,knock_once,9,0.380638,7.300685,6.221812,0.081346,0.424023,0.033469
805546260.000,Miguel,recording,knock_once,9,0.172244,7.208499,6.242467,0.032435,0.361281,-0.008260
805546270.000,Miguel,recording,knock_once,9,0.038493,7.195907,6.303606,-0.007307,0.277197,-0.034434
805546280.000,Miguel,recording,knock_once,9,-0.036407,7.252541,6.387822,-0.030004,0.189902,-0.051107
805546290.000,Miguel,recording,knock_once,9,-0.071695,7.334125,6.456731,-0.032206,0.111297,-0.060173
805546300.000,Miguel,recording,knock_once,9,-0.152107,7.357485,6.440742,-0.020433,0.044001,-0.057558
805546310.000,Miguel,recording,knock_once,9,-0.201255,7.290959,6.380680,-0.004676,-0.005326,-0.043914
805546320.000,Miguel,recording,knock_once,9,-0.232251,7.284382,6.312297,0.003692,-0.023642,-0.030460
805546330.000,Miguel,recording,knock_once,9,-0.249399,7.339772,6.213475,-0.005547,-0.013022,-0.023725
805546340.000,Miguel,recording,knock_once,9,-0.301640,7.311240,6.122132,-0.036048,0.003559,-0.018031
805546350.000,Miguel,recording,knock_once,9,-0.214751,7.272943,6.129261,-0.081041,0.006669,-0.012323
805546360.000,Miguel,recording,knock_once,9,-0.121023,7.273982,6.323936,-0.125037,-0.006588,-0.013574
805546370.000,Miguel,recording,knock_once,9,-0.018022,7.309383,6.511981,-0.156156,-0.035560,-0.024847
805546380.000,Miguel,recording,knock_once,9,-0.005502,7.384259,6.650657,-0.170724,-0.076518,-0.041874
805546390.000,Miguel,recording,knock_once,9,-0.033249,7.388951,6.698082,-0.168062,-0.118560,-0.055166
805546400.000,Miguel,recording,knock_once,9,-0.085903,7.341585,6.695801,-0.151183,-0.147509,-0.058609
805546410.000,Miguel,recording,knock_once,9,-0.138629,7.312394,6.663908,-0.127071,-0.150809,-0.053603
805546420.000,Miguel,recording,knock_once,9,-0.204878,7.318616,6.716913,-0.099370,-0.121592,-0.044236
805546430.000,Miguel,recording,knock_once,9,-0.199257,7.302596,6.740571,-0.067270,-0.067420,-0.033114
805546440.000,Miguel,recording,knock_once,9,-0.139324,7.238991,6.762620,-0.027121,-0.010445,-0.019614
805546450.000,Miguel,recording,knock_once,9,-0.061505,7.249114,6.816016,0.023439,0.036142,-0.004350
805546460.000,Miguel,recording,knock_once,9,-0.022030,7.230681,6.740852,0.074709,0.076313,0.007405
805546470.000,Miguel,recording,knock_once,9,0.019253,7.259273,6.577208,0.110207,0.114814,0.010805
805546480.000,Miguel,recording,knock_once,9,0.066978,7.292115,6.416592,0.123800,0.146358,0.005672
805546490.000,Miguel,recording,knock_once,9,0.061690,7.320708,6.317950,0.121940,0.164661,-0.002254
805546500.000,Miguel,recording,knock_once,9,-0.024576,7.373554,6.255032,0.109618,0.170173,-0.005474
805546510.000,Miguel,recording,knock_once,9,-0.125729,7.400213,6.161730,0.085038,0.168579,-0.001005
805546520.000,Miguel,recording,knock_once,9,-0.146727,7.366413,6.063054,0.047993,0.169172,0.008132
805546530.000,Miguel,recording,knock_once,9,-0.121398,7.276945,6.100473,0.009449,0.177285,0.013480
805546540.000,Miguel,recording,knock_once,9,-0.093918,7.264409,6.285261,-0.014828,0.191612,0.009186
805546550.000,Miguel,recording,knock_once,9,-0.082213,7.265723,6.423785,-0.016048,0.212212,-0.001382
805546560.000,Miguel,recording,knock_once,9,-0.146441,7.269010,6.523695,0.004851,0.243827,-0.010760
805546570.000,Miguel,recording,knock_once,9,-0.200062,7.272562,6.564789,0.038395,0.285762,-0.014471
805546580.000,Miguel,recording,knock_once,9,-0.225482,7.255435,6.604680,0.073913,0.323935,-0.013984
805546590.000,Miguel,recording,knock_once,9,-0.210136,7.209691,6.589914,0.104659,0.341297,-0.014715
805546600.000,Miguel,recording,knock_once,9,-0.192598,7.210927,6.557491,0.124589,0.332982,-0.019933
805546610.000,Miguel,recording,knock_once,9,-0.199338,7.238077,6.472499,0.127037,0.304052,-0.029684
805546620.000,Miguel,recording,knock_once,9,-0.224416,7.262649,6.396147,0.108490,0.255872,-0.040659
805546630.000,Miguel,recording,knock_once,9,-0.246635,7.245581,6.293487,0.071387,0.183744,-0.049808
805546640.000,Miguel,recording,knock_once,9,-0.281089,7.229210,6.210093,0.022239,0.089624,-0.058595
805546650.000,Miguel,recording,knock_once,9,-0.335294,7.249301,6.218065,-0.033035,-0.010173,-0.068206
805546660.000,Miguel,recording,knock_once,9,-0.397854,7.297415,6.222154,-0.090971,-0.094591,-0.074154
805546670.000,Miguel,recording,knock_once,9,-0.403607,7.292743,6.264913,-0.145014,-0.150354,-0.071444
805546680.000,Miguel,recording,knock_once,9,-0.397869,7.286894,6.472835,-0.181977,-0.179403,-0.060423
805546690.000,Miguel,recording,knock_once,9,-0.397425,7.298557,6.614535,-0.193010,-0.195276,-0.044378
805546700.000,Miguel,recording,knock_once,9,-0.329487,7.287935,6.669904,-0.182002,-0.205566,-0.027808
805546710.000,Miguel,recording,knock_once,9,-0.252959,7.261251,6.636248,-0.160225,-0.203083,-0.015220
805546720.000,Miguel,recording,knock_once,9,-0.176340,7.236233,6.577016,-0.138611,-0.177331,-0.008892
805546730.000,Miguel,recording,knock_once,9,-0.162721,7.267898,6.632337,-0.119175,-0.130216,-0.006416
805546740.000,Miguel,recording,knock_once,9,-0.205769,7.302128,6.808892,-0.091787,-0.077663,-0.002713
805546750.000,Miguel,recording,knock_once,9,-0.193196,7.301419,6.893720,-0.049347,-0.034474,0.003949
805546760.000,Miguel,recording,knock_once,9,-0.137725,7.258711,6.840609,-0.001263,0.000454,0.009270
805546770.000,Miguel,recording,knock_once,9,-0.014665,7.231977,6.693037,0.035486,0.036042,0.004734
805546780.000,Miguel,recording,knock_once,9,0.085450,7.247262,6.503108,0.050641,0.071053,-0.014283
805546790.000,Miguel,recording,knock_once,9,0.026978,7.302224,6.400913,0.046213,0.094621,-0.041812
805546800.000,Miguel,recording,knock_once,9,-0.129915,7.277504,6.473710,0.033875,0.098288,-0.064515
805546810.000,Miguel,recording,knock_once,9,-0.277633,7.256355,6.587923,0.024629,0.082968,-0.072907
805546820.000,Miguel,recording,knock_once,9,-0.352716,7.213565,6.629531,0.020675,0.055487,-0.070493
805546830.000,Miguel,recording,knock_once,9,-0.348051,7.184955,6.581640,0.017865,0.022256,-0.066027
805546840.000,Miguel,recording,knock_once,9,-0.317318,7.177037,6.448511,0.010550,-0.010443,-0.064826
805546850.000,Miguel,recording,knock_once,9,-0.332581,7.216340,6.290132,-0.008895,-0.036313,-0.066764
805546860.000,Miguel,recording,knock_once,9,-0.379482,7.249350,6.176740,-0.043859,-0.054135,-0.067009
805546870.000,Miguel,recording,knock_once,9,-0.438354,7.212754,6.219021,-0.083384,-0.069275,-0.062315
805546880.000,Miguel,recording,knock_once,9,-0.492673,7.172465,6.353832,-0.111234,-0.085852,-0.052614
805546890.000,Miguel,recording,knock_once,9,-0.472157,7.126368,6.440468,-0.120928,-0.099040,-0.040118
805546900.000,Miguel,recording,knock_once,9,-0.381510,7.116557,6.458336,-0.116745,-0.099219,-0.029621
805546910.000,Miguel,recording,knock_once,9,-0.280362,7.161850,6.451157,-0.106520,-0.079938,-0.025865
805546920.000,Miguel,recording,knock_once,9,-0.303156,7.235123,6.571766,-0.090215,-0.039510,-0.028758
805546930.000,Miguel,recording,knock_once,9,-0.398975,7.202061,6.722235,-0.061853,0.012031,-0.030981
805546940.000,Miguel,recording,knock_once,9,-0.473333,7.203878,6.765215,-0.022298,0.056247,-0.025289
805546950.000,Miguel,recording,knock_once,9,-0.456680,7.197529,6.635439,0.017137,0.084642,-0.014324
805546960.000,Miguel,recording,knock_once,9,-0.391367,7.233932,6.445148,0.039667,0.099372,-0.006205
805546970.000,Miguel,recording,knock_once,9,-0.333859,7.260368,6.216148,0.034034,0.104555,-0.005454
805546980.000,Miguel,recording,knock_once,9,-0.323127,7.283118,6.137701,0.004153,0.101220,-0.010583
805546990.000,Miguel,recording,knock_once,9,-0.378292,7.268140,6.269474,-0.031698,0.086487,-0.016281
805547000.000,Miguel,recording,knock_once,9,-0.425122,7.229625,6.477079,-0.054665,0.058003,-0.018662
805547010.000,Miguel,recording,knock_once,9,-0.438236,7.203215,6.572578,-0.061119,0.023223,-0.017135
805547020.000,Miguel,recording,knock_once,9,-0.419668,7.209577,6.551450,-0.061220,-0.005380,-0.012797
805547030.000,Miguel,recording,knock_once,9,-0.434978,7.214388,6.475709,-0.066094,-0.021366,-0.007043
805547040.000,Miguel,recording,knock_once,9,-0.441151,7.208481,6.399873,-0.080230,-0.023940,-0.000800
805547050.000,Miguel,recording,knock_once,9,-0.413348,7.188852,6.360238,-0.101927,-0.018690,0.006071
805547060.000,Miguel,recording,knock_once,9,-0.304386,7.191558,6.396128,-0.125081,-0.014830,0.010953
805547070.000,Miguel,recording,knock_once,9,-0.186132,7.187954,6.531594,-0.140104,-0.017138,0.006405
805547080.000,Miguel,recording,knock_once,9,-0.127082,7.156140,6.660785,-0.141843,-0.018546,-0.011178
805547090.000,Miguel,recording,knock_once,9,-0.188198,7.128736,6.745096,-0.133692,-0.007359,-0.036033
805547100.000,Miguel,recording,knock_once,9,-0.376311,7.098202,6.885692,-0.117062,0.015909,-0.056836
805547110.000,Miguel,recording,knock_once,9,-0.502820,7.118783,6.952055,-0.090737,0.037086,-0.063482
805547120.000,Miguel,recording,knock_once,9,-0.553678,7.193587,6.922497,-0.059014,0.042809,-0.053237
805547130.000,Miguel,recording,knock_once,9,-0.573360,7.258988,6.868057,-0.029981,0.034186,-0.032505
805547140.000,Miguel,recording,knock_once,9,-0.607981,7.268630,6.847379,-0.010728,0.024861,-0.008644
805547150.000,Miguel,recording,knock_once,9,-0.578261,7.234585,6.812497,-0.002516,0.023137,0.015050
805547160.000,Miguel,recording,knock_once,9,-0.501342,7.206643,6.802687,0.000085,0.023247,0.034787
805547170.000,Miguel,recording,knock_once,9,-0.388842,7.187774,6.773448,0.001532,0.013538,0.044727
805547180.000,Miguel,recording,knock_once,9,-0.319778,7.180670,6.692097,-0.000398,-0.006205,0.041872
805547190.000,Miguel,recording,knock_once,9,-0.349102,7.218002,6.619560,-0.009378,-0.022062,0.032338
805547200.000,Miguel,recording,knock_once,9,-0.428853,7.191035,6.640709,-0.022088,-0.025763,0.026419
805547210.000,Miguel,recording,knock_once,9,-0.479763,7.152068,6.729211,-0.029952,-0.025202,0.028419
805547220.000,Miguel,recording,knock_once,9,-0.413645,7.139334,6.794121,-0.027100,-0.031900,0.035450
805547230.000,Miguel,recording,knock_once,9,-0.338424,7.186881,6.745415,-0.017502,-0.045054,0.041069
805547240.000,Miguel,recording,knock_once,9,-0.320198,7.201893,6.635658,-0.013322,-0.054205,0.041929
805547250.000,Miguel,recording,knock_once,9,-0.321982,7.187384,6.572186,-0.019278,-0.053287,0.040315
805547260.000,Miguel,recording,knock_once,9,-0.285471,7.147926,6.550906,-0.028728,-0.046539,0.036517
805547270.000,Miguel,recording,knock_once,9,-0.211150,7.115986,6.584242,-0.035847,-0.040930,0.028439
805547280.000,Miguel,recording,knock_once,9,-0.179808,7.124893,6.576254,-0.041721,-0.037497,0.016544
805547290.000,Miguel,recording,knock_once,9,-0.210264,7.124458,6.527716,-0.048851,-0.030682,0.003006
805547300.000,Miguel,recording,knock_once,9,-0.244689,7.139207,6.551736,-0.054078,-0.015272,-0.006670
805547310.000,Miguel,recording,knock_once,9,-0.285142,7.116351,6.692728,-0.051370,0.008086,-0.009576
805547320.000,Miguel,recording,knock_once,9,-0.312098,7.106594,6.753795,-0.039684,0.031883,-0.009152
805547330.000,Miguel,recording,knock_once,9,-0.282144,7.082109,6.730251,-0.026453,0.045599,-0.009436
805547340.000,Miguel,recording,knock_once,9,-0.293336,7.069822,6.624360,-0.021500,0.045943,-0.012837
805547350.000,Miguel,recording,knock_once,9,-0.359711,7.092113,6.583544,-0.027953,0.040674,-0.018074
805547360.000,Miguel,recording,knock_once,9,-0.494677,7.043781,6.693781,-0.037262,0.036038,-0.018845
805547370.000,Miguel,recording,knock_once,9,-0.544470,7.010645,6.801978,-0.038064,0.026216,-0.010835
805547380.000,Miguel,recording,knock_once,9,-0.474472,6.993291,6.820847,-0.028714,0.005146,0.002256
805547390.000,Miguel,recording,knock_once,9,-0.380759,7.024506,6.717774,-0.016147,-0.020005,0.013660
805547400.000,Miguel,recording,knock_once,9,-0.316406,7.051165,6.617568,-0.008871,-0.034952,0.020623
805547410.000,Miguel,recording,knock_once,9,-0.286497,7.055185,6.635776,-0.008189,-0.032851,0.023799
805547420.000,Miguel,recording,knock_once,9,-0.247182,7.039764,6.659690,-0.007155,-0.019705,0.022896
805547430.000,Miguel,recording,knock_once,9,-0.161320,7.075405,6.672336,-0.002176,-0.005679,0.015866
805547440.000,Miguel,recording,knock_once,9,-0.125178,7.096775,6.634756,0.000263,0.005503,0.001535
805547450.000,Miguel,recording,knock_once,9,-0.158999,7.152431,6.613214,-0.005229,0.015867,-0.017410
805547460.000,Miguel,recording,knock_once,9,-0.238295,7.164742,6.608699,-0.016184,0.024393,-0.032387
805547470.000,Miguel,recording,knock_once,9,-0.343595,7.188622,6.640492,-0.028568,0.027636,-0.036831
805547480.000,Miguel,recording,knock_once,9,-0.408080,7.201159,6.673512,-0.039948,0.023395,-0.033030
805547490.000,Miguel,recording,knock_once,9,-0.458952,7.215847,6.710829,-0.050788,0.011228,-0.025728
805547500.000,Miguel,recording,knock_once,9,-0.545454,7.238409,6.797224,-0.062534,-0.003061,-0.016062
805547510.000,Miguel,recording,knock_once,9,-0.622547,7.203759,6.962662,-0.070289,-0.012831,-0.000649
805547520.000,Miguel,recording,knock_once,9,-0.593071,7.180296,7.136891,-0.064184,-0.021555,0.020550
805547530.000,Miguel,recording,knock_once,9,-0.493083,7.166684,7.247395,-0.040192,-0.034787,0.039267
805547540.000,Miguel,recording,knock_once,9,-0.417784,7.134892,7.247067,-0.005190,-0.048565,0.049142
805547550.000,Miguel,recording,knock_once,9,-0.350589,7.086978,7.222055,0.033569,-0.052984,0.050812
805547560.000,Miguel,recording,knock_once,9,-0.321613,7.024306,7.231079,0.078481,-0.041982,0.047504
805547570.000,Miguel,recording,knock_once,9,-0.268897,7.025699,7.168790,0.130573,-0.021514,0.041893
805547580.000,Miguel,recording,knock_once,9,-0.221995,7.042165,6.949972,0.177490,-0.001977,0.033112
805547590.000,Miguel,recording,knock_once,9,-0.193871,7.093082,6.641642,0.202716,0.013737,0.019733
805547600.000,Miguel,recording,knock_once,9,-0.186002,7.127535,6.382614,0.199649,0.026383,0.002571
805547610.000,Miguel,recording,knock_once,9,-0.217002,7.145636,6.189887,0.171235,0.033113,-0.015277
805547620.000,Miguel,recording,knock_once,9,-0.281450,7.207264,6.075687,0.125993,0.031872,-0.028775
805547630.000,Miguel,recording,knock_once,9,-0.419682,7.293159,6.014304,0.071939,0.025899,-0.032459
805547640.000,Miguel,recording,knock_once,9,-0.573795,7.320500,6.016864,0.014299,0.021659,-0.020538
805547650.000,Miguel,recording,knock_once,9,-0.640390,7.247942,6.099712,-0.038540,0.021819,0.004897
805547660.000,Miguel,recording,knock_once,9,-0.549067,7.154630,6.345681,-0.074486,0.021492,0.032551
805547670.000,Miguel,recording,knock_once,9,-0.442882,7.070315,6.554128,-0.086337,0.014238,0.052345
805547680.000,Miguel,recording,knock_once,9,-0.336000,7.079313,6.635407,-0.079321,-0.000699,0.059405
805547690.000,Miguel,recording,knock_once,9,-0.285762,7.078073,6.652760,-0.066370,-0.015265,0.056589
805547700.000,Miguel,recording,knock_once,9,-0.245442,7.046096,6.688652,-0.055093,-0.021275,0.049521
805547710.000,Miguel,recording,knock_once,9,-0.229916,7.008316,6.750070,-0.041865,-0.020389,0.039614
805547720.000,Miguel,recording,knock_once,9,-0.202557,7.038472,6.762070,-0.024502,-0.021100,0.028216
805547730.000,Miguel,recording,knock_once,9,-0.238689,7.080972,6.736994,-0.008817,-0.025787,0.020225
805547740.000,Miguel,recording,knock_once,9,-0.298109,7.104384,6.680234,0.002517,-0.029330,0.019971
805547750.000,Miguel,recording,knock_once,9,-0.280605,7.105904,6.608418,0.008974,-0.031185,0.026175
805547760.000,Miguel,recording,knock_once,9,-0.197064,7.081433,6.493421,0.008422,-0.033870,0.032617
805547770.000,Miguel,recording,knock_once,9,-0.091392,7.089488,6.387553,-0.000890,-0.036528,0.031983
805547780.000,Miguel,recording,knock_once,9,-0.027022,7.080397,6.315480,-0.020166,-0.034004,0.021509
805547790.000,Miguel,recording,knock_once,9,-0.068795,7.094077,6.380370,-0.045914,-0.022897,0.004675
805547800.000,Miguel,recording,knock_once,9,-0.156908,7.037327,6.496130,-0.070595,-0.012264,-0.010911
805547810.000,Miguel,recording,knock_once,9,-0.165982,6.990598,6.653677,-0.086650,-0.015736,-0.019163
805547820.000,Miguel,recording,knock_once,9,-0.110964,6.899837,6.832613,-0.086043,-0.036927,-0.025628
805547830.000,Miguel,recording,knock_once,9,0.016132,6.812839,6.958635,-0.061611,-0.065733,-0.043800
805547840.000,Miguel,recording,knock_once,9,0.141479,6.786905,6.942320,-0.014304,-0.083781,-0.079851
805547850.000,Miguel,recording,knock_once,9,0.170438,6.888299,6.791201,0.044443,-0.075744,-0.123688
805547860.000,Miguel,recording,knock_once,9,0.058781,7.008925,6.555072,0.099404,-0.036087,-0.157389
805547870.000,Miguel,recording,knock_once,9,-0.144347,7.123084,6.378002,0.136498,0.029894,-0.169821
805547880.000,Miguel,recording,knock_once,9,-0.374065,7.184541,6.195156,0.142866,0.102525,-0.160344
805547890.000,Miguel,recording,knock_once,9,-0.585148,7.234372,6.088683,0.113527,0.157749,-0.134831
805547900.000,Miguel,recording,knock_once,9,-0.718233,7.253266,6.072854,0.055692,0.181597,-0.101187
805547910.000,Miguel,recording,knock_once,9,-0.759401,7.264238,6.191590,-0.016108,0.172018,-0.066958
805547920.000,Miguel,recording,knock_once,9,-0.746542,7.239968,6.405595,-0.086237,0.136545,-0.036238
805547930.000,Miguel,recording,knock_once,9,-0.714160,7.217686,6.707173,-0.143094,0.086688,-0.009631
805547940.000,Miguel,recording,knock_once,9,-0.670806,7.215105,6.939713,-0.179517,0.031241,0.013293
805547950.000,Miguel,recording,knock_once,9,-0.596333,7.201008,7.153491,-0.192896,-0.026075,0.031315
805547960.000,Miguel,recording,knock_once,9,-0.537557,7.188184,7.372236,-0.183233,-0.079445,0.041727
805547970.000,Miguel,recording,knock_once,9,-0.462091,7.193119,7.474994,-0.154881,-0.118779,0.044250
805547980.000,Miguel,recording,knock_once,9,-0.434296,7.229522,7.461182,-0.115832,-0.135298,0.041442
805547990.000,Miguel,recording,knock_once,9,-0.388518,7.261053,7.379232,-0.073177,-0.126543,0.035759
805548000.000,Miguel,recording,knock_once,9,-0.343091,7.255147,7.275927,-0.032642,-0.096533,0.027868
805548010.000,Miguel,recording,knock_once,9,-0.355451,7.247154,7.261332,0.004690,-0.053744,0.017831
805548020.000,Miguel,recording,knock_once,9,-0.386346,7.255098,7.194149,0.039023,-0.009965,0.009886
805548030.000,Miguel,recording,knock_once,9,-0.433373,7.245459,7.094407,0.066037,0.022455,0.009089
805548040.000,Miguel,recording,knock_once,9,-0.430400,7.262690,6.972976,0.081479,0.036373,0.013290
805548050.000,Miguel,recording,knock_once,9,-0.466030,7.233052,6.871307,0.085205,0.035248,0.017793
805548060.000,Miguel,recording,knock_once,9,-0.520412,7.205346,6.813127,0.082133,0.028538,0.023522
805548070.000,Miguel,recording,knock_once,9,-0.524640,7.146771,6.837843,0.082132,0.021224,0.033323
805548080.000,Miguel,recording,knock_once,9,-0.422072,7.098844,6.850137,0.093397,0.012878,0.044707
805548090.000,Miguel,recording,knock_once,9,-0.290521,7.064000,6.787045,0.114113,0.007485,0.051984
805548100.000,Miguel,recording,knock_once,9,-0.232989,7.028108,6.636610,0.133838,0.013103,0.052715
805548110.000,Miguel,recording,knock_once,9,-0.196951,6.962264,6.455672,0.144143,0.030222,0.048867
805548120.000,Miguel,recording,knock_once,9,-0.119173,6.889277,6.348713,0.145885,0.048777,0.041602
805548130.000,Miguel,recording,knock_once,9,-0.033380,6.857371,6.253200,0.142309,0.061313,0.029580
805548140.000,Miguel,recording,knock_once,9,-0.019861,6.868939,6.177674,0.130361,0.069739,0.011970
805548150.000,Miguel,recording,knock_once,9,-0.063267,6.886086,6.074445,0.104438,0.077513,-0.007754
805548160.000,Miguel,recording,knock_once,9,-0.058562,6.894174,6.074256,0.067483,0.084932,-0.026923
805548170.000,Miguel,recording,knock_once,9,-0.027083,6.877185,6.171916,0.033941,0.092029,-0.049323
805548180.000,Miguel,recording,knock_once,10,-0.014911,6.908033,6.337922,0.014169,0.101775,-0.075907
805548190.000,Miguel,recording,knock_once,10,-0.021081,6.924324,6.446020,0.009568,0.116851,-0.099932
805548200.000,Miguel,recording,knock_once,10,-0.065296,6.974295,6.481550,0.018151,0.136841,-0.116554
805548210.000,Miguel,recording,knock_once,10,-0.125617,7.001517,6.533610,0.036662,0.160303,-0.125614
805548220.000,Miguel,recording,knock_once,10,-0.164708,7.008083,6.536296,0.062162,0.184990,-0.128547
805548230.000,Miguel,recording,knock_once,10,-0.145759,6.987483,6.525170,0.090516,0.208121,-0.130118
805548240.000,Miguel,recording,knock_once,10,-0.107792,6.989734,6.481673,0.114734,0.229970,-0.134369
805548250.000,Miguel,recording,knock_once,10,-0.069188,6.974200,6.451936,0.125797,0.250273,-0.143146
805548260.000,Miguel,recording,knock_once,10,-0.039077,6.976509,6.385359,0.119004,0.265359,-0.158660
805548270.000,Miguel,recording,knock_once,10,-0.077146,6.952114,6.392001,0.099098,0.272347,-0.180229
805548280.000,Miguel,recording,knock_once,10,-0.131401,6.957838,6.502289,0.074880,0.268474,-0.202026
805548290.000,Miguel,recording,knock_once,10,-0.230986,6.998854,6.637411,0.051673,0.250208,-0.223042
805548300.000,Miguel,recording,knock_once,10,-0.302940,7.026362,6.836056,0.038793,0.233420,-0.248150
805548310.000,Miguel,recording,knock_once,10,-0.279170,6.940522,7.004403,0.049763,0.244187,-0.275235
805548320.000,Miguel,recording,knock_once,10,-0.261009,6.900668,7.191366,0.091491,0.284053,-0.302106
805548330.000,Miguel,recording,knock_once,10,-0.277863,6.875759,7.344920,0.162608,0.337402,-0.335485
805548340.000,Miguel,recording,knock_once,10,-0.320674,6.846174,7.300366,0.240701,0.369411,-0.387664
805548350.000,Miguel,recording,knock_once,10,-0.543862,6.870609,6.958147,0.275009,0.326357,-0.465066
805548360.000,Miguel,recording,knock_once,10,-1.000429,6.818433,6.607337,0.237729,0.208327,-0.544307
805548370.000,Miguel,recording,knock_once,10,-1.455764,6.805891,6.625780,0.168322,0.101770,-0.584976
805548380.000,Miguel,recording,knock_once,10,-1.520208,6.890536,6.828984,0.129341,0.082755,-0.578397
805548390.000,Miguel,recording,knock_once,10,-1.326525,7.226405,6.842076,0.144221,0.142405,-0.550323
805548400.000,Miguel,recording,knock_once,10,-1.326524,7.586473,6.715641,0.192187,0.223047,-0.512707
805548410.000,Miguel,recording,knock_once,10,-1.632399,7.620361,6.190739,0.221225,0.261905,-0.453850
805548420.000,Miguel,recording,knock_once,10,-1.625077,7.812774,5.380803,0.173463,0.220442,-0.384049
805548430.000,Miguel,recording,knock_once,10,-1.602389,8.015880,4.933064,0.045833,0.140655,-0.335853
805548440.000,Miguel,recording,knock_once,10,-2.024100,7.828387,4.763925,-0.129523,0.120166,-0.299080
805548450.000,Miguel,recording,knock_once,10,-2.040407,7.905374,5.274770,-0.315540,0.167606,-0.254815
805548460.000,Miguel,recording,knock_once,10,-2.251810,7.618087,6.290200,-0.432336,0.208009,-0.221577
805548470.000,Miguel,recording,knock_once,10,-2.640478,7.704182,6.945718,-0.439303,0.193129,-0.183824
805548480.000,Miguel,recording,knock_once,10,-2.951183,7.321854,7.116046,-0.380531,0.089112,-0.106467
805548490.000,Miguel,recording,knock_once,10,-2.879328,7.645827,7.335717,-0.305394,-0.111661,-0.000142
805548500.000,Miguel,recording,knock_once,10,-2.800843,8.393988,7.210747,-0.256043,-0.358972,0.112898
805548510.000,Miguel,recording,knock_once,10,-2.691877,8.563993,6.974404,-0.265111,-0.594286,0.220856
805548520.000,Miguel,recording,knock_once,10,-2.562870,8.105312,6.865458,-0.330948,-0.769064,0.306813
805548530.000,Miguel,recording,knock_once,10,-2.403685,7.280624,7.190744,-0.400864,-0.814780,0.359805
805548540.000,Miguel,recording,knock_once,10,-2.085723,6.760388,7.866655,-0.399681,-0.723378,0.402622
805548550.000,Miguel,recording,knock_once,10,-1.555895,6.769525,7.681351,-0.331196,-0.629731,0.462605
805548560.000,Miguel,recording,knock_once,10,-0.781603,7.001446,7.023355,-0.284426,-0.653907,0.512972
805548570.000,Miguel,recording,knock_once,10,-0.146185,7.072732,6.139028,-0.327971,-0.769300,0.514793
805548580.000,Miguel,recording,knock_once,10,0.238866,7.136630,5.423250,-0.477099,-0.891754,0.467931
805548590.000,Miguel,recording,knock_once,10,0.372424,7.823202,4.533309,-0.712327,-0.955350,0.385806
805548600.000,Miguel,recording,knock_once,10,0.542661,7.837712,4.412847,-0.963211,-0.908596,0.268560
805548610.000,Miguel,recording,knock_once,10,0.694124,6.735041,4.827358,-1.166628,-0.746165,0.118275
805548620.000,Miguel,recording,knock_once,10,0.705092,5.713523,5.331932,-1.323136,-0.558727,-0.043786
805548630.000,Miguel,recording,knock_once,10,0.676674,5.390502,6.087200,-1.438787,-0.474720,-0.186448
805548640.000,Miguel,recording,knock_once,10,0.687749,5.580855,7.187678,-1.489759,-0.525586,-0.294212
805548650.000,Miguel,recording,knock_once,10,0.725883,6.207324,8.412563,-1.420093,-0.577551,-0.374215
805548660.000,Miguel,recording,knock_once,10,0.168399,6.739373,10.094895,-1.157565,-0.442145,-0.423690
805548670.000,Miguel,recording,knock_once,10,0.083367,6.265629,9.596208,-0.735342,-0.121811,-0.442220
805548680.000,Miguel,recording,knock_once,10,-0.331021,5.583676,8.777352,-0.305027,0.167940,-0.451664
805548690.000,Miguel,recording,knock_once,10,-0.576996,5.447691,7.952262,0.028166,0.275878,-0.454157
805548700.000,Miguel,recording,knock_once,10,-0.962898,5.920580,7.323252,0.242900,0.235358,-0.433609
805548710.000,Miguel,recording,knock_once,10,-1.367139,6.328143,7.109817,0.360033,0.136405,-0.384659
805548720.000,Miguel,recording,knock_once,10,-1.608849,6.633659,6.948350,0.412342,0.022267,-0.314811
805548730.000,Miguel,recording,knock_once,10,-1.664198,6.888085,7.015955,0.421056,-0.108416,-0.235157
805548740.000,Miguel,recording,knock_once,10,-1.611434,7.001571,7.010873,0.401158,-0.222853,-0.157572
805548750.000,Miguel,recording,knock_once,10,-1.435798,6.964958,7.184514,0.365690,-0.278427,-0.107364
805548760.000,Miguel,recording,knock_once,10,-0.742872,6.914554,7.308041,0.339967,-0.350370,-0.102601
805548770.000,Miguel,recording,knock_once,10,-0.227044,6.671058,7.477502,0.332301,-0.479404,-0.140339
805548780.000,Miguel,recording,knock_once,10,0.044079,6.604813,7.749647,0.329351,-0.590257,-0.206578
805548790.000,Miguel,recording,knock_once,10,0.184779,6.555930,7.921984,0.333313,-0.635665,-0.276328
805548800.000,Miguel,recording,knock_once,10,0.234872,6.594430,8.083365,0.348847,-0.595004,-0.327911
805548810.000,Miguel,recording,knock_once,10,0.339734,6.503897,8.079564,0.373054,-0.469932,-0.355893
805548820.000,Miguel,recording,knock_once,10,0.405677,6.385690,8.101110,0.405060,-0.299375,-0.364727
805548830.000,Miguel,recording,knock_once,10,0.424960,6.353938,8.061351,0.447445,-0.132488,-0.364685
805548840.000,Miguel,recording,knock_once,10,0.179561,6.368831,7.812972,0.494904,-0.009380,-0.367844
805548850.000,Miguel,recording,knock_once,10,-0.172157,6.484059,7.492089,0.532045,0.042751,-0.377610
805548860.000,Miguel,recording,knock_once,10,-0.458180,6.599402,7.136726,0.547574,0.030144,-0.383935
805548870.000,Miguel,recording,knock_once,10,-0.782102,6.633130,6.806846,0.540887,-0.017470,-0.372768
805548880.000,Miguel,recording,knock_once,10,-1.057507,6.576020,6.551808,0.515295,-0.080104,-0.337067
805548890.000,Miguel,recording,knock_once,10,-1.134889,6.566237,6.442327,0.472652,-0.141992,-0.279050
805548900.000,Miguel,recording,knock_once,10,-0.948053,6.675411,6.259480,0.412600,-0.173153,-0.210706
805548910.000,Miguel,recording,knock_once,10,-0.704008,6.749151,6.070235,0.331389,-0.153483,-0.152591
805548920.000,Miguel,recording,knock_once,10,-0.476234,6.810933,5.941742,0.227913,-0.093166,-0.122749
805548930.000,Miguel,recording,knock_once,10,-0.349503,6.853996,5.909041,0.110336,-0.017719,-0.124618
805548940.000,Miguel,recording,knock_once,10,-0.380333,6.867651,6.010635,-0.007915,0.051912,-0.149593
805548950.000,Miguel,recording,knock_once,10,-0.534013,6.857955,6.198003,-0.112333,0.109627,-0.185463
805548960.000,Miguel,recording,knock_once,10,-0.652103,6.811299,6.448002,-0.189743,0.159708,-0.220292
805548970.000,Miguel,recording,knock_once,10,-0.632040,6.803642,6.643118,-0.234754,0.202682,-0.250224
805548980.000,Miguel,recording,knock_once,10,-0.554846,6.805884,6.672936,-0.255752,0.230031,-0.282867
805548990.000,Miguel,recording,knock_once,10,-0.537517,6.743724,6.685650,-0.264136,0.233277,-0.324235
805549000.000,Miguel,recording,knock_once,10,-0.439865,6.695042,7.052524,-0.245527,0.225970,-0.369403
805549010.000,Miguel,recording,knock_once,10,-0.207889,6.666947,7.725858,-0.165749,0.248645,-0.405302
805549020.000,Miguel,recording,knock_once,10,-0.386904,6.481773,8.132797,-0.015343,0.309430,-0.414340
805549030.000,Miguel,recording,knock_once,10,-0.996035,6.322073,8.272388,0.185902,0.341448,-0.385155
805549040.000,Miguel,recording,knock_once,10,-2.119115,6.337922,8.318442,0.399476,0.240003,-0.304995
805549050.000,Miguel,recording,knock_once,10,-7.100496,6.121750,8.318229,0.614182,-0.020343,-0.143480
805549060.000,Miguel,recording,knock_once,10,-4.781591,5.532267,8.748839,0.844572,-0.286216,0.112352
805549070.000,Miguel,recording,knock_once,10,-4.787189,6.361217,7.748607,1.036268,-0.424165,0.431147
805549080.000,Miguel,recording,knock_once,10,-3.264245,6.404034,7.363495,1.122006,-0.525428,0.721449
805549090.000,Miguel,recording,knock_once,10,-1.904973,6.913189,6.852036,1.112237,-0.636994,0.900147
805549100.000,Miguel,recording,knock_once,10,-0.580693,7.244713,6.713538,1.052198,-0.678754,0.966879
805549110.000,Miguel,recording,knock_once,10,0.050665,7.459460,6.392171,0.968631,-0.623802,0.953077
805549120.000,Miguel,recording,knock_once,10,0.567994,7.469274,5.996827,0.860095,-0.495830,0.882961
805549130.000,Miguel,recording,knock_once,10,1.085507,7.296054,5.439604,0.710677,-0.338451,0.766085
805549140.000,Miguel,recording,knock_once,10,1.414736,7.088398,4.971070,0.510546,-0.190508,0.607143
805549150.000,Miguel,recording,knock_once,10,1.385777,7.064691,4.789225,0.270873,-0.077109,0.423813
805549160.000,Miguel,recording,knock_once,10,0.938304,7.194149,4.840143,0.022746,0.010225,0.247765
805549170.000,Miguel,recording,knock_once,10,0.416482,7.338046,5.094346,-0.197002,0.096523,0.111504
805549180.000,Miguel,recording,knock_once,10,0.043730,7.302045,5.464341,-0.361784,0.179798,0.030210
805549190.000,Miguel,recording,knock_once,10,-0.079531,7.208878,5.864323,-0.460221,0.232483,-0.003526
805549200.000,Miguel,recording,knock_once,10,-0.126519,7.154399,6.222339,-0.494356,0.235636,-0.008967
805549210.000,Miguel,recording,knock_once,10,-0.131386,7.147013,6.491359,-0.475767,0.198129,-0.005222
805549220.000,Miguel,recording,knock_once,10,-0.156834,7.138663,6.601045,-0.420993,0.154417,-0.001588
805549230.000,Miguel,recording,knock_once,10,-0.128909,7.035129,6.607660,-0.347581,0.143633,-0.002413
805549240.000,Miguel,recording,knock_once,10,-0.023872,6.832653,6.440599,-0.275132,0.173117,-0.011636
805549250.000,Miguel,recording,knock_once,10,-0.279536,6.856817,6.455359,-0.221289,0.190297,-0.019102
805549260.000,Miguel,recording,knock_once,10,-0.632101,7.224876,6.577430,-0.188997,0.143164,-0.004332
805549270.000,Miguel,recording,knock_once,10,-0.766925,7.560915,6.597981,-0.171476,0.056208,0.037122
805549280.000,Miguel,recording,knock_once,10,-0.639687,7.601400,6.498690,-0.165516,-0.016722,0.086467
805549290.000,Miguel,recording,knock_once,10,-0.396421,7.515964,6.481589,-0.173937,-0.063833,0.122046
805549300.000,Miguel,recording,knock_once,10,-0.150204,7.492915,6.624074,-0.194555,-0.097283,0.135370
805549310.000,Miguel,recording,knock_once,10,0.033027,7.505939,6.776534,-0.216106,-0.109714,0.129465
805549320.000,Miguel,recording,knock_once,10,0.140859,7.514352,6.922585,-0.228914,-0.088487,0.111150
805549330.000,Miguel,recording,knock_once,10,0.194188,7.481899,7.056703,-0.228664,-0.042253,0.085416
805549340.000,Miguel,recording,knock_once,10,0.217096,7.419412,7.166813,-0.215057,0.009916,0.055806
805549350.000,Miguel,recording,knock_once,10,0.175177,7.353961,7.227031,-0.188156,0.056825,0.023613
805549360.000,Miguel,recording,knock_once,10,0.095241,7.270701,7.244680,-0.146886,0.094691,-0.011583
805549370.000,Miguel,recording,knock_once,10,-0.053047,7.211506,7.236199,-0.091814,0.119049,-0.044976
805549380.000,Miguel,recording,knock_once,10,-0.183128,7.139424,7.172290,-0.029109,0.122327,-0.070136
805549390.000,Miguel,recording,knock_once,10,-0.279478,7.091673,7.069786,0.030480,0.101586,-0.087392
805549400.000,Miguel,recording,knock_once,10,-0.268290,7.084560,6.978084,0.080369,0.072377,-0.102610
805549410.000,Miguel,recording,knock_once,10,-0.282269,7.028264,6.844907,0.117969,0.057789,-0.118581
805549420.000,Miguel,recording,knock_once,10,-0.368798,6.952008,6.679652,0.139509,0.063445,-0.129067
805549430.000,Miguel,recording,knock_once,10,-0.536413,6.882910,6.513011,0.142237,0.075931,-0.125790
805549440.000,Miguel,recording,knock_once,10,-0.732321,6.878013,6.397844,0.128276,0.077897,-0.105087
805549450.000,Miguel,recording,knock_once,10,-0.758810,6.931799,6.389344,0.105687,0.064365,-0.070224
805549460.000,Miguel,recording,knock_once,10,-0.559792,7.001036,6.394307,0.082792,0.044561,-0.036307
805549470.000,Miguel,recording,knock_once,10,-0.331841,7.043926,6.409999,0.063789,0.021997,-0.022976
805549480.000,Miguel,recording,knock_once,10,-0.220160,7.071559,6.513460,0.051643,-0.012772,-0.033516
805549490.000,Miguel,recording,knock_once,10,-0.252847,7.113115,6.638146,0.049042,-0.061061,-0.052979
805549500.000,Miguel,recording,knock_once,10,-0.364951,7.149687,6.722082,0.055088,-0.104964,-0.068709
805549510.000,Miguel,recording,knock_once,10,-0.465415,7.116665,6.698118,0.061820,-0.128659,-0.076685
805549520.000,Miguel,recording,knock_once,10,-0.534073,7.102279,6.703332,0.058529,-0.131891,-0.075122
805549530.000,Miguel,recording,knock_once,10,-0.558849,7.104565,6.713949,0.043209,-0.115258,-0.064637
805549540.000,Miguel,recording,knock_once,10,-0.554548,7.087401,6.702777,0.021940,-0.074614,-0.047403
805549550.000,Miguel,recording,knock_once,10,-0.566273,7.063003,6.640922,-0.002265,-0.017357,-0.025751
805549560.000,Miguel,recording,knock_once,10,-0.645789,7.040963,6.593754,-0.028238,0.033145,-0.001024
805549570.000,Miguel,recording,knock_once,10,-0.670256,7.067285,6.628499,-0.050231,0.054615,0.026824
805549580.000,Miguel,recording,knock_once,10,-0.486882,7.125491,6.793051,-0.058287,0.040653,0.050731
805549590.000,Miguel,recording,knock_once,10,-0.255499,7.145803,6.945320,-0.045574,0.007681,0.054858
805549600.000,Miguel,recording,knock_once,10,-0.111668,7.124664,7.032466,-0.014245,-0.017427,0.031363
805549610.000,Miguel,recording,knock_once,10,-0.159591,7.123866,7.047344,0.027565,-0.022220,-0.006046
805549620.000,Miguel,recording,knock_once,10,-0.335533,7.120647,6.999385,0.069667,-0.014180,-0.034631
805549630.000,Miguel,recording,knock_once,10,-0.547850,7.109459,6.885032,0.103755,-0.006177,-0.040667
805549640.000,Miguel,recording,knock_once,10,-0.660162,7.105938,6.766319,0.126423,-0.001938,-0.025071
805549650.000,Miguel,recording,knock_once,10,-0.649325,7.154889,6.645809,0.136494,0.002441,-0.001903
805549660.000,Miguel,recording,knock_once,10,-0.578709,7.157690,6.546552,0.134486,0.007209,0.016357
805549670.000,Miguel,recording,knock_once,10,-0.493695,7.177948,6.476831,0.123745,0.008216,0.027329
805549680.000,Miguel,recording,knock_once,10,-0.384635,7.180381,6.437173,0.107932,0.005871,0.032404
805549690.000,Miguel,recording,knock_once,10,-0.306628,7.159403,6.410473,0.091540,0.005748,0.031954
805549700.000,Miguel,recording,knock_once,10,-0.304138,7.160042,6.412515,0.077502,0.010791,0.026123
805549710.000,Miguel,recording,knock_once,10,-0.332640,7.161377,6.423452,0.066992,0.014790,0.018319
805549720.000,Miguel,recording,knock_once,10,-0.377922,7.147402,6.469788,0.061922,0.010029,0.013361
805549730.000,Miguel,recording,knock_once,10,-0.400429,7.145860,6.514525,0.063955,-0.000194,0.012411
805549740.000,Miguel,recording,knock_once,10,-0.380221,7.178045,6.517622,0.070812,-0.007300,0.011597
805549750.000,Miguel,recording,knock_once,10,-0.348024,7.247369,6.487101,0.076116,-0.007809,0.006430
805549760.000,Miguel,recording,knock_once,10,-0.302968,7.275130,6.386394,0.072251,-0.001735,-0.004196
805549770.000,Miguel,recording,knock_once,10,-0.327482,7.277616,6.300485,0.054026,0.010196,-0.016465
805549780.000,Miguel,recording,knock_once,10,-0.390696,7.227555,6.274375,0.023560,0.024613,-0.022024
805549790.000,Miguel,recording,knock_once,10,-0.469172,7.214590,6.275478,-0.012617,0.035919,-0.016680
805549800.000,Miguel,recording,knock_once,10,-0.456172,7.223365,6.371254,-0.046849,0.037134,-0.004257
805549810.000,Miguel,recording,knock_once,10,-0.369166,7.250850,6.493555,-0.071641,0.026725,0.006643
805549820.000,Miguel,recording,knock_once,10,-0.296871,7.232478,6.569359,-0.082664,0.015030,0.007228
805549830.000,Miguel,recording,knock_once,10,-0.307353,7.181259,6.599019,-0.081337,0.010355,-0.002505
805549840.000,Miguel,recording,knock_once,10,-0.386380,7.125897,6.660452,-0.072736,0.006221,-0.012742
805549850.000,Miguel,recording,knock_once,10,-0.421005,7.137001,6.706954,-0.060155,-0.004667,-0.015256
805549860.000,Miguel,recording,knock_once,10,-0.331278,7.179977,6.746239,-0.046765,-0.016711,-0.012602
805549870.000,Miguel,recording,knock_once,10,-0.254285,7.179015,6.717998,-0.036089,-0.019103,-0.013714
805549880.000,Miguel,recording,knock_once,10,-0.256984,7.160650,6.727112,-0.028758,-0.010442,-0.021907
805549890.000,Miguel,recording,knock_once,10,-0.339541,7.174026,6.765280,-0.022714,0.004458,-0.030266
805549900.000,Miguel,recording,knock_once,10,-0.482900,7.176342,6.803846,-0.014872,0.023940,-0.029541
805549910.000,Miguel,recording,knock_once,10,-0.552452,7.175090,6.817570,-0.003893,0.042102,-0.019219
805549920.000,Miguel,recording,knock_once,10,-0.516379,7.150221,6.776910,0.010079,0.048462,-0.006178
805549930.000,Miguel,recording,knock_once,10,-0.492121,7.152500,6.736038,0.025868,0.040887,0.003622
805549940.000,Miguel,recording,knock_once,10,-0.530757,7.155602,6.673906,0.042153,0.024644,0.009078
805549950.000,Miguel,recording,knock_once,10,-0.572460,7.174140,6.621740,0.055845,0.001467,0.013050
805549960.000,Miguel,recording,knock_once,10,-0.514464,7.228327,6.607718,0.062761,-0.026997,0.016465
805549970.000,Miguel,recording,knock_once,10,-0.356720,7.251176,6.631319,0.063755,-0.049879,0.015837
805549980.000,Miguel,recording,knock_once,10,-0.267679,7.162677,6.605632,0.060870,-0.052544,0.006624
805549990.000,Miguel,recording,knock_once,10,-0.260004,7.137716,6.583980,0.054167,-0.032638,-0.008692
805550000.000,Miguel,recording,knock_once,10,-0.359093,7.160940,6.562213,0.045125,-0.002888,-0.019672
805550010.000,Miguel,recording,knock_once,10,-0.426497,7.179142,6.560484,0.034769,0.022355,-0.020200
805550020.000,Miguel,recording,knock_once,10,-0.452626,7.211068,6.537301,0.024502,0.036170,-0.013758
805550030.000,Miguel,recording,knock_once,10,-0.459241,7.184930,6.516215,0.018023,0.038316,-0.006537
805550040.000,Miguel,recording,knock_once,10,-0.498935,7.159516,6.517203,0.016985,0.030169,-0.000647
805550050.000,Miguel,recording,knock_once,10,-0.559266,7.176689,6.529491,0.020676,0.016093,0.005746
805550060.000,Miguel,recording,knock_once,10,-0.585637,7.232517,6.542467,0.027018,-0.000012,0.014677
805550070.000,Miguel,recording,knock_once,10,-0.544075,7.268457,6.531689,0.031751,-0.016720,0.025490
805550080.000,Miguel,recording,knock_once,10,-0.470026,7.245995,6.521332,0.033550,-0.027514,0.033480
805550090.000,Miguel,recording,knock_once,10,-0.416578,7.202338,6.539900,0.034208,-0.024967,0.035206
805550100.000,Miguel,recording,knock_once,10,-0.444617,7.198702,6.520888,0.034915,-0.011805,0.033278
805550110.000,Miguel,recording,knock_once,10,-0.448683,7.249752,6.535770,0.035119,-0.003294,0.032560
805550120.000,Miguel,recording,knock_once,10,-0.333570,7.302501,6.574702,0.034418,-0.007528,0.032190
805550130.000,Miguel,recording,knock_once,10,-0.249585,7.282825,6.556022,0.034011,-0.010868,0.024511
805550140.000,Miguel,recording,knock_once,10,-0.259885,7.233870,6.486529,0.032321,-0.003238,0.009023
805550150.000,Miguel,recording,knock_once,10,-0.377142,7.211403,6.432230,0.027076,0.004706,-0.003231
805550160.000,Miguel,recording,knock_once,10,-0.479436,7.222558,6.473018,0.018388,0.002510,-0.004672
805550170.000,Miguel,recording,knock_once,10,-0.469691,7.242476,6.513577,0.010317,-0.006574,0.000912
805550180.000,Miguel,recording,knock_once,10,-0.416351,7.218165,6.542567,0.008329,-0.014737,0.006150
805550190.000,Miguel,recording,knock_once,10,-0.415352,7.185200,6.518087,0.011454,-0.019847,0.008675
805550200.000,Miguel,recording,knock_once,10,-0.416090,7.163084,6.538069,0.015885,-0.027498,0.010667
805550210.000,Miguel,recording,knock_once,10,-0.372096,7.175034,6.543629,0.020963,-0.037907,0.014365
805550220.000,Miguel,recording,knock_once,10,-0.328656,7.184282,6.532382,0.025782,-0.043522,0.017052
805550230.000,Miguel,recording,knock_once,10,-0.275865,7.239471,6.523162,0.027155,-0.043405,0.014060
805550240.000,Miguel,recording,knock_once,10,-0.242243,7.275673,6.508154,0.021318,-0.041026,0.006091
805550250.000,Miguel,recording,knock_once,10,-0.230314,7.296383,6.539992,0.009699,-0.035131,-0.003840
805550260.000,Miguel,recording,knock_once,10,-0.231506,7.307552,6.599335,-0.000391,-0.019813,-0.013108
805550270.000,Miguel,recording,knock_once,10,-0.265673,7.289183,6.633359,-0.004313,0.006262,-0.019767
805550280.000,Miguel,recording,knock_once,10,-0.347685,7.298757,6.631153,-0.002907,0.032003,-0.023643
805550290.000,Miguel,recording,knock_once,10,-0.428493,7.302176,6.642616,0.002536,0.045087,-0.023413
805550300.000,Miguel,recording,knock_once,10,-0.519708,7.278658,6.615905,0.012092,0.043221,-0.016892
805550310.000,Miguel,recording,knock_once,10,-0.585328,7.270054,6.604719,0.024745,0.028615,-0.004848
805550320.000,Miguel,recording,knock_once,10,-0.562932,7.255623,6.588663,0.037846,0.005195,0.008983
805550330.000,Miguel,recording,knock_once,10,-0.479729,7.256573,6.570254,0.047730,-0.018636,0.020265
805550340.000,Miguel,recording,knock_once,10,-0.403585,7.269633,6.509928,0.051799,-0.031386,0.025092
805550350.000,Miguel,recording,knock_once,10,-0.348866,7.250295,6.413410,0.046722,-0.027253,0.022375
805550360.000,Miguel,recording,knock_once,10,-0.359358,7.227369,6.312507,0.030132,-0.013305,0.016089
805550370.000,Miguel,recording,knock_once,10,-0.362356,7.229090,6.288611,0.004766,-0.001849,0.012376
805550380.000,Miguel,recording,knock_once,10,-0.294838,7.243853,6.357150,-0.020194,0.003484,0.010403
805550390.000,Miguel,recording,knock_once,10,-0.246374,7.207889,6.452968,-0.034835,0.009818,0.003045
805550400.000,Miguel,recording,knock_once,10,-0.252154,7.201987,6.532415,-0.036924,0.019307,-0.010270
805550410.000,Miguel,recording,knock_once,10,-0.337993,7.214034,6.583190,-0.029252,0.022979,-0.021227
805550420.000,Miguel,recording,knock_once,10,-0.468743,7.229723,6.580146,-0.016879,0.016540,-0.022140
805550430.000,Miguel,recording,knock_once,10,-0.556408,7.223970,6.548887,-0.005487,0.004761,-0.012683
805550440.000,Miguel,recording,knock_once,10,-0.549608,7.201786,6.523893,0.001349,-0.006144,0.002153
805550450.000,Miguel,recording,knock_once,10,-0.461504,7.216332,6.539583,0.003701,-0.013657,0.017150
805550460.000,Miguel,recording,knock_once,10,-0.328682,7.259045,6.566854,0.004507,-0.016075,0.025674
805550470.000,Miguel,recording,knock_once,10,-0.257334,7.291309,6.579495,0.004739,-0.010876,0.022076
805550480.000,Miguel,recording,knock_once,10,-0.242149,7.292607,6.563151,0.002849,-0.001329,0.010571
805550490.000,Miguel,recording,knock_once,10,-0.283460,7.281546,6.572784,-0.000465,0.007744,0.000533
805550500.000,Miguel,recording,knock_once,10,-0.362569,7.283782,6.581091,-0.001348,0.015139,-0.002885
805550510.000,Miguel,recording,knock_once,10,-0.447284,7.306590,6.627236,0.003998,0.018751,-0.000137
805550520.000,Miguel,recording,knock_once,10,-0.425719,7.281883,6.651606,0.016102,0.016603,0.004022
805550530.000,Miguel,recording,knock_once,10,-0.368898,7.274013,6.651048,0.033316,0.011568,0.004107
805550540.000,Miguel,recording,knock_once,10,-0.350028,7.260581,6.629293,0.053701,0.009488,0.000259
805550550.000,Miguel,recording,knock_once,10,-0.419700,7.236240,6.567262,0.074121,0.011504,-0.001894
805550560.000,Miguel,recording,knock_once,10,-0.496420,7.230067,6.487427,0.088963,0.010718,0.001195
805550570.000,Miguel,recording,knock_once,10,-0.525585,7.214078,6.395763,0.094102,0.002305,0.009350
805550580.000,Miguel,recording,knock_once,10,-0.533927,7.237411,6.354519,0.091652,-0.008648,0.020084
805550590.000,Miguel,recording,knock_once,10,-0.483514,7.230703,6.329781,0.086164,-0.016085,0.029279
805550600.000,Miguel,recording,knock_once,10,-0.403337,7.226653,6.312229,0.078613,-0.019501,0.032497
805550610.000,Miguel,recording,knock_once,10,-0.317568,7.259891,6.325818,0.066594,-0.020412,0.028185
805550620.000,Miguel,recording,knock_once,10,-0.279807,7.270555,6.303651,0.049425,-0.017836,0.019094
805550630.000,Miguel,recording,knock_once,10,-0.282186,7.273143,6.274987,0.029788,-0.011464,0.010021
805550640.000,Miguel,recording,knock_once,10,-0.312207,7.259659,6.271374,0.009272,-0.005585,0.004213
805550650.000,Miguel,recording,knock_once,10,-0.344742,7.282280,6.300074,-0.013567,-0.002245,0.001024
805550660.000,Miguel,recording,knock_once,10,-0.395793,7.308350,6.327725,-0.037369,0.001385,0.000305
805550670.000,Miguel,recording,knock_once,10,-0.419421,7.312877,6.366379,-0.059514,0.007748,0.003854
805550680.000,Miguel,recording,knock_once,10,-0.398417,7.325227,6.440796,-0.078034,0.013622,0.011174
805550690.000,Miguel,recording,knock_once,10,-0.296962,7.337129,6.546102,-0.087475,0.014173,0.017300
805550700.000,Miguel,recording,knock_once,10,-0.223551,7.320313,6.663214,-0.082605,0.011333,0.016686
805550710.000,Miguel,recording,knock_once,10,-0.179579,7.315610,6.794672,-0.063056,0.008284,0.008481
805550720.000,Miguel,recording,knock_once,10,-0.190851,7.303151,6.822174,-0.033160,0.005507,-0.003991
805550730.000,Miguel,recording,knock_once,10,-0.266643,7.304611,6.813533,0.000397,0.003310,-0.013500
805550740.000,Miguel,recording,knock_once,10,-0.367529,7.324465,6.764915,0.030897,0.000440,-0.014212
805550750.000,Miguel,recording,knock_once,10,-0.416279,7.383690,6.665259,0.053473,-0.003990,-0.006894
805550760.000,Miguel,recording,knock_once,10,-0.358724,7.419910,6.538141,0.065471,-0.007952,0.001153
805550770.000,Miguel,recording,knock_once,10,-0.282162,7.429671,6.445864,0.066409,-0.007165,0.001424
805550780.000,Miguel,recording,knock_once,10,-0.224463,7.409952,6.398590,0.059770,0.000191,-0.007185
805550790.000,Miguel,recording,knock_once,10,-0.229712,7.394540,6.371957,0.050921,0.010304,-0.020072
805550800.000,Miguel,recording,knock_once,10,-0.266072,7.371269,6.349297,0.042198,0.018221,-0.032445
805550810.000,Miguel,recording,knock_once,10,-0.342547,7.355295,6.318860,0.034273,0.019450,-0.041758
805550820.000,Miguel,recording,knock_once,10,-0.406334,7.304091,6.281736,0.027022,0.008244,-0.046028
805550830.000,Miguel,recording,knock_once,10,-0.409572,7.301614,6.262965,0.019408,-0.015728,-0.044321
805550840.000,Miguel,recording,knock_once,10,-0.361822,7.281518,6.280778,0.010896,-0.041113,-0.040898
805550850.000,Miguel,recording,knock_once,10,-0.313468,7.251915,6.298794,0.000355,-0.055317,-0.040942
805550860.000,Miguel,recording,knock_once,10,-0.261330,7.217831,6.359222,-0.012646,-0.054210,-0.044510
805550870.000,Miguel,recording,knock_once,10,-0.321528,7.209850,6.416338,-0.025255,-0.037680,-0.048155
805550880.000,Miguel,recording,knock_once,10,-0.410778,7.212118,6.429448,-0.035514,-0.010171,-0.048589
805550890.000,Miguel,recording,knock_once,10,-0.541490,7.219615,6.440551,-0.043342,0.016760,-0.042204
805550900.000,Miguel,recording,knock_once,10,-0.612103,7.256316,6.473307,-0.045894,0.031313,-0.027832
805550910.000,Miguel,recording,knock_once,10,-0.642128,7.294337,6.534448,-0.039067,0.030041,-0.010856
805550920.000,Miguel,recording,knock_once,10,-0.588770,7.305660,6.581861,-0.022380,0.015676,0.002211
805550930.000,Miguel,recording,knock_once,10,-0.527438,7.325879,6.599970,-0.000967,-0.007282,0.008314
805550940.000,Miguel,recording,knock_once,10,-0.424050,7.322384,6.578687,0.019182,-0.029254,0.006113
805550950.000,Miguel,recording,knock_once,10,-0.378170,7.315183,6.507178,0.032782,-0.039021,-0.004553
805550960.000,Miguel,recording,knock_once,10,-0.394462,7.262473,6.413707,0.035022,-0.033006,-0.019633
805550970.000,Miguel,recording,knock_once,10,-0.468988,7.245689,6.369955,0.025327,-0.016427,-0.030001
805550980.000,Miguel,recording,knock_once,10,-0.606704,7.201171,6.332073,0.008328,0.003752,-0.028284
805550990.000,Miguel,recording,knock_once,10,-0.692683,7.197531,6.314771,-0.010872,0.019173,-0.013656
805551000.000,Miguel,recording,knock_once,10,-0.691611,7.188265,6.330884,-0.027618,0.020872,0.008138
805551010.000,Miguel,recording,knock_once,10,-0.594767,7.162204,6.391222,-0.038382,0.008009,0.028715
805551020.000,Miguel,recording,knock_once,10,-0.469704,7.153360,6.470206,-0.040270,-0.011022,0.043007
805551030.000,Miguel,recording,knock_once,10,-0.358849,7.143489,6.518782,-0.032616,-0.025132,0.048747
805551040.000,Miguel,recording,knock_once,10,-0.298660,7.154059,6.528347,-0.021638,-0.030353,0.046335
805551050.000,Miguel,recording,knock_once,10,-0.297623,7.169389,6.492429,-0.014966,-0.031312,0.039884
805551060.000,Miguel,recording,knock_once,10,-0.327002,7.183718,6.471241,-0.015475,-0.030379,0.034482
805551070.000,Miguel,recording,knock_once,10,-0.372175,7.215670,6.431702,-0.022975,-0.023997,0.032251
805551080.000,Miguel,recording,knock_once,10,-0.414637,7.232135,6.435886,-0.038130,-0.010933,0.033011
805551090.000,Miguel,recording,knock_once,10,-0.401541,7.235643,6.464131,-0.057324,0.003982,0.037008
805551100.000,Miguel,recording,knock_once,10,-0.362230,7.280605,6.552077,-0.072348,0.016101,0.043444
805551110.000,Miguel,recording,knock_once,10,-0.360332,7.340704,6.618064,-0.078101,0.022132,0.048910
805551120.000,Miguel,recording,knock_once,10,-0.289621,7.407383,6.687979,-0.073457,0.017181,0.050009
805551130.000,Miguel,recording,knock_once,10,-0.232706,7.440919,6.746331,-0.060381,0.002273,0.045661
805551140.000,Miguel,recording,knock_once,10,-0.141141,7.452065,6.796597,-0.040193,-0.012608,0.035615
805551150.000,Miguel,recording,knock_once,10,-0.125654,7.425506,6.841673,-0.013264,-0.019653,0.021479
805551160.000,Miguel,recording,knock_once,10,-0.154367,7.406144,6.850913,0.016487,-0.018068,0.007575
805551170.000,Miguel,recording,knock_once,10,-0.197666,7.398731,6.793745,0.042875,-0.007562,-0.002991
805551180.000,Miguel,recording,knock_once,10,-0.283155,7.362983,6.656938,0.059785,0.010277,-0.008269
805551190.000,Miguel,recording,knock_once,10,-0.383247,7.371569,6.555434,0.063131,0.030756,-0.005253
805551200.000,Miguel,recording,knock_once,10,-0.428533,7.377641,6.439129,0.050001,0.054005,0.008937
805551210.000,Miguel,recording,knock_once,11,-0.361261,7.331472,6.372693,0.024132,0.075950,0.030928
805551220.000,Miguel,recording,knock_once,11,-0.213627,7.331102,6.452238,0.001400,0.079210,0.043870
805551230.000,Miguel,recording,knock_once,11,-0.147341,7.315047,6.520972,-0.007789,0.064610,0.037143
805551240.000,Miguel,recording,knock_once,11,-0.110304,7.306200,6.587431,-0.004883,0.051117,0.018305
805551250.000,Miguel,recording,knock_once,11,-0.119362,7.298322,6.622099,0.008956,0.039773,-0.007480
805551260.000,Miguel,recording,knock_once,11,-0.192605,7.331322,6.615840,0.032908,0.018049,-0.038702
805551270.000,Miguel,recording,knock_once,11,-0.351841,7.324938,6.590645,0.059451,-0.009148,-0.065003
805551280.000,Miguel,recording,knock_once,11,-0.565467,7.267180,6.505125,0.076617,-0.017658,-0.072490
805551290.000,Miguel,recording,knock_once,11,-0.732860,7.265244,6.413028,0.075848,0.001069,-0.056439
805551300.000,Miguel,recording,knock_once,11,-0.747783,7.286223,6.356940,0.057367,0.034457,-0.023519
805551310.000,Miguel,recording,knock_once,11,-0.613349,7.289709,6.332851,0.031256,0.066394,0.010764
805551320.000,Miguel,recording,knock_once,11,-0.472827,7.285286,6.379342,0.008658,0.084822,0.030041
805551330.000,Miguel,recording,knock_once,11,-0.363870,7.272021,6.423176,-0.002864,0.087357,0.028762
805551340.000,Miguel,recording,knock_once,11,-0.332931,7.251701,6.465635,-0.001898,0.081463,0.014998
805551350.000,Miguel,recording,knock_once,11,-0.373159,7.219115,6.466812,0.006452,0.074420,-0.000350
805551360.000,Miguel,recording,knock_once,11,-0.449093,7.164815,6.445915,0.016947,0.069520,-0.010197
805551370.000,Miguel,recording,knock_once,11,-0.569780,7.147111,6.399142,0.026206,0.068205,-0.009811
805551380.000,Miguel,recording,knock_once,11,-0.685259,7.135475,6.307020,0.032703,0.064955,0.001974
805551390.000,Miguel,recording,knock_once,11,-0.741088,7.151978,6.246232,0.037624,0.050627,0.021672
805551400.000,Miguel,recording,knock_once,11,-0.731344,7.154821,6.153427,0.039953,0.024579,0.041926
805551410.000,Miguel,recording,knock_once,11,-0.639985,7.173653,6.108614,0.037007,-0.005394,0.056038
805551420.000,Miguel,recording,knock_once,11,-0.553529,7.189247,6.061790,0.027014,-0.028474,0.061307
805551430.000,Miguel,recording,knock_once,11,-0.484764,7.207178,6.029934,0.009071,-0.040258,0.058584
805551440.000,Miguel,recording,knock_once,11,-0.442387,7.203629,6.026078,-0.015364,-0.048572,0.050601
805551450.000,Miguel,recording,knock_once,11,-0.425438,7.204763,6.051754,-0.042773,-0.062936,0.040454
805551460.000,Miguel,recording,knock_once,11,-0.439678,7.180409,6.112503,-0.066654,-0.086066,0.030856
805551470.000,Miguel,recording,knock_once,11,-0.491104,7.150227,6.200263,-0.080628,-0.112423,0.025502
805551480.000,Miguel,recording,knock_once,11,-0.367444,7.130676,6.459416,-0.094719,-0.017341,0.036888
805551490.000,Miguel,recording,knock_once,11,0.850164,7.196139,7.543008,-0.143618,0.334056,0.068235
805551500.000,Miguel,recording,knock_once,11,1.274541,7.497200,7.278379,-0.230597,0.684408,0.077268
805551510.000,Miguel,recording,knock_once,11,1.079242,7.659686,7.438827,-0.286259,0.764888,0.032458
805551520.000,Miguel,recording,knock_once,11,0.378268,7.692710,7.053600,-0.267406,0.650712,-0.037089
805551530.000,Miguel,recording,knock_once,11,-0.366212,7.479340,6.955756,-0.212143,0.487862,-0.082774
805551540.000,Miguel,recording,knock_once,11,-1.117843,7.226849,6.682379,-0.169502,0.339413,-0.059433
805551550.000,Miguel,recording,knock_once,11,-1.573557,6.963124,6.558375,-0.167543,0.216133,0.035075
805551560.000,Miguel,recording,knock_once,11,-1.657802,7.035353,6.946697,-0.184962,0.145930,0.136697
805551570.000,Miguel,recording,knock_once,11,-1.008779,6.906482,7.108686,-0.174252,0.067023,0.169721
805551580.000,Miguel,recording,knock_once,11,-0.508314,6.102023,6.712320,-0.128749,-0.081568,0.147613
805551590.000,Miguel,recording,knock_once,11,-0.427506,6.358272,6.977164,-0.038757,-0.264806,0.164252
805551600.000,Miguel,recording,knock_once,11,-0.387339,7.130639,7.119097,0.077631,-0.420339,0.237647
805551610.000,Miguel,recording,knock_once,11,0.060468,7.232256,6.768588,0.141154,-0.474845,0.273258
805551620.000,Miguel,recording,knock_once,11,0.340233,7.059762,6.225752,0.112846,-0.390555,0.217877
805551630.000,Miguel,recording,knock_once,11,0.118167,6.920774,5.695727,0.008058,-0.211715,0.121152
805551640.000,Miguel,recording,knock_once,11,-0.050257,6.884656,5.216585,-0.160469,-0.010046,0.023520
805551650.000,Miguel,recording,knock_once,11,0.056397,6.659831,4.947014,-0.363799,0.183522,-0.081513
805551660.000,Miguel,recording,knock_once,11,0.334464,5.911031,5.582166,-0.512001,0.361120,-0.175498
805551670.000,Miguel,recording,knock_once,11,-0.073693,6.850333,6.940718,-0.539933,0.491477,-0.197438
805551680.000,Miguel,recording,knock_once,11,-0.629183,8.543829,7.813478,-0.474256,0.561000,-0.134415
805551690.000,Miguel,recording,knock_once,11,-1.080186,9.040761,8.264988,-0.353376,0.606816,-0.044652
805551700.000,Miguel,recording,knock_once,11,-1.265678,8.328746,8.126500,-0.201612,0.662221,0.026082
805551710.000,Miguel,recording,knock_once,11,-1.279238,7.339879,7.710272,-0.054392,0.750406,0.066981
805551720.000,Miguel,recording,knock_once,11,-1.207436,6.693126,7.605738,0.063527,0.878472,0.078926
805551730.000,Miguel,recording,knock_once,11,-1.242843,6.624987,7.730922,0.153163,1.005408,0.071834
805551740.000,Miguel,recording,knock_once,11,-1.404241,6.919169,7.994295,0.231284,1.094275,0.057104
805551750.000,Miguel,recording,knock_once,11,-1.610242,7.225654,8.112710,0.312860,1.148578,0.038266
805551760.000,Miguel,recording,knock_once,11,-1.781171,7.335518,7.859128,0.396889,1.189365,0.018308
805551770.000,Miguel,recording,knock_once,11,-1.760689,7.302778,7.270081,0.461916,1.245327,-0.001668
805551780.000,Miguel,recording,knock_once,11,-1.575386,7.201739,6.570665,0.486814,1.316716,-0.024675
805551790.000,Miguel,recording,knock_once,11,-1.387156,7.252594,6.175510,0.482613,1.360293,-0.050601
805551800.000,Miguel,recording,knock_once,11,-1.239144,7.399214,6.258464,0.484218,1.341790,-0.074165
805551810.000,Miguel,recording,knock_once,11,-1.223283,7.477529,6.406290,0.508502,1.278453,-0.089996
805551820.000,Miguel,recording,knock_once,11,-1.283672,7.500368,6.221117,0.511548,1.179744,-0.086313
805551830.000,Miguel,recording,knock_once,11,-1.435389,7.861372,5.814820,0.464301,1.013473,-0.056961
805551840.000,Miguel,recording,knock_once,11,-1.573325,7.542923,5.830573,0.442350,0.791656,-0.031169
805551850.000,Miguel,recording,knock_once,11,-1.884044,7.200408,5.240757,0.445124,0.534128,-0.018158
805551860.000,Miguel,recording,knock_once,11,-2.219786,6.860298,4.702668,0.407310,0.256623,-0.004197
805551870.000,Miguel,recording,knock_once,11,-2.498536,6.893886,4.307350,0.331684,-0.006102,0.009252
805551880.000,Miguel,recording,knock_once,11,-2.690458,6.962617,4.147004,0.234021,-0.224534,0.023143
805551890.000,Miguel,recording,knock_once,11,-2.773515,7.248962,4.068833,0.120491,-0.375859,0.039308
805551900.000,Miguel,recording,knock_once,11,-2.760575,7.470813,4.176658,-0.015306,-0.453956,0.059010
805551910.000,Miguel,recording,knock_once,11,-2.717089,7.775249,4.522577,-0.168272,-0.469656,0.087438
805551920.000,Miguel,recording,knock_once,11,-2.546091,7.990731,5.256625,-0.301904,-0.455138,0.136458
805551930.000,Miguel,recording,knock_once,11,-2.435946,8.726706,6.081795,-0.366526,-0.383274,0.215355
805551940.000,Miguel,recording,knock_once,11,-2.343447,9.044172,5.860187,-0.360324,-0.219808,0.318513
805551950.000,Miguel,recording,knock_once,11,-1.903371,8.311442,6.408068,-0.316964,-0.052351,0.432139
805551960.000,Miguel,recording,knock_once,11,-1.528923,7.494482,6.761713,-0.248658,0.054662,0.539181
805551970.000,Miguel,recording,knock_once,11,-1.085766,6.855047,6.874724,-0.165904,0.124655,0.612731
805551980.000,Miguel,recording,knock_once,11,-0.542739,6.671551,6.623914,-0.102466,0.166347,0.632033
805551990.000,Miguel,recording,knock_once,11,-0.197712,6.771543,6.463948,-0.067908,0.191592,0.595332
805552000.000,Miguel,recording,knock_once,11,-0.204561,6.854815,6.556503,-0.040125,0.206632,0.517644
805552010.000,Miguel,recording,knock_once,11,-0.413396,6.978172,6.672452,-0.005637,0.191946,0.422529
805552020.000,Miguel,recording,knock_once,11,-0.516059,6.915021,6.865412,0.038870,0.161035,0.334193
805552030.000,Miguel,recording,knock_once,11,-0.606602,6.950087,6.882617,0.088252,0.158849,0.265643
805552040.000,Miguel,recording,knock_once,11,-0.540310,6.945280,6.922113,0.138892,0.203811,0.210364
805552050.000,Miguel,recording,knock_once,11,-0.424383,7.016497,6.934055,0.193568,0.279387,0.153950
805552060.000,Miguel,recording,knock_once,11,-0.447078,7.089719,6.994982,0.251218,0.345669,0.091585
805552070.000,Miguel,recording,knock_once,11,-0.724027,7.179075,6.920919,0.303198,0.356271,0.032552
805552080.000,Miguel,recording,knock_once,11,-1.089510,7.166478,6.556417,0.325577,0.287771,-0.011061
805552090.000,Miguel,recording,knock_once,11,-1.333403,7.234162,6.254837,0.302172,0.157016,-0.035483
805552100.000,Miguel,recording,knock_once,11,-1.521050,7.372864,6.200991,0.244340,-0.005106,-0.042445
805552110.000,Miguel,recording,knock_once,11,-1.676002,7.521066,6.264419,0.175747,-0.182173,-0.031503
805552120.000,Miguel,recording,knock_once,11,-1.869069,7.694943,6.409182,0.116966,-0.364139,0.001476
805552130.000,Miguel,recording,knock_once,11,-1.900253,7.813468,6.453478,0.076016,-0.540838,0.060242
805552140.000,Miguel,recording,knock_once,11,-1.859993,7.881253,6.402795,0.049800,-0.703450,0.141149
805552150.000,Miguel,recording,knock_once,11,-1.914710,7.980995,6.374695,0.034904,-0.851369,0.234732
805552160.000,Miguel,recording,knock_once,11,-1.923266,7.967237,6.299488,0.032736,-0.997166,0.334777
805552170.000,Miguel,recording,knock_once,11,-1.848808,7.966063,6.386249,0.051993,-1.154141,0.435981
805552180.000,Miguel,recording,knock_once,11,-1.902454,7.996834,6.335015,0.099645,-1.360825,0.523598
805552190.000,Miguel,recording,knock_once,11,-1.553602,7.626965,5.465961,0.150757,-1.666673,0.577474
805552200.000,Miguel,recording,knock_once,11,-0.827510,7.183557,4.639057,0.148507,-2.066113,0.593645
805552210.000,Miguel,recording,knock_once,11,1.748989,7.046057,3.275003,0.043049,-2.375442,0.574491
805552220.000,Miguel,recording,knock_once,11,0.643573,7.653291,4.178419,-0.157816,-2.283764,0.503294
805552230.000,Miguel,recording,knock_once,11,0.264502,7.580920,4.464424,-0.359035,-1.913328,0.425464
805552240.000,Miguel,recording,knock_once,11,0.611859,6.554043,4.615195,-0.466550,-1.587662,0.444846
805552250.000,Miguel,recording,knock_once,11,1.071995,7.259153,5.470243,-0.473830,-1.290977,0.528640
805552260.000,Miguel,recording,knock_once,11,0.665681,8.267351,5.894997,-0.437817,-0.968123,0.561675
805552270.000,Miguel,recording,knock_once,11,0.378108,7.873620,5.201891,-0.435571,-0.640055,0.554446
805552280.000,Miguel,recording,knock_once,11,-0.042322,7.172227,5.431798,-0.478051,-0.311162,0.569863
805552290.000,Miguel,recording,knock_once,11,0.159969,7.050615,6.770084,-0.486844,0.019971,0.599910
805552300.000,Miguel,recording,knock_once,11,0.841526,7.250716,8.023807,-0.396205,0.299484,0.605982
805552310.000,Miguel,recording,knock_once,11,1.364718,7.103216,8.038542,-0.223417,0.451003,0.566785
805552320.000,Miguel,recording,knock_once,11,1.639949,6.857502,7.319011,-0.044981,0.488845,0.472881
805552330.000,Miguel,recording,knock_once,11,1.821724,6.705320,6.484865,0.072158,0.508552,0.321134
805552340.000,Miguel,recording,knock_once,11,1.855004,6.761705,6.262426,0.122744,0.565896,0.125191
805552350.000,Miguel,recording,knock_once,11,1.525741,7.048026,6.505335,0.146944,0.632511,-0.076434
805552360.000,Miguel,recording,knock_once,11,1.107279,7.288518,6.570732,0.166382,0.672877,-0.229498
805552370.000,Miguel,recording,knock_once,11,0.650243,7.420551,6.597060,0.176117,0.692177,-0.300477
805552380.000,Miguel,recording,knock_once,11,0.260908,7.615892,6.719585,0.172647,0.701206,-0.293980
805552390.000,Miguel,recording,knock_once,11,-0.129712,7.775415,6.783586,0.153260,0.681142,-0.233541
805552400.000,Miguel,recording,knock_once,11,-0.310714,7.806305,6.752008,0.111593,0.603083,-0.145118
805552410.000,Miguel,recording,knock_once,11,-0.341374,7.654379,6.655692,0.047008,0.459753,-0.053877
805552420.000,Miguel,recording,knock_once,11,-0.248747,7.558752,6.596973,-0.032473,0.270255,0.019320
805552430.000,Miguel,recording,knock_once,11,-0.050929,7.457803,6.501583,-0.118203,0.073116,0.065008
805552440.000,Miguel,recording,knock_once,11,0.171800,7.399808,6.512095,-0.200674,-0.091293,0.085838
805552450.000,Miguel,recording,knock_once,11,0.385240,7.323902,6.540987,-0.265827,-0.201807,0.089912
805552460.000,Miguel,recording,knock_once,11,0.607831,7.295665,6.649355,-0.301971,-0.256972,0.083783
805552470.000,Miguel,recording,knock_once,11,0.795250,7.315224,6.808236,-0.303106,-0.262090,0.072135
805552480.000,Miguel,recording,knock_once,11,0.917101,7.263279,6.990213,-0.264677,-0.222355,0.056677
805552490.000,Miguel,recording,knock_once,11,0.979250,7.137195,7.105657,-0.187743,-0.147545,0.034598
805552500.000,Miguel,recording,knock_once,11,1.066897,7.012841,7.079812,-0.087082,-0.053978,0.003081
805552510.000,Miguel,recording,knock_once,11,1.131595,6.963063,6.948254,0.018699,0.048203,-0.038624
805552520.000,Miguel,recording,knock_once,11,1.111560,6.994914,6.823935,0.116262,0.150509,-0.087558
805552530.000,Miguel,recording,knock_once,11,0.989203,7.023464,6.630134,0.195944,0.235343,-0.136631
805552540.000,Miguel,recording,knock_once,11,0.770732,7.063132,6.387968,0.247540,0.291755,-0.176680
805552550.000,Miguel,recording,knock_once,11,0.437012,7.146879,6.209246,0.263985,0.324972,-0.198875
805552560.000,Miguel,recording,knock_once,11,0.101442,7.153206,6.135039,0.251587,0.340497,-0.200094
805552570.000,Miguel,recording,knock_once,11,-0.094007,7.115989,6.193992,0.227030,0.332509,-0.183340
805552580.000,Miguel,recording,knock_once,11,-0.154977,7.080933,6.238999,0.205565,0.294368,-0.156945
805552590.000,Miguel,recording,knock_once,11,-0.119591,7.116861,6.263261,0.191072,0.230877,-0.132171
805552600.000,Miguel,recording,knock_once,11,-0.046477,7.223990,6.199341,0.176797,0.158859,-0.114259
805552610.000,Miguel,recording,knock_once,11,0.061286,7.293410,6.111442,0.155555,0.096196,-0.102609
805552620.000,Miguel,recording,knock_once,11,0.100147,7.350735,6.006863,0.126048,0.047308,-0.096981
805552630.000,Miguel,recording,knock_once,11,0.152817,7.397619,5.793919,0.086067,0.003076,-0.097403
805552640.000,Miguel,recording,knock_once,11,0.179903,7.412465,5.605945,0.030934,-0.037804,-0.102737
805552650.000,Miguel,recording,knock_once,11,0.135969,7.506963,5.607085,-0.035777,-0.062686,-0.108594
805552660.000,Miguel,recording,knock_once,11,0.036589,7.529683,5.859289,-0.094765,-0.065604,-0.110961
805552670.000,Miguel,recording,knock_once,11,-0.085344,7.483751,6.161427,-0.127588,-0.050769,-0.109018
805552680.000,Miguel,recording,knock_once,11,-0.150203,7.411049,6.365942,-0.131697,-0.023133,-0.101851
805552690.000,Miguel,recording,knock_once,11,-0.159991,7.368073,6.583459,-0.108838,0.008821,-0.090655
805552700.000,Miguel,recording,knock_once,11,-0.143574,7.389752,6.743122,-0.063638,0.034138,-0.078808
805552710.000,Miguel,recording,knock_once,11,-0.077047,7.424579,6.734568,-0.010042,0.047359,-0.069239
805552720.000,Miguel,recording,knock_once,11,-0.033805,7.389023,6.558915,0.034494,0.051276,-0.065664
805552730.000,Miguel,recording,knock_once,11,0.077215,7.331053,6.347301,0.059559,0.052450,-0.071527
805552740.000,Miguel,recording,knock_once,11,0.130138,7.283289,6.233687,0.067777,0.052190,-0.088074
805552750.000,Miguel,recording,knock_once,11,0.084565,7.299636,6.213066,0.068689,0.049942,-0.110420
805552760.000,Miguel,recording,knock_once,11,-0.083890,7.378091,6.214118,0.067083,0.055760,-0.126300
805552770.000,Miguel,recording,knock_once,11,-0.196921,7.438103,6.164646,0.060852,0.080169,-0.125858
805552780.000,Miguel,recording,knock_once,11,-0.215421,7.438229,6.068346,0.047397,0.116124,-0.111160
805552790.000,Miguel,recording,knock_once,11,-0.170921,7.442653,6.055547,0.028189,0.142623,-0.094147
805552800.000,Miguel,recording,knock_once,11,-0.199416,7.592789,6.139753,0.002966,0.138926,-0.082573
805552810.000,Miguel,recording,knock_once,11,-0.327723,7.655706,6.273338,-0.030469,0.095079,-0.073427
805552820.000,Miguel,recording,knock_once,11,-0.444361,7.562020,6.449664,-0.065049,0.018385,-0.065160
805552830.000,Miguel,recording,knock_once,11,-0.428112,7.419617,6.541922,-0.089189,-0.063787,-0.060071
805552840.000,Miguel,recording,knock_once,11,-0.271837,7.372257,6.558850,-0.099803,-0.120784,-0.057892
805552850.000,Miguel,recording,knock_once,11,-0.088028,7.437003,6.502533,-0.101601,-0.140692,-0.060677
805552860.000,Miguel,recording,knock_once,11,-0.077595,7.542746,6.470261,-0.100166,-0.127224,-0.068666
805552870.000,Miguel,recording,knock_once,11,-0.165481,7.571871,6.457010,-0.098246,-0.089727,-0.073859
805552880.000,Miguel,recording,knock_once,11,-0.241109,7.534899,6.436123,-0.097478,-0.046109,-0.070175
805552890.000,Miguel,recording,knock_once,11,-0.194842,7.478409,6.367317,-0.100803,-0.014091,-0.062930
805552900.000,Miguel,recording,knock_once,11,-0.065131,7.433172,6.232953,-0.112829,0.001846,-0.063297
805552910.000,Miguel,recording,knock_once,11,0.047087,7.390368,6.032719,-0.136741,0.007234,-0.077429
805552920.000,Miguel,recording,knock_once,11,0.027165,7.396217,6.083992,-0.164142,0.009471,-0.102077
805552930.000,Miguel,recording,knock_once,11,-0.244569,7.437665,6.340937,-0.176201,0.008241,-0.121622
805552940.000,Miguel,recording,knock_once,11,-0.526858,7.392993,6.498537,-0.163475,0.002207,-0.113159
805552950.000,Miguel,recording,knock_once,11,-0.686864,7.355646,6.523809,-0.133171,0.003434,-0.070865
805552960.000,Miguel,recording,knock_once,11,-0.590147,7.405797,6.529080,-0.098539,0.025729,-0.014448
805552970.000,Miguel,recording,knock_once,11,-0.445588,7.485597,6.628622,-0.067655,0.063718,0.030812
805552980.000,Miguel,recording,knock_once,11,-0.338631,7.391938,6.808702,-0.040015,0.094047,0.052291
805552990.000,Miguel,recording,knock_once,11,-0.299963,7.212574,6.844026,-0.014392,0.097369,0.052433
805553000.000,Miguel,recording,knock_once,11,-0.269035,7.142158,6.797336,0.005165,0.074335,0.040654
805553010.000,Miguel,recording,knock_once,11,-0.196731,7.241306,6.656375,0.013227,0.040004,0.027106
805553020.000,Miguel,recording,knock_once,11,-0.126013,7.380797,6.557689,0.010663,0.009878,0.018352
805553030.000,Miguel,recording,knock_once,11,-0.133373,7.455742,6.544639,0.003844,-0.011514,0.015795
805553040.000,Miguel,recording,knock_once,11,-0.144997,7.421335,6.508906,-0.003710,-0.026109,0.017554
805553050.000,Miguel,recording,knock_once,11,-0.120150,7.351809,6.464121,-0.012992,-0.032791,0.017704
805553060.000,Miguel,recording,knock_once,11,-0.085399,7.346152,6.585545,-0.020617,-0.033446,0.009344
805553070.000,Miguel,recording,knock_once,11,-0.074789,7.275471,6.792674,-0.016931,-0.035809,-0.009262
805553080.000,Miguel,recording,knock_once,11,-0.105512,7.207895,6.910673,0.001059,-0.041917,-0.032149
805553090.000,Miguel,recording,knock_once,11,-0.147291,7.182509,6.928931,0.029171,-0.048319,-0.050689
805553100.000,Miguel,recording,knock_once,11,-0.174096,7.205055,6.813670,0.059028,-0.058280,-0.061168
805553110.000,Miguel,recording,knock_once,11,-0.193242,7.257674,6.557064,0.077375,-0.076403,-0.065430
805553120.000,Miguel,recording,knock_once,11,-0.256001,7.334470,6.213664,0.071192,-0.097425,-0.066918
805553130.000,Miguel,recording,knock_once,11,-0.337510,7.416520,5.973453,0.035766,-0.114170,-0.064245
805553140.000,Miguel,recording,knock_once,11,-0.488336,7.443898,5.945785,-0.018650,-0.131105,-0.051129
805553150.000,Miguel,recording,knock_once,11,-0.601774,7.477140,5.999502,-0.077322,-0.157276,-0.022324
805553160.000,Miguel,recording,knock_once,11,-0.549810,7.466516,6.026976,-0.131383,-0.189618,0.019698
805553170.000,Miguel,recording,knock_once,11,-0.346631,7.444411,6.138611,-0.173851,-0.211364,0.061086
805553180.000,Miguel,recording,knock_once,11,-0.067986,7.299328,6.310062,-0.194861,-0.209840,0.083775
805553190.000,Miguel,recording,knock_once,11,0.215912,7.114212,6.449302,-0.188235,-0.182081,0.077941
805553200.000,Miguel,recording,knock_once,11,0.419081,6.945736,6.461314,-0.157354,-0.125435,0.045743
805553210.000,Miguel,recording,knock_once,11,0.479528,6.946615,6.463550,-0.111201,-0.039387,-0.003144
805553220.000,Miguel,recording,knock_once,11,0.363356,7.066106,6.432473,-0.061288,0.067243,-0.055281
805553230.000,Miguel,recording,knock_once,11,0.163231,7.136992,6.385088,-0.017527,0.174670,-0.097164
805553240.000,Miguel,recording,knock_once,11,-0.071814,7.170724,6.350956,0.015374,0.264120,-0.119618
805553250.000,Miguel,recording,knock_once,11,-0.248095,7.241118,6.398887,0.038333,0.329960,-0.118856
805553260.000,Miguel,recording,knock_once,11,-0.401345,7.303147,6.575933,0.056371,0.369819,-0.098574
805553270.000,Miguel,recording,knock_once,11,-0.509148,7.313705,6.722426,0.071271,0.372774,-0.068024
805553280.000,Miguel,recording,knock_once,11,-0.552383,7.294594,6.711217,0.077049,0.330316,-0.036070
805553290.000,Miguel,recording,knock_once,11,-0.557459,7.263910,6.607946,0.065850,0.249883,-0.009193
805553300.000,Miguel,recording,knock_once,11,-0.532708,7.250320,6.475221,0.033864,0.151585,0.010684
805553310.000,Miguel,recording,knock_once,11,-0.535976,7.333725,6.485600,-0.013347,0.057074,0.027075
805553320.000,Miguel,recording,knock_once,11,-0.516787,7.413779,6.585191,-0.059715,-0.024243,0.044425
805553330.000,Miguel,recording,knock_once,11,-0.451010,7.424020,6.734178,-0.091285,-0.092138,0.063388
805553340.000,Miguel,recording,knock_once,11,-0.364779,7.418323,6.846546,-0.104625,-0.139484,0.080754
805553350.000,Miguel,recording,knock_once,11,-0.267613,7.399099,6.859622,-0.104562,-0.159721,0.094874
805553360.000,Miguel,recording,knock_once,11,-0.165672,7.436883,6.905327,-0.099216,-0.159021,0.103656
805553370.000,Miguel,recording,knock_once,11,-0.039331,7.395182,6.926075,-0.091466,-0.150080,0.102711
805553380.000,Miguel,recording,knock_once,11,0.078982,7.329180,6.889059,-0.081976,-0.140135,0.089401
805553390.000,Miguel,recording,knock_once,11,0.190859,7.269351,6.815502,-0.072864,-0.128809,0.064070
805553400.000,Miguel,recording,knock_once,11,0.245927,7.191542,6.724198,-0.062174,-0.114276,0.030241
805553410.000,Miguel,recording,knock_once,11,0.198850,7.175020,6.709447,-0.045068,-0.093549,-0.006147
805553420.000,Miguel,recording,knock_once,11,0.020069,7.181290,6.698623,-0.019258,-0.059923,-0.035899
805553430.000,Miguel,recording,knock_once,11,-0.149289,7.188782,6.700244,0.013621,-0.012825,-0.049655
805553440.000,Miguel,recording,knock_once,11,-0.232721,7.174997,6.589618,0.048309,0.032525,-0.045778
805553450.000,Miguel,recording,knock_once,11,-0.218227,7.142884,6.420114,0.075969,0.060196,-0.032187
805553460.000,Miguel,recording,knock_once,11,-0.128179,7.135131,6.160009,0.088120,0.067019,-0.021285
805553470.000,Miguel,recording,knock_once,11,-0.039249,7.114603,5.956777,0.081558,0.060421,-0.020640
805553480.000,Miguel,recording,knock_once,11,-0.046653,7.122193,5.860533,0.059475,0.051942,-0.027189
805553490.000,Miguel,recording,knock_once,11,-0.184289,7.134662,5.807484,0.026314,0.047674,-0.031411
805553500.000,Miguel,recording,knock_once,11,-0.315430,7.083806,5.802932,-0.013573,0.047850,-0.026128
805553510.000,Miguel,recording,knock_once,11,-0.338571,7.053019,5.797321,-0.056238,0.051872,-0.010984
805553520.000,Miguel,recording,knock_once,11,-0.299871,7.136540,5.846876,-0.102484,0.054513,0.009956
805553530.000,Miguel,recording,knock_once,11,-0.249180,7.256824,6.044344,-0.154706,0.040177,0.029919
805553540.000,Miguel,recording,knock_once,11,-0.231498,7.221015,6.302424,-0.209634,-0.007251,0.040532
805553550.000,Miguel,recording,knock_once,11,-0.219672,7.106983,6.529722,-0.259557,-0.081074,0.038312
805553560.000,Miguel,recording,knock_once,11,-0.199432,7.085029,6.785414,-0.296787,-0.153276,0.029026
805553570.000,Miguel,recording,knock_once,11,-0.190707,7.112067,7.007776,-0.312632,-0.204248,0.020659
805553580.000,Miguel,recording,knock_once,11,-0.144064,7.126750,7.152789,-0.299855,-0.228687,0.017440
805553590.000,Miguel,recording,knock_once,11,-0.099445,7.122749,7.206298,-0.261672,-0.221149,0.018418
805553600.000,Miguel,recording,knock_once,11,-0.080858,7.149099,7.189581,-0.210427,-0.178580,0.019863
805553610.000,Miguel,recording,knock_once,11,-0.039831,7.154219,7.193346,-0.154376,-0.110676,0.019170
805553620.000,Miguel,recording,knock_once,11,0.011986,7.112891,7.178638,-0.096061,-0.038519,0.014962
805553630.000,Miguel,recording,knock_once,11,0.033631,7.082100,7.108880,-0.041690,0.022099,0.007208
805553640.000,Miguel,recording,knock_once,11,0.001003,7.117185,6.995212,-0.001480,0.065977,-0.001605
805553650.000,Miguel,recording,knock_once,11,-0.044969,7.157246,6.863643,0.018574,0.085939,-0.008085
805553660.000,Miguel,recording,knock_once,11,-0.077588,7.151728,6.798847,0.021074,0.077511,-0.011070
805553670.000,Miguel,recording,knock_once,11,-0.100909,7.116201,6.773657,0.013646,0.049148,-0.012135
805553680.000,Miguel,recording,knock_once,11,-0.081672,7.094583,6.706279,0.000942,0.015211,-0.013926
805553690.000,Miguel,recording,knock_once,11,-0.082396,7.100545,6.649536,-0.017434,-0.011246,-0.017060
805553700.000,Miguel,recording,knock_once,11,-0.132091,7.130965,6.637288,-0.042126,-0.020433,-0.019210
805553710.000,Miguel,recording,knock_once,11,-0.150746,7.140069,6.766332,-0.063902,-0.015589,-0.018226
805553720.000,Miguel,recording,knock_once,11,-0.185747,7.057709,7.023045,-0.066638,-0.011567,-0.015591
805553730.000,Miguel,recording,knock_once,11,-0.202039,6.998259,7.197705,-0.044790,-0.017466,-0.013010
805553740.000,Miguel,recording,knock_once,11,-0.222260,7.000823,7.190281,-0.006156,-0.028860,-0.009108
805553750.000,Miguel,recording,knock_once,11,-0.231241,7.039192,7.109636,0.035515,-0.036049,-0.002025
805553760.000,Miguel,recording,knock_once,11,-0.218773,7.079721,6.946833,0.069755,-0.037174,0.009075
805553770.000,Miguel,recording,knock_once,11,-0.166961,7.049621,6.734285,0.091019,-0.038927,0.021832
805553780.000,Miguel,recording,knock_once,11,-0.048458,7.010353,6.464858,0.093682,-0.042858,0.029080
805553790.000,Miguel,recording,knock_once,11,0.107074,7.032236,6.200828,0.074670,-0.044161,0.024628
805553800.000,Miguel,recording,knock_once,11,0.179115,7.081703,6.013111,0.033669,-0.037509,0.008124
805553810.000,Miguel,recording,knock_once,11,0.109043,7.156090,5.912619,-0.026003,-0.017699,-0.012258
805553820.000,Miguel,recording,knock_once,11,-0.074833,7.164996,6.142063,-0.089294,0.004189,-0.024190
805553830.000,Miguel,recording,knock_once,11,-0.243870,7.094890,6.518532,-0.134214,0.003555,-0.022486
805553840.000,Miguel,recording,knock_once,11,-0.358032,6.995704,6.900769,-0.148299,-0.025497,-0.009187
805553850.000,Miguel,recording,knock_once,11,-0.301094,6.982945,7.127693,-0.133599,-0.067067,0.010767
805553860.000,Miguel,recording,knock_once,11,-0.154141,6.961336,7.234352,-0.096535,-0.106586,0.028367
805553870.000,Miguel,recording,knock_once,11,0.000265,6.905168,7.218381,-0.044641,-0.135441,0.033434
805553880.000,Miguel,recording,knock_once,11,0.097415,6.870084,7.104637,0.009714,-0.142417,0.022260
805553890.000,Miguel,recording,knock_once,11,0.160275,6.884323,6.892294,0.055509,-0.119045,-0.001066
805553900.000,Miguel,recording,knock_once,11,0.132624,6.997262,6.668063,0.086266,-0.067761,-0.027950
805553910.000,Miguel,recording,knock_once,11,0.098860,7.100209,6.458669,0.098304,-0.000586,-0.049780
805553920.000,Miguel,recording,knock_once,11,0.058547,7.145871,6.325308,0.091091,0.068507,-0.063459
805553930.000,Miguel,recording,knock_once,11,0.028029,7.156932,6.275932,0.066934,0.126071,-0.071986
805553940.000,Miguel,recording,knock_once,11,-0.004545,7.167993,6.301049,0.032405,0.161056,-0.078016
805553950.000,Miguel,recording,knock_once,11,-0.061174,7.146630,6.371379,-0.003664,0.170754,-0.081683
805553960.000,Miguel,recording,knock_once,11,-0.140218,7.114744,6.472888,-0.032543,0.158868,-0.083082
805553970.000,Miguel,recording,knock_once,11,-0.242433,7.097631,6.652950,-0.047174,0.136280,-0.079862
805553980.000,Miguel,recording,knock_once,11,-0.363053,7.075386,6.868375,-0.042379,0.117685,-0.068846
805553990.000,Miguel,recording,knock_once,11,-0.430099,7.064902,7.072149,-0.016056,0.107686,-0.051017
805554000.000,Miguel,recording,knock_once,11,-0.437394,7.109174,7.122555,0.022980,0.100787,-0.029239
805554010.000,Miguel,recording,knock_once,11,-0.351178,7.153117,7.050221,0.057342,0.089232,-0.008511
805554020.000,Miguel,recording,knock_once,11,-0.309952,7.171541,6.884017,0.072501,0.068397,0.004234
805554030.000,Miguel,recording,knock_once,11,-0.296903,7.163159,6.676681,0.063006,0.041514,0.007524
805554040.000,Miguel,recording,knock_once,11,-0.316924,7.142467,6.538513,0.035225,0.016539,0.006710
805554050.000,Miguel,recording,knock_once,11,-0.280648,7.128362,6.500554,0.002507,-0.000005,0.006254
805554060.000,Miguel,recording,knock_once,11,-0.264508,7.139683,6.574383,-0.023072,-0.004892,0.005518
805554070.000,Miguel,recording,knock_once,11,-0.316714,7.145253,6.643046,-0.033235,0.009677,0.006083
805554080.000,Miguel,recording,knock_once,11,-0.354497,7.139473,6.770142,-0.023225,0.051998,0.010818
805554090.000,Miguel,recording,knock_once,11,-0.363481,7.095089,6.892879,0.006335,0.111991,0.018065
805554100.000,Miguel,recording,knock_once,11,-0.354031,7.102715,6.922262,0.046538,0.167659,0.025391
805554110.000,Miguel,recording,knock_once,11,-0.381237,7.172366,6.867946,0.081415,0.204319,0.033491
805554120.000,Miguel,recording,knock_once,11,-0.411020,7.260288,6.682820,0.093181,0.214158,0.046090
805554130.000,Miguel,recording,knock_once,11,-0.416971,7.326121,6.451486,0.070549,0.192602,0.062637
805554140.000,Miguel,recording,knock_once,11,-0.395170,7.398804,6.355150,0.015462,0.147645,0.076791
805554150.000,Miguel,recording,knock_once,11,-0.326683,7.405257,6.528270,-0.054359,0.092521,0.084853
805554160.000,Miguel,recording,knock_once,11,-0.317462,7.271823,6.837388,-0.111008,0.028408,0.085456
805554170.000,Miguel,recording,knock_once,11,-0.335286,7.121517,7.107427,-0.137042,-0.043223,0.079708
805554180.000,Miguel,recording,knock_once,11,-0.338342,7.074907,7.246523,-0.132474,-0.107650,0.073295
805554190.000,Miguel,recording,knock_once,11,-0.265234,7.101149,7.257239,-0.105450,-0.150245,0.070818
805554200.000,Miguel,recording,knock_once,11,-0.187426,7.161426,7.130571,-0.068048,-0.165399,0.071587
805554210.000,Miguel,recording,knock_once,11,-0.163680,7.175650,7.042684,-0.032164,-0.152739,0.074082
805554220.000,Miguel,recording,knock_once,11,-0.109183,7.167035,6.993375,-0.003339,-0.121721,0.077045
805554230.000,Miguel,recording,knock_once,11,-0.011726,7.129040,7.003854,0.020907,-0.088889,0.075244
805554240.000,Miguel,recording,knock_once,12,0.143059,7.036232,7.029972,0.045633,-0.062557,0.064445
805554250.000,Miguel,recording,knock_once,12,0.226995,7.013367,7.011110,0.070643,-0.038536,0.045529
805554260.000,Miguel,recording,knock_once,12,0.247018,7.005265,6.933719,0.091157,-0.016540,0.022697
805554270.000,Miguel,recording,knock_once,12,0.200789,6.995286,6.780767,0.102904,-0.004595,0.001618
805554280.000,Miguel,recording,knock_once,12,0.127733,6.972024,6.629046,0.102173,-0.003452,-0.013727
805554290.000,Miguel,recording,knock_once,12,0.012194,6.984939,6.512992,0.088349,-0.006133,-0.021164
805554300.000,Miguel,recording,knock_once,12,-0.044428,6.996267,6.417723,0.066278,-0.009037,-0.019862
805554310.000,Miguel,recording,knock_once,12,-0.084506,7.000435,6.433393,0.043869,-0.012785,-0.011949
805554320.000,Miguel,recording,knock_once,12,-0.023281,6.980274,6.458125,0.026819,-0.016628,-0.003332
805554330.000,Miguel,recording,knock_once,12,0.081248,6.922158,6.497248,0.016788,-0.017930,0.000255
805554340.000,Miguel,recording,knock_once,12,0.198517,6.893053,6.523241,0.011396,-0.018541,-0.004007
805554350.000,Miguel,recording,knock_once,12,0.284599,6.863009,6.494187,0.005498,-0.025476,-0.018553
805554360.000,Miguel,recording,knock_once,12,0.299641,6.861482,6.355096,-0.006060,-0.037378,-0.040971
805554370.000,Miguel,recording,knock_once,12,0.268056,6.887283,6.324878,-0.024251,-0.042036,-0.064267
805554380.000,Miguel,recording,knock_once,12,0.204788,6.904968,6.343989,-0.042054,-0.033088,-0.081545
805554390.000,Miguel,recording,knock_once,12,0.232162,6.854847,6.406409,-0.050538,-0.016598,-0.090624
805554400.000,Miguel,recording,knock_once,12,0.324517,6.831619,6.418821,-0.049455,0.002147,-0.097987
805554410.000,Miguel,recording,knock_once,12,0.422387,6.807131,6.460275,-0.044638,0.023358,-0.110850
805554420.000,Miguel,recording,knock_once,12,0.466300,6.763838,6.489305,-0.036723,0.054623,-0.130139
805554430.000,Miguel,recording,knock_once,12,0.484624,6.691306,6.560486,-0.020412,0.117972,-0.151502
805554440.000,Miguel,recording,knock_once,12,0.498604,6.684097,6.653301,0.005875,0.229907,-0.168425
805554450.000,Miguel,recording,knock_once,12,0.502766,6.765304,6.667824,0.032583,0.369829,-0.174980
805554460.000,Miguel,recording,knock_once,12,0.622532,6.739531,6.552706,0.045999,0.493780,-0.170324
805554470.000,Miguel,recording,knock_once,12,0.837407,6.645102,6.594342,0.041459,0.575164,-0.161972
805554480.000,Miguel,recording,knock_once,12,1.107146,6.581735,6.644917,0.023425,0.615710,-0.162781
805554490.000,Miguel,recording,knock_once,12,1.367709,6.519689,6.801964,0.004277,0.637270,-0.181378
805554500.000,Miguel,recording,knock_once,12,1.578265,6.413161,7.036874,-0.008162,0.669672,-0.227122
805554510.000,Miguel,recording,knock_once,12,1.716413,6.581699,7.016062,-0.043100,0.711695,-0.316600
805554520.000,Miguel,recording,knock_once,12,1.268202,6.615350,6.764376,-0.189574,0.611395,-0.498540
805554530.000,Miguel,recording,knock_once,12,-0.497537,7.299915,7.031339,-0.510108,0.211039,-0.825679
805554540.000,Miguel,recording,knock_once,12,-2.886976,6.858665,8.245218,-0.812375,-0.226623,-1.095180
805554550.000,Miguel,recording,knock_once,12,-3.967147,6.369107,9.604277,-0.771430,-0.407069,-1.023776
805554560.000,Miguel,recording,knock_once,12,-2.834202,7.423516,10.416552,-0.356190,-0.387540,-0.779389
805554570.000,Miguel,recording,knock_once,12,-2.243790,8.096271,9.369005,0.161911,-0.195427,-0.638119
805554580.000,Miguel,recording,knock_once,12,-2.420542,7.816234,7.334325,0.530934,0.102963,-0.558426
805554590.000,Miguel,recording,knock_once,12,-2.367392,7.636383,5.694804,0.685921,0.339406,-0.448370
805554600.000,Miguel,recording,knock_once,12,-1.941617,7.508661,4.992594,0.671182,0.457169,-0.330392
805554610.000,Miguel,recording,knock_once,12,-2.128312,7.366302,4.890583,0.550157,0.486929,-0.234252
805554620.000,Miguel,recording,knock_once,12,-2.632739,7.478260,5.206799,0.390383,0.488528,-0.123435
805554630.000,Miguel,recording,knock_once,12,-2.673767,7.959465,5.472201,0.226176,0.481843,0.036500
805554640.000,Miguel,recording,knock_once,12,-2.400245,8.294463,5.389667,0.040674,0.429269,0.212960
805554650.000,Miguel,recording,knock_once,12,-2.153494,7.910693,5.202988,-0.170145,0.316404,0.345916
805554660.000,Miguel,recording,knock_once,12,-2.048292,7.469173,5.338408,-0.358291,0.149554,0.409478
805554670.000,Miguel,recording,knock_once,12,-2.182406,7.247001,5.335571,-0.502937,-0.119523,0.435146
805554680.000,Miguel,recording,knock_once,12,-2.332175,7.008989,5.272595,-0.639562,-0.547608,0.468620
805554690.000,Miguel,recording,knock_once,12,-1.950023,6.774249,5.508078,-0.771441,-1.024998,0.491307
805554700.000,Miguel,recording,knock_once,12,-1.574764,6.612038,6.813030,-0.808625,-1.337003,0.469008
805554710.000,Miguel,recording,knock_once,12,-1.195275,6.452608,7.402531,-0.692505,-1.509690,0.438732
805554720.000,Miguel,recording,knock_once,12,-0.397950,6.504434,6.924263,-0.582043,-1.715751,0.413443
805554730.000,Miguel,recording,knock_once,12,0.788565,7.119116,5.547150,-0.645239,-1.971212,0.324387
805554740.000,Miguel,recording,knock_once,12,1.472838,6.752993,5.691738,-0.773162,-2.180771,0.150955
805554750.000,Miguel,recording,knock_once,12,0.367326,5.824994,7.831918,-0.779035,-2.190949,-0.007028
805554760.000,Miguel,recording,knock_once,12,0.390114,5.672230,7.477017,-0.654024,-1.886458,-0.069298
805554770.000,Miguel,recording,knock_once,12,0.093237,5.666121,8.077800,-0.488264,-1.364573,-0.060865
805554780.000,Miguel,recording,knock_once,12,0.246200,5.600397,7.871617,-0.338466,-0.791641,-0.032950
805554790.000,Miguel,recording,knock_once,12,0.714704,5.784364,7.646599,-0.217282,-0.222173,-0.020801
805554800.000,Miguel,recording,knock_once,12,1.149299,6.055489,7.220895,-0.128688,0.316314,-0.043581
805554810.000,Miguel,recording,knock_once,12,1.262992,6.358767,6.877504,-0.079571,0.764010,-0.102417
805554820.000,Miguel,recording,knock_once,12,1.263711,6.702988,6.710787,-0.068506,1.064336,-0.183529
805554830.000,Miguel,recording,knock_once,12,1.213916,7.085669,6.627386,-0.093038,1.206028,-0.268746
805554840.000,Miguel,recording,knock_once,12,0.878770,7.447905,6.722783,-0.149530,1.195551,-0.338724
805554850.000,Miguel,recording,knock_once,12,0.185174,7.589004,6.807103,-0.223573,1.038735,-0.374551
805554860.000,Miguel,recording,knock_once,12,-0.646568,7.495403,6.997884,-0.292624,0.763798,-0.376187
805554870.000,Miguel,recording,knock_once,12,-1.372641,7.242012,7.144403,-0.333454,0.427240,-0.359564
805554880.000,Miguel,recording,knock_once,12,-1.767174,6.927113,7.348364,-0.329606,0.078956,-0.339335
805554890.000,Miguel,recording,knock_once,12,-1.579089,6.704967,7.718554,-0.278019,-0.204753,-0.336046
805554900.000,Miguel,recording,knock_once,12,-1.172229,6.245378,8.670763,-0.165344,-0.345993,-0.372480
805554910.000,Miguel,recording,knock_once,12,-0.141347,6.157098,9.261238,0.041702,-0.429496,-0.451890
805554920.000,Miguel,recording,knock_once,12,0.924551,6.136199,9.041052,0.316151,-0.536746,-0.553195
805554930.000,Miguel,recording,knock_once,12,1.141488,6.106982,9.082691,0.581688,-0.590953,-0.658275
805554940.000,Miguel,recording,knock_once,12,1.131633,6.131248,8.686089,0.799435,-0.573479,-0.752081
805554950.000,Miguel,recording,knock_once,12,0.689416,6.091687,8.196489,0.957297,-0.529752,-0.815294
805554960.000,Miguel,recording,knock_once,12,0.150599,6.257987,7.774090,1.049984,-0.483044,-0.840945
805554970.000,Miguel,recording,knock_once,12,-0.254310,6.541949,7.381335,1.084438,-0.460630,-0.826989
805554980.000,Miguel,recording,knock_once,12,-0.568042,6.863864,7.116512,1.074853,-0.476902,-0.775358
805554990.000,Miguel,recording,knock_once,12,-0.693107,7.142815,6.917078,1.034411,-0.517068,-0.700269
805555000.000,Miguel,recording,knock_once,12,-0.753087,7.228858,6.572494,0.967406,-0.540888,-0.622052
805555010.000,Miguel,recording,knock_once,12,-0.777564,7.286474,6.210737,0.870793,-0.511558,-0.553404
805555020.000,Miguel,recording,knock_once,12,-0.804020,7.267972,6.026909,0.744849,-0.437879,-0.492470
805555030.000,Miguel,recording,knock_once,12,-0.787767,7.262840,6.065255,0.598570,-0.355980,-0.433531
805555040.000,Miguel,recording,knock_once,12,-0.656434,7.224961,6.134751,0.448236,-0.276465,-0.376025
805555050.000,Miguel,recording,knock_once,12,-0.559336,7.162222,6.228252,0.311043,-0.187226,-0.325636
805555060.000,Miguel,recording,knock_once,12,-0.447358,7.093361,6.393359,0.203884,-0.086574,-0.290366
805555070.000,Miguel,recording,knock_once,12,-0.429866,6.991240,6.552460,0.138305,0.003919,-0.272327
805555080.000,Miguel,recording,knock_once,12,-0.587430,6.896222,6.618389,0.112267,0.048449,-0.266805
805555090.000,Miguel,recording,knock_once,12,-0.855492,6.841277,6.672277,0.115340,0.024941,-0.263388
805555100.000,Miguel,recording,knock_once,12,-1.124726,6.830996,6.681749,0.136014,-0.049435,-0.252603
805555110.000,Miguel,recording,knock_once,12,-1.266561,6.838355,6.623084,0.161378,-0.131594,-0.233479
805555120.000,Miguel,recording,knock_once,12,-1.274273,6.839779,6.546501,0.177118,-0.182626,-0.208746
805555130.000,Miguel,recording,knock_once,12,-1.220907,6.845246,6.401563,0.169743,-0.182204,-0.179528
805555140.000,Miguel,recording,knock_once,12,-1.115734,6.823186,6.259200,0.130866,-0.130717,-0.146276
805555150.000,Miguel,recording,knock_once,12,-1.032106,6.829961,6.146702,0.063337,-0.045492,-0.110140
805555160.000,Miguel,recording,knock_once,12,-0.990897,6.901061,6.143555,-0.021314,0.048078,-0.075432
805555170.000,Miguel,recording,knock_once,12,-0.918029,6.971480,6.172161,-0.110626,0.132336,-0.047007
805555180.000,Miguel,recording,knock_once,12,-0.812795,6.873434,6.115859,-0.198487,0.205900,-0.024200
805555190.000,Miguel,recording,knock_once,12,-0.550869,6.764935,6.384070,-0.274771,0.274576,-0.006769
805555200.000,Miguel,recording,knock_once,12,-0.211407,6.855012,6.868035,-0.319405,0.337798,-0.001621
805555210.000,Miguel,recording,knock_once,12,0.105044,7.047299,7.217083,-0.321867,0.406059,-0.014585
805555220.000,Miguel,recording,knock_once,12,0.306325,7.084910,7.129091,-0.287237,0.508713,-0.041964
805555230.000,Miguel,recording,knock_once,12,0.208714,6.927712,6.887569,-0.224718,0.642472,-0.066769
805555240.000,Miguel,recording,knock_once,12,-0.122672,6.682277,6.858024,-0.136546,0.750276,-0.066384
805555250.000,Miguel,recording,knock_once,12,-1.293937,6.628942,7.016107,-0.027502,0.747660,-0.022200
805555260.000,Miguel,recording,knock_once,12,-7.398102,6.450599,7.427710,0.088773,0.597269,0.078288
805555270.000,Miguel,recording,knock_once,12,-4.775809,6.298897,7.424427,0.184464,0.462201,0.222408
805555280.000,Miguel,recording,knock_once,12,-4.330692,7.350757,6.097105,0.212278,0.525284,0.384330
805555290.000,Miguel,recording,knock_once,12,-2.673931,7.092826,6.037836,0.151167,0.656571,0.538950
805555300.000,Miguel,recording,knock_once,12,-1.935999,7.254024,5.785249,0.033176,0.680275,0.662860
805555310.000,Miguel,recording,knock_once,12,-0.452411,7.403864,6.199770,-0.086152,0.574974,0.737845
805555320.000,Miguel,recording,knock_once,12,0.217539,7.566605,6.494525,-0.168192,0.376541,0.731834
805555330.000,Miguel,recording,knock_once,12,0.694694,7.292674,6.833337,-0.203692,0.149222,0.627702
805555340.000,Miguel,recording,knock_once,12,0.653755,7.072103,7.157186,-0.196900,-0.059552,0.458569
805555350.000,Miguel,recording,knock_once,12,0.232844,6.964875,7.342638,-0.156778,-0.213848,0.284861
805555360.000,Miguel,recording,knock_once,12,-0.146762,6.893527,7.368944,-0.096373,-0.299974,0.151027
805555370.000,Miguel,recording,knock_once,12,-0.512106,6.781611,7.236523,-0.032619,-0.335934,0.070924
805555380.000,Miguel,recording,knock_once,12,-0.709882,6.766596,7.068678,0.017413,-0.355228,0.039110
805555390.000,Miguel,recording,knock_once,12,-0.730687,6.743793,6.922556,0.046042,-0.375599,0.042566
805555400.000,Miguel,recording,knock_once,12,-0.643861,6.772333,6.942280,0.061588,-0.394163,0.069674
805555410.000,Miguel,recording,knock_once,12,-0.562646,6.840680,6.966901,0.077194,-0.402885,0.109124
805555420.000,Miguel,recording,knock_once,12,-0.482598,6.923356,7.045830,0.098572,-0.401009,0.146727
805555430.000,Miguel,recording,knock_once,12,-0.371707,7.006602,7.066705,0.125605,-0.390017,0.173181
805555440.000,Miguel,recording,knock_once,12,-0.288795,7.113511,7.031602,0.156731,-0.366559,0.188538
805555450.000,Miguel,recording,knock_once,12,-0.272654,7.228957,6.978593,0.188348,-0.328289,0.194496
805555460.000,Miguel,recording,knock_once,12,-0.262844,7.164863,6.864145,0.216423,-0.277232,0.184448
805555470.000,Miguel,recording,knock_once,12,-0.253035,7.116635,6.712613,0.239188,-0.214025,0.156612
805555480.000,Miguel,recording,knock_once,12,-0.479288,7.435602,6.554157,0.250753,-0.141213,0.129996
805555490.000,Miguel,recording,knock_once,12,-0.666429,7.636513,6.339219,0.241571,-0.068259,0.121659
805555500.000,Miguel,recording,knock_once,12,-0.749433,7.685073,6.148129,0.209237,-0.015411,0.128480
805555510.000,Miguel,recording,knock_once,12,-0.599754,7.642964,6.114158,0.161280,-0.004058,0.138058
805555520.000,Miguel,recording,knock_once,12,-0.350738,7.572047,6.182059,0.113498,-0.027043,0.136281
805555530.000,Miguel,recording,knock_once,12,-0.135917,7.526929,6.294548,0.082244,-0.049016,0.113710
805555540.000,Miguel,recording,knock_once,12,0.021199,7.464903,6.361848,0.069588,-0.043691,0.072348
805555550.000,Miguel,recording,knock_once,12,0.080114,7.358400,6.356659,0.064601,-0.012582,0.022125
805555560.000,Miguel,recording,knock_once,12,-0.001024,7.267092,6.295944,0.057367,0.030513,-0.026070
805555570.000,Miguel,recording,knock_once,12,-0.141782,7.208902,6.264927,0.045543,0.071088,-0.063317
805555580.000,Miguel,recording,knock_once,12,-0.256452,7.187212,6.262448,0.031621,0.097136,-0.084566
805555590.000,Miguel,recording,knock_once,12,-0.382861,7.093027,6.254741,0.018030,0.106034,-0.087814
805555600.000,Miguel,recording,knock_once,12,-0.504649,7.063756,6.247926,0.004958,0.101121,-0.073608
805555610.000,Miguel,recording,knock_once,12,-0.591167,7.082706,6.197715,-0.012373,0.082280,-0.047748
805555620.000,Miguel,recording,knock_once,12,-0.548597,7.129335,6.177297,-0.039882,0.052022,-0.019505
805555630.000,Miguel,recording,knock_once,12,-0.395872,7.172156,6.199880,-0.076491,0.027669,0.002452
805555640.000,Miguel,recording,knock_once,12,-0.235220,7.217872,6.199694,-0.116996,0.026596,0.011943
805555650.000,Miguel,recording,knock_once,12,-0.215631,7.193901,6.264301,-0.156898,0.043082,0.010016
805555660.000,Miguel,recording,knock_once,12,-0.292763,7.229183,6.402277,-0.193039,0.055787,0.005996
805555670.000,Miguel,recording,knock_once,12,-0.372450,7.287053,6.570949,-0.222575,0.056106,0.005739
805555680.000,Miguel,recording,knock_once,12,-0.391830,7.332287,6.722995,-0.240992,0.056253,0.005048
805555690.000,Miguel,recording,knock_once,12,-0.339709,7.277118,6.899295,-0.241950,0.067164,-0.001019
805555700.000,Miguel,recording,knock_once,12,-0.365851,7.220046,7.031866,-0.220823,0.084941,-0.011875
805555710.000,Miguel,recording,knock_once,12,-0.510722,7.176570,7.140551,-0.178068,0.098623,-0.021973
805555720.000,Miguel,recording,knock_once,12,-0.679423,7.153528,7.157539,-0.119418,0.098168,-0.024774
805555730.000,Miguel,recording,knock_once,12,-0.851227,7.179566,7.190537,-0.055463,0.076290,-0.019193
805555740.000,Miguel,recording,knock_once,12,-0.867968,7.197556,7.230563,0.004383,0.038435,-0.009510
805555750.000,Miguel,recording,knock_once,12,-0.818952,7.142948,7.187499,0.057550,0.008397,0.000680
805555760.000,Miguel,recording,knock_once,12,-0.783589,7.077696,7.126103,0.104980,0.004321,0.011699
805555770.000,Miguel,recording,knock_once,12,-0.801578,7.025428,7.084285,0.149223,0.016067,0.026613
805555780.000,Miguel,recording,knock_once,12,-0.819737,7.018247,7.001757,0.191367,0.020799,0.046105
805555790.000,Miguel,recording,knock_once,12,-0.798451,7.021138,6.865191,0.229121,0.006186,0.067399
805555800.000,Miguel,recording,knock_once,12,-0.774236,7.016718,6.764176,0.260609,-0.026373,0.086014
805555810.000,Miguel,recording,knock_once,12,-0.728046,7.017074,6.685593,0.285430,-0.064771,0.098893
805555820.000,Miguel,recording,knock_once,12,-0.717646,7.033798,6.601058,0.302823,-0.090391,0.106805
805555830.000,Miguel,recording,knock_once,12,-0.713958,7.042815,6.439698,0.310441,-0.092647,0.113008
805555840.000,Miguel,recording,knock_once,12,-0.707801,7.047309,6.296743,0.304951,-0.080800,0.123393
805555850.000,Miguel,recording,knock_once,12,-0.670479,7.082182,6.184812,0.284992,-0.072542,0.139725
805555860.000,Miguel,recording,knock_once,12,-0.509265,7.165245,6.144684,0.254344,-0.072852,0.151929
805555870.000,Miguel,recording,knock_once,12,-0.352106,7.203252,6.156393,0.220101,-0.073679,0.150079
805555880.000,Miguel,recording,knock_once,12,-0.207298,7.237229,6.164633,0.186804,-0.066978,0.134376
805555890.000,Miguel,recording,knock_once,12,-0.237876,7.275713,6.120918,0.155860,-0.050610,0.113683
805555900.000,Miguel,recording,knock_once,12,-0.359892,7.269639,6.083478,0.125768,-0.030813,0.101604
805555910.000,Miguel,recording,knock_once,12,-0.516352,7.289431,6.024270,0.094025,-0.019095,0.105032
805555920.000,Miguel,recording,knock_once,12,-0.546325,7.324676,6.007417,0.062066,-0.022679,0.120876
805555930.000,Miguel,recording,knock_once,12,-0.449878,7.352301,6.057598,0.032461,-0.037980,0.139031
805555940.000,Miguel,recording,knock_once,12,-0.253666,7.388481,6.153675,0.008109,-0.051087,0.149073
805555950.000,Miguel,recording,knock_once,12,-0.099167,7.410616,6.243835,-0.009034,-0.045718,0.146960
805555960.000,Miguel,recording,knock_once,12,-0.006662,7.438600,6.237425,-0.022902,-0.020760,0.136241
805555970.000,Miguel,recording,knock_once,12,0.058954,7.483336,6.221633,-0.038833,0.006370,0.122401
805555980.000,Miguel,recording,knock_once,12,0.105565,7.531102,6.229310,-0.058424,0.020178,0.105616
805555990.000,Miguel,recording,knock_once,12,0.104591,7.597292,6.195278,-0.080053,0.024250,0.082977
805556000.000,Miguel,recording,knock_once,12,0.093049,7.594761,6.173953,-0.102113,0.027247,0.054572
805556010.000,Miguel,recording,knock_once,12,0.072589,7.561023,6.244664,-0.122181,0.027854,0.025482
805556020.000,Miguel,recording,knock_once,12,-0.022341,7.543576,6.353248,-0.134305,0.025308,0.002942
805556030.000,Miguel,recording,knock_once,12,-0.129938,7.529314,6.482556,-0.134573,0.022541,-0.009102
805556040.000,Miguel,recording,knock_once,12,-0.179054,7.492325,6.567664,-0.123607,0.019499,-0.012773
805556050.000,Miguel,recording,knock_once,12,-0.215236,7.440402,6.648216,-0.103723,0.014911,-0.011701
805556060.000,Miguel,recording,knock_once,12,-0.264749,7.400328,6.661205,-0.077793,0.011462,-0.008106
805556070.000,Miguel,recording,knock_once,12,-0.272539,7.381409,6.614144,-0.050307,0.008951,-0.003970
805556080.000,Miguel,recording,knock_once,12,-0.226511,7.401744,6.588816,-0.027925,-0.001305,-0.002079
805556090.000,Miguel,recording,knock_once,12,-0.118721,7.450607,6.581961,-0.013465,-0.020711,-0.007683
805556100.000,Miguel,recording,knock_once,12,-0.030349,7.467227,6.610213,-0.002596,-0.032129,-0.025245
805556110.000,Miguel,recording,knock_once,12,-0.041020,7.421573,6.615626,0.009128,-0.021827,-0.049680
805556120.000,Miguel,recording,knock_once,12,-0.165634,7.348783,6.551687,0.020227,0.000408,-0.069337
805556130.000,Miguel,recording,knock_once,12,-0.325906,7.333071,6.523977,0.026368,0.014940,-0.077554
805556140.000,Miguel,recording,knock_once,12,-0.432071,7.353482,6.523432,0.026617,0.012070,-0.075371
805556150.000,Miguel,recording,knock_once,12,-0.426048,7.329069,6.568147,0.025436,-0.002239,-0.070215
805556160.000,Miguel,recording,knock_once,12,-0.390099,7.280494,6.597022,0.028026,-0.012805,-0.067655
805556170.000,Miguel,recording,knock_once,12,-0.437066,7.198756,6.566818,0.035440,-0.009923,-0.065247
805556180.000,Miguel,recording,knock_once,12,-0.494772,7.186850,6.537158,0.044195,-0.000453,-0.056900
805556190.000,Miguel,recording,knock_once,12,-0.500597,7.205269,6.521328,0.049868,0.003215,-0.041241
805556200.000,Miguel,recording,knock_once,12,-0.453087,7.228760,6.488635,0.050820,0.001720,-0.027048
805556210.000,Miguel,recording,knock_once,12,-0.422400,7.174859,6.451259,0.049282,0.004928,-0.020769
805556220.000,Miguel,recording,knock_once,12,-0.447525,7.151278,6.396036,0.046745,0.015697,-0.017070
805556230.000,Miguel,recording,knock_once,12,-0.514503,7.140674,6.318699,0.040558,0.025808,-0.008345
805556240.000,Miguel,recording,knock_once,12,-0.500207,7.188473,6.283150,0.028821,0.025992,0.004722
805556250.000,Miguel,recording,knock_once,12,-0.478230,7.225980,6.274156,0.013172,0.016661,0.014714
805556260.000,Miguel,recording,knock_once,12,-0.482067,7.234680,6.296244,-0.002089,0.006069,0.018435
805556270.000,Miguel,recording,knock_once,12,-0.498581,7.225365,6.319459,-0.014527,-0.000516,0.021054
805556280.000,Miguel,recording,knock_once,12,-0.523900,7.225937,6.344285,-0.023438,-0.003372,0.028217
805556290.000,Miguel,recording,knock_once,12,-0.526912,7.203876,6.370935,-0.027999,-0.005630,0.040690
805556300.000,Miguel,recording,knock_once,12,-0.504718,7.228319,6.381482,-0.029817,-0.009992,0.055420
805556310.000,Miguel,recording,knock_once,12,-0.424863,7.287433,6.350303,-0.033314,-0.016548,0.065205
805556320.000,Miguel,recording,knock_once,12,-0.320260,7.289386,6.391897,-0.039941,-0.022894,0.063461
805556330.000,Miguel,recording,knock_once,12,-0.241283,7.278487,6.433211,-0.045852,-0.020645,0.053662
805556340.000,Miguel,recording,knock_once,12,-0.245314,7.274898,6.465214,-0.048918,-0.002036,0.045497
805556350.000,Miguel,recording,knock_once,12,-0.237979,7.297133,6.485909,-0.049486,0.023347,0.043458
805556360.000,Miguel,recording,knock_once,12,-0.209838,7.338950,6.521906,-0.048331,0.034925,0.043412
805556370.000,Miguel,recording,knock_once,12,-0.197195,7.356089,6.558494,-0.044238,0.029073,0.038825
805556380.000,Miguel,recording,knock_once,12,-0.228827,7.361711,6.614000,-0.033342,0.019681,0.030035
805556390.000,Miguel,recording,knock_once,12,-0.280710,7.342950,6.578466,-0.017288,0.012125,0.024222
805556400.000,Miguel,recording,knock_once,12,-0.316798,7.358471,6.544250,-0.003938,0.001089,0.025422
805556410.000,Miguel,recording,knock_once,12,-0.321464,7.395123,6.552703,0.003167,-0.014832,0.028832
805556420.000,Miguel,recording,knock_once,12,-0.218559,7.411306,6.595866,0.006617,-0.026948,0.029373
805556430.000,Miguel,recording,knock_once,12,-0.162937,7.399290,6.593288,0.009449,-0.022085,0.027027
805556440.000,Miguel,recording,knock_once,12,-0.125676,7.379854,6.563347,0.012333,0.000400,0.022551
805556450.000,Miguel,recording,knock_once,12,-0.130021,7.398530,6.508732,0.012523,0.025480,0.016391
805556460.000,Miguel,recording,knock_once,12,-0.152206,7.403782,6.434554,0.007294,0.041688,0.009144
805556470.000,Miguel,recording,knock_once,12,-0.201939,7.391918,6.368629,-0.002331,0.050657,0.002072
805556480.000,Miguel,recording,knock_once,12,-0.230098,7.382850,6.321091,-0.013653,0.057227,-0.002753
805556490.000,Miguel,recording,knock_once,12,-0.308002,7.368520,6.286687,-0.023924,0.060382,-0.003276
805556500.000,Miguel,recording,knock_once,12,-0.361278,7.330469,6.276436,-0.032085,0.055087,0.001381
805556510.000,Miguel,recording,knock_once,12,-0.400512,7.328504,6.253094,-0.038836,0.036442,0.009533
805556520.000,Miguel,recording,knock_once,12,-0.290019,7.332178,6.316105,-0.043455,0.004447,0.014559
805556530.000,Miguel,recording,knock_once,12,-0.108552,7.306282,6.454221,-0.043124,-0.028358,0.007421
805556540.000,Miguel,recording,knock_once,12,-0.040240,7.280255,6.522056,-0.034747,-0.037558,-0.011771
805556550.000,Miguel,recording,knock_once,12,-0.123337,7.219967,6.530225,-0.021903,-0.017030,-0.031947
805556560.000,Miguel,recording,knock_once,12,-0.274136,7.206091,6.510613,-0.013982,0.008495,-0.042013
805556570.000,Miguel,recording,knock_once,12,-0.416857,7.225300,6.457214,-0.015720,0.018652,-0.038940
805556580.000,Miguel,recording,knock_once,12,-0.473343,7.229745,6.486142,-0.022868,0.018774,-0.027954
805556590.000,Miguel,recording,knock_once,12,-0.503134,7.226115,6.501179,-0.028200,0.022382,-0.015170
805556600.000,Miguel,recording,knock_once,12,-0.516705,7.226377,6.508995,-0.029689,0.027613,-0.003383
805556610.000,Miguel,recording,knock_once,12,-0.542204,7.209241,6.534436,-0.029395,0.023388,0.008121
805556620.000,Miguel,recording,knock_once,12,-0.526455,7.226810,6.535382,-0.029687,0.007137,0.020338
805556630.000,Miguel,recording,knock_once,12,-0.453911,7.263278,6.531539,-0.031620,-0.014601,0.029730
805556640.000,Miguel,recording,knock_once,12,-0.335053,7.248491,6.570120,-0.033769,-0.032684,0.031208
805556650.000,Miguel,recording,knock_once,12,-0.269368,7.255307,6.604179,-0.034044,-0.035383,0.025062
805556660.000,Miguel,recording,knock_once,12,-0.294518,7.231714,6.612330,-0.033666,-0.019257,0.018029
805556670.000,Miguel,recording,knock_once,12,-0.324368,7.213258,6.654648,-0.035140,0.005063,0.016581
805556680.000,Miguel,recording,knock_once,12,-0.389831,7.166885,6.713714,-0.035532,0.029067,0.021453
805556690.000,Miguel,recording,knock_once,12,-0.439040,7.182590,6.770618,-0.027369,0.049850,0.030311
805556700.000,Miguel,recording,knock_once,12,-0.443713,7.231532,6.824148,-0.005892,0.062470,0.040925
805556710.000,Miguel,recording,knock_once,12,-0.402199,7.239903,6.794274,0.026242,0.061257,0.050906
805556720.000,Miguel,recording,knock_once,12,-0.347566,7.276250,6.723396,0.062234,0.044296,0.057148
805556730.000,Miguel,recording,knock_once,12,-0.294943,7.290015,6.646874,0.096101,0.016606,0.057180
805556740.000,Miguel,recording,knock_once,12,-0.301792,7.286944,6.550626,0.122851,-0.012447,0.051900
805556750.000,Miguel,recording,knock_once,12,-0.322193,7.255884,6.452150,0.138852,-0.035258,0.045753
805556760.000,Miguel,recording,knock_once,12,-0.309710,7.240032,6.414293,0.144560,-0.047734,0.042476
805556770.000,Miguel,recording,knock_once,12,-0.296556,7.200468,6.388063,0.143490,-0.047307,0.040057
805556780.000,Miguel,recording,knock_once,12,-0.295605,7.178890,6.329989,0.138662,-0.033480,0.036583
805556790.000,Miguel,recording,knock_once,12,-0.287667,7.183962,6.285493,0.129159,-0.010495,0.034609
805556800.000,Miguel,recording,knock_once,12,-0.293958,7.250018,6.208929,0.111826,0.015732,0.036709
805556810.000,Miguel,recording,knock_once,12,-0.327883,7.292616,6.136939,0.087175,0.040102,0.041886
805556820.000,Miguel,recording,knock_once,12,-0.345210,7.319475,6.069703,0.058906,0.055591,0.046553
805556830.000,Miguel,recording,knock_once,12,-0.359554,7.369416,6.013051,0.027816,0.057379,0.049791
805556840.000,Miguel,recording,knock_once,12,-0.360012,7.414797,6.034364,-0.005013,0.045425,0.050973
805556850.000,Miguel,recording,knock_once,12,-0.295581,7.436766,6.137679,-0.033864,0.024762,0.049316
805556860.000,Miguel,recording,knock_once,12,-0.242170,7.403109,6.299994,-0.052409,0.008283,0.045993
805556870.000,Miguel,recording,knock_once,12,-0.234584,7.373321,6.439329,-0.058732,0.004051,0.042525
805556880.000,Miguel,recording,knock_once,12,-0.199180,7.361266,6.543896,-0.055246,0.008569,0.040528
805556890.000,Miguel,recording,knock_once,12,-0.162759,7.341324,6.581809,-0.046345,0.017162,0.039354
805556900.000,Miguel,recording,knock_once,12,-0.087922,7.324580,6.557077,-0.037256,0.026999,0.037689
805556910.000,Miguel,recording,knock_once,12,-0.094947,7.346913,6.552660,-0.029213,0.033593,0.036159
805556920.000,Miguel,recording,knock_once,12,-0.137451,7.373996,6.554037,-0.021568,0.032097,0.037054
805556930.000,Miguel,recording,knock_once,12,-0.176888,7.378379,6.551716,-0.014903,0.023964,0.040526
805556940.000,Miguel,recording,knock_once,12,-0.167891,7.388882,6.534880,-0.009511,0.015278,0.043500
805556950.000,Miguel,recording,knock_once,12,-0.166024,7.387751,6.514487,-0.005791,0.011548,0.043631
805556960.000,Miguel,recording,knock_once,12,-0.178010,7.405787,6.499686,-0.003573,0.014129,0.040479
805556970.000,Miguel,recording,knock_once,12,-0.203153,7.405276,6.475362,-0.002588,0.017239,0.035884
805556980.000,Miguel,recording,knock_once,12,-0.182445,7.427125,6.479519,-0.002146,0.017241,0.031011
805556990.000,Miguel,recording,knock_once,12,-0.159503,7.442410,6.437314,-0.001213,0.016096,0.023921
805557000.000,Miguel,recording,knock_once,12,-0.136721,7.440624,6.417549,0.000710,0.012395,0.012812
805557010.000,Miguel,recording,knock_once,12,-0.157224,7.439123,6.401645,0.003885,0.002150,-0.001614
805557020.000,Miguel,recording,knock_once,12,-0.182594,7.423318,6.350111,0.005109,-0.013336,-0.015530
805557030.000,Miguel,recording,knock_once,12,-0.240197,7.371128,6.311198,0.000012,-0.027003,-0.023039
805557040.000,Miguel,recording,knock_once,12,-0.322143,7.301916,6.336706,-0.009972,-0.030357,-0.021453
805557050.000,Miguel,recording,knock_once,12,-0.325981,7.239186,6.415104,-0.018576,-0.022650,-0.011781
805557060.000,Miguel,recording,knock_once,12,-0.276776,7.220134,6.510190,-0.020302,-0.011846,0.002911
805557070.000,Miguel,recording,knock_once,12,-0.221058,7.264631,6.557569,-0.013269,-0.004760,0.015533
805557080.000,Miguel,recording,knock_once,12,-0.180504,7.328878,6.562279,0.001351,-0.005047,0.020327
805557090.000,Miguel,recording,knock_once,12,-0.164235,7.346355,6.533075,0.018553,-0.013384,0.019290
805557100.000,Miguel,recording,knock_once,12,-0.138481,7.380248,6.490816,0.032879,-0.025231,0.017015
805557110.000,Miguel,recording,knock_once,12,-0.146075,7.393298,6.467387,0.043713,-0.035526,0.013983
805557120.000,Miguel,recording,knock_once,12,-0.124579,7.426203,6.455263,0.052415,-0.043949,0.008190
805557130.000,Miguel,recording,knock_once,12,-0.119635,7.445210,6.474648,0.059707,-0.051068,-0.000471
805557140.000,Miguel,recording,knock_once,12,-0.132965,7.450432,6.463713,0.065587,-0.052990,-0.008857
805557150.000,Miguel,recording,knock_once,12,-0.195372,7.427345,6.446888,0.069901,-0.044492,-0.013828
805557160.000,Miguel,recording,knock_once,12,-0.295302,7.374542,6.372711,0.070915,-0.028432,-0.015013
805557170.000,Miguel,recording,knock_once,12,-0.375400,7.337986,6.281873,0.066056,-0.012053,-0.011846
805557180.000,Miguel,recording,knock_once,12,-0.427375,7.335251,6.204580,0.054786,-0.000515,-0.003236
805557190.000,Miguel,recording,knock_once,12,-0.431679,7.312434,6.152582,0.038908,0.001650,0.009978
805557200.000,Miguel,recording,knock_once,12,-0.392467,7.278167,6.132745,0.020888,-0.004079,0.023893
805557210.000,Miguel,recording,knock_once,12,-0.342066,7.257623,6.134680,0.002071,-0.010874,0.034946
805557220.000,Miguel,recording,knock_once,12,-0.293028,7.236811,6.141742,-0.024728,0.000345,0.049407
805557230.000,Miguel,recording,knock_once,12,-0.269220,7.271817,6.021779,-0.083394,0.071177,0.083760
805557240.000,Miguel,recording,knock_once,12,-0.133841,7.337967,5.869527,-0.197676,0.233324,0.147997
805557250.000,Miguel,recording,knock_once,12,0.089981,7.435874,5.883157,-0.355175,0.452711,0.230592
805557260.000,Miguel,recording,knock_once,12,0.395005,7.518797,6.226983,-0.495232,0.626042,0.296532
805557270.000,Miguel,recording,knock_once,13,0.553875,7.536895,6.542124,-0.562143,0.675396,0.312008
805557280.000,Miguel,recording,knock_once,13,0.419181,7.402966,6.646785,-0.558241,0.616076,0.282069
805557290.000,Miguel,recording,knock_once,13,0.023767,7.171155,6.760126,-0.521273,0.489469,0.240375
805557300.000,Miguel,recording,knock_once,13,-0.415554,6.953389,7.047462,-0.473513,0.296852,0.213970
805557310.000,Miguel,recording,knock_once,13,-0.904135,6.824299,7.578682,-0.410114,0.030830,0.216688
805557320.000,Miguel,recording,knock_once,13,-1.335913,6.802730,7.985731,-0.325905,-0.269129,0.249859
805557330.000,Miguel,recording,knock_once,13,-1.588942,6.755040,8.077245,-0.233707,-0.531283,0.300781
805557340.000,Miguel,recording,knock_once,13,-1.515839,6.706757,7.658539,-0.150382,-0.732135,0.362476
805557350.000,Miguel,recording,knock_once,13,-1.034788,6.737168,7.024845,-0.092845,-0.914513,0.438471
805557360.000,Miguel,recording,knock_once,13,0.038973,6.928495,6.291748,-0.080874,-1.100138,0.504723
805557370.000,Miguel,recording,knock_once,13,1.155430,7.021824,6.180843,-0.096236,-1.253709,0.517836
805557380.000,Miguel,recording,knock_once,13,2.013017,7.170765,6.065168,-0.100273,-1.317300,0.456498
805557390.000,Miguel,recording,knock_once,13,2.886692,7.550286,5.986060,-0.094997,-1.251385,0.313881
805557400.000,Miguel,recording,knock_once,13,2.999723,7.485518,6.050951,-0.102680,-1.049905,0.107288
805557410.000,Miguel,recording,knock_once,13,2.540449,7.053771,6.006184,-0.135878,-0.763133,-0.105747
805557420.000,Miguel,recording,knock_once,13,1.837632,6.613749,5.780530,-0.201731,-0.461026,-0.264566
805557430.000,Miguel,recording,knock_once,13,1.176279,6.413632,5.683406,-0.289822,-0.175363,-0.340863
805557440.000,Miguel,recording,knock_once,13,0.884616,6.439008,5.845869,-0.370434,0.069904,-0.348376
805557450.000,Miguel,recording,knock_once,13,0.889191,6.538367,6.003884,-0.427402,0.258265,-0.329528
805557460.000,Miguel,recording,knock_once,13,1.038554,6.711969,5.950147,-0.478295,0.394967,-0.323860
805557470.000,Miguel,recording,knock_once,13,1.063572,6.987955,5.797962,-0.555440,0.505059,-0.348108
805557480.000,Miguel,recording,knock_once,13,0.846321,7.121915,5.696869,-0.668615,0.612104,-0.391636
805557490.000,Miguel,recording,knock_once,13,0.491282,7.057030,5.854840,-0.793920,0.701130,-0.428595
805557500.000,Miguel,recording,knock_once,13,0.434706,6.876664,6.346991,-0.902578,0.750505,-0.457213
805557510.000,Miguel,recording,knock_once,13,0.472290,6.523970,6.807906,-0.981359,0.793191,-0.499317
805557520.000,Miguel,recording,knock_once,13,0.138979,6.022462,7.298052,-1.014048,0.866116,-0.547090
805557530.000,Miguel,recording,knock_once,13,-0.502249,5.716461,7.843020,-0.974455,0.966298,-0.561846
805557540.000,Miguel,recording,knock_once,13,-1.272255,5.835194,8.302014,-0.863061,1.090808,-0.510704
805557550.000,Miguel,recording,knock_once,13,-1.888317,6.639328,8.309519,-0.740987,1.242785,-0.389103
805557560.000,Miguel,recording,knock_once,13,-1.919000,6.947078,8.154304,-0.667022,1.412582,-0.236314
805557570.000,Miguel,recording,knock_once,13,-1.676434,6.875990,8.212062,-0.622284,1.546857,-0.119322
805557580.000,Miguel,recording,knock_once,13,-1.559627,6.606995,8.518485,-0.555728,1.574513,-0.072438
805557590.000,Miguel,recording,knock_once,13,-1.812775,6.404116,8.805451,-0.454387,1.505046,-0.063696
805557600.000,Miguel,recording,knock_once,13,-2.081573,6.152611,8.910739,-0.346866,1.422777,-0.044952
805557610.000,Miguel,recording,knock_once,13,-2.090840,5.851884,9.073682,-0.241771,1.362321,-0.010339
805557620.000,Miguel,recording,knock_once,13,-2.132791,5.979212,9.502772,-0.116364,1.312234,0.027047
805557630.000,Miguel,recording,knock_once,13,-2.521193,6.465246,9.740160,0.038800,1.281530,0.067413
805557640.000,Miguel,recording,knock_once,13,-2.901172,6.699192,9.475182,0.219700,1.228545,0.119876
805557650.000,Miguel,recording,knock_once,13,-2.919306,6.504700,8.865065,0.411572,1.068399,0.192548
805557660.000,Miguel,recording,knock_once,13,-2.614578,6.295360,8.163160,0.579998,0.807834,0.266759
805557670.000,Miguel,recording,knock_once,13,-2.218900,6.222937,7.285691,0.669907,0.573282,0.296580
805557680.000,Miguel,recording,knock_once,13,-2.043250,6.350879,6.553297,0.630492,0.426017,0.272546
805557690.000,Miguel,recording,knock_once,13,-1.838385,7.126069,7.421372,0.535357,0.271272,0.239915
805557700.000,Miguel,recording,knock_once,13,-1.644339,7.590199,8.802206,0.572165,0.046379,0.214457
805557710.000,Miguel,recording,knock_once,13,-1.115406,6.628060,9.083082,0.748393,-0.202757,0.183065
805557720.000,Miguel,recording,knock_once,13,-1.288598,6.000118,8.010344,0.918345,-0.361445,0.153059
805557730.000,Miguel,recording,knock_once,13,-1.677044,5.872351,6.924536,0.999159,-0.406195,0.146110
805557740.000,Miguel,recording,knock_once,13,-2.181802,6.249228,6.414963,0.991734,-0.397202,0.170173
805557750.000,Miguel,recording,knock_once,13,-2.463867,7.006054,5.626412,0.924822,-0.356509,0.217507
805557760.000,Miguel,recording,knock_once,13,-2.192478,7.219846,5.525918,0.816982,-0.318686,0.267873
805557770.000,Miguel,recording,knock_once,13,-1.745088,7.335184,5.383898,0.693249,-0.309798,0.297516
805557780.000,Miguel,recording,knock_once,13,-1.282494,7.237365,5.410715,0.569869,-0.323609,0.308174
805557790.000,Miguel,recording,knock_once,13,-0.980625,7.231919,5.372738,0.459408,-0.325178,0.313099
805557800.000,Miguel,recording,knock_once,13,-0.751905,7.645290,5.644098,0.375636,-0.306431,0.327279
805557810.000,Miguel,recording,knock_once,13,-0.627420,8.065316,5.931813,0.320942,-0.298506,0.355052
805557820.000,Miguel,recording,knock_once,13,-0.357028,7.079077,6.026305,0.288836,-0.301374,0.368984
805557830.000,Miguel,recording,knock_once,13,-0.566255,6.769897,6.357963,0.293307,-0.295811,0.362289
805557840.000,Miguel,recording,knock_once,13,-1.394418,6.590971,6.720638,0.346113,-0.318792,0.383739
805557850.000,Miguel,recording,knock_once,13,-1.931534,6.607268,7.044769,0.436137,-0.377535,0.463235
805557860.000,Miguel,recording,knock_once,13,-1.855973,6.622869,6.434981,0.522745,-0.397729,0.571170
805557870.000,Miguel,recording,knock_once,13,-1.393002,6.889082,5.957498,0.546077,-0.380967,0.663983
805557880.000,Miguel,recording,knock_once,13,-0.742235,7.166536,5.689229,0.479492,-0.388841,0.700998
805557890.000,Miguel,recording,knock_once,13,0.065682,7.292235,5.445257,0.331706,-0.439962,0.647592
805557900.000,Miguel,recording,knock_once,13,0.654301,7.463792,5.476488,0.139791,-0.518963,0.516859
805557910.000,Miguel,recording,knock_once,13,0.976430,7.351362,5.595867,-0.046392,-0.599376,0.354557
805557920.000,Miguel,recording,knock_once,13,0.983249,7.144698,5.793154,-0.196909,-0.682061,0.195280
805557930.000,Miguel,recording,knock_once,13,0.828298,6.924170,5.948871,-0.307877,-0.768539,0.057890
805557940.000,Miguel,recording,knock_once,13,0.645537,6.823743,6.061099,-0.389554,-0.834107,-0.048906
805557950.000,Miguel,recording,knock_once,13,0.473170,6.850436,6.147096,-0.446928,-0.854841,-0.122264
805557960.000,Miguel,recording,knock_once,13,0.264688,6.953950,6.257850,-0.478682,-0.834888,-0.160458
805557970.000,Miguel,recording,knock_once,13,-0.083853,7.052462,6.519427,-0.474020,-0.805471,-0.162827
805557980.000,Miguel,recording,knock_once,13,-0.598308,7.125801,7.061745,-0.411821,-0.790583,-0.125635
805557990.000,Miguel,recording,knock_once,13,-1.112260,7.183949,7.697330,-0.281480,-0.785136,-0.041356
805558000.000,Miguel,recording,knock_once,13,-1.395603,7.205679,8.097448,-0.090218,-0.803426,0.085960
805558010.000,Miguel,recording,knock_once,13,-1.318877,6.947993,7.683733,0.123328,-0.880690,0.225550
805558020.000,Miguel,recording,knock_once,13,-0.678322,6.782648,6.640478,0.282202,-0.971593,0.346008
805558030.000,Miguel,recording,knock_once,13,1.304639,6.956554,5.866085,0.340452,-1.006622,0.422082
805558040.000,Miguel,recording,knock_once,13,6.552209,7.989620,5.367570,0.325959,-1.105567,0.388402
805558050.000,Miguel,recording,knock_once,13,4.378470,8.376593,5.564710,0.247998,-1.388332,0.212971
805558060.000,Miguel,recording,knock_once,13,2.544777,7.147726,5.497980,0.065273,-1.626640,-0.035096
805558070.000,Miguel,recording,knock_once,13,0.358106,6.214471,6.141305,-0.172610,-1.622149,-0.278760
805558080.000,Miguel,recording,knock_once,13,-0.551007,6.426940,6.950744,-0.334715,-1.495950,-0.454215
805558090.000,Miguel,recording,knock_once,13,-1.112909,6.672891,7.826939,-0.352177,-1.367975,-0.494651
805558100.000,Miguel,recording,knock_once,13,-1.081884,6.793060,7.947009,-0.244405,-1.233951,-0.395873
805558110.000,Miguel,recording,knock_once,13,-0.452363,7.097733,7.538908,-0.079393,-1.032555,-0.229332
805558120.000,Miguel,recording,knock_once,13,0.329022,7.335345,6.972926,0.081338,-0.716343,-0.080795
805558130.000,Miguel,recording,knock_once,13,1.023485,7.401465,6.534860,0.210991,-0.303738,0.006642
805558140.000,Miguel,recording,knock_once,13,1.268009,7.316329,6.234483,0.303569,0.137202,0.041780
805558150.000,Miguel,recording,knock_once,13,1.298846,7.198653,6.070808,0.358022,0.525809,0.051962
805558160.000,Miguel,recording,knock_once,13,1.180745,7.113102,5.819339,0.370788,0.803600,0.053195
805558170.000,Miguel,recording,knock_once,13,1.043261,7.173630,5.527157,0.333037,0.943347,0.052009
805558180.000,Miguel,recording,knock_once,13,0.924870,7.243156,5.451779,0.244712,0.955337,0.049404
805558190.000,Miguel,recording,knock_once,13,0.766232,7.251434,5.782339,0.131708,0.880387,0.040282
805558200.000,Miguel,recording,knock_once,13,0.656923,7.196790,6.285676,0.033885,0.757023,0.023272
805558210.000,Miguel,recording,knock_once,13,0.371365,7.111116,6.644943,-0.027120,0.622398,0.007755
805558220.000,Miguel,recording,knock_once,13,-0.002796,7.173346,6.912773,-0.052997,0.514346,0.007703
805558230.000,Miguel,recording,knock_once,13,-0.159348,7.303333,7.062868,-0.050298,0.437813,0.027956
805558240.000,Miguel,recording,knock_once,13,-0.151654,7.300264,6.883263,-0.032713,0.357984,0.069704
805558250.000,Miguel,recording,knock_once,13,-0.025379,7.067928,6.431208,-0.027410,0.269888,0.132546
805558260.000,Miguel,recording,knock_once,13,0.435545,7.005665,6.196199,-0.047711,0.223536,0.189078
805558270.000,Miguel,recording,knock_once,13,0.887054,7.069777,6.097188,-0.079567,0.231776,0.198555
805558280.000,Miguel,recording,knock_once,13,1.221766,7.101866,5.945613,-0.113583,0.259961,0.156637
805558290.000,Miguel,recording,knock_once,13,1.312549,7.143773,5.897315,-0.152627,0.285323,0.089339
805558300.000,Miguel,recording,knock_once,13,1.192397,7.255176,5.974059,-0.196144,0.301098,0.021024
805558310.000,Miguel,recording,knock_once,13,0.930693,7.320780,6.128198,-0.239614,0.305949,-0.030020
805558320.000,Miguel,recording,knock_once,13,0.572300,7.270908,6.421488,-0.271788,0.293329,-0.053969
805558330.000,Miguel,recording,knock_once,13,0.269027,7.106754,6.780643,-0.282009,0.265175,-0.052038
805558340.000,Miguel,recording,knock_once,13,0.209242,6.965108,7.043275,-0.268967,0.240099,-0.032937
805558350.000,Miguel,recording,knock_once,13,0.293054,6.937465,7.320993,-0.235787,0.224009,-0.010237
805558360.000,Miguel,recording,knock_once,13,0.399032,7.020525,7.407524,-0.190941,0.201169,0.005567
805558370.000,Miguel,recording,knock_once,13,0.479057,7.050406,7.331337,-0.149462,0.158295,0.012688
805558380.000,Miguel,recording,knock_once,13,0.502946,7.049044,7.092620,-0.123411,0.090675,0.014808
805558390.000,Miguel,recording,knock_once,13,0.495346,7.067004,6.869948,-0.116896,0.008993,0.016998
805558400.000,Miguel,recording,knock_once,13,0.407500,7.195286,6.806395,-0.124376,-0.056755,0.021125
805558410.000,Miguel,recording,knock_once,13,0.368813,7.235175,6.906703,-0.131516,-0.085773,0.026008
805558420.000,Miguel,recording,knock_once,13,0.360237,7.155826,7.055169,-0.124171,-0.081855,0.033106
805558430.000,Miguel,recording,knock_once,13,0.426712,7.097353,7.125190,-0.096888,-0.056068,0.042413
805558440.000,Miguel,recording,knock_once,13,0.515023,7.084909,7.197393,-0.054604,-0.016889,0.048713
805558450.000,Miguel,recording,knock_once,13,0.572594,7.132239,7.190494,-0.008850,0.026193,0.047294
805558460.000,Miguel,recording,knock_once,13,0.584222,7.140503,7.123331,0.029943,0.060268,0.038704
805558470.000,Miguel,recording,knock_once,13,0.566411,7.119745,7.047480,0.058211,0.073630,0.028207
805558480.000,Miguel,recording,knock_once,13,0.528646,7.093799,6.994553,0.079108,0.064889,0.019253
805558490.000,Miguel,recording,knock_once,13,0.466557,7.081190,6.966151,0.098123,0.043525,0.012346
805558500.000,Miguel,recording,knock_once,13,0.434100,7.122935,6.943328,0.119593,0.022981,0.009083
805558510.000,Miguel,recording,knock_once,13,0.317078,7.201682,7.011225,0.149481,0.010183,0.011332
805558520.000,Miguel,recording,knock_once,13,0.181359,7.216705,7.018390,0.190265,0.003919,0.021215
805558530.000,Miguel,recording,knock_once,13,0.167342,7.172139,6.941104,0.234799,0.001689,0.040301
805558540.000,Miguel,recording,knock_once,13,0.209737,7.171932,6.810070,0.274297,0.000497,0.064738
805558550.000,Miguel,recording,knock_once,13,0.343531,7.182996,6.639514,0.299964,-0.000519,0.085470
805558560.000,Miguel,recording,knock_once,13,0.561419,7.135731,6.427218,0.303917,0.000172,0.092252
805558570.000,Miguel,recording,knock_once,13,0.714510,7.084009,6.300331,0.288493,0.002946,0.076880
805558580.000,Miguel,recording,knock_once,13,0.735844,7.027817,6.192191,0.260354,0.006347,0.042765
805558590.000,Miguel,recording,knock_once,13,0.704423,7.022889,6.109779,0.220924,0.005757,0.004918
805558600.000,Miguel,recording,knock_once,13,0.649202,7.070198,6.068509,0.172036,0.001165,-0.025406
805558610.000,Miguel,recording,knock_once,13,0.586008,7.143868,5.984777,0.116042,-0.000747,-0.043849
805558620.000,Miguel,recording,knock_once,13,0.522634,7.228176,5.931976,0.053218,-0.000588,-0.049701
805558630.000,Miguel,recording,knock_once,13,0.516751,7.269951,5.864557,-0.013125,-0.008121,-0.047204
805558640.000,Miguel,recording,knock_once,13,0.556698,7.208197,5.946506,-0.074248,-0.025790,-0.045339
805558650.000,Miguel,recording,knock_once,13,0.580127,7.116259,6.132113,-0.118294,-0.041639,-0.051166
805558660.000,Miguel,recording,knock_once,13,0.510069,7.108013,6.354558,-0.137332,-0.040185,-0.061588
805558670.000,Miguel,recording,knock_once,13,0.402447,7.108323,6.552611,-0.131180,-0.013383,-0.065745
805558680.000,Miguel,recording,knock_once,13,0.295943,7.100907,6.754926,-0.100919,0.037848,-0.056409
805558690.000,Miguel,recording,knock_once,13,0.221369,7.156409,6.977580,-0.048179,0.105937,-0.035305
805558700.000,Miguel,recording,knock_once,13,0.165119,7.239593,7.117828,0.020568,0.168990,-0.005544
805558710.000,Miguel,recording,knock_once,13,0.035787,7.263574,7.205572,0.095858,0.195161,0.032195
805558720.000,Miguel,recording,knock_once,13,0.033991,7.189945,7.124718,0.164678,0.175504,0.074006
805558730.000,Miguel,recording,knock_once,13,0.160375,7.148187,6.980532,0.213384,0.131644,0.110878
805558740.000,Miguel,recording,knock_once,13,0.383211,7.179046,6.797997,0.234787,0.083309,0.132241
805558750.000,Miguel,recording,knock_once,13,0.569435,7.165966,6.634590,0.231827,0.034470,0.131984
805558760.000,Miguel,recording,knock_once,13,0.699951,7.191209,6.493324,0.213295,-0.011052,0.111412
805558770.000,Miguel,recording,knock_once,13,0.783522,7.309148,6.361965,0.182205,-0.039587,0.077052
805558780.000,Miguel,recording,knock_once,13,0.762395,7.450260,6.179841,0.136235,-0.039604,0.039343
805558790.000,Miguel,recording,knock_once,13,0.665598,7.529059,6.017139,0.076185,-0.014615,0.009076
805558800.000,Miguel,recording,knock_once,13,0.561331,7.545751,5.981675,0.010762,0.019072,-0.008112
805558810.000,Miguel,recording,knock_once,13,0.460170,7.529442,6.040196,-0.048185,0.046973,-0.013181
805558820.000,Miguel,recording,knock_once,13,0.351260,7.484193,6.076702,-0.096011,0.062398,-0.008388
805558830.000,Miguel,recording,knock_once,13,0.216945,7.477032,6.176799,-0.132504,0.064672,0.004794
805558840.000,Miguel,recording,knock_once,13,0.078230,7.481111,6.322459,-0.154385,0.064694,0.025406
805558850.000,Miguel,recording,knock_once,13,0.034593,7.445930,6.452105,-0.161842,0.075473,0.053598
805558860.000,Miguel,recording,knock_once,13,0.089750,7.400530,6.546192,-0.159651,0.097362,0.086116
805558870.000,Miguel,recording,knock_once,13,0.216839,7.293264,6.665663,-0.147925,0.116860,0.111509
805558880.000,Miguel,recording,knock_once,13,0.371320,7.155597,6.756188,-0.125485,0.121818,0.118399
805558890.000,Miguel,recording,knock_once,13,0.494454,7.083801,6.776932,-0.098082,0.118014,0.105085
805558900.000,Miguel,recording,knock_once,13,0.543994,7.087161,6.761928,-0.073459,0.117681,0.077395
805558910.000,Miguel,recording,knock_once,13,0.519037,7.165117,6.740449,-0.053061,0.118778,0.047420
805558920.000,Miguel,recording,knock_once,13,0.416249,7.251786,6.691655,-0.035461,0.112164,0.027880
805558930.000,Miguel,recording,knock_once,13,0.310768,7.283791,6.691994,-0.020743,0.099075,0.020330
805558940.000,Miguel,recording,knock_once,13,0.284819,7.226549,6.672309,-0.010920,0.085866,0.018837
805558950.000,Miguel,recording,knock_once,13,0.312426,7.179643,6.692769,-0.006129,0.073335,0.018962
805558960.000,Miguel,recording,knock_once,13,0.347667,7.173693,6.811427,0.000410,0.058992,0.017660
805558970.000,Miguel,recording,knock_once,13,0.381835,7.157986,6.883006,0.015304,0.042980,0.014241
805558980.000,Miguel,recording,knock_once,13,0.422880,7.089896,6.932777,0.039302,0.024865,0.008416
805558990.000,Miguel,recording,knock_once,13,0.443499,7.072240,6.888923,0.067274,0.003462,-0.000664
805559000.000,Miguel,recording,knock_once,13,0.455850,7.118239,6.741846,0.091843,-0.013674,-0.011396
805559010.000,Miguel,recording,knock_once,13,0.482411,7.133910,6.546932,0.109261,-0.016953,-0.019890
805559020.000,Miguel,recording,knock_once,13,0.537719,7.183068,6.413678,0.118161,-0.006000,-0.024086
805559030.000,Miguel,recording,knock_once,13,0.537588,7.282665,6.322912,0.117235,0.010518,-0.024073
805559040.000,Miguel,recording,knock_once,13,0.459330,7.337000,6.191159,0.105378,0.020481,-0.019752
805559050.000,Miguel,recording,knock_once,13,0.344500,7.292945,6.089295,0.082836,0.019306,-0.011342
805559060.000,Miguel,recording,knock_once,13,0.265875,7.232594,6.077368,0.052465,0.014991,0.001122
805559070.000,Miguel,recording,knock_once,13,0.223936,7.258347,6.092643,0.019774,0.021108,0.015999
805559080.000,Miguel,recording,knock_once,13,0.311651,7.327687,6.169748,-0.009111,0.041489,0.030293
805559090.000,Miguel,recording,knock_once,13,0.421013,7.355870,6.248950,-0.031689,0.065540,0.041928
805559100.000,Miguel,recording,knock_once,13,0.488678,7.311674,6.246089,-0.051083,0.082412,0.047601
805559110.000,Miguel,recording,knock_once,13,0.577536,7.206754,6.250427,-0.070943,0.089447,0.043507
805559120.000,Miguel,recording,knock_once,13,0.664955,7.113979,6.274640,-0.091363,0.089881,0.025939
805559130.000,Miguel,recording,knock_once,13,0.701864,7.103582,6.379941,-0.105979,0.090115,-0.003579
805559140.000,Miguel,recording,knock_once,13,0.480268,7.177384,6.595626,-0.105694,0.094952,-0.030125
805559150.000,Miguel,recording,knock_once,13,0.218538,7.197761,6.717392,-0.091238,0.107687,-0.037022
805559160.000,Miguel,recording,knock_once,13,0.010508,7.213512,6.822439,-0.066852,0.123380,-0.023311
805559170.000,Miguel,recording,knock_once,13,-0.055670,7.143224,6.861861,-0.035106,0.129281,0.000311
805559180.000,Miguel,recording,knock_once,13,-0.067048,7.122206,6.782194,-0.005097,0.120162,0.023844
805559190.000,Miguel,recording,knock_once,13,0.055706,7.148749,6.689088,0.014297,0.102459,0.041196
805559200.000,Miguel,recording,knock_once,13,0.204568,7.206164,6.611746,0.019411,0.082505,0.048715
805559210.000,Miguel,recording,knock_once,13,0.356088,7.265661,6.545362,0.011086,0.058188,0.046269
805559220.000,Miguel,recording,knock_once,13,0.259261,7.366768,6.543960,-0.006439,0.019962,0.041028
805559230.000,Miguel,recording,knock_once,13,0.127250,7.366063,6.471937,-0.030750,-0.038176,0.043508
805559240.000,Miguel,recording,knock_once,13,0.013524,7.343475,6.518946,-0.057296,-0.106735,0.057373
805559250.000,Miguel,recording,knock_once,13,0.014916,7.376717,6.652172,-0.076942,-0.172108,0.078412
805559260.000,Miguel,recording,knock_once,13,0.125658,7.420768,6.738501,-0.084153,-0.231176,0.099170
805559270.000,Miguel,recording,knock_once,13,0.276774,7.375017,6.766883,-0.080917,-0.284406,0.112163
805559280.000,Miguel,recording,knock_once,13,0.306839,7.266166,6.806373,-0.071564,-0.328015,0.115161
805559290.000,Miguel,recording,knock_once,13,0.166559,7.193642,6.898807,-0.053759,-0.366333,0.115458
805559300.000,Miguel,recording,knock_once,13,-0.008288,7.209160,6.964756,-0.025441,-0.411038,0.126466
805559310.000,Miguel,recording,knock_once,13,-0.048173,7.259725,6.880110,0.003449,-0.461702,0.154548
805559320.000,Miguel,recording,knock_once,13,0.160185,7.294314,6.792063,0.023758,-0.506842,0.191172
805559330.000,Miguel,recording,knock_once,13,0.189619,7.537866,6.973565,0.038768,-0.557359,0.224554
805559340.000,Miguel,recording,knock_once,13,-0.076045,7.579518,6.993064,0.053146,-0.659394,0.258356
805559350.000,Miguel,recording,knock_once,13,-0.365905,7.352269,6.602832,0.057842,-0.854967,0.299801
805559360.000,Miguel,recording,knock_once,13,-0.111151,6.982056,6.241762,0.044324,-1.138772,0.328962
805559370.000,Miguel,recording,knock_once,13,0.451791,6.846690,6.379709,0.030012,-1.423071,0.320221
805559380.000,Miguel,recording,knock_once,13,4.203796,7.061124,6.551826,0.056341,-1.614040,0.231002
805559390.000,Miguel,recording,knock_once,13,9.881555,8.246347,6.231026,0.133119,-1.796122,-0.003292
805559400.000,Miguel,recording,knock_once,13,5.418557,8.214710,5.341476,0.129763,-1.941799,-0.316162
805559410.000,Miguel,recording,knock_once,13,3.526180,6.551041,4.226415,-0.067342,-1.742718,-0.585421
805559420.000,Miguel,recording,knock_once,13,1.387175,6.772035,6.147995,-0.272924,-1.244893,-0.783455
805559430.000,Miguel,recording,knock_once,13,0.125188,6.960725,7.689010,-0.283140,-0.735126,-0.873281
805559440.000,Miguel,recording,knock_once,13,-0.629283,6.836818,8.347375,-0.122045,-0.294022,-0.803410
805559450.000,Miguel,recording,knock_once,13,-0.681081,6.911831,8.121135,0.115357,0.074484,-0.611528
805559460.000,Miguel,recording,knock_once,13,0.104135,7.225046,7.271761,0.328693,0.395153,-0.405993
805559470.000,Miguel,recording,knock_once,13,0.713629,7.276957,6.178031,0.446791,0.675924,-0.260687
805559480.000,Miguel,recording,knock_once,13,0.960408,7.234084,5.439775,0.461968,0.883185,-0.184310
805559490.000,Miguel,recording,knock_once,13,0.833362,7.057266,5.290879,0.408989,0.986426,-0.150769
805559500.000,Miguel,recording,knock_once,13,0.660839,6.795024,5.415083,0.327717,0.989609,-0.132347
805559510.000,Miguel,recording,knock_once,13,0.589807,6.693930,5.554759,0.242665,0.917462,-0.115390
805559520.000,Miguel,recording,knock_once,13,0.580010,6.779776,5.526435,0.157121,0.801831,-0.094930
805559530.000,Miguel,recording,knock_once,13,0.662526,6.947516,5.441239,0.068033,0.662621,-0.071584
805559540.000,Miguel,recording,knock_once,13,0.703987,7.108185,5.441612,-0.024186,0.500316,-0.050749
805559550.000,Miguel,recording,knock_once,13,0.759917,7.120260,5.316183,-0.123902,0.319888,-0.034185
805559560.000,Miguel,recording,knock_once,13,0.818438,7.103508,5.136546,-0.239943,0.145975,-0.022207
805559570.000,Miguel,recording,knock_once,13,0.908492,7.200068,5.206637,-0.367448,0.013572,-0.022648
805559580.000,Miguel,recording,knock_once,13,0.868265,7.274358,5.505005,-0.483673,-0.063925,-0.040946
805559590.000,Miguel,recording,knock_once,13,0.762189,7.149396,5.817075,-0.569415,-0.101383,-0.066704
805559600.000,Miguel,recording,knock_once,13,0.669609,7.039078,5.981710,-0.625046,-0.106416,-0.083933
805559610.000,Miguel,recording,knock_once,13,0.623725,7.065432,6.061954,-0.662555,-0.078409,-0.088834
805559620.000,Miguel,recording,knock_once,13,0.641290,7.121821,6.181324,-0.689064,-0.022400,-0.088322
805559630.000,Miguel,recording,knock_once,13,0.645889,7.204766,6.427035,-0.699444,0.050030,-0.089698
805559640.000,Miguel,recording,knock_once,13,0.500190,7.268982,6.862151,-0.682443,0.120089,-0.094975
805559650.000,Miguel,recording,knock_once,13,0.327779,7.236266,7.228644,-0.633592,0.173443,-0.094973
805559660.000,Miguel,recording,knock_once,13,0.174881,7.134664,7.628734,-0.557160,0.207133,-0.080393
805559670.000,Miguel,recording,knock_once,13,0.154283,7.003905,7.958224,-0.458680,0.224621,-0.052423
805559680.000,Miguel,recording,knock_once,13,0.208982,6.981758,8.159870,-0.344154,0.228657,-0.019094
805559690.000,Miguel,recording,knock_once,13,0.327187,7.054114,8.203052,-0.221874,0.224537,0.010678
805559700.000,Miguel,recording,knock_once,13,0.445011,7.088911,8.202771,-0.093999,0.225681,0.033898
805559710.000,Miguel,recording,knock_once,13,0.487974,7.090707,8.249743,0.042726,0.242113,0.049850
805559720.000,Miguel,recording,knock_once,13,0.508646,7.087510,8.112164,0.174829,0.273507,0.056749
805559730.000,Miguel,recording,knock_once,13,0.529840,7.118068,7.794681,0.278283,0.312646,0.057999
805559740.000,Miguel,recording,knock_once,13,0.500991,7.196290,7.391861,0.340833,0.343424,0.058625
805559750.000,Miguel,recording,knock_once,13,0.476847,7.276919,7.030277,0.360369,0.347539,0.059444
805559760.000,Miguel,recording,knock_once,13,0.474735,7.351229,6.679080,0.338673,0.317642,0.060478
805559770.000,Miguel,recording,knock_once,13,0.467188,7.337654,6.371717,0.278495,0.261511,0.059885
805559780.000,Miguel,recording,knock_once,13,0.488000,7.305868,6.207612,0.188447,0.193113,0.054326
805559790.000,Miguel,recording,knock_once,13,0.519290,7.201445,6.208315,0.088598,0.119375,0.041417
805559800.000,Miguel,recording,knock_once,13,0.540863,7.111007,6.310801,-0.000012,0.047855,0.023672
805559810.000,Miguel,recording,knock_once,13,0.485459,7.078743,6.424344,-0.065846,-0.007143,0.008970
805559820.000,Miguel,recording,knock_once,13,0.365759,7.081289,6.656450,-0.101763,-0.035756,0.003542
805559830.000,Miguel,recording,knock_once,13,0.344287,7.038636,6.802630,-0.106110,-0.040534,0.006508
805559840.000,Miguel,recording,knock_once,13,0.445003,6.968418,6.881518,-0.086583,-0.027022,0.010429
805559850.000,Miguel,recording,knock_once,13,0.484954,6.970041,6.826452,-0.054855,0.005387,0.008880
805559860.000,Miguel,recording,knock_once,13,0.401041,7.009976,6.802380,-0.021091,0.054743,0.003529
805559870.000,Miguel,recording,knock_once,13,0.285624,7.019128,6.801746,0.011555,0.115278,0.001206
805559880.000,Miguel,recording,knock_once,13,0.266860,6.996039,6.807960,0.045205,0.183952,0.008976
805559890.000,Miguel,recording,knock_once,13,0.314888,7.062813,6.871556,0.079568,0.250097,0.027651
805559900.000,Miguel,recording,knock_once,13,0.430514,7.086208,6.879680,0.111873,0.292556,0.048821
805559910.000,Miguel,recording,knock_once,13,0.493748,7.070919,6.765038,0.134182,0.295682,0.064499
805559920.000,Miguel,recording,knock_once,13,0.502340,7.046137,6.521959,0.131921,0.261568,0.071623
805559930.000,Miguel,recording,knock_once,13,0.492514,7.024363,6.304414,0.097951,0.203143,0.068834
805559940.000,Miguel,recording,knock_once,13,0.440747,7.050406,6.218649,0.040318,0.133622,0.056830
805559950.000,Miguel,recording,knock_once,13,0.362365,7.036599,6.183045,-0.028903,0.071870,0.041010
805559960.000,Miguel,recording,knock_once,13,0.399310,7.036340,6.248800,-0.098398,0.039321,0.028053
805559970.000,Miguel,recording,knock_once,13,0.494064,7.039571,6.459205,-0.152099,0.043915,0.018378
805559980.000,Miguel,recording,knock_once,13,0.533590,7.087084,6.736649,-0.176398,0.074303,0.009319
805559990.000,Miguel,recording,knock_once,13,0.482448,7.093330,7.030303,-0.167186,0.103209,0.004152
805560000.000,Miguel,recording,knock_once,13,0.435315,7.000226,7.222443,-0.130777,0.106504,0.007891
805560010.000,Miguel,recording,knock_once,13,0.403058,6.953111,7.308293,-0.082981,0.086219,0.018202
805560020.000,Miguel,recording,knock_once,13,0.375597,6.986865,7.189198,-0.041573,0.054470,0.030481
805560030.000,Miguel,recording,knock_once,13,0.400255,7.025720,7.020800,-0.017065,0.016534,0.042651
805560040.000,Miguel,recording,knock_once,13,0.452139,7.060201,6.900887,-0.007546,-0.018092,0.050827
805560050.000,Miguel,recording,knock_once,13,0.558111,7.044769,6.810085,-0.006010,-0.033932,0.049762
805560060.000,Miguel,recording,knock_once,13,0.630242,6.997245,6.771225,-0.006215,-0.023249,0.038289
805560070.000,Miguel,recording,knock_once,13,0.557585,6.991880,6.809469,-0.001036,0.005188,0.021858
805560080.000,Miguel,recording,knock_once,13,0.358206,6.979849,6.867979,0.013837,0.036591,0.010908
805560090.000,Miguel,recording,knock_once,13,0.346468,6.913844,6.839915,0.036362,0.064532,0.011533
805560100.000,Miguel,recording,knock_once,13,0.469219,6.878931,6.758546,0.059932,0.091894,0.017708
805560110.000,Miguel,recording,knock_once,13,0.630018,6.931506,6.600132,0.072995,0.117859,0.018932
805560120.000,Miguel,recording,knock_once,13,0.656113,6.979964,6.434204,0.064903,0.133141,0.011282
805560130.000,Miguel,recording,knock_once,13,0.580582,6.928956,6.336168,0.034878,0.127796,-0.001799
805560140.000,Miguel,recording,knock_once,13,0.546161,6.869907,6.241743,-0.010866,0.102685,-0.016297
805560150.000,Miguel,recording,knock_once,13,0.576474,6.853987,6.277531,-0.060917,0.072505,-0.030177
805560160.000,Miguel,recording,knock_once,13,0.590503,6.893836,6.530770,-0.097596,0.052089,-0.042796
805560170.000,Miguel,recording,knock_once,13,0.524981,6.883590,6.715559,-0.109707,0.045151,-0.052723
805560180.000,Miguel,recording,knock_once,13,0.497862,6.828100,6.790151,-0.100478,0.046071,-0.059844
805560190.000,Miguel,recording,knock_once,13,0.472891,6.766017,6.815406,-0.077242,0.051652,-0.067184
805560200.000,Miguel,recording,knock_once,13,0.452327,6.743570,6.877365,-0.044282,0.066665,-0.076287
805560210.000,Miguel,recording,knock_once,13,0.428672,6.760832,6.850996,-0.006585,0.095716,-0.084614
805560220.000,Miguel,recording,knock_once,13,0.365164,6.806547,6.784150,0.028822,0.136198,-0.088455
805560230.000,Miguel,recording,knock_once,13,0.256358,6.865615,6.665336,0.054080,0.178938,-0.086795
805560240.000,Miguel,recording,knock_once,13,0.223848,6.878201,6.530212,0.062872,0.216786,-0.080876
805560250.000,Miguel,recording,knock_once,13,0.349845,6.890983,6.450976,0.056369,0.251205,-0.077035
805560260.000,Miguel,recording,knock_once,13,0.465937,6.928708,6.466269,0.041461,0.284447,-0.081803
805560270.000,Miguel,recording,knock_once,13,0.474827,7.008118,6.556603,0.024779,0.311959,-0.092749
805560280.000,Miguel,recording,knock_once,13,0.375825,7.006001,6.595102,0.009042,0.327054,-0.104321
805560290.000,Miguel,recording,knock_once,14,0.284693,6.969673,6.639089,-0.004824,0.329596,-0.112953
805560300.000,Miguel,recording,knock_once,14,0.115388,6.942022,6.695360,-0.011710,0.325141,-0.115869
805560310.000,Miguel,recording,knock_once,14,-0.032012,6.935578,6.743841,-0.008046,0.317281,-0.110066
805560320.000,Miguel,recording,knock_once,14,-0.128752,6.927555,6.798579,0.005872,0.309142,-0.094340
805560330.000,Miguel,recording,knock_once,14,-0.096671,6.952848,6.992710,0.031031,0.303619,-0.072680
805560340.000,Miguel,recording,knock_once,14,-0.083123,7.024555,7.152365,0.061290,0.289890,-0.050707
805560350.000,Miguel,recording,knock_once,14,-0.177960,7.203726,7.242491,0.081033,0.244404,-0.027228
805560360.000,Miguel,recording,knock_once,14,-0.477439,7.499525,7.240141,0.036055,0.098667,0.004801
805560370.000,Miguel,recording,knock_once,14,-0.879392,7.669861,6.688315,-0.127142,-0.218442,0.041125
805560380.000,Miguel,recording,knock_once,14,-0.592773,7.207472,7.510247,-0.318475,-0.598875,0.069841
805560390.000,Miguel,recording,knock_once,14,-0.553826,7.089852,7.097973,-0.456429,-0.911243,0.099646
805560400.000,Miguel,recording,knock_once,14,-0.263795,7.233124,7.422927,-0.545128,-1.134052,0.132383
805560410.000,Miguel,recording,knock_once,14,0.121465,7.260960,7.436177,-0.567108,-1.226975,0.147600
805560420.000,Miguel,recording,knock_once,14,0.410918,7.150779,7.470781,-0.519336,-1.147914,0.136392
805560430.000,Miguel,recording,knock_once,14,0.381158,7.057350,7.523943,-0.411441,-0.901959,0.110591
805560440.000,Miguel,recording,knock_once,14,0.266127,7.043315,7.528187,-0.263899,-0.553708,0.091780
805560450.000,Miguel,recording,knock_once,14,0.172268,7.122942,7.490892,-0.104469,-0.190123,0.094411
805560460.000,Miguel,recording,knock_once,14,0.133944,7.222080,7.419661,0.042815,0.113065,0.118724
805560470.000,Miguel,recording,knock_once,14,0.126432,7.193565,7.290536,0.165254,0.315996,0.154085
805560480.000,Miguel,recording,knock_once,14,0.143850,6.989327,7.129849,0.267350,0.446052,0.186747
805560490.000,Miguel,recording,knock_once,14,0.081304,6.867909,6.734694,0.364467,0.584603,0.210241
805560500.000,Miguel,recording,knock_once,14,0.068400,6.846935,6.231765,0.463048,0.807957,0.223463
805560510.000,Miguel,recording,knock_once,14,-0.059360,6.888268,5.617351,0.547036,1.133255,0.217124
805560520.000,Miguel,recording,knock_once,14,-0.270916,6.839838,5.550554,0.578194,1.479970,0.191260
805560530.000,Miguel,recording,knock_once,14,-0.198785,6.513504,5.836391,0.535955,1.742339,0.156088
805560540.000,Miguel,recording,knock_once,14,0.187482,6.479272,5.742432,0.448284,1.916595,0.113405
805560550.000,Miguel,recording,knock_once,14,0.576555,6.684032,6.263347,0.368788,2.024526,0.067532
805560560.000,Miguel,recording,knock_once,14,0.582624,7.032576,6.778937,0.325273,2.006463,0.031597
805560570.000,Miguel,recording,knock_once,14,0.251429,7.137090,6.731850,0.271866,1.737067,0.010521
805560580.000,Miguel,recording,knock_once,14,0.004853,7.191445,5.999765,0.113557,1.139083,-0.008294
805560590.000,Miguel,recording,knock_once,14,-0.104287,6.946371,4.971155,-0.177457,0.404504,-0.036750
805560600.000,Miguel,recording,knock_once,14,-1.210932,6.248653,4.596567,-0.517211,-0.153197,-0.036739
805560610.000,Miguel,recording,knock_once,14,-2.242222,5.917787,4.789853,-0.810502,-0.492225,0.065433
805560620.000,Miguel,recording,knock_once,14,-1.994691,6.031268,5.511353,-1.036627,-0.782730,0.257339
805560630.000,Miguel,recording,knock_once,14,-0.456611,6.159328,5.972308,-1.199357,-1.106289,0.420186
805560640.000,Miguel,recording,knock_once,14,1.193063,6.667823,7.397606,-1.236010,-1.371795,0.458420
805560650.000,Miguel,recording,knock_once,14,1.754360,7.257569,9.001103,-1.099651,-1.426938,0.370211
805560660.000,Miguel,recording,knock_once,14,1.916063,7.271277,10.047567,-0.834291,-1.260757,0.195044
805560670.000,Miguel,recording,knock_once,14,1.955096,6.526919,10.187672,-0.511827,-1.017570,-0.001272
805560680.000,Miguel,recording,knock_once,14,1.517638,5.666370,9.542714,-0.223054,-0.780193,-0.151808
805560690.000,Miguel,recording,knock_once,14,0.906875,5.742574,8.499166,-0.046142,-0.529085,-0.239266
805560700.000,Miguel,recording,knock_once,14,0.279640,5.797161,8.199378,0.045069,-0.285805,-0.267172
805560710.000,Miguel,recording,knock_once,14,0.157237,6.700922,7.823622,0.106365,-0.130448,-0.267259
805560720.000,Miguel,recording,knock_once,14,-0.036607,7.230774,7.588267,0.148063,-0.100033,-0.267800
805560730.000,Miguel,recording,knock_once,14,-0.086283,7.550132,7.332163,0.164171,-0.155084,-0.266169
805560740.000,Miguel,recording,knock_once,14,-0.048266,7.677762,7.488702,0.158611,-0.254366,-0.251946
805560750.000,Miguel,recording,knock_once,14,0.209434,7.658840,7.774883,0.152126,-0.375236,-0.220324
805560760.000,Miguel,recording,knock_once,14,0.439988,7.442129,7.971928,0.158782,-0.488473,-0.190359
805560770.000,Miguel,recording,knock_once,14,0.352735,7.141345,8.017926,0.190672,-0.586070,-0.168675
805560780.000,Miguel,recording,knock_once,14,0.101071,7.004500,7.899071,0.250718,-0.685584,-0.130748
805560790.000,Miguel,recording,knock_once,14,-0.081593,6.955874,7.527962,0.328724,-0.805877,-0.060062
805560800.000,Miguel,recording,knock_once,14,-0.281398,6.720893,7.028398,0.405758,-0.938634,0.023116
805560810.000,Miguel,recording,knock_once,14,-0.460712,6.525325,6.559626,0.463062,-1.043509,0.085166
805560820.000,Miguel,recording,knock_once,14,-0.480138,6.500989,6.361020,0.495066,-1.075662,0.116276
805560830.000,Miguel,recording,knock_once,14,-0.299365,6.643371,6.438285,0.503321,-1.014240,0.131115
805560840.000,Miguel,recording,knock_once,14,0.222238,6.755113,6.911092,0.486498,-0.839037,0.139946
805560850.000,Miguel,recording,knock_once,14,0.800213,6.623036,7.944301,0.483925,-0.625407,0.138386
805560860.000,Miguel,recording,knock_once,14,1.417272,6.352062,7.076808,0.552557,-0.534912,0.124563
805560870.000,Miguel,recording,knock_once,14,1.524851,6.165795,6.627571,0.638636,-0.404926,0.087161
805560880.000,Miguel,recording,knock_once,14,1.742760,6.499192,6.764035,0.673200,-0.059317,0.015291
805560890.000,Miguel,recording,knock_once,14,1.998237,6.898732,6.702227,0.655275,0.369457,-0.064158
805560900.000,Miguel,recording,knock_once,14,1.992531,7.196769,6.653496,0.583706,0.736304,-0.129348
805560910.000,Miguel,recording,knock_once,14,1.822589,7.411019,6.473939,0.473627,0.925877,-0.189081
805560920.000,Miguel,recording,knock_once,14,1.600272,7.619532,6.326879,0.361180,0.919517,-0.252958
805560930.000,Miguel,recording,knock_once,14,1.296082,7.734802,6.219424,0.270589,0.818394,-0.319085
805560940.000,Miguel,recording,knock_once,14,1.026010,7.597408,6.002867,0.188660,0.732379,-0.378040
805560950.000,Miguel,recording,knock_once,14,0.618385,7.431473,5.895515,0.105995,0.656988,-0.416655
805560960.000,Miguel,recording,knock_once,14,0.190149,7.531867,5.777532,0.029607,0.552667,-0.419104
805560970.000,Miguel,recording,knock_once,14,-0.090992,7.549295,5.751791,-0.038281,0.451878,-0.385277
805560980.000,Miguel,recording,knock_once,14,-0.157451,7.473031,5.688734,-0.100398,0.383938,-0.336075
805560990.000,Miguel,recording,knock_once,14,-0.040502,7.366278,5.640694,-0.168293,0.340773,-0.290553
805561000.000,Miguel,recording,knock_once,14,0.150099,7.287073,5.628034,-0.245897,0.304324,-0.258430
805561010.000,Miguel,recording,knock_once,14,0.528894,7.144172,5.854787,-0.316935,0.263598,-0.249853
805561020.000,Miguel,recording,knock_once,14,0.866186,6.984276,6.281228,-0.358424,0.237767,-0.274101
805561030.000,Miguel,recording,knock_once,14,0.934895,6.836230,6.532414,-0.363188,0.245282,-0.332578
805561040.000,Miguel,recording,knock_once,14,0.824592,6.781447,6.534628,-0.346896,0.263099,-0.415845
805561050.000,Miguel,recording,knock_once,14,0.495470,6.806666,6.480344,-0.328039,0.257542,-0.499882
805561060.000,Miguel,recording,knock_once,14,0.050765,6.837601,6.551589,-0.306180,0.225658,-0.553498
805561070.000,Miguel,recording,knock_once,14,-0.244655,6.879414,6.846713,-0.266088,0.191111,-0.559830
805561080.000,Miguel,recording,knock_once,14,-0.314822,6.919423,7.077139,-0.201079,0.170352,-0.531742
805561090.000,Miguel,recording,knock_once,14,-0.295294,6.829997,7.218733,-0.116908,0.157643,-0.498573
805561100.000,Miguel,recording,knock_once,14,-0.296820,6.818761,7.124130,-0.028539,0.140798,-0.481643
805561110.000,Miguel,recording,knock_once,14,-0.409357,6.857460,6.948725,0.044606,0.108764,-0.484207
805561120.000,Miguel,recording,knock_once,14,-0.631632,6.924279,6.749540,0.091575,0.055446,-0.493866
805561130.000,Miguel,recording,knock_once,14,-0.872697,7.021091,6.640229,0.110352,-0.007902,-0.495052
805561140.000,Miguel,recording,knock_once,14,-1.001954,7.050303,6.524832,0.105611,-0.058096,-0.475516
805561150.000,Miguel,recording,knock_once,14,-1.045113,7.034003,6.622036,0.089266,-0.078916,-0.433009
805561160.000,Miguel,recording,knock_once,14,-1.011834,7.042442,6.653750,0.070331,-0.066659,-0.381317
805561170.000,Miguel,recording,knock_once,14,-0.898524,7.032407,6.622419,0.045037,-0.031848,-0.333960
805561180.000,Miguel,recording,knock_once,14,-0.715846,7.059891,6.593086,0.009639,0.002923,-0.296018
805561190.000,Miguel,recording,knock_once,14,-0.475119,7.111944,6.873562,-0.018119,0.017150,-0.271561
805561200.000,Miguel,recording,knock_once,14,-0.148964,7.098667,7.240105,-0.004770,0.024061,-0.263630
805561210.000,Miguel,recording,knock_once,14,0.142198,7.006055,7.268170,0.059906,0.055536,-0.279010
805561220.000,Miguel,recording,knock_once,14,0.085552,6.887043,6.921225,0.143000,0.083790,-0.321969
805561230.000,Miguel,recording,knock_once,14,-0.782220,6.859299,6.592726,0.196475,0.030829,-0.368660
805561240.000,Miguel,recording,knock_once,14,-4.690541,6.922897,6.407497,0.201693,-0.132334,-0.352195
805561250.000,Miguel,recording,knock_once,14,-3.517440,6.779044,6.739760,0.178289,-0.306967,-0.214378
805561260.000,Miguel,recording,knock_once,14,-2.994294,6.710829,6.432304,0.142526,-0.364074,0.013935
805561270.000,Miguel,recording,knock_once,14,-1.775484,6.215767,6.324362,0.079587,-0.357073,0.232394
805561280.000,Miguel,recording,knock_once,14,-1.050984,6.380264,6.211855,-0.006966,-0.368965,0.372888
805561290.000,Miguel,recording,knock_once,14,-0.352890,6.794964,6.589633,-0.080597,-0.385816,0.428743
805561300.000,Miguel,recording,knock_once,14,0.179673,7.103117,6.782245,-0.119968,-0.399379,0.406646
805561310.000,Miguel,recording,knock_once,14,0.596727,7.035089,7.093235,-0.123948,-0.405541,0.321721
805561320.000,Miguel,recording,knock_once,14,0.658797,6.934761,7.297283,-0.097637,-0.398680,0.208271
805561330.000,Miguel,recording,knock_once,14,0.446036,6.851279,7.358884,-0.050489,-0.371288,0.104055
805561340.000,Miguel,recording,knock_once,14,0.051203,6.826332,7.292998,0.003999,-0.332883,0.031669
805561350.000,Miguel,recording,knock_once,14,-0.328675,6.865807,7.113294,0.052457,-0.297265,-0.004137
805561360.000,Miguel,recording,knock_once,14,-0.563883,6.998128,6.968041,0.087459,-0.271499,-0.009960
805561370.000,Miguel,recording,knock_once,14,-0.658566,7.164993,6.842529,0.108246,-0.259959,0.001389
805561380.000,Miguel,recording,knock_once,14,-0.599130,7.194472,6.839849,0.119792,-0.271122,0.017370
805561390.000,Miguel,recording,knock_once,14,-0.456028,7.150391,6.824430,0.127848,-0.310061,0.032348
805561400.000,Miguel,recording,knock_once,14,-0.301742,7.156017,6.874787,0.134286,-0.360437,0.046824
805561410.000,Miguel,recording,knock_once,14,-0.169721,7.153908,6.958140,0.139939,-0.389878,0.059705
805561420.000,Miguel,recording,knock_once,14,0.042882,7.044464,6.963292,0.142434,-0.371566,0.062875
805561430.000,Miguel,recording,knock_once,14,0.261716,6.962854,6.992454,0.137657,-0.307050,0.053481
805561440.000,Miguel,recording,knock_once,14,0.173064,7.102472,7.132096,0.130562,-0.220561,0.045098
805561450.000,Miguel,recording,knock_once,14,0.076531,7.287726,7.196012,0.130636,-0.125829,0.046471
805561460.000,Miguel,recording,knock_once,14,0.105342,7.343287,7.128146,0.136483,-0.030234,0.048894
805561470.000,Miguel,recording,knock_once,14,0.157160,7.337153,6.995934,0.140890,0.048632,0.044160
805561480.000,Miguel,recording,knock_once,14,0.104021,7.357243,6.881106,0.142734,0.098196,0.034966
805561490.000,Miguel,recording,knock_once,14,0.026230,7.424072,6.846871,0.146519,0.120610,0.028536
805561500.000,Miguel,recording,knock_once,14,0.004898,7.455065,6.841314,0.158137,0.126655,0.026190
805561510.000,Miguel,recording,knock_once,14,-0.010173,7.443722,6.791785,0.178744,0.124317,0.022874
805561520.000,Miguel,recording,knock_once,14,0.057758,7.431467,6.723150,0.203700,0.114614,0.014398
805561530.000,Miguel,recording,knock_once,14,0.129574,7.407314,6.655266,0.228797,0.097051,0.000641
805561540.000,Miguel,recording,knock_once,14,0.178129,7.401608,6.632123,0.252341,0.075228,-0.018441
805561550.000,Miguel,recording,knock_once,14,0.162530,7.393816,6.558923,0.274745,0.059926,-0.043947
805561560.000,Miguel,recording,knock_once,14,0.096729,7.321567,6.411276,0.292880,0.054429,-0.071925
805561570.000,Miguel,recording,knock_once,14,-0.034718,7.233662,6.260796,0.299317,0.048907,-0.091906
805561580.000,Miguel,recording,knock_once,14,-0.188492,7.193970,6.164366,0.291589,0.038967,-0.094850
805561590.000,Miguel,recording,knock_once,14,-0.330296,7.211293,6.101389,0.271800,0.029676,-0.080669
805561600.000,Miguel,recording,knock_once,14,-0.387535,7.210059,6.027322,0.242964,0.027473,-0.057678
805561610.000,Miguel,recording,knock_once,14,-0.368726,7.178679,5.941446,0.206935,0.031059,-0.033089
805561620.000,Miguel,recording,knock_once,14,-0.358359,7.143491,5.897060,0.164602,0.032876,-0.007652
805561630.000,Miguel,recording,knock_once,14,-0.360314,7.127509,5.931089,0.120739,0.028406,0.019228
805561640.000,Miguel,recording,knock_once,14,-0.343117,7.173745,6.036066,0.084255,0.015052,0.044489
805561650.000,Miguel,recording,knock_once,14,-0.184004,7.293778,6.168166,0.059579,-0.008234,0.059530
805561660.000,Miguel,recording,knock_once,14,-0.018953,7.357684,6.255314,0.043822,-0.034528,0.055568
805561670.000,Miguel,recording,knock_once,14,0.124860,7.352530,6.325323,0.032430,-0.050334,0.033613
805561680.000,Miguel,recording,knock_once,14,0.181103,7.379258,6.380392,0.022670,-0.044613,0.003431
805561690.000,Miguel,recording,knock_once,14,0.173899,7.451691,6.401855,0.013845,-0.015238,-0.028004
805561700.000,Miguel,recording,knock_once,14,0.053668,7.484952,6.388258,0.004125,0.027051,-0.055546
805561710.000,Miguel,recording,knock_once,14,-0.115681,7.495029,6.349730,-0.007476,0.067123,-0.072130
805561720.000,Miguel,recording,knock_once,14,-0.245842,7.479494,6.399821,-0.016568,0.096110,-0.074121
805561730.000,Miguel,recording,knock_once,14,-0.328293,7.477777,6.474056,-0.016701,0.112013,-0.063791
805561740.000,Miguel,recording,knock_once,14,-0.394657,7.464521,6.500370,-0.006352,0.115229,-0.048726
805561750.000,Miguel,recording,knock_once,14,-0.403823,7.446379,6.489555,0.010178,0.104662,-0.035165
805561760.000,Miguel,recording,knock_once,14,-0.387921,7.436162,6.462065,0.026827,0.080962,-0.023117
805561770.000,Miguel,recording,knock_once,14,-0.345557,7.426287,6.454978,0.040237,0.049383,-0.009465
805561780.000,Miguel,recording,knock_once,14,-0.250545,7.423328,6.478885,0.051700,0.020008,0.003777
805561790.000,Miguel,recording,knock_once,14,-0.129681,7.384317,6.491039,0.063818,0.001811,0.008362
805561800.000,Miguel,recording,knock_once,14,-0.045566,7.377905,6.415377,0.073601,-0.003902,-0.000262
805561810.000,Miguel,recording,knock_once,14,-0.041401,7.406632,6.344702,0.077928,-0.000853,-0.017120
805561820.000,Miguel,recording,knock_once,14,-0.115968,7.455066,6.291396,0.078342,0.008411,-0.034293
805561830.000,Miguel,recording,knock_once,14,-0.186997,7.461269,6.289697,0.075019,0.021850,-0.047047
805561840.000,Miguel,recording,knock_once,14,-0.248187,7.448639,6.242233,0.067285,0.035217,-0.052678
805561850.000,Miguel,recording,knock_once,14,-0.294669,7.456403,6.159578,0.054652,0.042533,-0.050651
805561860.000,Miguel,recording,knock_once,14,-0.287478,7.491869,6.094116,0.039305,0.037869,-0.047270
805561870.000,Miguel,recording,knock_once,14,-0.223490,7.551809,6.058128,0.023380,0.021720,-0.053971
805561880.000,Miguel,recording,knock_once,14,-0.136276,7.604182,5.938537,0.000673,0.004530,-0.078931
805561890.000,Miguel,recording,knock_once,14,-0.148154,7.560682,5.766292,-0.041257,-0.002142,-0.118618
805561900.000,Miguel,recording,knock_once,14,-0.317673,7.511920,5.622396,-0.107715,0.000742,-0.154835
805561910.000,Miguel,recording,knock_once,14,-0.445311,7.491283,5.691446,-0.185305,0.001174,-0.169442
805561920.000,Miguel,recording,knock_once,14,-0.444763,7.404419,5.846429,-0.253060,-0.007899,-0.160950
805561930.000,Miguel,recording,knock_once,14,-0.276231,7.253708,6.086542,-0.298906,-0.024320,-0.142786
805561940.000,Miguel,recording,knock_once,14,-0.123005,7.153239,6.373178,-0.316196,-0.042956,-0.127753
805561950.000,Miguel,recording,knock_once,14,-0.135679,7.158989,6.571425,-0.300565,-0.055648,-0.120401
805561960.000,Miguel,recording,knock_once,14,-0.182419,7.165946,6.723707,-0.253187,-0.062638,-0.121230
805561970.000,Miguel,recording,knock_once,14,-0.175284,7.165481,6.762699,-0.182752,-0.079634,-0.129715
805561980.000,Miguel,recording,knock_once,14,-0.158640,7.094282,6.723163,-0.106063,-0.117597,-0.141580
805561990.000,Miguel,recording,knock_once,14,-0.174115,7.078310,6.628273,-0.039267,-0.168633,-0.148721
805562000.000,Miguel,recording,knock_once,14,-0.235218,7.111401,6.577039,0.012437,-0.213946,-0.145942
805562010.000,Miguel,recording,knock_once,14,-0.314790,7.171165,6.512607,0.047673,-0.238140,-0.133938
805562020.000,Miguel,recording,knock_once,14,-0.368079,7.229976,6.442812,0.063551,-0.239966,-0.116786
805562030.000,Miguel,recording,knock_once,14,-0.348761,7.324243,6.490057,0.062645,-0.224310,-0.098126
805562040.000,Miguel,recording,knock_once,14,-0.302590,7.344097,6.561273,0.052785,-0.187425,-0.078493
805562050.000,Miguel,recording,knock_once,14,-0.324935,7.313767,6.627508,0.040244,-0.126181,-0.057753
805562060.000,Miguel,recording,knock_once,14,-0.379746,7.325935,6.697222,0.025893,-0.050977,-0.034682
805562070.000,Miguel,recording,knock_once,14,-0.437256,7.366549,6.750058,0.011564,0.022396,-0.007824
805562080.000,Miguel,recording,knock_once,14,-0.414694,7.399109,6.773059,0.001100,0.079654,0.017284
805562090.000,Miguel,recording,knock_once,14,-0.382754,7.429052,6.774651,-0.004940,0.108085,0.031696
805562100.000,Miguel,recording,knock_once,14,-0.319855,7.421475,6.810631,-0.002489,0.105704,0.031105
805562110.000,Miguel,recording,knock_once,14,-0.260722,7.435417,6.813440,0.012032,0.083325,0.017353
805562120.000,Miguel,recording,knock_once,14,-0.211325,7.388385,6.886953,0.036805,0.052301,-0.002140
805562130.000,Miguel,recording,knock_once,14,-0.267777,7.305591,6.951382,0.070475,0.025644,-0.018056
805562140.000,Miguel,recording,knock_once,14,-0.419365,7.256008,6.957436,0.110212,0.015053,-0.023454
805562150.000,Miguel,recording,knock_once,14,-0.509036,7.233330,6.825998,0.147180,0.026085,-0.016658
805562160.000,Miguel,recording,knock_once,14,-0.577890,7.202231,6.536569,0.168330,0.059835,-0.000737
805562170.000,Miguel,recording,knock_once,14,-0.629574,7.202761,6.213255,0.162625,0.105636,0.022061
805562180.000,Miguel,recording,knock_once,14,-0.730054,7.242009,5.992739,0.128666,0.144826,0.053010
805562190.000,Miguel,recording,knock_once,14,-0.645162,7.322036,5.932005,0.078412,0.164561,0.089852
805562200.000,Miguel,recording,knock_once,14,-0.527955,7.374758,5.897317,0.025439,0.167445,0.120911
805562210.000,Miguel,recording,knock_once,14,-0.338210,7.325108,5.825908,-0.025373,0.164113,0.133722
805562220.000,Miguel,recording,knock_once,14,-0.050742,7.261711,5.726686,-0.074031,0.161180,0.124822
805562230.000,Miguel,recording,knock_once,14,0.086508,7.297783,5.768269,-0.120650,0.156362,0.097028
805562240.000,Miguel,recording,knock_once,14,0.168100,7.368815,5.924195,-0.160417,0.148776,0.054625
805562250.000,Miguel,recording,knock_once,14,0.264207,7.429568,6.173588,-0.181988,0.144754,0.000245
805562260.000,Miguel,recording,knock_once,14,0.481238,7.432686,6.505951,-0.174476,0.150110,-0.066173
805562270.000,Miguel,recording,knock_once,14,0.574080,7.403386,6.728613,-0.137762,0.172078,-0.143013
805562280.000,Miguel,recording,knock_once,14,0.824281,7.315746,6.977266,-0.082294,0.225291,-0.227998
805562290.000,Miguel,recording,knock_once,14,1.167100,7.158296,7.223385,-0.015014,0.336408,-0.319674
805562300.000,Miguel,recording,knock_once,14,1.292983,7.014037,7.505047,0.071935,0.522290,-0.407948
805562310.000,Miguel,recording,knock_once,14,1.046111,7.115712,7.847483,0.200083,0.763115,-0.475855
805562320.000,Miguel,recording,knock_once,14,1.077141,7.188128,7.774822,0.382642,1.024593,-0.511088
805562330.000,Miguel,recording,knock_once,14,0.680960,7.111516,6.974958,0.605182,1.252922,-0.521314
805562340.000,Miguel,recording,knock_once,14,0.005093,7.357502,5.769723,0.805234,1.302248,-0.538839
805562350.000,Miguel,recording,knock_once,14,-2.009242,7.965213,4.954549,0.918509,0.963488,-0.566301
805562360.000,Miguel,recording,knock_once,14,-9.485480,8.819076,5.733941,0.989697,0.318487,-0.473020
805562370.000,Miguel,recording,knock_once,14,-7.661775,9.719615,5.878391,1.090263,-0.148424,-0.146223
805562380.000,Miguel,recording,knock_once,14,-7.361453,8.243400,5.359795,1.178463,-0.269051,0.270702
805562390.000,Miguel,recording,knock_once,14,-4.464977,7.473732,5.522071,1.223183,-0.257633,0.640827
805562400.000,Miguel,recording,knock_once,14,-3.448760,7.918740,6.132538,1.244790,-0.266809,0.990095
805562410.000,Miguel,recording,knock_once,14,-2.097191,7.692499,5.939861,1.222308,-0.379277,1.313373
805562420.000,Miguel,recording,knock_once,14,-0.532085,7.314726,5.607690,1.128480,-0.551230,1.541598
805562430.000,Miguel,recording,knock_once,14,0.568263,7.053607,5.286296,0.972608,-0.696438,1.615984
805562440.000,Miguel,recording,knock_once,14,1.603919,6.960448,5.327598,0.789647,-0.769960,1.538483
805562450.000,Miguel,recording,knock_once,14,2.306128,7.078710,5.208638,0.603453,-0.734895,1.348568
805562460.000,Miguel,recording,knock_once,14,2.896550,7.319930,4.870496,0.406781,-0.563518,1.084422
805562470.000,Miguel,recording,knock_once,14,2.834987,7.534277,4.457330,0.174012,-0.273445,0.779074
805562480.000,Miguel,recording,knock_once,14,2.313902,7.755640,4.148946,-0.100835,0.082782,0.473803
805562490.000,Miguel,recording,knock_once,14,1.656440,7.945966,4.122965,-0.392263,0.436722,0.204883
805562500.000,Miguel,recording,knock_once,14,1.008658,7.915106,4.314197,-0.662020,0.719944,-0.010007
805562510.000,Miguel,recording,knock_once,14,0.251037,7.748702,4.711203,-0.870413,0.888432,-0.157936
805562520.000,Miguel,recording,knock_once,14,-0.589445,7.570965,5.257196,-0.988933,0.926129,-0.219967
805562530.000,Miguel,recording,knock_once,14,-1.323165,7.476309,5.660001,-1.012429,0.844620,-0.186659
805562540.000,Miguel,recording,knock_once,14,-1.685364,7.409534,5.904059,-0.957376,0.670789,-0.071445
805562550.000,Miguel,recording,knock_once,14,-1.660882,7.411394,6.027047,-0.851508,0.436562,0.091326
805562560.000,Miguel,recording,knock_once,14,-1.387000,7.456615,6.056728,-0.721514,0.175555,0.260072
805562570.000,Miguel,recording,knock_once,14,-1.046823,7.557338,6.028104,-0.588366,-0.086241,0.402593
805562580.000,Miguel,recording,knock_once,14,-0.660131,7.671406,6.025888,-0.471314,-0.322451,0.503944
805562590.000,Miguel,recording,knock_once,14,-0.312649,7.680938,5.972374,-0.382048,-0.485254,0.564872
805562600.000,Miguel,recording,knock_once,14,-0.012993,7.668036,5.916650,-0.322038,-0.524715,0.589784
805562610.000,Miguel,recording,knock_once,14,0.286099,7.631161,5.842934,-0.292026,-0.440052,0.583834
805562620.000,Miguel,recording,knock_once,14,0.532860,7.682779,5.765932,-0.292262,-0.286063,0.557357
805562630.000,Miguel,recording,knock_once,14,0.776259,7.820270,5.743245,-0.318619,-0.128532,0.517729
805562640.000,Miguel,recording,knock_once,14,0.990700,7.880701,5.735640,-0.361984,-0.008684,0.464838
805562650.000,Miguel,recording,knock_once,14,1.191701,7.885483,5.780221,-0.409573,0.066946,0.396357
805562660.000,Miguel,recording,knock_once,14,1.234544,7.864791,5.853291,-0.451540,0.113001,0.312707
805562670.000,Miguel,recording,knock_once,14,1.118903,7.820399,5.916780,-0.484643,0.139005,0.223562
805562680.000,Miguel,recording,knock_once,14,0.870188,7.743945,6.033262,-0.509342,0.145285,0.145025
805562690.000,Miguel,recording,knock_once,14,0.614898,7.702037,6.130982,-0.530559,0.124444,0.088750
805562700.000,Miguel,recording,knock_once,14,0.431407,7.620928,6.310551,-0.552958,0.062197,0.059262
805562710.000,Miguel,recording,knock_once,14,0.347460,7.531477,6.535995,-0.569985,-0.036150,0.056815
805562720.000,Miguel,recording,knock_once,14,0.283267,7.534416,6.762900,-0.569383,-0.133965,0.073897
805562730.000,Miguel,recording,knock_once,14,0.328951,7.496661,6.901467,-0.549659,-0.194190,0.098414
805562740.000,Miguel,recording,knock_once,14,0.419007,7.391396,6.999604,-0.519335,-0.203356,0.119136
805562750.000,Miguel,recording,knock_once,14,0.537481,7.288876,7.035417,-0.484567,-0.167381,0.129134
805562760.000,Miguel,recording,knock_once,14,0.577239,7.226137,7.066678,-0.446545,-0.103482,0.130567
805562770.000,Miguel,recording,knock_once,14,0.573437,7.234926,7.086102,-0.403819,-0.028921,0.128913
805562780.000,Miguel,recording,knock_once,14,0.575745,7.232247,7.072390,-0.354822,0.039984,0.126019
805562790.000,Miguel,recording,knock_once,14,0.614853,7.240531,7.086832,-0.300868,0.082740,0.117672
805562800.000,Miguel,recording,knock_once,14,0.795034,7.271166,7.144899,-0.244863,0.088007,0.096709
805562810.000,Miguel,recording,knock_once,14,0.876951,7.228824,7.168019,-0.188244,0.066741,0.060201
805562820.000,Miguel,recording,knock_once,14,0.803759,7.200116,7.174521,-0.128860,0.041922,0.015630
805562830.000,Miguel,recording,knock_once,14,0.682428,7.143093,7.171863,-0.064032,0.028341,-0.024965
805562840.000,Miguel,recording,knock_once,14,0.554453,7.124550,7.117124,0.003761,0.027901,-0.053929
805562850.000,Miguel,recording,knock_once,14,0.438687,7.104039,7.006265,0.066820,0.036895,-0.069303
805562860.000,Miguel,recording,knock_once,14,0.325456,7.099603,6.846045,0.117794,0.050920,-0.074892
805562870.000,Miguel,recording,knock_once,14,0.200498,7.094176,6.692646,0.155265,0.062437,-0.074813
805562880.000,Miguel,recording,knock_once,14,0.081993,7.099958,6.590021,0.179532,0.058779,-0.067426
805562890.000,Miguel,recording,knock_once,14,0.025315,7.093593,6.492120,0.188105,0.030553,-0.049980
805562900.000,Miguel,recording,knock_once,14,0.090589,7.119207,6.407177,0.180543,-0.016746,-0.028050
805562910.000,Miguel,recording,knock_once,14,0.238276,7.137531,6.355039,0.162323,-0.065600,-0.011769
805562920.000,Miguel,recording,knock_once,14,0.366123,7.094460,6.361707,0.140236,-0.098011,-0.005413
805562930.000,Miguel,recording,knock_once,14,0.393387,7.059366,6.378425,0.118078,-0.103024,-0.006978
805562940.000,Miguel,recording,knock_once,14,0.324298,7.104493,6.386441,0.096704,-0.081197,-0.010666
805562950.000,Miguel,recording,knock_once,14,0.228762,7.107308,6.379450,0.073009,-0.039488,-0.011399
805562960.000,Miguel,recording,knock_once,14,0.165517,7.099086,6.282933,0.042405,0.017062,-0.008446
805562970.000,Miguel,recording,knock_once,14,0.073618,7.110362,6.250135,0.003986,0.083231,-0.001268
805562980.000,Miguel,recording,knock_once,14,-0.014799,7.121426,6.284033,-0.036148,0.145044,0.011614
805562990.000,Miguel,recording,knock_once,14,0.001776,7.145020,6.344290,-0.067627,0.186808,0.027963
805563000.000,Miguel,recording,knock_once,14,0.038376,7.150908,6.410964,-0.082324,0.205274,0.041369
805563010.000,Miguel,recording,knock_once,14,0.116429,7.128716,6.464303,-0.081147,0.197538,0.047501
805563020.000,Miguel,recording,knock_once,14,0.198028,7.132914,6.552753,-0.073105,0.155434,0.045705
805563030.000,Miguel,recording,knock_once,14,0.262386,7.113853,6.614217,-0.065521,0.094672,0.039914
805563040.000,Miguel,recording,knock_once,14,0.244775,7.044803,6.687621,-0.062906,0.060950,0.040445
805563050.000,Miguel,recording,knock_once,14,0.161037,6.927168,6.767227,-0.065757,0.096740,0.058250
805563060.000,Miguel,recording,knock_once,14,0.123238,6.867800,6.869292,-0.069453,0.208959,0.095056
805563070.000,Miguel,recording,knock_once,14,0.177015,6.914151,6.966338,-0.069025,0.367315,0.139636
805563080.000,Miguel,recording,knock_once,14,0.311663,6.967251,6.958600,-0.064167,0.525785,0.174400
805563090.000,Miguel,recording,knock_once,14,0.489215,7.003314,6.807640,-0.061216,0.640310,0.187600
805563100.000,Miguel,recording,knock_once,14,0.565459,7.091002,6.624197,-0.068810,0.686617,0.174907
805563110.000,Miguel,recording,knock_once,14,0.524345,7.169138,6.571593,-0.089890,0.667899,0.140010
805563120.000,Miguel,recording,knock_once,14,0.345616,7.175113,6.630118,-0.112841,0.607403,0.097294
805563130.000,Miguel,recording,knock_once,14,0.095844,7.234414,6.749564,-0.114671,0.527788,0.061564
805563140.000,Miguel,recording,knock_once,14,-0.050984,7.303385,6.906042,-0.077861,0.430056,0.038103
805563150.000,Miguel,recording,knock_once,14,-0.083470,7.346913,6.966123,-0.005429,0.300828,0.020983
805563160.000,Miguel,recording,knock_once,14,-0.040286,7.325611,6.929032,0.081493,0.134234,0.003796
805563170.000,Miguel,recording,knock_once,14,0.024999,7.317039,6.835539,0.160833,-0.046937,-0.010834
805563180.000,Miguel,recording,knock_once,14,0.017505,7.278770,6.749480,0.220050,-0.189071,-0.017057
805563190.000,Miguel,recording,knock_once,14,-0.003798,7.256377,6.672131,0.258383,-0.255086,-0.013237
805563200.000,Miguel,recording,knock_once,14,-0.004841,7.287690,6.533462,0.278563,-0.251066,-0.000290
805563210.000,Miguel,recording,knock_once,14,0.033315,7.347776,6.419071,0.272966,-0.193453,0.019245
805563220.000,Miguel,recording,knock_once,14,0.307962,7.565439,6.303202,0.226472,-0.083923,0.043618
805563230.000,Miguel,recording,knock_once,14,0.604610,7.776838,6.345389,0.132115,0.085215,0.085262
805563240.000,Miguel,recording,knock_once,14,0.740645,7.807778,6.268715,-0.009215,0.331120,0.159315
805563250.000,Miguel,recording,knock_once,14,0.950378,7.658839,6.201778,-0.175683,0.618838,0.246041
805563260.000,Miguel,recording,knock_once,14,1.104339,7.502665,6.507893,-0.296744,0.800676,0.292443
805563270.000,Miguel,recording,knock_once,14,1.117188,7.455426,6.897805,-0.298059,0.750341,0.262299
805563280.000,Miguel,recording,knock_once,14,0.937531,7.477763,7.037533,-0.183275,0.512143,0.173559
805563290.000,Miguel,recording,knock_once,14,0.645070,7.454762,6.854077,-0.028172,0.233984,0.073900
805563300.000,Miguel,recording,knock_once,14,0.400407,7.354182,6.552560,0.097493,0.019254,-0.009316
805563310.000,Miguel,recording,knock_once,15,0.298297,7.278915,6.356421,0.171981,-0.122075,-0.078938
805563320.000,Miguel,recording,knock_once,15,0.222353,7.255190,6.270066,0.204792,-0.218604,-0.144695
805563330.000,Miguel,recording,knock_once,15,0.171498,7.242495,6.283514,0.211723,-0.284291,-0.207243
805563340.000,Miguel,recording,knock_once,15,0.077106,7.224156,6.383679,0.204546,-0.315770,-0.260599
805563350.000,Miguel,recording,knock_once,15,-0.030889,7.198943,6.396567,0.188211,-0.305589,-0.299203
805563360.000,Miguel,recording,knock_once,15,-0.209048,7.143907,6.377913,0.161944,-0.256499,-0.319331
805563370.000,Miguel,recording,knock_once,15,-0.450147,7.062618,6.320314,0.125984,-0.185938,-0.317586
805563380.000,Miguel,recording,knock_once,15,-0.710646,7.051704,6.291735,0.086565,-0.118845,-0.290605
805563390.000,Miguel,recording,knock_once,15,-0.916251,7.107849,6.254776,0.050375,-0.073602,-0.238910
805563400.000,Miguel,recording,knock_once,15,-0.947080,7.211811,6.259817,0.016703,-0.055325,-0.169681
805563410.000,Miguel,recording,knock_once,15,-0.772136,7.197208,6.310938,-0.017154,-0.054485,-0.095921
805563420.000,Miguel,recording,knock_once,15,-0.530114,7.100552,6.451114,-0.046168,-0.054115,-0.033743
805563430.000,Miguel,recording,knock_once,15,-0.269297,7.062692,6.604897,-0.059435,-0.046839,0.007326
805563440.000,Miguel,recording,knock_once,15,-0.114643,7.073965,6.694842,-0.050430,-0.038141,0.027876
805563450.000,Miguel,recording,knock_once,15,-0.026697,7.109247,6.697093,-0.023384,-0.043228,0.031023
805563460.000,Miguel,recording,knock_once,15,0.053324,7.160559,6.654820,0.011225,-0.070531,0.021115
805563470.000,Miguel,recording,knock_once,15,0.060928,7.189743,6.560519,0.043389,-0.107248,0.005358
805563480.000,Miguel,recording,knock_once,15,-0.038013,7.184759,6.442516,0.063930,-0.131864,-0.006616
805563490.000,Miguel,recording,knock_once,15,-0.161271,7.189733,6.320067,0.065927,-0.131833,-0.006258
805563500.000,Miguel,recording,knock_once,15,-0.218139,7.221899,6.270452,0.050628,-0.109208,0.006770
805563510.000,Miguel,recording,knock_once,15,-0.195864,7.217745,6.275569,0.028165,-0.079268,0.026295
805563520.000,Miguel,recording,knock_once,15,-0.082332,7.173853,6.325144,0.005382,-0.067525,0.045457
805563530.000,Miguel,recording,knock_once,15,0.155120,7.174200,6.469830,-0.014493,-0.085933,0.055969
805563540.000,Miguel,recording,knock_once,15,0.331377,7.196962,6.644634,-0.024079,-0.116448,0.049021
805563550.000,Miguel,recording,knock_once,15,0.261616,7.195275,6.802589,-0.018404,-0.135976,0.027312
805563560.000,Miguel,recording,knock_once,15,0.072706,7.200680,6.886243,-0.001517,-0.136141,0.008139
805563570.000,Miguel,recording,knock_once,15,-0.073315,7.232842,6.880885,0.019547,-0.117297,0.005154
805563580.000,Miguel,recording,knock_once,15,-0.104900,7.362869,6.749088,0.037394,-0.085751,0.018615
805563590.000,Miguel,recording,knock_once,15,-0.053601,7.418172,6.487042,0.032791,-0.045382,0.038350
805563600.000,Miguel,recording,knock_once,15,0.040702,7.480778,6.216706,-0.010051,0.013490,0.046032
805563610.000,Miguel,recording,knock_once,15,0.208294,7.658952,6.184839,-0.071749,0.072500,0.038456
805563620.000,Miguel,recording,knock_once,15,0.427309,7.578413,6.364990,-0.117230,0.065390,0.032367
805563630.000,Miguel,recording,knock_once,15,0.685850,7.320508,6.485307,-0.142171,-0.009444,0.018883
805563640.000,Miguel,recording,knock_once,15,0.701996,7.027332,6.644864,-0.155333,-0.065571,-0.020056
805563650.000,Miguel,recording,knock_once,15,0.357768,7.003950,6.777499,-0.154243,-0.050512,-0.066840
805563660.000,Miguel,recording,knock_once,15,-0.066309,7.154804,6.889310,-0.138717,0.013894,-0.089080
805563670.000,Miguel,recording,knock_once,15,-0.226724,7.159194,6.965169,-0.106191,0.078053,-0.076120
805563680.000,Miguel,recording,knock_once,15,-0.150613,7.163241,7.026726,-0.048800,0.103046,-0.045541
805563690.000,Miguel,recording,knock_once,15,-0.037614,7.206003,7.066877,0.033795,0.074903,-0.016727
805563700.000,Miguel,recording,knock_once,15,0.043515,7.218952,7.011734,0.130069,0.013361,0.005827
805563710.000,Miguel,recording,knock_once,15,0.123783,7.196204,6.836553,0.222342,-0.052532,0.022302
805563720.000,Miguel,recording,knock_once,15,0.151404,7.226445,6.589235,0.296559,-0.111111,0.030864
805563730.000,Miguel,recording,knock_once,15,0.095051,7.293785,6.310803,0.345209,-0.153377,0.033808
805563740.000,Miguel,recording,knock_once,15,0.023381,7.288949,6.067616,0.357728,-0.159065,0.037573
805563750.000,Miguel,recording,knock_once,15,-0.063021,7.304789,5.833815,0.326294,-0.119591,0.046102
805563760.000,Miguel,recording,knock_once,15,-0.107449,7.422864,5.684269,0.258998,-0.055861,0.057516
805563770.000,Miguel,recording,knock_once,15,-0.079587,7.535772,5.568052,0.164345,0.016782,0.064564
805563780.000,Miguel,recording,knock_once,15,0.055872,7.570952,5.620233,0.050626,0.093547,0.064436
805563790.000,Miguel,recording,knock_once,15,0.187936,7.408591,5.952918,-0.055534,0.150263,0.060731
805563800.000,Miguel,recording,knock_once,15,0.303968,7.321088,6.243158,-0.131298,0.178106,0.048771
805563810.000,Miguel,recording,knock_once,15,0.254273,7.266727,6.405752,-0.177553,0.196000,0.026824
805563820.000,Miguel,recording,knock_once,15,0.147252,7.259244,6.530262,-0.208325,0.213606,0.003606
805563830.000,Miguel,recording,knock_once,15,0.065439,7.173059,6.629545,-0.231004,0.228481,-0.018883
805563840.000,Miguel,recording,knock_once,15,0.028986,7.209104,6.805884,-0.233972,0.243998,-0.047559
805563850.000,Miguel,recording,knock_once,15,-0.131812,7.498151,7.195746,-0.196601,0.279307,-0.077692
805563860.000,Miguel,recording,knock_once,15,-0.451797,7.559105,7.626771,-0.109551,0.340061,-0.086780
805563870.000,Miguel,recording,knock_once,15,-0.197930,7.175882,7.734020,0.005722,0.402616,-0.077413
805563880.000,Miguel,recording,knock_once,15,0.127568,6.957017,7.493578,0.118384,0.478815,-0.079879
805563890.000,Miguel,recording,knock_once,15,0.299935,7.020645,7.094044,0.212114,0.587856,-0.099465
805563900.000,Miguel,recording,knock_once,15,0.438945,7.198511,6.472402,0.267323,0.695532,-0.123629
805563910.000,Miguel,recording,knock_once,15,0.644777,7.345046,5.660512,0.257540,0.787156,-0.155281
805563920.000,Miguel,recording,knock_once,15,0.751849,7.359860,5.011128,0.169117,0.886785,-0.196483
805563930.000,Miguel,recording,knock_once,15,0.553343,7.375058,4.625036,0.007163,0.991425,-0.237150
805563940.000,Miguel,recording,knock_once,15,0.020550,7.417565,4.545850,-0.210993,1.081463,-0.263168
805563950.000,Miguel,recording,knock_once,15,-0.784510,7.626379,5.018319,-0.447792,1.155397,-0.255973
805563960.000,Miguel,recording,knock_once,15,-1.654517,7.572698,6.107829,-0.628664,1.191903,-0.208303
805563970.000,Miguel,recording,knock_once,15,-2.255382,7.299189,7.335401,-0.685545,1.157081,-0.123034
805563980.000,Miguel,recording,knock_once,15,-2.336052,7.059176,7.780871,-0.638538,1.067818,-0.002525
805563990.000,Miguel,recording,knock_once,15,-1.896565,6.842136,7.517121,-0.580004,0.983740,0.127774
805564000.000,Miguel,recording,knock_once,15,-0.990233,6.222641,6.979061,-0.564156,0.946535,0.220423
805564010.000,Miguel,recording,knock_once,15,0.260308,5.224251,7.627766,-0.521659,0.940779,0.237413
805564020.000,Miguel,recording,knock_once,15,0.743778,6.393213,9.246248,-0.348869,0.931211,0.193656
805564030.000,Miguel,recording,knock_once,15,0.028455,8.386430,10.004221,-0.059213,0.932000,0.144272
805564040.000,Miguel,recording,knock_once,15,-1.222617,8.776920,8.981377,0.236225,0.986651,0.125756
805564050.000,Miguel,recording,knock_once,15,-2.134310,7.980424,7.883222,0.433096,1.075551,0.145580
805564060.000,Miguel,recording,knock_once,15,-2.251851,7.301741,6.989881,0.486809,1.123110,0.187739
805564070.000,Miguel,recording,knock_once,15,-1.893672,7.228386,6.454357,0.442579,1.074813,0.216412
805564080.000,Miguel,recording,knock_once,15,-1.629265,7.303837,6.017406,0.388320,0.920148,0.200973
805564090.000,Miguel,recording,knock_once,15,-1.573792,7.353269,5.711351,0.352043,0.712861,0.141393
805564100.000,Miguel,recording,knock_once,15,-1.713795,7.320066,5.244023,0.304276,0.513833,0.057441
805564110.000,Miguel,recording,knock_once,15,-1.854903,7.257791,4.612723,0.217655,0.357507,-0.028934
805564120.000,Miguel,recording,knock_once,15,-1.897098,7.217695,3.644852,0.067592,0.269024,-0.091656
805564130.000,Miguel,recording,knock_once,15,-1.866357,7.254976,2.550707,-0.180663,0.241887,-0.123627
805564140.000,Miguel,recording,knock_once,15,-1.612951,7.591178,1.921520,-0.566530,0.243684,-0.137846
805564150.000,Miguel,recording,knock_once,15,-1.049568,8.457219,1.786107,-1.066277,0.263437,-0.153408
805564160.000,Miguel,recording,knock_once,15,-0.273468,8.523242,3.427155,-1.506710,0.308552,-0.212434
805564170.000,Miguel,recording,knock_once,15,-0.055619,7.975287,5.737496,-1.733370,0.330798,-0.339076
805564180.000,Miguel,recording,knock_once,15,-0.909719,7.499861,7.027312,-1.780745,0.268590,-0.479987
805564190.000,Miguel,recording,knock_once,15,-2.346553,6.820905,7.639399,-1.748540,0.161835,-0.547365
805564200.000,Miguel,recording,knock_once,15,-3.143848,5.935625,7.882655,-1.681917,0.104937,-0.507194
805564210.000,Miguel,recording,knock_once,15,-3.440614,4.986761,8.119628,-1.576871,0.096022,-0.382155
805564220.000,Miguel,recording,knock_once,15,-3.606919,4.714631,8.932431,-1.393606,-0.007014,-0.208262
805564230.000,Miguel,recording,knock_once,15,-3.421284,4.953424,11.215690,-1.057246,-0.297789,-0.027452
805564240.000,Miguel,recording,knock_once,15,-3.431311,5.142010,10.826104,-0.546239,-0.608902,0.119794
805564250.000,Miguel,recording,knock_once,15,-3.266259,5.666342,10.533891,0.021952,-0.889103,0.227001
805564260.000,Miguel,recording,knock_once,15,-2.485140,5.945802,9.945228,0.515562,-1.263811,0.292965
805564270.000,Miguel,recording,knock_once,15,-1.465433,5.618652,9.354915,0.885428,-1.733242,0.294549
805564280.000,Miguel,recording,knock_once,15,-0.728691,5.595760,8.937630,1.128503,-2.255331,0.229626
805564290.000,Miguel,recording,knock_once,15,-0.341348,5.818602,8.424560,1.254254,-2.739478,0.136037
805564300.000,Miguel,recording,knock_once,15,-0.157410,6.011873,7.811577,1.250416,-3.023688,0.065466
805564310.000,Miguel,recording,knock_once,15,-0.077967,6.265624,7.069178,1.108389,-2.963692,0.041395
805564320.000,Miguel,recording,knock_once,15,0.205306,6.500645,6.625131,0.887900,-2.589534,0.044956
805564330.000,Miguel,recording,knock_once,15,0.527067,6.543848,6.488045,0.701102,-2.127980,0.045866
805564340.000,Miguel,recording,knock_once,15,0.822136,6.647873,6.068723,0.595840,-1.771393,0.032643
805564350.000,Miguel,recording,knock_once,15,1.044078,6.769337,5.519577,0.534807,-1.506325,-0.000659
805564360.000,Miguel,recording,knock_once,15,1.394835,6.756907,5.353369,0.489202,-1.216437,-0.066307
805564370.000,Miguel,recording,knock_once,15,1.645610,6.846731,5.656542,0.466723,-0.844756,-0.163102
805564380.000,Miguel,recording,knock_once,15,1.601290,6.956959,6.197161,0.483487,-0.439244,-0.266784
805564390.000,Miguel,recording,knock_once,15,1.323676,7.005021,6.629121,0.543931,-0.099831,-0.348717
805564400.000,Miguel,recording,knock_once,15,0.983468,6.972555,6.907397,0.630743,0.098104,-0.398191
805564410.000,Miguel,recording,knock_once,15,0.649146,7.049474,6.867262,0.707669,0.138823,-0.425992
805564420.000,Miguel,recording,knock_once,15,0.376429,7.080866,6.541048,0.738406,0.053501,-0.446993
805564430.000,Miguel,recording,knock_once,15,0.112896,6.963707,6.326409,0.714147,-0.116060,-0.466466
805564440.000,Miguel,recording,knock_once,15,-0.057794,6.969525,6.137538,0.648993,-0.327390,-0.484641
805564450.000,Miguel,recording,knock_once,15,-0.237881,7.094425,5.965641,0.555993,-0.524157,-0.496210
805564460.000,Miguel,recording,knock_once,15,-0.446836,7.158013,5.749209,0.441612,-0.651120,-0.487697
805564470.000,Miguel,recording,knock_once,15,-0.582760,7.229031,5.634258,0.313882,-0.690526,-0.450026
805564480.000,Miguel,recording,knock_once,15,-0.648340,7.331931,5.603622,0.187962,-0.664254,-0.384491
805564490.000,Miguel,recording,knock_once,15,-0.650894,7.518379,5.582495,0.076546,-0.606794,-0.293871
805564500.000,Miguel,recording,knock_once,15,-0.577977,7.681821,5.601883,-0.011888,-0.543770,-0.181910
805564510.000,Miguel,recording,knock_once,15,-0.403426,7.770391,5.780843,-0.071013,-0.471809,-0.064974
805564520.000,Miguel,recording,knock_once,15,-0.133043,7.785885,5.882347,-0.107448,-0.377001,0.029378
805564530.000,Miguel,recording,knock_once,15,0.054161,7.641275,6.007500,-0.124735,-0.267895,0.083418
805564540.000,Miguel,recording,knock_once,15,0.156716,7.484983,6.397833,-0.111357,-0.162779,0.099651
805564550.000,Miguel,recording,knock_once,15,0.163553,7.364347,6.672520,-0.063637,-0.066443,0.090638
805564560.000,Miguel,recording,knock_once,15,0.018678,7.389897,6.819581,0.006395,0.015992,0.069839
805564570.000,Miguel,recording,knock_once,15,-0.088122,7.352213,6.628569,0.074370,0.072157,0.051995
805564580.000,Miguel,recording,knock_once,15,-0.182841,7.312421,6.456612,0.116677,0.093087,0.044721
805564590.000,Miguel,recording,knock_once,15,-0.308174,7.365681,6.372049,0.130766,0.064010,0.044158
805564600.000,Miguel,recording,knock_once,15,-0.554631,7.503653,6.474273,0.125393,-0.038092,0.048310
805564610.000,Miguel,recording,knock_once,15,-0.847533,7.614226,6.453248,0.096824,-0.223201,0.064039
805564620.000,Miguel,recording,knock_once,15,-1.252982,7.689014,6.240275,0.029596,-0.470102,0.100690
805564630.000,Miguel,recording,knock_once,15,-1.409260,7.533117,5.947066,-0.069991,-0.766085,0.156375
805564640.000,Miguel,recording,knock_once,15,-1.468209,7.338524,5.643292,-0.171698,-1.118910,0.217621
805564650.000,Miguel,recording,knock_once,15,-1.148390,7.117682,4.977426,-0.259329,-1.495944,0.279895
805564660.000,Miguel,recording,knock_once,15,1.984511,7.082082,4.148261,-0.342870,-1.870951,0.333038
805564670.000,Miguel,recording,knock_once,15,7.380770,7.651758,3.540249,-0.456366,-2.196952,0.289880
805564680.000,Miguel,recording,knock_once,15,5.833922,7.881365,5.009430,-0.625227,-2.233579,0.036617
805564690.000,Miguel,recording,knock_once,15,5.363240,6.412717,5.353630,-0.818259,-1.890181,-0.386628
805564700.000,Miguel,recording,knock_once,15,3.038508,5.040980,7.098884,-0.918340,-1.435495,-0.810446
805564710.000,Miguel,recording,knock_once,15,1.191896,5.575350,8.588440,-0.834079,-1.029410,-1.101414
805564720.000,Miguel,recording,knock_once,15,-0.184721,6.449195,9.143400,-0.597496,-0.662284,-1.193127
805564730.000,Miguel,recording,knock_once,15,-1.217124,6.925343,8.945416,-0.302253,-0.330368,-1.079631
805564740.000,Miguel,recording,knock_once,15,-1.437693,7.314856,8.474461,-0.037664,-0.018952,-0.828921
805564750.000,Miguel,recording,knock_once,15,-1.367422,7.527451,7.963836,0.146536,0.259634,-0.535118
805564760.000,Miguel,recording,knock_once,15,-1.028428,7.595393,7.539404,0.241804,0.459997,-0.261395
805564770.000,Miguel,recording,knock_once,15,-0.770484,7.571658,7.348483,0.271289,0.547156,-0.033783
805564780.000,Miguel,recording,knock_once,15,-0.702809,7.604679,7.098440,0.260023,0.527939,0.150948
805564790.000,Miguel,recording,knock_once,15,-0.486274,7.607192,6.900771,0.223834,0.440308,0.310506
805564800.000,Miguel,recording,knock_once,15,0.022253,7.595286,6.689497,0.175702,0.332998,0.445434
805564810.000,Miguel,recording,knock_once,15,0.753436,7.602912,6.410763,0.117621,0.263475,0.535427
805564820.000,Miguel,recording,knock_once,15,1.355760,7.479974,6.246703,0.052592,0.254064,0.569008
805564830.000,Miguel,recording,knock_once,15,1.717872,7.302203,6.180109,-0.004881,0.242263,0.549933
805564840.000,Miguel,recording,knock_once,15,1.863866,7.185856,6.423572,-0.039478,0.171641,0.476604
805564850.000,Miguel,recording,knock_once,15,1.854830,7.053267,6.823024,-0.047115,0.069893,0.349439
805564860.000,Miguel,recording,knock_once,15,1.614617,6.800611,6.969613,-0.037907,-0.012651,0.196173
805564870.000,Miguel,recording,knock_once,15,1.288696,6.651740,7.078432,-0.019804,-0.057559,0.057083
805564880.000,Miguel,recording,knock_once,15,0.992807,6.705739,7.207429,0.010534,-0.072949,-0.045611
805564890.000,Miguel,recording,knock_once,15,0.780781,6.869394,7.307013,0.060348,-0.062118,-0.103619
805564900.000,Miguel,recording,knock_once,15,0.623592,7.047754,7.315563,0.128748,0.001422,-0.109629
805564910.000,Miguel,recording,knock_once,15,0.484651,7.229541,7.140225,0.198268,0.153893,-0.065743
805564920.000,Miguel,recording,knock_once,15,0.431606,7.315309,6.676969,0.247022,0.379702,0.006061
805564930.000,Miguel,recording,knock_once,15,0.352843,7.422351,6.434624,0.274919,0.604179,0.078029
805564940.000,Miguel,recording,knock_once,15,0.219193,7.453727,6.315865,0.294154,0.751430,0.141946
805564950.000,Miguel,recording,knock_once,15,0.358003,7.287153,6.033358,0.295881,0.796476,0.203827
805564960.000,Miguel,recording,knock_once,15,0.719412,7.065205,5.635458,0.244954,0.763177,0.256603
805564970.000,Miguel,recording,knock_once,15,1.125614,7.120812,5.147192,0.104928,0.682013,0.280799
805564980.000,Miguel,recording,knock_once,15,1.380422,7.109279,5.068055,-0.123709,0.560048,0.265076
805564990.000,Miguel,recording,knock_once,15,1.299010,6.838298,5.315209,-0.394843,0.384325,0.216706
805565000.000,Miguel,recording,knock_once,15,0.999943,6.475174,5.613296,-0.658299,0.148800,0.160586
805565010.000,Miguel,recording,knock_once,15,0.555537,6.329570,5.618702,-0.900064,-0.113906,0.131261
805565020.000,Miguel,recording,knock_once,15,-0.463834,6.400700,4.897898,-1.134648,-0.283722,0.152444
805565030.000,Miguel,recording,knock_once,15,-1.280312,6.024330,4.015922,-1.399300,-0.150260,0.239041
805565040.000,Miguel,recording,knock_once,15,-0.990508,5.498792,3.084738,-1.754914,0.390150,0.423879
805565050.000,Miguel,recording,knock_once,15,-0.145126,5.448130,3.594053,-2.150550,1.156024,0.679220
805565060.000,Miguel,recording,knock_once,15,0.253348,4.853362,7.184697,-2.369517,1.884273,0.882319
805565070.000,Miguel,recording,knock_once,15,0.713688,4.842633,10.944960,-2.277673,2.492244,0.947543
805565080.000,Miguel,recording,knock_once,15,1.451309,5.483412,13.311153,-1.913950,3.006645,0.873248
805565090.000,Miguel,recording,knock_once,15,1.498358,5.761512,14.040645,-1.375155,3.398501,0.711595
805565100.000,Miguel,recording,knock_once,15,0.859470,5.942986,12.810516,-0.795322,3.587376,0.538402
805565110.000,Miguel,recording,knock_once,15,0.308462,5.931854,10.393899,-0.300807,3.532538,0.399599
805565120.000,Miguel,recording,knock_once,15,0.006787,5.489055,7.903912,0.042412,3.263159,0.307757
805565130.000,Miguel,recording,knock_once,15,0.042128,5.085602,5.837591,0.200159,2.859493,0.261073
805565140.000,Miguel,recording,knock_once,15,0.216059,5.235551,4.224905,0.137719,2.394376,0.240785
805565150.000,Miguel,recording,knock_once,15,0.453463,5.769327,3.336122,-0.154049,1.846970,0.210512
805565160.000,Miguel,recording,knock_once,15,0.736963,6.683693,3.247220,-0.627064,1.118584,0.128413
805565170.000,Miguel,recording,knock_once,15,0.878533,7.409675,4.147632,-1.169865,0.184485,-0.041432
805565180.000,Miguel,recording,knock_once,15,0.137256,6.802457,6.889763,-1.611418,-0.854710,-0.303273
805565190.000,Miguel,recording,knock_once,15,-0.858524,5.790938,9.364272,-1.812601,-1.903435,-0.595042
805565200.000,Miguel,recording,knock_once,15,-1.845086,5.126667,11.003228,-1.754984,-2.901546,-0.817669
805565210.000,Miguel,recording,knock_once,15,-2.357841,4.968302,11.833071,-1.516421,-3.759594,-0.897608
805565220.000,Miguel,recording,knock_once,15,-2.402479,5.094325,11.663467,-1.212938,-4.363019,-0.815407
805565230.000,Miguel,recording,knock_once,15,-1.958296,5.311798,10.777867,-1.002332,-4.347520,-0.578172
805565240.000,Miguel,recording,knock_once,15,-0.943654,5.836435,9.598516,-0.938185,-3.342129,-0.230876
805565250.000,Miguel,recording,knock_once,15,-0.094104,6.192108,9.496580,-0.787759,-1.881205,0.099273
805565260.000,Miguel,recording,knock_once,15,0.583020,6.334715,9.351215,-0.441213,-0.767540,0.312711
805565270.000,Miguel,recording,knock_once,15,1.033082,6.155747,8.975093,-0.083217,-0.107019,0.403926
805565280.000,Miguel,recording,knock_once,15,1.216172,5.851817,8.761425,0.170813,0.306161,0.407273
805565290.000,Miguel,recording,knock_once,15,1.069265,5.602480,9.062810,0.350438,0.579117,0.367181
805565300.000,Miguel,recording,knock_once,15,0.873266,5.229834,9.322249,0.510338,0.706407,0.309814
805565310.000,Miguel,recording,knock_once,15,0.664301,4.912306,9.079925,0.642200,0.685384,0.239756
805565320.000,Miguel,recording,knock_once,15,0.456965,4.975352,8.708364,0.709658,0.536801,0.153912
805565330.000,Miguel,recording,knock_once,15,0.178550,5.213467,8.278662,0.704406,0.302613,0.058590
805565340.000,Miguel,recording,knock_once,15,-0.173861,5.480518,7.586801,0.627082,0.028686,-0.022954
805565350.000,Miguel,recording,knock_once,15,-0.514746,5.656406,7.004772,0.482457,-0.234082,-0.062192
805565360.000,Miguel,recording,knock_once,15,-0.734499,5.630436,6.628869,0.290491,-0.428873,-0.041763
805565370.000,Miguel,recording,knock_once,15,-0.655513,5.452028,6.557624,0.085235,-0.526638,0.032572
805565380.000,Miguel,recording,knock_once,15,-0.456363,5.291392,7.158853,-0.075557,-0.545417,0.131849
805565390.000,Miguel,recording,knock_once,15,-0.133269,5.246632,7.929843,-0.139680,-0.512100,0.224440
805565400.000,Miguel,recording,knock_once,15,0.180781,5.176575,8.313587,-0.109385,-0.440795,0.297522
805565410.000,Miguel,recording,knock_once,15,0.627974,4.921291,8.306728,-0.027236,-0.343417,0.349622
805565420.000,Miguel,recording,knock_once,15,0.894356,4.708990,7.951455,0.056479,-0.234518,0.380423
805565430.000,Miguel,recording,knock_once,15,1.009624,4.541161,7.440290,0.095107,-0.121940,0.393827
805565440.000,Miguel,recording,knock_once,15,1.224534,4.464640,7.206856,0.066498,-0.007299,0.388127
805565450.000,Miguel,recording,knock_once,15,1.740226,4.747188,7.518446,-0.001837,0.069604,0.342154
805565460.000,Miguel,recording,knock_once,15,2.166731,5.338437,8.551871,-0.038052,0.027274,0.229431
805565470.000,Miguel,recording,knock_once,15,2.247050,5.566733,9.380593,0.007458,-0.134460,0.058042
805565480.000,Miguel,recording,knock_once,15,1.831670,5.228189,9.611864,0.120010,-0.312417,-0.116531
805565490.000,Miguel,recording,knock_once,15,1.118288,4.915176,9.401583,0.254707,-0.431239,-0.233344
805565500.000,Miguel,recording,knock_once,15,0.464191,4.858886,8.870193,0.367115,-0.480177,-0.263592
805565510.000,Miguel,recording,knock_once,15,0.232733,5.030470,8.515850,0.446404,-0.471278,-0.215892
805565520.000,Miguel,recording,knock_once,15,0.463369,5.251485,8.650217,0.516038,-0.410542,-0.126836
805565530.000,Miguel,recording,knock_once,15,0.802331,5.355476,8.432696,0.580369,-0.297953,-0.036709
805565540.000,Miguel,recording,knock_once,15,1.119557,5.422053,7.952717,0.615309,-0.143808,0.028946
805565550.000,Miguel,recording,knock_once,15,1.526366,5.388425,7.539744,0.603593,0.019882,0.055741
805565560.000,Miguel,recording,knock_once,15,1.816173,5.472652,7.183157,0.542517,0.151663,0.039564
805565570.000,Miguel,recording,knock_once,15,1.970832,5.523949,6.958831,0.439218,0.237024,-0.009554
805565580.000,Miguel,recording,knock_once,15,1.927811,5.591172,7.045205,0.315295,0.291972,-0.075251
805565590.000,Miguel,recording,knock_once,15,1.720374,5.603444,7.412106,0.199532,0.330446,-0.140131
805565600.000,Miguel,recording,knock_once,15,1.437021,5.583430,7.795997,0.115177,0.345209,-0.190110
805565610.000,Miguel,recording,knock_once,15,1.154957,5.563671,8.220085,0.074952,0.324990,-0.219474
805565620.000,Miguel,recording,knock_once,15,0.867820,5.566465,8.608658,0.081821,0.274021,-0.228084
805565630.000,Miguel,recording,knock_once,15,0.661538,5.609936,8.700486,0.123213,0.214317,-0.218912
805565640.000,Miguel,recording,knock_once,15,0.540428,5.618835,8.586368,0.180438,0.171479,-0.194798
805565650.000,Miguel,recording,knock_once,15,0.472287,5.678320,8.568513,0.249296,0.151631,-0.157567
805565660.000,Miguel,recording,knock_once,15,0.480375,5.713995,8.562668,0.329605,0.153156,-0.111486
805565670.000,Miguel,recording,knock_once,15,0.581484,5.759075,8.399335,0.409680,0.166228,-0.065524
805565680.000,Miguel,recording,knock_once,15,0.583240,5.805797,8.191199,0.473005,0.166823,-0.031576
805565690.000,Miguel,recording,knock_once,15,0.614540,5.877879,7.687798,0.496438,0.144973,-0.018346
805565700.000,Miguel,recording,knock_once,15,0.823877,5.824750,6.966060,0.453289,0.110008,-0.030193
805565710.000,Miguel,recording,knock_once,15,1.102698,5.689015,6.462008,0.335892,0.077856,-0.069906
805565720.000,Miguel,recording,knock_once,15,1.303979,5.643074,6.134573,0.157327,0.045735,-0.136328
805565730.000,Miguel,recording,knock_once,15,1.265036,5.633573,5.994077,-0.064541,-0.011522,-0.217813
805565740.000,Miguel,recording,knock_once,15,0.885028,5.755189,6.009717,-0.309731,-0.127213,-0.295486
805565750.000,Miguel,recording,knock_once,15,0.262017,5.877050,6.429883,-0.537330,-0.334283,-0.349529
805565760.000,Miguel,recording,knock_once,15,-0.559572,6.038881,7.741907,-0.675701,-0.622998,-0.356904
805565770.000,Miguel,recording,knock_once,15,-1.317936,6.022948,9.002745,-0.654608,-0.938753,-0.298669
805565780.000,Miguel,recording,knock_once,15,-1.460496,5.617765,9.871181,-0.449485,-1.180933,-0.186063
805565790.000,Miguel,recording,knock_once,15,-0.813137,5.248818,9.887645,-0.105516,-1.224491,-0.058263
805565800.000,Miguel,recording,knock_once,15,0.089008,5.717144,8.505132,0.270349,-1.013515,0.048514
805565810.000,Miguel,recording,knock_once,15,1.558037,6.279447,6.371461,0.573722,-0.514892,0.124375
805565820.000,Miguel,recording,knock_once,15,5.983936,6.103289,5.542365,0.805923,0.241582,0.123944
805565830.000,Miguel,recording,knock_once,15,13.658744,5.909203,7.527158,1.043451,0.904306,-0.097737
805565840.000,Miguel,recording,knock_once,15,12.127268,8.292891,7.776106,1.278095,1.134013,-0.642308
805565850.000,Miguel,recording,knock_once,15,10.539127,9.050802,8.364935,1.461639,1.120122,-1.485360
805565860.000,Miguel,recording,knock_once,15,6.350958,8.749294,6.632883,1.529666,1.076459,-2.499434
805565870.000,Miguel,recording,knock_once,15,1.583382,6.771105,5.194952,1.381062,0.949365,-3.427917
805565880.000,Miguel,recording,knock_once,15,-2.289853,4.303276,4.052712,1.003147,0.692983,-4.001883
805565890.000,Miguel,recording,knock_once,15,-4.717111,2.573688,4.314542,0.471686,0.344331,-4.083112
805565900.000,Miguel,recording,knock_once,15,-6.213443,1.993862,4.927246,-0.110511,0.045523,-3.681659
805565910.000,Miguel,recording,knock_once,15,-7.248725,2.131108,6.196331,-0.624063,-0.080010,-2.921965
805565920.000,Miguel,recording,knock_once,15,-7.410462,2.967036,7.778641,-0.957987,-0.025987,-2.004380
805565930.000,Miguel,recording,knock_once,15,-5.914617,4.570324,9.406768,-1.043416,0.135253,-1.150947
805565940.000,Miguel,recording,knock_once,15,-3.611400,6.127994,11.189635,-0.860485,0.359405,-0.515760
805565950.000,Miguel,recording,knock_once,15,-2.718394,6.660886,12.371061,-0.449285,0.640111,-0.112253
805565960.000,Miguel,recording,knock_once,15,-2.569759,6.304042,12.357828,0.088278,0.927443,0.142668
805565970.000,Miguel,recording,knock_once,15,-2.526010,5.719231,11.620974,0.632915,1.122311,0.333452
805565980.000,Miguel,recording,knock_once,15,-2.245037,5.465340,10.393172,1.086035,1.153346,0.499614
805565990.000,Miguel,recording,knock_once,15,-1.919815,5.568498,8.870543,1.374439,1.012916,0.630993
805566000.000,Miguel,recording,knock_once,15,-1.464439,5.806683,7.461345,1.468091,0.744085,0.687956
805566010.000,Miguel,recording,knock_once,15,-1.040593,6.154916,6.370784,1.390498,0.404370,0.632043
805566020.000,Miguel,recording,knock_once,15,-0.635942,6.489004,5.638208,1.190824,0.033347,0.454305
805566030.000,Miguel,recording,knock_once,15,-0.456924,6.836866,5.008476,0.903786,-0.349773,0.192954
805566040.000,Miguel,recording,knock_once,15,-0.706902,7.194118,4.367201,0.545968,-0.733802,-0.071347
805566050.000,Miguel,recording,knock_once,15,-1.187563,7.478157,4.319296,0.147953,-1.101738,-0.263152
805566060.000,Miguel,recording,knock_once,15,-1.674159,7.486925,4.934175,-0.233101,-1.404860,-0.360975
805566070.000,Miguel,recording,knock_once,15,-2.122448,7.493131,5.987452,-0.534338,-1.563235,-0.382974
805566080.000,Miguel,recording,knock_once,15,-2.494145,7.311968,6.975568,-0.717489,-1.529966,-0.348845
805566090.000,Miguel,recording,knock_once,15,-2.600062,7.013131,7.830621,-0.762179,-1.344730,-0.268902
805566100.000,Miguel,recording,knock_once,15,-2.408216,6.938665,8.495142,-0.657267,-1.106914,-0.152137
805566110.000,Miguel,recording,knock_once,15,-1.977226,6.934333,9.006092,-0.415988,-0.890677,-0.014818
805566120.000,Miguel,recording,knock_once,15,-1.733441,6.742677,9.206964,-0.086305,-0.701474,0.126582
805566130.000,Miguel,recording,knock_once,15,-1.602933,6.484068,8.853715,0.248946,-0.504667,0.256656
805566140.000,Miguel,recording,knock_once,15,-1.462035,6.523289,8.157001,0.509202,-0.280479,0.362129
805566150.000,Miguel,recording,knock_once,15,-1.281586,6.644090,7.247458,0.650065,-0.059048,0.437045
805566160.000,Miguel,recording,knock_once,15,-0.979335,6.821530,6.430089,0.660506,0.105993,0.480314
805566170.000,Miguel,recording,knock_once,15,-0.721942,7.021041,5.792522,0.551508,0.175718,0.492199
805566180.000,Miguel,recording,knock_once,15,-0.626469,7.123874,5.373273,0.347441,0.137069,0.473606
805566190.000,Miguel,recording,knock_once,15,-0.649919,7.039093,5.173311,0.088394,0.003721,0.428531
805566200.000,Miguel,recording,knock_once,15,-0.871250,6.945346,5.538227,-0.168986,-0.181378,0.369755
805566210.000,Miguel,recording,knock_once,15,-1.016350,6.807195,6.168129,-0.369716,-0.361329,0.320352
805566220.000,Miguel,recording,knock_once,15,-0.977413,6.590438,6.865374,-0.473230,-0.483313,0.300896
805566230.000,Miguel,recording,knock_once,15,-0.911132,6.482170,7.542283,-0.460009,-0.505232,0.314124
805566240.000,Miguel,recording,knock_once,15,-0.790536,6.484963,7.953143,-0.340731,-0.414420,0.345000
805566250.000,Miguel,recording,knock_once,15,-0.545215,6.417733,8.020489,-0.148992,-0.235080,0.374030
805566260.000,Miguel,recording,knock_once,15,-0.346188,6.314750,7.833562,0.073306,-0.007020,0.387493
805566270.000,Miguel,recording,knock_once,15,-0.300805,6.258016,7.334303,0.281970,0.234831,0.382511
805566280.000,Miguel,recording,knock_once,15,-0.354767,6.380098,6.727688,0.439304,0.462433,0.371969
805566290.000,Miguel,recording,knock_once,15,-0.508093,6.508561,6.229263,0.527539,0.662224,0.373871
805566300.000,Miguel,recording,knock_once,15,-0.654762,6.518756,5.835818,0.545130,0.838096,0.392938
805566310.000,Miguel,recording,knock_once,15,-0.627377,6.414100,5.649372,0.508410,0.987291,0.415153
805566320.000,Miguel,recording,knock_once,15,-0.323295,6.311333,5.762458,0.456686,1.098878,0.416976
805566330.000,Miguel,recording,knock_once,15,0.036385,6.079585,5.949269,0.433878,1.184890,0.381660
805566340.000,Miguel,recording,knock_once,15,0.305559,5.916605,6.044822,0.464143,1.277542,0.305218
805566350.000,Miguel,recording,knock_once,16,0.255217,6.014315,5.897938,0.541183,1.393799,0.195957
805566360.000,Miguel,recording,knock_once,16,-0.072239,6.352181,5.643665,0.627489,1.522455,0.085693
805566370.000,Miguel,recording,knock_once,16,-0.774767,6.884262,5.207946,0.664883,1.646073,0.030397
805566380.000,Miguel,recording,knock_once,16,-1.561629,7.475533,4.585675,0.596037,1.753453,0.083681
805566390.000,Miguel,recording,knock_once,16,-2.071149,7.831884,4.185006,0.399586,1.817004,0.249987
805566400.000,Miguel,recording,knock_once,16,-2.306560,7.853304,4.255144,0.108105,1.768831,0.466154
805566410.000,Miguel,recording,knock_once,16,-2.359789,7.568811,4.517978,-0.238190,1.533605,0.654588
805566420.000,Miguel,recording,knock_once,16,-2.353592,7.018753,4.549546,-0.627772,1.077667,0.777824
805566430.000,Miguel,recording,knock_once,16,-2.325055,6.607715,4.796891,-1.027416,0.457992,0.838053
805566440.000,Miguel,recording,knock_once,16,-2.202551,6.386365,5.700005,-1.408625,-0.206316,0.858415
805566450.000,Miguel,recording,knock_once,16,-1.750037,5.982002,5.729049,-1.785436,-0.834634,0.857748
805566460.000,Miguel,recording,knock_once,16,-1.272192,5.642476,7.419554,-2.088727,-1.398156,0.854348
805566470.000,Miguel,recording,knock_once,16,-0.973152,5.756361,10.695139,-2.205503,-1.859267,0.892024
805566480.000,Miguel,recording,knock_once,16,0.346230,6.441752,11.337970,-2.086501,-2.061076,0.971171
805566490.000,Miguel,recording,knock_once,16,1.256546,6.775971,13.158092,-1.727655,-1.901767,1.024983
805566500.000,Miguel,recording,knock_once,16,1.842383,6.615226,13.293644,-1.159591,-1.439571,1.007075
805566510.000,Miguel,recording,knock_once,16,1.945696,5.776927,13.443610,-0.443549,-0.794496,0.899355
805566520.000,Miguel,recording,knock_once,16,1.980045,4.777668,12.083913,0.237904,-0.193524,0.683714
805566530.000,Miguel,recording,knock_once,16,2.072480,4.429996,9.794374,0.641435,0.140034,0.391262
805566540.000,Miguel,recording,knock_once,16,2.252525,5.142909,7.735775,0.716058,0.181269,0.116419
805566550.000,Miguel,recording,knock_once,16,2.459273,6.378277,6.353091,0.594460,0.060894,-0.079319
805566560.000,Miguel,recording,knock_once,16,2.395431,7.386405,5.118226,0.371107,-0.148938,-0.213735
805566570.000,Miguel,recording,knock_once,16,1.737555,7.581285,4.740593,0.062905,-0.438910,-0.307583
805566580.000,Miguel,recording,knock_once,16,0.929497,7.058623,5.178291,-0.294242,-0.717122,-0.322471
805566590.000,Miguel,recording,knock_once,16,0.285584,6.224668,5.966574,-0.639034,-0.871026,-0.220213
805566600.000,Miguel,recording,knock_once,16,-0.005308,5.729956,7.398612,-0.884786,-0.858020,-0.038582
805566610.000,Miguel,recording,knock_once,16,0.318716,5.852515,8.956452,-0.932419,-0.683587,0.114184
805566620.000,Miguel,recording,knock_once,16,0.910394,6.038626,9.580599,-0.793418,-0.470049,0.147700
805566630.000,Miguel,recording,knock_once,16,1.031342,5.834572,9.622050,-0.551551,-0.352908,0.081757
805566640.000,Miguel,recording,knock_once,16,1.166164,5.553965,9.509650,-0.250801,-0.339357,-0.013079
805566650.000,Miguel,recording,knock_once,16,1.383066,5.463132,8.658666,0.036799,-0.356882,-0.105509
805566660.000,Miguel,recording,knock_once,16,1.780411,5.582888,7.894243,0.243163,-0.312552,-0.197864
805566670.000,Miguel,recording,knock_once,16,2.236756,5.647375,7.571415,0.382841,-0.165647,-0.303278
805566680.000,Miguel,recording,knock_once,16,2.372255,5.608231,7.508212,0.503160,0.022265,-0.431984
805566690.000,Miguel,recording,knock_once,16,1.848921,5.527924,7.512100,0.618737,0.141060,-0.563701
805566700.000,Miguel,recording,knock_once,16,0.755723,5.802263,7.195336,0.692116,0.130917,-0.657299
805566710.000,Miguel,recording,knock_once,16,-0.437773,6.328193,6.705326,0.680515,0.019507,-0.686836
805566720.000,Miguel,recording,knock_once,16,-1.278545,6.834217,6.232955,0.577946,-0.119026,-0.649564
805566730.000,Miguel,recording,knock_once,16,-1.778371,7.006932,6.187237,0.424841,-0.229656,-0.557396
805566740.000,Miguel,recording,knock_once,16,-1.900917,6.852653,6.344211,0.274033,-0.299521,-0.428754
805566750.000,Miguel,recording,knock_once,16,-1.662184,6.727042,6.497220,0.144668,-0.343757,-0.288949
805566760.000,Miguel,recording,knock_once,16,-1.259574,6.758116,6.653341,0.034760,-0.376256,-0.163337
805566770.000,Miguel,recording,knock_once,16,-0.732783,6.761810,6.839939,-0.053448,-0.399316,-0.075992
805566780.000,Miguel,recording,knock_once,16,-0.335361,6.669553,7.135799,-0.111526,-0.419205,-0.042306
805566790.000,Miguel,recording,knock_once,16,-0.114693,6.530930,7.422510,-0.135270,-0.447903,-0.059858
805566800.000,Miguel,recording,knock_once,16,0.069719,6.366424,7.693634,-0.121728,-0.492330,-0.112493
805566810.000,Miguel,recording,knock_once,16,0.395969,6.188235,8.005357,-0.060167,-0.552113,-0.188912
805566820.000,Miguel,recording,knock_once,16,0.785245,6.000528,8.384321,0.041131,-0.526191,-0.298375
805566830.000,Miguel,recording,knock_once,16,1.063989,5.879722,9.145060,0.162977,-0.205371,-0.440910
805566840.000,Miguel,recording,knock_once,16,1.532983,6.015502,9.541801,0.334505,0.355741,-0.564923
805566850.000,Miguel,recording,knock_once,16,1.682908,6.087957,8.958955,0.552027,0.848906,-0.607964
805566860.000,Miguel,recording,knock_once,16,0.803125,6.154351,8.755553,0.720797,1.082644,-0.568325
805566870.000,Miguel,recording,knock_once,16,0.007762,6.385283,8.014061,0.768408,0.964146,-0.471774
805566880.000,Miguel,recording,knock_once,16,-0.672855,6.607546,7.274516,0.725680,0.602395,-0.335746
805566890.000,Miguel,recording,knock_once,16,-0.980152,6.895053,6.922219,0.665681,0.282458,-0.192017
805566900.000,Miguel,recording,knock_once,16,-0.606810,7.074247,6.655909,0.611429,0.112306,-0.072031
805566910.000,Miguel,recording,knock_once,16,0.024000,7.141336,6.567506,0.554758,0.005491,0.011070
805566920.000,Miguel,recording,knock_once,16,0.467394,7.164857,6.577589,0.496574,-0.115573,0.047740
805566930.000,Miguel,recording,knock_once,16,0.670875,7.151898,6.618655,0.444553,-0.237901,0.030195
805566940.000,Miguel,recording,knock_once,16,0.832469,7.238367,6.524734,0.399111,-0.307397,-0.030528
805566950.000,Miguel,recording,knock_once,16,0.967507,7.255803,6.162730,0.338854,-0.293257,-0.110911
805566960.000,Miguel,recording,knock_once,16,1.112038,7.186255,5.718550,0.235839,-0.193403,-0.192261
805566970.000,Miguel,recording,knock_once,16,1.223258,7.118105,5.444943,0.085489,-0.023226,-0.266890
805566980.000,Miguel,recording,knock_once,16,1.166315,7.010183,5.290675,-0.096257,0.174081,-0.330882
805566990.000,Miguel,recording,knock_once,16,0.791624,6.986121,5.422115,-0.285619,0.339582,-0.376974
805567000.000,Miguel,recording,knock_once,16,0.268273,6.987257,5.671422,-0.457151,0.440054,-0.400296
805567010.000,Miguel,recording,knock_once,16,-0.127401,6.925371,5.927609,-0.592230,0.480918,-0.401997
805567020.000,Miguel,recording,knock_once,16,-0.396794,6.796218,6.155490,-0.685252,0.474742,-0.387142
805567030.000,Miguel,recording,knock_once,16,-0.557732,6.643217,6.344956,-0.741926,0.429559,-0.361728
805567040.000,Miguel,recording,knock_once,16,-0.622466,6.535358,6.581670,-0.770103,0.361790,-0.334345
805567050.000,Miguel,recording,knock_once,16,-0.632489,6.397113,6.891393,-0.770765,0.293294,-0.312658
805567060.000,Miguel,recording,knock_once,16,-0.688669,6.245699,7.291256,-0.739859,0.240104,-0.299374
805567070.000,Miguel,recording,knock_once,16,-0.642183,6.160616,7.681801,-0.674746,0.213448,-0.293868
805567080.000,Miguel,recording,knock_once,16,-0.661197,6.064264,7.948314,-0.580090,0.210835,-0.292159
805567090.000,Miguel,recording,knock_once,16,-0.815072,5.981422,8.058740,-0.469774,0.208838,-0.287944
805567100.000,Miguel,recording,knock_once,16,-1.026225,5.974206,8.037810,-0.359520,0.190085,-0.275246
805567110.000,Miguel,recording,knock_once,16,-1.143141,5.999559,7.860906,-0.263411,0.155089,-0.253646
805567120.000,Miguel,recording,knock_once,16,-1.210526,5.965628,7.697371,-0.191771,0.106083,-0.225897
805567130.000,Miguel,recording,knock_once,16,-1.115958,5.882019,7.728639,-0.141315,0.057542,-0.194813
805567140.000,Miguel,recording,knock_once,16,-0.810286,5.807802,7.851663,-0.097974,0.034213,-0.168240
805567150.000,Miguel,recording,knock_once,16,-0.526950,5.792409,8.059294,-0.051283,0.046505,-0.158095
805567160.000,Miguel,recording,knock_once,16,-0.273103,5.886542,8.253161,-0.000472,0.114995,-0.172108
805567170.000,Miguel,recording,knock_once,16,-0.100054,5.989001,8.069550,0.038903,0.281928,-0.207948
805567180.000,Miguel,recording,knock_once,16,-0.258277,5.848715,7.679629,0.044803,0.550962,-0.249856
805567190.000,Miguel,recording,knock_once,16,-0.476928,5.543435,7.446582,0.018395,0.857228,-0.274267
805567200.000,Miguel,recording,knock_once,16,-0.931085,5.446256,7.680835,0.003321,1.089415,-0.268976
805567210.000,Miguel,recording,knock_once,16,-6.683721,5.198069,8.338657,0.077087,1.133305,-0.200764
805567220.000,Miguel,recording,knock_once,16,-7.305948,5.939875,9.353478,0.267424,1.044498,-0.007171
805567230.000,Miguel,recording,knock_once,16,-7.126611,6.426616,8.677028,0.503909,1.010906,0.272880
805567240.000,Miguel,recording,knock_once,16,-4.445080,5.659925,8.630521,0.703874,0.954742,0.526227
805567250.000,Miguel,recording,knock_once,16,-2.583197,5.976464,8.072863,0.835443,0.747008,0.693465
805567260.000,Miguel,recording,knock_once,16,-0.453643,6.451444,8.125753,0.906813,0.475157,0.752387
805567270.000,Miguel,recording,knock_once,16,0.324589,6.387173,7.633468,0.934358,0.234834,0.695474
805567280.000,Miguel,recording,knock_once,16,0.836798,6.086131,7.197922,0.926751,0.075075,0.546025
805567290.000,Miguel,recording,knock_once,16,0.886633,6.044700,6.785924,0.887201,-0.015760,0.358430
805567300.000,Miguel,recording,knock_once,16,0.732194,6.264957,6.249277,0.805050,-0.081088,0.186113
805567310.000,Miguel,recording,knock_once,16,0.349832,6.577735,5.733990,0.664605,-0.161623,0.062824
805567320.000,Miguel,recording,knock_once,16,-0.257704,6.898243,5.265023,0.469690,-0.266682,0.000290
805567330.000,Miguel,recording,knock_once,16,-0.705583,6.990468,5.214659,0.252527,-0.371131,-0.006762
805567340.000,Miguel,recording,knock_once,16,-0.977676,6.842804,5.429523,0.052304,-0.442731,0.032350
805567350.000,Miguel,recording,knock_once,16,-0.939680,6.710054,5.671055,-0.112295,-0.461275,0.102691
805567360.000,Miguel,recording,knock_once,16,-0.730071,6.709589,5.838353,-0.244753,-0.426825,0.180500
805567370.000,Miguel,recording,knock_once,16,-0.515839,6.796879,6.035944,-0.357583,-0.355613,0.247998
805567380.000,Miguel,recording,knock_once,16,-0.447199,6.929925,6.226151,-0.462464,-0.261508,0.304000
805567390.000,Miguel,recording,knock_once,16,-0.518162,7.080610,6.432251,-0.557983,-0.147873,0.355043
805567400.000,Miguel,recording,knock_once,16,-0.321896,7.004353,6.724380,-0.627962,-0.015523,0.397372
805567410.000,Miguel,recording,knock_once,16,-0.008153,6.885188,6.983743,-0.658656,0.114705,0.420329
805567420.000,Miguel,recording,knock_once,16,0.053361,6.927074,7.298703,-0.645029,0.193099,0.420798
805567430.000,Miguel,recording,knock_once,16,-0.016085,7.111774,7.623012,-0.585372,0.185967,0.400910
805567440.000,Miguel,recording,knock_once,16,-0.056363,7.176174,7.823132,-0.484838,0.107336,0.361960
805567450.000,Miguel,recording,knock_once,16,-0.188548,7.123939,7.900580,-0.358211,-0.009210,0.306429
805567460.000,Miguel,recording,knock_once,16,-0.390612,7.019917,7.868071,-0.223198,-0.135906,0.244228
805567470.000,Miguel,recording,knock_once,16,-0.633195,6.926522,7.879842,-0.093011,-0.253354,0.188042
805567480.000,Miguel,recording,knock_once,16,-0.766663,6.871726,7.896178,0.025874,-0.348376,0.142838
805567490.000,Miguel,recording,knock_once,16,-0.716880,6.812984,7.861189,0.126200,-0.406842,0.107259
805567500.000,Miguel,recording,knock_once,16,-0.605750,6.687966,7.736141,0.195777,-0.419120,0.080596
805567510.000,Miguel,recording,knock_once,16,-0.477192,6.604415,7.553336,0.224966,-0.385051,0.064257
805567520.000,Miguel,recording,knock_once,16,-0.339895,6.562339,7.361476,0.214128,-0.312548,0.055793
805567530.000,Miguel,recording,knock_once,16,-0.236492,6.549869,7.223247,0.173610,-0.220271,0.049049
805567540.000,Miguel,recording,knock_once,16,-0.219832,6.546196,7.136051,0.117795,-0.134398,0.040535
805567550.000,Miguel,recording,knock_once,16,-0.252204,6.590175,7.159063,0.061251,-0.077421,0.029640
805567560.000,Miguel,recording,knock_once,16,-0.287849,6.628710,7.190698,0.015403,-0.052667,0.016400
805567570.000,Miguel,recording,knock_once,16,-0.335473,6.573047,7.275015,-0.013141,-0.042710,0.003402
805567580.000,Miguel,recording,knock_once,16,-0.374716,6.523546,7.307119,-0.023290,-0.028612,-0.002852
805567590.000,Miguel,recording,knock_once,16,-0.487568,6.486047,7.310894,-0.017224,-0.012203,0.000016
805567600.000,Miguel,recording,knock_once,16,-0.622798,6.462840,7.352940,0.005164,-0.015562,0.010674
805567610.000,Miguel,recording,knock_once,16,-0.804335,6.455714,7.382392,0.047443,-0.057606,0.029940
805567620.000,Miguel,recording,knock_once,16,-0.851380,6.482749,7.571783,0.114098,-0.142908,0.056288
805567630.000,Miguel,recording,knock_once,16,-0.695788,6.564123,7.826578,0.205779,-0.258238,0.081700
805567640.000,Miguel,recording,knock_once,16,-0.429954,6.598099,7.942104,0.313376,-0.361751,0.094981
805567650.000,Miguel,recording,knock_once,16,-0.234428,6.593209,7.757486,0.415197,-0.405460,0.087732
805567660.000,Miguel,recording,knock_once,16,-0.068208,6.654421,7.440114,0.483951,-0.378890,0.060439
805567670.000,Miguel,recording,knock_once,16,0.098838,6.825127,7.113795,0.500003,-0.305329,0.023323
805567680.000,Miguel,recording,knock_once,16,0.162975,6.986984,6.773057,0.461428,-0.203336,-0.013763
805567690.000,Miguel,recording,knock_once,16,0.038299,7.043040,6.407198,0.377448,-0.083171,-0.044139
805567700.000,Miguel,recording,knock_once,16,-0.152921,7.074864,6.161921,0.260080,0.029180,-0.058834
805567710.000,Miguel,recording,knock_once,16,-0.361073,7.113753,6.075393,0.127250,0.102429,-0.051919
805567720.000,Miguel,recording,knock_once,16,-0.472829,7.102395,6.139948,0.000611,0.130561,-0.028217
805567730.000,Miguel,recording,knock_once,16,-0.495356,7.008240,6.278085,-0.102778,0.130606,0.000119
805567740.000,Miguel,recording,knock_once,16,-0.459714,6.897662,6.459068,-0.176311,0.115982,0.024152
805567750.000,Miguel,recording,knock_once,16,-0.376864,6.805327,6.738350,-0.219871,0.092192,0.045996
805567760.000,Miguel,recording,knock_once,16,-0.348112,6.743796,6.976034,-0.235582,0.073387,0.073906
805567770.000,Miguel,recording,knock_once,16,-0.441761,6.713404,7.129324,-0.232012,0.069733,0.110477
805567780.000,Miguel,recording,knock_once,16,-0.327136,6.697903,7.218993,-0.222357,0.075922,0.149082
805567790.000,Miguel,recording,knock_once,16,-0.050647,6.724550,7.220433,-0.224812,0.097529,0.184774
805567800.000,Miguel,recording,knock_once,16,0.199068,6.826663,7.143468,-0.271824,0.163918,0.232745
805567810.000,Miguel,recording,knock_once,16,0.171052,6.894067,6.854655,-0.402336,0.311053,0.318023
805567820.000,Miguel,recording,knock_once,16,-0.002969,6.868134,6.577250,-0.635099,0.565972,0.429798
805567830.000,Miguel,recording,knock_once,16,-0.146364,6.917974,6.496783,-0.931060,0.907835,0.525817
805567840.000,Miguel,recording,knock_once,16,-0.349466,6.890587,7.033454,-1.190854,1.222019,0.590095
805567850.000,Miguel,recording,knock_once,16,-0.310852,6.870002,7.699927,-1.342193,1.402864,0.613517
805567860.000,Miguel,recording,knock_once,16,-0.197469,6.687598,8.200098,-1.376163,1.439762,0.568061
805567870.000,Miguel,recording,knock_once,16,-0.206224,6.560995,8.661972,-1.295641,1.350948,0.450352
805567880.000,Miguel,recording,knock_once,16,-0.118609,6.724045,9.219107,-1.108459,1.148270,0.282167
805567890.000,Miguel,recording,knock_once,16,0.218998,6.904435,9.576095,-0.842188,0.862906,0.082118
805567900.000,Miguel,recording,knock_once,16,0.464156,6.758639,9.431939,-0.542422,0.557463,-0.133445
805567910.000,Miguel,recording,knock_once,16,0.409602,6.456643,9.083330,-0.253884,0.293697,-0.337508
805567920.000,Miguel,recording,knock_once,16,0.098268,6.101802,8.657066,-0.006645,0.103668,-0.494875
805567930.000,Miguel,recording,knock_once,16,-0.339821,5.881812,8.184601,0.178191,-0.012472,-0.584711
805567940.000,Miguel,recording,knock_once,16,-0.830954,5.834586,7.693503,0.286191,-0.064433,-0.606476
805567950.000,Miguel,recording,knock_once,16,-1.158487,5.862067,7.256653,0.319887,-0.057504,-0.571703
805567960.000,Miguel,recording,knock_once,16,-1.202974,5.771130,7.082331,0.301699,0.002215,-0.503450
805567970.000,Miguel,recording,knock_once,16,-1.163247,5.726242,6.903065,0.256498,0.110513,-0.423427
805567980.000,Miguel,recording,knock_once,16,-1.283748,5.727866,6.706939,0.203521,0.237744,-0.346748
805567990.000,Miguel,recording,knock_once,16,-1.505972,5.750315,6.684467,0.161182,0.313090,-0.284183
805568000.000,Miguel,recording,knock_once,16,-1.701280,5.919845,6.910489,0.146543,0.281875,-0.238848
805568010.000,Miguel,recording,knock_once,16,-1.754152,6.042768,7.069371,0.165695,0.160378,-0.209202
805568020.000,Miguel,recording,knock_once,16,-1.559505,6.018569,7.094534,0.205779,0.011263,-0.192992
805568030.000,Miguel,recording,knock_once,16,-1.373612,5.938346,6.921829,0.244696,-0.113920,-0.186487
805568040.000,Miguel,recording,knock_once,16,-1.286320,5.848439,6.806497,0.264859,-0.197663,-0.184257
805568050.000,Miguel,recording,knock_once,16,-1.182417,5.867552,6.796040,0.263237,-0.240564,-0.180491
805568060.000,Miguel,recording,knock_once,16,-1.155519,5.919306,6.888022,0.250533,-0.243325,-0.174379
805568070.000,Miguel,recording,knock_once,16,-1.206608,5.965410,6.845246,0.230960,-0.219532,-0.172344
805568080.000,Miguel,recording,knock_once,16,-1.304531,6.084501,6.632497,0.191787,-0.194690,-0.176372
805568090.000,Miguel,recording,knock_once,16,-1.409808,6.154675,6.465368,0.126532,-0.181490,-0.181010
805568100.000,Miguel,recording,knock_once,16,-1.469024,6.180901,6.425084,0.042857,-0.167697,-0.180417
805568110.000,Miguel,recording,knock_once,16,-1.446232,6.084673,6.440818,-0.048558,-0.136254,-0.172245
805568120.000,Miguel,recording,knock_once,16,-1.419317,6.022851,6.585106,-0.133531,-0.090988,-0.156908
805568130.000,Miguel,recording,knock_once,16,-1.383981,5.947320,6.864708,-0.198125,-0.049474,-0.138661
805568140.000,Miguel,recording,knock_once,16,-1.294283,5.894938,7.201512,-0.230058,-0.028906,-0.125023
805568150.000,Miguel,recording,knock_once,16,-1.259060,5.930611,7.449875,-0.222188,-0.045763,-0.121533
805568160.000,Miguel,recording,knock_once,16,-1.308303,5.957932,7.571284,-0.179199,-0.115589,-0.128382
805568170.000,Miguel,recording,knock_once,16,-1.341392,6.023089,7.671214,-0.116130,-0.236341,-0.143755
805568180.000,Miguel,recording,knock_once,16,-1.254442,6.122870,7.591977,-0.057833,-0.364867,-0.166835
805568190.000,Miguel,recording,knock_once,16,-1.005918,6.054189,7.417230,-0.022742,-0.429116,-0.193493
805568200.000,Miguel,recording,knock_once,16,-0.943740,6.061828,7.279653,-0.014451,-0.401392,-0.218636
805568210.000,Miguel,recording,knock_once,16,-0.866989,6.016583,7.178328,-0.032506,-0.332450,-0.237343
805568220.000,Miguel,recording,knock_once,16,-0.726224,6.089072,7.143595,-0.066966,-0.280442,-0.246825
805568230.000,Miguel,recording,knock_once,16,-1.164558,6.109400,7.178758,-0.094862,-0.277137,-0.240257
805568240.000,Miguel,recording,knock_once,16,-2.097045,6.027077,7.418869,-0.088893,-0.358253,-0.194046
805568250.000,Miguel,recording,knock_once,16,-3.049303,5.849741,7.801607,-0.030649,-0.551463,-0.087597
805568260.000,Miguel,recording,knock_once,16,-3.443685,5.679297,8.248418,0.087184,-0.821709,0.049931
805568270.000,Miguel,recording,knock_once,16,-5.159456,5.091817,8.536523,0.247545,-1.082897,0.185019
805568280.000,Miguel,recording,knock_once,16,-3.443766,5.606048,8.670722,0.381253,-1.232442,0.374224
805568290.000,Miguel,recording,knock_once,16,-1.557326,6.242302,7.904935,0.410759,-1.163015,0.597447
805568300.000,Miguel,recording,knock_once,16,1.312886,5.623478,7.402939,0.321746,-0.883598,0.699837
805568310.000,Miguel,recording,knock_once,16,2.269195,5.774068,7.258635,0.167616,-0.497946,0.624798
805568320.000,Miguel,recording,knock_once,16,2.358783,6.174016,7.554489,0.021171,-0.110696,0.438689
805568330.000,Miguel,recording,knock_once,16,1.600091,6.335930,7.685701,-0.071851,0.171054,0.219286
805568340.000,Miguel,recording,knock_once,16,0.593424,6.380381,7.798455,-0.103252,0.276265,0.023469
805568350.000,Miguel,recording,knock_once,16,-0.181923,6.349990,7.934413,-0.082008,0.200629,-0.114709
805568360.000,Miguel,recording,knock_once,16,-0.617623,6.293465,8.045569,-0.014729,0.011865,-0.189129
805568370.000,Miguel,recording,knock_once,16,-0.792738,6.167487,8.114492,0.089762,-0.199504,-0.212818
805568380.000,Miguel,recording,knock_once,16,-0.700697,6.027148,8.101651,0.210345,-0.357247,-0.212814
805568390.000,Miguel,recording,knock_once,16,-0.473891,5.881836,7.962359,0.323930,-0.431047,-0.217343
805568400.000,Miguel,recording,knock_once,16,-0.622776,6.094256,7.929740,0.421979,-0.451581,-0.224772
805568410.000,Miguel,recording,knock_once,16,-0.574848,6.214541,7.999161,0.511995,-0.448641,-0.219911
805568420.000,Miguel,recording,knock_once,16,-0.429100,6.241193,7.967239,0.599855,-0.420438,-0.204253
805568430.000,Miguel,recording,knock_once,16,-0.271692,6.267778,7.838627,0.677757,-0.369249,-0.185936
805568440.000,Miguel,recording,knock_once,16,-0.199654,6.381400,7.638076,0.734918,-0.308199,-0.165789
805568450.000,Miguel,recording,knock_once,16,-0.191103,6.531588,7.456727,0.767401,-0.250179,-0.142398
805568460.000,Miguel,recording,knock_once,16,-0.250617,6.678354,7.290743,0.777764,-0.204966,-0.119014
805568470.000,Miguel,recording,knock_once,16,-0.301131,6.808300,7.067324,0.770570,-0.170084,-0.101774
805568480.000,Miguel,recording,knock_once,16,-0.396184,6.898551,6.849411,0.746832,-0.141484,-0.092166
805568490.000,Miguel,recording,knock_once,16,-0.482447,7.003453,6.736552,0.703951,-0.133956,-0.083390
805568500.000,Miguel,recording,knock_once,16,-0.531277,7.120210,6.704681,0.642696,-0.159595,-0.069459
805568510.000,Miguel,recording,knock_once,16,-0.447135,7.193189,6.686087,0.568740,-0.200191,-0.054015
805568520.000,Miguel,recording,knock_once,16,-0.234829,7.213298,6.637129,0.490617,-0.220416,-0.046261
805568530.000,Miguel,recording,knock_once,16,-0.052513,7.145525,6.608668,0.415768,-0.200192,-0.052807
805568540.000,Miguel,recording,knock_once,16,0.021948,7.007535,6.549883,0.344457,-0.145794,-0.073406
805568550.000,Miguel,recording,knock_once,16,-0.068286,6.863649,6.492996,0.275955,-0.077877,-0.097460
805568560.000,Miguel,recording,knock_once,16,-0.151843,6.824715,6.529614,0.214638,-0.012901,-0.108975
805568570.000,Miguel,recording,knock_once,16,-0.187178,6.857286,6.558838,0.165520,0.050229,-0.098700
805568580.000,Miguel,recording,knock_once,16,-0.298880,6.871277,6.576157,0.129990,0.113559,-0.068624
805568590.000,Miguel,recording,knock_once,16,-0.348032,6.853722,6.580805,0.106285,0.163688,-0.025324
805568600.000,Miguel,recording,knock_once,16,-0.401629,6.871025,6.588523,0.090808,0.185640,0.023199
805568610.000,Miguel,recording,knock_once,16,-0.463666,6.926445,6.523423,0.077417,0.175637,0.066995
805568620.000,Miguel,recording,knock_once,16,-0.479320,6.982976,6.478775,0.058649,0.136829,0.099438
805568630.000,Miguel,recording,knock_once,16,-0.444289,7.020660,6.516190,0.033136,0.079423,0.120468
805568640.000,Miguel,recording,knock_once,16,-0.295033,7.050964,6.606804,0.004602,0.031185,0.134352
805568650.000,Miguel,recording,knock_once,16,-0.176852,7.025119,6.552977,-0.028838,0.030535,0.143293
805568660.000,Miguel,recording,knock_once,16,-0.191892,6.980609,6.467805,-0.070530,0.086013,0.148959
805568670.000,Miguel,recording,knock_once,16,-0.251310,6.987679,6.513785,-0.116433,0.162100,0.157712
805568680.000,Miguel,recording,knock_once,16,-0.329155,7.002182,6.566022,-0.157337,0.225540,0.171762
805568690.000,Miguel,recording,knock_once,16,-0.393289,6.989544,6.645249,-0.184593,0.265518,0.186493
805568700.000,Miguel,recording,knock_once,16,-0.385497,6.968800,6.697347,-0.195005,0.275962,0.198424
805568710.000,Miguel,recording,knock_once,16,-0.326256,6.936669,6.765073,-0.193993,0.253812,0.205385
805568720.000,Miguel,recording,knock_once,16,-0.201819,6.953503,6.862667,-0.188887,0.211241,0.206135
805568730.000,Miguel,recording,knock_once,16,-0.040883,6.981459,6.933751,-0.182225,0.177758,0.197814
805568740.000,Miguel,recording,knock_once,16,0.033527,6.975913,6.987387,-0.176320,0.175960,0.175946
805568750.000,Miguel,recording,knock_once,16,-0.011554,6.864237,6.966865,-0.177955,0.203729,0.146478
805568760.000,Miguel,recording,knock_once,16,-0.203776,6.793351,6.930997,-0.188959,0.249765,0.124394
805568770.000,Miguel,recording,knock_once,16,-0.404923,6.841396,6.920155,-0.206004,0.304051,0.120020
805568780.000,Miguel,recording,knock_once,16,-0.545755,6.887034,6.858883,-0.235023,0.350338,0.133645
805568790.000,Miguel,recording,knock_once,16,-0.630483,6.784463,6.725555,-0.289547,0.381484,0.162565
805568800.000,Miguel,recording,knock_once,16,-0.726113,6.739549,6.595174,-0.374063,0.415988,0.207589
805568810.000,Miguel,recording,knock_once,16,-0.787860,6.746500,6.661632,-0.467843,0.470658,0.264804
805568820.000,Miguel,recording,knock_once,16,-0.677697,6.774299,6.896387,-0.538628,0.524894,0.317076
805568830.000,Miguel,recording,knock_once,16,-0.494968,6.714803,7.166019,-0.569511,0.533229,0.344204
805568840.000,Miguel,recording,knock_once,16,-0.330002,6.696843,7.474418,-0.557795,0.472193,0.336314
805568850.000,Miguel,recording,knock_once,16,-0.240576,6.713445,7.818965,-0.503418,0.365921,0.298739
805568860.000,Miguel,recording,knock_once,16,-0.236031,6.652217,8.028397,-0.411565,0.262566,0.248339
805568870.000,Miguel,recording,knock_once,16,-0.251138,6.580771,8.037485,-0.298409,0.188182,0.201550
805568880.000,Miguel,recording,knock_once,16,-0.333147,6.550958,7.931112,-0.183582,0.134792,0.168071
805568890.000,Miguel,recording,knock_once,16,-0.365101,6.566627,7.816941,-0.079144,0.086002,0.150825
805568900.000,Miguel,recording,knock_once,16,-0.363648,6.557121,7.659564,0.010595,0.038209,0.145913
805568910.000,Miguel,recording,knock_once,16,-0.389857,6.538126,7.490143,0.081251,0.002087,0.147744
805568920.000,Miguel,recording,knock_once,16,-0.365911,6.569184,7.320841,0.129175,-0.005789,0.152423
805568930.000,Miguel,recording,knock_once,16,-0.309331,6.593540,7.228731,0.157760,0.018716,0.156042
805568940.000,Miguel,recording,knock_once,16,-0.234275,6.618351,7.096948,0.171029,0.052341,0.154113
805568950.000,Miguel,recording,knock_once,16,-0.144252,6.672247,6.973768,0.169836,0.057981,0.142062
805568960.000,Miguel,recording,knock_once,16,-0.052851,6.756936,6.910732,0.162030,0.026253,0.117649
805568970.000,Miguel,recording,knock_once,16,0.049053,6.805344,6.970895,0.160231,-0.011062,0.081801
805568980.000,Miguel,recording,knock_once,16,0.115354,6.805136,7.038732,0.169145,-0.023020,0.037814
805568990.000,Miguel,recording,knock_once,16,0.013998,6.754147,7.039357,0.182722,-0.006612,-0.006221
805569000.000,Miguel,recording,knock_once,16,-0.159014,6.637090,7.027518,0.189816,0.028655,-0.033907
805569010.000,Miguel,recording,knock_once,16,-0.415014,6.516485,6.917908,0.181495,0.072626,-0.028062
805569020.000,Miguel,recording,knock_once,16,-0.565608,6.557723,6.811321,0.158766,0.111357,0.011416
805569030.000,Miguel,recording,knock_once,16,-0.563934,6.669991,6.730632,0.130678,0.131557,0.065724
805569040.000,Miguel,recording,knock_once,16,-0.480381,6.684570,6.619796,0.098929,0.146247,0.113996
805569050.000,Miguel,recording,knock_once,16,-0.319591,6.674210,6.446282,0.048861,0.188170,0.147771
805569060.000,Miguel,recording,knock_once,16,-0.191825,6.701044,6.414580,-0.025343,0.238206,0.172060
805569070.000,Miguel,recording,knock_once,16,-0.205170,6.799023,6.649056,-0.098695,0.234217,0.187979
805569080.000,Miguel,recording,knock_once,16,-0.247499,6.846033,7.024172,-0.135582,0.170875,0.186853
805569090.000,Miguel,recording,knock_once,16,-0.355738,6.860369,7.632030,-0.109126,0.085606,0.168077
805569100.000,Miguel,recording,knock_once,16,-0.464770,6.775028,8.193807,-0.008476,0.008230,0.143918
805569110.000,Miguel,recording,knock_once,16,-0.451986,6.680098,8.517361,0.151102,-0.030585,0.125685
805569120.000,Miguel,recording,knock_once,16,-0.330597,6.636853,8.480377,0.328430,-0.021503,0.118735
805569130.000,Miguel,recording,knock_once,16,-0.176017,6.607901,8.283757,0.481768,0.017705,0.130191
805569140.000,Miguel,recording,knock_once,16,-0.058789,6.662457,8.042590,0.591804,0.066945,0.159478
805569150.000,Miguel,recording,knock_once,16,0.037747,6.924001,7.851274,0.659630,0.111551,0.187582
805569160.000,Miguel,recording,knock_once,16,0.048917,7.167784,7.649026,0.697870,0.143915,0.190583
805569170.000,Miguel,recording,knock_once,16,-0.182462,7.322822,7.426669,0.726386,0.154535,0.160421
805569180.000,Miguel,recording,knock_once,16,-0.485623,7.427705,7.299721,0.766733,0.128716,0.109090
805569190.000,Miguel,recording,knock_once,16,-0.704231,7.496550,7.088461,0.824071,0.066059,0.053338
805569200.000,Miguel,recording,knock_once,16,-0.671235,7.473410,6.753655,0.876439,-0.012895,0.003073
805569210.000,Miguel,recording,knock_once,16,-0.538486,7.339661,6.301935,0.889538,-0.080228,-0.039845
805569220.000,Miguel,recording,knock_once,16,-0.410654,7.211433,5.905318,0.841447,-0.116625,-0.075670
805569230.000,Miguel,recording,knock_once,16,-0.335758,7.148484,5.664358,0.736400,-0.117343,-0.101113
805569240.000,Miguel,recording,knock_once,16,-0.372187,7.109250,5.568852,0.600431,-0.085409,-0.112279
805569250.000,Miguel,recording,knock_once,16,-0.445475,7.081054,5.546961,0.463934,-0.030964,-0.108404
805569260.000,Miguel,recording,knock_once,16,-0.515268,7.106630,5.547800,0.342972,0.022036,-0.090904
805569270.000,Miguel,recording,knock_once,16,-0.611184,7.132422,5.589388,0.242437,0.048618,-0.065812
805569280.000,Miguel,recording,knock_once,16,-0.631626,7.174252,5.607032,0.162568,0.047909,-0.042624
805569290.000,Miguel,recording,knock_once,16,-0.586507,7.248452,5.567238,0.095066,0.039035,-0.026578
805569300.000,Miguel,recording,knock_once,16,-0.503182,7.288019,5.502828,0.030620,0.033610,-0.016313
805569310.000,Miguel,recording,knock_once,16,-0.371794,7.337601,5.559889,-0.031698,0.027640,-0.009855
805569320.000,Miguel,recording,knock_once,16,-0.205384,7.391659,5.759847,-0.084354,0.012879,-0.013394
805569330.000,Miguel,recording,knock_once,16,-0.142346,7.399197,5.963480,-0.117954,-0.013036,-0.033959
805569340.000,Miguel,recording,knock_once,16,-0.169345,7.419954,6.126866,-0.132393,-0.046146,-0.066337
805569350.000,Miguel,recording,knock_once,16,-0.297127,7.441475,6.203798,-0.138616,-0.076586,-0.095798
805569360.000,Miguel,recording,knock_once,16,-0.442144,7.484907,6.306544,-0.145461,-0.090775,-0.110494
805569370.000,Miguel,recording,knock_once,16,-0.558209,7.527369,6.439877,-0.152732,-0.080913,-0.107785
805569380.000,Miguel,recording,knock_once,17,-0.610570,7.526048,6.513719,-0.155200,-0.055649,-0.092390
805569390.000,Miguel,recording,knock_once,17,-0.576918,7.484703,6.560466,-0.148787,-0.034886,-0.071742
805569400.000,Miguel,recording,knock_once,17,-0.515697,7.414482,6.569228,-0.134610,-0.026346,-0.051913
805569410.000,Miguel,recording,knock_once,17,-0.475440,7.316045,6.552705,-0.116135,-0.028847,-0.034858
805569420.000,Miguel,recording,knock_once,17,-0.484238,7.240633,6.478766,-0.096663,-0.043805,-0.019704
805569430.000,Miguel,recording,knock_once,17,-0.475403,7.166932,6.516549,-0.076896,-0.065624,-0.004733
805569440.000,Miguel,recording,knock_once,17,-0.483978,7.093142,6.502794,-0.056586,-0.076754,0.010047
805569450.000,Miguel,recording,knock_once,17,-0.509206,7.128939,6.520496,-0.036280,-0.066041,0.021689
805569460.000,Miguel,recording,knock_once,17,-0.551944,7.194284,6.529362,-0.017197,-0.052246,0.029777
805569470.000,Miguel,recording,knock_once,17,-0.390037,7.116813,6.481678,-0.005627,-0.067934,0.032851
805569480.000,Miguel,recording,knock_once,17,-0.253156,7.034959,6.457079,-0.003397,-0.114614,0.026978
805569490.000,Miguel,recording,knock_once,17,-0.321204,7.023701,6.543238,-0.001021,-0.165631,0.018973
805569500.000,Miguel,recording,knock_once,17,-0.513304,7.081500,6.598180,0.009413,-0.208475,0.020084
805569510.000,Miguel,recording,knock_once,17,-0.718986,7.143487,6.567119,0.026996,-0.242816,0.034928
805569520.000,Miguel,recording,knock_once,17,-0.834175,7.179691,6.523197,0.044690,-0.260249,0.064216
805569530.000,Miguel,recording,knock_once,17,-0.775440,7.168872,6.484452,0.057313,-0.254652,0.099178
805569540.000,Miguel,recording,knock_once,17,-0.589077,7.200893,6.461115,0.065434,-0.235358,0.122596
805569550.000,Miguel,recording,knock_once,17,-0.367075,7.274185,6.526008,0.071313,-0.211808,0.125984
805569560.000,Miguel,recording,knock_once,17,-0.262130,7.258418,6.633012,0.076267,-0.178543,0.117783
805569570.000,Miguel,recording,knock_once,17,-0.323339,7.209135,6.688547,0.076610,-0.132876,0.115270
805569580.000,Miguel,recording,knock_once,17,-0.420344,7.236382,6.609262,0.064857,-0.080692,0.132115
805569590.000,Miguel,recording,knock_once,17,-0.449948,7.255168,6.547990,0.036208,-0.024348,0.170159
805569600.000,Miguel,recording,knock_once,17,-0.376484,7.305030,6.414134,-0.009243,0.024378,0.219386
805569610.000,Miguel,recording,knock_once,17,-0.226384,7.401259,6.179023,-0.074296,0.039320,0.267023
805569620.000,Miguel,recording,knock_once,17,-0.123574,7.572677,5.831023,-0.162835,0.002830,0.303475
805569630.000,Miguel,recording,knock_once,17,-0.378816,7.833612,5.659874,-0.269906,-0.090774,0.330913
805569640.000,Miguel,recording,knock_once,17,-0.103723,7.937305,5.547574,-0.404510,-0.243500,0.360111
805569650.000,Miguel,recording,knock_once,17,0.091810,7.677389,5.558730,-0.579826,-0.392690,0.384704
805569660.000,Miguel,recording,knock_once,17,-0.173522,7.718414,6.055346,-0.756312,-0.451737,0.424260
805569670.000,Miguel,recording,knock_once,17,-0.123969,7.585936,6.724946,-0.891549,-0.403364,0.495771
805569680.000,Miguel,recording,knock_once,17,0.875569,6.969571,7.096944,-0.971209,-0.202235,0.535625
805569690.000,Miguel,recording,knock_once,17,1.722258,6.494821,7.898167,-0.928193,0.175417,0.497590
805569700.000,Miguel,recording,knock_once,17,1.451905,6.617727,7.934717,-0.751660,0.613367,0.432172
805569710.000,Miguel,recording,knock_once,17,0.982669,6.780670,6.959478,-0.589223,1.012355,0.383131
805569720.000,Miguel,recording,knock_once,17,1.056074,6.283839,6.805373,-0.535857,1.377379,0.319777
805569730.000,Miguel,recording,knock_once,17,1.073412,6.036076,8.022415,-0.493833,1.671819,0.222083
805569740.000,Miguel,recording,knock_once,17,1.412748,5.811364,9.354893,-0.330616,1.806110,0.107985
805569750.000,Miguel,recording,knock_once,17,1.691954,5.324727,9.738952,-0.018891,1.773211,-0.017078
805569760.000,Miguel,recording,knock_once,17,1.647746,5.068442,9.379898,0.365532,1.682681,-0.128897
805569770.000,Miguel,recording,knock_once,17,0.650404,6.668294,8.516045,0.677994,1.639444,-0.161729
805569780.000,Miguel,recording,knock_once,17,-0.531824,7.967236,7.295634,0.809438,1.660185,-0.096138
805569790.000,Miguel,recording,knock_once,17,-1.533268,8.426814,6.458045,0.783213,1.724019,0.019486
805569800.000,Miguel,recording,knock_once,17,-2.376137,7.989719,5.976270,0.680342,1.795442,0.150916
805569810.000,Miguel,recording,knock_once,17,-2.792967,7.359077,5.691855,0.549785,1.840676,0.295501
805569820.000,Miguel,recording,knock_once,17,-2.647863,7.066449,5.632044,0.416140,1.832316,0.435247
805569830.000,Miguel,recording,knock_once,17,-2.012588,7.163338,5.692763,0.287406,1.765936,0.532736
805569840.000,Miguel,recording,knock_once,17,-1.276387,7.490874,5.757907,0.155895,1.678882,0.560383
805569850.000,Miguel,recording,knock_once,17,-0.667342,7.696572,5.885319,0.024906,1.599960,0.510779
805569860.000,Miguel,recording,knock_once,17,-0.418006,7.746448,6.208442,-0.069415,1.506015,0.394866
805569870.000,Miguel,recording,knock_once,17,-0.613572,7.702752,6.726728,-0.094942,1.373247,0.241626
805569880.000,Miguel,recording,knock_once,17,-1.040541,7.460463,6.896282,-0.071681,1.227151,0.091155
805569890.000,Miguel,recording,knock_once,17,-1.399399,7.128322,6.375650,-0.049985,1.095109,-0.032618
805569900.000,Miguel,recording,knock_once,17,-1.662532,6.931852,5.844020,-0.056021,0.988426,-0.130199
805569910.000,Miguel,recording,knock_once,17,-1.827706,6.862194,5.664534,-0.081526,0.915182,-0.209823
805569920.000,Miguel,recording,knock_once,17,-2.002706,6.875656,5.637579,-0.131466,0.834646,-0.267744
805569930.000,Miguel,recording,knock_once,17,-2.284866,7.191037,5.695593,-0.219172,0.693709,-0.283580
805569940.000,Miguel,recording,knock_once,17,-2.522127,7.633901,6.072219,-0.285675,0.526454,-0.262805
805569950.000,Miguel,recording,knock_once,17,-2.523355,7.488076,6.205715,-0.276689,0.332482,-0.237648
805569960.000,Miguel,recording,knock_once,17,-2.701462,7.144823,6.039355,-0.209739,0.072754,-0.216129
805569970.000,Miguel,recording,knock_once,17,-2.914347,6.889487,5.597265,-0.125644,-0.230046,-0.181474
805569980.000,Miguel,recording,knock_once,17,-3.072798,6.782748,5.375275,-0.060146,-0.516357,-0.129057
805569990.000,Miguel,recording,knock_once,17,-3.106604,6.769272,5.111293,-0.029954,-0.715719,-0.078002
805570000.000,Miguel,recording,knock_once,17,-2.905600,6.673170,4.845959,-0.052837,-0.791750,-0.054289
805570010.000,Miguel,recording,knock_once,17,-2.634625,6.728436,4.903496,-0.150447,-0.756594,-0.057538
805570020.000,Miguel,recording,knock_once,17,-2.440141,7.338492,5.556452,-0.306855,-0.645606,-0.057676
805570030.000,Miguel,recording,knock_once,17,-1.931990,7.595347,6.591013,-0.444077,-0.486907,-0.050365
805570040.000,Miguel,recording,knock_once,17,-1.326159,7.574410,7.452919,-0.497182,-0.321281,-0.050785
805570050.000,Miguel,recording,knock_once,17,-0.932637,7.446315,7.568275,-0.483804,-0.161052,-0.056680
805570060.000,Miguel,recording,knock_once,17,-1.059696,7.577898,7.037627,-0.459979,0.005174,-0.057678
805570070.000,Miguel,recording,knock_once,17,-1.547484,7.295123,7.072498,-0.419651,0.127071,-0.043471
805570080.000,Miguel,recording,knock_once,17,-2.393321,6.920202,7.250888,-0.330532,0.116922,0.007506
805570090.000,Miguel,recording,knock_once,17,-3.101096,6.649298,7.322560,-0.213389,-0.039174,0.123202
805570100.000,Miguel,recording,knock_once,17,-3.372990,6.574074,7.385578,-0.099810,-0.262226,0.306387
805570110.000,Miguel,recording,knock_once,17,-3.114866,6.701258,7.163777,-0.014178,-0.472957,0.515473
805570120.000,Miguel,recording,knock_once,17,-2.321475,6.926515,7.109652,0.031271,-0.620815,0.675890
805570130.000,Miguel,recording,knock_once,17,-1.519223,6.908501,7.497865,0.066821,-0.668851,0.745903
805570140.000,Miguel,recording,knock_once,17,-1.121943,6.771371,7.503190,0.114247,-0.640133,0.737399
805570150.000,Miguel,recording,knock_once,17,-0.848015,6.637018,7.606960,0.145725,-0.652119,0.656947
805570160.000,Miguel,recording,knock_once,17,-0.450452,6.368466,7.607053,0.123154,-0.806791,0.488233
805570170.000,Miguel,recording,knock_once,17,-0.390340,6.432490,7.693811,0.050018,-1.067462,0.256201
805570180.000,Miguel,recording,knock_once,17,-0.352948,6.382429,7.650783,-0.033024,-1.333029,0.034021
805570190.000,Miguel,recording,knock_once,17,-0.412647,6.316811,7.518409,-0.090231,-1.554018,-0.125952
805570200.000,Miguel,recording,knock_once,17,-0.335686,6.330970,7.169425,-0.114480,-1.717969,-0.218988
805570210.000,Miguel,recording,knock_once,17,-0.182596,6.521918,6.677892,-0.130961,-1.793319,-0.271213
805570220.000,Miguel,recording,knock_once,17,0.005330,6.748217,6.131130,-0.157681,-1.741672,-0.302304
805570230.000,Miguel,recording,knock_once,17,0.090265,7.028309,6.042979,-0.178753,-1.562222,-0.309584
805570240.000,Miguel,recording,knock_once,17,0.053172,7.157832,6.160050,-0.169769,-1.282284,-0.284280
805570250.000,Miguel,recording,knock_once,17,0.032426,7.086745,6.490840,-0.117217,-0.934158,-0.231714
805570260.000,Miguel,recording,knock_once,17,-0.066413,6.960746,6.887769,-0.017658,-0.573885,-0.171142
805570270.000,Miguel,recording,knock_once,17,-0.117311,6.752577,7.066154,0.113961,-0.267218,-0.120630
805570280.000,Miguel,recording,knock_once,17,-0.024633,6.594496,7.090697,0.247669,-0.043335,-0.089465
805570290.000,Miguel,recording,knock_once,17,0.057051,6.549689,7.030397,0.359727,0.100916,-0.079490
805570300.000,Miguel,recording,knock_once,17,0.049765,6.624676,6.832410,0.434823,0.163898,-0.085192
805570310.000,Miguel,recording,knock_once,17,-0.019178,6.690404,6.501846,0.457687,0.140335,-0.097276
805570320.000,Miguel,recording,knock_once,17,-0.170590,6.676360,6.309691,0.425108,0.049820,-0.109918
805570330.000,Miguel,recording,knock_once,17,-0.344210,6.739057,6.231978,0.354118,-0.066468,-0.118880
805570340.000,Miguel,recording,knock_once,17,-0.511200,6.838765,6.204527,0.263984,-0.183749,-0.113555
805570350.000,Miguel,recording,knock_once,17,-0.777290,6.960421,6.163181,0.169678,-0.304136,-0.083048
805570360.000,Miguel,recording,knock_once,17,-1.067808,7.072255,6.143335,0.081812,-0.427107,-0.026968
805570370.000,Miguel,recording,knock_once,17,-1.188222,7.077526,6.079283,0.001248,-0.534927,0.048764
805570380.000,Miguel,recording,knock_once,17,-1.089592,7.025633,6.016750,-0.073451,-0.613192,0.136778
805570390.000,Miguel,recording,knock_once,17,-0.820079,6.992654,6.133632,-0.135446,-0.663283,0.223733
805570400.000,Miguel,recording,knock_once,17,-0.438934,6.974532,6.489107,-0.167780,-0.684091,0.290373
805570410.000,Miguel,recording,knock_once,17,-0.100748,6.972163,6.698531,-0.168569,-0.685947,0.328373
805570420.000,Miguel,recording,knock_once,17,0.185707,6.943326,6.732300,-0.159307,-0.701894,0.341153
805570430.000,Miguel,recording,knock_once,17,0.379417,6.892766,6.633447,-0.159014,-0.768167,0.334565
805570440.000,Miguel,recording,knock_once,17,0.189765,6.967542,6.524197,-0.170213,-0.912141,0.322663
805570450.000,Miguel,recording,knock_once,17,-0.194710,7.022866,6.558802,-0.174900,-1.099618,0.329969
805570460.000,Miguel,recording,knock_once,17,-0.286586,7.046264,6.889723,-0.147715,-1.231114,0.372874
805570470.000,Miguel,recording,knock_once,17,-0.347402,7.233638,6.598592,-0.095150,-1.277259,0.431783
805570480.000,Miguel,recording,knock_once,17,0.389257,7.027511,5.576444,-0.065819,-1.277737,0.458116
805570490.000,Miguel,recording,knock_once,17,2.526122,6.326791,5.060417,-0.084071,-1.122365,0.414114
805570500.000,Miguel,recording,knock_once,17,8.880196,5.568323,6.525647,-0.085700,-0.725048,0.239191
805570510.000,Miguel,recording,knock_once,17,8.736667,7.588973,7.986953,0.001133,-0.375972,-0.181732
805570520.000,Miguel,recording,knock_once,17,7.587422,8.483074,8.273799,0.133725,-0.238216,-0.821938
805570530.000,Miguel,recording,knock_once,17,3.652961,7.720356,8.519236,0.241777,-0.176137,-1.459889
805570540.000,Miguel,recording,knock_once,17,-0.197290,7.275631,7.908970,0.303267,-0.167038,-1.871651
805570550.000,Miguel,recording,knock_once,17,-3.513148,6.751758,7.384162,0.311276,-0.241689,-1.931570
805570560.000,Miguel,recording,knock_once,17,-5.150473,6.258602,6.760795,0.254956,-0.362468,-1.629948
805570570.000,Miguel,recording,knock_once,17,-5.814876,5.849866,6.160519,0.123463,-0.431707,-1.065980
805570580.000,Miguel,recording,knock_once,17,-4.894398,6.047347,6.115966,-0.048282,-0.398991,-0.436174
805570590.000,Miguel,recording,knock_once,17,-2.527339,6.722398,6.464382,-0.202712,-0.298482,0.060926
805570600.000,Miguel,recording,knock_once,17,-0.510428,7.087435,6.775595,-0.310820,-0.193541,0.343943
805570610.000,Miguel,recording,knock_once,17,0.334034,6.918131,6.833230,-0.376881,-0.127285,0.446193
805570620.000,Miguel,recording,knock_once,17,1.039665,6.701816,6.881429,-0.414990,-0.096020,0.426877
805570630.000,Miguel,recording,knock_once,17,1.673027,6.645694,7.075515,-0.428153,-0.057619,0.323610
805570640.000,Miguel,recording,knock_once,17,2.049892,6.686248,7.488628,-0.403135,0.000159,0.160635
805570650.000,Miguel,recording,knock_once,17,1.903571,6.676149,7.956544,-0.324375,0.038755,-0.032531
805570660.000,Miguel,recording,knock_once,17,1.404160,6.474043,8.226628,-0.197370,0.048486,-0.212934
805570670.000,Miguel,recording,knock_once,17,0.835900,6.311223,8.383429,-0.037808,0.054891,-0.346745
805570680.000,Miguel,recording,knock_once,17,0.422182,6.346268,8.271597,0.134315,0.068169,-0.425379
805570690.000,Miguel,recording,knock_once,17,0.185842,6.605460,7.828265,0.280751,0.088134,-0.454247
805570700.000,Miguel,recording,knock_once,17,-0.001471,6.910453,7.209413,0.370075,0.114899,-0.444643
805570710.000,Miguel,recording,knock_once,17,-0.122168,7.139597,6.588020,0.389247,0.144428,-0.407403
805570720.000,Miguel,recording,knock_once,17,-0.157892,7.409646,5.917203,0.330489,0.170733,-0.350306
805570730.000,Miguel,recording,knock_once,17,-0.155136,7.691112,5.506585,0.206469,0.190997,-0.281846
805570740.000,Miguel,recording,knock_once,17,-0.198517,7.705610,5.404166,0.050608,0.199131,-0.209882
805570750.000,Miguel,recording,knock_once,17,-0.324417,7.514922,5.356444,-0.117356,0.181903,-0.138569
805570760.000,Miguel,recording,knock_once,17,-0.406087,7.336168,5.390424,-0.293184,0.130771,-0.071722
805570770.000,Miguel,recording,knock_once,17,-0.397957,7.170973,5.648912,-0.462965,0.048046,-0.013567
805570780.000,Miguel,recording,knock_once,17,-0.320212,6.994415,6.055338,-0.604179,-0.053056,0.034199
805570790.000,Miguel,recording,knock_once,17,-0.206547,6.770959,6.608827,-0.695435,-0.159559,0.067236
805570800.000,Miguel,recording,knock_once,17,-0.122158,6.566041,7.098411,-0.722961,-0.261745,0.082568
805570810.000,Miguel,recording,knock_once,17,-0.104358,6.356175,7.509399,-0.690969,-0.332223,0.090335
805570820.000,Miguel,recording,knock_once,17,-0.124779,6.305190,7.814852,-0.613623,-0.342359,0.104687
805570830.000,Miguel,recording,knock_once,17,-0.150551,6.403337,7.980883,-0.497541,-0.299211,0.127936
805570840.000,Miguel,recording,knock_once,17,-0.227936,6.512570,8.127024,-0.344597,-0.228915,0.159857
805570850.000,Miguel,recording,knock_once,17,-0.512241,6.598192,8.157919,-0.169520,-0.138541,0.212640
805570860.000,Miguel,recording,knock_once,17,-0.645841,6.706087,7.809227,-0.001154,-0.013562,0.298977
805570870.000,Miguel,recording,knock_once,17,-0.576959,6.859634,7.291614,0.129445,0.161380,0.414242
805570880.000,Miguel,recording,knock_once,17,-0.366875,6.901107,6.729073,0.201437,0.372454,0.532145
805570890.000,Miguel,recording,knock_once,17,-0.024011,6.791962,6.505971,0.221638,0.574364,0.616050
805570900.000,Miguel,recording,knock_once,17,0.301817,6.699034,6.563132,0.213389,0.732814,0.646842
805570910.000,Miguel,recording,knock_once,17,0.594335,6.776781,6.592109,0.189352,0.839744,0.632101
805570920.000,Miguel,recording,knock_once,17,0.635890,7.001179,6.667466,0.150885,0.888406,0.589583
805570930.000,Miguel,recording,knock_once,17,0.668390,7.073482,6.539322,0.089897,0.865944,0.535246
805570940.000,Miguel,recording,knock_once,17,0.715773,7.073432,6.478540,0.003409,0.766767,0.477702
805570950.000,Miguel,recording,knock_once,17,0.788134,7.089645,6.739968,-0.087142,0.594555,0.415747
805570960.000,Miguel,recording,knock_once,17,0.907389,7.072325,6.932535,-0.160260,0.366175,0.341758
805570970.000,Miguel,recording,knock_once,17,0.999518,7.059774,6.912904,-0.221114,0.127528,0.256664
805570980.000,Miguel,recording,knock_once,17,1.086190,6.988853,6.909976,-0.279809,-0.055794,0.171653
805570990.000,Miguel,recording,knock_once,17,1.062237,6.922734,7.189900,-0.329609,-0.151627,0.091080
805571000.000,Miguel,recording,knock_once,17,0.874147,6.884526,7.661237,-0.352152,-0.182873,0.013124
805571010.000,Miguel,recording,knock_once,17,0.561596,6.725675,7.920280,-0.338386,-0.189221,-0.053628
805571020.000,Miguel,recording,knock_once,17,0.199829,6.533498,8.051471,-0.297493,-0.189205,-0.089080
805571030.000,Miguel,recording,knock_once,17,-0.046144,6.416762,8.270510,-0.233244,-0.177832,-0.088126
805571040.000,Miguel,recording,knock_once,17,-0.120580,6.413992,8.498902,-0.137285,-0.151456,-0.063756
805571050.000,Miguel,recording,knock_once,17,-0.100687,6.382677,8.790033,-0.002406,-0.111490,-0.024435
805571060.000,Miguel,recording,knock_once,17,-0.079996,6.346010,9.034156,0.173075,-0.051488,0.027698
805571070.000,Miguel,recording,knock_once,17,0.029225,6.312519,9.078122,0.374755,0.036500,0.087899
805571080.000,Miguel,recording,knock_once,17,0.051631,6.444126,8.861811,0.570266,0.146195,0.150713
805571090.000,Miguel,recording,knock_once,17,0.059614,6.544102,8.386016,0.725243,0.251355,0.215279
805571100.000,Miguel,recording,knock_once,17,0.138991,6.597347,7.809932,0.816603,0.313109,0.277837
805571110.000,Miguel,recording,knock_once,17,0.209465,6.595926,7.220735,0.836427,0.302458,0.326924
805571120.000,Miguel,recording,knock_once,17,0.266210,6.592106,6.779048,0.790844,0.218014,0.352710
805571130.000,Miguel,recording,knock_once,17,0.327805,6.569610,6.455873,0.696084,0.082295,0.355574
805571140.000,Miguel,recording,knock_once,17,0.432049,6.582755,6.323006,0.574126,-0.069707,0.343471
805571150.000,Miguel,recording,knock_once,17,0.515308,6.633430,6.239299,0.445099,-0.201647,0.323471
805571160.000,Miguel,recording,knock_once,17,0.679339,6.676102,6.103721,0.315661,-0.286840,0.299863
805571170.000,Miguel,recording,knock_once,17,0.878214,6.751948,6.014445,0.187225,-0.319147,0.271648
805571180.000,Miguel,recording,knock_once,17,1.064800,6.789067,6.060140,0.070639,-0.316365,0.232632
805571190.000,Miguel,recording,knock_once,17,1.102555,6.865797,6.249444,-0.019807,-0.304063,0.183106
805571200.000,Miguel,recording,knock_once,17,0.960563,6.906013,6.427321,-0.076189,-0.294194,0.135393
805571210.000,Miguel,recording,knock_once,17,0.770717,6.881298,6.535600,-0.099797,-0.276691,0.107980
805571220.000,Miguel,recording,knock_once,17,0.651677,6.815407,6.729807,-0.094742,-0.232666,0.113342
805571230.000,Miguel,recording,knock_once,17,0.705400,6.713751,6.936853,-0.061913,-0.157451,0.143825
805571240.000,Miguel,recording,knock_once,17,0.875649,6.607990,7.051171,-0.004466,-0.063211,0.172875
805571250.000,Miguel,recording,knock_once,17,1.090798,6.495004,7.100019,0.068047,0.032604,0.178728
805571260.000,Miguel,recording,knock_once,17,1.211866,6.474469,7.048418,0.143037,0.114878,0.158034
805571270.000,Miguel,recording,knock_once,17,1.171897,6.591760,6.944788,0.208398,0.173755,0.121162
805571280.000,Miguel,recording,knock_once,17,1.089741,6.760815,6.796116,0.252104,0.207174,0.082230
805571290.000,Miguel,recording,knock_once,17,1.012125,6.862581,6.600966,0.265285,0.209526,0.050868
805571300.000,Miguel,recording,knock_once,17,0.935936,6.940874,6.432050,0.247073,0.174474,0.030678
805571310.000,Miguel,recording,knock_once,17,0.941151,6.989395,6.276437,0.200492,0.118534,0.017994
805571320.000,Miguel,recording,knock_once,17,0.989381,7.030559,6.168811,0.129594,0.066994,0.006229
805571330.000,Miguel,recording,knock_once,17,1.053662,7.077185,6.244426,0.048267,0.027760,-0.009394
805571340.000,Miguel,recording,knock_once,17,1.032441,7.055291,6.343160,-0.024147,-0.009499,-0.027891
805571350.000,Miguel,recording,knock_once,17,0.937900,7.013518,6.391092,-0.081288,-0.052534,-0.042438
805571360.000,Miguel,recording,knock_once,17,0.760749,7.032613,6.444018,-0.128515,-0.097884,-0.048229
805571370.000,Miguel,recording,knock_once,17,0.635138,7.026068,6.556217,-0.166777,-0.141744,-0.044595
805571380.000,Miguel,recording,knock_once,17,0.587215,6.954014,6.659200,-0.191587,-0.181933,-0.035435
805571390.000,Miguel,recording,knock_once,17,0.594528,6.957546,6.762447,-0.200881,-0.207149,-0.025641
805571400.000,Miguel,recording,knock_once,17,0.596848,6.982933,6.884830,-0.194160,-0.199018,-0.014888
805571410.000,Miguel,recording,knock_once,17,0.582273,7.000662,7.117513,-0.166970,-0.153715,-0.000304
805571420.000,Miguel,recording,knock_once,17,0.559070,6.966941,7.313832,-0.118367,-0.088581,0.019889
805571430.000,Miguel,recording,knock_once,17,0.505881,6.995735,7.356501,-0.057780,-0.027915,0.045009
805571440.000,Miguel,recording,knock_once,17,0.504035,7.010668,7.213659,-0.001033,0.014028,0.071941
805571450.000,Miguel,recording,knock_once,17,0.521021,7.060974,7.039866,0.039363,0.034778,0.096494
805571460.000,Miguel,recording,knock_once,17,0.516496,7.146794,6.968453,0.061808,0.038622,0.117655
805571470.000,Miguel,recording,knock_once,17,0.477009,7.160899,7.002676,0.073312,0.029506,0.139678
805571480.000,Miguel,recording,knock_once,17,0.418924,7.096200,7.042589,0.082474,0.003048,0.165616
805571490.000,Miguel,recording,knock_once,17,0.397625,7.018528,7.080942,0.092957,-0.045521,0.191727
805571500.000,Miguel,recording,knock_once,17,0.286912,7.055378,7.061047,0.099711,-0.119410,0.214858
805571510.000,Miguel,recording,knock_once,17,0.203534,7.085537,6.796889,0.088570,-0.218381,0.239838
805571520.000,Miguel,recording,knock_once,17,0.105376,7.224210,6.519931,0.051932,-0.331507,0.273129
805571530.000,Miguel,recording,knock_once,17,-0.133752,7.352540,6.577275,0.002473,-0.450536,0.320013
805571540.000,Miguel,recording,knock_once,17,-0.082020,7.231512,6.766324,-0.039724,-0.576761,0.388153
805571550.000,Miguel,recording,knock_once,17,-0.185766,7.458415,6.943383,-0.067056,-0.727693,0.468036
805571560.000,Miguel,recording,knock_once,17,0.021940,7.621761,6.105391,-0.106017,-0.903589,0.546277
805571570.000,Miguel,recording,knock_once,17,1.514419,7.129048,5.009870,-0.171170,-1.075227,0.640389
805571580.000,Miguel,recording,knock_once,17,6.227761,6.618603,4.737839,-0.203939,-1.264899,0.698510
805571590.000,Miguel,recording,knock_once,17,6.877730,9.095960,5.924508,-0.168429,-1.444153,0.545999
805571600.000,Miguel,recording,knock_once,17,6.354648,9.025481,5.876286,-0.136312,-1.380338,0.152584
805571610.000,Miguel,recording,knock_once,17,3.265706,7.183786,5.937585,-0.170806,-0.941398,-0.299392
805571620.000,Miguel,recording,knock_once,17,1.123628,5.964032,6.400864,-0.221853,-0.350936,-0.636765
805571630.000,Miguel,recording,knock_once,17,-0.258381,5.412896,6.851347,-0.212698,0.105802,-0.767623
805571640.000,Miguel,recording,knock_once,17,-1.051181,5.268730,7.120285,-0.139466,0.348881,-0.692827
805571650.000,Miguel,recording,knock_once,17,-1.292594,5.400217,7.105603,-0.051992,0.448076,-0.489543
805571660.000,Miguel,recording,knock_once,17,-0.965476,5.795639,6.999662,0.000932,0.477276,-0.253672
805571670.000,Miguel,recording,knock_once,17,-0.323124,6.131145,6.747609,-0.005512,0.452963,-0.053502
805571680.000,Miguel,recording,knock_once,17,0.268813,6.363953,6.378714,-0.076423,0.358006,0.085718
805571690.000,Miguel,recording,knock_once,17,0.934057,6.477564,6.155665,-0.200912,0.185281,0.166744
805571700.000,Miguel,recording,knock_once,17,1.548994,6.528626,6.113040,-0.353126,-0.052031,0.199463
805571710.000,Miguel,recording,knock_once,17,2.006747,6.576378,6.155379,-0.506054,-0.344315,0.196473
805571720.000,Miguel,recording,knock_once,17,2.223954,6.539022,6.146879,-0.652259,-0.653708,0.175888
805571730.000,Miguel,recording,knock_once,17,2.300833,6.411681,6.237496,-0.796460,-0.873589,0.150593
805571740.000,Miguel,recording,knock_once,17,2.435904,6.353525,6.847775,-0.913276,-0.916257,0.112974
805571750.000,Miguel,recording,knock_once,17,2.570639,6.374444,7.711681,-0.944957,-0.816172,0.055502
805571760.000,Miguel,recording,knock_once,17,2.525956,6.395365,8.402910,-0.859186,-0.669384,-0.004482
805571770.000,Miguel,recording,knock_once,17,2.383434,6.390250,8.732328,-0.676745,-0.513864,-0.042043
805571780.000,Miguel,recording,knock_once,17,2.245938,6.433461,8.863956,-0.443062,-0.331175,-0.051900
805571790.000,Miguel,recording,knock_once,17,2.197006,6.482489,8.724868,-0.196306,-0.112453,-0.047010
805571800.000,Miguel,recording,knock_once,17,2.177732,6.465490,8.366099,0.032576,0.120775,-0.038441
805571810.000,Miguel,recording,knock_once,17,2.178146,6.486585,7.954749,0.219934,0.333173,-0.030638
805571820.000,Miguel,recording,knock_once,17,2.189950,6.517445,7.606658,0.353582,0.496444,-0.029133
805571830.000,Miguel,recording,knock_once,17,2.195522,6.517275,7.271115,0.425981,0.602656,-0.038123
805571840.000,Miguel,recording,knock_once,17,2.156118,6.574332,6.982229,0.433898,0.652510,-0.057358
805571850.000,Miguel,recording,knock_once,17,2.082918,6.579650,6.823166,0.384365,0.633257,-0.084220
805571860.000,Miguel,recording,knock_once,17,2.001194,6.508587,6.837870,0.294827,0.526347,-0.116560
805571870.000,Miguel,recording,knock_once,17,1.897359,6.472846,6.850772,0.183683,0.342508,-0.152354
805571880.000,Miguel,recording,knock_once,17,1.821998,6.497252,6.778887,0.061541,0.127420,-0.185857
805571890.000,Miguel,recording,knock_once,17,1.782749,6.565357,6.709127,-0.065250,-0.070816,-0.212157
805571900.000,Miguel,recording,knock_once,17,1.771404,6.580769,6.602092,-0.185359,-0.221722,-0.229486
805571910.000,Miguel,recording,knock_once,17,1.724266,6.567294,6.766483,-0.279001,-0.314004,-0.237503
805571920.000,Miguel,recording,knock_once,17,1.538666,6.615268,7.129012,-0.326089,-0.353760,-0.236179
805571930.000,Miguel,recording,knock_once,17,1.321657,6.542848,7.394121,-0.320894,-0.352854,-0.219178
805571940.000,Miguel,recording,knock_once,17,1.222331,6.447464,7.508278,-0.274789,-0.315522,-0.181350
805571950.000,Miguel,recording,knock_once,17,1.337398,6.404361,7.581391,-0.203520,-0.256138,-0.137073
805571960.000,Miguel,recording,knock_once,17,1.587241,6.255543,7.715171,-0.119996,-0.220922,-0.115305
805571970.000,Miguel,recording,knock_once,17,1.919458,6.006701,7.789247,-0.037726,-0.244126,-0.136080
805571980.000,Miguel,recording,knock_once,17,2.195928,5.950768,7.704278,0.028009,-0.305237,-0.198304
805571990.000,Miguel,recording,knock_once,17,2.246965,6.037790,7.488104,0.065306,-0.359878,-0.286768
805572000.000,Miguel,recording,knock_once,17,2.097815,6.221996,7.236518,0.068919,-0.384118,-0.376858
805572010.000,Miguel,recording,knock_once,17,1.841747,6.368070,7.029401,0.044785,-0.380026,-0.440450
805572020.000,Miguel,recording,knock_once,17,1.618319,6.490095,6.948264,0.009855,-0.357317,-0.463448
805572030.000,Miguel,recording,knock_once,17,1.410625,6.640210,6.916278,-0.020115,-0.325902,-0.449317
805572040.000,Miguel,recording,knock_once,17,1.320065,6.746331,6.805282,-0.042177,-0.284104,-0.409757
805572050.000,Miguel,recording,knock_once,17,1.378885,6.709834,6.682639,-0.058220,-0.212153,-0.359140
805572060.000,Miguel,recording,knock_once,17,1.604935,6.624353,6.665911,-0.062357,-0.095387,-0.315266
805572070.000,Miguel,recording,knock_once,17,1.893118,6.532292,6.687724,-0.048336,0.055887,-0.294240
805572080.000,Miguel,recording,knock_once,17,2.133895,6.488863,6.742089,-0.017864,0.222448,-0.304583
805572090.000,Miguel,recording,knock_once,17,2.069510,6.484449,6.845501,0.024795,0.396731,-0.345188
805572100.000,Miguel,recording,knock_once,17,1.801360,6.486286,6.964964,0.077504,0.576394,-0.396392
805572110.000,Miguel,recording,knock_once,17,1.483552,6.430456,7.046326,0.138881,0.752664,-0.430464
805572120.000,Miguel,recording,knock_once,17,1.259683,6.442844,7.140628,0.210478,0.907447,-0.436595
805572130.000,Miguel,recording,knock_once,17,1.071676,6.547776,7.156295,0.287729,1.014774,-0.424910
805572140.000,Miguel,recording,knock_once,17,0.902347,6.552225,6.966779,0.348551,1.058132,-0.409208
805572150.000,Miguel,recording,knock_once,17,0.682936,6.531706,6.714493,0.371686,1.043378,-0.394856
805572160.000,Miguel,recording,knock_once,17,0.326602,6.616284,6.560475,0.354179,0.981308,-0.377828
805572170.000,Miguel,recording,knock_once,17,-0.040130,6.680229,6.346721,0.300883,0.879677,-0.347341
805572180.000,Miguel,recording,knock_once,17,-0.271606,6.723876,6.137007,0.214481,0.753246,-0.294336
805572190.000,Miguel,recording,knock_once,17,-0.296358,6.789979,6.053881,0.102788,0.618833,-0.218971
805572200.000,Miguel,recording,knock_once,17,-0.008551,6.804116,6.206169,-0.017569,0.479339,-0.138403
805572210.000,Miguel,recording,knock_once,17,0.432984,6.760461,6.402551,-0.133470,0.330372,-0.083101
805572220.000,Miguel,recording,knock_once,17,0.600868,6.758227,6.626243,-0.240216,0.179722,-0.069347
805572230.000,Miguel,recording,knock_once,17,0.549097,6.729873,6.833493,-0.332283,0.035649,-0.085428
805572240.000,Miguel,recording,knock_once,17,0.380210,6.633396,6.966360,-0.403191,-0.098726,-0.106703
805572250.000,Miguel,recording,knock_once,17,0.146974,6.583761,7.010470,-0.450285,-0.206691,-0.114106
805572260.000,Miguel,recording,knock_once,17,-0.031386,6.612626,7.109131,-0.473642,-0.266172,-0.100813
805572270.000,Miguel,recording,knock_once,17,-0.082115,6.594751,7.225508,-0.471622,-0.271155,-0.072124
805572280.000,Miguel,recording,knock_once,17,0.003769,6.610146,7.351656,-0.440523,-0.224986,-0.040189
805572290.000,Miguel,recording,knock_once,17,0.129272,6.694725,7.514419,-0.380698,-0.128790,-0.013699
805572300.000,Miguel,recording,knock_once,17,0.213878,6.770084,7.648392,-0.297307,0.006660,0.006625
805572310.000,Miguel,recording,knock_once,17,0.186726,6.863276,7.774936,-0.197575,0.154710,0.025852
805572320.000,Miguel,recording,knock_once,17,0.067252,6.916924,7.861067,-0.093283,0.283262,0.051066
805572330.000,Miguel,recording,knock_once,17,-0.170704,6.959690,7.782662,-0.003753,0.361517,0.086777
805572340.000,Miguel,recording,knock_once,17,-0.311491,6.853092,7.447967,0.049370,0.375275,0.129580
805572350.000,Miguel,recording,knock_once,17,-0.234701,6.672228,7.125272,0.056232,0.341479,0.167616
805572360.000,Miguel,recording,knock_once,17,0.031465,6.472800,7.019129,0.025187,0.287216,0.184142
805572370.000,Miguel,recording,knock_once,17,0.427273,6.383458,6.967889,-0.026928,0.223941,0.167165
805572380.000,Miguel,recording,knock_once,17,0.714043,6.416281,6.990663,-0.082072,0.156813,0.121119
805572390.000,Miguel,recording,knock_once,17,0.799786,6.419167,7.017702,-0.125495,0.104275,0.065413
805572400.000,Miguel,recording,knock_once,17,0.707175,6.387472,6.995106,-0.150460,0.090331,0.019422
805572410.000,Miguel,recording,knock_once,18,0.538101,6.364190,6.904129,-0.158377,0.128913,-0.005872
805572420.000,Miguel,recording,knock_once,18,0.408456,6.297597,6.785959,-0.153104,0.215985,-0.008065
805572430.000,Miguel,recording,knock_once,18,0.492235,6.024546,6.696188,-0.127143,0.342436,-0.000098
805572440.000,Miguel,recording,knock_once,18,0.816977,5.733598,6.953731,-0.063397,0.519350,-0.005236
805572450.000,Miguel,recording,knock_once,18,1.236635,5.722778,7.171163,0.038811,0.766776,-0.038048
805572460.000,Miguel,recording,knock_once,18,1.643460,5.973365,6.871004,0.151792,1.092620,-0.093074
805572470.000,Miguel,recording,knock_once,18,1.694869,6.318036,6.472712,0.248407,1.482416,-0.153045
805572480.000,Miguel,recording,knock_once,18,1.252589,6.496119,6.056656,0.320709,1.886608,-0.201393
805572490.000,Miguel,recording,knock_once,18,0.583015,6.343009,5.608462,0.353519,2.227956,-0.228394
805572500.000,Miguel,recording,knock_once,18,-0.018672,6.262309,5.151028,0.316287,2.433996,-0.237288
805572510.000,Miguel,recording,knock_once,18,-0.412346,6.317091,4.804396,0.188611,2.459637,-0.237431
805572520.000,Miguel,recording,knock_once,18,-0.905450,6.209056,4.751899,-0.052236,2.048026,-0.237871
805572530.000,Miguel,recording,knock_once,18,-3.742702,6.047437,7.580497,-0.471225,0.823678,-0.218050
805572540.000,Miguel,recording,knock_once,18,-3.896893,6.686013,6.588562,-1.062967,-0.753328,-0.106613
805572550.000,Miguel,recording,knock_once,18,-2.501935,6.300829,6.776714,-1.646770,-1.789986,0.083557
805572560.000,Miguel,recording,knock_once,18,-0.173091,5.816401,6.108291,-2.056929,-2.078002,0.216370
805572570.000,Miguel,recording,knock_once,18,0.937353,5.314544,7.264253,-2.244186,-1.931573,0.220388
805572580.000,Miguel,recording,knock_once,18,1.363669,5.183578,8.181626,-2.231196,-1.700072,0.142011
805572590.000,Miguel,recording,knock_once,18,0.794381,5.270083,9.365291,-2.099760,-1.538912,0.066319
805572600.000,Miguel,recording,knock_once,18,0.038653,5.333731,10.092593,-1.917650,-1.453417,0.052568
805572610.000,Miguel,recording,knock_once,18,-0.599863,5.291518,10.635258,-1.702675,-1.389328,0.112132
805572620.000,Miguel,recording,knock_once,18,-0.546699,5.451612,11.451673,-1.446509,-1.304625,0.234039
805572630.000,Miguel,recording,knock_once,18,0.022137,5.579691,12.113775,-1.146367,-1.183888,0.395856
805572640.000,Miguel,recording,knock_once,18,0.848814,5.572687,12.501029,-0.798849,-1.024769,0.563392
805572650.000,Miguel,recording,knock_once,18,1.452269,5.333557,12.263139,-0.397194,-0.853805,0.705275
805572660.000,Miguel,recording,knock_once,18,1.482803,4.935295,11.807444,0.037294,-0.713634,0.798435
805572670.000,Miguel,recording,knock_once,18,1.453903,4.301099,10.778249,0.412292,-0.634413,0.786409
805572680.000,Miguel,recording,knock_once,18,1.880484,3.519989,9.152422,0.604461,-0.638498,0.593317
805572690.000,Miguel,recording,knock_once,18,1.828999,3.552497,8.253266,0.617388,-0.704334,0.283355
805572700.000,Miguel,recording,knock_once,18,1.237270,4.398669,8.635944,0.593256,-0.777919,0.043116
805572710.000,Miguel,recording,knock_once,18,1.320425,5.393075,8.958927,0.613382,-0.857869,-0.058840
805572720.000,Miguel,recording,knock_once,18,1.988404,6.196036,8.610050,0.629116,-0.954600,-0.091099
805572730.000,Miguel,recording,knock_once,18,2.632333,6.574016,7.995339,0.581355,-1.032930,-0.125406
805572740.000,Miguel,recording,knock_once,18,2.876967,6.412173,7.731413,0.445511,-1.043327,-0.211035
805572750.000,Miguel,recording,knock_once,18,2.611076,6.001336,7.511558,0.255066,-0.970334,-0.344942
805572760.000,Miguel,recording,knock_once,18,2.067406,5.200991,8.525456,0.153756,-0.854190,-0.457683
805572770.000,Miguel,recording,knock_once,18,1.777277,4.656450,9.010095,0.211600,-0.693227,-0.520551
805572780.000,Miguel,recording,knock_once,18,1.862063,4.785491,9.575819,0.383264,-0.494685,-0.562200
805572790.000,Miguel,recording,knock_once,18,2.028460,5.167527,9.502626,0.617391,-0.327648,-0.600805
805572800.000,Miguel,recording,knock_once,18,2.040807,5.437941,9.031526,0.836636,-0.246252,-0.639425
805572810.000,Miguel,recording,knock_once,18,1.926460,5.639786,8.218231,0.997657,-0.270786,-0.694969
805572820.000,Miguel,recording,knock_once,18,2.091451,6.344216,7.919454,1.086110,-0.361155,-0.797887
805572830.000,Miguel,recording,knock_once,18,1.503727,6.128794,6.953596,1.056474,-0.454611,-0.909814
805572840.000,Miguel,recording,knock_once,18,0.796310,5.764741,6.286599,0.925334,-0.534190,-0.962972
805572850.000,Miguel,recording,knock_once,18,0.506127,5.410965,6.160750,0.773768,-0.590575,-0.962775
805572860.000,Miguel,recording,knock_once,18,0.287057,5.411355,6.450435,0.641138,-0.570254,-0.946417
805572870.000,Miguel,recording,knock_once,18,-0.020907,5.693210,6.925040,0.564153,-0.461079,-0.925610
805572880.000,Miguel,recording,knock_once,18,-0.006764,6.069397,7.357846,0.583588,-0.319787,-0.889833
805572890.000,Miguel,recording,knock_once,18,0.289103,6.344231,7.481755,0.686419,-0.150226,-0.838493
805572900.000,Miguel,recording,knock_once,18,0.425526,6.595067,7.432980,0.813954,0.072784,-0.790642
805572910.000,Miguel,recording,knock_once,18,0.287562,6.586609,7.078262,0.921362,0.300110,-0.759332
805572920.000,Miguel,recording,knock_once,18,0.233941,6.413210,6.711678,1.000939,0.486922,-0.746986
805572930.000,Miguel,recording,knock_once,18,0.219750,6.396315,6.545783,1.068988,0.655827,-0.754741
805572940.000,Miguel,recording,knock_once,18,0.171894,6.531114,6.495691,1.139106,0.808750,-0.774610
805572950.000,Miguel,recording,knock_once,18,-0.015085,6.819777,6.460268,1.189170,0.864805,-0.773866
805572960.000,Miguel,recording,knock_once,18,-0.212002,7.159781,6.487573,1.168599,0.755391,-0.708304
805572970.000,Miguel,recording,knock_once,18,-0.230224,7.558953,6.818086,1.074508,0.523144,-0.563037
805572980.000,Miguel,recording,knock_once,18,0.008042,7.661464,7.019247,0.963705,0.293524,-0.372386
805572990.000,Miguel,recording,knock_once,18,0.481272,7.679929,6.952340,0.861126,0.192031,-0.209732
805573000.000,Miguel,recording,knock_once,18,0.926610,7.460069,6.684933,0.751299,0.229690,-0.128953
805573010.000,Miguel,recording,knock_once,18,1.021233,7.218532,6.429359,0.627750,0.326504,-0.119863
805573020.000,Miguel,recording,knock_once,18,0.838562,7.152913,6.167221,0.494010,0.438573,-0.141963
805573030.000,Miguel,recording,knock_once,18,0.423368,7.234902,5.929793,0.356051,0.553448,-0.158100
805573040.000,Miguel,recording,knock_once,18,-0.034978,7.317580,5.731973,0.215716,0.644719,-0.145090
805573050.000,Miguel,recording,knock_once,18,-0.284806,7.391457,5.613310,0.076197,0.686466,-0.102864
805573060.000,Miguel,recording,knock_once,18,-0.289054,7.396698,5.674841,-0.052015,0.674344,-0.046564
805573070.000,Miguel,recording,knock_once,18,-0.095571,7.345718,5.846142,-0.156549,0.619233,0.005820
805573080.000,Miguel,recording,knock_once,18,0.258002,7.252752,6.113377,-0.220121,0.544804,0.035706
805573090.000,Miguel,recording,knock_once,18,0.680909,7.141892,6.415480,-0.223792,0.467066,0.025457
805573100.000,Miguel,recording,knock_once,18,0.925106,7.037204,6.580880,-0.167431,0.357650,-0.034166
805573110.000,Miguel,recording,knock_once,18,0.668031,6.939495,6.595356,-0.074854,0.176905,-0.120323
805573120.000,Miguel,recording,knock_once,18,0.027666,7.056066,6.709087,0.033946,-0.043430,-0.180987
805573130.000,Miguel,recording,knock_once,18,-0.431926,7.063647,6.611277,0.146185,-0.224418,-0.184011
805573140.000,Miguel,recording,knock_once,18,-0.670772,6.958943,6.314426,0.238585,-0.337523,-0.136640
805573150.000,Miguel,recording,knock_once,18,-0.656734,6.911676,6.051071,0.295651,-0.396361,-0.067296
805573160.000,Miguel,recording,knock_once,18,-0.415746,6.994272,5.734475,0.315839,-0.406762,-0.006811
805573170.000,Miguel,recording,knock_once,18,-0.064245,7.124536,5.383599,0.297098,-0.373092,0.024601
805573180.000,Miguel,recording,knock_once,18,0.403922,7.224672,5.113490,0.243037,-0.296169,0.019163
805573190.000,Miguel,recording,knock_once,18,0.807095,7.270478,4.962287,0.165207,-0.177916,-0.021188
805573200.000,Miguel,recording,knock_once,18,1.110201,7.436937,5.056759,0.075625,-0.051344,-0.090231
805573210.000,Miguel,recording,knock_once,18,1.455680,7.759774,5.745606,0.000245,0.054312,-0.179088
805573220.000,Miguel,recording,knock_once,18,2.032010,7.890313,6.208741,-0.021699,0.192502,-0.275458
805573230.000,Miguel,recording,knock_once,18,2.197752,7.477100,6.387047,0.016239,0.388623,-0.366123
805573240.000,Miguel,recording,knock_once,18,1.474832,7.027472,6.201194,0.075360,0.509589,-0.443623
805573250.000,Miguel,recording,knock_once,18,-0.533922,6.950998,6.060367,0.122051,0.408674,-0.496508
805573260.000,Miguel,recording,knock_once,18,-7.614705,6.887796,6.485769,0.176818,0.139787,-0.486372
805573270.000,Miguel,recording,knock_once,18,-4.567234,7.457177,7.149310,0.263824,-0.051471,-0.376780
805573280.000,Miguel,recording,knock_once,18,-2.980258,8.079696,6.785573,0.318988,-0.064341,-0.183413
805573290.000,Miguel,recording,knock_once,18,-0.140669,7.587294,6.512689,0.273981,-0.068302,0.015351
805573300.000,Miguel,recording,knock_once,18,1.184192,7.757133,6.204429,0.151879,-0.160530,0.122599
805573310.000,Miguel,recording,knock_once,18,2.345743,7.604530,5.958023,-0.009709,-0.273740,0.076459
805573320.000,Miguel,recording,knock_once,18,1.859975,7.309087,5.696798,-0.201644,-0.338732,-0.090428
805573330.000,Miguel,recording,knock_once,18,0.692767,7.319622,5.903071,-0.404908,-0.332030,-0.255222
805573340.000,Miguel,recording,knock_once,18,-0.616113,7.189923,6.609476,-0.578739,-0.268422,-0.318395
805573350.000,Miguel,recording,knock_once,18,-1.404835,6.895015,7.273102,-0.683481,-0.181380,-0.268263
805573360.000,Miguel,recording,knock_once,18,-1.460998,6.743424,7.758378,-0.706248,-0.105388,-0.152383
805573370.000,Miguel,recording,knock_once,18,-0.922254,6.633368,8.050732,-0.656711,-0.044692,-0.028132
805573380.000,Miguel,recording,knock_once,18,-0.033646,6.595903,8.329409,-0.549802,0.021804,0.061042
805573390.000,Miguel,recording,knock_once,18,0.452354,6.696248,8.272215,-0.411434,0.102533,0.096971
805573400.000,Miguel,recording,knock_once,18,0.682181,6.860567,7.912651,-0.281905,0.185815,0.086771
805573410.000,Miguel,recording,knock_once,18,0.590624,6.912270,7.428694,-0.195137,0.253410,0.051359
805573420.000,Miguel,recording,knock_once,18,0.201153,6.960849,7.041833,-0.163014,0.293549,0.015343
805573430.000,Miguel,recording,knock_once,18,-0.262179,6.994152,6.781525,-0.176873,0.311542,-0.001581
805573440.000,Miguel,recording,knock_once,18,-0.594848,7.030153,6.586799,-0.222185,0.322054,0.006518
805573450.000,Miguel,recording,knock_once,18,-0.752382,7.003795,6.458035,-0.284437,0.331685,0.032212
805573460.000,Miguel,recording,knock_once,18,-0.694972,6.921884,6.469418,-0.345061,0.347466,0.057495
805573470.000,Miguel,recording,knock_once,18,-0.357775,6.787568,6.457321,-0.392501,0.376894,0.064410
805573480.000,Miguel,recording,knock_once,18,-0.363946,6.867368,6.532152,-0.430708,0.379117,0.060793
805573490.000,Miguel,recording,knock_once,18,-0.610540,7.113639,6.971975,-0.452633,0.318277,0.070414
805573500.000,Miguel,recording,knock_once,18,-0.531778,7.107727,7.234273,-0.435961,0.250275,0.093483
805573510.000,Miguel,recording,knock_once,18,-0.344730,6.860401,7.265667,-0.381653,0.226747,0.110129
805573520.000,Miguel,recording,knock_once,18,-0.240694,6.656827,7.230748,-0.311839,0.226129,0.111991
805573530.000,Miguel,recording,knock_once,18,-0.283256,6.653810,7.205599,-0.238990,0.221889,0.108020
805573540.000,Miguel,recording,knock_once,18,-0.346681,6.754322,7.208016,-0.164396,0.213241,0.106493
805573550.000,Miguel,recording,knock_once,18,-0.369745,6.814989,7.089412,-0.092265,0.201704,0.104363
805573560.000,Miguel,recording,knock_once,18,-0.370196,6.856580,6.956456,-0.031198,0.179150,0.094242
805573570.000,Miguel,recording,knock_once,18,-0.363753,6.881513,6.827293,0.012411,0.138566,0.076813
805573580.000,Miguel,recording,knock_once,18,-0.411904,6.968045,6.727266,0.033686,0.080692,0.063538
805573590.000,Miguel,recording,knock_once,18,-0.531449,7.055279,6.704990,0.031262,0.014336,0.064072
805573600.000,Miguel,recording,knock_once,18,-0.584938,7.014803,6.679584,0.008719,-0.044185,0.076537
805573610.000,Miguel,recording,knock_once,18,-0.575113,6.879385,6.684086,-0.028007,-0.084234,0.092787
805573620.000,Miguel,recording,knock_once,18,-0.556028,6.762064,6.763384,-0.069872,-0.108878,0.108357
805573630.000,Miguel,recording,knock_once,18,-0.565712,6.731880,6.923454,-0.106928,-0.122610,0.125299
805573640.000,Miguel,recording,knock_once,18,-0.458284,6.675267,7.198969,-0.128706,-0.121574,0.143563
805573650.000,Miguel,recording,knock_once,18,-0.211114,6.599735,7.479184,-0.126529,-0.100181,0.154894
805573660.000,Miguel,recording,knock_once,18,-0.133021,6.456422,7.688219,-0.098445,-0.066691,0.152878
805573670.000,Miguel,recording,knock_once,18,-0.155246,6.451974,7.806865,-0.047530,-0.029422,0.142531
805573680.000,Miguel,recording,knock_once,18,-0.196151,6.556191,7.752643,0.016871,0.012279,0.130863
805573690.000,Miguel,recording,knock_once,18,-0.276195,6.668887,7.483227,0.076838,0.045776,0.118372
805573700.000,Miguel,recording,knock_once,18,-0.419481,6.736494,7.144986,0.112838,0.053116,0.107657
805573710.000,Miguel,recording,knock_once,18,-0.606187,6.737715,6.742178,0.113796,0.033879,0.107292
805573720.000,Miguel,recording,knock_once,18,-0.755621,6.744757,6.415516,0.080036,-0.002024,0.122753
805573730.000,Miguel,recording,knock_once,18,-0.656519,6.783553,6.404264,0.025657,-0.044228,0.149062
805573740.000,Miguel,recording,knock_once,18,-0.318645,6.752223,6.583933,-0.025199,-0.075581,0.169612
805573750.000,Miguel,recording,knock_once,18,0.014410,6.617791,6.849870,-0.052930,-0.084690,0.166602
805573760.000,Miguel,recording,knock_once,18,0.258858,6.598763,7.098746,-0.051113,-0.078189,0.137855
805573770.000,Miguel,recording,knock_once,18,0.289951,6.676596,7.348043,-0.023899,-0.059685,0.096171
805573780.000,Miguel,recording,knock_once,18,0.292483,6.783670,7.328564,0.014608,-0.019826,0.052652
805573790.000,Miguel,recording,knock_once,18,0.280467,6.809338,7.108829,0.043022,0.040727,0.010924
805573800.000,Miguel,recording,knock_once,18,0.122488,6.869132,6.845006,0.044013,0.100502,-0.026327
805573810.000,Miguel,recording,knock_once,18,-0.176835,6.985199,6.655445,0.016787,0.137141,-0.050518
805573820.000,Miguel,recording,knock_once,18,-0.481599,7.045383,6.570065,-0.027154,0.141695,-0.053178
805573830.000,Miguel,recording,knock_once,18,-0.612389,7.044075,6.618959,-0.075252,0.117250,-0.037275
805573840.000,Miguel,recording,knock_once,18,-0.624312,6.983311,6.754702,-0.114100,0.079354,-0.012587
805573850.000,Miguel,recording,knock_once,18,-0.512384,6.879269,6.854334,-0.136031,0.044964,0.012813
805573860.000,Miguel,recording,knock_once,18,-0.268413,6.769197,6.980455,-0.141880,0.018644,0.030359
805573870.000,Miguel,recording,knock_once,18,-0.004990,6.713709,7.128488,-0.131503,0.003694,0.029174
805573880.000,Miguel,recording,knock_once,18,0.140082,6.660721,7.288481,-0.101665,0.005234,0.006548
805573890.000,Miguel,recording,knock_once,18,0.241248,6.673856,7.396739,-0.056697,0.014914,-0.029475
805573900.000,Miguel,recording,knock_once,18,0.233513,6.727449,7.473821,-0.007138,0.020951,-0.069413
805573910.000,Miguel,recording,knock_once,18,0.117501,6.752060,7.439518,0.038732,0.020370,-0.104298
805573920.000,Miguel,recording,knock_once,18,-0.108747,6.776429,7.347264,0.073904,0.008139,-0.125187
805573930.000,Miguel,recording,knock_once,18,-0.316873,6.851601,7.306721,0.094555,-0.019205,-0.127585
805573940.000,Miguel,recording,knock_once,18,-0.448460,6.899988,7.242810,0.102292,-0.056106,-0.113561
805573950.000,Miguel,recording,knock_once,18,-0.519552,6.858143,7.206551,0.100574,-0.094158,-0.088342
805573960.000,Miguel,recording,knock_once,18,-0.561881,6.800805,7.242944,0.094938,-0.124732,-0.055775
805573970.000,Miguel,recording,knock_once,18,-0.518053,6.746892,7.338926,0.096818,-0.142042,-0.020299
805573980.000,Miguel,recording,knock_once,18,-0.308586,6.671616,7.523955,0.119810,-0.142203,0.008601
805573990.000,Miguel,recording,knock_once,18,-0.149883,6.616560,7.595625,0.166306,-0.125475,0.019658
805574000.000,Miguel,recording,knock_once,18,-0.081992,6.628399,7.491591,0.222777,-0.103102,0.011066
805574010.000,Miguel,recording,knock_once,18,-0.117231,6.687071,7.252096,0.271134,-0.086313,-0.008119
805574020.000,Miguel,recording,knock_once,18,-0.191192,6.741913,6.930025,0.297458,-0.076771,-0.028023
805574030.000,Miguel,recording,knock_once,18,-0.326304,6.799449,6.669491,0.294669,-0.074345,-0.041086
805574040.000,Miguel,recording,knock_once,18,-0.345216,6.903420,6.583012,0.267825,-0.078120,-0.045007
805574050.000,Miguel,recording,knock_once,18,-0.339097,6.928664,6.604617,0.232579,-0.079595,-0.043436
805574060.000,Miguel,recording,knock_once,18,-0.407963,6.890232,6.655414,0.203194,-0.073273,-0.038319
805574070.000,Miguel,recording,knock_once,18,-0.494685,6.842196,6.662446,0.184953,-0.065585,-0.028164
805574080.000,Miguel,recording,knock_once,18,-0.541960,6.857166,6.624518,0.173167,-0.065085,-0.013968
805574090.000,Miguel,recording,knock_once,18,-0.450796,6.862463,6.511388,0.159038,-0.071923,-0.001146
805574100.000,Miguel,recording,knock_once,18,-0.277048,6.850082,6.417799,0.136194,-0.075446,0.003846
805574110.000,Miguel,recording,knock_once,18,-0.113821,6.856199,6.381139,0.103309,-0.063718,-0.001474
805574120.000,Miguel,recording,knock_once,18,-0.025407,6.888352,6.382548,0.062446,-0.033325,-0.013609
805574130.000,Miguel,recording,knock_once,18,-0.102316,6.907667,6.444814,0.017139,0.007419,-0.026290
805574140.000,Miguel,recording,knock_once,18,-0.254288,6.920304,6.527380,-0.026492,0.046837,-0.030817
805574150.000,Miguel,recording,knock_once,18,-0.427636,6.931780,6.627946,-0.061158,0.080131,-0.019603
805574160.000,Miguel,recording,knock_once,18,-0.458777,6.959778,6.692834,-0.084750,0.103990,0.004602
805574170.000,Miguel,recording,knock_once,18,-0.358906,7.003907,6.735978,-0.100091,0.110306,0.029483
805574180.000,Miguel,recording,knock_once,18,-0.110767,7.058910,6.836695,-0.107354,0.092091,0.041077
805574190.000,Miguel,recording,knock_once,18,0.075915,7.130844,6.945914,-0.102737,0.051933,0.031377
805574200.000,Miguel,recording,knock_once,18,0.172387,7.151422,7.077624,-0.083758,0.003427,0.003950
805574210.000,Miguel,recording,knock_once,18,0.177609,7.128747,7.148120,-0.053295,-0.039581,-0.031010
805574220.000,Miguel,recording,knock_once,18,0.099535,7.123104,7.191359,-0.015995,-0.075566,-0.065263
805574230.000,Miguel,recording,knock_once,18,0.074421,7.119714,7.317262,0.029402,-0.109826,-0.096765
805574240.000,Miguel,recording,knock_once,18,0.275174,7.142992,7.544447,0.092242,-0.143613,-0.130686
805574250.000,Miguel,recording,knock_once,18,0.565803,7.124336,7.821900,0.180604,-0.176709,-0.179299
805574260.000,Miguel,recording,knock_once,18,1.096833,7.206905,8.124741,0.297078,-0.202537,-0.252185
805574270.000,Miguel,recording,knock_once,18,1.372201,7.316071,8.115880,0.434019,-0.207921,-0.343032
805574280.000,Miguel,recording,knock_once,18,0.945068,7.317279,7.669495,0.565297,-0.209196,-0.424456
805574290.000,Miguel,recording,knock_once,18,-0.179363,7.353240,7.251956,0.669191,-0.254599,-0.458940
805574300.000,Miguel,recording,knock_once,18,-2.001191,7.132720,7.161783,0.756644,-0.355097,-0.423167
805574310.000,Miguel,recording,knock_once,18,-5.627916,6.389376,6.899522,0.847042,-0.451155,-0.288617
805574320.000,Miguel,recording,knock_once,18,-4.724721,6.970865,6.905170,0.913013,-0.482623,-0.010323
805574330.000,Miguel,recording,knock_once,18,-4.420373,7.211263,5.988088,0.894134,-0.454061,0.374937
805574340.000,Miguel,recording,knock_once,18,-1.076032,6.527772,5.453817,0.765709,-0.408547,0.720498
805574350.000,Miguel,recording,knock_once,18,1.041118,6.447373,5.151636,0.559471,-0.329546,0.886799
805574360.000,Miguel,recording,knock_once,18,2.194095,6.751898,5.230228,0.336118,-0.164890,0.843617
805574370.000,Miguel,recording,knock_once,18,2.488906,7.091089,5.484181,0.144455,0.059017,0.664548
805574380.000,Miguel,recording,knock_once,18,2.162514,7.262559,5.559216,-0.003651,0.255093,0.439520
805574390.000,Miguel,recording,knock_once,18,1.795604,7.222113,5.583160,-0.116065,0.358049,0.221584
805574400.000,Miguel,recording,knock_once,18,0.987006,7.318901,5.715584,-0.194170,0.354461,0.040574
805574410.000,Miguel,recording,knock_once,18,0.230824,7.426044,5.932672,-0.234005,0.267845,-0.081957
805574420.000,Miguel,recording,knock_once,18,-0.285195,7.387363,6.135816,-0.237714,0.141744,-0.141776
805574430.000,Miguel,recording,knock_once,18,-0.474286,7.262188,6.318802,-0.210760,0.021484,-0.150694
805574440.000,Miguel,recording,knock_once,18,-0.511740,7.141255,6.447730,-0.161941,-0.061623,-0.123679
805574450.000,Miguel,recording,knock_once,18,-0.484439,7.092179,6.456954,-0.108308,-0.096556,-0.078069
805574460.000,Miguel,recording,knock_once,18,-0.397022,7.066071,6.375654,-0.068017,-0.082523,-0.028720
805574470.000,Miguel,recording,knock_once,18,-0.345941,7.074426,6.124523,-0.055045,-0.019212,0.018958
805574480.000,Miguel,recording,knock_once,18,-0.196249,7.016971,5.828164,-0.080330,0.067243,0.064466
805574490.000,Miguel,recording,knock_once,18,-0.274435,7.161128,5.903766,-0.136639,0.115965,0.114543
805574500.000,Miguel,recording,knock_once,18,-0.255976,7.480519,6.294513,-0.190534,0.122796,0.169141
805574510.000,Miguel,recording,knock_once,18,0.015892,7.524517,6.452020,-0.214498,0.138640,0.206736
805574520.000,Miguel,recording,knock_once,18,0.347148,7.414182,6.478030,-0.214654,0.157880,0.209954
805574530.000,Miguel,recording,knock_once,18,0.441457,7.454007,6.542303,-0.207817,0.140583,0.189314
805574540.000,Miguel,recording,knock_once,18,0.318149,7.578073,6.671107,-0.195473,0.088593,0.165543
805574550.000,Miguel,recording,knock_once,18,0.279330,7.602986,6.740880,-0.173564,0.030609,0.145165
805574560.000,Miguel,recording,knock_once,18,0.327680,7.524060,6.771776,-0.145524,-0.014668,0.123625
805574570.000,Miguel,recording,knock_once,18,0.301959,7.401319,6.761272,-0.119166,-0.043725,0.100766
805574580.000,Miguel,recording,knock_once,18,0.212383,7.356905,6.822764,-0.097996,-0.061750,0.082270
805574590.000,Miguel,recording,knock_once,18,0.352953,7.371415,6.933101,-0.079180,-0.064847,0.066648
805574600.000,Miguel,recording,knock_once,18,0.536116,7.309418,6.946373,-0.060996,-0.039865,0.043954
805574610.000,Miguel,recording,knock_once,18,0.677464,7.268418,6.883374,-0.046617,0.015222,0.010521
805574620.000,Miguel,recording,knock_once,18,0.646783,7.230038,6.771242,-0.039224,0.083369,-0.025269
805574630.000,Miguel,recording,knock_once,18,0.523800,7.256117,6.732146,-0.037668,0.141909,-0.052476
805574640.000,Miguel,recording,knock_once,18,0.380357,7.272867,6.693007,-0.036973,0.177778,-0.068218
805574650.000,Miguel,recording,knock_once,18,0.163431,7.241591,6.618483,-0.034118,0.187762,-0.077041
805574660.000,Miguel,recording,knock_once,18,-0.069564,7.210704,6.545223,-0.028953,0.169562,-0.080308
805574670.000,Miguel,recording,knock_once,18,-0.224732,7.220460,6.523558,-0.021368,0.127054,-0.072876
805574680.000,Miguel,recording,knock_once,18,-0.281382,7.209018,6.467931,-0.014406,0.073467,-0.053222
805574690.000,Miguel,recording,knock_once,18,-0.288418,7.166808,6.424396,-0.011830,0.018389,-0.029521
805574700.000,Miguel,recording,knock_once,18,-0.194665,7.142761,6.446538,-0.012624,-0.025915,-0.010652
805574710.000,Miguel,recording,knock_once,18,-0.016999,7.161729,6.486915,-0.014215,-0.038435,-0.001615
805574720.000,Miguel,recording,knock_once,18,0.124147,7.128343,6.422126,-0.019863,-0.014334,-0.003963
805574730.000,Miguel,recording,knock_once,18,0.123749,7.103739,6.317419,-0.036945,0.025097,-0.012988
805574740.000,Miguel,recording,knock_once,18,0.079752,7.103718,6.273788,-0.064728,0.060674,-0.020567
805574750.000,Miguel,recording,knock_once,18,0.040700,7.095893,6.297723,-0.095159,0.085879,-0.022932
805574760.000,Miguel,recording,knock_once,18,0.043752,7.097729,6.396497,-0.121199,0.094731,-0.022958
805574770.000,Miguel,recording,knock_once,18,0.075751,7.131545,6.482133,-0.138447,0.085607,-0.025655
805574780.000,Miguel,recording,knock_once,18,0.031529,7.143928,6.538761,-0.146658,0.063431,-0.034434
805574790.000,Miguel,recording,knock_once,18,-0.064120,7.113197,6.625632,-0.147846,0.033479,-0.045767
805574800.000,Miguel,recording,knock_once,18,-0.141621,7.114395,6.706195,-0.143741,0.007624,-0.049401
805574810.000,Miguel,recording,knock_once,18,-0.170344,7.131151,6.750326,-0.138029,-0.003503,-0.040747
805574820.000,Miguel,recording,knock_once,18,-0.212779,7.100877,6.764239,-0.135026,-0.004065,-0.023239
805574830.000,Miguel,recording,knock_once,18,-0.226133,7.089279,6.799231,-0.134217,-0.003412,-0.001204
805574840.000,Miguel,recording,knock_once,18,-0.187249,7.116585,6.897682,-0.127999,-0.004409,0.020461
805574850.000,Miguel,recording,knock_once,18,-0.068137,7.091150,7.057630,-0.106638,-0.004632,0.035093
805574860.000,Miguel,recording,knock_once,18,0.058767,7.049488,7.128304,-0.069903,-0.004249,0.035724
805574870.000,Miguel,recording,knock_once,18,0.127802,7.002622,7.070536,-0.024733,-0.014529,0.020622
805574880.000,Miguel,recording,knock_once,18,0.075626,6.978341,7.005432,0.022938,-0.045174,-0.004533
805574890.000,Miguel,recording,knock_once,18,-0.025004,6.947685,6.910292,0.067679,-0.088714,-0.031333
805574900.000,Miguel,recording,knock_once,18,-0.145483,6.917481,6.810040,0.104686,-0.127921,-0.053697
805574910.000,Miguel,recording,knock_once,18,-0.286528,6.848917,6.726538,0.127873,-0.133668,-0.067713
805574920.000,Miguel,recording,knock_once,18,-0.427571,6.787734,6.640395,0.134258,-0.088821,-0.060902
805574930.000,Miguel,recording,knock_once,18,-0.484257,6.776508,6.588210,0.121341,-0.024152,-0.022668
805574940.000,Miguel,recording,knock_once,18,-0.468149,6.750599,6.523665,0.086118,0.039400,0.030127
805574950.000,Miguel,recording,knock_once,18,-0.459515,6.800915,6.562803,0.039035,0.112402,0.078969
805574960.000,Miguel,recording,knock_once,18,-0.479475,6.863368,6.547658,-0.009164,0.189934,0.122868
805574970.000,Miguel,recording,knock_once,18,-0.404761,6.986389,6.497791,-0.065529,0.269122,0.158356
805574980.000,Miguel,recording,knock_once,18,-0.028897,7.277733,6.517833,-0.148200,0.370099,0.175137
805574990.000,Miguel,recording,knock_once,18,0.282558,7.460492,6.873478,-0.249273,0.470226,0.173635
805575000.000,Miguel,recording,knock_once,18,0.210544,7.331766,7.324297,-0.323286,0.517070,0.162453
805575010.000,Miguel,recording,knock_once,18,0.181210,7.261974,7.597063,-0.340454,0.537599,0.141251
805575020.000,Miguel,recording,knock_once,18,0.168330,7.232636,7.968742,-0.299409,0.567843,0.113513
805575030.000,Miguel,recording,knock_once,18,0.092501,7.027096,8.187735,-0.206480,0.578496,0.091621
805575040.000,Miguel,recording,knock_once,18,-0.142588,6.826853,8.229320,-0.074045,0.552259,0.087974
805575050.000,Miguel,recording,knock_once,18,-0.286230,6.769000,8.079367,0.078958,0.501233,0.108432
805575060.000,Miguel,recording,knock_once,18,-0.339637,6.769875,7.780682,0.229019,0.427314,0.141531
805575070.000,Miguel,recording,knock_once,18,-0.358557,6.783401,7.345970,0.358460,0.332789,0.167057
805575080.000,Miguel,recording,knock_once,18,-0.364827,6.915851,6.857268,0.457614,0.223988,0.180446
805575090.000,Miguel,recording,knock_once,18,-0.305698,7.071314,6.369506,0.516455,0.093921,0.185575
805575100.000,Miguel,recording,knock_once,18,-0.280090,7.182589,5.868502,0.526512,-0.052418,0.180833
805575110.000,Miguel,recording,knock_once,18,-0.245989,7.274948,5.607664,0.490909,-0.187436,0.168169
805575120.000,Miguel,recording,knock_once,18,-0.162860,7.350468,5.539149,0.422827,-0.274339,0.151795
805575130.000,Miguel,recording,knock_once,18,-0.015673,7.373057,5.608594,0.337635,-0.283390,0.131456
805575140.000,Miguel,recording,knock_once,18,0.182235,7.410726,5.751438,0.248867,-0.224754,0.104107
805575150.000,Miguel,recording,knock_once,18,0.282261,7.447722,5.826341,0.165560,-0.138133,0.068772
805575160.000,Miguel,recording,knock_once,18,0.257630,7.425626,5.870352,0.092124,-0.053468,0.032198
805575170.000,Miguel,recording,knock_once,18,0.086678,7.394569,5.934693,0.030339,0.018511,0.005892
805575180.000,Miguel,recording,knock_once,18,-0.118688,7.346792,5.943724,-0.018860,0.067615,-0.003673
805575190.000,Miguel,recording,knock_once,18,-0.277117,7.347651,5.961151,-0.055695,0.081173,0.002174
805575200.000,Miguel,recording,knock_once,18,-0.391220,7.323373,5.958840,-0.080587,0.059322,0.019240
805575210.000,Miguel,recording,knock_once,18,-0.391294,7.283456,5.965959,-0.096598,0.008797,0.042395
805575220.000,Miguel,recording,knock_once,18,-0.290497,7.307590,6.051537,-0.107953,-0.060035,0.062202
805575230.000,Miguel,recording,knock_once,18,-0.113912,7.340395,6.203750,-0.113872,-0.129225,0.069677
805575240.000,Miguel,recording,knock_once,18,0.000729,7.313871,6.392957,-0.114556,-0.181032,0.067057
805575250.000,Miguel,recording,knock_once,18,0.127786,7.296457,6.492604,-0.117864,-0.199980,0.064295
805575260.000,Miguel,recording,knock_once,18,0.225861,7.204899,6.559396,-0.132994,-0.173158,0.064543
805575270.000,Miguel,recording,knock_once,18,0.305404,7.139956,6.586559,-0.163042,-0.097717,0.062957
805575280.000,Miguel,recording,knock_once,18,0.267042,7.132362,6.681695,-0.203014,0.011002,0.059696
805575290.000,Miguel,recording,knock_once,18,0.232627,7.159625,6.756174,-0.238728,0.122167,0.059893
805575300.000,Miguel,recording,knock_once,18,0.270231,7.179549,6.719134,-0.257935,0.204801,0.061869
805575310.000,Miguel,recording,knock_once,18,0.373625,7.172276,6.516198,-0.269962,0.253585,0.058799
805575320.000,Miguel,recording,knock_once,18,0.508044,7.138464,6.344642,-0.291926,0.282676,0.045023
805575330.000,Miguel,recording,knock_once,18,0.465267,7.120207,6.445892,-0.314680,0.287335,0.019969
805575340.000,Miguel,recording,knock_once,18,0.206806,7.070351,6.705040,-0.313426,0.247785,-0.007898
805575350.000,Miguel,recording,knock_once,18,-0.148370,6.903816,7.001387,-0.292061,0.184960,-0.019191
805575360.000,Miguel,recording,knock_once,18,-0.405262,6.620601,7.190150,-0.281086,0.164614,0.004672
805575370.000,Miguel,recording,knock_once,18,-0.530561,6.332503,7.614239,-0.278955,0.214189,0.063077
805575380.000,Miguel,recording,knock_once,18,-0.397317,6.315468,8.096304,-0.246014,0.297980,0.137343
805575390.000,Miguel,recording,knock_once,18,-0.088646,6.428025,8.069954,-0.168173,0.381403,0.203601
805575400.000,Miguel,recording,knock_once,18,0.266257,6.636415,7.654151,-0.071351,0.451754,0.233551
805575410.000,Miguel,recording,knock_once,18,0.498326,7.099810,7.181090,0.014826,0.498664,0.197909
805575420.000,Miguel,recording,knock_once,18,0.278179,7.649254,6.856422,0.073263,0.517364,0.102481
805575430.000,Miguel,recording,knock_once,18,-0.056647,7.751387,6.379009,0.080277,0.506399,-0.006272
805575440.000,Miguel,recording,knock_once,19,-0.117604,7.377172,5.774677,0.007540,0.468147,-0.096512
805575450.000,Miguel,recording,knock_once,19,-0.007916,7.326259,5.598985,-0.140997,0.438451,-0.170101
805575460.000,Miguel,recording,knock_once,19,0.154847,7.199981,5.686502,-0.327302,0.442098,-0.243452
805575470.000,Miguel,recording,knock_once,19,0.277033,7.015508,5.716373,-0.500085,0.476811,-0.327377
805575480.000,Miguel,recording,knock_once,19,0.162315,6.654296,6.016325,-0.620942,0.574055,-0.411111
805575490.000,Miguel,recording,knock_once,19,-0.176563,6.255169,6.267404,-0.680618,0.767364,-0.478851
805575500.000,Miguel,recording,knock_once,19,-0.539438,6.228659,7.241581,-0.664615,1.039191,-0.528427
805575510.000,Miguel,recording,knock_once,19,-0.605868,6.284499,8.187734,-0.561943,1.304065,-0.577030
805575520.000,Miguel,recording,knock_once,19,-0.642724,6.177777,8.898660,-0.369104,1.498881,-0.630904
805575530.000,Miguel,recording,knock_once,19,-1.424311,6.350534,9.619113,-0.074522,1.648100,-0.651605
805575540.000,Miguel,recording,knock_once,19,-2.049695,6.697578,9.488691,0.267067,1.787492,-0.601654
805575550.000,Miguel,recording,knock_once,19,-2.207683,6.981339,8.858746,0.562073,1.896118,-0.494945
805575560.000,Miguel,recording,knock_once,19,-2.222923,7.014767,8.045884,0.761184,1.920194,-0.375218
805575570.000,Miguel,recording,knock_once,19,-2.288238,6.719927,7.136328,0.856352,1.870638,-0.269217
805575580.000,Miguel,recording,knock_once,19,-2.606216,6.499347,6.488191,0.865954,1.772925,-0.160649
805575590.000,Miguel,recording,knock_once,19,-3.023112,6.748844,5.993099,0.803513,1.598066,-0.020823
805575600.000,Miguel,recording,knock_once,19,-3.246607,7.159116,5.651221,0.687303,1.348636,0.140408
805575610.000,Miguel,recording,knock_once,19,-3.340523,7.515147,5.489688,0.553012,1.059286,0.289221
805575620.000,Miguel,recording,knock_once,19,-3.496485,7.693352,5.317925,0.420708,0.753821,0.408668
805575630.000,Miguel,recording,knock_once,19,-3.593811,7.605090,4.995597,0.289464,0.456318,0.504045
805575640.000,Miguel,recording,knock_once,19,-3.508766,7.335267,4.652069,0.144338,0.188426,0.583454
805575650.000,Miguel,recording,knock_once,19,-3.190477,7.091801,4.331899,-0.038572,-0.017984,0.645816
805575660.000,Miguel,recording,knock_once,19,-2.532547,7.003952,4.573886,-0.246593,-0.138786,0.677590
805575670.000,Miguel,recording,knock_once,19,-1.831138,6.893899,5.131077,-0.431179,-0.198992,0.663965
805575680.000,Miguel,recording,knock_once,19,-1.206375,6.820237,5.664151,-0.562525,-0.237195,0.606567
805575690.000,Miguel,recording,knock_once,19,-0.784411,6.724154,6.097402,-0.630714,-0.269163,0.509678
805575700.000,Miguel,recording,knock_once,19,-0.694162,6.661417,6.312040,-0.642012,-0.315235,0.375610
805575710.000,Miguel,recording,knock_once,19,-0.969224,6.656689,6.235643,-0.617027,-0.398777,0.223370
805575720.000,Miguel,recording,knock_once,19,-1.252549,6.611393,6.118057,-0.572780,-0.504900,0.084751
805575730.000,Miguel,recording,knock_once,19,-1.247830,6.617828,6.228205,-0.517920,-0.575675,-0.018072
805575740.000,Miguel,recording,knock_once,19,-1.077642,6.629430,6.348077,-0.466178,-0.582105,-0.084254
805575750.000,Miguel,recording,knock_once,19,-0.992128,6.639282,6.519427,-0.432983,-0.562814,-0.125013
805575760.000,Miguel,recording,knock_once,19,-1.121341,6.607219,6.852277,-0.421089,-0.564634,-0.145117
805575770.000,Miguel,recording,knock_once,19,-1.315423,7.078568,6.751100,-0.473806,-0.567956,-0.145214
805575780.000,Miguel,recording,knock_once,19,-1.327621,7.926616,5.819711,-0.636331,-0.501293,-0.140358
805575790.000,Miguel,recording,knock_once,19,-1.329045,7.673392,6.249974,-0.821522,-0.393531,-0.150674
805575800.000,Miguel,recording,knock_once,19,-1.642638,7.353802,6.588196,-0.935508,-0.368545,-0.170681
805575810.000,Miguel,recording,knock_once,19,-2.102960,7.076093,7.141948,-0.975025,-0.466867,-0.176176
805575820.000,Miguel,recording,knock_once,19,-2.409114,6.945202,7.505149,-0.958632,-0.620606,-0.155427
805575830.000,Miguel,recording,knock_once,19,-2.523118,6.666378,7.595002,-0.924177,-0.756007,-0.115297
805575840.000,Miguel,recording,knock_once,19,-2.439632,6.423876,7.526489,-0.904545,-0.857080,-0.067808
805575850.000,Miguel,recording,knock_once,19,-2.149939,6.187277,7.398306,-0.905512,-0.953748,-0.017773
805575860.000,Miguel,recording,knock_once,19,-1.596974,6.029203,7.365292,-0.908794,-1.072026,0.032898
805575870.000,Miguel,recording,knock_once,19,-1.188170,5.908406,7.536186,-0.886483,-1.202954,0.076851
805575880.000,Miguel,recording,knock_once,19,-1.247582,5.958092,8.320739,-0.806605,-1.286449,0.113366
805575890.000,Miguel,recording,knock_once,19,-1.411589,6.089424,9.421808,-0.643541,-1.265560,0.158543
805575900.000,Miguel,recording,knock_once,19,-1.401156,5.944376,10.812781,-0.375307,-1.135858,0.223764
805575910.000,Miguel,recording,knock_once,19,-1.539752,5.678132,10.427500,-0.019722,-0.906150,0.304697
805575920.000,Miguel,recording,knock_once,19,-1.124487,5.648557,10.049545,0.344226,-0.653017,0.382476
805575930.000,Miguel,recording,knock_once,19,-0.158021,5.584179,9.321210,0.644131,-0.430486,0.421706
805575940.000,Miguel,recording,knock_once,19,0.774955,5.640725,8.454263,0.848674,-0.220469,0.400877
805575950.000,Miguel,recording,knock_once,19,1.152126,6.013622,8.065938,0.960840,-0.042836,0.334456
805575960.000,Miguel,recording,knock_once,19,1.085648,6.269314,7.869124,1.005183,0.087486,0.249666
805575970.000,Miguel,recording,knock_once,19,0.897818,6.200795,7.713758,1.010008,0.183038,0.163295
805575980.000,Miguel,recording,knock_once,19,0.637773,6.085013,7.625842,1.002220,0.247236,0.079582
805575990.000,Miguel,recording,knock_once,19,0.330998,6.150588,7.450177,0.993989,0.266340,0.000782
805576000.000,Miguel,recording,knock_once,19,0.094013,6.266327,6.981456,0.966189,0.225174,-0.065793
805576010.000,Miguel,recording,knock_once,19,0.021795,6.342119,6.408951,0.888283,0.122948,-0.117120
805576020.000,Miguel,recording,knock_once,19,-0.074035,6.522276,6.012691,0.750420,-0.022968,-0.159621
805576030.000,Miguel,recording,knock_once,19,-0.207046,6.707032,5.675595,0.563970,-0.189019,-0.201120
805576040.000,Miguel,recording,knock_once,19,-0.311618,6.751578,5.536680,0.353629,-0.346045,-0.239961
805576050.000,Miguel,recording,knock_once,19,-0.529248,6.810077,5.780253,0.156091,-0.469937,-0.262959
805576060.000,Miguel,recording,knock_once,19,-0.873275,6.963084,6.113462,0.000833,-0.555997,-0.255775
805576070.000,Miguel,recording,knock_once,19,-1.054232,6.993960,6.396037,-0.102931,-0.605091,-0.215871
805576080.000,Miguel,recording,knock_once,19,-1.210797,7.053030,6.701343,-0.155910,-0.612669,-0.150597
805576090.000,Miguel,recording,knock_once,19,-1.348774,7.217799,6.813483,-0.170126,-0.589024,-0.066842
805576100.000,Miguel,recording,knock_once,19,-1.324907,7.245514,6.632202,-0.173048,-0.560595,0.030913
805576110.000,Miguel,recording,knock_once,19,-1.249579,7.211915,6.566581,-0.182600,-0.540657,0.135368
805576120.000,Miguel,recording,knock_once,19,-1.199651,7.191212,6.711572,-0.195158,-0.534965,0.231843
805576130.000,Miguel,recording,knock_once,19,-1.024157,7.008509,6.928059,-0.196224,-0.559453,0.303863
805576140.000,Miguel,recording,knock_once,19,-0.816514,6.826449,7.160011,-0.177756,-0.631802,0.344625
805576150.000,Miguel,recording,knock_once,19,-0.725397,6.829298,6.848673,-0.159396,-0.762983,0.354779
805576160.000,Miguel,recording,knock_once,19,-0.372176,6.592855,6.292461,-0.174154,-0.919054,0.339141
805576170.000,Miguel,recording,knock_once,19,1.791318,6.135020,6.168417,-0.228269,-1.066882,0.295851
805576180.000,Miguel,recording,knock_once,19,6.850386,6.027558,6.036793,-0.284505,-1.317641,0.197540
805576190.000,Miguel,recording,knock_once,19,4.288792,6.570060,7.040609,-0.307428,-1.692972,0.011815
805576200.000,Miguel,recording,knock_once,19,3.220973,6.207878,7.398874,-0.315684,-1.903999,-0.277887
805576210.000,Miguel,recording,knock_once,19,1.221072,5.400216,8.007598,-0.314054,-1.755333,-0.630162
805576220.000,Miguel,recording,knock_once,19,-0.183341,5.809289,8.334531,-0.270886,-1.362597,-0.929734
805576230.000,Miguel,recording,knock_once,19,-1.589524,6.034208,8.629061,-0.177246,-0.920350,-1.045745
805576240.000,Miguel,recording,knock_once,19,-2.171406,6.238489,8.531285,-0.037642,-0.554478,-0.923880
805576250.000,Miguel,recording,knock_once,19,-1.760432,6.830078,8.294070,0.130856,-0.265341,-0.640634
805576260.000,Miguel,recording,knock_once,19,-1.062645,7.261335,7.879708,0.292689,0.018381,-0.331459
805576270.000,Miguel,recording,knock_once,19,-0.441639,7.322698,7.263168,0.408769,0.322439,-0.091330
805576280.000,Miguel,recording,knock_once,19,-0.257677,7.173558,6.660999,0.452380,0.605273,0.064014
805576290.000,Miguel,recording,knock_once,19,-0.247647,7.067578,6.131086,0.418383,0.814825,0.172090
805576300.000,Miguel,recording,knock_once,19,-0.161427,7.053179,5.958229,0.324933,0.930742,0.267068
805576310.000,Miguel,recording,knock_once,19,0.129373,7.095073,6.050984,0.204527,0.957201,0.346528
805576320.000,Miguel,recording,knock_once,19,0.489430,7.049178,6.207887,0.083039,0.914527,0.387455
805576330.000,Miguel,recording,knock_once,19,0.686291,6.992189,6.428965,-0.027359,0.830602,0.380112
805576340.000,Miguel,recording,knock_once,19,0.753092,6.866084,6.687373,-0.118398,0.717816,0.332156
805576350.000,Miguel,recording,knock_once,19,0.782158,6.758799,6.888078,-0.182518,0.584732,0.253620
805576360.000,Miguel,recording,knock_once,19,0.608726,6.565181,7.073672,-0.219302,0.450645,0.159853
805576370.000,Miguel,recording,knock_once,19,0.359148,6.381696,7.183371,-0.234496,0.329314,0.073126
805576380.000,Miguel,recording,knock_once,19,0.151918,6.289524,7.241027,-0.232741,0.226843,0.005403
805576390.000,Miguel,recording,knock_once,19,0.061134,6.278870,7.247847,-0.219163,0.153049,-0.043766
805576400.000,Miguel,recording,knock_once,19,0.031462,6.345789,7.185965,-0.200378,0.119584,-0.078228
805576410.000,Miguel,recording,knock_once,19,0.020512,6.413949,7.208948,-0.174529,0.120963,-0.098282
805576420.000,Miguel,recording,knock_once,19,-0.170993,6.493406,7.400663,-0.130225,0.133691,-0.098118
805576430.000,Miguel,recording,knock_once,19,-0.383569,6.512323,7.573671,-0.064416,0.149882,-0.072778
805576440.000,Miguel,recording,knock_once,19,-0.516340,6.560338,7.613979,0.008651,0.178587,-0.024059
805576450.000,Miguel,recording,knock_once,19,-0.493782,6.664037,7.511467,0.070371,0.210225,0.039404
805576460.000,Miguel,recording,knock_once,19,-0.403982,6.754693,7.250990,0.103448,0.221082,0.105235
805576470.000,Miguel,recording,knock_once,19,-0.288828,6.832201,6.965559,0.092656,0.206526,0.163008
805576480.000,Miguel,recording,knock_once,19,-0.167158,6.863892,6.745022,0.033369,0.174884,0.209528
805576490.000,Miguel,recording,knock_once,19,-0.061584,6.806559,6.552164,-0.071101,0.124298,0.246306
805576500.000,Miguel,recording,knock_once,19,0.099380,6.791049,6.321874,-0.219461,0.052429,0.273150
805576510.000,Miguel,recording,knock_once,19,0.283396,6.713256,6.135046,-0.399155,-0.034075,0.286589
805576520.000,Miguel,recording,knock_once,19,0.477571,6.566015,6.199528,-0.574616,-0.115509,0.282037
805576530.000,Miguel,recording,knock_once,19,0.659880,6.482037,6.330758,-0.720249,-0.155422,0.261571
805576540.000,Miguel,recording,knock_once,19,0.820800,6.450833,6.311638,-0.842018,-0.129922,0.231249
805576550.000,Miguel,recording,knock_once,19,0.875062,6.387359,6.255586,-0.954567,-0.058646,0.195422
805576560.000,Miguel,recording,knock_once,19,0.828107,6.190844,6.174008,-1.071850,0.014273,0.157047
805576570.000,Miguel,recording,knock_once,19,0.756569,5.863221,5.991805,-1.217056,0.059877,0.117802
805576580.000,Miguel,recording,knock_once,19,0.772819,5.501651,5.986212,-1.391019,0.061888,0.071798
805576590.000,Miguel,recording,knock_once,19,0.949744,5.293296,6.674505,-1.543785,0.000153,-0.000680
805576600.000,Miguel,recording,knock_once,19,1.039238,5.317806,7.808723,-1.619019,-0.121377,-0.107895
805576610.000,Miguel,recording,knock_once,19,0.949514,5.261707,8.664333,-1.600201,-0.255761,-0.228513
805576620.000,Miguel,recording,knock_once,19,0.755470,5.048065,9.287895,-1.500370,-0.326553,-0.326872
805576630.000,Miguel,recording,knock_once,19,0.482006,4.893257,9.968752,-1.331884,-0.289231,-0.371083
805576640.000,Miguel,recording,knock_once,19,-0.011081,5.076582,10.357504,-1.108807,-0.214085,-0.351145
805576650.000,Miguel,recording,knock_once,19,-0.275112,5.237677,10.092808,-0.869586,-0.202991,-0.279428
805576660.000,Miguel,recording,knock_once,19,-0.384184,5.281053,9.724702,-0.651911,-0.259844,-0.177299
805576670.000,Miguel,recording,knock_once,19,-0.471776,5.361915,9.466480,-0.458090,-0.322485,-0.068336
805576680.000,Miguel,recording,knock_once,19,-0.373871,5.300867,9.259363,-0.276193,-0.329123,0.032367
805576690.000,Miguel,recording,knock_once,19,-0.264547,5.331560,9.069565,-0.101850,-0.250847,0.121677
805576700.000,Miguel,recording,knock_once,19,-0.210367,5.402972,8.906587,0.066550,-0.098769,0.201296
805576710.000,Miguel,recording,knock_once,19,-0.098461,5.455264,8.761345,0.228591,0.099158,0.272375
805576720.000,Miguel,recording,knock_once,19,-0.039559,5.528384,8.624659,0.376219,0.315635,0.335691
805576730.000,Miguel,recording,knock_once,19,0.019216,5.639225,8.487199,0.498115,0.528636,0.393089
805576740.000,Miguel,recording,knock_once,19,-0.019025,5.742402,8.439366,0.591100,0.713007,0.443468
805576750.000,Miguel,recording,knock_once,19,-0.057889,5.747494,8.439197,0.665475,0.839204,0.480417
805576760.000,Miguel,recording,knock_once,19,-0.056053,5.659532,8.759972,0.745201,0.898655,0.493733
805576770.000,Miguel,recording,knock_once,19,-0.089421,5.603667,9.083944,0.845753,0.912149,0.481648
805576780.000,Miguel,recording,knock_once,19,-0.145474,5.551991,9.118194,0.947694,0.900758,0.458327
805576790.000,Miguel,recording,knock_once,19,-0.259559,5.573708,8.637165,1.012578,0.861585,0.438780
805576800.000,Miguel,recording,knock_once,19,-0.302659,5.596339,8.147784,1.018732,0.776433,0.421841
805576810.000,Miguel,recording,knock_once,19,-0.245611,5.685989,7.610879,0.963385,0.636070,0.391676
805576820.000,Miguel,recording,knock_once,19,-0.056785,5.757365,7.170902,0.850121,0.455244,0.334515
805576830.000,Miguel,recording,knock_once,19,0.093572,5.873708,6.961929,0.693202,0.267813,0.249390
805576840.000,Miguel,recording,knock_once,19,0.146891,6.001523,6.982904,0.515142,0.101287,0.146847
805576850.000,Miguel,recording,knock_once,19,0.070231,6.139659,7.133359,0.338939,-0.040706,0.044336
805576860.000,Miguel,recording,knock_once,19,-0.192673,6.227901,7.387549,0.185263,-0.172457,-0.037710
805576870.000,Miguel,recording,knock_once,19,-0.410944,6.194144,7.635622,0.069886,-0.307479,-0.084828
805576880.000,Miguel,recording,knock_once,19,-0.498835,6.167641,7.802624,-0.001396,-0.442288,-0.098256
805576890.000,Miguel,recording,knock_once,19,-0.449056,6.103460,7.880399,-0.030726,-0.554595,-0.093173
805576900.000,Miguel,recording,knock_once,19,-0.310999,6.075733,7.868633,-0.026481,-0.616521,-0.086396
805576910.000,Miguel,recording,knock_once,19,-0.100265,6.057768,7.720089,-0.005109,-0.610634,-0.088193
805576920.000,Miguel,recording,knock_once,19,0.191758,6.049717,7.544978,0.016702,-0.532712,-0.102483
805576930.000,Miguel,recording,knock_once,19,0.490514,6.052079,7.408585,0.030070,-0.390786,-0.126675
805576940.000,Miguel,recording,knock_once,19,0.608013,6.143896,7.559080,0.039009,-0.217401,-0.150901
805576950.000,Miguel,recording,knock_once,19,0.477136,6.260744,7.773834,0.054818,-0.073904,-0.164349
805576960.000,Miguel,recording,knock_once,19,0.214799,6.224276,7.771293,0.076124,-0.007325,-0.157564
805576970.000,Miguel,recording,knock_once,19,-0.005796,6.097746,7.665323,0.092061,-0.016411,-0.124199
805576980.000,Miguel,recording,knock_once,19,-0.117531,5.992280,7.526661,0.095092,-0.069101,-0.074470
805576990.000,Miguel,recording,knock_once,19,-0.056926,5.910384,7.393159,0.082846,-0.128451,-0.033564
805577000.000,Miguel,recording,knock_once,19,0.169574,5.872208,7.318556,0.055419,-0.169400,-0.019333
805577010.000,Miguel,recording,knock_once,19,0.399763,5.918425,7.288060,0.015449,-0.189201,-0.030944
805577020.000,Miguel,recording,knock_once,19,0.491538,5.960468,7.307602,-0.030074,-0.200524,-0.055002
805577030.000,Miguel,recording,knock_once,19,0.452439,6.003090,7.419192,-0.074530,-0.213061,-0.072887
805577040.000,Miguel,recording,knock_once,19,0.332395,6.009365,7.505974,-0.113106,-0.234393,-0.072863
805577050.000,Miguel,recording,knock_once,19,0.240116,6.013993,7.481279,-0.144968,-0.269983,-0.056402
805577060.000,Miguel,recording,knock_once,19,0.253229,5.965216,7.480636,-0.167681,-0.311960,-0.032427
805577070.000,Miguel,recording,knock_once,19,0.314496,5.953348,7.584038,-0.173182,-0.346039,-0.013554
805577080.000,Miguel,recording,knock_once,19,0.344448,5.964125,7.720306,-0.157916,-0.363777,-0.004816
805577090.000,Miguel,recording,knock_once,19,0.235085,6.010524,7.806013,-0.126414,-0.361808,0.001549
805577100.000,Miguel,recording,knock_once,19,0.143268,6.028334,7.870437,-0.083258,-0.333508,0.016961
805577110.000,Miguel,recording,knock_once,19,0.112512,6.088662,7.951412,-0.032121,-0.277992,0.046484
805577120.000,Miguel,recording,knock_once,19,0.104642,6.180943,7.903903,0.018605,-0.216623,0.085891
805577130.000,Miguel,recording,knock_once,19,0.080108,6.248698,7.753315,0.056185,-0.186486,0.129825
805577140.000,Miguel,recording,knock_once,19,-0.105062,6.322261,7.643627,0.069521,-0.212256,0.177125
805577150.000,Miguel,recording,knock_once,19,-0.275528,6.331785,7.558331,0.058309,-0.283031,0.231808
805577160.000,Miguel,recording,knock_once,19,-0.421970,6.376119,7.797140,0.038998,-0.376708,0.296330
805577170.000,Miguel,recording,knock_once,19,-0.437805,6.376530,7.589307,0.021298,-0.489537,0.365953
805577180.000,Miguel,recording,knock_once,19,0.967077,5.848689,7.093984,0.012098,-0.586942,0.469537
805577190.000,Miguel,recording,knock_once,19,4.581129,5.411454,8.063800,0.075954,-0.632115,0.618638
805577200.000,Miguel,recording,knock_once,19,4.612241,7.351710,9.358715,0.285270,-0.629457,0.674439
805577210.000,Miguel,recording,knock_once,19,3.429544,6.891937,9.170716,0.581562,-0.462411,0.534246
805577220.000,Miguel,recording,knock_once,19,1.140611,5.805300,8.552076,0.809022,-0.016241,0.281134
805577230.000,Miguel,recording,knock_once,19,0.538538,5.367315,7.529483,0.887230,0.508397,0.023045
805577240.000,Miguel,recording,knock_once,19,0.471659,6.084145,6.456132,0.835787,0.800160,-0.182182
805577250.000,Miguel,recording,knock_once,19,0.029247,6.382825,5.946841,0.688178,0.789994,-0.303726
805577260.000,Miguel,recording,knock_once,19,-0.410743,6.118091,5.538296,0.454737,0.620075,-0.328599
805577270.000,Miguel,recording,knock_once,19,-0.654608,5.790399,5.463427,0.145597,0.446547,-0.272253
805577280.000,Miguel,recording,knock_once,19,-0.629924,5.581273,5.902234,-0.186069,0.339664,-0.178749
805577290.000,Miguel,recording,knock_once,19,-0.291924,5.729977,6.657170,-0.466598,0.282738,-0.107788
805577300.000,Miguel,recording,knock_once,19,0.224345,5.934987,7.199064,-0.648305,0.214030,-0.100052
805577310.000,Miguel,recording,knock_once,19,0.723306,6.104283,7.556412,-0.720830,0.046178,-0.146619
805577320.000,Miguel,recording,knock_once,19,1.049349,6.150186,7.655852,-0.705218,-0.275822,-0.198003
805577330.000,Miguel,recording,knock_once,19,1.046652,6.097162,7.674622,-0.655048,-0.627985,-0.204847
805577340.000,Miguel,recording,knock_once,19,1.004392,6.047398,7.825685,-0.611280,-0.769825,-0.168419
805577350.000,Miguel,recording,knock_once,19,0.968005,6.041459,8.263532,-0.549037,-0.635526,-0.130322
805577360.000,Miguel,recording,knock_once,19,0.946323,6.028467,8.792966,-0.420765,-0.384626,-0.112608
805577370.000,Miguel,recording,knock_once,19,0.917437,5.960514,8.970145,-0.225716,-0.173264,-0.102710
805577380.000,Miguel,recording,knock_once,19,0.812572,5.887887,8.871529,-0.005605,-0.023957,-0.087020
805577390.000,Miguel,recording,knock_once,19,0.664911,5.920519,8.501623,0.190500,0.106168,-0.067509
805577400.000,Miguel,recording,knock_once,19,0.581241,6.035723,7.975569,0.325787,0.234811,-0.048571
805577410.000,Miguel,recording,knock_once,19,0.535638,6.172500,7.518837,0.386799,0.340091,-0.028754
805577420.000,Miguel,recording,knock_once,19,0.559737,6.269654,7.206449,0.381190,0.396490,-0.005733
805577430.000,Miguel,recording,knock_once,19,0.631586,6.316243,6.984284,0.323685,0.396958,0.015883
805577440.000,Miguel,recording,knock_once,19,0.729607,6.278844,6.761257,0.224788,0.350808,0.027917
805577450.000,Miguel,recording,knock_once,19,0.812694,6.215302,6.678512,0.095682,0.275414,0.025423
805577460.000,Miguel,recording,knock_once,19,0.768177,6.183291,6.781320,-0.044209,0.183210,0.009709
805577470.000,Miguel,recording,knock_once,19,0.710475,6.076635,6.932798,-0.172010,0.081737,-0.012285
805577480.000,Miguel,recording,knock_once,19,0.695314,5.985869,7.148347,-0.270252,-0.013787,-0.031239
805577490.000,Miguel,recording,knock_once,19,0.696136,5.921851,7.540209,-0.323127,-0.080875,-0.041640
805577500.000,Miguel,recording,knock_once,19,0.606387,5.883401,8.104031,-0.314519,-0.104887,-0.043556
805577510.000,Miguel,recording,knock_once,19,0.533877,5.819211,8.362283,-0.246215,-0.090436,-0.037234
805577520.000,Miguel,recording,knock_once,19,0.529484,5.798927,8.325448,-0.145452,-0.050172,-0.024127
805577530.000,Miguel,recording,knock_once,19,0.623479,5.801883,8.074893,-0.046085,0.008325,-0.011191
805577540.000,Miguel,recording,knock_once,19,0.630395,5.847293,7.837443,0.031156,0.082257,-0.005576
805577550.000,Miguel,recording,knock_once,19,0.595418,5.921382,7.728244,0.081721,0.168534,-0.004999
805577560.000,Miguel,recording,knock_once,19,0.548249,6.028662,7.709405,0.108207,0.245744,-0.002811
805577570.000,Miguel,recording,knock_once,19,0.503187,6.062130,7.621507,0.112039,0.277984,-0.000103
805577580.000,Miguel,recording,knock_once,19,0.504972,6.023994,7.568667,0.096880,0.255804,-0.005954
805577590.000,Miguel,recording,knock_once,19,0.561998,5.968386,7.642267,0.073263,0.204579,-0.025537
805577600.000,Miguel,recording,knock_once,19,0.560477,5.959214,7.716681,0.051306,0.149559,-0.051614
805577610.000,Miguel,recording,knock_once,19,0.520721,5.993910,7.685675,0.034729,0.099908,-0.073898
805577620.000,Miguel,recording,knock_once,19,0.443276,6.038460,7.578959,0.021092,0.058029,-0.087778
805577630.000,Miguel,recording,knock_once,19,0.464722,5.977560,7.496228,0.006470,0.010720,-0.093623
805577640.000,Miguel,recording,knock_once,19,0.539758,5.857555,7.544596,-0.007734,-0.067982,-0.101059
805577650.000,Miguel,recording,knock_once,19,0.566553,5.902690,7.595957,-0.021165,-0.164264,-0.122286
805577660.000,Miguel,recording,knock_once,19,0.610166,5.901450,7.567646,-0.039304,-0.224838,-0.156886
805577670.000,Miguel,recording,knock_once,19,0.641532,5.905625,7.539181,-0.062716,-0.222679,-0.192551
805577680.000,Miguel,recording,knock_once,19,0.687036,5.984164,7.595974,-0.078908,-0.173643,-0.219455
805577690.000,Miguel,recording,knock_once,19,0.720064,6.058805,7.663065,-0.073459,-0.102098,-0.236256
805577700.000,Miguel,recording,knock_once,19,0.683444,6.090104,7.622295,-0.044632,-0.013245,-0.244167
805577710.000,Miguel,recording,knock_once,19,0.584480,6.020191,7.529817,0.000177,0.097920,-0.246362
805577720.000,Miguel,recording,knock_once,19,0.533585,5.905345,7.429130,0.054057,0.224259,-0.249404
805577730.000,Miguel,recording,knock_once,19,0.569854,5.757331,7.342027,0.111159,0.337511,-0.263655
805577740.000,Miguel,recording,knock_once,19,0.721279,5.571107,7.317181,0.166617,0.398422,-0.304012
805577750.000,Miguel,recording,knock_once,19,0.823234,5.558757,7.326706,0.212827,0.396711,-0.381028
805577760.000,Miguel,recording,knock_once,19,0.611131,5.860447,7.114549,0.222348,0.348808,-0.476657
805577770.000,Miguel,recording,knock_once,19,-0.032526,6.304598,6.896419,0.164319,0.238755,-0.543125
805577780.000,Miguel,recording,knock_once,19,-0.977092,6.714372,6.712257,0.030757,0.026587,-0.535855
805577790.000,Miguel,recording,knock_once,19,-1.925550,6.904003,6.407465,-0.181138,-0.263684,-0.425277
805577800.000,Miguel,recording,knock_once,19,-2.160957,6.812088,6.387613,-0.454463,-0.541280,-0.209209
805577810.000,Miguel,recording,knock_once,19,-1.568791,6.655997,7.111822,-0.717147,-0.769191,0.050658
805577820.000,Miguel,recording,knock_once,19,-0.536668,6.378754,8.077184,-0.880910,-0.976516,0.255819
805577830.000,Miguel,recording,knock_once,19,0.057991,6.048156,9.015411,-0.908067,-1.151117,0.348315
805577840.000,Miguel,recording,knock_once,19,0.477712,5.711803,9.467558,-0.821392,-1.233710,0.337981
805577850.000,Miguel,recording,knock_once,19,0.808546,5.553630,9.600482,-0.669412,-1.194153,0.275415
805577860.000,Miguel,recording,knock_once,19,0.986120,5.635533,9.616754,-0.487921,-1.066992,0.203880
805577870.000,Miguel,recording,knock_once,19,0.928681,5.842920,9.385281,-0.302239,-0.908610,0.143392
805577880.000,Miguel,recording,knock_once,19,0.773040,5.880010,9.078819,-0.137788,-0.739915,0.105173
805577890.000,Miguel,recording,knock_once,19,0.695902,5.848912,8.828880,-0.002919,-0.552943,0.092657
805577900.000,Miguel,recording,knock_once,19,0.827193,5.855376,8.661789,0.110356,-0.349578,0.097044
805577910.000,Miguel,recording,knock_once,19,1.004547,5.857870,8.437542,0.204977,-0.159329,0.099271
805577920.000,Miguel,recording,knock_once,19,1.086846,5.775585,8.132548,0.272755,-0.013784,0.083324
805577930.000,Miguel,recording,knock_once,19,1.149210,5.578207,7.724041,0.300343,0.061990,0.040516
805577940.000,Miguel,recording,knock_once,19,1.332183,5.347429,7.356647,0.278672,0.058951,-0.035399
805577950.000,Miguel,recording,knock_once,19,1.407044,5.368773,7.186663,0.215488,0.012504,-0.137330
805577960.000,Miguel,recording,knock_once,19,1.233900,5.554224,7.252053,0.141123,-0.024201,-0.235236
805577970.000,Miguel,recording,knock_once,19,0.906874,5.720910,7.668075,0.099211,-0.022664,-0.292614
805577980.000,Miguel,recording,knock_once,19,0.478032,5.857867,8.185065,0.121015,0.015511,-0.290621
805577990.000,Miguel,recording,knock_once,19,0.298958,5.893486,8.343132,0.202735,0.080056,-0.237617
805578000.000,Miguel,recording,knock_once,19,0.336983,5.900872,8.174986,0.311771,0.171335,-0.161355
805578010.000,Miguel,recording,knock_once,19,0.476500,5.943060,7.784889,0.410833,0.290029,-0.089033
805578020.000,Miguel,recording,knock_once,19,0.551047,5.979902,7.278421,0.470478,0.421777,-0.032639
805578030.000,Miguel,recording,knock_once,19,0.519642,6.116750,6.792598,0.471972,0.546254,0.012278
805578040.000,Miguel,recording,knock_once,19,0.442575,6.316592,6.474434,0.414018,0.644099,0.058230
805578050.000,Miguel,recording,knock_once,19,0.363624,6.455468,6.366222,0.309989,0.691258,0.110196
805578060.000,Miguel,recording,knock_once,19,0.211180,6.471807,6.282308,0.172113,0.664233,0.163599
805578070.000,Miguel,recording,knock_once,19,0.080626,6.406266,6.291540,0.013427,0.563787,0.214685
805578080.000,Miguel,recording,knock_once,19,0.042830,6.294423,6.570228,-0.141677,0.424805,0.262170
805578090.000,Miguel,recording,knock_once,19,0.010814,6.159893,7.156003,-0.260040,0.298431,0.306432
805578100.000,Miguel,recording,knock_once,19,0.174963,6.073091,7.801065,-0.313547,0.221823,0.347094
805578110.000,Miguel,recording,knock_once,19,0.468337,5.950257,8.427645,-0.289909,0.198840,0.374749
805578120.000,Miguel,recording,knock_once,19,0.699192,5.850818,8.751157,-0.198438,0.213358,0.376350
805578130.000,Miguel,recording,knock_once,19,0.804639,5.785501,8.660810,-0.074346,0.245830,0.351387
805578140.000,Miguel,recording,knock_once,19,0.801199,5.757505,8.272546,0.037217,0.284034,0.313816
805578150.000,Miguel,recording,knock_once,19,0.854170,5.775338,7.858626,0.107589,0.328896,0.278569
805578160.000,Miguel,recording,knock_once,19,1.030348,5.796383,7.642995,0.136102,0.383827,0.245381
805578170.000,Miguel,recording,knock_once,19,1.184479,5.804229,7.604942,0.138097,0.441152,0.202632
805578180.000,Miguel,recording,knock_once,19,1.248634,5.767054,7.608052,0.126824,0.485264,0.143647
805578190.000,Miguel,recording,knock_once,19,1.264808,5.707160,7.606340,0.108130,0.498572,0.068852
805578200.000,Miguel,recording,knock_once,19,1.221200,5.635840,7.604217,0.085416,0.473506,-0.015280
805578210.000,Miguel,recording,knock_once,19,0.986581,5.587843,7.623389,0.062738,0.429396,-0.098011
805578220.000,Miguel,recording,knock_once,19,0.617270,5.599467,7.707077,0.049178,0.398077,-0.162747
805578230.000,Miguel,recording,knock_once,19,0.197371,5.636683,7.944752,0.064378,0.406712,-0.191533
805578240.000,Miguel,recording,knock_once,19,-0.068686,5.723323,8.122731,0.122542,0.478421,-0.179686
805578250.000,Miguel,recording,knock_once,19,-0.038532,5.808023,8.171492,0.219608,0.628218,-0.138629
805578260.000,Miguel,recording,knock_once,19,-0.057152,5.908677,8.123611,0.341874,0.842844,-0.088767
805578270.000,Miguel,recording,knock_once,19,-0.102917,6.066097,7.888002,0.465791,1.068731,-0.045154
805578280.000,Miguel,recording,knock_once,19,-0.144664,6.151139,7.400670,0.552713,1.237523,-0.012814
805578290.000,Miguel,recording,knock_once,19,-0.238228,6.208300,6.761896,0.565606,1.308837,0.006968
805578300.000,Miguel,recording,knock_once,19,-0.404674,6.301900,6.220106,0.487630,1.273278,0.017313
805578310.000,Miguel,recording,knock_once,19,-0.595138,6.414550,5.860110,0.326685,1.139319,0.024979
805578320.000,Miguel,recording,knock_once,19,-0.858676,6.438023,5.621772,0.109591,0.942465,0.038561
805578330.000,Miguel,recording,knock_once,19,-1.020072,6.387084,5.730025,-0.123456,0.750733,0.068032
805578340.000,Miguel,recording,knock_once,19,-1.035492,6.385454,6.199135,-0.325237,0.628177,0.119417
805578350.000,Miguel,recording,knock_once,19,-0.946203,6.393091,6.893205,-0.455368,0.585991,0.185536
805578360.000,Miguel,recording,knock_once,19,-0.782837,6.298792,7.535076,-0.496895,0.583592,0.242440
805578370.000,Miguel,recording,knock_once,19,-0.576321,6.128996,7.960778,-0.471264,0.566066,0.266426
805578380.000,Miguel,recording,knock_once,19,-0.427613,5.827664,7.995581,-0.422612,0.498914,0.247882
805578390.000,Miguel,recording,knock_once,19,-0.428195,5.693392,8.023178,-0.378829,0.393496,0.194740
805578400.000,Miguel,recording,knock_once,19,-0.490528,5.730582,8.222260,-0.338585,0.293403,0.134559
805578410.000,Miguel,recording,knock_once,19,-0.384981,5.969566,8.388710,-0.292800,0.229961,0.093713
805578420.000,Miguel,recording,knock_once,19,0.007071,6.188589,8.635468,-0.232839,0.203493,0.070478
805578430.000,Miguel,recording,knock_once,19,0.487062,6.135221,8.868524,-0.152151,0.199210,0.035959
805578440.000,Miguel,recording,knock_once,19,0.631275,5.860513,8.729234,-0.062827,0.203044,-0.033951
805578450.000,Miguel,recording,knock_once,19,0.517057,5.559113,8.393024,0.015313,0.206353,-0.134790
805578460.000,Miguel,recording,knock_once,19,0.343529,5.438179,8.022165,0.071018,0.206739,-0.247716
805578470.000,Miguel,recording,knock_once,19,0.135508,5.529006,7.618039,0.093396,0.200753,-0.353049
805578480.000,Miguel,recording,knock_once,20,-0.121175,5.703639,7.244968,0.074223,0.186200,-0.434905
805578490.000,Miguel,recording,knock_once,20,-0.351143,5.862340,7.090385,0.025565,0.177973,-0.486057
805578500.000,Miguel,recording,knock_once,20,-0.601790,5.977085,7.098228,-0.031062,0.201650,-0.508612
805578510.000,Miguel,recording,knock_once,20,-0.837039,6.026777,7.250983,-0.078817,0.267296,-0.508740
805578520.000,Miguel,recording,knock_once,20,-1.117387,6.015936,7.615780,-0.124843,0.312010,-0.496677
805578530.000,Miguel,recording,knock_once,20,-1.930332,6.111607,8.052692,-0.216310,0.198842,-0.473313
805578540.000,Miguel,recording,knock_once,20,-2.794604,6.120565,8.450143,-0.360589,-0.074428,-0.397203
805578550.000,Miguel,recording,knock_once,20,-2.609005,6.123156,8.271071,-0.494406,-0.345880,-0.253784
805578560.000,Miguel,recording,knock_once,20,-2.145190,5.951718,7.882280,-0.581176,-0.518372,-0.121440
805578570.000,Miguel,recording,knock_once,20,-1.899306,5.868757,7.524234,-0.646821,-0.596287,-0.041523
805578580.000,Miguel,recording,knock_once,20,-2.004000,5.883626,7.068321,-0.738452,-0.597680,0.036512
805578590.000,Miguel,recording,knock_once,20,-2.215373,5.885380,6.945381,-0.870483,-0.512960,0.158114
805578600.000,Miguel,recording,knock_once,20,-2.097182,5.837708,7.622035,-0.995813,-0.346674,0.319573
805578610.000,Miguel,recording,knock_once,20,-1.599104,5.830868,8.547277,-1.057561,-0.186167,0.489465
805578620.000,Miguel,recording,knock_once,20,-0.767251,6.009602,9.201634,-1.056528,-0.147978,0.641082
805578630.000,Miguel,recording,knock_once,20,-0.346065,6.045112,9.638384,-1.032573,-0.288943,0.755101
805578640.000,Miguel,recording,knock_once,20,-0.189138,5.627712,10.045169,-0.993334,-0.587005,0.822734
805578650.000,Miguel,recording,knock_once,20,0.328687,5.268991,9.948130,-0.897547,-0.941368,0.832524
805578660.000,Miguel,recording,knock_once,20,0.821164,5.414081,10.138849,-0.702877,-1.237861,0.759835
805578670.000,Miguel,recording,knock_once,20,0.592405,5.590297,9.910139,-0.451102,-1.438999,0.627401
805578680.000,Miguel,recording,knock_once,20,0.050871,5.289084,9.021444,-0.232933,-1.538539,0.526673
805578690.000,Miguel,recording,knock_once,20,-0.055030,5.255212,9.528117,-0.045889,-1.520895,0.498819
805578700.000,Miguel,recording,knock_once,20,0.526484,4.821627,9.434431,0.136790,-1.424819,0.490436
805578710.000,Miguel,recording,knock_once,20,1.202148,3.935872,9.093976,0.285808,-1.319806,0.438092
805578720.000,Miguel,recording,knock_once,20,1.786401,3.314191,8.930359,0.386928,-1.218609,0.314450
805578730.000,Miguel,recording,knock_once,20,2.197622,3.384449,8.726478,0.430688,-1.106334,0.127458
805578740.000,Miguel,recording,knock_once,20,2.452351,3.950065,8.552256,0.429476,-1.028853,-0.079417
805578750.000,Miguel,recording,knock_once,20,2.597087,3.949943,8.752926,0.438678,-1.075465,-0.268430
805578760.000,Miguel,recording,knock_once,20,3.245635,4.204932,8.018653,0.435473,-1.223170,-0.465481
805578770.000,Miguel,recording,knock_once,20,3.623200,4.309470,7.948484,0.393351,-1.386650,-0.686963
805578780.000,Miguel,recording,knock_once,20,3.602936,4.314897,7.752938,0.349704,-1.500216,-0.919462
805578790.000,Miguel,recording,knock_once,20,2.943727,4.270431,7.762320,0.324465,-1.509488,-1.148683
805578800.000,Miguel,recording,knock_once,20,1.944799,4.374592,7.691688,0.312358,-1.426996,-1.332298
805578810.000,Miguel,recording,knock_once,20,0.953523,4.748596,7.419803,0.282905,-1.311522,-1.443308
805578820.000,Miguel,recording,knock_once,20,0.224813,5.130834,7.348710,0.234182,-1.224631,-1.479327
805578830.000,Miguel,recording,knock_once,20,-0.006752,5.414981,7.210485,0.185495,-1.173665,-1.447576
805578840.000,Miguel,recording,knock_once,20,0.217999,5.885166,7.150833,0.136387,-1.131703,-1.376899
805578850.000,Miguel,recording,knock_once,20,0.440985,6.337006,7.189748,0.085754,-1.072208,-1.289418
805578860.000,Miguel,recording,knock_once,20,0.543368,6.730251,7.480855,0.050790,-0.960422,-1.191845
805578870.000,Miguel,recording,knock_once,20,0.282466,6.751851,7.818960,0.052522,-0.783041,-1.092131
805578880.000,Miguel,recording,knock_once,20,-0.359494,6.612285,8.022954,0.092505,-0.560486,-0.988772
805578890.000,Miguel,recording,knock_once,20,-1.307952,6.556570,8.098506,0.152830,-0.325605,-0.865475
805578900.000,Miguel,recording,knock_once,20,-2.062685,6.764228,8.126665,0.219561,-0.130195,-0.701196
805578910.000,Miguel,recording,knock_once,20,-2.225528,7.005166,7.947488,0.280993,-0.030440,-0.500876
805578920.000,Miguel,recording,knock_once,20,-1.924875,6.985676,7.621596,0.312713,-0.031487,-0.302008
805578930.000,Miguel,recording,knock_once,20,-1.229990,6.715646,7.379317,0.295663,-0.098045,-0.144684
805578940.000,Miguel,recording,knock_once,20,-0.467337,6.132987,7.317473,0.238371,-0.197116,-0.049349
805578950.000,Miguel,recording,knock_once,20,0.138168,5.765818,7.566661,0.175354,-0.298812,-0.014113
805578960.000,Miguel,recording,knock_once,20,0.657664,5.651394,7.809917,0.143862,-0.393557,-0.026934
805578970.000,Miguel,recording,knock_once,20,1.153813,5.686884,7.937031,0.157696,-0.502349,-0.077510
805578980.000,Miguel,recording,knock_once,20,1.638439,5.724918,7.848015,0.199455,-0.603319,-0.153379
805578990.000,Miguel,recording,knock_once,20,1.828515,5.633386,7.781965,0.243247,-0.619175,-0.234714
805579000.000,Miguel,recording,knock_once,20,1.746365,5.572355,7.710767,0.277266,-0.528156,-0.299839
805579010.000,Miguel,recording,knock_once,20,1.593293,5.540126,7.826551,0.302449,-0.380347,-0.332519
805579020.000,Miguel,recording,knock_once,20,1.432632,5.592474,7.913881,0.328985,-0.229414,-0.332876
805579030.000,Miguel,recording,knock_once,20,1.637362,5.966854,8.018070,0.362505,-0.100552,-0.322127
805579040.000,Miguel,recording,knock_once,20,1.924136,6.517743,8.110148,0.371765,0.111402,-0.323306
805579050.000,Miguel,recording,knock_once,20,2.280309,6.823680,8.612618,0.297012,0.515594,-0.327597
805579060.000,Miguel,recording,knock_once,20,1.754923,6.487604,8.128706,0.141462,0.831666,-0.296856
805579070.000,Miguel,recording,knock_once,20,1.175985,6.432060,7.511409,-0.022694,0.871098,-0.233270
805579080.000,Miguel,recording,knock_once,20,0.643188,6.812735,7.774148,-0.135920,0.836457,-0.177749
805579090.000,Miguel,recording,knock_once,20,0.730175,6.645409,7.685465,-0.186099,0.791173,-0.137923
805579100.000,Miguel,recording,knock_once,20,0.718184,6.144242,7.618786,-0.196984,0.695834,-0.105035
805579110.000,Miguel,recording,knock_once,20,0.992256,5.822247,7.740166,-0.180462,0.581035,-0.085680
805579120.000,Miguel,recording,knock_once,20,1.300323,5.687607,7.895696,-0.126303,0.485046,-0.089414
805579130.000,Miguel,recording,knock_once,20,1.468032,5.595411,7.964015,-0.034080,0.422167,-0.121872
805579140.000,Miguel,recording,knock_once,20,1.500401,5.523767,7.867232,0.078661,0.376441,-0.177474
805579150.000,Miguel,recording,knock_once,20,1.353502,5.506377,7.695877,0.191173,0.321627,-0.240652
805579160.000,Miguel,recording,knock_once,20,1.042911,5.597613,7.469315,0.286352,0.246925,-0.297692
805579170.000,Miguel,recording,knock_once,20,0.685607,5.737925,7.201251,0.352713,0.160269,-0.339682
805579180.000,Miguel,recording,knock_once,20,0.384619,5.809422,6.874137,0.382811,0.079976,-0.361854
805579190.000,Miguel,recording,knock_once,20,0.132181,5.886020,6.543275,0.368038,0.021040,-0.365698
805579200.000,Miguel,recording,knock_once,20,0.009866,5.957538,6.248063,0.303610,-0.007480,-0.354309
805579210.000,Miguel,recording,knock_once,20,-0.011816,6.045519,6.200013,0.203060,0.003175,-0.329604
805579220.000,Miguel,recording,knock_once,20,-0.046597,6.022213,6.283750,0.094856,0.062976,-0.298700
805579230.000,Miguel,recording,knock_once,20,-0.065494,5.949637,6.409306,0.002962,0.170444,-0.268894
805579240.000,Miguel,recording,knock_once,20,0.167646,5.903338,6.706931,-0.054852,0.303549,-0.242739
805579250.000,Miguel,recording,knock_once,20,0.316527,5.906903,6.921872,-0.072074,0.423489,-0.224281
805579260.000,Miguel,recording,knock_once,20,0.451494,6.103338,6.977350,-0.060859,0.477670,-0.220348
805579270.000,Miguel,recording,knock_once,20,0.745800,6.466370,6.936936,-0.036659,0.424453,-0.230998
805579280.000,Miguel,recording,knock_once,20,0.121082,6.615155,7.138087,-0.004109,0.181882,-0.209763
805579290.000,Miguel,recording,knock_once,20,-6.123274,6.712346,8.377471,0.041142,-0.267673,-0.087907
805579300.000,Miguel,recording,knock_once,20,-5.082050,6.538780,7.391926,0.107308,-0.551718,0.106670
805579310.000,Miguel,recording,knock_once,20,-3.745746,6.447530,7.865160,0.211135,-0.360960,0.301643
805579320.000,Miguel,recording,knock_once,20,-1.636884,5.360083,8.967334,0.348306,0.081285,0.457501
805579330.000,Miguel,recording,knock_once,20,-0.282005,4.925078,9.735125,0.506075,0.467589,0.558096
805579340.000,Miguel,recording,knock_once,20,1.814761,4.957391,9.969393,0.668865,0.646967,0.603445
805579350.000,Miguel,recording,knock_once,20,2.604629,5.383063,9.300571,0.786172,0.598984,0.577249
805579360.000,Miguel,recording,knock_once,20,2.664616,5.705327,8.304437,0.820501,0.416639,0.476886
805579370.000,Miguel,recording,knock_once,20,1.663344,6.082788,7.340265,0.773734,0.207075,0.341893
805579380.000,Miguel,recording,knock_once,20,0.558634,6.413819,6.564325,0.654220,0.036679,0.231041
805579390.000,Miguel,recording,knock_once,20,-0.196141,6.525225,5.990227,0.464635,-0.086353,0.179817
805579400.000,Miguel,recording,knock_once,20,-0.513186,6.513642,5.840993,0.227534,-0.171055,0.187277
805579410.000,Miguel,recording,knock_once,20,-0.538491,6.455653,6.287086,-0.000984,-0.207290,0.231203
805579420.000,Miguel,recording,knock_once,20,-0.303595,6.333186,6.954038,-0.161839,-0.184656,0.285445
805579430.000,Miguel,recording,knock_once,20,0.165815,6.100711,7.424899,-0.233568,-0.120272,0.323368
805579440.000,Miguel,recording,knock_once,20,0.824787,5.991546,7.543452,-0.237812,-0.050075,0.322439
805579450.000,Miguel,recording,knock_once,20,1.263182,6.041952,7.471525,-0.210365,-0.000713,0.279631
805579460.000,Miguel,recording,knock_once,20,1.280605,6.140995,7.353917,-0.174048,0.020655,0.214272
805579470.000,Miguel,recording,knock_once,20,1.069151,6.213136,7.290389,-0.138056,0.016649,0.151302
805579480.000,Miguel,recording,knock_once,20,0.800817,6.253725,7.211422,-0.104991,-0.007546,0.107896
805579490.000,Miguel,recording,knock_once,20,0.523372,6.338604,7.101265,-0.079194,-0.043626,0.091166
805579500.000,Miguel,recording,knock_once,20,0.242638,6.405129,6.952285,-0.070955,-0.084911,0.100612
805579510.000,Miguel,recording,knock_once,20,0.110304,6.531010,6.808495,-0.087313,-0.126587,0.129096
805579520.000,Miguel,recording,knock_once,20,0.161800,6.660449,6.757473,-0.128700,-0.160374,0.163995
805579530.000,Miguel,recording,knock_once,20,0.291268,6.629839,6.764667,-0.191012,-0.170061,0.197551
805579540.000,Miguel,recording,knock_once,20,0.259451,6.676245,6.855752,-0.264357,-0.141952,0.237632
805579550.000,Miguel,recording,knock_once,20,0.304751,6.759697,6.978942,-0.336414,-0.078628,0.290650
805579560.000,Miguel,recording,knock_once,20,0.437547,6.790480,7.073691,-0.401116,0.002479,0.345287
805579570.000,Miguel,recording,knock_once,20,0.594749,6.697355,7.156978,-0.458585,0.077043,0.386877
805579580.000,Miguel,recording,knock_once,20,0.711300,6.586783,7.259940,-0.505084,0.128622,0.408283
805579590.000,Miguel,recording,knock_once,20,0.957006,6.571621,7.448152,-0.531424,0.154180,0.407473
805579600.000,Miguel,recording,knock_once,20,1.307283,6.620412,7.654113,-0.531772,0.154012,0.381483
805579610.000,Miguel,recording,knock_once,20,1.541511,6.623534,7.838218,-0.507176,0.132940,0.327563
805579620.000,Miguel,recording,knock_once,20,1.608971,6.492479,7.875405,-0.464755,0.107409,0.251333
805579630.000,Miguel,recording,knock_once,20,1.533260,6.344705,7.943353,-0.413236,0.092680,0.167343
805579640.000,Miguel,recording,knock_once,20,1.303521,6.280766,8.067006,-0.355664,0.090638,0.094639
805579650.000,Miguel,recording,knock_once,20,1.038449,6.238766,8.211423,-0.292364,0.092011,0.047862
805579660.000,Miguel,recording,knock_once,20,0.843137,6.226429,8.322630,-0.227134,0.089473,0.031117
805579670.000,Miguel,recording,knock_once,20,0.718998,6.164467,8.292853,-0.168717,0.080858,0.039575
805579680.000,Miguel,recording,knock_once,20,0.665826,6.111121,8.145500,-0.130297,0.063868,0.064875
805579690.000,Miguel,recording,knock_once,20,0.666817,6.155204,7.935823,-0.123450,0.046439,0.104110
805579700.000,Miguel,recording,knock_once,20,0.782284,6.083464,7.736583,-0.151182,0.049242,0.156290
805579710.000,Miguel,recording,knock_once,20,0.828810,5.978673,7.523545,-0.213398,0.084233,0.217759
805579720.000,Miguel,recording,knock_once,20,0.754253,5.939269,7.429076,-0.308660,0.137487,0.283195
805579730.000,Miguel,recording,knock_once,20,0.923589,5.915349,7.371443,-0.427068,0.181590,0.337942
805579740.000,Miguel,recording,knock_once,20,1.354080,5.858025,7.506844,-0.543288,0.205794,0.357365
805579750.000,Miguel,recording,knock_once,20,1.680140,5.705122,7.888575,-0.610106,0.210007,0.324482
805579760.000,Miguel,recording,knock_once,20,1.695085,5.606455,8.503188,-0.582103,0.180080,0.241417
805579770.000,Miguel,recording,knock_once,20,1.575312,5.594292,9.124078,-0.443260,0.094802,0.125408
805579780.000,Miguel,recording,knock_once,20,1.362968,5.530835,9.684485,-0.205416,-0.051054,-0.001030
805579790.000,Miguel,recording,knock_once,20,1.208097,5.516687,9.976015,0.102114,-0.225436,-0.117522
805579800.000,Miguel,recording,knock_once,20,0.966634,5.431146,9.842842,0.433005,-0.377768,-0.204179
805579810.000,Miguel,recording,knock_once,20,0.663903,5.335520,9.416515,0.729692,-0.483897,-0.243814
805579820.000,Miguel,recording,knock_once,20,0.450810,5.443015,8.805245,0.942737,-0.540386,-0.230445
805579830.000,Miguel,recording,knock_once,20,0.569253,5.606631,8.066538,1.054783,-0.533125,-0.175903
805579840.000,Miguel,recording,knock_once,20,0.749257,5.627999,7.521075,1.083852,-0.451444,-0.103826
805579850.000,Miguel,recording,knock_once,20,1.039478,5.800078,7.511576,1.067741,-0.308895,-0.044387
805579860.000,Miguel,recording,knock_once,20,1.445408,6.152004,7.767395,1.048360,-0.127857,-0.026773
805579870.000,Miguel,recording,knock_once,20,1.611376,6.381394,7.641066,1.044734,0.054656,-0.060929
805579880.000,Miguel,recording,knock_once,20,1.527469,6.624179,7.234153,1.044690,0.176444,-0.135945
805579890.000,Miguel,recording,knock_once,20,1.260490,6.880226,6.669934,1.023976,0.195456,-0.230168
805579900.000,Miguel,recording,knock_once,20,0.909144,7.039547,6.225917,0.964539,0.142939,-0.312236
805579910.000,Miguel,recording,knock_once,20,0.609857,7.030397,5.837107,0.860591,0.105292,-0.350350
805579920.000,Miguel,recording,knock_once,20,0.438039,7.080403,5.437020,0.712448,0.143203,-0.335735
805579930.000,Miguel,recording,knock_once,20,0.403964,7.115525,5.382069,0.541288,0.249180,-0.289473
805579940.000,Miguel,recording,knock_once,20,0.320132,7.017702,5.593284,0.380670,0.372871,-0.241738
805579950.000,Miguel,recording,knock_once,20,0.236081,6.848265,5.890619,0.245331,0.451432,-0.213479
805579960.000,Miguel,recording,knock_once,20,0.233925,6.644153,6.431658,0.144590,0.462138,-0.202803
805579970.000,Miguel,recording,knock_once,20,0.201458,6.492266,7.035524,0.095868,0.443342,-0.186676
805579980.000,Miguel,recording,knock_once,20,0.162931,6.437171,7.401550,0.105987,0.433196,-0.152082
805579990.000,Miguel,recording,knock_once,20,0.188406,6.523357,7.674000,0.167917,0.431269,-0.111520
805580000.000,Miguel,recording,knock_once,20,0.145658,6.683230,7.838313,0.275515,0.411830,-0.084542
805580010.000,Miguel,recording,knock_once,20,-0.034589,6.885884,7.809678,0.419424,0.351763,-0.074328
805580020.000,Miguel,recording,knock_once,20,-0.263035,6.885594,7.566209,0.573640,0.240103,-0.071011
805580030.000,Miguel,recording,knock_once,20,-0.348373,6.715404,7.114182,0.695039,0.074699,-0.065235
805580040.000,Miguel,recording,knock_once,20,-0.288647,6.437934,6.542875,0.743690,-0.125486,-0.050987
805580050.000,Miguel,recording,knock_once,20,-0.168290,6.391340,6.144588,0.715507,-0.310327,-0.023250
805580060.000,Miguel,recording,knock_once,20,0.064478,6.573638,6.201591,0.645193,-0.417732,0.015213
805580070.000,Miguel,recording,knock_once,20,0.485764,6.884338,6.497936,0.567187,-0.422252,0.041053
805580080.000,Miguel,recording,knock_once,20,0.868818,7.075002,6.571937,0.487918,-0.349710,0.025554
805580090.000,Miguel,recording,knock_once,20,1.032105,7.106737,6.431571,0.399155,-0.236109,-0.033965
805580100.000,Miguel,recording,knock_once,20,0.918754,7.085885,6.159420,0.297854,-0.105482,-0.113030
805580110.000,Miguel,recording,knock_once,20,0.618685,7.041752,6.000355,0.188968,0.020332,-0.181400
805580120.000,Miguel,recording,knock_once,20,0.219927,7.095751,5.899864,0.078475,0.117899,-0.218693
805580130.000,Miguel,recording,knock_once,20,-0.140253,7.251274,5.828226,-0.031250,0.170355,-0.226095
805580140.000,Miguel,recording,knock_once,20,-0.375244,7.499871,5.806256,-0.131009,0.183653,-0.217435
805580150.000,Miguel,recording,knock_once,20,-0.482599,7.641577,5.867551,-0.205679,0.174453,-0.204515
805580160.000,Miguel,recording,knock_once,20,-0.378448,7.783349,5.891740,-0.250729,0.148055,-0.196709
805580170.000,Miguel,recording,knock_once,20,-0.257878,7.968919,6.083716,-0.272938,0.114871,-0.198829
805580180.000,Miguel,recording,knock_once,20,0.047649,8.017355,6.289880,-0.283290,0.096644,-0.210793
805580190.000,Miguel,recording,knock_once,20,0.286254,7.920170,6.407955,-0.291327,0.110421,-0.226635
805580200.000,Miguel,recording,knock_once,20,0.377690,7.628620,6.395387,-0.311062,0.145534,-0.241552
805580210.000,Miguel,recording,knock_once,20,0.461001,7.144883,6.390401,-0.360495,0.157932,-0.257438
805580220.000,Miguel,recording,knock_once,20,0.423769,6.869334,6.481669,-0.435017,0.119249,-0.262854
805580230.000,Miguel,recording,knock_once,20,0.337579,6.712856,6.797258,-0.507182,0.035493,-0.240544
805580240.000,Miguel,recording,knock_once,20,0.491650,6.583288,7.234394,-0.554215,-0.074996,-0.204251
805580250.000,Miguel,recording,knock_once,20,0.571315,6.597844,7.809881,-0.555604,-0.172086,-0.183876
805580260.000,Miguel,recording,knock_once,20,0.467715,6.584278,8.039163,-0.493307,-0.232426,-0.176581
805580270.000,Miguel,recording,knock_once,20,0.019321,6.606918,8.042690,-0.384860,-0.267221,-0.164096
805580280.000,Miguel,recording,knock_once,20,-0.474082,6.642138,7.737283,-0.275054,-0.308394,-0.131444
805580290.000,Miguel,recording,knock_once,20,-0.773936,6.636860,7.579386,-0.192999,-0.389963,-0.063374
805580300.000,Miguel,recording,knock_once,20,-0.678390,6.609264,7.612812,-0.138914,-0.508315,0.035922
805580310.000,Miguel,recording,knock_once,20,-0.445773,6.482641,7.593447,-0.098096,-0.627200,0.142765
805580320.000,Miguel,recording,knock_once,20,0.042132,6.452946,7.688573,-0.055752,-0.700019,0.230937
805580330.000,Miguel,recording,knock_once,20,0.657672,6.418692,7.724500,-0.003337,-0.700871,0.281542
805580340.000,Miguel,recording,knock_once,20,1.128495,6.423538,7.602782,0.049869,-0.640010,0.281703
805580350.000,Miguel,recording,knock_once,20,1.457169,6.447315,7.257522,0.080877,-0.545829,0.232359
805580360.000,Miguel,recording,knock_once,20,1.607141,6.507544,6.795193,0.072266,-0.434092,0.153288
805580370.000,Miguel,recording,knock_once,20,1.452526,6.564433,6.305351,0.023086,-0.312131,0.071261
805580380.000,Miguel,recording,knock_once,20,1.285788,6.599482,6.187611,-0.046621,-0.191714,0.001038
805580390.000,Miguel,recording,knock_once,20,1.399677,6.655132,6.341357,-0.112702,-0.081118,-0.061746
805580400.000,Miguel,recording,knock_once,20,1.411907,6.709948,6.298751,-0.177005,0.012081,-0.128107
805580410.000,Miguel,recording,knock_once,20,1.681271,6.844974,6.465484,-0.240772,0.104988,-0.197582
805580420.000,Miguel,recording,knock_once,20,2.131886,6.866412,6.723992,-0.277301,0.247908,-0.267405
805580430.000,Miguel,recording,knock_once,20,2.004324,6.662332,6.779665,-0.266522,0.450376,-0.344534
805580440.000,Miguel,recording,knock_once,20,1.309206,6.325476,6.865730,-0.208671,0.646458,-0.423160
805580450.000,Miguel,recording,knock_once,20,0.399865,6.185567,7.196604,-0.100120,0.728794,-0.490013
805580460.000,Miguel,recording,knock_once,20,-3.789578,6.045475,7.771661,0.068460,0.647863,-0.506234
805580470.000,Miguel,recording,knock_once,20,-4.248872,6.524802,7.692604,0.259419,0.526312,-0.377290
805580480.000,Miguel,recording,knock_once,20,-3.406423,6.263590,6.606631,0.381911,0.475635,-0.112980
805580490.000,Miguel,recording,knock_once,20,-1.989329,5.837961,6.322836,0.388055,0.404484,0.160975
805580500.000,Miguel,recording,knock_once,20,-1.009654,6.013695,6.226311,0.313024,0.267479,0.371458
805580510.000,Miguel,recording,knock_once,20,0.253187,6.326387,6.521215,0.217914,0.150346,0.495519
805580520.000,Miguel,recording,knock_once,20,0.851876,6.489848,6.642133,0.137727,0.094888,0.533812
805580530.000,Miguel,recording,knock_once,20,1.307240,6.638205,6.786100,0.073910,0.074631,0.507614
805580540.000,Miguel,recording,knock_once,20,1.436386,6.846084,6.788845,0.013605,0.047450,0.445328
805580550.000,Miguel,recording,knock_once,20,1.288261,6.915989,6.860546,-0.049153,-0.001726,0.377090
805580560.000,Miguel,recording,knock_once,20,0.909968,6.859233,6.995910,-0.111219,-0.055792,0.321481
805580570.000,Miguel,recording,knock_once,20,0.623624,6.872425,7.022779,-0.173283,-0.072810,0.278401
805580580.000,Miguel,recording,knock_once,20,0.488969,6.896671,7.017610,-0.240460,-0.032770,0.245207
805580590.000,Miguel,recording,knock_once,20,0.310934,6.836681,7.091267,-0.315170,0.038839,0.224064
805580600.000,Miguel,recording,knock_once,20,0.164920,6.785443,7.249600,-0.389559,0.114238,0.218942
805580610.000,Miguel,recording,knock_once,20,0.182534,6.690023,7.438013,-0.446666,0.188224,0.230830
805580620.000,Miguel,recording,knock_once,20,0.300801,6.619647,7.584407,-0.470823,0.257270,0.250924
805580630.000,Miguel,recording,knock_once,20,0.358188,6.608390,7.792709,-0.452163,0.301850,0.265772
805580640.000,Miguel,recording,knock_once,20,0.371829,6.584032,7.955578,-0.389100,0.294248,0.267257
805580650.000,Miguel,recording,knock_once,20,0.342237,6.600229,8.065459,-0.289362,0.223276,0.257321
805580660.000,Miguel,recording,knock_once,20,0.298213,6.625844,8.029153,-0.166086,0.110843,0.244239
805580670.000,Miguel,recording,knock_once,20,0.363631,6.601072,7.839039,-0.038543,0.002116,0.229223
805580680.000,Miguel,recording,knock_once,20,0.527059,6.465888,7.539608,0.070469,-0.080935,0.206755
805580690.000,Miguel,recording,knock_once,20,0.470481,6.562551,7.523374,0.149663,-0.160425,0.186527
805580700.000,Miguel,recording,knock_once,20,0.534118,6.812632,7.607481,0.206552,-0.226209,0.182297
805580710.000,Miguel,recording,knock_once,20,0.784066,6.879663,7.528277,0.250007,-0.227344,0.184745
805580720.000,Miguel,recording,knock_once,20,1.064106,6.791537,7.289382,0.274693,-0.160113,0.174583
805580730.000,Miguel,recording,knock_once,20,1.176458,6.818539,7.090122,0.271714,-0.067161,0.146175
805580740.000,Miguel,recording,knock_once,20,1.189396,6.983267,7.022836,0.242675,0.018190,0.108040
805580750.000,Miguel,recording,knock_once,20,1.186644,7.074826,6.954759,0.198618,0.092976,0.068540
805580760.000,Miguel,recording,knock_once,20,1.065005,7.046662,6.874870,0.148216,0.162802,0.031576
805580770.000,Miguel,recording,knock_once,20,0.873077,6.989567,6.849333,0.096205,0.219871,0.004189
805580780.000,Miguel,recording,knock_once,20,0.714265,6.965180,6.919887,0.052279,0.253001,-0.007899
805580790.000,Miguel,recording,knock_once,20,0.673764,6.989684,7.036860,0.024656,0.260092,-0.012094
805580800.000,Miguel,recording,knock_once,20,0.691599,6.987278,7.120197,0.014376,0.247081,-0.023598
805580810.000,Miguel,recording,knock_once,20,0.675183,6.863374,7.145780,0.019596,0.224005,-0.046275
805580820.000,Miguel,recording,knock_once,20,0.535701,6.737323,7.101386,0.036934,0.198324,-0.068192
805580830.000,Miguel,recording,knock_once,20,0.291528,6.641335,6.994549,0.059544,0.167801,-0.074108
805580840.000,Miguel,recording,knock_once,20,0.073529,6.632099,6.843717,0.077633,0.123440,-0.057053
805580850.000,Miguel,recording,knock_once,20,-0.005672,6.655680,6.710839,0.084708,0.062370,-0.023264
805580860.000,Miguel,recording,knock_once,20,0.050947,6.716892,6.656510,0.079927,-0.006907,0.011307
805580870.000,Miguel,recording,knock_once,20,0.133879,6.693455,6.591907,0.064694,-0.067381,0.033189
805580880.000,Miguel,recording,knock_once,20,0.267418,6.635122,6.492453,0.037740,-0.101226,0.039440
805580890.000,Miguel,recording,knock_once,20,0.383627,6.610875,6.352435,-0.007388,-0.104671,0.034563
805580900.000,Miguel,recording,knock_once,20,0.431058,6.651230,6.336923,-0.071467,-0.083168,0.026055
805580910.000,Miguel,recording,knock_once,20,0.540513,6.666869,6.617427,-0.137012,-0.030730,0.020855
805580920.000,Miguel,recording,knock_once,20,0.679390,6.619853,6.882770,-0.181691,0.056676,0.018150
805580930.000,Miguel,recording,knock_once,20,0.609108,6.531288,6.971018,-0.203410,0.148051,0.010166
805580940.000,Miguel,recording,knock_once,20,0.379858,6.498887,7.090013,-0.212867,0.197418,-0.001790
805580950.000,Miguel,recording,knock_once,20,0.129366,6.564954,7.202621,-0.212280,0.191524,-0.006241
805580960.000,Miguel,recording,knock_once,20,-0.119185,6.568405,7.312823,-0.199165,0.149914,0.003040
805580970.000,Miguel,recording,knock_once,20,-0.216139,6.576131,7.355849,-0.176826,0.097529,0.023789
805580980.000,Miguel,recording,knock_once,20,-0.193031,6.547533,7.310395,-0.154577,0.048266,0.050459
805580990.000,Miguel,recording,knock_once,20,-0.063786,6.534792,7.214550,-0.141359,-0.001950,0.074265
805581000.000,Miguel,recording,knock_once,20,0.248238,6.568033,7.102244,-0.139329,-0.069229,0.084600
805581010.000,Miguel,recording,knock_once,20,0.579600,6.625713,6.983696,-0.144901,-0.152098,0.074263
805581020.000,Miguel,recording,knock_once,20,0.725221,6.588804,6.910875,-0.155465,-0.222906,0.042610
805581030.000,Miguel,recording,knock_once,20,0.705479,6.482210,6.976541,-0.167434,-0.254994,0.000718
805581040.000,Miguel,recording,knock_once,20,0.591056,6.437203,7.246530,-0.172814,-0.237031,-0.033410
805581050.000,Miguel,recording,knock_once,20,0.371744,6.295952,7.440578,-0.166280,-0.175461,-0.047624
805581060.000,Miguel,recording,knock_once,20,0.107493,6.183243,7.584013,-0.151481,-0.089384,-0.037578
805581070.000,Miguel,recording,knock_once,20,-0.093004,6.153969,7.638645,-0.134094,0.002779,-0.003091
805581080.000,Miguel,recording,knock_once,20,-0.184886,6.197966,7.660294,-0.115769,0.088612,0.053849
805581090.000,Miguel,recording,knock_once,20,-0.195034,6.283152,7.629817,-0.100402,0.157408,0.122240
805581100.000,Miguel,recording,knock_once,20,-0.019513,6.387238,7.623325,-0.094803,0.209579,0.186091
805581110.000,Miguel,recording,knock_once,20,0.280685,6.455445,7.702332,-0.097264,0.266369,0.234941
805581120.000,Miguel,recording,knock_once,20,0.576991,6.470835,7.843199,-0.097946,0.341602,0.262455
805581130.000,Miguel,recording,knock_once,20,0.741166,6.467308,7.905258,-0.093328,0.419988,0.265589
805581140.000,Miguel,recording,knock_once,20,0.754804,6.513220,7.928160,-0.083348,0.478524,0.247645
805581150.000,Miguel,recording,knock_once,20,0.675552,6.544065,7.854450,-0.065007,0.506271,0.219054
805581160.000,Miguel,recording,knock_once,20,0.509386,6.528025,7.750174,-0.039073,0.500815,0.192702
805581170.000,Miguel,recording,knock_once,20,0.415673,6.585787,7.780127,-0.007572,0.463293,0.177708
805581180.000,Miguel,recording,knock_once,20,0.347588,6.662458,7.852746,0.031808,0.401610,0.173661
805581190.000,Miguel,recording,knock_once,20,0.388078,6.641049,7.869653,0.080654,0.332737,0.172322
805581200.000,Miguel,recording,knock_once,20,0.496207,6.605036,7.765238,0.134681,0.273310,0.163163
805581210.000,Miguel,recording,knock_once,20,0.620673,6.575112,7.656864,0.186939,0.229009,0.140010
805581220.000,Miguel,recording,knock_once,20,0.639894,6.553169,7.479313,0.232824,0.193357,0.107134
805581230.000,Miguel,recording,knock_once,20,0.560859,6.571529,7.301504,0.269250,0.157225,0.074421
805581240.000,Miguel,recording,knock_once,20,0.380820,6.591801,7.090690,0.294564,0.115413,0.050000
805581250.000,Miguel,recording,knock_once,20,0.188185,6.588263,6.919477,0.309655,0.069737,0.038875
805581260.000,Miguel,recording,knock_once,20,0.171976,6.612125,6.913234,0.320438,0.032185,0.039990
805581270.000,Miguel,recording,knock_once,20,0.269965,6.626358,6.907556,0.332181,0.012397,0.044666
805581280.000,Miguel,recording,knock_once,20,0.319749,6.659343,6.780032,0.340165,0.003176,0.044713
805581290.000,Miguel,recording,knock_once,20,0.305521,6.724877,6.649686,0.337193,-0.011674,0.039974
805581300.000,Miguel,recording,knock_once,20,0.201376,6.797980,6.522323,0.321298,-0.042436,0.036065
805581310.000,Miguel,recording,knock_once,20,0.085074,6.820334,6.426200,0.292969,-0.090360,0.036742
805581320.000,Miguel,recording,knock_once,20,0.099028,6.860187,6.468506,0.256587,-0.143929,0.042040
805581330.000,Miguel,recording,knock_once,20,0.264929,6.856034,6.511662,0.218102,-0.178468,0.047902
805581340.000,Miguel,recording,knock_once,20,0.394829,6.822151,6.495727,0.175631,-0.182788,0.046800
805581350.000,Miguel,recording,knock_once,20,0.417261,6.759391,6.489815,0.125743,-0.168164,0.037678
805581360.000,Miguel,recording,knock_once,20,0.407593,6.762773,6.639527,0.075402,-0.139309,0.029686
805581370.000,Miguel,recording,knock_once,20,0.401594,6.750380,6.751405,0.032729,-0.093515,0.029346
805581380.000,Miguel,recording,knock_once,20,0.409693,6.700392,6.758668,-0.005454,-0.043819,0.033289
805581390.000,Miguel,recording,knock_once,20,0.343574,6.673636,6.779721,-0.043508,-0.010673,0.037054
805581400.000,Miguel,recording,knock_once,20,0.225690,6.684557,6.838673,-0.075809,-0.001727,0.041733
805581410.000,Miguel,recording,knock_once,20,0.160108,6.719991,6.958931,-0.095845,-0.014756,0.051123
805581420.000,Miguel,recording,knock_once,20,0.221323,6.724117,7.067354,-0.104896,-0.040743,0.063435
805581430.000,Miguel,recording,knock_once,20,0.399386,6.708816,7.092925,-0.107795,-0.062175,0.069479
805581440.000,Miguel,recording,knock_once,20,0.492203,6.635776,7.059519,-0.111986,-0.067241,0.065222
805581450.000,Miguel,recording,knock_once,20,0.488063,6.597218,7.017635,-0.122788,-0.058593,0.058002
805581460.000,Miguel,recording,knock_once,20,0.416875,6.603191,7.052669,-0.137146,-0.043633,0.055893
805581470.000,Miguel,recording,knock_once,20,0.348659,6.603439,7.088165,-0.149033,-0.024816,0.060495
805581480.000,Miguel,recording,knock_once,20,0.370316,6.562143,7.169967,-0.152901,-0.000607,0.067314
805581490.000,Miguel,recording,knock_once,20,0.369119,6.532237,7.206544,-0.145313,0.022118,0.070123
805581500.000,Miguel,recording,knock_once,20,0.324689,6.526834,7.243034,-0.127764,0.026194,0.067439
805581510.000,Miguel,recording,knock_once,20,0.218961,6.556408,7.256972,-0.103725,0.003448,0.064219