timestamp_ms,user_name,phase,action_label,segment_index,acc_x,acc_y,acc_z,gyro_x,gyro_y,gyro_z
544015010.000,Miguel,recording,knock_twice_right,1,-1.285276,7.762791,6.050567,0.257480,-0.183727,0.014128
544015020.000,Miguel,recording,knock_twice_right,1,-1.263843,7.822646,5.823591,0.238443,-0.196624,0.015741
544015030.000,Miguel,recording,knock_twice_right,1,-1.149183,7.804737,5.705482,0.188801,-0.166378,0.031457
544015040.000,Miguel,recording,knock_twice_right,1,-1.018795,7.772239,5.675440,0.126194,-0.097578,0.049255
544015050.000,Miguel,recording,knock_twice_right,1,-0.892243,7.763153,5.711918,0.062474,-0.018703,0.058330
544015060.000,Miguel,recording,knock_twice_right,1,-0.829088,7.785516,5.853225,0.010609,0.049177,0.057742
544015070.000,Miguel,recording,knock_twice_right,1,-0.785954,7.787915,6.098756,-0.013502,0.097639,0.051808
544015080.000,Miguel,recording,knock_twice_right,1,-0.787896,7.791042,6.341678,-0.001641,0.124309,0.040009
544015090.000,Miguel,recording,knock_twice_right,1,-0.815320,7.803923,6.462199,0.038947,0.137060,0.021246
544015100.000,Miguel,recording,knock_twice_right,1,-0.844218,7.817229,6.346814,0.090943,0.148837,-0.003668
544015110.000,Miguel,recording,knock_twice_right,1,-0.910232,7.886087,6.112168,0.135002,0.171134,-0.031813
544015120.000,Miguel,recording,knock_twice_right,1,-0.931512,8.006341,5.913730,0.158880,0.210893,-0.059652
544015130.000,Miguel,recording,knock_twice_right,1,-0.834370,8.101574,5.782988,0.163559,0.262074,-0.086335
544015140.000,Miguel,recording,knock_twice_right,1,-0.707004,8.125299,5.665831,0.154861,0.307025,-0.117251
544015150.000,Miguel,recording,knock_twice_right,1,-0.602593,8.075366,5.454575,0.131264,0.329564,-0.163306
544015160.000,Miguel,recording,knock_twice_right,1,-0.528604,8.112309,5.160033,0.084719,0.325118,-0.228712
544015170.000,Miguel,recording,knock_twice_right,1,-0.686260,8.152322,4.990361,0.010256,0.304457,-0.301901
544015180.000,Miguel,recording,knock_twice_right,1,-0.987451,8.107002,4.948319,-0.090936,0.289873,-0.361137
544015190.000,Miguel,recording,knock_twice_right,1,-1.328975,7.939415,5.101111,-0.207548,0.298783,-0.384809
544015200.000,Miguel,recording,knock_twice_right,1,-1.901773,7.751452,5.391899,-0.316885,0.342228,-0.355498
544015210.000,Miguel,recording,knock_twice_right,1,-2.966623,7.570078,5.667424,-0.397665,0.448774,-0.248769
544015220.000,Miguel,recording,knock_twice_right,1,-3.411925,7.403440,5.767425,-0.453333,0.604051,-0.058780
544015230.000,Miguel,recording,knock_twice_right,1,-2.867783,7.136053,5.857814,-0.501524,0.729488,0.149476
544015240.000,Miguel,recording,knock_twice_right,1,-2.077485,6.840406,6.218047,-0.540379,0.744499,0.292318
544015250.000,Miguel,recording,knock_twice_right,1,-1.743761,6.887978,6.522244,-0.545655,0.638490,0.338689
544015260.000,Miguel,recording,knock_twice_right,1,-1.395628,7.113502,6.887592,-0.492159,0.490748,0.299559
544015270.000,Miguel,recording,knock_twice_right,1,-1.255615,7.186578,7.116724,-0.381297,0.362740,0.211055
544015280.000,Miguel,recording,knock_twice_right,1,-1.248381,7.192542,7.365459,-0.230172,0.252203,0.114545
544015290.000,Miguel,recording,knock_twice_right,1,-1.415143,7.096409,7.347856,-0.059788,0.149964,0.035295
544015300.000,Miguel,recording,knock_twice_right,1,-1.659015,7.016279,7.057636,0.101351,0.066691,-0.011863
544015310.000,Miguel,recording,knock_twice_right,1,-1.978716,7.058058,6.582994,0.225350,0.007884,-0.020373
544015320.000,Miguel,recording,knock_twice_right,1,-2.224754,7.152472,6.131296,0.292518,-0.035066,0.003668
544015330.000,Miguel,recording,knock_twice_right,1,-2.329481,7.225899,5.789806,0.302730,-0.069621,0.048672
544015340.000,Miguel,recording,knock_twice_right,1,-2.274398,7.304847,5.577363,0.269593,-0.094776,0.103634
544015350.000,Miguel,recording,knock_twice_right,1,-2.109139,7.431014,5.540808,0.212821,-0.106459,0.156024
544015360.000,Miguel,recording,knock_twice_right,1,-1.857430,7.598340,5.600515,0.154735,-0.105445,0.192109
544015370.000,Miguel,recording,knock_twice_right,1,-1.539449,7.767587,5.668047,0.111259,-0.096055,0.198146
544015380.000,Miguel,recording,knock_twice_right,1,-1.269494,7.951959,5.680799,0.085176,-0.094758,0.167348
544015390.000,Miguel,recording,knock_twice_right,1,-1.092288,8.038931,5.802752,0.073677,-0.122183,0.107130
544015400.000,Miguel,recording,knock_twice_right,1,-0.940016,8.027076,5.880355,0.074973,-0.173303,0.028118
544015410.000,Miguel,recording,knock_twice_right,1,-0.770868,7.962334,5.890543,0.086236,-0.223886,-0.063102
544015420.000,Miguel,recording,knock_twice_right,1,-0.732819,7.879463,5.956273,0.104566,-0.250839,-0.153676
544015430.000,Miguel,recording,knock_twice_right,1,-0.849155,7.713671,6.031144,0.126259,-0.238316,-0.226660
544015440.000,Miguel,recording,knock_twice_right,1,-1.045307,7.622301,6.093929,0.147798,-0.187097,-0.273818
544015450.000,Miguel,recording,knock_twice_right,1,-1.240628,7.579092,6.146183,0.168713,-0.118707,-0.298595
544015460.000,Miguel,recording,knock_twice_right,1,-1.442753,7.568016,6.233361,0.193868,-0.061446,-0.309392
544015470.000,Miguel,recording,knock_twice_right,1,-1.583051,7.701309,6.315364,0.233021,-0.033312,-0.315561
544015480.000,Miguel,recording,knock_twice_right,1,-1.554474,7.934229,6.225671,0.280826,-0.022588,-0.332548
544015490.000,Miguel,recording,knock_twice_right,1,-1.383051,8.098498,5.904763,0.310267,0.013091,-0.370570
544015500.000,Miguel,recording,knock_twice_right,1,-1.231458,8.196308,5.449821,0.298522,0.099945,-0.422746
544015510.000,Miguel,recording,knock_twice_right,1,-1.213956,8.378079,5.168938,0.245656,0.216919,-0.475481
544015520.000,Miguel,recording,knock_twice_right,1,-1.359870,8.528679,5.101352,0.170433,0.317844,-0.521235
544015530.000,Miguel,recording,knock_twice_right,1,-1.660487,8.661988,5.609115,0.092398,0.348768,-0.555524
544015540.000,Miguel,recording,knock_twice_right,1,-1.877494,8.609699,5.684972,-0.005471,0.323956,-0.568644
544015550.000,Miguel,recording,knock_twice_right,1,-2.096400,8.097418,5.047500,-0.169540,0.331406,-0.545154
544015560.000,Miguel,recording,knock_twice_right,1,-1.979238,6.926372,4.045785,-0.443891,0.384485,-0.443456
544015570.000,Miguel,recording,knock_twice_right,1,-2.121017,6.174268,3.065785,-0.866707,0.481486,-0.292190
544015580.000,Miguel,recording,knock_twice_right,1,-2.594781,6.197818,2.660189,-1.390167,0.633722,-0.144450
544015590.000,Miguel,recording,knock_twice_right,1,-2.670533,5.502534,2.851181,-1.888678,0.788386,0.007985
544015600.000,Miguel,recording,knock_twice_right,1,-2.996278,5.324904,3.684228,-2.291578,0.900673,0.121120
544015610.000,Miguel,recording,knock_twice_right,1,-3.415444,5.276661,4.367534,-2.569368,0.907031,0.161884
544015620.000,Miguel,recording,knock_twice_right,1,-3.596892,5.867588,5.177039,-2.707419,0.752216,0.172625
544015630.000,Miguel,recording,knock_twice_right,1,-3.560688,6.441560,6.170192,-2.718063,0.462784,0.204491
544015640.000,Miguel,recording,knock_twice_right,1,-3.406421,6.633091,6.897360,-2.635944,0.112038,0.273081
544015650.000,Miguel,recording,knock_twice_right,1,-3.280502,6.395125,7.289868,-2.506668,-0.202626,0.358669
544015660.000,Miguel,recording,knock_twice_right,1,-3.148372,6.059811,7.806165,-2.334038,-0.408395,0.427478
544015670.000,Miguel,recording,knock_twice_right,1,-2.806225,5.690504,8.062968,-2.120225,-0.514785,0.452854
544015680.000,Miguel,recording,knock_twice_right,1,-2.200493,5.701059,7.931671,-1.921536,-0.544050,0.417155
544015690.000,Miguel,recording,knock_twice_right,1,-1.683788,5.895236,8.076312,-1.779233,-0.492177,0.320537
544015700.000,Miguel,recording,knock_twice_right,1,-1.260651,5.779747,8.491534,-1.670525,-0.366869,0.201469
544015710.000,Miguel,recording,knock_twice_right,1,-1.181448,5.173612,9.137869,-1.540191,-0.157745,0.122901
544015720.000,Miguel,recording,knock_twice_right,1,-1.319483,4.819314,9.969470,-1.337627,0.144857,0.134795
544015730.000,Miguel,recording,knock_twice_right,1,-1.499478,4.833068,10.925915,-1.045609,0.520223,0.236216
544015740.000,Miguel,recording,knock_twice_right,1,-1.537200,4.678418,11.117782,-0.691432,0.899409,0.381622
544015750.000,Miguel,recording,knock_twice_right,1,-1.722901,4.204303,10.604018,-0.371110,1.082228,0.511849
544015760.000,Miguel,recording,knock_twice_right,1,-1.716250,3.874725,9.287907,-0.224282,0.863429,0.499855
544015770.000,Miguel,recording,knock_twice_right,1,-1.737580,4.363949,8.234803,-0.250428,0.360777,0.281528
544015780.000,Miguel,recording,knock_twice_right,1,-2.232222,4.843587,8.346858,-0.283721,-0.105559,0.013984
544015790.000,Miguel,recording,knock_twice_right,1,-2.422314,5.119799,8.812683,-0.223711,-0.396764,-0.128649
544015800.000,Miguel,recording,knock_twice_right,1,-2.422869,5.269932,8.810722,-0.096732,-0.552008,-0.128203
544015810.000,Miguel,recording,knock_twice_right,1,-2.337862,5.687675,8.478613,0.025434,-0.631714,-0.066521
544015820.000,Miguel,recording,knock_twice_right,1,-2.120895,6.381255,8.085573,0.089222,-0.683322,-0.017650
544015830.000,Miguel,recording,knock_twice_right,1,-1.848536,6.642346,7.594833,0.093316,-0.724948,0.002129
544015840.000,Miguel,recording,knock_twice_right,1,-1.517403,6.541659,7.282449,0.065331,-0.747847,0.010384
544015850.000,Miguel,recording,knock_twice_right,1,-1.197195,6.115375,7.040469,0.022894,-0.743854,0.026227
544015860.000,Miguel,recording,knock_twice_right,1,-1.132623,5.655062,7.045896,-0.020835,-0.718238,0.059661
544015870.000,Miguel,recording,knock_twice_right,1,-1.319928,5.404808,7.585897,-0.033604,-0.680222,0.103648
544015880.000,Miguel,recording,knock_twice_right,1,-1.753565,5.075234,8.162509,0.014717,-0.635144,0.142201
544015890.000,Miguel,recording,knock_twice_right,1,-2.232336,4.867307,8.654812,0.133720,-0.597941,0.161862
544015900.000,Miguel,recording,knock_twice_right,1,-2.185343,4.986549,8.966100,0.291931,-0.587008,0.158259
544015910.000,Miguel,recording,knock_twice_right,1,-1.895051,5.257503,8.739289,0.412082,-0.589656,0.144399
544015920.000,Miguel,recording,knock_twice_right,1,-1.733899,5.204018,8.129277,0.446711,-0.571613,0.144884
544015930.000,Miguel,recording,knock_twice_right,1,-1.552501,4.984754,7.770293,0.418952,-0.515486,0.175938
544015940.000,Miguel,recording,knock_twice_right,1,-1.485118,4.778563,7.692253,0.373953,-0.429178,0.232043
544015950.000,Miguel,recording,knock_twice_right,1,-1.445179,4.902529,7.889534,0.350342,-0.341311,0.289001
544015960.000,Miguel,recording,knock_twice_right,1,-1.485257,5.293447,8.079638,0.369113,-0.268871,0.317783
544015970.000,Miguel,recording,knock_twice_right,1,-1.631056,5.532185,7.759548,0.414351,-0.194042,0.292231
544015980.000,Miguel,recording,knock_twice_right,1,-1.648212,5.704836,7.205996,0.458876,-0.088064,0.200885
544015990.000,Miguel,recording,knock_twice_right,1,-1.475420,6.051301,6.733624,0.481658,0.057236,0.066693
544016000.000,Miguel,recording,knock_twice_right,1,-1.348000,6.314562,6.429311,0.455434,0.233394,-0.066854
544016010.000,Miguel,recording,knock_twice_right,1,-1.213813,6.383866,6.549310,0.368860,0.448153,-0.167296
544016020.000,Miguel,recording,knock_twice_right,1,-0.968207,6.074885,7.245688,0.261975,0.702686,-0.220894
544016030.000,Miguel,recording,knock_twice_right,1,-0.558553,5.701189,8.293310,0.174558,0.857312,-0.229085
544016040.000,Miguel,recording,knock_twice_right,1,-0.243635,5.489614,9.308864,0.111782,0.677705,-0.205488
544016050.000,Miguel,recording,knock_twice_right,1,0.017376,5.483088,10.605048,0.176621,0.265421,-0.174412
544016060.000,Miguel,recording,knock_twice_right,1,-0.100130,5.732234,11.455818,0.469259,-0.028189,-0.183689
544016070.000,Miguel,recording,knock_twice_right,1,-0.133559,5.729739,10.926340,0.902745,-0.115659,-0.261495
544016080.000,Miguel,recording,knock_twice_right,1,-0.632583,5.572158,9.784154,1.306386,-0.146196,-0.367779
544016090.000,Miguel,recording,knock_twice_right,1,-1.375154,5.575579,8.797776,1.575004,-0.217676,-0.426322
544016100.000,Miguel,recording,knock_twice_right,1,-1.926539,5.657176,8.164236,1.708398,-0.277295,-0.388153
544016110.000,Miguel,recording,knock_twice_right,1,-2.143478,5.907455,7.675811,1.732039,-0.259497,-0.259020
544016120.000,Miguel,recording,knock_twice_right,1,-2.051059,6.338284,7.187754,1.643314,-0.171382,-0.072472
544016130.000,Miguel,recording,knock_twice_right,1,-1.788388,6.567110,6.882264,1.463185,-0.027737,0.131049
544016140.000,Miguel,recording,knock_twice_right,1,-1.434755,6.567210,6.607750,1.243057,0.161599,0.317418
544016150.000,Miguel,recording,knock_twice_right,1,-1.053508,6.451495,6.590877,1.027888,0.353486,0.472697
544016160.000,Miguel,recording,knock_twice_right,1,-0.858021,6.406275,6.699739,0.855405,0.489223,0.599520
544016170.000,Miguel,recording,knock_twice_right,1,-0.998390,6.374225,6.735194,0.748867,0.525409,0.699249
544016180.000,Miguel,recording,knock_twice_right,1,-1.339550,6.669534,6.878618,0.736138,0.423172,0.760770
544016190.000,Miguel,recording,knock_twice_right,1,-1.477794,7.490488,7.051700,0.829879,0.150762,0.741329
544016200.000,Miguel,recording,knock_twice_right,1,-1.258070,8.494853,6.912851,0.994397,-0.271432,0.610333
544016210.000,Miguel,recording,knock_twice_right,1,-1.092901,8.778690,6.707582,1.175848,-0.746606,0.423965
544016220.000,Miguel,recording,knock_twice_right,1,-0.957905,8.327944,6.425401,1.326756,-1.147876,0.269603
544016230.000,Miguel,recording,knock_twice_right,1,-0.824351,7.647785,6.172665,1.428205,-1.375316,0.188622
544016240.000,Miguel,recording,knock_twice_right,1,-0.696917,7.136564,6.131881,1.493805,-1.406462,0.176824
544016250.000,Miguel,recording,knock_twice_right,1,-0.629531,6.871885,6.172481,1.544643,-1.293938,0.208055
544016260.000,Miguel,recording,knock_twice_right,1,-0.545047,7.032174,6.054778,1.582887,-1.104549,0.250857
544016270.000,Miguel,recording,knock_twice_right,1,-0.340049,7.459716,5.533765,1.583057,-0.873450,0.278509
544016280.000,Miguel,recording,knock_twice_right,1,-0.215467,7.459697,5.017161,1.527435,-0.588669,0.273334
544016290.000,Miguel,recording,knock_twice_right,1,-0.167134,7.308916,4.230794,1.397620,-0.291271,0.226769
544016300.000,Miguel,recording,knock_twice_right,1,0.011645,7.197596,3.533949,1.160118,-0.076121,0.125839
544016310.000,Miguel,recording,knock_twice_right,1,-0.039199,7.331257,3.244383,0.815073,0.040420,-0.025356
544016320.000,Miguel,recording,knock_twice_right,1,-0.351911,7.697798,3.393227,0.417283,0.117092,-0.177892
544016330.000,Miguel,recording,knock_twice_right,1,-0.931049,7.981865,3.896450,0.036413,0.191982,-0.281121
544016340.000,Miguel,recording,knock_twice_right,1,-1.453692,8.272364,4.667524,-0.273410,0.262821,-0.314398
544016350.000,Miguel,recording,knock_twice_right,1,-1.721671,8.478369,5.621198,-0.464658,0.323353,-0.287883
544016360.000,Miguel,recording,knock_twice_right,1,-1.720597,8.602013,6.474720,-0.509326,0.351516,-0.235918
544016370.000,Miguel,recording,knock_twice_right,1,-1.613707,8.508594,6.983755,-0.422236,0.314281,-0.187962
544016380.000,Miguel,recording,knock_twice_right,1,-1.597607,8.277831,7.153403,-0.247950,0.187379,-0.144706
544016390.000,Miguel,recording,knock_twice_right,1,-1.531717,8.030193,7.104546,-0.038265,-0.025981,-0.097780
544016400.000,Miguel,recording,knock_twice_right,1,-1.377745,7.957041,6.884981,0.172504,-0.280552,-0.053965
544016410.000,Miguel,recording,knock_twice_right,1,-1.110541,8.011014,6.630695,0.372610,-0.526191,-0.029441
544016420.000,Miguel,recording,knock_twice_right,1,-0.747007,8.072113,6.300021,0.539198,-0.730138,-0.035275
544016430.000,Miguel,recording,knock_twice_right,1,-0.423335,7.984409,5.977246,0.649502,-0.870525,-0.068382
544016440.000,Miguel,recording,knock_twice_right,1,-0.279895,7.873319,5.813806,0.708925,-0.933240,-0.114269
544016450.000,Miguel,recording,knock_twice_right,1,-0.190765,7.753840,5.806057,0.738372,-0.908445,-0.156146
544016460.000,Miguel,recording,knock_twice_right,1,-0.203953,7.631899,5.835640,0.757987,-0.812081,-0.187443
544016470.000,Miguel,recording,knock_twice_right,1,-0.267441,7.612154,5.793351,0.772071,-0.679625,-0.207627
544016480.000,Miguel,recording,knock_twice_right,1,-0.389755,7.747448,5.639443,0.774111,-0.535154,-0.216346
544016490.000,Miguel,recording,knock_twice_right,1,-0.483076,7.989765,5.398773,0.762169,-0.388907,-0.216716
544016500.000,Miguel,recording,knock_twice_right,1,-0.549181,8.174514,5.156504,0.738579,-0.252301,-0.211944
544016510.000,Miguel,recording,knock_twice_right,1,-0.569675,8.197227,4.905866,0.704058,-0.139127,-0.204219
544016520.000,Miguel,recording,knock_twice_right,1,-0.582215,8.201911,4.665869,0.657427,-0.058486,-0.194348
544016530.000,Miguel,recording,knock_twice_right,1,-0.656396,8.193195,4.471536,0.602945,-0.012277,-0.181050
544016540.000,Miguel,recording,knock_twice_right,1,-0.767372,8.232710,4.295147,0.546116,-0.000906,-0.162792
544016550.000,Miguel,recording,knock_twice_right,1,-0.882194,8.293062,4.164262,0.488406,-0.028269,-0.141584
544016560.000,Miguel,recording,knock_twice_right,1,-0.961531,8.414962,4.066130,0.429273,-0.092201,-0.119809
544016570.000,Miguel,recording,knock_twice_right,1,-1.020329,8.465696,4.028957,0.367853,-0.178735,-0.098022
544016580.000,Miguel,recording,knock_twice_right,1,-1.068088,8.520816,4.008564,0.303089,-0.265994,-0.074368
544016590.000,Miguel,recording,knock_twice_right,1,-1.006752,8.570560,4.029387,0.233471,-0.331915,-0.047846
544016600.000,Miguel,recording,knock_twice_right,1,-0.874094,8.566640,4.084983,0.158816,-0.364648,-0.023199
544016610.000,Miguel,recording,knock_twice_right,1,-0.710983,8.474521,4.182509,0.082359,-0.363588,-0.005211
544016620.000,Miguel,recording,knock_twice_right,1,-0.585886,8.369036,4.296732,0.012458,-0.334333,0.001913
544016630.000,Miguel,recording,knock_twice_right,1,-0.532938,8.296389,4.409472,-0.046148,-0.290022,-0.001216
544016640.000,Miguel,recording,knock_twice_right,1,-0.530306,8.307754,4.554337,-0.092776,-0.244897,-0.005046
544016650.000,Miguel,recording,knock_twice_right,1,-0.564966,8.302461,4.721060,-0.127441,-0.202530,-0.004673
544016660.000,Miguel,recording,knock_twice_right,1,-0.579754,8.275109,4.861622,-0.148308,-0.161544,-0.000706
544016670.000,Miguel,recording,knock_twice_right,1,-0.571502,8.227168,4.925232,-0.156890,-0.122417,0.006082
544016680.000,Miguel,recording,knock_twice_right,1,-0.566468,8.222413,4.977337,-0.159727,-0.085633,0.012820
544016690.000,Miguel,recording,knock_twice_right,1,-0.613904,8.215853,5.038368,-0.161623,-0.051321,0.018084
544016700.000,Miguel,recording,knock_twice_right,1,-0.676331,8.233418,5.113674,-0.162961,-0.018410,0.026935
544016710.000,Miguel,recording,knock_twice_right,1,-0.766703,8.202266,5.258914,-0.160222,0.017627,0.044317
544016720.000,Miguel,recording,knock_twice_right,1,-0.818349,8.150775,5.410653,-0.151443,0.058753,0.071550
544016730.000,Miguel,recording,knock_twice_right,1,-0.851604,8.164039,5.479898,-0.134747,0.099946,0.108378
544016740.000,Miguel,recording,knock_twice_right,1,-0.867640,8.243321,5.468961,-0.111337,0.131249,0.148484
544016750.000,Miguel,recording,knock_twice_right,1,-0.811353,8.317656,5.366883,-0.085531,0.147207,0.182187
544016760.000,Miguel,recording,knock_twice_right,1,-0.717817,8.351816,5.256337,-0.057694,0.148383,0.205222
544016770.000,Miguel,recording,knock_twice_right,1,-0.619624,8.385562,5.146250,-0.028669,0.132036,0.217744
544016780.000,Miguel,recording,knock_twice_right,1,-0.499892,8.440997,4.977660,-0.004562,0.091061,0.219038
544016790.000,Miguel,recording,knock_twice_right,1,-0.362811,8.568756,4.868717,0.011809,0.026924,0.208472
544016800.000,Miguel,recording,knock_twice_right,1,-0.189203,8.653298,4.882024,0.024557,-0.042555,0.183886
544016810.000,Miguel,recording,knock_twice_right,1,-0.120755,8.601309,4.831298,0.032944,-0.105945,0.144208
544016820.000,Miguel,recording,knock_twice_right,1,-0.084715,8.545103,4.785115,0.029563,-0.161582,0.096922
544016830.000,Miguel,recording,knock_twice_right,1,-0.120012,8.531951,4.804095,0.012403,-0.196761,0.054138
544016840.000,Miguel,recording,knock_twice_right,1,-0.160892,8.537926,4.810122,-0.017138,-0.193319,0.020236
544016850.000,Miguel,recording,knock_twice_right,1,-0.207411,8.486998,4.831689,-0.057152,-0.142931,-0.005074
544016860.000,Miguel,recording,knock_twice_right,1,-0.253540,8.411096,4.906964,-0.102935,-0.054634,-0.021318
544016870.000,Miguel,recording,knock_twice_right,1,-0.268547,8.352073,5.008107,-0.145425,0.047371,-0.031058
544016880.000,Miguel,recording,knock_twice_right,1,-0.317693,8.321227,5.105503,-0.176096,0.139056,-0.039442
544016890.000,Miguel,recording,knock_twice_right,1,-0.402483,8.261187,5.139949,-0.194548,0.207252,-0.046165
544016900.000,Miguel,recording,knock_twice_right,1,-0.480240,8.252936,5.159295,-0.202816,0.254968,-0.046397
544016910.000,Miguel,recording,knock_twice_right,1,-0.496272,8.274737,5.167105,-0.202307,0.288811,-0.040106
544016920.000,Miguel,recording,knock_twice_right,1,-0.442068,8.307609,5.245690,-0.192352,0.306629,-0.033907
544016930.000,Miguel,recording,knock_twice_right,1,-0.373885,8.328642,5.267728,-0.171525,0.301748,-0.037515
544016940.000,Miguel,recording,knock_twice_right,1,-0.342961,8.305462,5.307724,-0.137726,0.270202,-0.054431
544016950.000,Miguel,recording,knock_twice_right,1,-0.397065,8.335211,5.328947,-0.092662,0.214999,-0.076598
544016960.000,Miguel,recording,knock_twice_right,1,-0.522279,8.299522,5.302315,-0.043335,0.148298,-0.092778
544016970.000,Miguel,recording,knock_twice_right,1,-0.607777,8.240455,5.263231,0.003927,0.083247,-0.098006
544016980.000,Miguel,recording,knock_twice_right,1,-0.675644,8.212674,5.178001,0.043134,0.023288,-0.093671
544016990.000,Miguel,recording,knock_twice_right,1,-0.749826,8.206321,5.068379,0.069887,-0.031627,-0.082683
544017000.000,Miguel,recording,knock_twice_right,1,-0.802402,8.215316,5.014840,0.085723,-0.075098,-0.065783
544017010.000,Miguel,recording,knock_twice_right,1,-0.761658,8.217612,4.994121,0.094396,-0.104849,-0.047013
544017020.000,Miguel,recording,knock_twice_right,1,-0.695961,8.195977,4.967224,0.094764,-0.125969,-0.032395
544017030.000,Miguel,recording,knock_twice_right,1,-0.655439,8.198115,4.903852,0.084629,-0.140056,-0.020251
544017040.000,Miguel,recording,knock_twice_right,1,-0.638240,8.207076,4.862875,0.063187,-0.142177,-0.006429
544017050.000,Miguel,recording,knock_twice_right,1,-0.601426,8.231849,4.874357,0.035224,-0.126244,0.009301
544017060.000,Miguel,recording,knock_twice_right,1,-0.533053,8.270359,4.906833,0.007827,-0.097494,0.023215
544017070.000,Miguel,recording,knock_twice_right,1,-0.462462,8.282905,4.938251,-0.017462,-0.066399,0.029298
544017080.000,Miguel,recording,knock_twice_right,1,-0.411605,8.254671,4.954003,-0.041009,-0.038658,0.026462
544017090.000,Miguel,recording,knock_twice_right,1,-0.392977,8.247078,5.025546,-0.059387,-0.015368,0.017292
544017100.000,Miguel,recording,knock_twice_right,1,-0.357630,8.284778,5.146610,-0.066011,0.006264,0.004757
544017110.000,Miguel,recording,knock_twice_right,1,-0.314273,8.321950,5.294892,-0.055398,0.026918,-0.011358
544017120.000,Miguel,recording,knock_twice_right,1,-0.223968,8.354636,5.415488,-0.028707,0.040702,-0.033892
544017130.000,Miguel,recording,knock_twice_right,1,-0.126657,8.443374,5.541135,0.015479,0.042996,-0.063549
544017140.000,Miguel,recording,knock_twice_right,1,-0.095258,8.363254,5.590189,0.079509,0.030848,-0.100077
544017150.000,Miguel,recording,knock_twice_right,1,-0.112373,8.312525,5.525990,0.152552,0.003459,-0.137116
544017160.000,Miguel,recording,knock_twice_right,1,-0.230766,8.199655,5.304458,0.219097,-0.030097,-0.165799
544017170.000,Miguel,recording,knock_twice_right,1,-0.603080,8.011143,4.993371,0.265344,-0.057307,-0.178835
544017180.000,Miguel,recording,knock_twice_right,1,-1.638131,7.828982,4.628330,0.278455,-0.073433,-0.156887
544017190.000,Miguel,recording,knock_twice_right,1,-2.474513,8.091455,4.440419,0.250702,-0.087205,-0.063177
544017200.000,Miguel,recording,knock_twice_right,1,-1.927111,8.400121,4.368382,0.175366,-0.109126,0.095935
544017210.000,Miguel,recording,knock_twice_right,1,-1.338028,8.198993,4.277577,0.071246,-0.129439,0.244844
544017220.000,Miguel,recording,knock_twice_right,1,-0.286815,8.228620,4.510425,-0.018081,-0.135123,0.319467
544017230.000,Miguel,recording,knock_twice_right,1,0.256447,8.488413,4.758762,-0.068828,-0.136861,0.310430
544017240.000,Miguel,recording,knock_twice_right,1,0.631608,8.680061,4.883573,-0.084149,-0.147610,0.236394
544017250.000,Miguel,recording,knock_twice_right,1,0.771966,8.783921,4.914444,-0.082422,-0.162524,0.122898
544017260.000,Miguel,recording,knock_twice_right,1,0.578700,8.765063,4.863018,-0.082769,-0.165050,0.001953
544017270.000,Miguel,recording,knock_twice_right,1,0.226728,8.659382,4.773042,-0.097760,-0.132962,-0.098367
544017280.000,Miguel,recording,knock_twice_right,1,-0.055808,8.397222,4.597713,-0.138049,-0.050514,-0.168944
544017290.000,Miguel,recording,knock_twice_right,1,-0.323040,8.233329,4.499973,-0.206003,0.045080,-0.201711
544017300.000,Miguel,recording,knock_twice_right,1,-0.753051,8.309785,4.674772,-0.282220,0.113159,-0.187209
544017310.000,Miguel,recording,knock_twice_right,1,-0.944508,8.338032,4.885292,-0.342188,0.162442,-0.138611
544017320.000,Miguel,recording,knock_twice_right,1,-0.922727,8.286921,5.077603,-0.374729,0.193807,-0.082440
544017330.000,Miguel,recording,knock_twice_right,1,-0.771296,8.249946,5.300752,-0.377208,0.191449,-0.035925
544017340.000,Miguel,recording,knock_twice_right,1,-0.573805,8.196484,5.548279,-0.350096,0.159423,-0.004116
544017350.000,Miguel,recording,knock_twice_right,1,-0.414540,8.163598,5.722863,-0.294913,0.120368,0.009868
544017360.000,Miguel,recording,knock_twice_right,1,-0.300686,8.131767,5.774494,-0.220279,0.084673,0.008392
544017370.000,Miguel,recording,knock_twice_right,1,-0.323410,8.151358,5.755479,-0.140280,0.048381,-0.000117
544017380.000,Miguel,recording,knock_twice_right,1,-0.376942,8.231041,5.663768,-0.067106,0.008198,-0.009678
544017390.000,Miguel,recording,knock_twice_right,1,-0.415837,8.271061,5.588906,-0.009222,-0.029305,-0.016838
544017400.000,Miguel,recording,knock_twice_right,1,-0.449910,8.271384,5.452186,0.030430,-0.054148,-0.020421
544017410.000,Miguel,recording,knock_twice_right,1,-0.492125,8.292219,5.306812,0.050505,-0.065824,-0.021179
544017420.000,Miguel,recording,knock_twice_right,1,-0.516928,8.319640,5.171126,0.050373,-0.071873,-0.020771
544017430.000,Miguel,recording,knock_twice_right,1,-0.509565,8.314583,5.083318,0.033838,-0.072765,-0.021155
544017440.000,Miguel,recording,knock_twice_right,1,-0.505741,8.257800,5.098203,0.007715,-0.064431,-0.023124
544017450.000,Miguel,recording,knock_twice_right,1,-0.434763,8.243822,5.179059,-0.019436,-0.052155,-0.027408
544017460.000,Miguel,recording,knock_twice_right,1,-0.301553,8.321486,5.389919,-0.033869,-0.040098,-0.037660
544017470.000,Miguel,recording,knock_twice_right,1,-0.108532,8.405568,5.615480,-0.021687,-0.022680,-0.063095
544017480.000,Miguel,recording,knock_twice_right,1,0.038568,8.360519,5.790813,0.022721,0.011974,-0.110820
544017490.000,Miguel,recording,knock_twice_right,1,-0.370425,8.036069,5.669055,0.090384,0.081514,-0.173558
544017500.000,Miguel,recording,knock_twice_right,1,-1.825672,7.728953,5.217282,0.147038,0.166127,-0.192072
544017510.000,Miguel,recording,knock_twice_right,1,-2.442437,8.067778,5.005583,0.148253,0.208073,-0.101071
544017520.000,Miguel,recording,knock_twice_right,1,-2.351894,7.913344,4.735688,0.086284,0.180974,0.073113
544017530.000,Miguel,recording,knock_twice_right,1,-1.633546,7.682992,4.900206,0.007108,0.127510,0.246240
544017540.000,Miguel,recording,knock_twice_right,1,-0.815422,7.901539,5.056941,-0.042176,0.088428,0.356169
544017550.000,Miguel,recording,knock_twice_right,1,-0.158036,8.193846,5.249741,-0.049838,0.046520,0.384295
544017560.000,Miguel,recording,knock_twice_right,1,0.369692,8.453994,5.218129,-0.027145,-0.020836,0.334438
544017570.000,Miguel,recording,knock_twice_right,1,0.730110,8.618235,5.187700,0.007528,-0.113677,0.220999
544017580.000,Miguel,recording,knock_twice_right,1,0.666165,8.684357,5.120457,0.038285,-0.202187,0.081588
544017590.000,Miguel,recording,knock_twice_right,1,0.429782,8.578551,5.000046,0.052894,-0.253421,-0.044334
544017600.000,Miguel,recording,knock_twice_right,1,0.124043,8.435374,4.903243,0.044888,-0.259729,-0.137414
544017610.000,Miguel,recording,knock_twice_right,1,-0.152504,8.368245,4.839311,0.012842,-0.222572,-0.189810
544017620.000,Miguel,recording,knock_twice_right,1,-0.406446,8.312046,4.820855,-0.038803,-0.146266,-0.206937
544017630.000,Miguel,recording,knock_twice_right,1,-0.545692,8.151226,4.766773,-0.104106,-0.038471,-0.207977
544017640.000,Miguel,recording,knock_twice_right,1,-0.590110,7.958541,4.746128,-0.179625,0.077585,-0.198252
544017650.000,Miguel,recording,knock_twice_right,1,-0.966868,8.093564,4.937360,-0.255862,0.165386,-0.160587
544017660.000,Miguel,recording,knock_twice_right,1,-1.142326,8.163360,5.215231,-0.311920,0.221437,-0.096519
544017670.000,Miguel,recording,knock_twice_right,1,-1.042095,8.098511,5.428725,-0.331679,0.262888,-0.031626
544017680.000,Miguel,recording,knock_twice_right,1,-0.795651,7.998052,5.577971,-0.312978,0.283429,0.015402
544017690.000,Miguel,recording,knock_twice_right,1,-0.599486,7.964111,5.728183,-0.263272,0.267330,0.041339
544017700.000,Miguel,recording,knock_twice_right,1,-0.510338,7.994346,5.787337,-0.192741,0.210779,0.049960
544017710.000,Miguel,recording,knock_twice_right,1,-0.511590,8.098670,5.788280,-0.111296,0.128121,0.047386
544017720.000,Miguel,recording,knock_twice_right,1,-0.521351,8.172469,5.718171,-0.031740,0.039685,0.041931
544017730.000,Miguel,recording,knock_twice_right,1,-0.511470,8.190798,5.627872,0.035096,-0.039789,0.037894
544017740.000,Miguel,recording,knock_twice_right,1,-0.478557,8.181569,5.528525,0.085105,-0.102714,0.033058
544017750.000,Miguel,recording,knock_twice_right,1,-0.410476,8.189942,5.440708,0.116215,-0.142991,0.025837
544017760.000,Miguel,recording,knock_twice_right,1,-0.392607,8.219426,5.359866,0.126481,-0.158729,0.015388
544017770.000,Miguel,recording,knock_twice_right,1,-0.378007,8.218992,5.241863,0.117360,-0.154307,0.004277
544017780.000,Miguel,recording,knock_twice_right,1,-0.363924,8.212579,5.125931,0.091561,-0.133731,-0.005342
544017790.000,Miguel,recording,knock_twice_right,1,-0.392466,8.155172,4.989631,0.050866,-0.107132,-0.014515
544017800.000,Miguel,recording,knock_twice_right,1,-0.404775,8.126337,4.957255,-0.000417,-0.092579,-0.022048
544017810.000,Miguel,recording,knock_twice_right,1,-0.405206,8.061964,5.027440,-0.051595,-0.095523,-0.024803
544017820.000,Miguel,recording,knock_twice_right,1,-0.339380,7.990931,5.174479,-0.093112,-0.100984,-0.026994
544017830.000,Miguel,recording,knock_twice_right,1,-0.237760,7.839431,5.460826,-0.115668,-0.084337,-0.038631
544017840.000,Miguel,recording,knock_twice_right,1,-0.328086,7.824828,5.851247,-0.111630,0.001214,-0.068920
544017850.000,Miguel,recording,knock_twice_right,1,-0.772584,8.091064,6.379042,-0.069056,0.209736,-0.092560
544017860.000,Miguel,recording,knock_twice_right,1,-0.915296,8.059303,6.422950,0.015484,0.415868,-0.060585
544017870.000,Miguel,recording,knock_twice_right,1,-0.561478,7.821112,6.020908,0.090246,0.455056,-0.007104
544017880.000,Miguel,recording,knock_twice_right,1,-0.101699,7.510403,5.587765,0.122586,0.379965,0.000227
544017890.000,Miguel,recording,knock_twice_right,1,-0.021847,7.634882,5.352860,0.137490,0.291510,-0.044891
544017900.000,Miguel,recording,knock_twice_right,1,-0.337804,8.140888,5.076381,0.149546,0.217378,-0.107192
544017910.000,Miguel,recording,knock_twice_right,1,-0.935314,8.875266,4.839961,0.157258,0.154605,-0.141800
544017920.000,Miguel,recording,knock_twice_right,1,-1.255503,9.085100,4.669366,0.163747,0.111972,-0.130278
544017930.000,Miguel,recording,knock_twice_right,1,-1.206292,8.689545,4.970797,0.182556,0.101248,-0.079733
544017940.000,Miguel,recording,knock_twice_right,1,-1.109262,8.150917,5.232013,0.223246,0.114977,-0.013231
544017950.000,Miguel,recording,knock_twice_right,1,-1.177335,7.867506,5.357745,0.275568,0.129496,0.052649
544017960.000,Miguel,recording,knock_twice_right,1,-1.355096,8.046463,5.223373,0.317683,0.122623,0.123001
544017970.000,Miguel,recording,knock_twice_right,1,-1.494689,8.360663,4.877403,0.331148,0.088952,0.202526
544017980.000,Miguel,recording,knock_twice_right,1,-1.388965,8.482999,4.422647,0.298420,0.045793,0.279146
544017990.000,Miguel,recording,knock_twice_right,1,-1.133553,8.328443,4.044679,0.211343,0.021818,0.340654
544018000.000,Miguel,recording,knock_twice_right,1,-0.945800,8.185299,3.965727,0.080942,0.030434,0.387191
544018010.000,Miguel,recording,knock_twice_right,2,-0.736005,8.194854,4.054951,-0.065320,0.056042,0.415959
544018020.000,Miguel,recording,knock_twice_right,2,-0.558825,8.344018,4.329744,-0.191122,0.076001,0.418948
544018030.000,Miguel,recording,knock_twice_right,2,-0.446039,8.563395,4.755455,-0.269038,0.081745,0.395788
544018040.000,Miguel,recording,knock_twice_right,2,-0.383321,8.595399,4.992803,-0.299615,0.087363,0.360936
544018050.000,Miguel,recording,knock_twice_right,2,-0.388763,8.483991,5.120099,-0.301534,0.112606,0.332709
544018060.000,Miguel,recording,knock_twice_right,2,-0.435648,8.416140,5.157684,-0.291146,0.163271,0.318619
544018070.000,Miguel,recording,knock_twice_right,2,-0.460032,8.377957,5.268080,-0.273846,0.223876,0.313050
544018080.000,Miguel,recording,knock_twice_right,2,-0.382989,8.515888,5.373744,-0.244715,0.259618,0.302851
544018090.000,Miguel,recording,knock_twice_right,2,-0.201726,8.619562,5.567623,-0.196046,0.237495,0.272960
544018100.000,Miguel,recording,knock_twice_right,2,-0.002588,8.596196,5.679299,-0.129684,0.150501,0.217419
544018110.000,Miguel,recording,knock_twice_right,2,0.127629,8.449970,5.737539,-0.054065,0.027146,0.146524
544018120.000,Miguel,recording,knock_twice_right,2,0.161793,8.311677,5.802805,0.024676,-0.082376,0.078130
544018130.000,Miguel,recording,knock_twice_right,2,0.073325,8.141005,5.780918,0.101809,-0.130215,0.027882
544018140.000,Miguel,recording,knock_twice_right,2,-0.118034,8.107715,5.764963,0.176179,-0.091782,0.002352
544018150.000,Miguel,recording,knock_twice_right,2,-0.292373,8.140478,5.694250,0.236462,-0.001474,-0.004992
544018160.000,Miguel,recording,knock_twice_right,2,-0.324579,8.050408,5.505152,0.266800,0.067205,-0.006504
544018170.000,Miguel,recording,knock_twice_right,2,-0.333347,8.042354,5.372002,0.269002,0.088563,-0.010329
544018180.000,Miguel,recording,knock_twice_right,2,-0.385498,8.096068,5.251994,0.254169,0.089080,-0.014715
544018190.000,Miguel,recording,knock_twice_right,2,-0.448168,8.129057,5.085758,0.225882,0.095458,-0.015578
544018200.000,Miguel,recording,knock_twice_right,2,-0.482180,8.175230,4.979688,0.187213,0.119186,-0.009613
544018210.000,Miguel,recording,knock_twice_right,2,-0.510070,8.236943,4.991880,0.145033,0.155597,0.004684
544018220.000,Miguel,recording,knock_twice_right,2,-0.442854,8.258931,4.976620,0.104899,0.187085,0.021002
544018230.000,Miguel,recording,knock_twice_right,2,-0.363572,8.272718,4.995929,0.067654,0.193721,0.033404
544018240.000,Miguel,recording,knock_twice_right,2,-0.269173,8.233053,5.071076,0.033599,0.169365,0.039246
544018250.000,Miguel,recording,knock_twice_right,2,-0.200762,8.159553,5.189630,0.004691,0.126151,0.037468
544018260.000,Miguel,recording,knock_twice_right,2,-0.201153,8.020976,5.215985,-0.026688,0.089790,0.034173
544018270.000,Miguel,recording,knock_twice_right,2,-0.282368,7.858170,5.192077,-0.071395,0.096665,0.041820
544018280.000,Miguel,recording,knock_twice_right,2,-0.421743,7.765803,5.157831,-0.131567,0.175022,0.071160
544018290.000,Miguel,recording,knock_twice_right,2,-0.594616,7.800355,5.160482,-0.197294,0.317084,0.121295
544018300.000,Miguel,recording,knock_twice_right,2,-0.763194,7.866463,5.183285,-0.261980,0.471926,0.182273
544018310.000,Miguel,recording,knock_twice_right,2,-0.837413,7.969852,5.119305,-0.324650,0.580580,0.243686
544018320.000,Miguel,recording,knock_twice_right,2,-0.763999,8.158271,5.205260,-0.374010,0.613103,0.293126
544018330.000,Miguel,recording,knock_twice_right,2,-0.562837,8.348749,5.348062,-0.392555,0.577532,0.316705
544018340.000,Miguel,recording,knock_twice_right,2,-0.376838,8.477421,5.544448,-0.361566,0.496447,0.304218
544018350.000,Miguel,recording,knock_twice_right,2,-0.202742,8.525216,5.778014,-0.273424,0.380095,0.255391
544018360.000,Miguel,recording,knock_twice_right,2,-0.157770,8.462732,5.852963,-0.149737,0.228440,0.184389
544018370.000,Miguel,recording,knock_twice_right,2,-0.186965,8.347704,5.795416,-0.022318,0.052630,0.116589
544018380.000,Miguel,recording,knock_twice_right,2,-0.221347,8.265290,5.823094,0.101172,-0.119928,0.067055
544018390.000,Miguel,recording,knock_twice_right,2,-0.216844,8.267641,5.719340,0.219510,-0.267564,0.023926
544018400.000,Miguel,recording,knock_twice_right,2,-0.305328,8.411902,5.526476,0.318183,-0.371705,-0.025583
544018410.000,Miguel,recording,knock_twice_right,2,-0.478976,8.589554,5.344717,0.396459,-0.449243,-0.049919
544018420.000,Miguel,recording,knock_twice_right,2,-0.457652,8.296211,4.973116,0.428934,-0.519075,-0.033615
544018430.000,Miguel,recording,knock_twice_right,2,-0.205867,7.902552,4.473743,0.374887,-0.518217,-0.008891
544018440.000,Miguel,recording,knock_twice_right,2,-0.209308,7.852068,4.278128,0.244989,-0.374440,0.014688
544018450.000,Miguel,recording,knock_twice_right,2,-0.329284,8.059153,4.162791,0.081229,-0.127406,0.037890
544018460.000,Miguel,recording,knock_twice_right,2,-0.338462,8.288327,4.215851,-0.081353,0.107386,0.046211
544018470.000,Miguel,recording,knock_twice_right,2,-0.260143,8.513899,4.445069,-0.218519,0.260816,0.031606
544018480.000,Miguel,recording,knock_twice_right,2,-0.265496,8.525195,4.839014,-0.309043,0.343022,0.007031
544018490.000,Miguel,recording,knock_twice_right,2,-0.272665,8.465345,5.173234,-0.346240,0.382986,-0.011448
544018500.000,Miguel,recording,knock_twice_right,2,-0.232524,8.394432,5.438521,-0.337503,0.381204,-0.026681
544018510.000,Miguel,recording,knock_twice_right,2,-0.179394,8.346865,5.606823,-0.292563,0.332454,-0.044907
544018520.000,Miguel,recording,knock_twice_right,2,-0.166142,8.310672,5.747804,-0.220108,0.243874,-0.069210
544018530.000,Miguel,recording,knock_twice_right,2,-0.157582,8.278441,5.834991,-0.130073,0.137653,-0.096649
544018540.000,Miguel,recording,knock_twice_right,2,-0.211700,8.185960,5.888736,-0.035287,0.036355,-0.117910
544018550.000,Miguel,recording,knock_twice_right,2,-0.226785,8.103905,5.815705,0.049164,-0.056098,-0.130455
544018560.000,Miguel,recording,knock_twice_right,2,-0.206415,8.034040,5.741897,0.115237,-0.135309,-0.138240
544018570.000,Miguel,recording,knock_twice_right,2,-0.196392,7.975162,5.606424,0.163494,-0.183380,-0.150094
544018580.000,Miguel,recording,knock_twice_right,2,-0.205089,8.087455,5.479482,0.198545,-0.195539,-0.169644
544018590.000,Miguel,recording,knock_twice_right,2,-0.250660,8.092643,5.274917,0.219895,-0.206371,-0.198073
544018600.000,Miguel,recording,knock_twice_right,2,-0.290237,8.197385,5.120600,0.224701,-0.239707,-0.231057
544018610.000,Miguel,recording,knock_twice_right,2,-0.398751,8.264696,5.073391,0.222141,-0.269002,-0.256660
544018620.000,Miguel,recording,knock_twice_right,2,-0.491078,8.248590,5.009451,0.221323,-0.268196,-0.268735
544018630.000,Miguel,recording,knock_twice_right,2,-0.583820,8.178651,4.918789,0.216747,-0.243080,-0.267438
544018640.000,Miguel,recording,knock_twice_right,2,-0.715973,8.194166,4.782539,0.195770,-0.215118,-0.254784
544018650.000,Miguel,recording,knock_twice_right,2,-0.833481,8.324418,4.655311,0.153041,-0.195002,-0.234110
544018660.000,Miguel,recording,knock_twice_right,2,-0.860754,8.419261,4.600742,0.094674,-0.174091,-0.210615
544018670.000,Miguel,recording,knock_twice_right,2,-0.775947,8.485908,4.662893,0.035426,-0.147458,-0.190674
544018680.000,Miguel,recording,knock_twice_right,2,-0.669723,8.482192,4.718106,-0.011994,-0.132591,-0.181207
544018690.000,Miguel,recording,knock_twice_right,2,-0.564401,8.435369,4.771305,-0.046584,-0.146799,-0.184327
544018700.000,Miguel,recording,knock_twice_right,2,-0.553997,8.360783,4.853983,-0.071306,-0.185909,-0.193656
544018710.000,Miguel,recording,knock_twice_right,2,-0.585238,8.287326,4.923082,-0.086719,-0.234061,-0.203102
544018720.000,Miguel,recording,knock_twice_right,2,-0.643840,8.199168,5.005744,-0.095473,-0.273179,-0.209302
544018730.000,Miguel,recording,knock_twice_right,2,-0.723253,8.144283,5.085408,-0.101579,-0.283275,-0.205248
544018740.000,Miguel,recording,knock_twice_right,2,-0.793549,8.114182,5.181255,-0.108761,-0.252043,-0.191716
544018750.000,Miguel,recording,knock_twice_right,2,-0.864835,8.149392,5.270338,-0.116624,-0.181629,-0.172765
544018760.000,Miguel,recording,knock_twice_right,2,-0.886714,8.187647,5.462330,-0.114108,-0.101031,-0.142613
544018770.000,Miguel,recording,knock_twice_right,2,-0.759665,8.109530,5.517695,-0.106867,-0.042733,-0.112673
544018780.000,Miguel,recording,knock_twice_right,2,-0.486663,8.111713,5.506480,-0.100549,-0.001172,-0.100533
544018790.000,Miguel,recording,knock_twice_right,2,-0.395536,8.199085,5.579610,-0.085101,0.036955,-0.107438
544018800.000,Miguel,recording,knock_twice_right,2,-0.355987,8.321284,5.581854,-0.059062,0.064270,-0.130214
544018810.000,Miguel,recording,knock_twice_right,2,-0.434375,8.379423,5.564154,-0.028995,0.073456,-0.160925
544018820.000,Miguel,recording,knock_twice_right,2,-0.447188,8.379229,5.475002,-0.002151,0.067797,-0.193363
544018830.000,Miguel,recording,knock_twice_right,2,-0.494066,8.347711,5.393761,0.022566,0.053874,-0.227009
544018840.000,Miguel,recording,knock_twice_right,2,-0.553295,8.323756,5.360203,0.047179,0.029309,-0.261295
544018850.000,Miguel,recording,knock_twice_right,2,-0.636087,8.267698,5.264835,0.068772,-0.008003,-0.290698
544018860.000,Miguel,recording,knock_twice_right,2,-0.785754,8.200436,5.163443,0.080381,-0.050309,-0.310595
544018870.000,Miguel,recording,knock_twice_right,2,-0.931229,8.118321,5.087672,0.082268,-0.087993,-0.316010
544018880.000,Miguel,recording,knock_twice_right,2,-1.085241,8.059497,5.042101,0.079497,-0.111892,-0.303439
544018890.000,Miguel,recording,knock_twice_right,2,-1.212375,8.039213,5.039439,0.071166,-0.120657,-0.275242
544018900.000,Miguel,recording,knock_twice_right,2,-1.298159,7.980362,5.070456,0.058390,-0.116198,-0.232063
544018910.000,Miguel,recording,knock_twice_right,2,-1.343451,7.915089,5.097490,0.046079,-0.100242,-0.176498
544018920.000,Miguel,recording,knock_twice_right,2,-1.363372,7.954189,5.135066,0.036254,-0.079981,-0.116190
544018930.000,Miguel,recording,knock_twice_right,2,-1.343835,8.000840,5.114264,0.028004,-0.058524,-0.058592
544018940.000,Miguel,recording,knock_twice_right,2,-1.248285,8.083948,5.074797,0.017293,-0.037325,-0.008070
544018950.000,Miguel,recording,knock_twice_right,2,-1.102678,8.115052,5.066400,0.001228,-0.017983,0.031536
544018960.000,Miguel,recording,knock_twice_right,2,-0.942200,8.153430,5.096378,-0.014274,0.001421,0.055308
544018970.000,Miguel,recording,knock_twice_right,2,-0.817194,8.150998,5.153071,-0.022352,0.017559,0.062036
544018980.000,Miguel,recording,knock_twice_right,2,-0.785462,8.191785,5.167614,-0.023777,0.026164,0.057554
544018990.000,Miguel,recording,knock_twice_right,2,-0.821497,8.196349,5.184009,-0.021307,0.027677,0.050158
544019000.000,Miguel,recording,knock_twice_right,2,-0.834314,8.228801,5.157670,-0.018129,0.024219,0.042050
544019010.000,Miguel,recording,knock_twice_right,2,-0.843856,8.293106,5.146348,-0.016787,0.017271,0.033379
544019020.000,Miguel,recording,knock_twice_right,2,-0.829981,8.303587,5.139678,-0.019224,0.008643,0.024187
544019030.000,Miguel,recording,knock_twice_right,2,-0.830236,8.278202,5.159728,-0.025386,0.001793,0.013911
544019040.000,Miguel,recording,knock_twice_right,2,-0.831237,8.224003,5.181115,-0.034104,-0.003774,0.005464
544019050.000,Miguel,recording,knock_twice_right,2,-0.863910,8.187340,5.208546,-0.046051,-0.007416,0.000458
544019060.000,Miguel,recording,knock_twice_right,2,-0.899077,8.178670,5.267007,-0.058169,-0.003542,0.000502
544019070.000,Miguel,recording,knock_twice_right,2,-0.957956,8.180985,5.323730,-0.066998,0.010905,0.006819
544019080.000,Miguel,recording,knock_twice_right,2,-1.033341,8.190115,5.383393,-0.071590,0.031454,0.018837
544019090.000,Miguel,recording,knock_twice_right,2,-1.024341,8.187860,5.394569,-0.071703,0.049872,0.033767
544019100.000,Miguel,recording,knock_twice_right,2,-0.969785,8.167154,5.408659,-0.068884,0.062307,0.046088
544019110.000,Miguel,recording,knock_twice_right,2,-0.910835,8.152047,5.396853,-0.062675,0.068652,0.053970
544019120.000,Miguel,recording,knock_twice_right,2,-0.889406,8.146973,5.397609,-0.052194,0.071293,0.058362
544019130.000,Miguel,recording,knock_twice_right,2,-0.889745,8.133165,5.386564,-0.039549,0.073150,0.059679
544019140.000,Miguel,recording,knock_twice_right,2,-0.835548,8.124028,5.366434,-0.025488,0.076216,0.060650
544019150.000,Miguel,recording,knock_twice_right,2,-0.848608,8.102835,5.291012,-0.012570,0.075851,0.061828
544019160.000,Miguel,recording,knock_twice_right,2,-0.851596,8.124283,5.268320,-0.003321,0.065872,0.062644
544019170.000,Miguel,recording,knock_twice_right,2,-0.877108,8.191266,5.218214,0.004187,0.048253,0.065105
544019180.000,Miguel,recording,knock_twice_right,2,-0.882867,8.240357,5.179935,0.011894,0.030921,0.069206
544019190.000,Miguel,recording,knock_twice_right,2,-0.880642,8.284314,5.136766,0.016831,0.015254,0.073143
544019200.000,Miguel,recording,knock_twice_right,2,-0.847518,8.315492,5.090855,0.015244,-0.004599,0.073496
544019210.000,Miguel,recording,knock_twice_right,2,-0.758042,8.305031,5.098605,0.007427,-0.025641,0.067697
544019220.000,Miguel,recording,knock_twice_right,2,-0.686248,8.269360,5.106991,-0.003363,-0.038353,0.056514
544019230.000,Miguel,recording,knock_twice_right,2,-0.653711,8.238374,5.133316,-0.012350,-0.039360,0.042106
544019240.000,Miguel,recording,knock_twice_right,2,-0.630233,8.236585,5.183754,-0.018478,-0.036101,0.027633
544019250.000,Miguel,recording,knock_twice_right,2,-0.624418,8.209687,5.200506,-0.023237,-0.034935,0.014332
544019260.000,Miguel,recording,knock_twice_right,2,-0.650868,8.203001,5.195180,-0.027884,-0.037127,0.002700
544019270.000,Miguel,recording,knock_twice_right,2,-0.669219,8.182892,5.223076,-0.032657,-0.042060,-0.006086
544019280.000,Miguel,recording,knock_twice_right,2,-0.705615,8.192496,5.336903,-0.033298,-0.043684,-0.011790
544019290.000,Miguel,recording,knock_twice_right,2,-0.695024,8.182989,5.440372,-0.023579,-0.036985,-0.014777
544019300.000,Miguel,recording,knock_twice_right,2,-0.665881,8.158439,5.489601,-0.003387,-0.023132,-0.018897
544019310.000,Miguel,recording,knock_twice_right,2,-0.654727,8.152962,5.461577,0.019295,-0.012374,-0.026402
544019320.000,Miguel,recording,knock_twice_right,2,-0.683618,8.148034,5.429450,0.038341,-0.012888,-0.033861
544019330.000,Miguel,recording,knock_twice_right,2,-0.705506,8.162763,5.421903,0.055256,-0.019402,-0.038245
544019340.000,Miguel,recording,knock_twice_right,2,-0.704483,8.192446,5.412557,0.074249,-0.025344,-0.040702
544019350.000,Miguel,recording,knock_twice_right,2,-0.696863,8.187715,5.378095,0.093737,-0.030240,-0.044139
544019360.000,Miguel,recording,knock_twice_right,2,-0.728480,8.196044,5.330443,0.108341,-0.034081,-0.048950
544019370.000,Miguel,recording,knock_twice_right,2,-0.743536,8.178678,5.239447,0.114222,-0.035393,-0.053607
544019380.000,Miguel,recording,knock_twice_right,2,-0.797847,8.191498,5.157313,0.110094,-0.032677,-0.055088
544019390.000,Miguel,recording,knock_twice_right,2,-0.879452,8.196471,5.154830,0.099633,-0.026406,-0.049879
544019400.000,Miguel,recording,knock_twice_right,2,-0.921852,8.225638,5.156007,0.087203,-0.018280,-0.038615
544019410.000,Miguel,recording,knock_twice_right,2,-0.912643,8.201769,5.102072,0.075284,-0.010917,-0.025215
544019420.000,Miguel,recording,knock_twice_right,2,-0.891983,8.172284,5.032520,0.061659,-0.009501,-0.012857
544019430.000,Miguel,recording,knock_twice_right,2,-0.902358,8.200219,4.989291,0.043551,-0.016661,-0.001989
544019440.000,Miguel,recording,knock_twice_right,2,-0.917495,8.233389,5.002016,0.024859,-0.029058,0.010593
544019450.000,Miguel,recording,knock_twice_right,2,-0.901184,8.243930,5.040923,0.011241,-0.041278,0.024382
544019460.000,Miguel,recording,knock_twice_right,2,-0.846052,8.229770,5.056968,0.003733,-0.048019,0.034234
544019470.000,Miguel,recording,knock_twice_right,2,-0.803595,8.244014,5.054824,-0.001801,-0.049130,0.038816
544019480.000,Miguel,recording,knock_twice_right,2,-0.764378,8.248949,5.091130,-0.007036,-0.046637,0.040933
544019490.000,Miguel,recording,knock_twice_right,2,-0.681842,8.249127,5.149688,-0.008014,-0.037885,0.040875
544019500.000,Miguel,recording,knock_twice_right,2,-0.629351,8.206300,5.176420,-0.005456,-0.027473,0.035099
544019510.000,Miguel,recording,knock_twice_right,2,-0.596055,8.188431,5.159075,-0.004019,-0.025322,0.024144
544019520.000,Miguel,recording,knock_twice_right,2,-0.647874,8.236325,5.148108,-0.004013,-0.032502,0.012866
544019530.000,Miguel,recording,knock_twice_right,2,-0.721684,8.274689,5.131441,-0.004264,-0.040023,0.005261
544019540.000,Miguel,recording,knock_twice_right,2,-0.755962,8.287671,5.103765,-0.004835,-0.041286,0.001693
544019550.000,Miguel,recording,knock_twice_right,2,-0.783006,8.249729,5.083672,-0.008048,-0.038773,0.002219
544019560.000,Miguel,recording,knock_twice_right,2,-0.759200,8.213429,5.119308,-0.013825,-0.033796,0.006398
544019570.000,Miguel,recording,knock_twice_right,2,-0.749109,8.176768,5.120021,-0.018135,-0.027553,0.012244
544019580.000,Miguel,recording,knock_twice_right,2,-0.724644,8.155408,5.144424,-0.022100,-0.023521,0.015752
544019590.000,Miguel,recording,knock_twice_right,2,-0.722183,8.151016,5.151097,-0.025393,-0.022080,0.016275
544019600.000,Miguel,recording,knock_twice_right,2,-0.724386,8.178944,5.180607,-0.025826,-0.020894,0.015633
544019610.000,Miguel,recording,knock_twice_right,2,-0.730262,8.206705,5.179619,-0.023727,-0.018522,0.013538
544019620.000,Miguel,recording,knock_twice_right,2,-0.748078,8.196985,5.169957,-0.020978,-0.015829,0.011507
544019630.000,Miguel,recording,knock_twice_right,2,-0.745271,8.206087,5.155655,-0.021043,-0.013905,0.011604
544019640.000,Miguel,recording,knock_twice_right,2,-0.742451,8.218626,5.152615,-0.023282,-0.013210,0.013626
544019650.000,Miguel,recording,knock_twice_right,2,-0.734335,8.215066,5.135113,-0.026803,-0.015342,0.015330
544019660.000,Miguel,recording,knock_twice_right,2,-0.751343,8.246206,5.149843,-0.032668,-0.020835,0.016774
544019670.000,Miguel,recording,knock_twice_right,2,-0.761655,8.238776,5.171476,-0.039349,-0.026811,0.018914
544019680.000,Miguel,recording,knock_twice_right,2,-0.747623,8.245988,5.178476,-0.045673,-0.031114,0.022508
544019690.000,Miguel,recording,knock_twice_right,2,-0.725238,8.244104,5.208434,-0.050517,-0.032192,0.025544
544019700.000,Miguel,recording,knock_twice_right,2,-0.651833,8.213863,5.279132,-0.051777,-0.027116,0.025006
544019710.000,Miguel,recording,knock_twice_right,2,-0.616841,8.193049,5.306054,-0.049410,-0.017712,0.020444
544019720.000,Miguel,recording,knock_twice_right,2,-0.613101,8.176358,5.337738,-0.044199,-0.007685,0.013570
544019730.000,Miguel,recording,knock_twice_right,2,-0.623338,8.160106,5.331810,-0.038080,0.001825,0.007938
544019740.000,Miguel,recording,knock_twice_right,2,-0.643258,8.177727,5.361128,-0.028587,0.009551,0.005813
544019750.000,Miguel,recording,knock_twice_right,2,-0.677360,8.222731,5.357958,-0.014384,0.013254,0.005559
544019760.000,Miguel,recording,knock_twice_right,2,-0.717439,8.285333,5.333776,0.002465,0.010782,0.004674
544019770.000,Miguel,recording,knock_twice_right,2,-0.718675,8.280541,5.298982,0.017997,-0.001501,0.004952
544019780.000,Miguel,recording,knock_twice_right,2,-0.702843,8.244295,5.233731,0.027174,-0.021120,0.008414
544019790.000,Miguel,recording,knock_twice_right,2,-0.681906,8.176284,5.176473,0.028374,-0.040782,0.012497
544019800.000,Miguel,recording,knock_twice_right,2,-0.638176,8.167691,5.155231,0.019791,-0.056399,0.015889
544019810.000,Miguel,recording,knock_twice_right,2,-0.574064,8.191484,5.146131,0.003417,-0.063058,0.017396
544019820.000,Miguel,recording,knock_twice_right,2,-0.525438,8.214183,5.169068,-0.015684,-0.055769,0.013782
544019830.000,Miguel,recording,knock_twice_right,2,-0.489942,8.256728,5.170121,-0.034980,-0.033640,0.004104
544019840.000,Miguel,recording,knock_twice_right,2,-0.475267,8.289928,5.181696,-0.053098,0.000297,-0.011100
544019850.000,Miguel,recording,knock_twice_right,2,-0.502347,8.280273,5.178876,-0.068678,0.041422,-0.029265
544019860.000,Miguel,recording,knock_twice_right,2,-0.532054,8.246660,5.185952,-0.082698,0.081619,-0.046435
544019870.000,Miguel,recording,knock_twice_right,2,-0.612471,8.194758,5.174373,-0.093198,0.111186,-0.059151
544019880.000,Miguel,recording,knock_twice_right,2,-0.711737,8.134713,5.185355,-0.099163,0.124167,-0.063187
544019890.000,Miguel,recording,knock_twice_right,2,-0.834103,8.114863,5.244067,-0.099972,0.119107,-0.056270
544019900.000,Miguel,recording,knock_twice_right,2,-0.912203,8.081829,5.317802,-0.093254,0.099076,-0.040227
544019910.000,Miguel,recording,knock_twice_right,2,-0.942458,8.086630,5.372450,-0.077970,0.068076,-0.019640
544019920.000,Miguel,recording,knock_twice_right,2,-0.922427,8.082434,5.423545,-0.054878,0.029672,0.000161
544019930.000,Miguel,recording,knock_twice_right,2,-0.899784,8.087878,5.445810,-0.026300,-0.008844,0.016808
544019940.000,Miguel,recording,knock_twice_right,2,-0.849657,8.116410,5.446372,0.005122,-0.041361,0.030808
544019950.000,Miguel,recording,knock_twice_right,2,-0.789801,8.141814,5.420211,0.035312,-0.065217,0.041674
544019960.000,Miguel,recording,knock_twice_right,2,-0.740106,8.166803,5.375785,0.061510,-0.080299,0.048710
544019970.000,Miguel,recording,knock_twice_right,2,-0.667255,8.164184,5.313626,0.080795,-0.088786,0.053138
544019980.000,Miguel,recording,knock_twice_right,2,-0.647740,8.181955,5.257925,0.091423,-0.093701,0.056813
544019990.000,Miguel,recording,knock_twice_right,2,-0.603844,8.182353,5.194146,0.094857,-0.096529,0.061931
544020000.000,Miguel,recording,knock_twice_right,2,-0.561157,8.194144,5.168667,0.092426,-0.097944,0.069522
544020010.000,Miguel,recording,knock_twice_right,2,-0.492874,8.218549,5.115483,0.086308,-0.098173,0.076369
544020020.000,Miguel,recording,knock_twice_right,2,-0.416608,8.252751,5.104917,0.079953,-0.096088,0.077178
544020030.000,Miguel,recording,knock_twice_right,2,-0.361487,8.309633,5.127605,0.074518,-0.092343,0.068759
544020040.000,Miguel,recording,knock_twice_right,2,-0.340286,8.337718,5.110804,0.069410,-0.090846,0.052753
544020050.000,Miguel,recording,knock_twice_right,2,-0.334792,8.368276,5.068818,0.063645,-0.091296,0.033943
544020060.000,Miguel,recording,knock_twice_right,2,-0.353339,8.346143,5.017266,0.053628,-0.089920,0.014259
544020070.000,Miguel,recording,knock_twice_right,2,-0.385609,8.309653,4.980244,0.033346,-0.086521,-0.003550
544020080.000,Miguel,recording,knock_twice_right,2,-0.428284,8.297967,4.961648,0.004212,-0.082242,-0.015896
544020090.000,Miguel,recording,knock_twice_right,2,-0.487751,8.293409,5.022761,-0.028140,-0.076946,-0.023162
544020100.000,Miguel,recording,knock_twice_right,2,-0.501842,8.282612,5.101482,-0.057555,-0.069124,-0.027530
544020110.000,Miguel,recording,knock_twice_right,2,-0.515135,8.284093,5.217211,-0.077858,-0.058362,-0.033354
544020120.000,Miguel,recording,knock_twice_right,2,-0.516067,8.237593,5.342603,-0.086626,-0.042756,-0.042711
544020130.000,Miguel,recording,knock_twice_right,2,-0.516571,8.170076,5.439494,-0.083290,-0.021326,-0.055384
544020140.000,Miguel,recording,knock_twice_right,2,-0.557895,8.112475,5.478336,-0.068921,0.002552,-0.070083
544020150.000,Miguel,recording,knock_twice_right,2,-0.645907,8.094783,5.499458,-0.047163,0.021337,-0.080532
544020160.000,Miguel,recording,knock_twice_right,2,-0.763756,8.101668,5.463017,-0.023615,0.027569,-0.083031
544020170.000,Miguel,recording,knock_twice_right,2,-0.847160,8.085023,5.396586,-0.001754,0.019957,-0.078280
544020180.000,Miguel,recording,knock_twice_right,2,-0.867905,8.109932,5.367172,0.017116,0.002175,-0.069060
544020190.000,Miguel,recording,knock_twice_right,2,-0.846502,8.144093,5.329673,0.030443,-0.019933,-0.060180
544020200.000,Miguel,recording,knock_twice_right,2,-0.719338,8.189855,5.307229,0.037128,-0.038985,-0.056344
544020210.000,Miguel,recording,knock_twice_right,2,-0.555022,8.290076,5.322246,0.042617,-0.043266,-0.061004
544020220.000,Miguel,recording,knock_twice_right,2,-0.508700,8.281305,5.360062,0.055599,-0.025084,-0.078081
544020230.000,Miguel,recording,knock_twice_right,2,-0.498609,8.239206,5.423780,0.077354,0.005986,-0.103732
544020240.000,Miguel,recording,knock_twice_right,2,-0.489385,8.199636,5.343750,0.101494,0.045879,-0.130344
544020250.000,Miguel,recording,knock_twice_right,2,-0.916384,7.925912,5.000212,0.115103,0.118630,-0.157426
544020260.000,Miguel,recording,knock_twice_right,2,-1.788191,7.933330,4.652608,0.095123,0.197790,-0.145438
544020270.000,Miguel,recording,knock_twice_right,2,-2.056158,8.219411,4.679149,0.027159,0.227373,-0.056081
544020280.000,Miguel,recording,knock_twice_right,2,-1.752578,8.117254,4.716485,-0.073192,0.197214,0.068582
544020290.000,Miguel,recording,knock_twice_right,2,-1.061764,8.114678,4.951600,-0.164452,0.139799,0.161030
544020300.000,Miguel,recording,knock_twice_right,2,-0.542958,8.215688,5.279346,-0.212266,0.077706,0.190067
544020310.000,Miguel,recording,knock_twice_right,2,-0.163695,8.386896,5.668515,-0.205752,-0.002146,0.158283
544020320.000,Miguel,recording,knock_twice_right,2,0.023136,8.417653,5.926565,-0.150764,-0.087726,0.083419
544020330.000,Miguel,recording,knock_twice_right,2,0.109089,8.315456,5.925614,-0.068264,-0.140908,-0.015210
544020340.000,Miguel,recording,knock_twice_right,2,0.015942,8.036332,5.659548,0.011330,-0.135833,-0.119216
544020350.000,Miguel,recording,knock_twice_right,2,-0.444573,7.961222,5.285301,0.053112,-0.105067,-0.190205
544020360.000,Miguel,recording,knock_twice_right,2,-1.092717,8.155165,4.986342,0.038655,-0.091297,-0.195139
544020370.000,Miguel,recording,knock_twice_right,2,-1.385769,8.243814,4.782347,-0.015932,-0.083146,-0.146467
544020380.000,Miguel,recording,knock_twice_right,2,-1.397548,8.237595,4.750470,-0.082522,-0.056441,-0.077066
544020390.000,Miguel,recording,knock_twice_right,2,-1.285114,8.176760,4.866098,-0.141738,-0.011497,-0.009148
544020400.000,Miguel,recording,knock_twice_right,2,-1.038935,8.116236,5.141896,-0.179626,0.034850,0.047439
544020410.000,Miguel,recording,knock_twice_right,2,-0.766003,8.039434,5.335371,-0.188569,0.063021,0.080873
544020420.000,Miguel,recording,knock_twice_right,2,-0.565569,8.036298,5.506665,-0.170174,0.060885,0.084854
544020430.000,Miguel,recording,knock_twice_right,2,-0.477941,8.085616,5.642924,-0.129381,0.036016,0.069344
544020440.000,Miguel,recording,knock_twice_right,2,-0.455101,8.079709,5.742144,-0.071913,0.007050,0.047630
544020450.000,Miguel,recording,knock_twice_right,2,-0.468461,8.093561,5.716339,-0.010120,-0.019862,0.026894
544020460.000,Miguel,recording,knock_twice_right,2,-0.510517,8.117272,5.641310,0.043576,-0.049725,0.008586
544020470.000,Miguel,recording,knock_twice_right,2,-0.551862,8.202679,5.531328,0.081109,-0.076343,-0.007576
544020480.000,Miguel,recording,knock_twice_right,2,-0.525198,8.253250,5.493249,0.101345,-0.084863,-0.022726
544020490.000,Miguel,recording,knock_twice_right,2,-0.499668,8.239535,5.442013,0.113258,-0.065345,-0.039911
544020500.000,Miguel,recording,knock_twice_right,2,-0.442443,8.202474,5.430690,0.124108,-0.018868,-0.062407
544020510.000,Miguel,recording,knock_twice_right,2,-0.515275,8.091742,5.332734,0.134106,0.041232,-0.088500
544020520.000,Miguel,recording,knock_twice_right,2,-1.015476,7.906661,5.083744,0.139189,0.110680,-0.108512
544020530.000,Miguel,recording,knock_twice_right,2,-1.866702,7.930946,4.825867,0.123983,0.172428,-0.083632
544020540.000,Miguel,recording,knock_twice_right,2,-1.988364,8.219063,4.821828,0.070807,0.196266,0.010381
544020550.000,Miguel,recording,knock_twice_right,2,-1.710039,8.044374,4.720802,-0.010751,0.177766,0.128611
544020560.000,Miguel,recording,knock_twice_right,2,-1.053890,8.016871,4.920255,-0.088017,0.127141,0.214433
544020570.000,Miguel,recording,knock_twice_right,2,-0.627285,8.157443,5.172397,-0.132148,0.054740,0.246607
544020580.000,Miguel,recording,knock_twice_right,2,-0.245042,8.308768,5.407756,-0.134670,-0.030264,0.226363
544020590.000,Miguel,recording,knock_twice_right,2,0.060760,8.409035,5.531916,-0.105471,-0.114800,0.163191
544020600.000,Miguel,recording,knock_twice_right,2,0.167315,8.375775,5.587319,-0.060430,-0.181786,0.071938
544020610.000,Miguel,recording,knock_twice_right,2,0.016919,8.308027,5.536974,-0.015438,-0.213091,-0.023601
544020620.000,Miguel,recording,knock_twice_right,2,-0.285812,8.138205,5.426526,0.015486,-0.196199,-0.099526
544020630.000,Miguel,recording,knock_twice_right,2,-0.524938,7.947690,5.273216,0.021518,-0.136325,-0.140644
544020640.000,Miguel,recording,knock_twice_right,2,-0.949585,8.018254,5.198343,-0.000563,-0.063397,-0.134861
544020650.000,Miguel,recording,knock_twice_right,2,-1.194863,8.126681,5.237414,-0.038466,0.001433,-0.086878
544020660.000,Miguel,recording,knock_twice_right,2,-1.170966,8.143091,5.324505,-0.069103,0.058431,-0.024362
544020670.000,Miguel,recording,knock_twice_right,2,-1.011809,8.114501,5.421633,-0.078910,0.096664,0.026060
544020680.000,Miguel,recording,knock_twice_right,2,-0.844028,8.151697,5.512749,-0.066765,0.096864,0.057234
544020690.000,Miguel,recording,knock_twice_right,2,-0.645968,8.150232,5.584693,-0.038112,0.060607,0.069913
544020700.000,Miguel,recording,knock_twice_right,2,-0.496870,8.110998,5.540320,-0.001773,0.009772,0.065849
544020710.000,Miguel,recording,knock_twice_right,2,-0.441092,8.092043,5.485772,0.033234,-0.037662,0.052240
544020720.000,Miguel,recording,knock_twice_right,2,-0.476498,8.122605,5.435282,0.057641,-0.076182,0.037384
544020730.000,Miguel,recording,knock_twice_right,2,-0.505014,8.170168,5.366939,0.068594,-0.100612,0.027206
544020740.000,Miguel,recording,knock_twice_right,2,-0.519830,8.212402,5.319794,0.069626,-0.101799,0.019763
544020750.000,Miguel,recording,knock_twice_right,2,-0.490434,8.207050,5.279382,0.064001,-0.078367,0.011188
544020760.000,Miguel,recording,knock_twice_right,2,-0.475308,8.199735,5.249713,0.054929,-0.039029,0.000934
544020770.000,Miguel,recording,knock_twice_right,2,-0.523164,8.151561,5.208329,0.041938,0.000458,-0.011495
544020780.000,Miguel,recording,knock_twice_right,2,-0.623797,8.165768,5.176090,0.025976,0.026026,-0.021142
544020790.000,Miguel,recording,knock_twice_right,2,-0.691692,8.199848,5.217000,0.012546,0.037763,-0.024578
544020800.000,Miguel,recording,knock_twice_right,2,-0.704611,8.150707,5.195244,0.003211,0.043944,-0.024531
544020810.000,Miguel,recording,knock_twice_right,2,-0.720793,8.096305,5.151408,-0.004166,0.045700,-0.021553
544020820.000,Miguel,recording,knock_twice_right,2,-0.769922,8.084593,5.119359,-0.014249,0.038074,-0.013160
544020830.000,Miguel,recording,knock_twice_right,2,-0.812140,8.138475,5.184300,-0.024760,0.020807,0.001248
544020840.000,Miguel,recording,knock_twice_right,2,-0.759097,8.174462,5.250934,-0.029426,0.003005,0.016258
544020850.000,Miguel,recording,knock_twice_right,2,-0.694864,8.188527,5.286323,-0.027218,-0.005599,0.023596
544020860.000,Miguel,recording,knock_twice_right,2,-0.646654,8.163216,5.299536,-0.019552,-0.005597,0.023901
544020870.000,Miguel,recording,knock_twice_right,2,-0.638276,8.148208,5.346129,-0.011065,-0.003563,0.023394
544020880.000,Miguel,recording,knock_twice_right,2,-0.652608,8.138277,5.343015,-0.005502,0.000082,0.023013
544020890.000,Miguel,recording,knock_twice_right,2,-0.670191,8.111760,5.338690,-0.002633,0.013890,0.025744
544020900.000,Miguel,recording,knock_twice_right,2,-0.738374,8.096986,5.411360,0.000377,0.045751,0.034919
544020910.000,Miguel,recording,knock_twice_right,2,-0.800624,8.057683,5.477191,0.002879,0.098012,0.051551
544020920.000,Miguel,recording,knock_twice_right,2,-0.872653,8.039951,5.522437,0.004180,0.165676,0.077103
544020930.000,Miguel,recording,knock_twice_right,2,-0.907292,8.089433,5.527812,0.006988,0.235509,0.107634
544020940.000,Miguel,recording,knock_twice_right,2,-0.899878,8.152353,5.484944,0.014148,0.297005,0.136055
544020950.000,Miguel,recording,knock_twice_right,2,-0.900189,8.235593,5.363520,0.025083,0.334877,0.157084
544020960.000,Miguel,recording,knock_twice_right,2,-0.826677,8.346837,5.198992,0.032617,0.341872,0.165196
544020970.000,Miguel,recording,knock_twice_right,2,-0.803135,8.364940,5.090426,0.030986,0.330917,0.161341
544020980.000,Miguel,recording,knock_twice_right,2,-0.752490,8.390519,4.937054,0.015759,0.315037,0.150362
544020990.000,Miguel,recording,knock_twice_right,2,-0.717524,8.400224,4.921093,-0.012787,0.316836,0.138142
544021000.000,Miguel,recording,knock_twice_right,2,-0.698070,8.322735,4.965144,-0.050041,0.345246,0.131179
544021010.000,Miguel,recording,knock_twice_right,2,-0.526920,8.310125,4.961215,-0.093700,0.381070,0.121715
544021020.000,Miguel,recording,knock_twice_right,2,-0.386058,8.308971,4.956272,-0.136961,0.410097,0.096626
544021030.000,Miguel,recording,knock_twice_right,2,-0.379047,8.385795,5.002798,-0.167873,0.420625,0.056437
544021040.000,Miguel,recording,knock_twice_right,3,-0.503802,8.508798,5.021257,-0.176652,0.400941,0.011252
544021050.000,Miguel,recording,knock_twice_right,3,-0.552748,8.468751,4.973023,-0.167909,0.345479,-0.029348
544021060.000,Miguel,recording,knock_twice_right,3,-0.602698,8.260227,5.028065,-0.150952,0.257847,-0.060222
544021070.000,Miguel,recording,knock_twice_right,3,-0.647696,8.060034,5.250648,-0.123534,0.158191,-0.078761
544021080.000,Miguel,recording,knock_twice_right,3,-0.759715,7.921398,5.530615,-0.080509,0.068134,-0.082323
544021090.000,Miguel,recording,knock_twice_right,3,-0.869521,7.903902,5.685110,-0.024170,-0.002136,-0.073250
544021100.000,Miguel,recording,knock_twice_right,3,-0.942165,7.987218,5.793577,0.039260,-0.047091,-0.059151
544021110.000,Miguel,recording,knock_twice_right,3,-0.994404,8.147588,5.879244,0.117580,-0.060998,-0.048438
544021120.000,Miguel,recording,knock_twice_right,3,-1.043618,8.363712,6.017154,0.226181,-0.041915,-0.053830
544021130.000,Miguel,recording,knock_twice_right,3,-1.199795,8.664254,6.062931,0.366726,0.005761,-0.079182
544021140.000,Miguel,recording,knock_twice_right,3,-1.408236,8.802099,5.974208,0.520107,0.049449,-0.105871
544021150.000,Miguel,recording,knock_twice_right,3,-1.434512,8.559186,5.700474,0.640830,0.022780,-0.108748
544021160.000,Miguel,recording,knock_twice_right,3,-1.320151,8.138002,5.370744,0.693928,-0.106179,-0.080132
544021170.000,Miguel,recording,knock_twice_right,3,-1.157837,7.761489,5.179274,0.692012,-0.292139,-0.031530
544021180.000,Miguel,recording,knock_twice_right,3,-1.006894,7.673101,5.136788,0.669245,-0.458982,0.023786
544021190.000,Miguel,recording,knock_twice_right,3,-0.855150,7.778035,5.204215,0.650093,-0.569951,0.079719
544021200.000,Miguel,recording,knock_twice_right,3,-0.657700,7.909999,5.169527,0.640226,-0.638985,0.124568
544021210.000,Miguel,recording,knock_twice_right,3,-0.491016,8.042424,5.083943,0.631635,-0.688882,0.143078
544021220.000,Miguel,recording,knock_twice_right,3,-0.420038,8.201167,4.971044,0.614205,-0.717596,0.133631
544021230.000,Miguel,recording,knock_twice_right,3,-0.366076,8.312188,4.823370,0.583990,-0.702004,0.106530
544021240.000,Miguel,recording,knock_twice_right,3,-0.355773,8.371642,4.665311,0.536377,-0.632243,0.075190
544021250.000,Miguel,recording,knock_twice_right,3,-0.342651,8.409677,4.429382,0.461987,-0.515697,0.048959
544021260.000,Miguel,recording,knock_twice_right,3,-0.354147,8.404624,4.147064,0.352333,-0.360040,0.033912
544021270.000,Miguel,recording,knock_twice_right,3,-0.343420,8.421819,3.921543,0.208217,-0.174953,0.031553
544021280.000,Miguel,recording,knock_twice_right,3,-0.299942,8.465363,3.867287,0.044594,0.025827,0.038897
544021290.000,Miguel,recording,knock_twice_right,3,-0.288513,8.458945,3.868442,-0.123337,0.222597,0.051053
544021300.000,Miguel,recording,knock_twice_right,3,-0.258005,8.399094,3.968268,-0.282996,0.395070,0.059541
544021310.000,Miguel,recording,knock_twice_right,3,-0.271539,8.365539,4.075935,-0.422800,0.530483,0.059440
544021320.000,Miguel,recording,knock_twice_right,3,-0.330532,8.290622,4.223027,-0.541064,0.630659,0.055530
544021330.000,Miguel,recording,knock_twice_right,3,-0.438090,8.178152,4.298936,-0.645820,0.708500,0.058813
544021340.000,Miguel,recording,knock_twice_right,3,-0.601121,8.117032,4.420588,-0.735789,0.763375,0.074737
544021350.000,Miguel,recording,knock_twice_right,3,-0.713826,8.219442,4.558371,-0.795535,0.782516,0.096871
544021360.000,Miguel,recording,knock_twice_right,3,-0.752075,8.381042,4.810481,-0.811476,0.754232,0.109837
544021370.000,Miguel,recording,knock_twice_right,3,-0.742098,8.460769,5.043931,-0.782917,0.674909,0.107163
544021380.000,Miguel,recording,knock_twice_right,3,-0.702756,8.445773,5.309973,-0.717195,0.551941,0.098967
544021390.000,Miguel,recording,knock_twice_right,3,-0.599823,8.357426,5.605030,-0.617418,0.403508,0.093021
544021400.000,Miguel,recording,knock_twice_right,3,-0.472376,8.147119,5.844637,-0.489300,0.249914,0.084088
544021410.000,Miguel,recording,knock_twice_right,3,-0.459026,7.975480,5.933976,-0.343881,0.095078,0.063340
544021420.000,Miguel,recording,knock_twice_right,3,-0.528308,8.147809,5.922495,-0.194938,-0.063475,0.029543
544021430.000,Miguel,recording,knock_twice_right,3,-0.727398,8.460238,5.847268,-0.056954,-0.198186,-0.017321
544021440.000,Miguel,recording,knock_twice_right,3,-1.014498,8.734978,5.774786,0.073057,-0.303677,-0.050586
544021450.000,Miguel,recording,knock_twice_right,3,-1.161825,8.678449,5.553907,0.180432,-0.415312,-0.042069
544021460.000,Miguel,recording,knock_twice_right,3,-1.029952,8.303794,5.208809,0.227188,-0.520880,-0.007369
544021470.000,Miguel,recording,knock_twice_right,3,-0.854464,7.939756,4.941422,0.207155,-0.560334,0.028481
544021480.000,Miguel,recording,knock_twice_right,3,-0.849429,7.939041,4.818786,0.143621,-0.497185,0.061715
544021490.000,Miguel,recording,knock_twice_right,3,-0.861171,8.220697,4.805334,0.065229,-0.359329,0.099655
544021500.000,Miguel,recording,knock_twice_right,3,-0.702146,8.498260,4.882140,-0.006957,-0.214804,0.136329
544021510.000,Miguel,recording,knock_twice_right,3,-0.418981,8.468305,5.041246,-0.061617,-0.113870,0.151072
544021520.000,Miguel,recording,knock_twice_right,3,-0.157970,8.248150,5.166402,-0.100919,-0.064406,0.133236
544021530.000,Miguel,recording,knock_twice_right,3,-0.126257,8.099633,5.246491,-0.133495,-0.041763,0.095622
544021540.000,Miguel,recording,knock_twice_right,3,-0.263035,8.118523,5.318224,-0.160347,-0.012605,0.057700
544021550.000,Miguel,recording,knock_twice_right,3,-0.474285,8.219301,5.374330,-0.178245,0.036137,0.031860
544021560.000,Miguel,recording,knock_twice_right,3,-0.606137,8.346404,5.574709,-0.177323,0.094869,0.019387
544021570.000,Miguel,recording,knock_twice_right,3,-0.640914,8.383001,5.726361,-0.148749,0.135361,0.011121
544021580.000,Miguel,recording,knock_twice_right,3,-0.602281,8.328513,5.757550,-0.101912,0.132660,-0.000220
544021590.000,Miguel,recording,knock_twice_right,3,-0.529969,8.170723,5.745176,-0.050335,0.093527,-0.014487
544021600.000,Miguel,recording,knock_twice_right,3,-0.480731,8.055654,5.697233,-0.001535,0.043687,-0.029061
544021610.000,Miguel,recording,knock_twice_right,3,-0.474662,8.013186,5.593867,0.035098,0.004304,-0.042344
544021620.000,Miguel,recording,knock_twice_right,3,-0.533750,8.042128,5.551712,0.055373,0.002579,-0.054583
544021630.000,Miguel,recording,knock_twice_right,3,-0.725876,8.136980,5.691770,0.075985,0.057216,-0.053480
544021640.000,Miguel,recording,knock_twice_right,3,-0.701812,8.151141,5.695705,0.109685,0.134169,-0.037669
544021650.000,Miguel,recording,knock_twice_right,3,-0.589215,8.109809,5.636517,0.147407,0.184525,-0.029720
544021660.000,Miguel,recording,knock_twice_right,3,-0.505010,8.076876,5.552003,0.178647,0.200430,-0.041332
544021670.000,Miguel,recording,knock_twice_right,3,-0.550301,8.013564,5.490145,0.201515,0.204037,-0.061349
544021680.000,Miguel,recording,knock_twice_right,3,-0.676455,8.047986,5.370271,0.217007,0.213941,-0.071977
544021690.000,Miguel,recording,knock_twice_right,3,-0.832629,8.174551,5.235725,0.221929,0.224769,-0.067968
544021700.000,Miguel,recording,knock_twice_right,3,-0.880081,8.292837,5.073572,0.215714,0.221049,-0.055771
544021710.000,Miguel,recording,knock_twice_right,3,-0.827520,8.318097,4.936668,0.201900,0.195096,-0.046162
544021720.000,Miguel,recording,knock_twice_right,3,-0.783592,8.298876,4.864057,0.183975,0.146371,-0.042140
544021730.000,Miguel,recording,knock_twice_right,3,-0.759341,8.267821,4.839804,0.164882,0.079855,-0.039804
544021740.000,Miguel,recording,knock_twice_right,3,-0.717924,8.286345,4.893996,0.149041,0.006535,-0.037559
544021750.000,Miguel,recording,knock_twice_right,3,-0.668642,8.341174,4.988168,0.142425,-0.059192,-0.033699
544021760.000,Miguel,recording,knock_twice_right,3,-0.598501,8.365548,5.072060,0.147663,-0.107524,-0.029342
544021770.000,Miguel,recording,knock_twice_right,3,-0.523303,8.316783,5.127169,0.158219,-0.134350,-0.028759
544021780.000,Miguel,recording,knock_twice_right,3,-0.525385,8.282976,5.109059,0.166419,-0.140785,-0.033851
544021790.000,Miguel,recording,knock_twice_right,3,-0.557850,8.401391,5.127055,0.174878,-0.133792,-0.042566
544021800.000,Miguel,recording,knock_twice_right,3,-0.559784,8.499707,5.106914,0.186409,-0.128090,-0.053202
544021810.000,Miguel,recording,knock_twice_right,3,-0.565673,8.513115,5.060711,0.198499,-0.138198,-0.066618
544021820.000,Miguel,recording,knock_twice_right,3,-0.543647,8.507829,5.025374,0.210580,-0.159891,-0.080350
544021830.000,Miguel,recording,knock_twice_right,3,-0.544596,8.540362,5.004696,0.225020,-0.179866,-0.091149
544021840.000,Miguel,recording,knock_twice_right,3,-0.576888,8.481092,4.928673,0.239573,-0.189769,-0.098245
544021850.000,Miguel,recording,knock_twice_right,3,-0.556629,8.373097,4.866610,0.248247,-0.189378,-0.101117
544021860.000,Miguel,recording,knock_twice_right,3,-0.580661,8.283182,4.826615,0.249365,-0.185439,-0.098820
544021870.000,Miguel,recording,knock_twice_right,3,-0.643651,8.309796,4.803427,0.245077,-0.183176,-0.091331
544021880.000,Miguel,recording,knock_twice_right,3,-0.703799,8.376501,4.830015,0.239012,-0.182309,-0.081457
544021890.000,Miguel,recording,knock_twice_right,3,-0.704169,8.432008,4.835336,0.234300,-0.179549,-0.074730
544021900.000,Miguel,recording,knock_twice_right,3,-0.682772,8.463411,4.822526,0.231160,-0.176932,-0.073434
544021910.000,Miguel,recording,knock_twice_right,3,-0.691890,8.508330,4.809789,0.227350,-0.176066,-0.079056
544021920.000,Miguel,recording,knock_twice_right,3,-0.678417,8.502128,4.773624,0.223787,-0.175344,-0.091984
544021930.000,Miguel,recording,knock_twice_right,3,-0.713780,8.498468,4.761350,0.222140,-0.174474,-0.105328
544021940.000,Miguel,recording,knock_twice_right,3,-0.751176,8.489795,4.717561,0.218186,-0.174261,-0.114803
544021950.000,Miguel,recording,knock_twice_right,3,-0.777446,8.494905,4.662177,0.209664,-0.176740,-0.118565
544021960.000,Miguel,recording,knock_twice_right,3,-0.840321,8.506953,4.629496,0.197695,-0.181386,-0.114653
544021970.000,Miguel,recording,knock_twice_right,3,-0.853609,8.489175,4.607536,0.182921,-0.182832,-0.104549
544021980.000,Miguel,recording,knock_twice_right,3,-0.832423,8.437265,4.611689,0.166612,-0.171796,-0.092026
544021990.000,Miguel,recording,knock_twice_right,3,-0.811453,8.369700,4.702388,0.151108,-0.145646,-0.079560
544022000.000,Miguel,recording,knock_twice_right,3,-0.827876,8.349471,4.753818,0.140473,-0.111931,-0.069325
544022010.000,Miguel,recording,knock_twice_right,3,-0.891548,8.385590,4.769754,0.133617,-0.079553,-0.058722
544022020.000,Miguel,recording,knock_twice_right,3,-0.909949,8.454301,4.771462,0.129172,-0.048848,-0.044899
544022030.000,Miguel,recording,knock_twice_right,3,-0.874945,8.458573,4.752467,0.129691,-0.019601,-0.031595
544022040.000,Miguel,recording,knock_twice_right,3,-0.832379,8.459825,4.665735,0.131922,-0.000353,-0.020753
544022050.000,Miguel,recording,knock_twice_right,3,-0.818747,8.469612,4.651575,0.131202,0.001904,-0.010310
544022060.000,Miguel,recording,knock_twice_right,3,-0.814842,8.469262,4.628550,0.130178,-0.012859,0.001164
544022070.000,Miguel,recording,knock_twice_right,3,-0.783146,8.501282,4.634086,0.135048,-0.038677,0.011032
544022080.000,Miguel,recording,knock_twice_right,3,-0.751865,8.526794,4.616824,0.146067,-0.070535,0.017988
544022090.000,Miguel,recording,knock_twice_right,3,-0.748495,8.524394,4.589284,0.158892,-0.107057,0.022706
544022100.000,Miguel,recording,knock_twice_right,3,-0.715780,8.526432,4.623771,0.171815,-0.144280,0.026406
544022110.000,Miguel,recording,knock_twice_right,3,-0.716067,8.499234,4.620967,0.184701,-0.177470,0.029347
544022120.000,Miguel,recording,knock_twice_right,3,-0.744846,8.516378,4.608538,0.194063,-0.201048,0.033450
544022130.000,Miguel,recording,knock_twice_right,3,-0.751966,8.544333,4.565808,0.196948,-0.206776,0.041232
544022140.000,Miguel,recording,knock_twice_right,3,-0.750577,8.602625,4.468727,0.191514,-0.192420,0.050975
544022150.000,Miguel,recording,knock_twice_right,3,-0.730140,8.606339,4.378602,0.174738,-0.164591,0.061017
544022160.000,Miguel,recording,knock_twice_right,3,-0.657833,8.625992,4.321979,0.148913,-0.132217,0.069636
544022170.000,Miguel,recording,knock_twice_right,3,-0.592436,8.668236,4.290527,0.119138,-0.100640,0.075185
544022180.000,Miguel,recording,knock_twice_right,3,-0.553630,8.688721,4.258124,0.087709,-0.073858,0.078002
544022190.000,Miguel,recording,knock_twice_right,3,-0.476313,8.708834,4.240388,0.055353,-0.051887,0.075519
544022200.000,Miguel,recording,knock_twice_right,3,-0.445199,8.728285,4.240673,0.022719,-0.033618,0.066048
544022210.000,Miguel,recording,knock_twice_right,3,-0.428143,8.712318,4.245829,-0.008498,-0.018113,0.053982
544022220.000,Miguel,recording,knock_twice_right,3,-0.398347,8.708201,4.331971,-0.033613,0.000227,0.040407
544022230.000,Miguel,recording,knock_twice_right,3,-0.403562,8.663203,4.416921,-0.050410,0.019748,0.024493
544022240.000,Miguel,recording,knock_twice_right,3,-0.444959,8.670073,4.444208,-0.059909,0.032183,0.009993
544022250.000,Miguel,recording,knock_twice_right,3,-0.481337,8.667268,4.517702,-0.062424,0.038000,-0.000156
544022260.000,Miguel,recording,knock_twice_right,3,-0.474783,8.639340,4.537386,-0.060345,0.041287,-0.007677
544022270.000,Miguel,recording,knock_twice_right,3,-0.482852,8.602590,4.539027,-0.056826,0.041633,-0.013161
544022280.000,Miguel,recording,knock_twice_right,3,-0.503387,8.589327,4.527643,-0.053102,0.038675,-0.014085
544022290.000,Miguel,recording,knock_twice_right,3,-0.513886,8.563368,4.568461,-0.046609,0.031670,-0.012029
544022300.000,Miguel,recording,knock_twice_right,3,-0.521694,8.574408,4.573874,-0.035070,0.022863,-0.010922
544022310.000,Miguel,recording,knock_twice_right,3,-0.508726,8.574182,4.569575,-0.021630,0.014910,-0.011959
544022320.000,Miguel,recording,knock_twice_right,3,-0.528004,8.563284,4.542479,-0.009267,0.007983,-0.014490
544022330.000,Miguel,recording,knock_twice_right,3,-0.540432,8.542947,4.556576,0.002142,0.003553,-0.015436
544022340.000,Miguel,recording,knock_twice_right,3,-0.569852,8.516783,4.534003,0.011526,0.001488,-0.013936
544022350.000,Miguel,recording,knock_twice_right,3,-0.576681,8.510596,4.512162,0.016890,0.000720,-0.011192
544022360.000,Miguel,recording,knock_twice_right,3,-0.587235,8.538860,4.481207,0.018721,0.000541,-0.006622
544022370.000,Miguel,recording,knock_twice_right,3,-0.614305,8.602495,4.466739,0.017812,0.000010,-0.000555
544022380.000,Miguel,recording,knock_twice_right,3,-0.587398,8.640404,4.469392,0.017445,-0.000233,0.002863
544022390.000,Miguel,recording,knock_twice_right,3,-0.554283,8.648976,4.424646,0.020015,-0.003297,0.001104
544022400.000,Miguel,recording,knock_twice_right,3,-0.531964,8.623410,4.417051,0.022236,-0.014500,-0.002582
544022410.000,Miguel,recording,knock_twice_right,3,-0.521119,8.581212,4.383861,0.018903,-0.031712,-0.006346
544022420.000,Miguel,recording,knock_twice_right,3,-0.523986,8.569501,4.370069,0.009754,-0.045737,-0.009895
544022430.000,Miguel,recording,knock_twice_right,3,-0.547268,8.589887,4.354966,-0.003384,-0.050897,-0.010901
544022440.000,Miguel,recording,knock_twice_right,3,-0.556045,8.589086,4.344862,-0.021083,-0.048345,-0.010819
544022450.000,Miguel,recording,knock_twice_right,3,-0.549562,8.595311,4.366611,-0.041592,-0.040638,-0.012486
544022460.000,Miguel,recording,knock_twice_right,3,-0.535283,8.588947,4.392098,-0.059570,-0.025170,-0.015901
544022470.000,Miguel,recording,knock_twice_right,3,-0.526162,8.587246,4.412068,-0.071737,-0.001238,-0.022566
544022480.000,Miguel,recording,knock_twice_right,3,-0.532748,8.586355,4.401517,-0.082751,0.023193,-0.031539
544022490.000,Miguel,recording,knock_twice_right,3,-0.557994,8.601279,4.406330,-0.096275,0.040749,-0.040904
544022500.000,Miguel,recording,knock_twice_right,3,-0.603444,8.580440,4.437349,-0.109370,0.050952,-0.048380
544022510.000,Miguel,recording,knock_twice_right,3,-0.694258,8.568897,4.473711,-0.117882,0.055506,-0.050922
544022520.000,Miguel,recording,knock_twice_right,3,-0.806410,8.545933,4.523772,-0.123528,0.053353,-0.046459
544022530.000,Miguel,recording,knock_twice_right,3,-0.842908,8.545952,4.567968,-0.128604,0.046522,-0.032615
544022540.000,Miguel,recording,knock_twice_right,3,-0.852265,8.569080,4.649737,-0.129090,0.040247,-0.014060
544022550.000,Miguel,recording,knock_twice_right,3,-0.827612,8.573486,4.731638,-0.120642,0.038383,0.003178
544022560.000,Miguel,recording,knock_twice_right,3,-0.776910,8.569152,4.818408,-0.101940,0.037121,0.017863
544022570.000,Miguel,recording,knock_twice_right,3,-0.739649,8.578466,4.849285,-0.077230,0.028786,0.030350
544022580.000,Miguel,recording,knock_twice_right,3,-0.701421,8.574575,4.901214,-0.049072,0.013950,0.040972
544022590.000,Miguel,recording,knock_twice_right,3,-0.638325,8.596319,4.902264,-0.015968,-0.002847,0.047894
544022600.000,Miguel,recording,knock_twice_right,3,-0.568009,8.611673,4.873204,0.018576,-0.022899,0.048756
544022610.000,Miguel,recording,knock_twice_right,3,-0.493625,8.624261,4.814171,0.046230,-0.048204,0.043830
544022620.000,Miguel,recording,knock_twice_right,3,-0.471794,8.639118,4.759834,0.063643,-0.072569,0.035329
544022630.000,Miguel,recording,knock_twice_right,3,-0.461216,8.644096,4.717140,0.074380,-0.085165,0.024731
544022640.000,Miguel,recording,knock_twice_right,3,-0.489100,8.645917,4.677672,0.079623,-0.081015,0.014303
544022650.000,Miguel,recording,knock_twice_right,3,-0.521794,8.660855,4.636528,0.078862,-0.063501,0.006627
544022660.000,Miguel,recording,knock_twice_right,3,-0.553583,8.648541,4.589479,0.072259,-0.039530,0.001893
544022670.000,Miguel,recording,knock_twice_right,3,-0.589741,8.648181,4.532233,0.061930,-0.016537,-0.000042
544022680.000,Miguel,recording,knock_twice_right,3,-0.608137,8.634978,4.516012,0.049553,-0.000944,0.000930
544022690.000,Miguel,recording,knock_twice_right,3,-0.610121,8.635746,4.494633,0.035683,0.004955,0.005838
544022700.000,Miguel,recording,knock_twice_right,3,-0.608666,8.606932,4.524322,0.024965,0.002767,0.013806
544022710.000,Miguel,recording,knock_twice_right,3,-0.592163,8.591129,4.534608,0.020122,-0.006954,0.021128
544022720.000,Miguel,recording,knock_twice_right,3,-0.540275,8.634018,4.578388,0.020307,-0.022713,0.026106
544022730.000,Miguel,recording,knock_twice_right,3,-0.468144,8.645879,4.603759,0.025925,-0.040329,0.026590
544022740.000,Miguel,recording,knock_twice_right,3,-0.406274,8.606225,4.631894,0.037315,-0.051964,0.018986
544022750.000,Miguel,recording,knock_twice_right,3,-0.393594,8.572306,4.569277,0.049281,-0.052671,0.004503
544022760.000,Miguel,recording,knock_twice_right,3,-0.419151,8.551382,4.496787,0.053444,-0.047973,-0.010794
544022770.000,Miguel,recording,knock_twice_right,3,-0.462031,8.553965,4.461373,0.047871,-0.040217,-0.022583
544022780.000,Miguel,recording,knock_twice_right,3,-0.525272,8.548567,4.446562,0.035621,-0.025290,-0.028482
544022790.000,Miguel,recording,knock_twice_right,3,-0.580084,8.544562,4.460716,0.021753,-0.003560,-0.026464
544022800.000,Miguel,recording,knock_twice_right,3,-0.618460,8.550052,4.474706,0.009901,0.015958,-0.018729
544022810.000,Miguel,recording,knock_twice_right,3,-0.618289,8.588469,4.482888,0.000043,0.026389,-0.010679
544022820.000,Miguel,recording,knock_twice_right,3,-0.597297,8.593343,4.488439,-0.005066,0.028226,-0.004848
544022830.000,Miguel,recording,knock_twice_right,3,-0.592478,8.592471,4.494910,-0.003028,0.024072,-0.001500
544022840.000,Miguel,recording,knock_twice_right,3,-0.586522,8.576666,4.486957,0.003011,0.016058,-0.000283
544022850.000,Miguel,recording,knock_twice_right,3,-0.567136,8.567849,4.454044,0.007993,0.003055,0.000830
544022860.000,Miguel,recording,knock_twice_right,3,-0.538622,8.586967,4.430451,0.009418,-0.014063,0.001231
544022870.000,Miguel,recording,knock_twice_right,3,-0.509304,8.587642,4.409579,0.007701,-0.029894,-0.002048
544022880.000,Miguel,recording,knock_twice_right,3,-0.501968,8.577897,4.409414,0.002907,-0.041075,-0.007708
544022890.000,Miguel,recording,knock_twice_right,3,-0.520052,8.623110,4.412106,-0.002617,-0.051632,-0.012195
544022900.000,Miguel,recording,knock_twice_right,3,-0.544059,8.652187,4.446938,-0.005795,-0.068941,-0.015007
544022910.000,Miguel,recording,knock_twice_right,3,-0.542504,8.654475,4.493248,-0.006037,-0.095517,-0.018673
544022920.000,Miguel,recording,knock_twice_right,3,-0.513698,8.609517,4.515894,-0.003078,-0.127265,-0.022277
544022930.000,Miguel,recording,knock_twice_right,3,-0.533686,8.579832,4.580637,0.001929,-0.152950,-0.023307
544022940.000,Miguel,recording,knock_twice_right,3,-0.545536,8.572826,4.638242,0.006555,-0.159701,-0.019359
544022950.000,Miguel,recording,knock_twice_right,3,-0.551888,8.590902,4.665524,0.011393,-0.143121,-0.011282
544022960.000,Miguel,recording,knock_twice_right,3,-0.532861,8.587016,4.678395,0.016084,-0.107868,-0.004146
544022970.000,Miguel,recording,knock_twice_right,3,-0.524799,8.598832,4.641855,0.016670,-0.064436,-0.000156
544022980.000,Miguel,recording,knock_twice_right,3,-0.480077,8.617313,4.616856,0.012832,-0.024485,0.001307
544022990.000,Miguel,recording,knock_twice_right,3,-0.460002,8.634769,4.597722,0.009268,0.006189,-0.001108
544023000.000,Miguel,recording,knock_twice_right,3,-0.451687,8.646400,4.571062,0.007737,0.023364,-0.008253
544023010.000,Miguel,recording,knock_twice_right,3,-0.498286,8.672934,4.531875,0.004286,0.023993,-0.014506
544023020.000,Miguel,recording,knock_twice_right,3,-0.539221,8.675682,4.497406,-0.003820,0.014630,-0.017173
544023030.000,Miguel,recording,knock_twice_right,3,-0.563486,8.672710,4.483981,-0.012171,0.007355,-0.018656
544023040.000,Miguel,recording,knock_twice_right,3,-0.581265,8.640714,4.486690,-0.017888,0.006608,-0.017984
544023050.000,Miguel,recording,knock_twice_right,3,-0.609125,8.622564,4.506810,-0.023117,0.008739,-0.013328
544023060.000,Miguel,recording,knock_twice_right,3,-0.593730,8.624573,4.546672,-0.027817,0.013948,-0.006086
544023070.000,Miguel,recording,knock_twice_right,3,-0.580258,8.595328,4.592554,-0.029106,0.023812,0.000291
544023080.000,Miguel,recording,knock_twice_right,3,-0.559312,8.585823,4.578736,-0.026034,0.031950,0.004647
544023090.000,Miguel,recording,knock_twice_right,3,-0.540425,8.562403,4.573485,-0.020794,0.031251,0.007402
544023100.000,Miguel,recording,knock_twice_right,3,-0.493989,8.563783,4.548978,-0.015021,0.021360,0.007852
544023110.000,Miguel,recording,knock_twice_right,3,-0.467538,8.568285,4.566324,-0.007904,0.006060,0.005197
544023120.000,Miguel,recording,knock_twice_right,3,-0.451702,8.602497,4.558218,0.001134,-0.008820,-0.002240
544023130.000,Miguel,recording,knock_twice_right,3,-0.428205,8.589884,4.556976,0.009003,-0.018947,-0.014347
544023140.000,Miguel,recording,knock_twice_right,3,-0.465597,8.529921,4.487931,0.009996,-0.021643,-0.025130
544023150.000,Miguel,recording,knock_twice_right,3,-0.544271,8.541226,4.453290,0.002397,-0.015671,-0.028109
544023160.000,Miguel,recording,knock_twice_right,3,-0.638001,8.583550,4.436094,-0.009215,-0.002423,-0.022549
544023170.000,Miguel,recording,knock_twice_right,3,-0.666083,8.621084,4.399380,-0.022521,0.015228,-0.011671
544023180.000,Miguel,recording,knock_twice_right,3,-0.663055,8.648686,4.392334,-0.036495,0.032054,0.000148
544023190.000,Miguel,recording,knock_twice_right,3,-0.629318,8.614813,4.401129,-0.049259,0.042710,0.011630
544023200.000,Miguel,recording,knock_twice_right,3,-0.559510,8.581688,4.452405,-0.060658,0.046264,0.022218
544023210.000,Miguel,recording,knock_twice_right,3,-0.461326,8.530665,4.513773,-0.070336,0.044581,0.026624
544023220.000,Miguel,recording,knock_twice_right,3,-0.388374,8.563117,4.573976,-0.075916,0.039651,0.022726
544023230.000,Miguel,recording,knock_twice_right,3,-0.342947,8.608185,4.611143,-0.077697,0.034929,0.012103
544023240.000,Miguel,recording,knock_twice_right,3,-0.342829,8.604710,4.591489,-0.080689,0.034732,-0.003459
544023250.000,Miguel,recording,knock_twice_right,3,-0.372663,8.617304,4.570023,-0.086869,0.042850,-0.020343
544023260.000,Miguel,recording,knock_twice_right,3,-0.403006,8.620338,4.595504,-0.091504,0.062933,-0.037069
544023270.000,Miguel,recording,knock_twice_right,3,-0.484078,8.494412,4.630608,-0.090044,0.096072,-0.054616
544023280.000,Miguel,recording,knock_twice_right,3,-0.851681,8.301060,4.572765,-0.083676,0.136203,-0.069711
544023290.000,Miguel,recording,knock_twice_right,3,-1.723029,8.271258,4.476438,-0.083116,0.162064,-0.047036
544023300.000,Miguel,recording,knock_twice_right,3,-2.001153,8.487383,4.537853,-0.097004,0.160660,0.045151
544023310.000,Miguel,recording,knock_twice_right,3,-1.667614,8.353967,4.532793,-0.115610,0.153229,0.165971
544023320.000,Miguel,recording,knock_twice_right,3,-1.102353,8.277960,4.612000,-0.124952,0.147330,0.256626
544023330.000,Miguel,recording,knock_twice_right,3,-0.679258,8.400759,4.640696,-0.123632,0.115151,0.301276
544023340.000,Miguel,recording,knock_twice_right,3,-0.291127,8.567839,4.690156,-0.114775,0.047949,0.301275
544023350.000,Miguel,recording,knock_twice_right,3,0.045318,8.748158,4.666479,-0.103083,-0.023343,0.259856
544023360.000,Miguel,recording,knock_twice_right,3,0.298173,8.794261,4.672002,-0.094292,-0.078546,0.181454
544023370.000,Miguel,recording,knock_twice_right,3,0.369379,8.734664,4.734273,-0.089880,-0.119913,0.083432
544023380.000,Miguel,recording,knock_twice_right,3,0.249623,8.661685,4.797685,-0.086842,-0.146463,-0.009467
544023390.000,Miguel,recording,knock_twice_right,3,0.058867,8.604632,4.843838,-0.079833,-0.153686,-0.086796
544023400.000,Miguel,recording,knock_twice_right,3,-0.129265,8.517788,4.826294,-0.071653,-0.130524,-0.145186
544023410.000,Miguel,recording,knock_twice_right,3,-0.370449,8.484285,4.733936,-0.075676,-0.086249,-0.176759
544023420.000,Miguel,recording,knock_twice_right,3,-0.724872,8.587386,4.733392,-0.095552,-0.043075,-0.168909
544023430.000,Miguel,recording,knock_twice_right,3,-0.835232,8.634395,4.817651,-0.115206,-0.000277,-0.126580
544023440.000,Miguel,recording,knock_twice_right,3,-0.739805,8.606020,4.961509,-0.115648,0.048960,-0.076009
544023450.000,Miguel,recording,knock_twice_right,3,-0.613272,8.527610,5.048760,-0.093555,0.087360,-0.037020
544023460.000,Miguel,recording,knock_twice_right,3,-0.592940,8.521384,5.052917,-0.059096,0.088591,-0.011204
544023470.000,Miguel,recording,knock_twice_right,3,-0.560552,8.539246,5.060434,-0.021508,0.052563,0.006661
544023480.000,Miguel,recording,knock_twice_right,3,-0.493835,8.562991,5.016951,0.016297,0.002956,0.018351
544023490.000,Miguel,recording,knock_twice_right,3,-0.428667,8.555875,4.951399,0.049933,-0.038503,0.024634
544023500.000,Miguel,recording,knock_twice_right,3,-0.376916,8.564131,4.840079,0.071289,-0.065290,0.027935
544023510.000,Miguel,recording,knock_twice_right,3,-0.295753,8.548659,4.735377,0.078036,-0.074269,0.026358
544023520.000,Miguel,recording,knock_twice_right,3,-0.209847,8.526073,4.648029,0.070874,-0.062809,0.016012
544023530.000,Miguel,recording,knock_twice_right,3,-0.182600,8.542478,4.646874,0.055056,-0.034206,-0.002055
544023540.000,Miguel,recording,knock_twice_right,3,-0.220680,8.554567,4.685480,0.038303,0.003826,-0.024777
544023550.000,Miguel,recording,knock_twice_right,3,-0.275287,8.528365,4.722703,0.026899,0.044773,-0.050509
544023560.000,Miguel,recording,knock_twice_right,3,-0.377331,8.434684,4.680299,0.022109,0.082978,-0.077184
544023570.000,Miguel,recording,knock_twice_right,3,-0.722686,8.280429,4.632344,0.017258,0.105763,-0.096724
544023580.000,Miguel,recording,knock_twice_right,3,-1.461735,8.212072,4.610098,0.009803,0.096748,-0.080063
544023590.000,Miguel,recording,knock_twice_right,3,-1.889457,8.348191,4.747252,0.005349,0.057856,0.000277
544023600.000,Miguel,recording,knock_twice_right,3,-1.827812,8.318589,4.759460,0.011301,0.023551,0.120815
544023610.000,Miguel,recording,knock_twice_right,3,-1.405244,8.253717,4.748822,0.027518,0.011979,0.234627
544023620.000,Miguel,recording,knock_twice_right,3,-0.894592,8.337187,4.666392,0.044839,0.002274,0.315727
544023630.000,Miguel,recording,knock_twice_right,3,-0.397904,8.477145,4.586461,0.055673,-0.026510,0.347912
544023640.000,Miguel,recording,knock_twice_right,3,0.097953,8.597557,4.541775,0.057082,-0.069132,0.320097
544023650.000,Miguel,recording,knock_twice_right,3,0.471729,8.704554,4.522121,0.048654,-0.107101,0.241655
544023660.000,Miguel,recording,knock_twice_right,3,0.587586,8.749159,4.517777,0.030647,-0.134318,0.137009
544023670.000,Miguel,recording,knock_twice_right,3,0.533480,8.712744,4.553064,0.006516,-0.151774,0.027831
544023680.000,Miguel,recording,knock_twice_right,3,0.316223,8.685368,4.679549,-0.014321,-0.154745,-0.068065
544023690.000,Miguel,recording,knock_twice_right,3,0.052290,8.653452,4.777652,-0.024404,-0.129345,-0.138509
544023700.000,Miguel,recording,knock_twice_right,3,-0.170439,8.569096,4.741616,-0.027846,-0.066105,-0.181773
544023710.000,Miguel,recording,knock_twice_right,3,-0.346773,8.444877,4.602836,-0.039947,0.016701,-0.201600
544023720.000,Miguel,recording,knock_twice_right,3,-0.608987,8.400966,4.535209,-0.069797,0.078200,-0.195539
544023730.000,Miguel,recording,knock_twice_right,3,-0.884239,8.513418,4.607963,-0.104371,0.101254,-0.160884
544023740.000,Miguel,recording,knock_twice_right,3,-0.916207,8.572546,4.768450,-0.120471,0.107783,-0.108864
544023750.000,Miguel,recording,knock_twice_right,3,-0.854957,8.536873,4.875684,-0.111661,0.108511,-0.056623
544023760.000,Miguel,recording,knock_twice_right,3,-0.778989,8.467971,4.881278,-0.087726,0.088882,-0.011779
544023770.000,Miguel,recording,knock_twice_right,3,-0.661662,8.470869,4.915085,-0.058654,0.043674,0.023545
544023780.000,Miguel,recording,knock_twice_right,3,-0.524879,8.460840,4.931409,-0.028452,-0.010156,0.045134
544023790.000,Miguel,recording,knock_twice_right,3,-0.425300,8.465709,4.914706,0.001825,-0.050656,0.053528
544023800.000,Miguel,recording,knock_twice_right,3,-0.366875,8.499032,4.854370,0.027609,-0.070284,0.054319
544023810.000,Miguel,recording,knock_twice_right,3,-0.342222,8.498247,4.778952,0.041672,-0.075748,0.049934
544023820.000,Miguel,recording,knock_twice_right,3,-0.316932,8.541075,4.700786,0.038918,-0.075048,0.041974
544023830.000,Miguel,recording,knock_twice_right,3,-0.274041,8.613841,4.693833,0.024893,-0.068227,0.031048
544023840.000,Miguel,recording,knock_twice_right,3,-0.211863,8.611366,4.757470,0.011525,-0.049361,0.015029
544023850.000,Miguel,recording,knock_twice_right,3,-0.201406,8.548311,4.775851,0.002368,-0.019516,-0.005203
544023860.000,Miguel,recording,knock_twice_right,3,-0.270987,8.519519,4.732592,-0.005342,0.008953,-0.025277
544023870.000,Miguel,recording,knock_twice_right,3,-0.374126,8.507430,4.663548,-0.015618,0.026789,-0.039165
544023880.000,Miguel,recording,knock_twice_right,3,-0.488051,8.510171,4.609609,-0.030239,0.033387,-0.044218
544023890.000,Miguel,recording,knock_twice_right,3,-0.584368,8.526265,4.620719,-0.044239,0.030783,-0.040313
544023900.000,Miguel,recording,knock_twice_right,3,-0.646230,8.508268,4.672927,-0.052223,0.023879,-0.027136
544023910.000,Miguel,recording,knock_twice_right,3,-0.609501,8.477576,4.688648,-0.054012,0.016869,-0.010131
544023920.000,Miguel,recording,knock_twice_right,3,-0.559833,8.440885,4.683913,-0.054442,0.006750,0.003512
544023930.000,Miguel,recording,knock_twice_right,3,-0.499090,8.451243,4.673923,-0.056841,-0.009830,0.013080
544023940.000,Miguel,recording,knock_twice_right,3,-0.476167,8.478475,4.749017,-0.057496,-0.024508,0.018264
544023950.000,Miguel,recording,knock_twice_right,3,-0.425997,8.483417,4.796505,-0.051236,-0.026349,0.016945
544023960.000,Miguel,recording,knock_twice_right,3,-0.398194,8.454155,4.816703,-0.040488,-0.019620,0.010476
544023970.000,Miguel,recording,knock_twice_right,3,-0.413101,8.443191,4.799266,-0.031862,-0.015017,0.002517
544023980.000,Miguel,recording,knock_twice_right,3,-0.435274,8.463005,4.806140,-0.028917,-0.015276,-0.004160
544023990.000,Miguel,recording,knock_twice_right,3,-0.470666,8.472624,4.843844,-0.026983,-0.014529,-0.008365
544024000.000,Miguel,recording,knock_twice_right,3,-0.486839,8.453797,4.873564,-0.021009,-0.008509,-0.009710
544024010.000,Miguel,recording,knock_twice_right,3,-0.519196,8.435983,4.854576,-0.015494,-0.003387,-0.009566
544024020.000,Miguel,recording,knock_twice_right,3,-0.510942,8.455376,4.821395,-0.017356,-0.006873,-0.008206
544024030.000,Miguel,recording,knock_twice_right,3,-0.539666,8.472627,4.775230,-0.027791,-0.014497,-0.004880
544024040.000,Miguel,recording,knock_twice_right,3,-0.526837,8.489389,4.794277,-0.040315,-0.014665,-0.001114
544024050.000,Miguel,recording,knock_twice_right,3,-0.527271,8.484100,4.792623,-0.049663,-0.003732,0.002184
544024060.000,Miguel,recording,knock_twice_right,3,-0.499513,8.476452,4.836925,-0.056942,0.013864,0.004796
544024070.000,Miguel,recording,knock_twice_right,4,-0.516074,8.478989,4.815396,-0.062801,0.031592,0.007473
544024080.000,Miguel,recording,knock_twice_right,4,-0.509062,8.505321,4.832326,-0.064630,0.045050,0.011767
544024090.000,Miguel,recording,knock_twice_right,4,-0.510493,8.498246,4.865620,-0.060304,0.052119,0.016993
544024100.000,Miguel,recording,knock_twice_right,4,-0.507464,8.471054,4.882347,-0.051122,0.047248,0.022765
544024110.000,Miguel,recording,knock_twice_right,4,-0.496291,8.449456,4.857422,-0.043006,0.026211,0.029767
544024120.000,Miguel,recording,knock_twice_right,4,-0.449815,8.433817,4.842809,-0.039476,-0.003139,0.038132
544024130.000,Miguel,recording,knock_twice_right,4,-0.390046,8.415590,4.923032,-0.035322,-0.026447,0.045337
544024140.000,Miguel,recording,knock_twice_right,4,-0.353844,8.439410,4.977387,-0.024074,-0.036529,0.047374
544024150.000,Miguel,recording,knock_twice_right,4,-0.359898,8.450941,5.008258,-0.008597,-0.036842,0.044615
544024160.000,Miguel,recording,knock_twice_right,4,-0.305629,8.467934,4.988834,0.006816,-0.032656,0.038933
544024170.000,Miguel,recording,knock_twice_right,4,-0.295042,8.456435,4.962489,0.023448,-0.023519,0.029579
544024180.000,Miguel,recording,knock_twice_right,4,-0.286957,8.459256,4.883473,0.039339,-0.009276,0.017044
544024190.000,Miguel,recording,knock_twice_right,4,-0.296062,8.460640,4.811876,0.049434,0.002866,0.003913
544024200.000,Miguel,recording,knock_twice_right,4,-0.328368,8.434188,4.730115,0.051239,0.004938,-0.008321
544024210.000,Miguel,recording,knock_twice_right,4,-0.379103,8.453769,4.660685,0.043872,-0.000901,-0.018047
544024220.000,Miguel,recording,knock_twice_right,4,-0.444644,8.474169,4.624719,0.026974,-0.006798,-0.023030
544024230.000,Miguel,recording,knock_twice_right,4,-0.503807,8.515630,4.612105,0.003782,-0.009390,-0.021342
544024240.000,Miguel,recording,knock_twice_right,4,-0.565228,8.538754,4.633755,-0.019004,-0.005839,-0.012672
544024250.000,Miguel,recording,knock_twice_right,4,-0.596287,8.558468,4.690127,-0.035801,0.007800,0.001096
544024260.000,Miguel,recording,knock_twice_right,4,-0.627007,8.525495,4.755499,-0.046993,0.031522,0.018946
544024270.000,Miguel,recording,knock_twice_right,4,-0.571548,8.507780,4.794300,-0.055428,0.063422,0.037746
544024280.000,Miguel,recording,knock_twice_right,4,-0.540870,8.477578,4.848903,-0.061458,0.101879,0.054924
544024290.000,Miguel,recording,knock_twice_right,4,-0.518857,8.458770,4.883174,-0.065206,0.148443,0.072106
544024300.000,Miguel,recording,knock_twice_right,4,-0.567404,8.459216,4.952935,-0.065688,0.198368,0.090930
544024310.000,Miguel,recording,knock_twice_right,4,-0.537323,8.535442,5.010877,-0.057950,0.241941,0.108358
544024320.000,Miguel,recording,knock_twice_right,4,-0.471449,8.552727,5.048640,-0.035415,0.268375,0.118227
544024330.000,Miguel,recording,knock_twice_right,4,-0.377918,8.512310,5.048044,-0.001310,0.265444,0.118210
544024340.000,Miguel,recording,knock_twice_right,4,-0.307860,8.474730,5.043162,0.033328,0.234350,0.110205
544024350.000,Miguel,recording,knock_twice_right,4,-0.282677,8.445962,5.008949,0.060114,0.194883,0.098191
544024360.000,Miguel,recording,knock_twice_right,4,-0.259344,8.438198,4.931371,0.071453,0.176838,0.083108
544024370.000,Miguel,recording,knock_twice_right,4,-0.244499,8.489005,4.829804,0.062943,0.201341,0.064385
544024380.000,Miguel,recording,knock_twice_right,4,-0.234093,8.519156,4.767986,0.039442,0.265827,0.041209
544024390.000,Miguel,recording,knock_twice_right,4,-0.216763,8.568335,4.756884,0.007319,0.354976,0.014590
544024400.000,Miguel,recording,knock_twice_right,4,-0.247857,8.552829,4.744125,-0.030248,0.454933,-0.012235
544024410.000,Miguel,recording,knock_twice_right,4,-0.297204,8.478719,4.817374,-0.069016,0.552726,-0.036494
544024420.000,Miguel,recording,knock_twice_right,4,-0.370717,8.402284,4.929735,-0.103630,0.639055,-0.055142
544024430.000,Miguel,recording,knock_twice_right,4,-0.457234,8.426547,5.056638,-0.120552,0.708480,-0.068411
544024440.000,Miguel,recording,knock_twice_right,4,-0.515502,8.459915,5.252977,-0.099513,0.749666,-0.080661
544024450.000,Miguel,recording,knock_twice_right,4,-0.539884,8.514149,5.349912,-0.036539,0.730691,-0.099669
544024460.000,Miguel,recording,knock_twice_right,4,-0.533748,8.526215,5.250686,0.052073,0.623957,-0.131203
544024470.000,Miguel,recording,knock_twice_right,4,-0.592844,8.414812,5.121034,0.146860,0.434355,-0.169789
544024480.000,Miguel,recording,knock_twice_right,4,-0.716602,8.316222,4.972062,0.232572,0.196596,-0.202049
544024490.000,Miguel,recording,knock_twice_right,4,-0.884166,8.276783,4.921675,0.305315,-0.033270,-0.215088
544024500.000,Miguel,recording,knock_twice_right,4,-1.028536,8.254875,4.850173,0.363934,-0.202624,-0.202976
544024510.000,Miguel,recording,knock_twice_right,4,-1.122640,8.199944,4.725220,0.398167,-0.284901,-0.165834
544024520.000,Miguel,recording,knock_twice_right,4,-1.160806,8.174797,4.608763,0.400662,-0.283948,-0.109758
544024530.000,Miguel,recording,knock_twice_right,4,-1.207990,8.217618,4.569414,0.380839,-0.220700,-0.045941
544024540.000,Miguel,recording,knock_twice_right,4,-1.198545,8.327891,4.515147,0.347767,-0.128194,0.013558
544024550.000,Miguel,recording,knock_twice_right,4,-1.160592,8.507309,4.343535,0.302954,-0.043326,0.054940
544024560.000,Miguel,recording,knock_twice_right,4,-1.094070,8.698845,4.200030,0.252159,0.012431,0.076035
544024570.000,Miguel,recording,knock_twice_right,4,-1.035683,8.827313,4.133227,0.203067,0.033415,0.084494
544024580.000,Miguel,recording,knock_twice_right,4,-0.915549,8.833549,4.096032,0.163352,0.020408,0.083476
544024590.000,Miguel,recording,knock_twice_right,4,-0.822746,8.749637,4.091985,0.136644,-0.026941,0.074044
544024600.000,Miguel,recording,knock_twice_right,4,-0.757759,8.733863,4.141069,0.121849,-0.102268,0.061295
544024610.000,Miguel,recording,knock_twice_right,4,-0.722042,8.706183,4.160952,0.111450,-0.183648,0.051110
544024620.000,Miguel,recording,knock_twice_right,4,-0.661531,8.691645,4.165096,0.095805,-0.249300,0.041708
544024630.000,Miguel,recording,knock_twice_right,4,-0.619736,8.653946,4.123660,0.069478,-0.286999,0.030186
544024640.000,Miguel,recording,knock_twice_right,4,-0.661991,8.689748,4.142619,0.032821,-0.287116,0.018340
544024650.000,Miguel,recording,knock_twice_right,4,-0.771190,8.754266,4.200692,-0.007408,-0.248688,0.012565
544024660.000,Miguel,recording,knock_twice_right,4,-0.837910,8.751046,4.226819,-0.045198,-0.186790,0.017014
544024670.000,Miguel,recording,knock_twice_right,4,-0.850338,8.714111,4.227565,-0.081263,-0.118054,0.030165
544024680.000,Miguel,recording,knock_twice_right,4,-0.838989,8.695886,4.256659,-0.113415,-0.050981,0.050929
544024690.000,Miguel,recording,knock_twice_right,4,-0.788421,8.622114,4.251178,-0.138746,0.002228,0.072621
544024700.000,Miguel,recording,knock_twice_right,4,-0.632265,8.545055,4.260661,-0.161925,0.015828,0.084096
544024710.000,Miguel,recording,knock_twice_right,4,-0.542824,8.534526,4.250456,-0.189183,-0.020644,0.082724
544024720.000,Miguel,recording,knock_twice_right,4,-0.527338,8.496378,4.260855,-0.223363,-0.075917,0.080714
544024730.000,Miguel,recording,knock_twice_right,4,-0.553931,8.457342,4.304482,-0.261954,-0.106047,0.087833
544024740.000,Miguel,recording,knock_twice_right,4,-0.493794,8.433564,4.374209,-0.303513,-0.094974,0.098917
544024750.000,Miguel,recording,knock_twice_right,4,-0.425738,8.394367,4.414711,-0.350015,-0.052813,0.104266
544024760.000,Miguel,recording,knock_twice_right,4,-0.350991,8.341686,4.529439,-0.393996,0.001881,0.098492
544024770.000,Miguel,recording,knock_twice_right,4,-0.299787,8.328761,4.691628,-0.421196,0.049346,0.081602
544024780.000,Miguel,recording,knock_twice_right,4,-0.293877,8.355797,4.916625,-0.422417,0.071425,0.057314
544024790.000,Miguel,recording,knock_twice_right,4,-0.313293,8.372456,5.059702,-0.398563,0.053100,0.030105
544024800.000,Miguel,recording,knock_twice_right,4,-0.348578,8.385582,5.153515,-0.356072,-0.010371,0.004172
544024810.000,Miguel,recording,knock_twice_right,4,-0.350073,8.392358,5.233972,-0.300349,-0.102722,-0.016058
544024820.000,Miguel,recording,knock_twice_right,4,-0.346692,8.410373,5.298518,-0.238334,-0.196117,-0.028477
544024830.000,Miguel,recording,knock_twice_right,4,-0.389456,8.472860,5.332541,-0.173973,-0.262796,-0.033551
544024840.000,Miguel,recording,knock_twice_right,4,-0.431514,8.531630,5.395307,-0.107084,-0.290659,-0.035057
544024850.000,Miguel,recording,knock_twice_right,4,-0.400812,8.578188,5.376100,-0.039261,-0.293058,-0.039469
544024860.000,Miguel,recording,knock_twice_right,4,-0.373760,8.468763,5.301172,0.019881,-0.292971,-0.051193
544024870.000,Miguel,recording,knock_twice_right,4,-0.361126,8.361898,5.231844,0.060880,-0.305135,-0.066925
544024880.000,Miguel,recording,knock_twice_right,4,-0.376372,8.321242,5.143423,0.084701,-0.326411,-0.078536
544024890.000,Miguel,recording,knock_twice_right,4,-0.406005,8.315199,5.117461,0.098009,-0.344259,-0.083284
544024900.000,Miguel,recording,knock_twice_right,4,-0.413367,8.353920,5.131229,0.105347,-0.344821,-0.083157
544024910.000,Miguel,recording,knock_twice_right,4,-0.459758,8.414503,5.102038,0.104324,-0.311213,-0.076257
544024920.000,Miguel,recording,knock_twice_right,4,-0.541296,8.403684,5.046874,0.090224,-0.235686,-0.061629
544024930.000,Miguel,recording,knock_twice_right,4,-0.566568,8.423334,4.947434,0.062191,-0.133028,-0.045261
544024940.000,Miguel,recording,knock_twice_right,4,-0.565061,8.436317,4.884214,0.022496,-0.025658,-0.031428
544024950.000,Miguel,recording,knock_twice_right,4,-0.577920,8.440278,4.820126,-0.024365,0.072465,-0.021009
544024960.000,Miguel,recording,knock_twice_right,4,-0.570055,8.485726,4.820506,-0.066344,0.152278,-0.015205
544024970.000,Miguel,recording,knock_twice_right,4,-0.568738,8.525225,4.846143,-0.092560,0.201359,-0.014391
544024980.000,Miguel,recording,knock_twice_right,4,-0.548484,8.556884,4.864131,-0.102423,0.208119,-0.017423
544024990.000,Miguel,recording,knock_twice_right,4,-0.537585,8.550403,4.884089,-0.098420,0.170568,-0.024852
544025000.000,Miguel,recording,knock_twice_right,4,-0.540037,8.512590,4.903860,-0.084895,0.100451,-0.035997
544025010.000,Miguel,recording,knock_twice_right,4,-0.559090,8.445172,4.926812,-0.064441,0.022824,-0.046325
544025020.000,Miguel,recording,knock_twice_right,4,-0.582485,8.310682,5.014180,-0.037869,-0.036724,-0.052904
544025030.000,Miguel,recording,knock_twice_right,4,-0.659797,8.179207,5.076013,-0.009875,-0.071229,-0.051424
544025040.000,Miguel,recording,knock_twice_right,4,-0.729955,8.172380,5.131307,0.014732,-0.086398,-0.038359
544025050.000,Miguel,recording,knock_twice_right,4,-0.731878,8.230840,5.174619,0.036730,-0.085611,-0.016093
544025060.000,Miguel,recording,knock_twice_right,4,-0.670587,8.248310,5.156682,0.059283,-0.068204,0.006947
544025070.000,Miguel,recording,knock_twice_right,4,-0.625309,8.300261,5.122367,0.083505,-0.037096,0.024239
544025080.000,Miguel,recording,knock_twice_right,4,-0.554904,8.394019,5.073922,0.108170,-0.003581,0.033566
544025090.000,Miguel,recording,knock_twice_right,4,-0.464015,8.458485,4.990439,0.133548,0.019676,0.031724
544025100.000,Miguel,recording,knock_twice_right,4,-0.435007,8.432798,4.891409,0.153731,0.022570,0.019984
544025110.000,Miguel,recording,knock_twice_right,4,-0.444063,8.436324,4.761799,0.160639,0.004341,0.005340
544025120.000,Miguel,recording,knock_twice_right,4,-0.488525,8.442077,4.668106,0.153706,-0.022895,-0.005789
544025130.000,Miguel,recording,knock_twice_right,4,-0.543013,8.437741,4.586332,0.134873,-0.044701,-0.011317
544025140.000,Miguel,recording,knock_twice_right,4,-0.604691,8.445978,4.565210,0.106563,-0.054111,-0.011238
544025150.000,Miguel,recording,knock_twice_right,4,-0.639467,8.468658,4.576666,0.071457,-0.048794,-0.004489
544025160.000,Miguel,recording,knock_twice_right,4,-0.652684,8.517237,4.632169,0.036780,-0.026293,0.009376
544025170.000,Miguel,recording,knock_twice_right,4,-0.639120,8.503157,4.703832,0.009276,0.008430,0.024207
544025180.000,Miguel,recording,knock_twice_right,4,-0.569560,8.487699,4.735870,-0.011233,0.042124,0.035347
544025190.000,Miguel,recording,knock_twice_right,4,-0.536105,8.438995,4.743189,-0.025973,0.065381,0.044954
544025200.000,Miguel,recording,knock_twice_right,4,-0.495020,8.471704,4.776564,-0.033799,0.076346,0.052128
544025210.000,Miguel,recording,knock_twice_right,4,-0.458560,8.502032,4.774278,-0.036251,0.075416,0.055654
544025220.000,Miguel,recording,knock_twice_right,4,-0.411657,8.511734,4.772196,-0.038884,0.065761,0.055380
544025230.000,Miguel,recording,knock_twice_right,4,-0.344089,8.515113,4.796446,-0.041498,0.056934,0.049700
544025240.000,Miguel,recording,knock_twice_right,4,-0.307099,8.517332,4.813023,-0.043206,0.058367,0.039206
544025250.000,Miguel,recording,knock_twice_right,4,-0.296586,8.537238,4.784282,-0.047535,0.067523,0.025244
544025260.000,Miguel,recording,knock_twice_right,4,-0.273750,8.583728,4.798624,-0.053148,0.076544,0.008247
544025270.000,Miguel,recording,knock_twice_right,4,-0.299782,8.590276,4.811882,-0.056577,0.081729,-0.012550
544025280.000,Miguel,recording,knock_twice_right,4,-0.310496,8.594514,4.841490,-0.058197,0.082090,-0.033983
544025290.000,Miguel,recording,knock_twice_right,4,-0.354054,8.544082,4.853804,-0.056693,0.079539,-0.051362
544025300.000,Miguel,recording,knock_twice_right,4,-0.403231,8.451410,4.902203,-0.051649,0.074392,-0.065645
544025310.000,Miguel,recording,knock_twice_right,4,-0.464946,8.399281,4.923737,-0.046258,0.065121,-0.074399
544025320.000,Miguel,recording,knock_twice_right,4,-0.542228,8.364831,4.981376,-0.039954,0.053829,-0.075169
544025330.000,Miguel,recording,knock_twice_right,4,-0.633561,8.395908,5.006203,-0.033463,0.046504,-0.069413
544025340.000,Miguel,recording,knock_twice_right,4,-0.641688,8.402884,5.007302,-0.026675,0.049534,-0.057919
544025350.000,Miguel,recording,knock_twice_right,4,-0.654907,8.413660,5.026159,-0.013899,0.061574,-0.044788
544025360.000,Miguel,recording,knock_twice_right,4,-0.641981,8.402636,4.997356,0.008027,0.070871,-0.034544
544025370.000,Miguel,recording,knock_twice_right,4,-0.676091,8.376910,4.955940,0.032361,0.065381,-0.026828
544025380.000,Miguel,recording,knock_twice_right,4,-0.698545,8.378839,4.907668,0.051199,0.043589,-0.016547
544025390.000,Miguel,recording,knock_twice_right,4,-0.709982,8.386164,4.865905,0.065207,0.015781,-0.003465
544025400.000,Miguel,recording,knock_twice_right,4,-0.693577,8.423862,4.811851,0.075035,-0.011449,0.007801
544025410.000,Miguel,recording,knock_twice_right,4,-0.673716,8.434336,4.773008,0.078569,-0.036410,0.016706
544025420.000,Miguel,recording,knock_twice_right,4,-0.647486,8.436492,4.761569,0.077194,-0.053329,0.023818
544025430.000,Miguel,recording,knock_twice_right,4,-0.609430,8.424997,4.763965,0.072477,-0.059090,0.028353
544025440.000,Miguel,recording,knock_twice_right,4,-0.559442,8.457450,4.761490,0.066189,-0.052695,0.028715
544025450.000,Miguel,recording,knock_twice_right,4,-0.553414,8.450475,4.760833,0.059251,-0.036370,0.025023
544025460.000,Miguel,recording,knock_twice_right,4,-0.566019,8.456222,4.752110,0.051261,-0.017079,0.019359
544025470.000,Miguel,recording,knock_twice_right,4,-0.572842,8.440591,4.737096,0.045101,0.001272,0.012987
544025480.000,Miguel,recording,knock_twice_right,4,-0.586477,8.435686,4.729936,0.038639,0.013440,0.008797
544025490.000,Miguel,recording,knock_twice_right,4,-0.615530,8.425065,4.676847,0.028428,0.013450,0.010012
544025500.000,Miguel,recording,knock_twice_right,4,-0.654865,8.419824,4.654222,0.016405,0.003065,0.015772
544025510.000,Miguel,recording,knock_twice_right,4,-0.646972,8.487124,4.632096,0.002071,-0.011322,0.025862
544025520.000,Miguel,recording,knock_twice_right,4,-0.613623,8.532967,4.660237,-0.013735,-0.018276,0.037167
544025530.000,Miguel,recording,knock_twice_right,4,-0.536152,8.522130,4.711949,-0.026570,-0.011002,0.041984
544025540.000,Miguel,recording,knock_twice_right,4,-0.474664,8.511921,4.732888,-0.037791,0.003848,0.039176
544025550.000,Miguel,recording,knock_twice_right,4,-0.443902,8.471430,4.718461,-0.051377,0.017444,0.031369
544025560.000,Miguel,recording,knock_twice_right,4,-0.447160,8.491230,4.757728,-0.066226,0.033488,0.020450
544025570.000,Miguel,recording,knock_twice_right,4,-0.457236,8.494710,4.801979,-0.078549,0.057847,0.010905
544025580.000,Miguel,recording,knock_twice_right,4,-0.463643,8.471574,4.828717,-0.084994,0.082371,0.004732
544025590.000,Miguel,recording,knock_twice_right,4,-0.466451,8.453494,4.835372,-0.086978,0.093304,0.001015
544025600.000,Miguel,recording,knock_twice_right,4,-0.502511,8.458833,4.835657,-0.086810,0.084449,-0.001491
544025610.000,Miguel,recording,knock_twice_right,4,-0.548504,8.448950,4.855900,-0.083463,0.060380,-0.003210
544025620.000,Miguel,recording,knock_twice_right,4,-0.584533,8.477638,4.903875,-0.074723,0.031487,-0.001487
544025630.000,Miguel,recording,knock_twice_right,4,-0.604752,8.479471,4.931715,-0.060363,0.005868,0.003938
544025640.000,Miguel,recording,knock_twice_right,4,-0.561896,8.471151,4.946679,-0.043539,-0.016452,0.010700
544025650.000,Miguel,recording,knock_twice_right,4,-0.538104,8.464902,4.944727,-0.026070,-0.034533,0.016259
544025660.000,Miguel,recording,knock_twice_right,4,-0.499923,8.435146,4.988021,-0.009273,-0.044669,0.016660
544025670.000,Miguel,recording,knock_twice_right,4,-0.478795,8.377669,4.947308,0.004864,-0.044308,0.014131
544025680.000,Miguel,recording,knock_twice_right,4,-0.491547,8.397208,4.959352,0.014956,-0.033211,0.012693
544025690.000,Miguel,recording,knock_twice_right,4,-0.493064,8.426689,4.933035,0.021536,-0.016256,0.012687
544025700.000,Miguel,recording,knock_twice_right,4,-0.477621,8.429222,4.922459,0.025956,-0.001862,0.012531
544025710.000,Miguel,recording,knock_twice_right,4,-0.483961,8.442027,4.871466,0.027322,0.004758,0.010318
544025720.000,Miguel,recording,knock_twice_right,4,-0.481584,8.459730,4.880970,0.027626,0.003988,0.007760
544025730.000,Miguel,recording,knock_twice_right,4,-0.484001,8.504526,4.901030,0.030648,-0.002805,0.005800
544025740.000,Miguel,recording,knock_twice_right,4,-0.466973,8.502134,4.923638,0.035501,-0.012484,0.002218
544025750.000,Miguel,recording,knock_twice_right,4,-0.461317,8.482996,4.945421,0.043852,-0.021094,-0.004599
544025760.000,Miguel,recording,knock_twice_right,4,-0.470257,8.470858,4.976368,0.056320,-0.025713,-0.012160
544025770.000,Miguel,recording,knock_twice_right,4,-0.503069,8.484811,4.955657,0.068069,-0.026251,-0.017043
544025780.000,Miguel,recording,knock_twice_right,4,-0.535111,8.465189,4.906329,0.076030,-0.023306,-0.018630
544025790.000,Miguel,recording,knock_twice_right,4,-0.579801,8.474588,4.835443,0.077167,-0.019412,-0.016258
544025800.000,Miguel,recording,knock_twice_right,4,-0.590790,8.482532,4.790708,0.070302,-0.016616,-0.008478
544025810.000,Miguel,recording,knock_twice_right,4,-0.600162,8.485483,4.771421,0.060286,-0.011112,0.001721
544025820.000,Miguel,recording,knock_twice_right,4,-0.577024,8.487344,4.724659,0.050301,-0.002169,0.010254
544025830.000,Miguel,recording,knock_twice_right,4,-0.561293,8.492581,4.678902,0.038999,0.006395,0.016113
544025840.000,Miguel,recording,knock_twice_right,4,-0.538577,8.503436,4.662197,0.025586,0.010939,0.018353
544025850.000,Miguel,recording,knock_twice_right,4,-0.509799,8.505197,4.636500,0.010192,0.012053,0.016826
544025860.000,Miguel,recording,knock_twice_right,4,-0.474628,8.494611,4.628599,-0.004859,0.014723,0.012257
544025870.000,Miguel,recording,knock_twice_right,4,-0.445576,8.468608,4.617742,-0.018363,0.020800,0.003945
544025880.000,Miguel,recording,knock_twice_right,4,-0.421606,8.431978,4.637647,-0.031988,0.027073,-0.007599
544025890.000,Miguel,recording,knock_twice_right,4,-0.450226,8.403001,4.641169,-0.046685,0.029201,-0.018174
544025900.000,Miguel,recording,knock_twice_right,4,-0.509134,8.382275,4.663631,-0.061472,0.030107,-0.024490
544025910.000,Miguel,recording,knock_twice_right,4,-0.582321,8.402198,4.702669,-0.073824,0.035188,-0.025983
544025920.000,Miguel,recording,knock_twice_right,4,-0.637313,8.445522,4.758885,-0.080144,0.043012,-0.021488
544025930.000,Miguel,recording,knock_twice_right,4,-0.672708,8.438835,4.780157,-0.079580,0.049897,-0.011502
544025940.000,Miguel,recording,knock_twice_right,4,-0.664911,8.436481,4.820988,-0.074869,0.050063,0.000504
544025950.000,Miguel,recording,knock_twice_right,4,-0.600991,8.393311,4.829567,-0.068097,0.038403,0.012785
544025960.000,Miguel,recording,knock_twice_right,4,-0.532526,8.386278,4.878705,-0.059916,0.014322,0.020293
544025970.000,Miguel,recording,knock_twice_right,4,-0.481330,8.397905,4.880072,-0.050967,-0.014931,0.020019
544025980.000,Miguel,recording,knock_twice_right,4,-0.453277,8.402959,4.904432,-0.042304,-0.037105,0.015743
544025990.000,Miguel,recording,knock_twice_right,4,-0.439153,8.380918,4.902322,-0.035772,-0.047264,0.009304
544026000.000,Miguel,recording,knock_twice_right,4,-0.404980,8.424649,4.923401,-0.031826,-0.044887,-0.000077
544026010.000,Miguel,recording,knock_twice_right,4,-0.414190,8.435241,4.941101,-0.026965,-0.030579,-0.014157
544026020.000,Miguel,recording,knock_twice_right,4,-0.471838,8.435393,4.938623,-0.020056,-0.010649,-0.030120
544026030.000,Miguel,recording,knock_twice_right,4,-0.542639,8.448960,4.932126,-0.013169,0.005343,-0.042033
544026040.000,Miguel,recording,knock_twice_right,4,-0.616090,8.461030,4.907236,-0.008825,0.011769,-0.045725
544026050.000,Miguel,recording,knock_twice_right,4,-0.642526,8.487580,4.890959,-0.010370,0.010177,-0.041373
544026060.000,Miguel,recording,knock_twice_right,4,-0.656168,8.455060,4.866063,-0.016189,0.009665,-0.036045
544026070.000,Miguel,recording,knock_twice_right,4,-0.663048,8.392419,4.858028,-0.023032,0.019246,-0.030959
544026080.000,Miguel,recording,knock_twice_right,4,-0.659183,8.384843,4.852472,-0.030207,0.034026,-0.023625
544026090.000,Miguel,recording,knock_twice_right,4,-0.694024,8.412518,4.857897,-0.036071,0.041059,-0.013001
544026100.000,Miguel,recording,knock_twice_right,4,-0.683494,8.444653,4.867793,-0.041820,0.034521,-0.001256
544026110.000,Miguel,recording,knock_twice_right,4,-0.660954,8.478502,4.892781,-0.045847,0.019311,0.008759
544026120.000,Miguel,recording,knock_twice_right,4,-0.624852,8.479264,4.960623,-0.042910,0.004627,0.016998
544026130.000,Miguel,recording,knock_twice_right,4,-0.588941,8.419707,5.013118,-0.031953,-0.004908,0.021704
544026140.000,Miguel,recording,knock_twice_right,4,-0.566217,8.372797,5.003294,-0.017137,-0.010127,0.023925
544026150.000,Miguel,recording,knock_twice_right,4,-0.553214,8.368123,5.001701,-0.004092,-0.013706,0.024974
544026160.000,Miguel,recording,knock_twice_right,4,-0.555712,8.386349,4.979172,0.007270,-0.015990,0.024882
544026170.000,Miguel,recording,knock_twice_right,4,-0.556249,8.402920,4.953184,0.017456,-0.017359,0.024735
544026180.000,Miguel,recording,knock_twice_right,4,-0.534770,8.425774,4.894242,0.022819,-0.018567,0.023871
544026190.000,Miguel,recording,knock_twice_right,4,-0.519107,8.459247,4.874446,0.021504,-0.017738,0.021772
544026200.000,Miguel,recording,knock_twice_right,4,-0.510119,8.456131,4.860979,0.016099,-0.011991,0.018328
544026210.000,Miguel,recording,knock_twice_right,4,-0.504247,8.479386,4.854379,0.009792,0.000303,0.014089
544026220.000,Miguel,recording,knock_twice_right,4,-0.490228,8.470341,4.833759,0.002770,0.015559,0.009291
544026230.000,Miguel,recording,knock_twice_right,4,-0.510745,8.442202,4.813146,-0.006007,0.028991,0.003526
544026240.000,Miguel,recording,knock_twice_right,4,-0.544746,8.435530,4.815170,-0.015275,0.036317,-0.000644
544026250.000,Miguel,recording,knock_twice_right,4,-0.555288,8.400150,4.831472,-0.024023,0.036308,-0.000676
544026260.000,Miguel,recording,knock_twice_right,4,-0.550696,8.411218,4.887244,-0.027922,0.030738,0.002717
544026270.000,Miguel,recording,knock_twice_right,4,-0.507577,8.424369,4.952491,-0.021836,0.020636,0.006727
544026280.000,Miguel,recording,knock_twice_right,4,-0.449597,8.459885,4.968952,-0.006940,0.009240,0.007234
544026290.000,Miguel,recording,knock_twice_right,4,-0.408863,8.401214,4.944312,0.011426,-0.001219,-0.000594
544026300.000,Miguel,recording,knock_twice_right,4,-0.394478,8.365158,4.934728,0.027274,-0.009413,-0.013823
544026310.000,Miguel,recording,knock_twice_right,4,-0.369597,8.318432,4.915618,0.037312,-0.005893,-0.030561
544026320.000,Miguel,recording,knock_twice_right,4,-0.511394,8.175967,4.829622,0.045789,0.039050,-0.054346
544026330.000,Miguel,recording,knock_twice_right,4,-1.203241,8.044020,4.637103,0.049527,0.144022,-0.064226
544026340.000,Miguel,recording,knock_twice_right,4,-1.927914,8.281204,4.456832,0.020937,0.246965,-0.010703
544026350.000,Miguel,recording,knock_twice_right,4,-1.998008,8.198151,4.428953,-0.048237,0.284771,0.109494
544026360.000,Miguel,recording,knock_twice_right,4,-1.684898,8.133918,4.565874,-0.122304,0.272370,0.243112
544026370.000,Miguel,recording,knock_twice_right,4,-1.134159,8.216003,4.817449,-0.163463,0.229510,0.345629
544026380.000,Miguel,recording,knock_twice_right,4,-0.543103,8.339405,5.011512,-0.161130,0.150011,0.395020
544026390.000,Miguel,recording,knock_twice_right,4,-0.040990,8.456333,5.121362,-0.125706,0.031660,0.383879
544026400.000,Miguel,recording,knock_twice_right,4,0.348181,8.561525,5.147309,-0.074419,-0.109815,0.320006
544026410.000,Miguel,recording,knock_twice_right,4,0.630992,8.581838,5.147035,-0.021684,-0.247360,0.220979
544026420.000,Miguel,recording,knock_twice_right,4,0.719554,8.551573,5.101660,0.020741,-0.351201,0.104018
544026430.000,Miguel,recording,knock_twice_right,4,0.614576,8.524687,5.071333,0.046340,-0.410063,-0.012737
544026440.000,Miguel,recording,knock_twice_right,4,0.322874,8.463782,5.037909,0.053793,-0.415745,-0.112179
544026450.000,Miguel,recording,knock_twice_right,4,0.034049,8.396878,4.956447,0.042215,-0.345145,-0.185384
544026460.000,Miguel,recording,knock_twice_right,4,-0.244241,8.447789,4.861807,0.009395,-0.205672,-0.221609
544026470.000,Miguel,recording,knock_twice_right,4,-0.537339,8.592988,4.815490,-0.039869,-0.042721,-0.213000
544026480.000,Miguel,recording,knock_twice_right,4,-0.618056,8.555732,4.804258,-0.090716,0.104326,-0.178035
544026490.000,Miguel,recording,knock_twice_right,4,-0.637863,8.487521,4.832238,-0.130599,0.208131,-0.140510
544026500.000,Miguel,recording,knock_twice_right,4,-0.671809,8.412730,4.877949,-0.152545,0.248980,-0.104797
544026510.000,Miguel,recording,knock_twice_right,4,-0.695603,8.401627,4.902808,-0.157563,0.225646,-0.068860
544026520.000,Miguel,recording,knock_twice_right,4,-0.702881,8.420228,4.975946,-0.147763,0.156835,-0.033441
544026530.000,Miguel,recording,knock_twice_right,4,-0.628977,8.465515,5.047015,-0.123039,0.069554,-0.000519
544026540.000,Miguel,recording,knock_twice_right,4,-0.535605,8.441468,5.084403,-0.088087,-0.017443,0.026453
544026550.000,Miguel,recording,knock_twice_right,4,-0.426039,8.395163,5.088783,-0.055947,-0.092508,0.042905
544026560.000,Miguel,recording,knock_twice_right,4,-0.289608,8.393145,5.089718,-0.036894,-0.140775,0.048711
544026570.000,Miguel,recording,knock_twice_right,4,-0.172774,8.416830,5.130541,-0.023455,-0.145489,0.042200
544026580.000,Miguel,recording,knock_twice_right,4,-0.052028,8.390741,5.151330,-0.006800,-0.104441,0.017842
544026590.000,Miguel,recording,knock_twice_right,4,-0.039964,8.345979,5.139305,0.008650,-0.044612,-0.019939
544026600.000,Miguel,recording,knock_twice_right,4,-0.103999,8.314350,5.088488,0.014565,0.001250,-0.059626
544026610.000,Miguel,recording,knock_twice_right,4,-0.207229,8.238390,5.055516,0.012392,0.031961,-0.097356
544026620.000,Miguel,recording,knock_twice_right,4,-0.623180,8.059255,5.032084,0.015651,0.070620,-0.143014
544026630.000,Miguel,recording,knock_twice_right,4,-1.538141,8.029496,4.989559,0.022070,0.116712,-0.156220
544026640.000,Miguel,recording,knock_twice_right,4,-1.912399,8.461447,4.969078,0.011109,0.160926,-0.078144
544026650.000,Miguel,recording,knock_twice_right,4,-1.920764,8.445763,4.797336,-0.021912,0.204031,0.060171
544026660.000,Miguel,recording,knock_twice_right,4,-1.325653,8.425014,4.826927,-0.058738,0.226599,0.189383
544026670.000,Miguel,recording,knock_twice_right,4,-0.725880,8.368218,4.905702,-0.080591,0.195698,0.265592
544026680.000,Miguel,recording,knock_twice_right,4,-0.225377,8.377007,4.968284,-0.083367,0.102720,0.277274
544026690.000,Miguel,recording,knock_twice_right,4,0.047188,8.430324,5.021357,-0.071656,-0.023497,0.239345
544026700.000,Miguel,recording,knock_twice_right,4,0.273332,8.437323,5.107473,-0.051620,-0.145704,0.171691
544026710.000,Miguel,recording,knock_twice_right,4,0.337748,8.409986,5.154877,-0.027866,-0.238395,0.088839
544026720.000,Miguel,recording,knock_twice_right,4,0.238494,8.372316,5.217129,-0.003588,-0.287150,0.003614
544026730.000,Miguel,recording,knock_twice_right,4,0.015822,8.336529,5.242502,0.018928,-0.290043,-0.066376
544026740.000,Miguel,recording,knock_twice_right,4,-0.158913,8.344827,5.238902,0.035401,-0.252800,-0.110743
544026750.000,Miguel,recording,knock_twice_right,4,-0.267538,8.331239,5.152842,0.043123,-0.180908,-0.132934
544026760.000,Miguel,recording,knock_twice_right,4,-0.366608,8.317889,5.040822,0.042268,-0.088042,-0.141550
544026770.000,Miguel,recording,knock_twice_right,4,-0.460610,8.312032,4.933904,0.031791,0.005100,-0.142623
544026780.000,Miguel,recording,knock_twice_right,4,-0.543972,8.319089,4.803312,0.011958,0.077595,-0.138429
544026790.000,Miguel,recording,knock_twice_right,4,-0.679196,8.361545,4.763027,-0.016761,0.110096,-0.124434
544026800.000,Miguel,recording,knock_twice_right,4,-0.791427,8.443411,4.786646,-0.049271,0.099239,-0.094166
544026810.000,Miguel,recording,knock_twice_right,4,-0.765308,8.430705,4.890517,-0.072205,0.067614,-0.053080
544026820.000,Miguel,recording,knock_twice_right,4,-0.646351,8.318952,4.950571,-0.079532,0.033696,-0.014918
544026830.000,Miguel,recording,knock_twice_right,4,-0.555337,8.229061,4.952617,-0.080568,-0.003527,0.012220
544026840.000,Miguel,recording,knock_twice_right,4,-0.483228,8.204482,4.989006,-0.081572,-0.040020,0.027841
544026850.000,Miguel,recording,knock_twice_right,4,-0.399146,8.215286,5.032799,-0.082401,-0.063255,0.032908
544026860.000,Miguel,recording,knock_twice_right,4,-0.350261,8.287600,5.067102,-0.082593,-0.067096,0.029399
544026870.000,Miguel,recording,knock_twice_right,4,-0.322621,8.339934,5.122054,-0.076286,-0.052751,0.022514
544026880.000,Miguel,recording,knock_twice_right,4,-0.294604,8.272447,5.159931,-0.061745,-0.030096,0.010950
544026890.000,Miguel,recording,knock_twice_right,4,-0.302823,8.238215,5.148307,-0.046518,-0.018190,-0.008522
544026900.000,Miguel,recording,knock_twice_right,4,-0.377444,8.276361,5.113305,-0.036718,-0.026429,-0.026798
544026910.000,Miguel,recording,knock_twice_right,4,-0.459185,8.292673,5.107743,-0.033303,-0.047209,-0.038071
544026920.000,Miguel,recording,knock_twice_right,4,-0.516170,8.291527,5.076029,-0.035369,-0.069567,-0.043109
544026930.000,Miguel,recording,knock_twice_right,4,-0.584271,8.315747,5.072774,-0.041053,-0.087296,-0.040679
544026940.000,Miguel,recording,knock_twice_right,4,-0.603837,8.394510,5.085598,-0.048217,-0.095601,-0.029207
544026950.000,Miguel,recording,knock_twice_right,4,-0.547293,8.397425,5.109901,-0.053124,-0.087364,-0.015553
544026960.000,Miguel,recording,knock_twice_right,4,-0.491007,8.344289,5.123548,-0.055285,-0.063104,-0.009538
544026970.000,Miguel,recording,knock_twice_right,4,-0.445986,8.317728,5.083917,-0.059178,-0.034498,-0.009953
544026980.000,Miguel,recording,knock_twice_right,4,-0.427353,8.332335,5.084929,-0.067914,-0.010387,-0.011937
544026990.000,Miguel,recording,knock_twice_right,4,-0.417320,8.325972,5.090943,-0.081164,0.005890,-0.015874
544027000.000,Miguel,recording,knock_twice_right,4,-0.397163,8.321862,5.100982,-0.097359,0.013748,-0.021955
544027010.000,Miguel,recording,knock_twice_right,4,-0.385794,8.345128,5.115927,-0.114294,0.017268,-0.030211
544027020.000,Miguel,recording,knock_twice_right,4,-0.388451,8.321362,5.141327,-0.128283,0.022034,-0.044556
544027030.000,Miguel,recording,knock_twice_right,4,-0.393457,8.330823,5.146661,-0.140919,0.027612,-0.063625
544027040.000,Miguel,recording,knock_twice_right,4,-0.411026,8.331636,5.114287,-0.156656,0.031523,-0.082904
544027050.000,Miguel,recording,knock_twice_right,4,-0.435716,8.285969,5.083755,-0.178492,0.035417,-0.101471
544027060.000,Miguel,recording,knock_twice_right,4,-0.460569,8.267767,5.008402,-0.209139,0.042434,-0.119192
544027070.000,Miguel,recording,knock_twice_right,4,-0.497703,8.279456,5.015329,-0.248012,0.059552,-0.133103
544027080.000,Miguel,recording,knock_twice_right,4,-0.503829,8.224582,5.020320,-0.293265,0.096332,-0.141604
544027090.000,Miguel,recording,knock_twice_right,5,-0.494217,8.116244,5.059761,-0.345579,0.154529,-0.148142
544027100.000,Miguel,recording,knock_twice_right,5,-0.488909,7.979328,5.032607,-0.411086,0.230909,-0.154263
544027110.000,Miguel,recording,knock_twice_right,5,-0.501663,7.799270,4.976317,-0.502439,0.329124,-0.155886
544027120.000,Miguel,recording,knock_twice_right,5,-0.494529,7.652550,5.037177,-0.611116,0.454763,-0.148265
544027130.000,Miguel,recording,knock_twice_right,5,-0.497532,7.564360,5.283700,-0.709242,0.609565,-0.134393
544027140.000,Miguel,recording,knock_twice_right,5,-0.535754,7.588554,5.497479,-0.780831,0.782710,-0.120884
544027150.000,Miguel,recording,knock_twice_right,5,-0.660017,7.729971,5.663748,-0.822223,0.946246,-0.109419
544027160.000,Miguel,recording,knock_twice_right,5,-0.837040,7.787450,5.752338,-0.835422,1.073692,-0.101144
544027170.000,Miguel,recording,knock_twice_right,5,-1.048374,7.856445,5.862587,-0.819693,1.149804,-0.096901
544027180.000,Miguel,recording,knock_twice_right,5,-1.262702,7.897920,6.102083,-0.769744,1.166760,-0.088706
544027190.000,Miguel,recording,knock_twice_right,5,-1.455052,7.861916,6.282578,-0.684423,1.119813,-0.070746
544027200.000,Miguel,recording,knock_twice_right,5,-1.567002,7.822408,6.206505,-0.578432,1.002110,-0.047785
544027210.000,Miguel,recording,knock_twice_right,5,-1.584425,7.934942,5.985980,-0.477091,0.821268,-0.026942
544027220.000,Miguel,recording,knock_twice_right,5,-1.590799,7.993318,5.691095,-0.402437,0.610350,-0.009115
544027230.000,Miguel,recording,knock_twice_right,5,-1.566746,7.822688,5.389759,-0.373090,0.404398,0.014777
544027240.000,Miguel,recording,knock_twice_right,5,-1.516310,7.500387,5.131846,-0.404935,0.237355,0.043627
544027250.000,Miguel,recording,knock_twice_right,5,-1.427310,7.788357,5.285368,-0.471463,0.177488,0.068435
544027260.000,Miguel,recording,knock_twice_right,5,-1.400679,7.457844,5.426245,-0.536689,0.242838,0.092618
544027270.000,Miguel,recording,knock_twice_right,5,-1.409532,7.538264,5.496427,-0.613532,0.366873,0.117262
544027280.000,Miguel,recording,knock_twice_right,5,-1.367334,7.437044,5.527641,-0.714100,0.511849,0.133074
544027290.000,Miguel,recording,knock_twice_right,5,-1.274764,7.383261,5.504133,-0.832516,0.673333,0.137289
544027300.000,Miguel,recording,knock_twice_right,5,-1.205305,7.316754,5.477286,-0.959104,0.839683,0.136977
544027310.000,Miguel,recording,knock_twice_right,5,-1.169972,7.279920,5.561965,-1.083040,0.981236,0.133956
544027320.000,Miguel,recording,knock_twice_right,5,-1.159139,7.289969,5.707169,-1.201494,1.069654,0.119149
544027330.000,Miguel,recording,knock_twice_right,5,-1.096267,7.243956,5.858251,-1.312996,1.103053,0.080370
544027340.000,Miguel,recording,knock_twice_right,5,-1.087689,7.103210,5.943217,-1.419847,1.087958,0.013672
544027350.000,Miguel,recording,knock_twice_right,5,-1.122226,6.937477,5.890550,-1.544728,1.031090,-0.071338
544027360.000,Miguel,recording,knock_twice_right,5,-1.203651,6.661113,5.674748,-1.708025,0.953416,-0.158078
544027370.000,Miguel,recording,knock_twice_right,5,-1.310073,6.125667,5.548325,-1.901731,0.865815,-0.224755
544027380.000,Miguel,recording,knock_twice_right,5,-1.415405,5.572708,5.635814,-2.108944,0.721408,-0.253942
544027390.000,Miguel,recording,knock_twice_right,5,-1.429102,5.174933,5.898837,-2.315172,0.450921,-0.247282
544027400.000,Miguel,recording,knock_twice_right,5,-1.305378,5.024995,6.076775,-2.483780,0.089300,-0.233692
544027410.000,Miguel,recording,knock_twice_right,5,-1.090855,4.893206,6.208424,-2.540743,-0.178970,-0.267253
544027420.000,Miguel,recording,knock_twice_right,5,-1.202746,4.431264,6.574189,-2.439247,-0.264259,-0.367448
544027430.000,Miguel,recording,knock_twice_right,5,-1.741252,5.480244,7.432096,-2.244313,-0.343557,-0.468783
544027440.000,Miguel,recording,knock_twice_right,5,-2.428890,6.666866,7.896885,-2.038679,-0.527177,-0.501345
544027450.000,Miguel,recording,knock_twice_right,5,-2.799934,7.276753,8.439306,-1.825809,-0.718038,-0.464640
544027460.000,Miguel,recording,knock_twice_right,5,-2.849882,7.039846,9.374619,-1.578159,-0.794468,-0.387849
544027470.000,Miguel,recording,knock_twice_right,5,-2.819337,6.201154,10.686308,-1.242052,-0.736107,-0.292020
544027480.000,Miguel,recording,knock_twice_right,5,-2.013296,5.320572,11.197466,-0.799976,-0.648099,-0.183147
544027490.000,Miguel,recording,knock_twice_right,5,-1.838568,4.820286,11.206762,-0.320958,-0.603502,-0.080790
544027500.000,Miguel,recording,knock_twice_right,5,-1.466290,4.685687,10.301381,0.084763,-0.584928,-0.016812
544027510.000,Miguel,recording,knock_twice_right,5,-1.287093,4.553025,8.979387,0.336888,-0.552851,0.000310
544027520.000,Miguel,recording,knock_twice_right,5,-1.021420,4.348863,7.814943,0.411912,-0.493157,-0.027704
544027530.000,Miguel,recording,knock_twice_right,5,-0.853462,3.913781,6.634927,0.299828,-0.388681,-0.118509
544027540.000,Miguel,recording,knock_twice_right,5,-1.051175,3.615593,6.112305,0.030071,-0.188981,-0.282862
544027550.000,Miguel,recording,knock_twice_right,5,-1.157012,3.092386,6.803954,-0.233036,0.108429,-0.463482
544027560.000,Miguel,recording,knock_twice_right,5,-1.248144,3.285046,8.287629,-0.348444,0.420787,-0.584149
544027570.000,Miguel,recording,knock_twice_right,5,-1.632712,4.077979,9.533392,-0.322906,0.661764,-0.605604
544027580.000,Miguel,recording,knock_twice_right,5,-2.220806,4.820319,10.293856,-0.198500,0.788559,-0.535833
544027590.000,Miguel,recording,knock_twice_right,5,-2.731401,5.559579,10.589947,-0.022485,0.793864,-0.430290
544027600.000,Miguel,recording,knock_twice_right,5,-2.663941,5.999577,10.347538,0.167242,0.672798,-0.347852
544027610.000,Miguel,recording,knock_twice_right,5,-2.408800,6.237528,10.112298,0.359776,0.408829,-0.322668
544027620.000,Miguel,recording,knock_twice_right,5,-2.080668,6.265269,9.571927,0.546322,0.063184,-0.368560
544027630.000,Miguel,recording,knock_twice_right,5,-1.635839,5.898401,8.657918,0.690441,-0.204762,-0.489224
544027640.000,Miguel,recording,knock_twice_right,5,-1.405626,5.415325,8.028280,0.747190,-0.306170,-0.662767
544027650.000,Miguel,recording,knock_twice_right,5,-1.387768,5.368383,7.819686,0.705837,-0.290139,-0.845864
544027660.000,Miguel,recording,knock_twice_right,5,-1.425348,5.354569,7.661543,0.594932,-0.248194,-1.003086
544027670.000,Miguel,recording,knock_twice_right,5,-1.614578,5.516879,7.432321,0.450975,-0.250353,-1.116133
544027680.000,Miguel,recording,knock_twice_right,5,-1.899794,5.692765,6.987539,0.297737,-0.319551,-1.183143
544027690.000,Miguel,recording,knock_twice_right,5,-2.186295,5.801268,6.671032,0.141864,-0.431934,-1.214873
544027700.000,Miguel,recording,knock_twice_right,5,-2.418347,5.872599,6.629596,-0.011746,-0.536541,-1.222380
544027710.000,Miguel,recording,knock_twice_right,5,-2.625653,5.825876,6.860501,-0.169481,-0.559178,-1.212510
544027720.000,Miguel,recording,knock_twice_right,5,-2.980317,5.611202,7.307494,-0.339039,-0.432567,-1.193315
544027730.000,Miguel,recording,knock_twice_right,5,-3.095380,5.285822,7.492158,-0.498783,-0.200907,-1.163953
544027740.000,Miguel,recording,knock_twice_right,5,-3.045748,4.911379,7.673937,-0.623417,0.024608,-1.118685
544027750.000,Miguel,recording,knock_twice_right,5,-3.024656,4.582712,7.723771,-0.707594,0.168067,-1.047277
544027760.000,Miguel,recording,knock_twice_right,5,-3.201782,3.992404,7.288546,-0.757117,0.161692,-0.930973
544027770.000,Miguel,recording,knock_twice_right,5,-3.468717,3.668215,7.035065,-0.777708,-0.036016,-0.763855
544027780.000,Miguel,recording,knock_twice_right,5,-3.894139,4.114518,7.492012,-0.772557,-0.363811,-0.558463
544027790.000,Miguel,recording,knock_twice_right,5,-3.986191,4.598363,7.967471,-0.748508,-0.689246,-0.341535
544027800.000,Miguel,recording,knock_twice_right,5,-3.725726,4.908213,8.253794,-0.717793,-0.914979,-0.146734
544027810.000,Miguel,recording,knock_twice_right,5,-3.378259,5.039447,8.295036,-0.693568,-1.007581,-0.004176
544027820.000,Miguel,recording,knock_twice_right,5,-2.996559,5.004430,8.228379,-0.674778,-0.980018,0.070812
544027830.000,Miguel,recording,knock_twice_right,5,-2.593764,5.046987,8.268795,-0.644070,-0.866614,0.077447
544027840.000,Miguel,recording,knock_twice_right,5,-2.473984,4.974431,8.313426,-0.596118,-0.707294,0.020585
544027850.000,Miguel,recording,knock_twice_right,5,-2.299866,4.722505,8.192016,-0.535062,-0.569849,-0.087197
544027860.000,Miguel,recording,knock_twice_right,5,-2.041753,4.366794,7.965048,-0.462118,-0.531052,-0.220659
544027870.000,Miguel,recording,knock_twice_right,5,-1.766798,4.034061,7.854671,-0.385030,-0.625029,-0.351333
544027880.000,Miguel,recording,knock_twice_right,5,-1.548130,3.849624,8.152748,-0.313760,-0.828176,-0.461662
544027890.000,Miguel,recording,knock_twice_right,5,-1.530250,3.662023,8.652281,-0.254719,-1.068542,-0.534853
544027900.000,Miguel,recording,knock_twice_right,5,-1.500254,3.638359,9.141115,-0.201306,-1.262109,-0.557894
544027910.000,Miguel,recording,knock_twice_right,5,-1.487833,3.700116,9.509214,-0.139890,-1.353898,-0.525317
544027920.000,Miguel,recording,knock_twice_right,5,-1.658927,3.767411,9.648531,-0.067115,-1.323034,-0.436257
544027930.000,Miguel,recording,knock_twice_right,5,-1.896814,3.651004,9.531026,0.009355,-1.191758,-0.301753
544027940.000,Miguel,recording,knock_twice_right,5,-2.045135,3.402815,9.305101,0.078663,-1.030994,-0.134612
544027950.000,Miguel,recording,knock_twice_right,5,-2.022423,3.171252,9.032315,0.131632,-0.917783,0.059645
544027960.000,Miguel,recording,knock_twice_right,5,-2.035284,3.116054,8.704301,0.157603,-0.905907,0.277071
544027970.000,Miguel,recording,knock_twice_right,5,-1.915748,3.291089,8.509310,0.153362,-1.016761,0.508612
544027980.000,Miguel,recording,knock_twice_right,5,-1.575350,3.400183,8.402767,0.135654,-1.205861,0.742457
544027990.000,Miguel,recording,knock_twice_right,5,-1.202557,3.695027,8.828367,0.129367,-1.380491,0.953553
544028000.000,Miguel,recording,knock_twice_right,5,-0.820986,4.251134,9.669128,0.143671,-1.479654,1.116829
544028010.000,Miguel,recording,knock_twice_right,5,-0.352250,4.501223,9.872186,0.157138,-1.479691,1.223371
544028020.000,Miguel,recording,knock_twice_right,5,0.166533,4.412033,9.657186,0.137714,-1.377406,1.266289
544028030.000,Miguel,recording,knock_twice_right,5,0.657437,4.233631,9.209663,0.064043,-1.192429,1.259581
544028040.000,Miguel,recording,knock_twice_right,5,0.755230,4.091292,8.750618,-0.068812,-0.932623,1.238442
544028050.000,Miguel,recording,knock_twice_right,5,0.657038,3.894285,8.251661,-0.248557,-0.599360,1.221521
544028060.000,Miguel,recording,knock_twice_right,5,0.493160,3.739348,7.937945,-0.463625,-0.215961,1.195010
544028070.000,Miguel,recording,knock_twice_right,5,0.574167,3.785377,7.882670,-0.698847,0.191814,1.116592
544028080.000,Miguel,recording,knock_twice_right,5,0.857336,4.137165,8.129950,-0.916034,0.606722,0.953139
544028090.000,Miguel,recording,knock_twice_right,5,0.956280,4.634678,8.709682,-1.066137,1.005786,0.725089
544028100.000,Miguel,recording,knock_twice_right,5,0.679201,4.835021,9.466280,-1.119227,1.333041,0.496008
544028110.000,Miguel,recording,knock_twice_right,5,0.213283,4.545037,10.130778,-1.071541,1.503915,0.325663
544028120.000,Miguel,recording,knock_twice_right,5,-0.059463,4.035519,10.781358,-0.928126,1.468716,0.234245
544028130.000,Miguel,recording,knock_twice_right,5,-0.219891,3.489438,11.279394,-0.698815,1.257631,0.204537
544028140.000,Miguel,recording,knock_twice_right,5,-0.429037,3.254881,11.513550,-0.404158,0.956477,0.205255
544028150.000,Miguel,recording,knock_twice_right,5,-0.596024,3.235300,11.281708,-0.082647,0.645469,0.210078
544028160.000,Miguel,recording,knock_twice_right,5,-0.623898,3.392828,10.780558,0.209464,0.365190,0.205977
544028170.000,Miguel,recording,knock_twice_right,5,-0.658913,3.678268,10.111442,0.425118,0.115653,0.192950
544028180.000,Miguel,recording,knock_twice_right,5,-0.639033,3.874575,9.404107,0.544153,-0.111953,0.180929
544028190.000,Miguel,recording,knock_twice_right,5,-0.861701,4.047245,8.897977,0.571855,-0.302486,0.178463
544028200.000,Miguel,recording,knock_twice_right,5,-1.418356,4.251352,8.650413,0.525833,-0.418589,0.185089
544028210.000,Miguel,recording,knock_twice_right,5,-1.091177,4.140417,8.415572,0.427478,-0.435669,0.195729
544028220.000,Miguel,recording,knock_twice_right,5,-0.924367,4.078996,8.354006,0.298707,-0.364664,0.209550
544028230.000,Miguel,recording,knock_twice_right,5,-0.701902,3.890011,8.203601,0.156892,-0.247421,0.232923
544028240.000,Miguel,recording,knock_twice_right,5,-0.622567,3.656116,8.007114,0.015245,-0.143837,0.274410
544028250.000,Miguel,recording,knock_twice_right,5,-0.684083,3.441718,7.800690,-0.119038,-0.098823,0.335552
544028260.000,Miguel,recording,knock_twice_right,5,-0.955270,3.535330,7.771585,-0.246833,-0.117736,0.407734
544028270.000,Miguel,recording,knock_twice_right,5,-1.234632,3.614620,8.435409,-0.348456,-0.156990,0.480309
544028280.000,Miguel,recording,knock_twice_right,5,-0.856808,3.714466,9.369682,-0.384838,-0.227594,0.527993
544028290.000,Miguel,recording,knock_twice_right,5,0.355041,3.813071,9.633061,-0.315081,-0.352350,0.519577
544028300.000,Miguel,recording,knock_twice_right,5,0.821955,4.292431,10.837771,-0.115811,-0.463202,0.431359
544028310.000,Miguel,recording,knock_twice_right,5,1.354957,4.424197,10.924048,0.195371,-0.501829,0.250627
544028320.000,Miguel,recording,knock_twice_right,5,1.618456,4.136057,10.857049,0.573849,-0.490613,-0.001318
544028330.000,Miguel,recording,knock_twice_right,5,1.636087,3.844541,10.546459,0.961963,-0.475100,-0.287063
544028340.000,Miguel,recording,knock_twice_right,5,1.533890,3.523015,10.017934,1.301494,-0.484607,-0.568634
544028350.000,Miguel,recording,knock_twice_right,5,1.090436,3.405818,9.461617,1.552440,-0.555088,-0.805170
544028360.000,Miguel,recording,knock_twice_right,5,0.268314,3.354600,8.970197,1.701216,-0.677347,-0.973413
544028370.000,Miguel,recording,knock_twice_right,5,-0.158369,3.059983,8.582045,1.761418,-0.752416,-1.098632
544028380.000,Miguel,recording,knock_twice_right,5,0.409143,3.071507,8.088014,1.743983,-0.725671,-1.215696
544028390.000,Miguel,recording,knock_twice_right,5,0.586681,2.988792,7.890167,1.645694,-0.695062,-1.303530
544028400.000,Miguel,recording,knock_twice_right,5,0.108531,3.778465,7.893604,1.465297,-0.716470,-1.346928
544028410.000,Miguel,recording,knock_twice_right,5,-0.207480,4.648920,7.661935,1.207360,-0.730322,-1.359620
544028420.000,Miguel,recording,knock_twice_right,5,-0.053036,4.887343,7.339215,0.929952,-0.694243,-1.344660
544028430.000,Miguel,recording,knock_twice_right,5,0.200237,5.106535,7.455719,0.696214,-0.576470,-1.313478
544028440.000,Miguel,recording,knock_twice_right,5,0.501023,5.329569,7.360626,0.516076,-0.357992,-1.287081
544028450.000,Miguel,recording,knock_twice_right,5,0.724821,5.493976,7.438976,0.380212,-0.062680,-1.281925
544028460.000,Miguel,recording,knock_twice_right,5,0.700956,5.724506,7.416987,0.268130,0.269433,-1.299145
544028470.000,Miguel,recording,knock_twice_right,5,0.250685,5.766431,7.266013,0.143902,0.597887,-1.322190
544028480.000,Miguel,recording,knock_twice_right,5,-0.349861,5.703718,7.026154,-0.049437,0.889785,-1.325104
544028490.000,Miguel,recording,knock_twice_right,5,-1.198370,5.346545,6.666598,-0.355998,1.135092,-1.280680
544028500.000,Miguel,recording,knock_twice_right,5,-1.999115,4.780860,6.399395,-0.762126,1.328869,-1.167150
544028510.000,Miguel,recording,knock_twice_right,5,-2.603409,4.315085,6.442385,-1.208083,1.454125,-0.974394
544028520.000,Miguel,recording,knock_twice_right,5,-3.077048,4.093821,6.993634,-1.621149,1.491593,-0.716614
544028530.000,Miguel,recording,knock_twice_right,5,-3.174646,3.970759,7.784556,-1.954190,1.425696,-0.423502
544028540.000,Miguel,recording,knock_twice_right,5,-3.075585,3.849527,8.251045,-2.200700,1.294420,-0.111142
544028550.000,Miguel,recording,knock_twice_right,5,-2.923428,3.823230,8.409693,-2.361510,1.196885,0.197873
544028560.000,Miguel,recording,knock_twice_right,5,-2.602417,3.652640,8.528687,-2.449386,1.176212,0.501064
544028570.000,Miguel,recording,knock_twice_right,5,-2.231091,3.561274,8.932150,-2.485224,1.190667,0.790734
544028580.000,Miguel,recording,knock_twice_right,5,-1.822287,3.562568,9.546294,-2.467566,1.222415,1.027266
544028590.000,Miguel,recording,knock_twice_right,5,-1.381749,3.563553,10.126921,-2.388471,1.294169,1.179873
544028600.000,Miguel,recording,knock_twice_right,5,-0.826570,3.399445,10.561399,-2.247174,1.389938,1.220723
544028610.000,Miguel,recording,knock_twice_right,5,-0.465939,3.109344,10.788056,-2.052961,1.448307,1.145027
544028620.000,Miguel,recording,knock_twice_right,5,-0.317404,2.956028,10.882926,-1.815151,1.438146,0.969204
544028630.000,Miguel,recording,knock_twice_right,5,-0.327607,2.968716,11.025108,-1.540885,1.364479,0.721358
544028640.000,Miguel,recording,knock_twice_right,5,-0.642702,3.080448,11.051464,-1.243639,1.217845,0.453780
544028650.000,Miguel,recording,knock_twice_right,5,-1.009455,3.170734,10.568381,-0.942743,0.989957,0.227448
544028660.000,Miguel,recording,knock_twice_right,5,-1.744067,3.059677,10.185664,-0.656682,0.697451,0.070728
544028670.000,Miguel,recording,knock_twice_right,5,-2.171285,2.922287,9.939970,-0.397850,0.353839,-0.017927
544028680.000,Miguel,recording,knock_twice_right,5,-2.357861,2.907637,9.940104,-0.173934,-0.015731,-0.059578
544028690.000,Miguel,recording,knock_twice_right,5,-2.293236,2.906862,10.037297,0.022357,-0.348442,-0.080594
544028700.000,Miguel,recording,knock_twice_right,5,-2.243251,2.966487,10.179809,0.205037,-0.570024,-0.105687
544028710.000,Miguel,recording,knock_twice_right,5,-2.132838,3.028694,10.290577,0.374319,-0.658285,-0.153454
544028720.000,Miguel,recording,knock_twice_right,5,-2.029925,3.133583,10.260652,0.519764,-0.661369,-0.219441
544028730.000,Miguel,recording,knock_twice_right,5,-1.727505,3.133302,10.036486,0.633128,-0.615077,-0.286905
544028740.000,Miguel,recording,knock_twice_right,5,-1.631061,2.969583,9.896846,0.705295,-0.494155,-0.342812
544028750.000,Miguel,recording,knock_twice_right,5,-1.768070,2.887954,9.767197,0.724458,-0.272104,-0.385250
544028760.000,Miguel,recording,knock_twice_right,5,-1.883195,2.865601,9.618171,0.683769,0.018721,-0.417033
544028770.000,Miguel,recording,knock_twice_right,5,-1.995304,2.630379,9.129395,0.591481,0.305751,-0.425611
544028780.000,Miguel,recording,knock_twice_right,5,-2.038343,2.228335,8.280774,0.464914,0.509808,-0.391796
544028790.000,Miguel,recording,knock_twice_right,5,-2.325388,2.001913,7.592341,0.312562,0.562255,-0.316159
544028800.000,Miguel,recording,knock_twice_right,5,-2.781509,2.088856,7.264745,0.141051,0.448437,-0.215782
544028810.000,Miguel,recording,knock_twice_right,5,-3.074293,2.381916,7.414119,-0.031188,0.228188,-0.111631
544028820.000,Miguel,recording,knock_twice_right,5,-3.016160,2.725938,7.948252,-0.169921,-0.019216,-0.022018
544028830.000,Miguel,recording,knock_twice_right,5,-2.618836,3.001143,8.435336,-0.244959,-0.243006,0.036702
544028840.000,Miguel,recording,knock_twice_right,5,-2.187143,3.241529,8.882010,-0.249445,-0.420825,0.048090
544028850.000,Miguel,recording,knock_twice_right,5,-1.891284,3.297167,9.162486,-0.194786,-0.533271,0.004050
544028860.000,Miguel,recording,knock_twice_right,5,-2.006800,3.214314,9.280853,-0.111809,-0.568730,-0.069439
544028870.000,Miguel,recording,knock_twice_right,5,-2.480552,2.869286,9.475061,-0.032271,-0.535952,-0.117088
544028880.000,Miguel,recording,knock_twice_right,5,-2.982695,2.484108,9.756058,0.030807,-0.440736,-0.093885
544028890.000,Miguel,recording,knock_twice_right,5,-3.201407,2.246718,9.758569,0.074399,-0.293201,0.006874
544028900.000,Miguel,recording,knock_twice_right,5,-3.092957,2.203730,9.701872,0.099726,-0.123127,0.153212
544028910.000,Miguel,recording,knock_twice_right,5,-2.656548,2.221595,9.482343,0.110260,0.028415,0.295573
544028920.000,Miguel,recording,knock_twice_right,5,-2.188823,2.381085,9.271508,0.113840,0.114771,0.391479
544028930.000,Miguel,recording,knock_twice_right,5,-1.894473,2.680999,9.129925,0.120073,0.111135,0.423258
544028940.000,Miguel,recording,knock_twice_right,5,-1.732954,3.028531,8.994849,0.136234,0.033318,0.397823
544028950.000,Miguel,recording,knock_twice_right,5,-1.711793,3.287218,8.949107,0.165042,-0.093947,0.335700
544028960.000,Miguel,recording,knock_twice_right,5,-1.742893,3.407568,9.024370,0.206440,-0.243563,0.260210
544028970.000,Miguel,recording,knock_twice_right,5,-1.852698,3.414926,9.178706,0.259409,-0.381333,0.188555
544028980.000,Miguel,recording,knock_twice_right,5,-1.874341,3.384193,9.414000,0.320073,-0.474736,0.130632
544028990.000,Miguel,recording,knock_twice_right,5,-1.683098,3.396945,9.444125,0.379368,-0.502005,0.086305
544029000.000,Miguel,recording,knock_twice_right,5,-1.423468,3.295312,9.278029,0.420565,-0.474399,0.045906
544029010.000,Miguel,recording,knock_twice_right,5,-1.422264,3.244593,9.102551,0.431377,-0.425957,0.005677
544029020.000,Miguel,recording,knock_twice_right,5,-1.480043,3.233875,8.915150,0.411734,-0.373178,-0.027154
544029030.000,Miguel,recording,knock_twice_right,5,-1.474636,3.104291,8.648835,0.364319,-0.319223,-0.045090
544029040.000,Miguel,recording,knock_twice_right,5,-1.487731,3.055188,8.573129,0.294513,-0.274337,-0.044833
544029050.000,Miguel,recording,knock_twice_right,5,-1.517436,3.189554,8.676643,0.218031,-0.243146,-0.031828
544029060.000,Miguel,recording,knock_twice_right,5,-1.395580,3.362962,8.881586,0.152273,-0.213882,-0.024731
544029070.000,Miguel,recording,knock_twice_right,5,-1.189844,3.472176,8.987857,0.104310,-0.174936,-0.040152
544029080.000,Miguel,recording,knock_twice_right,5,-1.201240,3.501794,9.021426,0.073407,-0.135873,-0.077084
544029090.000,Miguel,recording,knock_twice_right,5,-1.349183,3.525739,9.055326,0.057639,-0.113651,-0.118565
544029100.000,Miguel,recording,knock_twice_right,5,-1.538315,3.463834,9.059444,0.054468,-0.108720,-0.145891
544029110.000,Miguel,recording,knock_twice_right,5,-1.660360,3.362509,9.000675,0.061239,-0.114462,-0.151048
544029120.000,Miguel,recording,knock_twice_right,5,-1.692758,3.238648,8.880709,0.071789,-0.129963,-0.134765
544029130.000,Miguel,recording,knock_twice_right,5,-1.714691,3.127779,8.850718,0.078375,-0.158049,-0.104020
544029140.000,Miguel,recording,knock_twice_right,5,-1.645621,3.155367,8.921222,0.079541,-0.191386,-0.069591
544029150.000,Miguel,recording,knock_twice_right,5,-1.552024,3.180332,9.061296,0.079561,-0.211434,-0.041618
544029160.000,Miguel,recording,knock_twice_right,5,-1.484947,3.219618,9.216357,0.083070,-0.209009,-0.023437
544029170.000,Miguel,recording,knock_twice_right,5,-1.371371,3.311965,9.341172,0.088971,-0.184434,-0.012857
544029180.000,Miguel,recording,knock_twice_right,5,-1.152114,3.375553,9.305345,0.092109,-0.139519,-0.015414
544029190.000,Miguel,recording,knock_twice_right,5,-1.018399,3.384391,9.219759,0.087862,-0.087056,-0.038484
544029200.000,Miguel,recording,knock_twice_right,5,-1.078621,3.493804,9.081888,0.075714,-0.048082,-0.076314
544029210.000,Miguel,recording,knock_twice_right,5,-1.188639,3.554442,9.023817,0.061393,-0.029159,-0.117570
544029220.000,Miguel,recording,knock_twice_right,5,-1.400845,3.517637,9.021713,0.052167,-0.028317,-0.152027
544029230.000,Miguel,recording,knock_twice_right,5,-1.606065,3.459912,9.077073,0.052618,-0.048030,-0.169462
544029240.000,Miguel,recording,knock_twice_right,5,-1.729901,3.361151,9.123312,0.066165,-0.087717,-0.165637
544029250.000,Miguel,recording,knock_twice_right,5,-1.744787,3.255939,9.147416,0.092513,-0.137793,-0.146432
544029260.000,Miguel,recording,knock_twice_right,5,-1.712396,3.228906,9.166976,0.122617,-0.176653,-0.119325
544029270.000,Miguel,recording,knock_twice_right,5,-1.639330,3.181957,9.174305,0.145782,-0.185785,-0.087632
544029280.000,Miguel,recording,knock_twice_right,5,-1.628280,3.192352,9.142751,0.154731,-0.164761,-0.055022
544029290.000,Miguel,recording,knock_twice_right,5,-1.666662,3.238037,9.139851,0.145870,-0.119316,-0.022517
544029300.000,Miguel,recording,knock_twice_right,5,-1.678193,3.227132,9.076822,0.122744,-0.056383,0.011845
544029310.000,Miguel,recording,knock_twice_right,5,-1.703189,3.203862,8.986291,0.091468,0.007107,0.049773
544029320.000,Miguel,recording,knock_twice_right,5,-1.611822,3.199902,8.916821,0.059300,0.051636,0.086923
544029330.000,Miguel,recording,knock_twice_right,5,-1.417077,3.213748,8.908835,0.035277,0.069426,0.111961
544029340.000,Miguel,recording,knock_twice_right,5,-1.248530,3.257062,9.035112,0.027809,0.064342,0.115433
544029350.000,Miguel,recording,knock_twice_right,5,-1.085283,3.310808,9.223892,0.042331,0.048460,0.093151
544029360.000,Miguel,recording,knock_twice_right,5,-1.033125,3.344795,9.366547,0.075767,0.037292,0.048698
544029370.000,Miguel,recording,knock_twice_right,5,-1.135165,3.346489,9.444913,0.119540,0.045467,-0.004760
544029380.000,Miguel,recording,knock_twice_right,5,-1.383038,3.331071,9.402562,0.164100,0.076639,-0.052012
544029390.000,Miguel,recording,knock_twice_right,5,-1.933832,3.306391,9.370482,0.206555,0.109758,-0.058715
544029400.000,Miguel,recording,knock_twice_right,5,-3.659369,3.421053,9.614991,0.266684,0.082494,0.073280
544029410.000,Miguel,recording,knock_twice_right,5,-3.621971,3.531629,9.696246,0.342554,-0.018068,0.285727
544029420.000,Miguel,recording,knock_twice_right,5,-0.046250,3.214730,8.882657,0.390803,-0.061861,0.415215
544029430.000,Miguel,recording,knock_twice_right,5,-1.147100,3.577667,8.269063,0.363555,-0.016351,0.420993
544029440.000,Miguel,recording,knock_twice_right,5,0.310857,4.246778,7.800289,0.236800,0.049536,0.311644
544029450.000,Miguel,recording,knock_twice_right,5,0.051272,4.637003,7.490663,0.039504,0.127120,0.128436
544029460.000,Miguel,recording,knock_twice_right,5,-0.041442,4.686457,7.990452,-0.154799,0.192394,-0.074671
544029470.000,Miguel,recording,knock_twice_right,5,-0.645929,4.437352,8.709175,-0.277966,0.211936,-0.247500
544029480.000,Miguel,recording,knock_twice_right,5,-1.248906,4.116687,9.252238,-0.306590,0.164242,-0.357200
544029490.000,Miguel,recording,knock_twice_right,5,-1.670650,3.763760,9.522684,-0.253326,0.061667,-0.391050
544029500.000,Miguel,recording,knock_twice_right,5,-1.939771,3.502764,9.431024,-0.149643,-0.062916,-0.356987
544029510.000,Miguel,recording,knock_twice_right,5,-1.907727,3.311276,9.353669,-0.031146,-0.183311,-0.282228
544029520.000,Miguel,recording,knock_twice_right,5,-1.848389,3.304678,9.233451,0.077962,-0.288376,-0.195127
544029530.000,Miguel,recording,knock_twice_right,5,-1.644327,3.405401,9.101074,0.161728,-0.372771,-0.119785
544029540.000,Miguel,recording,knock_twice_right,5,-1.380803,3.423869,8.913490,0.210733,-0.419877,-0.075292
544029550.000,Miguel,recording,knock_twice_right,5,-1.316453,3.452674,8.805114,0.221683,-0.428904,-0.062509
544029560.000,Miguel,recording,knock_twice_right,5,-1.379061,3.587773,8.712885,0.193699,-0.414346,-0.063506
544029570.000,Miguel,recording,knock_twice_right,5,-1.320087,3.630396,8.655681,0.135015,-0.367504,-0.061898
544029580.000,Miguel,recording,knock_twice_right,5,-1.205726,3.578137,8.653974,0.058368,-0.277971,-0.056454
544029590.000,Miguel,recording,knock_twice_right,5,-1.158249,3.524799,8.724661,-0.024521,-0.164440,-0.051919
544029600.000,Miguel,recording,knock_twice_right,5,-1.259152,3.464464,8.820577,-0.101190,-0.054278,-0.046303
544029610.000,Miguel,recording,knock_twice_right,5,-1.313525,3.427656,8.900218,-0.159161,0.034708,-0.036069
544029620.000,Miguel,recording,knock_twice_right,5,-1.248492,3.423719,8.955584,-0.190383,0.093322,-0.025430
544029630.000,Miguel,recording,knock_twice_right,5,-1.107630,3.426005,8.992926,-0.192626,0.112988,-0.025379
544029640.000,Miguel,recording,knock_twice_right,5,-0.983804,3.480857,9.082493,-0.168676,0.090153,-0.045754
544029650.000,Miguel,recording,knock_twice_right,5,-0.887867,3.463952,9.121848,-0.126949,0.039307,-0.087665
544029660.000,Miguel,recording,knock_twice_right,5,-1.032507,3.413452,9.165212,-0.074799,-0.024081,-0.140679
544029670.000,Miguel,recording,knock_twice_right,5,-2.050716,3.426606,9.484388,-0.002892,-0.115277,-0.155571
544029680.000,Miguel,recording,knock_twice_right,5,-4.535350,3.423032,10.291198,0.123758,-0.279898,-0.008385
544029690.000,Miguel,recording,knock_twice_right,5,-2.321724,3.077651,10.148403,0.288818,-0.419298,0.214385
544029700.000,Miguel,recording,knock_twice_right,5,-1.106111,2.753242,9.343696,0.425186,-0.398518,0.355609
544029710.000,Miguel,recording,knock_twice_right,5,-0.648123,3.310153,9.024055,0.471065,-0.258788,0.412359
544029720.000,Miguel,recording,knock_twice_right,5,-0.092873,3.881022,7.996553,0.365279,-0.059044,0.364171
544029730.000,Miguel,recording,knock_twice_right,5,0.409953,4.363746,7.376993,0.111914,0.159563,0.227647
544029740.000,Miguel,recording,knock_twice_right,5,-0.044409,4.471338,7.459730,-0.200125,0.340501,0.049116
544029750.000,Miguel,recording,knock_twice_right,5,-0.278961,4.288584,8.203272,-0.458788,0.449441,-0.118261
544029760.000,Miguel,recording,knock_twice_right,5,-1.085312,3.911880,9.005474,-0.592888,0.470324,-0.227790
544029770.000,Miguel,recording,knock_twice_right,5,-1.733765,3.516265,9.576721,-0.595789,0.401727,-0.255076
544029780.000,Miguel,recording,knock_twice_right,5,-2.101095,3.174721,9.851386,-0.499184,0.273631,-0.208770
544029790.000,Miguel,recording,knock_twice_right,5,-2.086639,2.957456,9.923745,-0.340848,0.132115,-0.120374
544029800.000,Miguel,recording,knock_twice_right,5,-2.109211,2.941361,10.092138,-0.150101,0.017016,-0.008780
544029810.000,Miguel,recording,knock_twice_right,5,-2.106128,3.013356,9.851506,0.042163,-0.054103,0.116562
544029820.000,Miguel,recording,knock_twice_right,5,-1.875278,3.051469,9.592832,0.198711,-0.096229,0.231996
544029830.000,Miguel,recording,knock_twice_right,5,-1.603346,3.134205,9.237863,0.294776,-0.125318,0.311011
544029840.000,Miguel,recording,knock_twice_right,5,-1.310125,3.413710,8.896049,0.323329,-0.133141,0.345043
544029850.000,Miguel,recording,knock_twice_right,5,-1.099218,3.638629,8.580876,0.287626,-0.101438,0.339651
544029860.000,Miguel,recording,knock_twice_right,5,-0.970494,3.782698,8.330123,0.199420,-0.033010,0.304699
544029870.000,Miguel,recording,knock_twice_right,5,-0.939134,3.870678,8.318099,0.078610,0.050542,0.254619
544029880.000,Miguel,recording,knock_twice_right,5,-0.882051,3.961856,8.436940,-0.049204,0.133877,0.201772
544029890.000,Miguel,recording,knock_twice_right,5,-0.749403,3.965075,8.590858,-0.160669,0.208903,0.146746
544029900.000,Miguel,recording,knock_twice_right,5,-0.627917,3.922223,8.655426,-0.244236,0.273609,0.083487
544029910.000,Miguel,recording,knock_twice_right,5,-0.716876,3.862048,8.792489,-0.297140,0.332105,0.010477
544029920.000,Miguel,recording,knock_twice_right,5,-0.830693,3.765753,9.083812,-0.317215,0.380096,-0.065897
544029930.000,Miguel,recording,knock_twice_right,5,-1.041730,3.736146,9.270503,-0.308149,0.406565,-0.134995
544029940.000,Miguel,recording,knock_twice_right,5,-1.250432,3.711463,9.348238,-0.285668,0.421559,-0.194276
544029950.000,Miguel,recording,knock_twice_right,5,-1.330767,3.634335,9.196582,-0.269573,0.450709,-0.248523
544029960.000,Miguel,recording,knock_twice_right,5,-1.353317,3.517691,9.023358,-0.270325,0.519148,-0.305266
544029970.000,Miguel,recording,knock_twice_right,5,-1.436525,3.397914,8.935521,-0.282879,0.644972,-0.365680
544029980.000,Miguel,recording,knock_twice_right,5,-1.586568,3.354125,8.766347,-0.290844,0.810350,-0.412362
544029990.000,Miguel,recording,knock_twice_right,5,-1.866445,3.424678,8.604575,-0.308759,0.968424,-0.441519
544030000.000,Miguel,recording,knock_twice_right,5,-2.019806,3.376598,8.030308,-0.381558,1.089191,-0.466716
544030010.000,Miguel,recording,knock_twice_right,5,-2.238934,3.190700,7.317981,-0.526869,1.152409,-0.487864
544030020.000,Miguel,recording,knock_twice_right,5,-2.440162,3.045988,7.310965,-0.702364,1.131754,-0.491066
544030030.000,Miguel,recording,knock_twice_right,5,-2.666202,2.930014,7.843145,-0.850015,1.025562,-0.463528
544030040.000,Miguel,recording,knock_twice_right,5,-2.549853,2.659055,8.239654,-0.939438,0.874806,-0.408014
544030050.000,Miguel,recording,knock_twice_right,5,-2.362844,2.550315,8.911031,-0.961442,0.747390,-0.348428
544030060.000,Miguel,recording,knock_twice_right,5,-2.348944,2.572649,9.592527,-0.916966,0.691733,-0.315892
544030070.000,Miguel,recording,knock_twice_right,5,-2.313137,2.664630,10.403688,-0.808323,0.720143,-0.328458
544030080.000,Miguel,recording,knock_twice_right,5,-2.423130,2.825481,10.785424,-0.658559,0.816641,-0.382606
544030090.000,Miguel,recording,knock_twice_right,5,-2.703803,2.762533,10.680654,-0.517830,0.943610,-0.454990
544030100.000,Miguel,recording,knock_twice_right,5,-2.965426,2.729335,10.165230,-0.413111,1.045345,-0.514850
544030110.000,Miguel,recording,knock_twice_right,5,-3.019576,2.567925,9.603434,-0.335503,1.067559,-0.542448
544030120.000,Miguel,recording,knock_twice_right,5,-3.100653,2.242970,8.988566,-0.277691,0.976490,-0.538808
544030130.000,Miguel,recording,knock_twice_right,6,-3.077516,1.976445,8.701465,-0.235089,0.782062,-0.515462
544030140.000,Miguel,recording,knock_twice_right,6,-3.064746,1.965614,8.632983,-0.198280,0.541668,-0.486685
544030150.000,Miguel,recording,knock_twice_right,6,-3.186702,2.304338,9.105405,-0.156933,0.329997,-0.465160
544030160.000,Miguel,recording,knock_twice_right,6,-3.191775,2.920112,9.862855,-0.101440,0.229346,-0.463692
544030170.000,Miguel,recording,knock_twice_right,6,-2.780967,2.895551,10.388550,-0.015126,0.269507,-0.501477
544030180.000,Miguel,recording,knock_twice_right,6,-3.031784,2.260826,10.387706,0.103775,0.380740,-0.566936
544030190.000,Miguel,recording,knock_twice_right,6,-3.678458,1.854429,9.951011,0.221687,0.459859,-0.599281
544030200.000,Miguel,recording,knock_twice_right,6,-4.562014,1.370385,9.418736,0.278374,0.477628,-0.556970
544030210.000,Miguel,recording,knock_twice_right,6,-4.711004,1.568755,8.674276,0.244203,0.453456,-0.436157
544030220.000,Miguel,recording,knock_twice_right,6,-4.442657,1.720969,8.183899,0.142286,0.415319,-0.255966
544030230.000,Miguel,recording,knock_twice_right,6,-4.042598,1.881724,8.080981,0.002108,0.398964,-0.067263
544030240.000,Miguel,recording,knock_twice_right,6,-3.601641,2.148345,8.222208,-0.155758,0.413639,0.057600
544030250.000,Miguel,recording,knock_twice_right,6,-3.169624,2.467818,8.688368,-0.299580,0.452432,0.075645
544030260.000,Miguel,recording,knock_twice_right,6,-3.071482,2.704968,9.112243,-0.395315,0.509849,0.004367
544030270.000,Miguel,recording,knock_twice_right,6,-3.254925,2.675095,9.286118,-0.435713,0.564092,-0.109138
544030280.000,Miguel,recording,knock_twice_right,6,-3.533609,2.448803,8.977386,-0.439024,0.578257,-0.206070
544030290.000,Miguel,recording,knock_twice_right,6,-3.832516,2.074251,8.531125,-0.427454,0.520338,-0.247695
544030300.000,Miguel,recording,knock_twice_right,6,-4.111638,1.812366,8.322782,-0.407257,0.388962,-0.238289
544030310.000,Miguel,recording,knock_twice_right,6,-4.371507,1.683586,8.404031,-0.374359,0.221749,-0.200189
544030320.000,Miguel,recording,knock_twice_right,6,-4.410130,1.661425,8.800151,-0.315460,0.074270,-0.148952
544030330.000,Miguel,recording,knock_twice_right,6,-4.086335,1.732241,9.295608,-0.219308,0.007783,-0.086834
544030340.000,Miguel,recording,knock_twice_right,6,-3.916128,1.746651,9.419760,-0.088516,0.029318,-0.009633
544030350.000,Miguel,recording,knock_twice_right,6,-3.946884,1.768834,9.586979,0.062887,0.087544,0.067047
544030360.000,Miguel,recording,knock_twice_right,6,-3.902780,1.910273,9.621555,0.216721,0.144019,0.111893
544030370.000,Miguel,recording,knock_twice_right,6,-3.776072,2.093366,9.445190,0.360051,0.183528,0.115881
544030380.000,Miguel,recording,knock_twice_right,6,-3.774785,2.182897,8.846904,0.479348,0.175515,0.088974
544030390.000,Miguel,recording,knock_twice_right,6,-3.854643,2.298974,8.232811,0.559062,0.076449,0.044048
544030400.000,Miguel,recording,knock_twice_right,6,-3.841420,2.437020,7.612847,0.591092,-0.128685,-0.003057
544030410.000,Miguel,recording,knock_twice_right,6,-3.941826,2.505933,7.557527,0.585754,-0.409574,-0.041826
544030420.000,Miguel,recording,knock_twice_right,6,-3.879548,2.555119,8.135507,0.584377,-0.694472,-0.071360
544030430.000,Miguel,recording,knock_twice_right,6,-3.683019,2.535978,9.252080,0.638502,-0.894677,-0.093783
544030440.000,Miguel,recording,knock_twice_right,6,-3.570608,2.450524,10.193084,0.772185,-0.954709,-0.104567
544030450.000,Miguel,recording,knock_twice_right,6,-3.534832,2.235142,10.660487,0.974775,-0.899778,-0.093487
544030460.000,Miguel,recording,knock_twice_right,6,-3.614698,2.023677,10.788103,1.219651,-0.800781,-0.056354
544030470.000,Miguel,recording,knock_twice_right,6,-3.647813,1.877059,10.682081,1.472550,-0.706934,-0.000635
544030480.000,Miguel,recording,knock_twice_right,6,-3.716403,1.805930,10.507061,1.685522,-0.621376,0.066225
544030490.000,Miguel,recording,knock_twice_right,6,-3.600712,1.945587,10.111756,1.820405,-0.531024,0.144597
544030500.000,Miguel,recording,knock_twice_right,6,-3.249723,2.158275,9.518317,1.866836,-0.424755,0.234305
544030510.000,Miguel,recording,knock_twice_right,6,-3.047829,2.394291,8.989898,1.833266,-0.302760,0.334562
544030520.000,Miguel,recording,knock_twice_right,6,-2.924244,2.604455,8.248764,1.733519,-0.197162,0.447596
544030530.000,Miguel,recording,knock_twice_right,6,-3.195511,3.027602,7.686089,1.579516,-0.131350,0.575061
544030540.000,Miguel,recording,knock_twice_right,6,-3.455049,3.476988,7.309679,1.380754,-0.099795,0.720789
544030550.000,Miguel,recording,knock_twice_right,6,-3.625875,3.989590,6.987252,1.132575,-0.081975,0.874350
544030560.000,Miguel,recording,knock_twice_right,6,-3.445748,4.379241,6.663739,0.828004,-0.062527,1.003776
544030570.000,Miguel,recording,knock_twice_right,6,-3.006512,4.574588,6.557449,0.483303,-0.039278,1.073138
544030580.000,Miguel,recording,knock_twice_right,6,-2.510604,4.621874,6.865184,0.135455,-0.005307,1.053095
544030590.000,Miguel,recording,knock_twice_right,6,-2.294005,4.593977,7.414634,-0.159616,0.060769,0.948568
544030600.000,Miguel,recording,knock_twice_right,6,-2.530448,4.480259,7.904578,-0.365553,0.146875,0.796914
544030610.000,Miguel,recording,knock_twice_right,6,-3.017623,4.387488,8.408142,-0.478862,0.207907,0.637721
544030620.000,Miguel,recording,knock_twice_right,6,-3.499544,4.297720,8.905151,-0.502149,0.239682,0.498833
544030630.000,Miguel,recording,knock_twice_right,6,-3.823268,4.132057,9.099126,-0.448310,0.264365,0.395092
544030640.000,Miguel,recording,knock_twice_right,6,-3.989778,3.897241,9.131213,-0.338144,0.269138,0.336227
544030650.000,Miguel,recording,knock_twice_right,6,-4.062374,3.653881,9.133255,-0.189411,0.226419,0.327727
544030660.000,Miguel,recording,knock_twice_right,6,-4.141033,3.476875,9.086282,-0.014581,0.135619,0.364062
544030670.000,Miguel,recording,knock_twice_right,6,-4.168672,3.329549,8.953261,0.171438,0.018863,0.427484
544030680.000,Miguel,recording,knock_twice_right,6,-3.889452,3.156818,8.794481,0.355481,-0.107323,0.504946
544030690.000,Miguel,recording,knock_twice_right,6,-3.574949,3.527677,8.801198,0.525259,-0.228637,0.592925
544030700.000,Miguel,recording,knock_twice_right,6,-3.829759,3.755410,8.766578,0.667509,-0.319972,0.671256
544030710.000,Miguel,recording,knock_twice_right,6,-3.477347,3.959490,8.780856,0.776378,-0.365367,0.709203
544030720.000,Miguel,recording,knock_twice_right,6,-3.314782,4.104704,8.773942,0.852689,-0.362573,0.698074
544030730.000,Miguel,recording,knock_twice_right,6,-3.164914,4.259980,8.723276,0.899506,-0.318096,0.649808
544030740.000,Miguel,recording,knock_twice_right,6,-3.145012,4.414491,8.514262,0.908533,-0.239542,0.580516
544030750.000,Miguel,recording,knock_twice_right,6,-3.224043,4.563985,8.044422,0.860848,-0.133986,0.508116
544030760.000,Miguel,recording,knock_twice_right,6,-3.322904,4.656271,7.586160,0.751007,-0.014947,0.452442
544030770.000,Miguel,recording,knock_twice_right,6,-3.417916,4.539687,7.270282,0.594292,0.099938,0.423328
544030780.000,Miguel,recording,knock_twice_right,6,-3.528624,4.461034,7.145669,0.414814,0.198077,0.420851
544030790.000,Miguel,recording,knock_twice_right,6,-3.584253,4.391180,7.123153,0.238556,0.269967,0.441094
544030800.000,Miguel,recording,knock_twice_right,6,-3.608944,4.333544,7.288321,0.090792,0.304605,0.475616
544030810.000,Miguel,recording,knock_twice_right,6,-3.689885,4.360775,7.596422,-0.012380,0.303398,0.518458
544030820.000,Miguel,recording,knock_twice_right,6,-3.745424,4.385252,7.900172,-0.064056,0.282473,0.567723
544030830.000,Miguel,recording,knock_twice_right,6,-3.774115,4.383835,8.179737,-0.063418,0.253830,0.618294
544030840.000,Miguel,recording,knock_twice_right,6,-3.842500,4.187801,8.382838,-0.010097,0.229129,0.665339
544030850.000,Miguel,recording,knock_twice_right,6,-3.607490,4.212302,8.572258,0.097998,0.211759,0.714682
544030860.000,Miguel,recording,knock_twice_right,6,-3.661283,4.684109,8.662206,0.242830,0.202852,0.768742
544030870.000,Miguel,recording,knock_twice_right,6,-3.931171,4.616114,8.277929,0.386643,0.208990,0.815090
544030880.000,Miguel,recording,knock_twice_right,6,-3.795020,4.738163,7.968351,0.492995,0.213634,0.839695
544030890.000,Miguel,recording,knock_twice_right,6,-3.606544,4.753945,7.475029,0.545158,0.209409,0.838563
544030900.000,Miguel,recording,knock_twice_right,6,-3.421808,4.505397,7.051165,0.543501,0.204603,0.818037
544030910.000,Miguel,recording,knock_twice_right,6,-3.240596,4.121449,6.708232,0.494167,0.200845,0.783549
544030920.000,Miguel,recording,knock_twice_right,6,-2.899663,4.072707,6.554844,0.412739,0.188891,0.747891
544030930.000,Miguel,recording,knock_twice_right,6,-3.004399,4.234357,6.429709,0.309430,0.175173,0.725434
544030940.000,Miguel,recording,knock_twice_right,6,-3.208482,4.389835,6.276979,0.185106,0.182129,0.719060
544030950.000,Miguel,recording,knock_twice_right,6,-3.299364,4.684927,6.357084,0.052693,0.205883,0.732638
544030960.000,Miguel,recording,knock_twice_right,6,-3.313999,4.995476,6.553632,-0.067617,0.239373,0.766055
544030970.000,Miguel,recording,knock_twice_right,6,-3.156119,5.243148,6.725802,-0.167422,0.280913,0.805168
544030980.000,Miguel,recording,knock_twice_right,6,-2.764846,5.335869,6.785502,-0.247339,0.319461,0.828435
544030990.000,Miguel,recording,knock_twice_right,6,-2.327011,5.331208,6.912404,-0.309805,0.342102,0.817238
544031000.000,Miguel,recording,knock_twice_right,6,-2.003262,5.307138,6.993004,-0.356223,0.341282,0.769484
544031010.000,Miguel,recording,knock_twice_right,6,-1.862005,5.196194,7.080961,-0.386697,0.307132,0.696300
544031020.000,Miguel,recording,knock_twice_right,6,-1.913387,4.846243,7.247451,-0.399260,0.232269,0.611545
544031030.000,Miguel,recording,knock_twice_right,6,-1.966772,4.627747,7.567258,-0.380918,0.101981,0.544343
544031040.000,Miguel,recording,knock_twice_right,6,-2.196798,4.744425,7.991704,-0.320410,-0.075584,0.520123
544031050.000,Miguel,recording,knock_twice_right,6,-2.505694,4.728843,8.248849,-0.232540,-0.247521,0.533934
544031060.000,Miguel,recording,knock_twice_right,6,-2.596797,4.628794,8.402950,-0.140555,-0.369130,0.567556
544031070.000,Miguel,recording,knock_twice_right,6,-2.535267,4.620285,8.467861,-0.056931,-0.425327,0.611788
544031080.000,Miguel,recording,knock_twice_right,6,-2.460507,4.697926,8.517977,0.012792,-0.412229,0.667915
544031090.000,Miguel,recording,knock_twice_right,6,-2.166260,4.851210,8.384277,0.062265,-0.332158,0.729834
544031100.000,Miguel,recording,knock_twice_right,6,-1.656189,4.989419,8.091333,0.084109,-0.210486,0.774339
544031110.000,Miguel,recording,knock_twice_right,6,-1.233167,5.178782,7.816576,0.075009,-0.070066,0.771578
544031120.000,Miguel,recording,knock_twice_right,6,-0.704475,5.500179,7.881317,0.034492,0.133882,0.699163
544031130.000,Miguel,recording,knock_twice_right,6,0.206263,6.149639,8.521455,-0.033937,0.363493,0.555139
544031140.000,Miguel,recording,knock_twice_right,6,0.181192,6.836374,8.180327,-0.109345,0.468201,0.346099
544031150.000,Miguel,recording,knock_twice_right,6,0.733465,7.940632,7.859975,-0.157007,0.380275,0.095879
544031160.000,Miguel,recording,knock_twice_right,6,-0.200060,7.712625,7.638902,-0.154727,0.131744,-0.114745
544031170.000,Miguel,recording,knock_twice_right,6,-0.256111,7.056017,7.876893,-0.109815,-0.186488,-0.212091
544031180.000,Miguel,recording,knock_twice_right,6,-0.432749,6.226150,8.109810,-0.038347,-0.487966,-0.194006
544031190.000,Miguel,recording,knock_twice_right,6,-0.492855,5.482938,8.069432,0.053618,-0.744388,-0.094115
544031200.000,Miguel,recording,knock_twice_right,6,-0.793979,5.054078,7.960750,0.163521,-0.979765,0.050862
544031210.000,Miguel,recording,knock_twice_right,6,-0.956024,4.999790,8.015877,0.284318,-1.221325,0.206058
544031220.000,Miguel,recording,knock_twice_right,6,-1.102919,5.037086,8.255547,0.410208,-1.451950,0.347968
544031230.000,Miguel,recording,knock_twice_right,6,-1.244696,5.222081,8.913446,0.542848,-1.612688,0.466424
544031240.000,Miguel,recording,knock_twice_right,6,-1.189617,5.435857,9.894973,0.686936,-1.637203,0.548705
544031250.000,Miguel,recording,knock_twice_right,6,-0.871267,5.499067,10.503054,0.826874,-1.493521,0.587944
544031260.000,Miguel,recording,knock_twice_right,6,-0.443312,5.512898,9.919553,0.896121,-1.218468,0.607151
544031270.000,Miguel,recording,knock_twice_right,6,-0.197601,5.591244,8.415007,0.835184,-0.926000,0.633085
544031280.000,Miguel,recording,knock_twice_right,6,0.214693,5.771874,7.176042,0.680450,-0.717137,0.631978
544031290.000,Miguel,recording,knock_twice_right,6,0.762743,6.133673,6.855103,0.515323,-0.592088,0.553346
544031300.000,Miguel,recording,knock_twice_right,6,0.827941,6.331194,7.093661,0.383676,-0.518516,0.420528
544031310.000,Miguel,recording,knock_twice_right,6,0.622313,6.450700,7.393835,0.282810,-0.491522,0.297068
544031320.000,Miguel,recording,knock_twice_right,6,0.196059,6.337174,7.514879,0.208234,-0.514069,0.228251
544031330.000,Miguel,recording,knock_twice_right,6,-0.071615,6.227282,7.483021,0.171679,-0.577879,0.220737
544031340.000,Miguel,recording,knock_twice_right,6,-0.075531,6.075352,7.551360,0.172657,-0.644441,0.241899
544031350.000,Miguel,recording,knock_twice_right,6,-0.380314,6.176323,8.035196,0.185466,-0.646041,0.280225
544031360.000,Miguel,recording,knock_twice_right,6,-0.020346,6.269870,8.439953,0.220238,-0.582706,0.363678
544031370.000,Miguel,recording,knock_twice_right,6,0.324877,6.230799,8.777916,0.348300,-0.513397,0.486361
544031380.000,Miguel,recording,knock_twice_right,6,0.935136,5.948689,8.749933,0.578759,-0.465964,0.595464
544031390.000,Miguel,recording,knock_twice_right,6,1.231141,5.780033,8.133955,0.793883,-0.403363,0.645195
544031400.000,Miguel,recording,knock_twice_right,6,1.189895,6.009834,7.269729,0.865239,-0.270612,0.625022
544031410.000,Miguel,recording,knock_twice_right,6,0.904231,6.473389,6.723303,0.777359,-0.088277,0.565053
544031420.000,Miguel,recording,knock_twice_right,6,0.675388,6.876288,6.557673,0.607427,0.071515,0.514271
544031430.000,Miguel,recording,knock_twice_right,6,0.620721,6.988939,6.548300,0.429650,0.157595,0.500680
544031440.000,Miguel,recording,knock_twice_right,6,1.043985,7.088538,6.572097,0.278239,0.170520,0.506543
544031450.000,Miguel,recording,knock_twice_right,6,1.652708,7.178499,6.502653,0.149097,0.130035,0.495166
544031460.000,Miguel,recording,knock_twice_right,6,2.061748,7.192786,6.385607,0.021248,0.052914,0.454297
544031470.000,Miguel,recording,knock_twice_right,6,2.191317,7.191533,6.420948,-0.099200,-0.060749,0.385098
544031480.000,Miguel,recording,knock_twice_right,6,2.117134,7.208266,6.582991,-0.188255,-0.210321,0.300824
544031490.000,Miguel,recording,knock_twice_right,6,1.940169,7.253614,6.838293,-0.226375,-0.371395,0.217838
544031500.000,Miguel,recording,knock_twice_right,6,1.680824,7.354375,7.032953,-0.212222,-0.505371,0.147131
544031510.000,Miguel,recording,knock_twice_right,6,1.162640,7.187768,7.018441,-0.181891,-0.572062,0.109044
544031520.000,Miguel,recording,knock_twice_right,6,0.783289,6.709687,7.217641,-0.184506,-0.536538,0.113576
544031530.000,Miguel,recording,knock_twice_right,6,0.216485,6.176299,7.986312,-0.209556,-0.372918,0.170656
544031540.000,Miguel,recording,knock_twice_right,6,-0.487635,5.922229,8.742455,-0.194201,-0.174477,0.273609
544031550.000,Miguel,recording,knock_twice_right,6,1.798857,6.575478,8.185051,-0.142126,-0.050088,0.326546
544031560.000,Miguel,recording,knock_twice_right,6,3.204914,6.686932,7.837008,-0.105724,0.007056,0.253708
544031570.000,Miguel,recording,knock_twice_right,6,3.293886,6.171418,7.704007,-0.086558,0.024906,0.094232
544031580.000,Miguel,recording,knock_twice_right,6,2.462790,5.920592,7.876901,-0.062728,0.017570,-0.081706
544031590.000,Miguel,recording,knock_twice_right,6,1.501865,6.193387,8.121326,-0.007873,-0.009976,-0.221671
544031600.000,Miguel,recording,knock_twice_right,6,0.638573,6.552811,8.370717,0.091490,-0.047524,-0.308662
544031610.000,Miguel,recording,knock_twice_right,6,-0.037481,6.667897,8.318561,0.212348,-0.062587,-0.345916
544031620.000,Miguel,recording,knock_twice_right,6,-0.527777,6.664044,8.356507,0.339028,-0.021996,-0.338382
544031630.000,Miguel,recording,knock_twice_right,6,-0.890275,6.534820,8.512517,0.477212,0.035714,-0.287994
544031640.000,Miguel,recording,knock_twice_right,6,-0.981819,6.426753,8.397032,0.624397,0.059498,-0.204683
544031650.000,Miguel,recording,knock_twice_right,6,-0.664509,6.397055,8.071486,0.760915,0.053138,-0.117356
544031660.000,Miguel,recording,knock_twice_right,6,-0.052002,6.360579,7.470733,0.859082,0.042127,-0.048937
544031670.000,Miguel,recording,knock_twice_right,6,0.675534,6.449780,6.854501,0.906090,0.054429,-0.013027
544031680.000,Miguel,recording,knock_twice_right,6,1.499109,6.413906,6.354817,0.905272,0.101098,-0.027002
544031690.000,Miguel,recording,knock_twice_right,6,1.822021,6.475398,5.820057,0.850778,0.166267,-0.091184
544031700.000,Miguel,recording,knock_twice_right,6,1.733240,6.439668,5.424421,0.746982,0.209946,-0.178126
544031710.000,Miguel,recording,knock_twice_right,6,1.482880,6.393895,5.225099,0.616315,0.225259,-0.260652
544031720.000,Miguel,recording,knock_twice_right,6,1.125193,6.520997,5.234233,0.475659,0.263696,-0.321454
544031730.000,Miguel,recording,knock_twice_right,6,0.645772,6.836710,5.687432,0.350727,0.370043,-0.342491
544031740.000,Miguel,recording,knock_twice_right,6,-0.037882,7.270235,6.471819,0.282360,0.517052,-0.297251
544031750.000,Miguel,recording,knock_twice_right,6,-0.668545,7.470777,6.968516,0.295391,0.629348,-0.170320
544031760.000,Miguel,recording,knock_twice_right,6,-1.009752,7.337282,7.209843,0.371525,0.700514,0.007608
544031770.000,Miguel,recording,knock_twice_right,6,-0.871049,7.171768,7.236661,0.462206,0.779196,0.179291
544031780.000,Miguel,recording,knock_twice_right,6,-0.589789,7.236225,7.193510,0.536503,0.863978,0.310478
544031790.000,Miguel,recording,knock_twice_right,6,-0.411737,7.260124,7.176493,0.595762,0.908586,0.400760
544031800.000,Miguel,recording,knock_twice_right,6,-0.283553,7.234291,7.043966,0.636272,0.887945,0.462653
544031810.000,Miguel,recording,knock_twice_right,6,-0.165297,7.220590,6.785916,0.646070,0.796829,0.504424
544031820.000,Miguel,recording,knock_twice_right,6,-0.078167,7.081185,6.324300,0.616270,0.642211,0.530259
544031830.000,Miguel,recording,knock_twice_right,6,0.114822,6.954601,5.956043,0.540245,0.457180,0.532172
544031840.000,Miguel,recording,knock_twice_right,6,0.422289,6.937054,5.859139,0.419533,0.265881,0.500249
544031850.000,Miguel,recording,knock_twice_right,6,0.574156,7.028756,5.525174,0.262918,0.106938,0.439872
544031860.000,Miguel,recording,knock_twice_right,6,0.637701,7.164255,5.536601,0.104588,0.001737,0.355668
544031870.000,Miguel,recording,knock_twice_right,6,0.609206,7.184164,5.882346,-0.011934,-0.071089,0.260989
544031880.000,Miguel,recording,knock_twice_right,6,0.512721,7.184106,6.099543,-0.076257,-0.097661,0.181107
544031890.000,Miguel,recording,knock_twice_right,6,0.419794,7.308593,6.435027,-0.095282,-0.062323,0.128165
544031900.000,Miguel,recording,knock_twice_right,6,0.358402,7.377363,6.834916,-0.068407,-0.001420,0.099754
544031910.000,Miguel,recording,knock_twice_right,6,0.280783,7.384124,7.060263,-0.005763,0.040436,0.092858
544031920.000,Miguel,recording,knock_twice_right,6,0.097889,7.394386,7.029880,0.065432,0.051368,0.109078
544031930.000,Miguel,recording,knock_twice_right,6,0.053654,7.318761,6.958751,0.123477,0.037253,0.142638
544031940.000,Miguel,recording,knock_twice_right,6,0.052240,7.229439,6.770932,0.155351,0.001576,0.177332
544031950.000,Miguel,recording,knock_twice_right,6,0.088503,7.139675,6.507467,0.154429,-0.050613,0.201036
544031960.000,Miguel,recording,knock_twice_right,6,0.120460,7.111693,6.260947,0.119884,-0.103619,0.214810
544031970.000,Miguel,recording,knock_twice_right,6,0.220238,7.086012,6.220246,0.064857,-0.138882,0.223608
544031980.000,Miguel,recording,knock_twice_right,6,0.438004,7.039026,6.312008,0.012355,-0.157728,0.231682
544031990.000,Miguel,recording,knock_twice_right,6,0.786477,7.061793,6.318595,-0.029301,-0.168150,0.235259
544032000.000,Miguel,recording,knock_twice_right,6,1.097786,7.130725,6.312665,-0.064201,-0.165236,0.219119
544032010.000,Miguel,recording,knock_twice_right,6,1.267981,7.129343,6.341060,-0.095513,-0.151047,0.177180
544032020.000,Miguel,recording,knock_twice_right,6,1.207748,7.059708,6.346872,-0.122478,-0.128063,0.120822
544032030.000,Miguel,recording,knock_twice_right,6,1.014802,7.057138,6.420504,-0.145294,-0.097372,0.069791
544032040.000,Miguel,recording,knock_twice_right,6,0.681637,7.100784,6.599586,-0.157646,-0.068925,0.039343
544032050.000,Miguel,recording,knock_twice_right,6,0.333636,7.058584,6.874051,-0.146093,-0.052011,0.033042
544032060.000,Miguel,recording,knock_twice_right,6,-0.000636,7.054645,6.936748,-0.116033,-0.047316,0.050707
544032070.000,Miguel,recording,knock_twice_right,6,-0.127306,7.091578,6.814702,-0.089407,-0.048594,0.090329
544032080.000,Miguel,recording,knock_twice_right,6,-0.020864,7.144135,6.664531,-0.079382,-0.051171,0.141475
544032090.000,Miguel,recording,knock_twice_right,6,0.280787,7.202130,6.582909,-0.086797,-0.056516,0.188628
544032100.000,Miguel,recording,knock_twice_right,6,0.653096,7.214059,6.451793,-0.108188,-0.070524,0.217176
544032110.000,Miguel,recording,knock_twice_right,6,0.927665,7.200434,6.394789,-0.137658,-0.091974,0.219556
544032120.000,Miguel,recording,knock_twice_right,6,1.004351,7.157460,6.450477,-0.166066,-0.110909,0.200099
544032130.000,Miguel,recording,knock_twice_right,6,0.953342,7.121683,6.560103,-0.186786,-0.123834,0.175467
544032140.000,Miguel,recording,knock_twice_right,6,0.953624,7.128167,6.638567,-0.196047,-0.134466,0.157471
544032150.000,Miguel,recording,knock_twice_right,6,0.996586,7.159787,6.710466,-0.193919,-0.138986,0.142556
544032160.000,Miguel,recording,knock_twice_right,6,0.955449,7.166799,6.765478,-0.183808,-0.129507,0.126302
544032170.000,Miguel,recording,knock_twice_right,6,0.862528,7.116365,6.881894,-0.163595,-0.109850,0.111053
544032180.000,Miguel,recording,knock_twice_right,6,0.799744,7.064391,7.030959,-0.127983,-0.090815,0.098771
544032190.000,Miguel,recording,knock_twice_right,6,0.747691,7.017304,7.087965,-0.080204,-0.073409,0.089065
544032200.000,Miguel,recording,knock_twice_right,6,0.679153,7.052173,7.051843,-0.032434,-0.050217,0.082605
544032210.000,Miguel,recording,knock_twice_right,6,0.714504,7.053366,7.003378,0.008545,-0.026883,0.079934
544032220.000,Miguel,recording,knock_twice_right,6,0.852699,7.063182,6.939691,0.041869,-0.014733,0.075353
544032230.000,Miguel,recording,knock_twice_right,6,1.004944,7.068603,6.826292,0.065750,-0.013753,0.060110
544032240.000,Miguel,recording,knock_twice_right,6,1.077879,7.056185,6.655046,0.076104,-0.017337,0.034221
544032250.000,Miguel,recording,knock_twice_right,6,1.081186,7.078234,6.501810,0.069649,-0.018556,0.004468
544032260.000,Miguel,recording,knock_twice_right,6,0.922025,7.138328,6.491136,0.050592,-0.016739,-0.019863
544032270.000,Miguel,recording,knock_twice_right,6,0.722763,7.121574,6.617256,0.033191,-0.024759,-0.028139
544032280.000,Miguel,recording,knock_twice_right,6,0.626889,7.058260,6.671104,0.029542,-0.049100,-0.019195
544032290.000,Miguel,recording,knock_twice_right,6,0.683418,7.044082,6.616323,0.035961,-0.069937,-0.001150
544032300.000,Miguel,recording,knock_twice_right,6,0.819430,7.043934,6.483841,0.041725,-0.067390,0.015253
544032310.000,Miguel,recording,knock_twice_right,6,1.001178,6.985368,6.399808,0.043976,-0.040599,0.020277
544032320.000,Miguel,recording,knock_twice_right,6,1.096446,6.919810,6.315416,0.041268,-0.000343,0.011042
544032330.000,Miguel,recording,knock_twice_right,6,1.070249,6.900770,6.211027,0.028456,0.051177,-0.009245
544032340.000,Miguel,recording,knock_twice_right,6,0.732721,6.965640,6.081430,0.010149,0.137663,-0.032868
544032350.000,Miguel,recording,knock_twice_right,6,-0.120913,7.198577,5.851887,-0.009362,0.242415,-0.020488
544032360.000,Miguel,recording,knock_twice_right,6,0.302329,7.319382,6.139195,-0.028067,0.273811,0.021401
544032370.000,Miguel,recording,knock_twice_right,6,0.723893,7.122677,6.394991,-0.045491,0.241456,0.049252
544032380.000,Miguel,recording,knock_twice_right,6,0.733739,7.055704,6.469205,-0.063433,0.191487,0.068031
544032390.000,Miguel,recording,knock_twice_right,6,0.941024,6.957683,6.711163,-0.079551,0.099865,0.076882
544032400.000,Miguel,recording,knock_twice_right,6,1.102880,6.889177,6.847037,-0.097717,-0.017758,0.067882
544032410.000,Miguel,recording,knock_twice_right,6,1.086848,6.874792,6.767280,-0.124053,-0.124033,0.047660
544032420.000,Miguel,recording,knock_twice_right,6,1.155351,6.882136,6.727765,-0.155109,-0.185379,0.024001
544032430.000,Miguel,recording,knock_twice_right,6,1.166649,6.960401,6.750363,-0.178439,-0.188414,0.001577
544032440.000,Miguel,recording,knock_twice_right,6,1.110323,7.000651,6.845934,-0.181341,-0.149212,-0.014326
544032450.000,Miguel,recording,knock_twice_right,6,1.043673,6.948125,6.958769,-0.161017,-0.087787,-0.022466
544032460.000,Miguel,recording,knock_twice_right,6,0.965189,6.923358,7.010852,-0.127667,-0.015649,-0.026756
544032470.000,Miguel,recording,knock_twice_right,6,0.904076,6.902056,7.056767,-0.093678,0.051730,-0.030856
544032480.000,Miguel,recording,knock_twice_right,6,0.805292,6.899583,7.127058,-0.064060,0.093652,-0.033348
544032490.000,Miguel,recording,knock_twice_right,6,0.726774,6.873228,7.190320,-0.036565,0.094752,-0.031957
544032500.000,Miguel,recording,knock_twice_right,6,0.735332,6.866817,7.162574,-0.012713,0.064166,-0.030247
544032510.000,Miguel,recording,knock_twice_right,6,0.763367,6.909854,7.079459,0.003205,0.026820,-0.031817
544032520.000,Miguel,recording,knock_twice_right,6,0.787268,6.973187,7.003923,0.010273,-0.009529,-0.034639
544032530.000,Miguel,recording,knock_twice_right,6,0.828629,7.019113,6.914980,0.009084,-0.047787,-0.036766
544032540.000,Miguel,recording,knock_twice_right,6,0.958472,7.058368,6.860680,0.003466,-0.082194,-0.041369
544032550.000,Miguel,recording,knock_twice_right,6,1.042487,7.057450,6.833625,-0.001585,-0.102057,-0.053484
544032560.000,Miguel,recording,knock_twice_right,6,1.049512,7.023520,6.864620,0.001260,-0.101999,-0.073246
544032570.000,Miguel,recording,knock_twice_right,6,0.988094,6.999480,6.883434,0.015607,-0.082956,-0.093254
544032580.000,Miguel,recording,knock_twice_right,6,0.738337,7.047899,6.793805,0.039317,-0.022501,-0.104698
544032590.000,Miguel,recording,knock_twice_right,6,-0.257302,7.279155,6.379265,0.077673,0.166684,-0.091552
544032600.000,Miguel,recording,knock_twice_right,6,-0.923535,7.714566,5.995016,0.124665,0.323836,-0.037309
544032610.000,Miguel,recording,knock_twice_right,6,0.686695,7.144475,6.561657,0.149852,0.328006,0.012114
544032620.000,Miguel,recording,knock_twice_right,6,-0.052148,7.368195,6.068109,0.135760,0.296494,0.028967
544032630.000,Miguel,recording,knock_twice_right,6,0.165818,7.202656,6.316927,0.094601,0.214632,0.042333
544032640.000,Miguel,recording,knock_twice_right,6,0.064974,7.400402,6.358942,0.044124,0.082585,0.055053
544032650.000,Miguel,recording,knock_twice_right,6,0.446000,7.270509,6.432041,-0.007264,-0.047620,0.059510
544032660.000,Miguel,recording,knock_twice_right,6,0.733323,7.342043,6.461475,-0.059640,-0.141883,0.055319
544032670.000,Miguel,recording,knock_twice_right,6,0.920742,7.299925,6.561465,-0.108031,-0.190630,0.044304
544032680.000,Miguel,recording,knock_twice_right,6,1.039203,7.188676,6.726637,-0.139654,-0.198556,0.029556
544032690.000,Miguel,recording,knock_twice_right,6,1.032930,7.125095,6.906714,-0.145145,-0.159138,0.020051
544032700.000,Miguel,recording,knock_twice_right,6,0.990133,7.055122,7.059575,-0.121763,-0.066520,0.021604
544032710.000,Miguel,recording,knock_twice_right,6,0.896828,6.970729,7.195531,-0.075871,0.047350,0.030713
544032720.000,Miguel,recording,knock_twice_right,6,0.808326,6.881979,7.339253,-0.018218,0.130889,0.041916
544032730.000,Miguel,recording,knock_twice_right,6,0.797493,6.762511,7.408289,0.040960,0.157791,0.049167
544032740.000,Miguel,recording,knock_twice_right,6,0.854946,6.679951,7.349684,0.093215,0.131793,0.045378
544032750.000,Miguel,recording,knock_twice_right,6,0.957579,6.639329,7.149656,0.130205,0.074533,0.028192
544032760.000,Miguel,recording,knock_twice_right,6,1.018151,6.689101,6.900928,0.145433,0.015435,-0.001133
544032770.000,Miguel,recording,knock_twice_right,6,1.019471,6.839562,6.696173,0.138681,-0.024875,-0.035306
544032780.000,Miguel,recording,knock_twice_right,6,0.933152,6.995897,6.560567,0.117936,-0.040557,-0.064973
544032790.000,Miguel,recording,knock_twice_right,6,0.788876,7.078807,6.554885,0.095272,-0.034781,-0.083763
544032800.000,Miguel,recording,knock_twice_right,6,0.619238,7.153262,6.620164,0.077750,-0.015446,-0.088184
544032810.000,Miguel,recording,knock_twice_right,6,0.514859,7.191677,6.700005,0.071637,0.007632,-0.077173
544032820.000,Miguel,recording,knock_twice_right,6,0.487202,7.208494,6.723209,0.074985,0.024745,-0.056449
544032830.000,Miguel,recording,knock_twice_right,6,0.502248,7.213914,6.597928,0.075448,0.036275,-0.033188
544032840.000,Miguel,recording,knock_twice_right,6,0.539618,7.197954,6.519672,0.065835,0.046732,-0.012889
544032850.000,Miguel,recording,knock_twice_right,6,0.589424,7.184476,6.482112,0.049591,0.051661,-0.000100
544032860.000,Miguel,recording,knock_twice_right,6,0.626563,7.149657,6.503364,0.032047,0.048114,0.003711
544032870.000,Miguel,recording,knock_twice_right,6,0.600785,7.137348,6.478343,0.014317,0.036998,0.000992
544032880.000,Miguel,recording,knock_twice_right,6,0.560819,7.144687,6.456017,-0.004081,0.020763,-0.002251
544032890.000,Miguel,recording,knock_twice_right,6,0.491367,7.159291,6.513961,-0.020940,0.004213,-0.004720
544032900.000,Miguel,recording,knock_twice_right,6,0.372112,7.151258,6.618070,-0.031091,-0.010002,-0.002062
544032910.000,Miguel,recording,knock_twice_right,6,0.300353,7.138930,6.668376,-0.031255,-0.020772,0.009734
544032920.000,Miguel,recording,knock_twice_right,6,0.349195,7.145710,6.641218,-0.024505,-0.026712,0.027542
544032930.000,Miguel,recording,knock_twice_right,6,0.455891,7.150388,6.568124,-0.019500,-0.029760,0.044107
544032940.000,Miguel,recording,knock_twice_right,6,0.588388,7.135913,6.500351,-0.021654,-0.035227,0.054450
544032950.000,Miguel,recording,knock_twice_right,6,0.712571,7.121395,6.409827,-0.032075,-0.045089,0.057507
544032960.000,Miguel,recording,knock_twice_right,6,0.788751,7.134196,6.376669,-0.049459,-0.056004,0.051978
544032970.000,Miguel,recording,knock_twice_right,6,0.780808,7.096140,6.379207,-0.072466,-0.062216,0.041753
544032980.000,Miguel,recording,knock_twice_right,6,0.738189,7.094662,6.340851,-0.099411,-0.061605,0.034301
544032990.000,Miguel,recording,knock_twice_right,6,0.677165,7.106163,6.388623,-0.124600,-0.049402,0.032284
544033000.000,Miguel,recording,knock_twice_right,6,0.639529,7.141275,6.542344,-0.139789,-0.024982,0.036311
544033010.000,Miguel,recording,knock_twice_right,6,0.604145,7.137835,6.695485,-0.140146,-0.000980,0.046387
544033020.000,Miguel,recording,knock_twice_right,6,0.629876,7.154244,6.731428,-0.133685,0.011969,0.059441
544033030.000,Miguel,recording,knock_twice_right,6,0.578520,7.124272,6.738612,-0.130730,0.010412,0.071273
544033040.000,Miguel,recording,knock_twice_right,6,0.575490,7.053156,6.736669,-0.131659,-0.005517,0.081907
544033050.000,Miguel,recording,knock_twice_right,6,0.591021,7.006783,6.808908,-0.131019,-0.028447,0.090597
544033060.000,Miguel,recording,knock_twice_right,6,0.612592,6.977715,6.928510,-0.121950,-0.048867,0.095387
544033070.000,Miguel,recording,knock_twice_right,6,0.662874,6.979978,7.015157,-0.098736,-0.060531,0.098430
544033080.000,Miguel,recording,knock_twice_right,6,0.676545,6.975771,7.136653,-0.057212,-0.055265,0.100157
544033090.000,Miguel,recording,knock_twice_right,6,0.703800,6.967586,7.119227,-0.003024,-0.026677,0.102535
544033100.000,Miguel,recording,knock_twice_right,6,0.772297,7.004094,6.984441,0.048355,0.024296,0.106909
544033110.000,Miguel,recording,knock_twice_right,6,0.878957,7.052967,6.846935,0.085114,0.083937,0.110975
544033120.000,Miguel,recording,knock_twice_right,6,0.949925,7.061169,6.787965,0.104426,0.130138,0.109724
544033130.000,Miguel,recording,knock_twice_right,6,0.989425,7.007942,6.732781,0.105949,0.146637,0.099850
544033140.000,Miguel,recording,knock_twice_right,6,0.945546,6.978526,6.670676,0.090353,0.132223,0.084447
544033150.000,Miguel,recording,knock_twice_right,7,0.898029,6.953365,6.624818,0.061875,0.098668,0.068648
544033160.000,Miguel,recording,knock_twice_right,7,0.869191,6.969883,6.683946,0.031071,0.060759,0.055867
544033170.000,Miguel,recording,knock_twice_right,7,0.840810,7.012723,6.728217,0.008105,0.030586,0.047447
544033180.000,Miguel,recording,knock_twice_right,7,0.814783,7.032975,6.789590,-0.004002,0.015113,0.043974
544033190.000,Miguel,recording,knock_twice_right,7,0.821939,7.050995,6.809525,-0.008274,0.011893,0.045251
544033200.000,Miguel,recording,knock_twice_right,7,0.808794,7.032336,6.768416,-0.007620,0.018511,0.048783
544033210.000,Miguel,recording,knock_twice_right,7,0.846817,7.009469,6.770136,-0.004671,0.033061,0.050470
544033220.000,Miguel,recording,knock_twice_right,7,0.851874,6.978826,6.772628,-0.002830,0.047484,0.048317
544033230.000,Miguel,recording,knock_twice_right,7,0.810357,6.940555,6.782728,-0.001342,0.055087,0.045127
544033240.000,Miguel,recording,knock_twice_right,7,0.758715,6.941308,6.787650,0.000451,0.053817,0.044401
544033250.000,Miguel,recording,knock_twice_right,7,0.781969,6.926055,6.776510,0.001903,0.042818,0.047150
544033260.000,Miguel,recording,knock_twice_right,7,0.883866,6.924346,6.717444,0.001954,0.026859,0.049222
544033270.000,Miguel,recording,knock_twice_right,7,0.973798,6.929621,6.655265,0.000102,0.020643,0.043091
544033280.000,Miguel,recording,knock_twice_right,7,1.003388,6.978249,6.688808,-0.003269,0.029073,0.029635
544033290.000,Miguel,recording,knock_twice_right,7,0.962935,7.013707,6.685011,-0.003688,0.040670,0.015462
544033300.000,Miguel,recording,knock_twice_right,7,0.866396,7.013384,6.792188,0.004322,0.050159,0.003763
544033310.000,Miguel,recording,knock_twice_right,7,0.754362,7.015915,6.879047,0.023952,0.064687,-0.002430
544033320.000,Miguel,recording,knock_twice_right,7,0.617464,7.056036,6.881831,0.052274,0.087447,0.001165
544033330.000,Miguel,recording,knock_twice_right,7,0.557428,7.123880,6.795120,0.075891,0.109828,0.015330
544033340.000,Miguel,recording,knock_twice_right,7,0.558683,7.124352,6.727053,0.089091,0.124615,0.035225
544033350.000,Miguel,recording,knock_twice_right,7,0.625447,7.095792,6.710917,0.095542,0.128764,0.054463
544033360.000,Miguel,recording,knock_twice_right,7,0.754639,7.030098,6.732148,0.097913,0.118970,0.066791
544033370.000,Miguel,recording,knock_twice_right,7,0.896520,7.019032,6.718722,0.095459,0.096904,0.067908
544033380.000,Miguel,recording,knock_twice_right,7,0.963024,7.042599,6.699753,0.087940,0.068215,0.056133
544033390.000,Miguel,recording,knock_twice_right,7,0.950716,7.070639,6.635549,0.074646,0.038234,0.036288
544033400.000,Miguel,recording,knock_twice_right,7,0.858614,7.093292,6.542522,0.052131,0.011428,0.019129
544033410.000,Miguel,recording,knock_twice_right,7,0.801791,7.117446,6.492764,0.024093,-0.008927,0.009508
544033420.000,Miguel,recording,knock_twice_right,7,0.750557,7.088307,6.555400,0.002122,-0.019266,0.005744
544033430.000,Miguel,recording,knock_twice_right,7,0.736885,7.040833,6.651034,-0.005649,-0.015642,0.006531
544033440.000,Miguel,recording,knock_twice_right,7,0.765073,7.051687,6.653484,-0.002804,0.004872,0.008771
544033450.000,Miguel,recording,knock_twice_right,7,0.820549,7.095936,6.667911,0.002914,0.038046,0.007186
544033460.000,Miguel,recording,knock_twice_right,7,0.771984,7.082064,6.700806,0.009311,0.065307,0.003207
544033470.000,Miguel,recording,knock_twice_right,7,0.680319,7.035932,6.734308,0.016237,0.072811,0.001318
544033480.000,Miguel,recording,knock_twice_right,7,0.582867,7.045250,6.697353,0.017469,0.067070,0.005985
544033490.000,Miguel,recording,knock_twice_right,7,0.509122,7.067443,6.646773,0.010476,0.060258,0.020052
544033500.000,Miguel,recording,knock_twice_right,7,0.501828,7.100978,6.642102,-0.001289,0.051065,0.041916
544033510.000,Miguel,recording,knock_twice_right,7,0.506702,7.098710,6.649189,-0.016909,0.032734,0.067621
544033520.000,Miguel,recording,knock_twice_right,7,0.637828,7.067102,6.651345,-0.033540,0.008475,0.088880
544033530.000,Miguel,recording,knock_twice_right,7,0.802009,7.039550,6.706378,-0.044400,-0.012541,0.096945
544033540.000,Miguel,recording,knock_twice_right,7,0.956689,7.023966,6.765658,-0.046369,-0.022863,0.090458
544033550.000,Miguel,recording,knock_twice_right,7,1.050144,7.023063,6.774496,-0.040172,-0.021481,0.073751
544033560.000,Miguel,recording,knock_twice_right,7,1.062695,6.988853,6.787385,-0.027192,-0.008851,0.052636
544033570.000,Miguel,recording,knock_twice_right,7,1.017358,6.979045,6.819184,-0.009283,0.014024,0.032748
544033580.000,Miguel,recording,knock_twice_right,7,0.947284,7.003578,6.837617,0.012942,0.039096,0.017316
544033590.000,Miguel,recording,knock_twice_right,7,0.872577,7.054499,6.770274,0.032698,0.059844,0.008771
544033600.000,Miguel,recording,knock_twice_right,7,0.751779,7.089155,6.742027,0.041920,0.073268,0.009507
544033610.000,Miguel,recording,knock_twice_right,7,0.677104,7.075126,6.763996,0.042603,0.073544,0.019105
544033620.000,Miguel,recording,knock_twice_right,7,0.647952,7.042405,6.771617,0.041841,0.062761,0.034019
544033630.000,Miguel,recording,knock_twice_right,7,0.695284,7.024197,6.790661,0.040489,0.050870,0.048988
544033640.000,Miguel,recording,knock_twice_right,7,0.759468,7.032254,6.730549,0.033509,0.044686,0.060639
544033650.000,Miguel,recording,knock_twice_right,7,0.840753,7.015837,6.701795,0.021338,0.040755,0.066489
544033660.000,Miguel,recording,knock_twice_right,7,0.962990,6.975412,6.748821,0.009828,0.033237,0.063862
544033670.000,Miguel,recording,knock_twice_right,7,1.043937,6.954191,6.759032,0.002419,0.027293,0.051570
544033680.000,Miguel,recording,knock_twice_right,7,1.068502,6.965374,6.782268,0.001089,0.027632,0.031953
544033690.000,Miguel,recording,knock_twice_right,7,1.038331,6.986799,6.827996,0.006909,0.031445,0.011094
544033700.000,Miguel,recording,knock_twice_right,7,0.934493,7.030216,6.862032,0.015847,0.035163,-0.006057
544033710.000,Miguel,recording,knock_twice_right,7,0.826893,7.046453,6.878642,0.026563,0.032620,-0.015789
544033720.000,Miguel,recording,knock_twice_right,7,0.763712,7.029072,6.907958,0.041221,0.019211,-0.017345
544033730.000,Miguel,recording,knock_twice_right,7,0.723715,6.998159,6.824410,0.056216,0.002982,-0.013471
544033740.000,Miguel,recording,knock_twice_right,7,0.703492,7.004515,6.735284,0.067020,-0.004680,-0.008649
544033750.000,Miguel,recording,knock_twice_right,7,0.692969,7.022430,6.638236,0.070683,-0.002669,-0.004133
544033760.000,Miguel,recording,knock_twice_right,7,0.739821,7.046855,6.609719,0.067039,0.001019,0.001162
544033770.000,Miguel,recording,knock_twice_right,7,0.812606,7.050615,6.581829,0.061927,0.000288,0.002795
544033780.000,Miguel,recording,knock_twice_right,7,0.855246,7.032734,6.566911,0.058088,0.000502,-0.002620
544033790.000,Miguel,recording,knock_twice_right,7,0.902066,7.051088,6.545131,0.054233,0.007635,-0.012777
544033800.000,Miguel,recording,knock_twice_right,7,0.891814,7.069264,6.562768,0.052155,0.017194,-0.024832
544033810.000,Miguel,recording,knock_twice_right,7,0.841196,7.094185,6.564496,0.054027,0.023252,-0.035375
544033820.000,Miguel,recording,knock_twice_right,7,0.760361,7.113789,6.565799,0.056606,0.026530,-0.040404
544033830.000,Miguel,recording,knock_twice_right,7,0.694060,7.126566,6.536923,0.057763,0.029851,-0.040471
544033840.000,Miguel,recording,knock_twice_right,7,0.606880,7.110143,6.538799,0.059093,0.035909,-0.035843
544033850.000,Miguel,recording,knock_twice_right,7,0.537374,7.123029,6.543721,0.061248,0.047510,-0.024747
544033860.000,Miguel,recording,knock_twice_right,7,0.473168,7.139901,6.535053,0.062196,0.061948,-0.007799
544033870.000,Miguel,recording,knock_twice_right,7,0.505417,7.130161,6.537049,0.061765,0.073645,0.011158
544033880.000,Miguel,recording,knock_twice_right,7,0.559080,7.128003,6.531741,0.060401,0.079977,0.026330
544033890.000,Miguel,recording,knock_twice_right,7,0.638163,7.130521,6.463693,0.053227,0.080719,0.036093
544033900.000,Miguel,recording,knock_twice_right,7,0.733119,7.142913,6.372211,0.035633,0.075610,0.040971
544033910.000,Miguel,recording,knock_twice_right,7,0.732555,7.169239,6.355078,0.008380,0.061836,0.042565
544033920.000,Miguel,recording,knock_twice_right,7,0.660504,7.147097,6.376241,-0.024811,0.034288,0.044541
544033930.000,Miguel,recording,knock_twice_right,7,0.625650,7.105192,6.413429,-0.058415,-0.005895,0.049929
544033940.000,Miguel,recording,knock_twice_right,7,0.668698,7.103215,6.458642,-0.087146,-0.043956,0.056683
544033950.000,Miguel,recording,knock_twice_right,7,0.743548,7.118907,6.557353,-0.104494,-0.059590,0.060039
544033960.000,Miguel,recording,knock_twice_right,7,0.740889,7.111193,6.640278,-0.107556,-0.052635,0.060628
544033970.000,Miguel,recording,knock_twice_right,7,0.778464,7.109143,6.686913,-0.098898,-0.035714,0.060688
544033980.000,Miguel,recording,knock_twice_right,7,0.809789,7.112548,6.726456,-0.082052,-0.012293,0.059594
544033990.000,Miguel,recording,knock_twice_right,7,0.885623,7.070840,6.781617,-0.060931,0.012581,0.056558
544034000.000,Miguel,recording,knock_twice_right,7,0.996287,7.035134,6.852532,-0.034161,0.029682,0.047900
544034010.000,Miguel,recording,knock_twice_right,7,1.065118,7.028184,6.859169,-0.002297,0.039602,0.028829
544034020.000,Miguel,recording,knock_twice_right,7,1.073876,7.043183,6.841047,0.026332,0.046869,0.004511
544034030.000,Miguel,recording,knock_twice_right,7,1.030450,7.102402,6.737255,0.044802,0.051294,-0.018146
544034040.000,Miguel,recording,knock_twice_right,7,0.962907,7.131310,6.672807,0.051568,0.049573,-0.038731
544034050.000,Miguel,recording,knock_twice_right,7,0.819716,7.115270,6.630402,0.046628,0.038144,-0.054122
544034060.000,Miguel,recording,knock_twice_right,7,0.610829,7.115984,6.620867,0.034313,0.024607,-0.058610
544034070.000,Miguel,recording,knock_twice_right,7,0.480839,7.164722,6.611295,0.022600,0.019459,-0.048062
544034080.000,Miguel,recording,knock_twice_right,7,0.466404,7.191047,6.616727,0.011973,0.021754,-0.025923
544034090.000,Miguel,recording,knock_twice_right,7,0.550471,7.208412,6.638141,0.001310,0.024308,-0.002812
544034100.000,Miguel,recording,knock_twice_right,7,0.686962,7.172024,6.645576,-0.008133,0.020051,0.011065
544034110.000,Miguel,recording,knock_twice_right,7,0.806876,7.123714,6.670437,-0.016752,0.006327,0.010160
544034120.000,Miguel,recording,knock_twice_right,7,0.882408,7.067299,6.709821,-0.021144,-0.008807,-0.003619
544034130.000,Miguel,recording,knock_twice_right,7,0.803417,7.091731,6.771461,-0.016435,-0.011332,-0.021645
544034140.000,Miguel,recording,knock_twice_right,7,0.663248,7.118231,6.852276,-0.000947,0.002068,-0.031074
544034150.000,Miguel,recording,knock_twice_right,7,0.563944,7.180569,6.833406,0.020728,0.021589,-0.025789
544034160.000,Miguel,recording,knock_twice_right,7,0.525967,7.221842,6.780968,0.038244,0.034931,-0.010487
544034170.000,Miguel,recording,knock_twice_right,7,0.537190,7.192871,6.670340,0.043380,0.032595,0.007246
544034180.000,Miguel,recording,knock_twice_right,7,0.584847,7.153073,6.646540,0.035138,0.013221,0.019991
544034190.000,Miguel,recording,knock_twice_right,7,0.639857,7.119709,6.658603,0.018150,-0.019572,0.025701
544034200.000,Miguel,recording,knock_twice_right,7,0.711855,7.103447,6.654748,0.001127,-0.057444,0.027277
544034210.000,Miguel,recording,knock_twice_right,7,0.882395,7.139475,6.646280,-0.011376,-0.086646,0.022760
544034220.000,Miguel,recording,knock_twice_right,7,0.980381,7.179452,6.571794,-0.021311,-0.095652,0.011151
544034230.000,Miguel,recording,knock_twice_right,7,0.958402,7.234481,6.497080,-0.036620,-0.087531,-0.002541
544034240.000,Miguel,recording,knock_twice_right,7,0.818782,7.222698,6.402997,-0.061580,-0.079805,-0.012438
544034250.000,Miguel,recording,knock_twice_right,7,0.715879,7.140260,6.463716,-0.085724,-0.081672,-0.015114
544034260.000,Miguel,recording,knock_twice_right,7,0.652318,7.099861,6.580863,-0.095698,-0.082831,-0.009396
544034270.000,Miguel,recording,knock_twice_right,7,0.639000,7.081399,6.752130,-0.083770,-0.069531,0.003216
544034280.000,Miguel,recording,knock_twice_right,7,0.668054,7.090839,6.849200,-0.050587,-0.049815,0.017515
544034290.000,Miguel,recording,knock_twice_right,7,0.730616,7.057516,6.787636,-0.009357,-0.034656,0.028014
544034300.000,Miguel,recording,knock_twice_right,7,0.827984,7.036013,6.705978,0.026886,-0.015496,0.027963
544034310.000,Miguel,recording,knock_twice_right,7,0.898931,7.016909,6.649327,0.055961,0.015794,0.015237
544034320.000,Miguel,recording,knock_twice_right,7,0.860259,7.048302,6.629682,0.079321,0.051953,-0.003347
544034330.000,Miguel,recording,knock_twice_right,7,0.747059,7.078719,6.584611,0.096916,0.077542,-0.017537
544034340.000,Miguel,recording,knock_twice_right,7,0.644812,7.104912,6.576473,0.104987,0.083299,-0.020131
544034350.000,Miguel,recording,knock_twice_right,7,0.558690,7.121988,6.585705,0.103698,0.070798,-0.012015
544034360.000,Miguel,recording,knock_twice_right,7,0.568328,7.145458,6.534605,0.091324,0.047975,0.001384
544034370.000,Miguel,recording,knock_twice_right,7,0.611996,7.190100,6.430342,0.062658,0.020865,0.013450
544034380.000,Miguel,recording,knock_twice_right,7,0.681791,7.179800,6.349172,0.022122,-0.006791,0.021576
544034390.000,Miguel,recording,knock_twice_right,7,0.727204,7.196264,6.368294,-0.021118,-0.031674,0.025401
544034400.000,Miguel,recording,knock_twice_right,7,0.790588,7.173663,6.429116,-0.057186,-0.047169,0.026957
544034410.000,Miguel,recording,knock_twice_right,7,0.834263,7.169323,6.535011,-0.077552,-0.043498,0.027304
544034420.000,Miguel,recording,knock_twice_right,7,0.861669,7.139610,6.699862,-0.079886,-0.019906,0.025862
544034430.000,Miguel,recording,knock_twice_right,7,0.842494,7.117030,6.833916,-0.065350,0.009469,0.023285
544034440.000,Miguel,recording,knock_twice_right,7,0.886880,7.095768,6.892277,-0.038928,0.029100,0.017815
544034450.000,Miguel,recording,knock_twice_right,7,0.891298,7.083315,6.851644,-0.011824,0.036598,0.007756
544034460.000,Miguel,recording,knock_twice_right,7,0.853326,7.079228,6.777600,0.009144,0.039431,-0.006569
544034470.000,Miguel,recording,knock_twice_right,7,0.741897,7.077439,6.769322,0.025570,0.045756,-0.020087
544034480.000,Miguel,recording,knock_twice_right,7,0.547293,7.109152,6.795763,0.040496,0.055983,-0.022660
544034490.000,Miguel,recording,knock_twice_right,7,0.423864,7.119253,6.837355,0.056365,0.061840,-0.008549
544034500.000,Miguel,recording,knock_twice_right,7,0.501688,7.160228,6.828184,0.071206,0.054971,0.013727
544034510.000,Miguel,recording,knock_twice_right,7,0.649714,7.212238,6.739567,0.077551,0.034807,0.031154
544034520.000,Miguel,recording,knock_twice_right,7,0.789138,7.214330,6.612184,0.070646,0.005705,0.037382
544034530.000,Miguel,recording,knock_twice_right,7,0.874668,7.223127,6.542452,0.052859,-0.029186,0.031524
544034540.000,Miguel,recording,knock_twice_right,7,0.930846,7.271720,6.539839,0.032690,-0.058848,0.017200
544034550.000,Miguel,recording,knock_twice_right,7,0.890311,7.353660,6.598877,0.019076,-0.068786,0.000969
544034560.000,Miguel,recording,knock_twice_right,7,0.743793,7.378379,6.642201,0.018233,-0.060570,-0.008441
544034570.000,Miguel,recording,knock_twice_right,7,0.574100,7.349919,6.704461,0.031121,-0.041227,-0.005563
544034580.000,Miguel,recording,knock_twice_right,7,0.486104,7.285404,6.647771,0.050428,-0.012212,0.007020
544034590.000,Miguel,recording,knock_twice_right,7,0.482578,7.222409,6.644475,0.069807,0.018652,0.023540
544034600.000,Miguel,recording,knock_twice_right,7,0.476531,7.165620,6.581809,0.085029,0.038851,0.040416
544034610.000,Miguel,recording,knock_twice_right,7,0.519252,7.140835,6.470049,0.086690,0.043509,0.057187
544034620.000,Miguel,recording,knock_twice_right,7,0.600275,7.111016,6.346605,0.071489,0.032963,0.070191
544034630.000,Miguel,recording,knock_twice_right,7,0.781068,7.061968,6.287337,0.044724,0.011263,0.073985
544034640.000,Miguel,recording,knock_twice_right,7,0.920995,7.039152,6.227147,0.013347,-0.006704,0.066561
544034650.000,Miguel,recording,knock_twice_right,7,0.993717,7.089246,6.210335,-0.017476,-0.008878,0.051699
544034660.000,Miguel,recording,knock_twice_right,7,0.963524,7.129017,6.253195,-0.043193,0.002459,0.037484
544034670.000,Miguel,recording,knock_twice_right,7,0.895339,7.144240,6.307290,-0.061945,0.016265,0.032037
544034680.000,Miguel,recording,knock_twice_right,7,0.806588,7.151596,6.379423,-0.075914,0.024105,0.035812
544034690.000,Miguel,recording,knock_twice_right,7,0.778267,7.100138,6.501982,-0.083525,0.021754,0.043107
544034700.000,Miguel,recording,knock_twice_right,7,0.726376,7.048570,6.554946,-0.087189,0.014135,0.050818
544034710.000,Miguel,recording,knock_twice_right,7,0.663201,7.047169,6.637262,-0.087018,0.017300,0.059788
544034720.000,Miguel,recording,knock_twice_right,7,0.706064,7.050571,6.754727,-0.074682,0.032356,0.073940
544034730.000,Miguel,recording,knock_twice_right,7,0.842432,7.065058,6.809374,-0.049734,0.048093,0.086916
544034740.000,Miguel,recording,knock_twice_right,7,1.044388,7.036531,6.804914,-0.024237,0.059108,0.087725
544034750.000,Miguel,recording,knock_twice_right,7,1.173253,6.967328,6.723474,-0.009351,0.059977,0.075155
544034760.000,Miguel,recording,knock_twice_right,7,1.295201,6.929471,6.625945,-0.008148,0.047127,0.050629
544034770.000,Miguel,recording,knock_twice_right,7,1.320829,6.921589,6.566531,-0.018657,0.027340,0.016468
544034780.000,Miguel,recording,knock_twice_right,7,1.253596,6.967131,6.566195,-0.032849,0.011572,-0.019477
544034790.000,Miguel,recording,knock_twice_right,7,1.091892,7.016759,6.581529,-0.044594,0.005283,-0.047096
544034800.000,Miguel,recording,knock_twice_right,7,0.928693,7.056938,6.616491,-0.052975,0.010375,-0.061442
544034810.000,Miguel,recording,knock_twice_right,7,0.783700,7.110415,6.657814,-0.056034,0.025445,-0.061728
544034820.000,Miguel,recording,knock_twice_right,7,0.692279,7.127114,6.724829,-0.055103,0.040021,-0.049737
544034830.000,Miguel,recording,knock_twice_right,7,0.661777,7.078085,6.748375,-0.050853,0.044074,-0.032875
544034840.000,Miguel,recording,knock_twice_right,7,0.720534,7.023314,6.737982,-0.043896,0.037636,-0.018130
544034850.000,Miguel,recording,knock_twice_right,7,0.803844,6.999229,6.712842,-0.038194,0.033064,-0.011424
544034860.000,Miguel,recording,knock_twice_right,7,0.875780,7.023743,6.710607,-0.034123,0.040863,-0.014863
544034870.000,Miguel,recording,knock_twice_right,7,0.840285,7.062198,6.703700,-0.029769,0.047331,-0.022980
544034880.000,Miguel,recording,knock_twice_right,7,0.765701,7.062534,6.795363,-0.023772,0.038775,-0.031147
544034890.000,Miguel,recording,knock_twice_right,7,0.666005,7.066317,6.893743,-0.012941,0.018844,-0.034821
544034900.000,Miguel,recording,knock_twice_right,7,0.645959,7.092827,6.898993,0.003214,-0.005867,-0.032638
544034910.000,Miguel,recording,knock_twice_right,7,0.677785,7.140431,6.825226,0.019304,-0.024364,-0.028647
544034920.000,Miguel,recording,knock_twice_right,7,0.736211,7.185531,6.704813,0.028514,-0.030423,-0.024352
544034930.000,Miguel,recording,knock_twice_right,7,0.759393,7.203351,6.614540,0.027602,-0.025962,-0.021127
544034940.000,Miguel,recording,knock_twice_right,7,0.785651,7.203865,6.565622,0.018477,-0.017107,-0.020011
544034950.000,Miguel,recording,knock_twice_right,7,0.776488,7.184117,6.580353,0.005495,-0.012828,-0.019122
544034960.000,Miguel,recording,knock_twice_right,7,0.745785,7.150053,6.620738,-0.005729,-0.016625,-0.017928
544034970.000,Miguel,recording,knock_twice_right,7,0.730183,7.095899,6.689754,-0.010837,-0.026398,-0.017183
544034980.000,Miguel,recording,knock_twice_right,7,0.713855,7.075176,6.713450,-0.008172,-0.032682,-0.017060
544034990.000,Miguel,recording,knock_twice_right,7,0.739844,7.077797,6.714259,0.000421,-0.029335,-0.018007
544035000.000,Miguel,recording,knock_twice_right,7,0.777428,7.100512,6.648770,0.010240,-0.021480,-0.019887
544035010.000,Miguel,recording,knock_twice_right,7,0.763727,7.101751,6.619846,0.016229,-0.014395,-0.023182
544035020.000,Miguel,recording,knock_twice_right,7,0.727993,7.101671,6.621461,0.019837,-0.010689,-0.026353
544035030.000,Miguel,recording,knock_twice_right,7,0.670091,7.078412,6.657903,0.023627,-0.011524,-0.026081
544035040.000,Miguel,recording,knock_twice_right,7,0.657146,7.100789,6.680390,0.028079,-0.012866,-0.023192
544035050.000,Miguel,recording,knock_twice_right,7,0.671164,7.160355,6.630436,0.031132,-0.011714,-0.019087
544035060.000,Miguel,recording,knock_twice_right,7,0.690678,7.209896,6.526287,0.023896,-0.009907,-0.012566
544035070.000,Miguel,recording,knock_twice_right,7,0.684837,7.240584,6.519562,0.007405,-0.012795,-0.004844
544035080.000,Miguel,recording,knock_twice_right,7,0.682501,7.210405,6.559798,-0.010589,-0.022785,0.002481
544035090.000,Miguel,recording,knock_twice_right,7,0.685774,7.169414,6.628515,-0.025081,-0.036841,0.011698
544035100.000,Miguel,recording,knock_twice_right,7,0.663028,7.166852,6.721751,-0.031709,-0.051163,0.022766
544035110.000,Miguel,recording,knock_twice_right,7,0.674411,7.153620,6.868087,-0.024067,-0.061723,0.034392
544035120.000,Miguel,recording,knock_twice_right,7,0.679838,7.091154,7.016608,0.005054,-0.071046,0.043124
544035130.000,Miguel,recording,knock_twice_right,7,0.789915,7.031919,7.075966,0.051408,-0.079004,0.044767
544035140.000,Miguel,recording,knock_twice_right,7,0.960348,7.031614,6.957215,0.101091,-0.074681,0.036015
544035150.000,Miguel,recording,knock_twice_right,7,1.101760,7.085703,6.831684,0.144536,-0.055157,0.014253
544035160.000,Miguel,recording,knock_twice_right,7,1.080220,7.106323,6.667630,0.177125,-0.027629,-0.013607
544035170.000,Miguel,recording,knock_twice_right,7,0.971700,7.126615,6.535305,0.193674,0.001857,-0.035979
544035180.000,Miguel,recording,knock_twice_right,7,0.864130,7.144265,6.386741,0.191914,0.024449,-0.049997
544035190.000,Miguel,recording,knock_twice_right,7,0.770200,7.191788,6.191413,0.168790,0.034584,-0.057254
544035200.000,Miguel,recording,knock_twice_right,7,0.655749,7.231757,6.091273,0.123341,0.035775,-0.054256
544035210.000,Miguel,recording,knock_twice_right,7,0.538439,7.251276,6.132270,0.066649,0.027416,-0.038483
544035220.000,Miguel,recording,knock_twice_right,7,0.520338,7.238313,6.259955,0.017673,0.010188,-0.016430
544035230.000,Miguel,recording,knock_twice_right,7,0.586408,7.191154,6.354493,-0.016223,-0.005987,0.004995
544035240.000,Miguel,recording,knock_twice_right,7,0.711993,7.164096,6.403861,-0.038971,-0.014544,0.019331
544035250.000,Miguel,recording,knock_twice_right,7,0.821348,7.123046,6.452076,-0.050796,-0.019384,0.021031
544035260.000,Miguel,recording,knock_twice_right,7,0.888754,7.090114,6.542059,-0.051546,-0.022592,0.013314
544035270.000,Miguel,recording,knock_twice_right,7,0.906662,7.099154,6.596045,-0.041345,-0.014613,0.002749
544035280.000,Miguel,recording,knock_twice_right,7,0.856078,7.139652,6.697431,-0.021235,0.006117,-0.005987
544035290.000,Miguel,recording,knock_twice_right,7,0.794431,7.165047,6.725780,0.005818,0.026874,-0.009448
544035300.000,Miguel,recording,knock_twice_right,7,0.774229,7.153669,6.676583,0.030415,0.039950,-0.009368
544035310.000,Miguel,recording,knock_twice_right,7,0.794192,7.162277,6.598700,0.042351,0.046006,-0.009774
544035320.000,Miguel,recording,knock_twice_right,7,0.858260,7.158607,6.495652,0.038751,0.046489,-0.011347
544035330.000,Miguel,recording,knock_twice_right,7,0.873179,7.170948,6.376253,0.017508,0.042424,-0.015584
544035340.000,Miguel,recording,knock_twice_right,7,0.859611,7.174117,6.344626,-0.018670,0.034467,-0.020652
544035350.000,Miguel,recording,knock_twice_right,7,0.824470,7.161379,6.396628,-0.055976,0.029431,-0.031520
544035360.000,Miguel,recording,knock_twice_right,7,0.864521,7.080849,6.568327,-0.072507,0.054964,-0.080969
544035370.000,Miguel,recording,knock_twice_right,7,0.687719,7.019307,6.698722,-0.062397,0.126109,-0.118661
544035380.000,Miguel,recording,knock_twice_right,7,-0.130539,7.256576,6.586824,-0.033226,0.167481,-0.090520
544035390.000,Miguel,recording,knock_twice_right,7,0.596067,7.390831,7.023624,0.003347,0.137832,-0.050503
544035400.000,Miguel,recording,knock_twice_right,7,0.482136,7.295647,6.733976,0.022076,0.065142,-0.018462
544035410.000,Miguel,recording,knock_twice_right,7,0.548087,7.176714,6.631502,0.014404,-0.017578,0.017454
544035420.000,Miguel,recording,knock_twice_right,7,0.702478,7.325680,6.567520,-0.002120,-0.071888,0.048150
544035430.000,Miguel,recording,knock_twice_right,7,0.913957,7.427724,6.554909,-0.017766,-0.088555,0.067189
544035440.000,Miguel,recording,knock_twice_right,7,0.977032,7.365258,6.574363,-0.034477,-0.072162,0.074967
544035450.000,Miguel,recording,knock_twice_right,7,1.013595,7.302256,6.676318,-0.048633,-0.049692,0.067436
544035460.000,Miguel,recording,knock_twice_right,7,1.021699,7.081939,6.800850,-0.055161,-0.041729,0.042420
544035470.000,Miguel,recording,knock_twice_right,7,0.949943,6.993864,6.840564,-0.050157,-0.039067,0.011305
544035480.000,Miguel,recording,knock_twice_right,7,0.830836,7.003430,6.880272,-0.031074,-0.031478,-0.012899
544035490.000,Miguel,recording,knock_twice_right,7,0.739098,7.026313,6.818346,-0.004282,-0.022382,-0.027074
544035500.000,Miguel,recording,knock_twice_right,7,0.610287,7.052131,6.712674,0.020477,-0.014132,-0.032071
544035510.000,Miguel,recording,knock_twice_right,7,0.500729,7.028917,6.641668,0.037721,-0.014646,-0.030963
544035520.000,Miguel,recording,knock_twice_right,7,0.486983,7.042730,6.559718,0.046571,-0.026551,-0.026036
544035530.000,Miguel,recording,knock_twice_right,7,0.521352,7.107391,6.504647,0.048502,-0.037694,-0.019129
544035540.000,Miguel,recording,knock_twice_right,7,0.594407,7.203786,6.420741,0.044955,-0.042517,-0.010634
544035550.000,Miguel,recording,knock_twice_right,7,0.645446,7.303922,6.350758,0.035181,-0.042406,-0.001839
544035560.000,Miguel,recording,knock_twice_right,7,0.726425,7.341697,6.361232,0.023231,-0.035925,0.005224
544035570.000,Miguel,recording,knock_twice_right,7,0.806151,7.308929,6.391982,0.014961,-0.023493,0.009441
544035580.000,Miguel,recording,knock_twice_right,7,0.887742,7.252805,6.435503,0.011513,-0.008547,0.007650
544035590.000,Miguel,recording,knock_twice_right,7,0.910177,7.203608,6.462461,0.011004,0.008187,-0.000794
544035600.000,Miguel,recording,knock_twice_right,7,0.810685,7.173451,6.518735,0.011765,0.024995,-0.009834
544035610.000,Miguel,recording,knock_twice_right,7,0.654463,7.158485,6.532426,0.014609,0.032907,-0.012038
544035620.000,Miguel,recording,knock_twice_right,7,0.600410,7.110013,6.540018,0.018058,0.032102,-0.009208
544035630.000,Miguel,recording,knock_twice_right,7,0.743924,7.038986,6.545325,0.022980,0.044678,-0.026483
544035640.000,Miguel,recording,knock_twice_right,7,1.025173,6.870016,6.516906,0.040943,0.111660,-0.085875
544035650.000,Miguel,recording,knock_twice_right,7,0.471672,7.116401,6.406148,0.074990,0.189203,-0.119612
544035660.000,Miguel,recording,knock_twice_right,7,0.429447,7.438766,6.640668,0.113855,0.213122,-0.099540
544035670.000,Miguel,recording,knock_twice_right,7,0.378266,7.490638,6.479192,0.136141,0.182697,-0.066777
544035680.000,Miguel,recording,knock_twice_right,7,0.236023,7.235998,6.301829,0.121019,0.113296,-0.020683
544035690.000,Miguel,recording,knock_twice_right,7,0.413236,7.321385,6.190826,0.075903,0.039138,0.027909
544035700.000,Miguel,recording,knock_twice_right,7,0.755346,7.426877,6.178272,0.020166,-0.015784,0.064406
544035710.000,Miguel,recording,knock_twice_right,7,0.850760,7.419558,6.229475,-0.035537,-0.039233,0.088989
544035720.000,Miguel,recording,knock_twice_right,7,0.944384,7.336428,6.371505,-0.087137,-0.044414,0.100170
544035730.000,Miguel,recording,knock_twice_right,7,0.963009,7.210001,6.544026,-0.131959,-0.053367,0.092390
544035740.000,Miguel,recording,knock_twice_right,7,0.951561,7.068366,6.787620,-0.162473,-0.067267,0.067799
544035750.000,Miguel,recording,knock_twice_right,7,0.943703,6.960154,6.991934,-0.166042,-0.073532,0.034680
544035760.000,Miguel,recording,knock_twice_right,7,0.877317,6.959847,7.151324,-0.137688,-0.067152,0.003506
544035770.000,Miguel,recording,knock_twice_right,7,0.757816,6.966175,7.234798,-0.083322,-0.050175,-0.018391
544035780.000,Miguel,recording,knock_twice_right,7,0.583483,7.001801,7.223564,-0.014322,-0.025907,-0.028500
544035790.000,Miguel,recording,knock_twice_right,7,0.491324,7.044255,7.128232,0.053709,-0.002965,-0.027240
544035800.000,Miguel,recording,knock_twice_right,7,0.537529,7.124868,6.946548,0.109840,0.012302,-0.019213
544035810.000,Miguel,recording,knock_twice_right,7,0.669744,7.237552,6.723270,0.146521,0.021188,-0.012976
544035820.000,Miguel,recording,knock_twice_right,7,0.766110,7.335221,6.483324,0.156185,0.025828,-0.014376
544035830.000,Miguel,recording,knock_twice_right,7,0.786185,7.403835,6.336344,0.137893,0.023769,-0.019849
544035840.000,Miguel,recording,knock_twice_right,7,0.715619,7.450939,6.234533,0.100068,0.013394,-0.021146
544035850.000,Miguel,recording,knock_twice_right,7,0.642490,7.411831,6.300633,0.060356,-0.003853,-0.016159
544035860.000,Miguel,recording,knock_twice_right,7,0.564450,7.369676,6.387843,0.031071,-0.025057,-0.006082
544035870.000,Miguel,recording,knock_twice_right,7,0.540729,7.293411,6.439527,0.012845,-0.043611,0.007513
544035880.000,Miguel,recording,knock_twice_right,7,0.543130,7.240749,6.450470,0.002539,-0.053359,0.019308
544035890.000,Miguel,recording,knock_twice_right,7,0.586031,7.171439,6.467361,-0.001100,-0.053031,0.026575
544035900.000,Miguel,recording,knock_twice_right,7,0.682905,7.102955,6.485068,0.002640,-0.044150,0.027785
544035910.000,Miguel,recording,knock_twice_right,7,0.809479,7.098698,6.492455,0.013407,-0.027445,0.020785
544035920.000,Miguel,recording,knock_twice_right,7,0.822054,7.117345,6.465204,0.028363,-0.005317,0.006702
544035930.000,Miguel,recording,knock_twice_right,7,0.754009,7.173584,6.436161,0.042340,0.019135,-0.007781
544035940.000,Miguel,recording,knock_twice_right,7,0.670151,7.214352,6.374022,0.051632,0.039460,-0.012531
544035950.000,Miguel,recording,knock_twice_right,7,0.645480,7.265159,6.269938,0.050890,0.046313,-0.008325
544035960.000,Miguel,recording,knock_twice_right,7,0.667395,7.290625,6.250482,0.038245,0.039820,-0.001188
544035970.000,Miguel,recording,knock_twice_right,7,0.623269,7.270183,6.313216,0.019559,0.026762,0.007675
544035980.000,Miguel,recording,knock_twice_right,7,0.619485,7.227137,6.358330,0.000202,0.007840,0.017976
544035990.000,Miguel,recording,knock_twice_right,7,0.703758,7.191343,6.359564,-0.019324,-0.013022,0.025041
544036000.000,Miguel,recording,knock_twice_right,7,0.824565,7.229485,6.315884,-0.043410,-0.024496,0.024472
544036010.000,Miguel,recording,knock_twice_right,7,0.893000,7.223427,6.311661,-0.069035,-0.025970,0.016253
544036020.000,Miguel,recording,knock_twice_right,7,0.816485,7.196376,6.496714,-0.084729,-0.024397,0.004410
544036030.000,Miguel,recording,knock_twice_right,7,0.663276,7.163122,6.699852,-0.084086,-0.020799,-0.001222
544036040.000,Miguel,recording,knock_twice_right,7,0.541643,7.166153,6.818450,-0.067351,-0.020041,0.005266
544036050.000,Miguel,recording,knock_twice_right,7,0.587716,7.169715,6.779427,-0.042073,-0.025028,0.018048
544036060.000,Miguel,recording,knock_twice_right,7,0.727270,7.204973,6.673891,-0.019717,-0.023301,0.026188
544036070.000,Miguel,recording,knock_twice_right,7,0.829985,7.231311,6.587638,-0.005717,-0.003984,0.023699
544036080.000,Miguel,recording,knock_twice_right,7,0.860752,7.239614,6.576588,0.002975,0.024845,0.014005
544036090.000,Miguel,recording,knock_twice_right,7,0.864985,7.241169,6.622562,0.010023,0.047932,0.003543
544036100.000,Miguel,recording,knock_twice_right,7,0.874996,7.189409,6.614800,0.014703,0.058773,-0.006877
544036110.000,Miguel,recording,knock_twice_right,7,0.908201,7.149683,6.583638,0.015963,0.057751,-0.018931
544036120.000,Miguel,recording,knock_twice_right,7,0.952227,7.133349,6.477570,0.012080,0.049803,-0.036335
544036130.000,Miguel,recording,knock_twice_right,7,0.921342,7.156160,6.392560,0.001572,0.044812,-0.057539
544036140.000,Miguel,recording,knock_twice_right,7,0.680168,7.230983,6.450977,-0.012041,0.044469,-0.068005
544036150.000,Miguel,recording,knock_twice_right,7,0.343149,7.248772,6.666033,-0.018478,0.029099,-0.056175
544036160.000,Miguel,recording,knock_twice_right,7,0.200892,7.155808,6.773804,-0.011653,-0.012192,-0.026293
544036170.000,Miguel,recording,knock_twice_right,7,0.343143,7.146732,6.733852,0.001043,-0.052288,0.004773
544036180.000,Miguel,recording,knock_twice_right,8,0.581883,7.156100,6.676855,0.013615,-0.069099,0.023145
544036190.000,Miguel,recording,knock_twice_right,8,0.754528,7.159506,6.732762,0.032376,-0.069394,0.027005
544036200.000,Miguel,recording,knock_twice_right,8,0.905298,7.158335,6.736273,0.059245,-0.056607,0.019114
544036210.000,Miguel,recording,knock_twice_right,8,1.013450,7.210212,6.666615,0.087494,-0.025572,0.001812
544036220.000,Miguel,recording,knock_twice_right,8,0.992495,7.269713,6.616470,0.113621,0.019754,-0.020467
544036230.000,Miguel,recording,knock_twice_right,8,0.842152,7.299210,6.530718,0.131062,0.061717,-0.037559
544036240.000,Miguel,recording,knock_twice_right,8,0.695478,7.328150,6.386633,0.130392,0.085468,-0.042208
544036250.000,Miguel,recording,knock_twice_right,8,0.613484,7.299687,6.267365,0.108195,0.083362,-0.037502
544036260.000,Miguel,recording,knock_twice_right,8,0.606097,7.252747,6.181757,0.067654,0.055384,-0.031237
544036270.000,Miguel,recording,knock_twice_right,8,0.635672,7.237424,6.159538,0.017868,0.013798,-0.027890
544036280.000,Miguel,recording,knock_twice_right,8,0.657068,7.250605,6.237622,-0.030017,-0.027010,-0.027547
544036290.000,Miguel,recording,knock_twice_right,8,0.597558,7.253437,6.359585,-0.066165,-0.058937,-0.026307
544036300.000,Miguel,recording,knock_twice_right,8,0.528602,7.271747,6.416571,-0.086867,-0.080836,-0.019404
544036310.000,Miguel,recording,knock_twice_right,8,0.532767,7.283300,6.493458,-0.090617,-0.089870,-0.009028
544036320.000,Miguel,recording,knock_twice_right,8,0.584196,7.232017,6.570104,-0.076598,-0.082944,-0.000237
544036330.000,Miguel,recording,knock_twice_right,8,0.608505,7.263688,6.576723,-0.049551,-0.062615,0.007162
544036340.000,Miguel,recording,knock_twice_right,8,0.642431,7.307037,6.518464,-0.019111,-0.035182,0.013827
544036350.000,Miguel,recording,knock_twice_right,8,0.650048,7.308169,6.450313,0.004907,-0.006834,0.017767
544036360.000,Miguel,recording,knock_twice_right,8,0.663542,7.284875,6.395260,0.017835,0.020186,0.019177
544036370.000,Miguel,recording,knock_twice_right,8,0.685040,7.267230,6.381506,0.020224,0.040521,0.019480
544036380.000,Miguel,recording,knock_twice_right,8,0.719994,7.258575,6.398099,0.016189,0.048235,0.016243
544036390.000,Miguel,recording,knock_twice_right,8,0.714141,7.235299,6.386567,0.006689,0.046911,0.009648
544036400.000,Miguel,recording,knock_twice_right,8,0.668270,7.210819,6.407109,-0.005969,0.041509,0.003894
544036410.000,Miguel,recording,knock_twice_right,8,0.626432,7.231167,6.434146,-0.018333,0.034700,0.000986
544036420.000,Miguel,recording,knock_twice_right,8,0.602323,7.259361,6.453833,-0.030251,0.030730,0.002971
544036430.000,Miguel,recording,knock_twice_right,8,0.549650,7.283679,6.480845,-0.041558,0.027234,0.010058
544036440.000,Miguel,recording,knock_twice_right,8,0.526839,7.261879,6.493550,-0.051374,0.019934,0.020645
544036450.000,Miguel,recording,knock_twice_right,8,0.580779,7.226345,6.513417,-0.058057,0.012464,0.032337
544036460.000,Miguel,recording,knock_twice_right,8,0.651576,7.201493,6.567491,-0.061073,0.008914,0.040019
544036470.000,Miguel,recording,knock_twice_right,8,0.685227,7.209973,6.584577,-0.060856,0.007514,0.042207
544036480.000,Miguel,recording,knock_twice_right,8,0.703424,7.199071,6.626614,-0.058333,0.007564,0.042201
544036490.000,Miguel,recording,knock_twice_right,8,0.720014,7.200609,6.689906,-0.053882,0.008889,0.041340
544036500.000,Miguel,recording,knock_twice_right,8,0.748786,7.187474,6.712271,-0.048976,0.007710,0.038399
544036510.000,Miguel,recording,knock_twice_right,8,0.781088,7.168523,6.762063,-0.043680,0.002917,0.031639
544036520.000,Miguel,recording,knock_twice_right,8,0.817461,7.171083,6.768233,-0.035626,-0.005483,0.024069
544036530.000,Miguel,recording,knock_twice_right,8,0.820254,7.202231,6.800720,-0.023162,-0.013482,0.016967
544036540.000,Miguel,recording,knock_twice_right,8,0.799590,7.195569,6.845875,-0.003701,-0.015263,0.009548
544036550.000,Miguel,recording,knock_twice_right,8,0.757178,7.192349,6.824088,0.021678,-0.008251,0.004782
544036560.000,Miguel,recording,knock_twice_right,8,0.725147,7.218012,6.781826,0.045994,0.006747,0.003495
544036570.000,Miguel,recording,knock_twice_right,8,0.678741,7.241751,6.677446,0.063520,0.021218,0.005598
544036580.000,Miguel,recording,knock_twice_right,8,0.671540,7.250488,6.590357,0.071291,0.025828,0.010696
544036590.000,Miguel,recording,knock_twice_right,8,0.711126,7.233151,6.500882,0.067109,0.016525,0.015771
544036600.000,Miguel,recording,knock_twice_right,8,0.750463,7.204466,6.436528,0.052876,-0.004855,0.018385
544036610.000,Miguel,recording,knock_twice_right,8,0.769233,7.160155,6.373725,0.032310,-0.030771,0.017663
544036620.000,Miguel,recording,knock_twice_right,8,0.789432,7.150524,6.369824,0.010761,-0.050106,0.013329
544036630.000,Miguel,recording,knock_twice_right,8,0.792086,7.168271,6.446483,-0.003226,-0.055848,0.008242
544036640.000,Miguel,recording,knock_twice_right,8,0.771167,7.160818,6.522970,-0.003811,-0.051848,0.004842
544036650.000,Miguel,recording,knock_twice_right,8,0.785172,7.141021,6.525435,0.006991,-0.040990,0.001243
544036660.000,Miguel,recording,knock_twice_right,8,0.804850,7.143600,6.478253,0.021745,-0.021183,-0.005252
544036670.000,Miguel,recording,knock_twice_right,8,0.757260,7.198992,6.471710,0.034426,0.001308,-0.011671
544036680.000,Miguel,recording,knock_twice_right,8,0.670536,7.243527,6.469362,0.043342,0.013711,-0.011644
544036690.000,Miguel,recording,knock_twice_right,8,0.642363,7.251579,6.441509,0.048088,0.010084,-0.006162
544036700.000,Miguel,recording,knock_twice_right,8,0.688973,7.225537,6.349953,0.044310,-0.003976,-0.001691
544036710.000,Miguel,recording,knock_twice_right,8,0.731688,7.241447,6.276114,0.028619,-0.016689,-0.002006
544036720.000,Miguel,recording,knock_twice_right,8,0.741647,7.278967,6.304421,0.009807,-0.023320,-0.004652
544036730.000,Miguel,recording,knock_twice_right,8,0.693421,7.270046,6.350523,-0.003253,-0.026338,-0.004941
544036740.000,Miguel,recording,knock_twice_right,8,0.710376,7.254985,6.357927,-0.011250,-0.024049,-0.002746
544036750.000,Miguel,recording,knock_twice_right,8,0.745198,7.232949,6.374446,-0.016273,-0.015286,-0.002426
544036760.000,Miguel,recording,knock_twice_right,8,0.764992,7.208725,6.344509,-0.019876,-0.004378,-0.005114
544036770.000,Miguel,recording,knock_twice_right,8,0.696714,7.215868,6.334183,-0.023959,0.006248,-0.007058
544036780.000,Miguel,recording,knock_twice_right,8,0.679575,7.185612,6.374528,-0.026609,0.015395,-0.006740
544036790.000,Miguel,recording,knock_twice_right,8,0.670661,7.153154,6.392199,-0.026697,0.019542,-0.004941
544036800.000,Miguel,recording,knock_twice_right,8,0.737066,7.151371,6.360690,-0.029004,0.019740,-0.004496
544036810.000,Miguel,recording,knock_twice_right,8,0.759647,7.133006,6.342974,-0.035714,0.020079,-0.008456
544036820.000,Miguel,recording,knock_twice_right,8,0.695302,7.152347,6.382111,-0.045901,0.019568,-0.011691
544036830.000,Miguel,recording,knock_twice_right,8,0.650738,7.173834,6.456966,-0.055830,0.014623,-0.008918
544036840.000,Miguel,recording,knock_twice_right,8,0.685071,7.174261,6.557483,-0.059575,0.001907,-0.003070
544036850.000,Miguel,recording,knock_twice_right,8,0.770303,7.157193,6.550778,-0.057608,-0.012879,-0.000087
544036860.000,Miguel,recording,knock_twice_right,8,0.860618,7.170453,6.478313,-0.058429,-0.015455,-0.004592
544036870.000,Miguel,recording,knock_twice_right,8,0.869128,7.231985,6.525317,-0.064005,-0.002111,-0.013889
544036880.000,Miguel,recording,knock_twice_right,8,0.714412,7.234714,6.658194,-0.067134,0.015235,-0.017073
544036890.000,Miguel,recording,knock_twice_right,8,0.615392,7.207569,6.733211,-0.064326,0.024180,-0.009594
544036900.000,Miguel,recording,knock_twice_right,8,0.673068,7.192368,6.737793,-0.058039,0.023740,0.000472
544036910.000,Miguel,recording,knock_twice_right,8,0.809538,7.139817,6.735911,-0.051854,0.017385,0.003179
544036920.000,Miguel,recording,knock_twice_right,8,0.904509,7.135964,6.749646,-0.048273,0.004436,-0.005222
544036930.000,Miguel,recording,knock_twice_right,8,0.846956,7.160117,6.815096,-0.046797,-0.013529,-0.020114
544036940.000,Miguel,recording,knock_twice_right,8,0.705981,7.184576,6.924142,-0.038092,-0.031893,-0.030518
544036950.000,Miguel,recording,knock_twice_right,8,0.631447,7.216158,6.999962,-0.015145,-0.046177,-0.029992
544036960.000,Miguel,recording,knock_twice_right,8,0.670045,7.236092,6.922813,0.014147,-0.050770,-0.024322
544036970.000,Miguel,recording,knock_twice_right,8,0.713220,7.276118,6.807231,0.037406,-0.042948,-0.020848
544036980.000,Miguel,recording,knock_twice_right,8,0.707486,7.276250,6.665696,0.048443,-0.030177,-0.020017
544036990.000,Miguel,recording,knock_twice_right,8,0.717398,7.266603,6.578107,0.048260,-0.020334,-0.019983
544037000.000,Miguel,recording,knock_twice_right,8,0.715698,7.266275,6.520431,0.040924,-0.010308,-0.020522
544037010.000,Miguel,recording,knock_twice_right,8,0.722931,7.256794,6.470561,0.031025,0.000896,-0.022378
544037020.000,Miguel,recording,knock_twice_right,8,0.718919,7.250779,6.470059,0.021744,0.009908,-0.024272
544037030.000,Miguel,recording,knock_twice_right,8,0.604436,7.275091,6.548242,0.014338,0.013625,-0.021435
544037040.000,Miguel,recording,knock_twice_right,8,0.427048,7.233292,6.672191,0.014550,0.004781,-0.009641
544037050.000,Miguel,recording,knock_twice_right,8,0.381210,7.174976,6.736986,0.026630,-0.017932,0.008915
544037060.000,Miguel,recording,knock_twice_right,8,0.510202,7.174633,6.646402,0.041922,-0.040180,0.025213
544037070.000,Miguel,recording,knock_twice_right,8,0.714620,7.197580,6.519223,0.051015,-0.047729,0.031313
544037080.000,Miguel,recording,knock_twice_right,8,0.856989,7.237502,6.473373,0.056528,-0.040149,0.024747
544037090.000,Miguel,recording,knock_twice_right,8,0.875306,7.210165,6.478444,0.061607,-0.029160,0.011295
544037100.000,Miguel,recording,knock_twice_right,8,0.860466,7.179232,6.398856,0.065705,-0.020497,-0.002038
544037110.000,Miguel,recording,knock_twice_right,8,0.870887,7.196861,6.323714,0.064063,-0.011202,-0.013702
544037120.000,Miguel,recording,knock_twice_right,8,0.835872,7.224212,6.185843,0.051068,-0.002289,-0.023938
544037130.000,Miguel,recording,knock_twice_right,8,0.719862,7.231753,6.162033,0.027839,0.008459,-0.029687
544037140.000,Miguel,recording,knock_twice_right,8,0.533114,7.233481,6.194144,0.001647,0.019502,-0.024752
544037150.000,Miguel,recording,knock_twice_right,8,0.455886,7.229712,6.229499,-0.021870,0.024167,-0.006796
544037160.000,Miguel,recording,knock_twice_right,8,0.514233,7.246836,6.288323,-0.045397,0.020395,0.015558
544037170.000,Miguel,recording,knock_twice_right,8,0.628141,7.258754,6.385385,-0.067316,0.007402,0.030831
544037180.000,Miguel,recording,knock_twice_right,8,0.651909,7.187068,6.533701,-0.078368,-0.016405,0.036648
544037190.000,Miguel,recording,knock_twice_right,8,0.711703,7.142859,6.569722,-0.075944,-0.038836,0.036178
544037200.000,Miguel,recording,knock_twice_right,8,0.831144,7.166035,6.558540,-0.066289,-0.039842,0.029253
544037210.000,Miguel,recording,knock_twice_right,8,0.883668,7.193129,6.602119,-0.049832,-0.017952,0.015357
544037220.000,Miguel,recording,knock_twice_right,8,0.800209,7.206707,6.706081,-0.021815,0.014635,0.001663
544037230.000,Miguel,recording,knock_twice_right,8,0.679324,7.212047,6.778735,0.013248,0.045105,-0.002995
544037240.000,Miguel,recording,knock_twice_right,8,0.648056,7.243492,6.746580,0.043540,0.061578,0.000486
544037250.000,Miguel,recording,knock_twice_right,8,0.708349,7.266145,6.628155,0.060638,0.060501,0.001713
544037260.000,Miguel,recording,knock_twice_right,8,0.757696,7.299474,6.488881,0.059601,0.050779,-0.004696
544037270.000,Miguel,recording,knock_twice_right,8,0.734056,7.326297,6.396005,0.044002,0.042179,-0.014765
544037280.000,Miguel,recording,knock_twice_right,8,0.638713,7.339913,6.411660,0.025043,0.039781,-0.021343
544037290.000,Miguel,recording,knock_twice_right,8,0.513207,7.355171,6.448185,0.011423,0.045209,-0.017479
544037300.000,Miguel,recording,knock_twice_right,8,0.442367,7.380771,6.509095,0.005090,0.054408,-0.000929
544037310.000,Miguel,recording,knock_twice_right,8,0.426712,7.362060,6.544273,0.003825,0.058157,0.022087
544037320.000,Miguel,recording,knock_twice_right,8,0.478476,7.279458,6.529705,0.004371,0.051933,0.043241
544037330.000,Miguel,recording,knock_twice_right,8,0.552539,7.182530,6.521337,0.002694,0.037054,0.057777
544037340.000,Miguel,recording,knock_twice_right,8,0.636372,7.193213,6.492674,-0.003066,0.014905,0.066078
544037350.000,Miguel,recording,knock_twice_right,8,0.747979,7.166398,6.482509,-0.011753,-0.004099,0.068963
544037360.000,Miguel,recording,knock_twice_right,8,0.780706,7.166790,6.496486,-0.019173,-0.005632,0.065913
544037370.000,Miguel,recording,knock_twice_right,8,0.830723,7.179822,6.534631,-0.020294,0.006828,0.060046
544037380.000,Miguel,recording,knock_twice_right,8,0.842734,7.193970,6.583657,-0.016135,0.019023,0.053742
544037390.000,Miguel,recording,knock_twice_right,8,0.813332,7.164053,6.611971,-0.010747,0.025380,0.048363
544037400.000,Miguel,recording,knock_twice_right,8,0.793737,7.162112,6.610624,-0.007406,0.024999,0.045083
544037410.000,Miguel,recording,knock_twice_right,8,0.821977,7.119481,6.588382,-0.008726,0.018477,0.043020
544037420.000,Miguel,recording,knock_twice_right,8,0.857130,7.126344,6.558570,-0.014692,0.010522,0.039603
544037430.000,Miguel,recording,knock_twice_right,8,0.935770,7.115072,6.543371,-0.025175,0.009366,0.035134
544037440.000,Miguel,recording,knock_twice_right,8,1.038087,7.119128,6.631045,-0.033535,0.017012,0.027884
544037450.000,Miguel,recording,knock_twice_right,8,1.104912,7.074354,6.780737,-0.031813,0.025457,0.012822
544037460.000,Miguel,recording,knock_twice_right,8,1.076592,7.048317,6.868374,-0.022394,0.029310,-0.008241
544037470.000,Miguel,recording,knock_twice_right,8,0.993519,7.076436,6.923996,-0.006985,0.028528,-0.028181
544037480.000,Miguel,recording,knock_twice_right,8,0.856495,7.065707,6.927351,0.012694,0.023609,-0.040527
544037490.000,Miguel,recording,knock_twice_right,8,0.729033,7.118567,6.881706,0.031438,0.016014,-0.041889
544037500.000,Miguel,recording,knock_twice_right,8,0.681216,7.138124,6.811203,0.046614,0.006063,-0.032512
544037510.000,Miguel,recording,knock_twice_right,8,0.709647,7.141714,6.798384,0.059656,-0.004930,-0.021003
544037520.000,Miguel,recording,knock_twice_right,8,0.783998,7.114847,6.765860,0.075980,-0.011741,-0.016209
544037530.000,Miguel,recording,knock_twice_right,8,0.864672,7.127444,6.711428,0.093724,-0.014857,-0.020240
544037540.000,Miguel,recording,knock_twice_right,8,0.924438,7.161877,6.604213,0.105749,-0.017846,-0.032201
544037550.000,Miguel,recording,knock_twice_right,8,0.889231,7.167725,6.525139,0.111250,-0.020295,-0.047733
544037560.000,Miguel,recording,knock_twice_right,8,0.800039,7.186641,6.472028,0.112367,-0.024219,-0.061007
544037570.000,Miguel,recording,knock_twice_right,8,0.712914,7.221568,6.464680,0.111219,-0.029981,-0.070108
544037580.000,Miguel,recording,knock_twice_right,8,0.649138,7.237078,6.420175,0.110895,-0.033317,-0.074714
544037590.000,Miguel,recording,knock_twice_right,8,0.586688,7.247263,6.358998,0.112283,-0.032118,-0.072312
544037600.000,Miguel,recording,knock_twice_right,8,0.529574,7.261043,6.239163,0.109930,-0.023524,-0.063604
544037610.000,Miguel,recording,knock_twice_right,8,0.504750,7.284924,6.155767,0.099620,-0.007639,-0.053006
544037620.000,Miguel,recording,knock_twice_right,8,0.521498,7.296267,6.134348,0.084090,0.006525,-0.041058
544037630.000,Miguel,recording,knock_twice_right,8,0.565565,7.278278,6.134962,0.068043,0.015420,-0.028998
544037640.000,Miguel,recording,knock_twice_right,8,0.648322,7.260709,6.119607,0.051172,0.016089,-0.021147
544037650.000,Miguel,recording,knock_twice_right,8,0.724617,7.278691,6.090573,0.029407,0.005952,-0.021386
544037660.000,Miguel,recording,knock_twice_right,8,0.746032,7.302472,6.089452,0.003428,-0.008520,-0.030317
544037670.000,Miguel,recording,knock_twice_right,8,0.690919,7.321723,6.196262,-0.019003,-0.024005,-0.041854
544037680.000,Miguel,recording,knock_twice_right,8,0.641493,7.324183,6.263703,-0.032606,-0.035534,-0.049822
544037690.000,Miguel,recording,knock_twice_right,8,0.606442,7.345779,6.319602,-0.036322,-0.035337,-0.054079
544037700.000,Miguel,recording,knock_twice_right,8,0.598349,7.328889,6.338785,-0.031861,-0.025409,-0.057066
544037710.000,Miguel,recording,knock_twice_right,8,0.606654,7.325643,6.342264,-0.022669,-0.011272,-0.059494
544037720.000,Miguel,recording,knock_twice_right,8,0.617196,7.327366,6.331500,-0.011393,0.003466,-0.061136
544037730.000,Miguel,recording,knock_twice_right,8,0.579286,7.322447,6.278661,-0.002127,0.012536,-0.060596
544037740.000,Miguel,recording,knock_twice_right,8,0.570350,7.304098,6.165663,-0.001894,0.014410,-0.056355
544037750.000,Miguel,recording,knock_twice_right,8,0.569889,7.312627,6.078857,-0.016687,0.012158,-0.049347
544037760.000,Miguel,recording,knock_twice_right,8,0.539805,7.330303,6.072274,-0.042560,0.007569,-0.040237
544037770.000,Miguel,recording,knock_twice_right,8,0.524121,7.284219,6.212972,-0.066298,0.002617,-0.030707
544037780.000,Miguel,recording,knock_twice_right,8,0.509766,7.230267,6.374212,-0.078828,-0.001536,-0.021309
544037790.000,Miguel,recording,knock_twice_right,8,0.480916,7.224057,6.367293,-0.086845,-0.001833,-0.009685
544037800.000,Miguel,recording,knock_twice_right,8,0.513698,7.292828,6.352466,-0.099877,0.000989,0.003590
544037810.000,Miguel,recording,knock_twice_right,8,0.538067,7.286795,6.389957,-0.119011,0.002946,0.015899
544037820.000,Miguel,recording,knock_twice_right,8,0.535011,7.278675,6.479975,-0.139849,0.005158,0.025989
544037830.000,Miguel,recording,knock_twice_right,8,0.563560,7.310319,6.592061,-0.158079,0.005171,0.033945
544037840.000,Miguel,recording,knock_twice_right,8,0.580183,7.349933,6.745634,-0.168766,-0.003597,0.041409
544037850.000,Miguel,recording,knock_twice_right,8,0.631151,7.336676,6.887703,-0.165731,-0.021313,0.048719
544037860.000,Miguel,recording,knock_twice_right,8,0.683535,7.261487,6.962326,-0.150643,-0.041375,0.052622
544037870.000,Miguel,recording,knock_twice_right,8,0.771164,7.225819,6.982567,-0.129106,-0.055720,0.048482
544037880.000,Miguel,recording,knock_twice_right,8,0.833501,7.219440,6.925128,-0.104626,-0.056683,0.036763
544037890.000,Miguel,recording,knock_twice_right,8,0.858696,7.210812,6.885738,-0.081984,-0.041792,0.022503
544037900.000,Miguel,recording,knock_twice_right,8,0.835293,7.177995,6.919113,-0.058607,-0.015436,0.009243
544037910.000,Miguel,recording,knock_twice_right,8,0.773891,7.158408,6.990094,-0.029174,0.008400,0.000606
544037920.000,Miguel,recording,knock_twice_right,8,0.694425,7.169276,7.014427,0.003980,0.020826,-0.001972
544037930.000,Miguel,recording,knock_twice_right,8,0.653848,7.173627,7.029439,0.036483,0.021136,-0.001040
544037940.000,Miguel,recording,knock_twice_right,8,0.677097,7.152094,6.944425,0.063532,0.011420,-0.000135
544037950.000,Miguel,recording,knock_twice_right,8,0.704239,7.196471,6.792791,0.080229,0.001200,-0.000903
544037960.000,Miguel,recording,knock_twice_right,8,0.717852,7.234465,6.625060,0.081301,-0.005249,-0.001671
544037970.000,Miguel,recording,knock_twice_right,8,0.696627,7.287404,6.503968,0.068902,-0.012744,-0.001789
544037980.000,Miguel,recording,knock_twice_right,8,0.685640,7.266669,6.451029,0.051844,-0.023771,-0.001854
544037990.000,Miguel,recording,knock_twice_right,8,0.672453,7.239487,6.413975,0.034280,-0.034389,-0.000571
544038000.000,Miguel,recording,knock_twice_right,8,0.687419,7.223977,6.387033,0.017784,-0.039839,0.000713
544038010.000,Miguel,recording,knock_twice_right,8,0.717257,7.198509,6.413683,0.006470,-0.036084,-0.001656
544038020.000,Miguel,recording,knock_twice_right,8,0.621458,7.182041,6.517154,0.005347,-0.024853,-0.004388
544038030.000,Miguel,recording,knock_twice_right,8,0.521062,7.174173,6.568207,0.017709,-0.013262,-0.000440
544038040.000,Miguel,recording,knock_twice_right,8,0.555879,7.176682,6.568087,0.038110,-0.005852,0.007877
544038050.000,Miguel,recording,knock_twice_right,8,0.644929,7.197367,6.469101,0.055403,-0.001977,0.011690
544038060.000,Miguel,recording,knock_twice_right,8,0.696575,7.197157,6.358357,0.062428,0.001947,0.008344
544038070.000,Miguel,recording,knock_twice_right,8,0.700577,7.222891,6.289095,0.059309,0.007444,0.001995
544038080.000,Miguel,recording,knock_twice_right,8,0.669801,7.228981,6.247857,0.050152,0.010151,-0.001604
544038090.000,Miguel,recording,knock_twice_right,8,0.665733,7.246692,6.216594,0.034472,0.006557,-0.000407
544038100.000,Miguel,recording,knock_twice_right,8,0.666203,7.231149,6.195210,0.010322,-0.000509,0.001543
544038110.000,Miguel,recording,knock_twice_right,8,0.674510,7.246301,6.220830,-0.018074,-0.006801,0.002090
544038120.000,Miguel,recording,knock_twice_right,8,0.648525,7.252424,6.303399,-0.042913,-0.011734,0.003019
544038130.000,Miguel,recording,knock_twice_right,8,0.626370,7.225882,6.403557,-0.061547,-0.018102,0.007007
544038140.000,Miguel,recording,knock_twice_right,8,0.676566,7.205058,6.428808,-0.074060,-0.023695,0.010131
544038150.000,Miguel,recording,knock_twice_right,8,0.751835,7.187412,6.487900,-0.080263,-0.023438,0.006637
544038160.000,Miguel,recording,knock_twice_right,8,0.748400,7.172089,6.515188,-0.081325,-0.017669,-0.000284
544038170.000,Miguel,recording,knock_twice_right,8,0.673535,7.184214,6.628540,-0.076808,-0.008271,-0.003871
544038180.000,Miguel,recording,knock_twice_right,8,0.580622,7.172261,6.745665,-0.064105,0.002542,-0.000659
544038190.000,Miguel,recording,knock_twice_right,8,0.592087,7.166546,6.776022,-0.045137,0.010840,0.007949
544038200.000,Miguel,recording,knock_twice_right,8,0.654680,7.188184,6.779458,-0.026642,0.014752,0.018047
544038210.000,Miguel,recording,knock_twice_right,8,0.702824,7.225073,6.744702,-0.014685,0.010680,0.023507
544038220.000,Miguel,recording,knock_twice_right,8,0.746926,7.219276,6.724892,-0.009669,-0.003295,0.023024
544038230.000,Miguel,recording,knock_twice_right,8,0.820044,7.200926,6.683989,-0.008260,-0.018357,0.018659
544038240.000,Miguel,recording,knock_twice_right,8,0.925238,7.183552,6.646184,-0.008081,-0.025055,0.008817
544038250.000,Miguel,recording,knock_twice_right,8,0.946674,7.206048,6.628378,-0.007145,-0.021258,-0.006223
544038260.000,Miguel,recording,knock_twice_right,8,0.855916,7.232471,6.669907,-0.004534,-0.007971,-0.018705
544038270.000,Miguel,recording,knock_twice_right,8,0.667026,7.237588,6.708391,0.001137,0.006979,-0.020785
544038280.000,Miguel,recording,knock_twice_right,8,0.598559,7.197352,6.763894,0.012040,0.010018,-0.014027
544038290.000,Miguel,recording,knock_twice_right,8,0.615164,7.153884,6.762985,0.026372,0.000956,-0.005837
544038300.000,Miguel,recording,knock_twice_right,8,0.666961,7.181293,6.705752,0.038860,-0.008843,-0.001391
544038310.000,Miguel,recording,knock_twice_right,8,0.645154,7.217499,6.619208,0.046129,-0.015428,-0.000295
544038320.000,Miguel,recording,knock_twice_right,8,0.640095,7.232520,6.551501,0.049655,-0.020479,0.000623
544038330.000,Miguel,recording,knock_twice_right,8,0.683776,7.229477,6.462945,0.050884,-0.022159,0.001981
544038340.000,Miguel,recording,knock_twice_right,8,0.725610,7.209373,6.409125,0.048272,-0.019318,0.001815
544038350.000,Miguel,recording,knock_twice_right,8,0.739042,7.209140,6.344004,0.041073,-0.014085,-0.000651
544038360.000,Miguel,recording,knock_twice_right,8,0.695471,7.207844,6.365921,0.030516,-0.007337,-0.002925
544038370.000,Miguel,recording,knock_twice_right,8,0.650306,7.170755,6.438635,0.022435,-0.004080,-0.001858
544038380.000,Miguel,recording,knock_twice_right,8,0.661211,7.140248,6.443719,0.021506,-0.003456,0.000848
544038390.000,Miguel,recording,knock_twice_right,8,0.676490,7.142431,6.375092,0.027987,0.023595,-0.002976
544038400.000,Miguel,recording,knock_twice_right,8,0.333765,7.257611,6.168838,0.046844,0.126120,-0.006301
544038410.000,Miguel,recording,knock_twice_right,8,-0.001713,7.545039,6.051869,0.057986,0.167251,0.014017
544038420.000,Miguel,recording,knock_twice_right,8,0.790103,7.210783,6.353560,0.035534,0.083019,0.033716
544038430.000,Miguel,recording,knock_twice_right,8,0.866917,7.190564,6.208240,-0.010470,-0.008580,0.029435
544038440.000,Miguel,recording,knock_twice_right,8,0.917244,7.187154,6.218441,-0.060768,-0.077407,0.021935
544038450.000,Miguel,recording,knock_twice_right,8,0.836861,7.322949,6.347484,-0.100286,-0.098812,0.017518
544038460.000,Miguel,recording,knock_twice_right,8,0.768046,7.263243,6.521789,-0.120597,-0.067360,0.018044
544038470.000,Miguel,recording,knock_twice_right,8,0.716443,7.241793,6.692540,-0.119007,-0.012593,0.026679
544038480.000,Miguel,recording,knock_twice_right,8,0.705743,7.210154,6.907074,-0.099492,0.027037,0.036573
544038490.000,Miguel,recording,knock_twice_right,8,0.750833,7.079315,6.978355,-0.072252,0.029653,0.038889
544038500.000,Miguel,recording,knock_twice_right,8,0.800529,6.997985,6.962376,-0.045131,0.005943,0.031310
544038510.000,Miguel,recording,knock_twice_right,8,0.885555,6.972652,6.901024,-0.021614,-0.021373,0.016336
544038520.000,Miguel,recording,knock_twice_right,8,0.945423,7.029064,6.810585,-0.001735,-0.037264,-0.003793
544038530.000,Miguel,recording,knock_twice_right,8,0.904501,7.083184,6.723629,0.015940,-0.033122,-0.023827
544038540.000,Miguel,recording,knock_twice_right,8,0.777509,7.129104,6.679458,0.031519,-0.014687,-0.035931
544038550.000,Miguel,recording,knock_twice_right,8,0.659543,7.182666,6.643919,0.043547,0.007105,-0.036028
544038560.000,Miguel,recording,knock_twice_right,8,0.615920,7.224245,6.623719,0.050807,0.022813,-0.026373
544038570.000,Miguel,recording,knock_twice_right,8,0.637135,7.236467,6.615550,0.053561,0.023767,-0.012523
544038580.000,Miguel,recording,knock_twice_right,8,0.686321,7.221507,6.585605,0.051108,0.009206,-0.001674
544038590.000,Miguel,recording,knock_twice_right,8,0.763553,7.196504,6.506018,0.041046,-0.014331,0.002354
544038600.000,Miguel,recording,knock_twice_right,8,0.838728,7.215205,6.434792,0.023827,-0.036401,-0.000116
544038610.000,Miguel,recording,knock_twice_right,8,0.867139,7.218574,6.362190,0.003682,-0.046770,-0.008105
544038620.000,Miguel,recording,knock_twice_right,8,0.865957,7.192932,6.431237,-0.012203,-0.043328,-0.018268
544038630.000,Miguel,recording,knock_twice_right,8,0.794459,7.128583,6.548360,-0.015527,-0.035880,-0.027951
544038640.000,Miguel,recording,knock_twice_right,8,0.631042,7.123701,6.568728,-0.003422,-0.010998,-0.038094
544038650.000,Miguel,recording,knock_twice_right,8,-0.000995,7.355942,6.360768,0.030018,0.093609,-0.040136
544038660.000,Miguel,recording,knock_twice_right,8,-0.526104,7.749317,6.155345,0.066878,0.169830,-0.004057
544038670.000,Miguel,recording,knock_twice_right,8,0.286288,7.363872,6.304550,0.074832,0.146205,0.040342
544038680.000,Miguel,recording,knock_twice_right,8,0.441278,7.386120,6.083649,0.048497,0.093429,0.049367
544038690.000,Miguel,recording,knock_twice_right,8,0.826217,7.176585,5.992141,-0.002812,0.014837,0.039479
544038700.000,Miguel,recording,knock_twice_right,8,1.042600,7.277618,6.043767,-0.062766,-0.057222,0.025883
544038710.000,Miguel,recording,knock_twice_right,8,1.132587,7.276530,6.281828,-0.112494,-0.096524,0.017897
544038720.000,Miguel,recording,knock_twice_right,8,0.925749,7.267736,6.595319,-0.137930,-0.097776,0.021883
544038730.000,Miguel,recording,knock_twice_right,8,0.716953,7.179828,6.835776,-0.136193,-0.069533,0.033829
544038740.000,Miguel,recording,knock_twice_right,8,0.733810,7.031140,6.893278,-0.119562,-0.029357,0.043390
544038750.000,Miguel,recording,knock_twice_right,8,0.795576,7.060461,6.943341,-0.100140,0.005083,0.046844
544038760.000,Miguel,recording,knock_twice_right,8,0.882883,7.032729,7.067893,-0.076927,0.019836,0.043528
544038770.000,Miguel,recording,knock_twice_right,8,0.934633,6.963839,7.160413,-0.046753,0.015101,0.032652
544038780.000,Miguel,recording,knock_twice_right,8,0.925110,6.915014,7.147135,-0.011493,-0.000289,0.015479
544038790.000,Miguel,recording,knock_twice_right,8,0.877143,6.957492,7.090994,0.024649,-0.017855,-0.004344
544038800.000,Miguel,recording,knock_twice_right,8,0.829689,7.076830,6.934616,0.055359,-0.026731,-0.022365
544038810.000,Miguel,recording,knock_twice_right,8,0.799169,7.192892,6.804734,0.075567,-0.021282,-0.033653
544038820.000,Miguel,recording,knock_twice_right,8,0.755952,7.265197,6.688607,0.087139,-0.010235,-0.036783
544038830.000,Miguel,recording,knock_twice_right,8,0.719523,7.313964,6.584172,0.090750,-0.003159,-0.034266
544038840.000,Miguel,recording,knock_twice_right,8,0.711750,7.341731,6.480549,0.085473,-0.000286,-0.029567
544038850.000,Miguel,recording,knock_twice_right,8,0.688023,7.357428,6.443129,0.073055,0.000463,-0.024102
544038860.000,Miguel,recording,knock_twice_right,8,0.627800,7.327314,6.424947,0.057471,-0.002173,-0.016331
544038870.000,Miguel,recording,knock_twice_right,8,0.578027,7.319170,6.437005,0.043613,-0.009962,-0.006913
544038880.000,Miguel,recording,knock_twice_right,8,0.584213,7.264486,6.454754,0.034199,-0.021492,0.002552
544038890.000,Miguel,recording,knock_twice_right,8,0.597412,7.187149,6.461991,0.029698,-0.032422,0.009827
544038900.000,Miguel,recording,knock_twice_right,8,0.646613,7.166231,6.432958,0.028738,-0.035973,0.012407
544038910.000,Miguel,recording,knock_twice_right,8,0.674858,7.159738,6.403451,0.030354,-0.031734,0.009691
544038920.000,Miguel,recording,knock_twice_right,8,0.717783,7.133202,6.390385,0.032959,-0.027113,0.003599
544038930.000,Miguel,recording,knock_twice_right,8,0.731726,7.148954,6.325352,0.032461,-0.021156,-0.003427
544038940.000,Miguel,recording,knock_twice_right,8,0.728366,7.210854,6.277356,0.026174,-0.010578,-0.009384
544038950.000,Miguel,recording,knock_twice_right,8,0.694207,7.233682,6.266608,0.016184,0.000921,-0.010943
544038960.000,Miguel,recording,knock_twice_right,8,0.659237,7.243769,6.338684,0.007216,0.009293,-0.006618
544038970.000,Miguel,recording,knock_twice_right,8,0.662677,7.244217,6.368034,0.000376,0.014936,0.000860
544038980.000,Miguel,recording,knock_twice_right,8,0.682446,7.236339,6.361049,-0.007423,0.020505,0.008010
544038990.000,Miguel,recording,knock_twice_right,8,0.715738,7.231679,6.364872,-0.017370,0.022494,0.013365
544039000.000,Miguel,recording,knock_twice_right,8,0.770794,7.217827,6.421325,-0.030324,0.017335,0.015708
544039010.000,Miguel,recording,knock_twice_right,8,0.734617,7.230430,6.495771,-0.043410,0.008268,0.015350
544039020.000,Miguel,recording,knock_twice_right,8,0.666194,7.189307,6.584755,-0.049531,-0.000630,0.017165
544039030.000,Miguel,recording,knock_twice_right,8,0.652695,7.174144,6.655775,-0.047400,-0.006705,0.022378
544039040.000,Miguel,recording,knock_twice_right,8,0.770116,7.180108,6.668356,-0.040054,-0.008202,0.025338
544039050.000,Miguel,recording,knock_twice_right,8,0.850469,7.186581,6.625754,-0.033621,-0.006697,0.022066
544039060.000,Miguel,recording,knock_twice_right,8,0.871055,7.228021,6.589944,-0.032074,-0.006233,0.013392
544039070.000,Miguel,recording,knock_twice_right,8,0.781896,7.207645,6.612529,-0.032612,-0.008487,0.004469
544039080.000,Miguel,recording,knock_twice_right,8,0.733598,7.190321,6.637915,-0.032027,-0.012988,0.000052
544039090.000,Miguel,recording,knock_twice_right,8,0.745992,7.201023,6.620252,-0.030445,-0.018457,-0.000768
544039100.000,Miguel,recording,knock_twice_right,8,0.768288,7.192707,6.581374,-0.029599,-0.020754,-0.001245
544039110.000,Miguel,recording,knock_twice_right,8,0.725060,7.219113,6.575840,-0.028523,-0.014188,-0.000008
544039120.000,Miguel,recording,knock_twice_right,8,0.628286,7.218624,6.718743,-0.020992,-0.001727,0.006410
544039130.000,Miguel,recording,knock_twice_right,8,0.582508,7.190543,6.834066,-0.002449,0.004372,0.018352
544039140.000,Miguel,recording,knock_twice_right,8,0.649877,7.163284,6.861004,0.022359,0.000158,0.028621
544039150.000,Miguel,recording,knock_twice_right,8,0.828958,7.162570,6.728637,0.043285,-0.006129,0.028559
544039160.000,Miguel,recording,knock_twice_right,8,0.947325,7.177307,6.576358,0.053311,-0.007619,0.017773
544039170.000,Miguel,recording,knock_twice_right,8,0.934238,7.218379,6.477954,0.052620,-0.003347,0.002056
544039180.000,Miguel,recording,knock_twice_right,8,0.837750,7.219683,6.432592,0.046205,0.004681,-0.009869
544039190.000,Miguel,recording,knock_twice_right,8,0.735582,7.211647,6.490814,0.038626,0.010155,-0.013585
544039200.000,Miguel,recording,knock_twice_right,8,0.699740,7.196439,6.496254,0.032328,0.008214,-0.011682
544039210.000,Miguel,recording,knock_twice_right,9,0.718725,7.195999,6.455946,0.025541,0.000280,-0.008034
544039220.000,Miguel,recording,knock_twice_right,9,0.728291,7.200048,6.413563,0.015265,-0.009163,-0.005152
544039230.000,Miguel,recording,knock_twice_right,9,0.708736,7.187897,6.419204,0.004924,-0.017597,-0.003353
544039240.000,Miguel,recording,knock_twice_right,9,0.672184,7.162923,6.470713,0.000436,-0.025813,-0.001805
544039250.000,Miguel,recording,knock_twice_right,9,0.675019,7.166306,6.483577,0.002538,-0.029293,0.000570
544039260.000,Miguel,recording,knock_twice_right,9,0.691534,7.184323,6.454631,0.006134,-0.021197,0.003821
544039270.000,Miguel,recording,knock_twice_right,9,0.727197,7.211051,6.406146,0.008548,-0.007086,0.006182
544039280.000,Miguel,recording,knock_twice_right,9,0.765541,7.212387,6.407120,0.010363,0.007965,0.007250
544039290.000,Miguel,recording,knock_twice_right,9,0.773684,7.210470,6.444194,0.011477,0.019148,0.008210
544039300.000,Miguel,recording,knock_twice_right,9,0.793700,7.187699,6.491859,0.012455,0.017745,0.008180
544039310.000,Miguel,recording,knock_twice_right,9,0.822963,7.169168,6.484824,0.011916,0.006511,0.005505
544039320.000,Miguel,recording,knock_twice_right,9,0.837642,7.204230,6.434350,0.006130,-0.003654,-0.000438
544039330.000,Miguel,recording,knock_twice_right,9,0.810700,7.219284,6.405793,-0.003180,-0.003476,-0.007509
544039340.000,Miguel,recording,knock_twice_right,9,0.782582,7.218580,6.475996,-0.009292,0.005232,-0.011100
544039350.000,Miguel,recording,knock_twice_right,9,0.725215,7.211223,6.483264,-0.012591,0.013261,-0.009354
544039360.000,Miguel,recording,knock_twice_right,9,0.698860,7.198001,6.500470,-0.018815,0.017720,-0.005331
544039370.000,Miguel,recording,knock_twice_right,9,0.690517,7.174356,6.504104,-0.027953,0.016665,-0.001009
544039380.000,Miguel,recording,knock_twice_right,9,0.711793,7.157443,6.520114,-0.035906,0.009377,0.003810
544039390.000,Miguel,recording,knock_twice_right,9,0.749305,7.148786,6.575243,-0.039074,0.001533,0.006218
544039400.000,Miguel,recording,knock_twice_right,9,0.790302,7.120242,6.610587,-0.037205,-0.005637,0.003764
544039410.000,Miguel,recording,knock_twice_right,9,0.815130,7.167836,6.615507,-0.033297,-0.011043,-0.002075
544039420.000,Miguel,recording,knock_twice_right,9,0.825661,7.189700,6.627245,-0.028084,-0.010712,-0.009536
544039430.000,Miguel,recording,knock_twice_right,9,0.767348,7.217021,6.675191,-0.020043,-0.004752,-0.015489
544039440.000,Miguel,recording,knock_twice_right,9,0.686627,7.241372,6.728149,-0.009882,0.004516,-0.015919
544039450.000,Miguel,recording,knock_twice_right,9,0.593351,7.248893,6.720907,0.000475,0.009043,-0.009002
544039460.000,Miguel,recording,knock_twice_right,9,0.591113,7.259218,6.674435,0.008223,0.005159,0.002655
544039470.000,Miguel,recording,knock_twice_right,9,0.650968,7.269616,6.600696,0.010075,-0.002240,0.014168
544039480.000,Miguel,recording,knock_twice_right,9,0.745934,7.276961,6.534583,0.005043,-0.009898,0.020912
544039490.000,Miguel,recording,knock_twice_right,9,0.801120,7.251758,6.537261,-0.002387,-0.015617,0.020419
544039500.000,Miguel,recording,knock_twice_right,9,0.834702,7.223703,6.578627,-0.005796,-0.018834,0.015282
544039510.000,Miguel,recording,knock_twice_right,9,0.837397,7.204564,6.596919,-0.002744,-0.017237,0.008530
544039520.000,Miguel,recording,knock_twice_right,9,0.795657,7.194082,6.670013,0.008198,-0.011120,0.000394
544039530.000,Miguel,recording,knock_twice_right,9,0.717043,7.154012,6.693503,0.026242,-0.005641,-0.005901
544039540.000,Miguel,recording,knock_twice_right,9,0.681458,7.169410,6.638928,0.045873,-0.000908,-0.006406
544039550.000,Miguel,recording,knock_twice_right,9,0.679767,7.197357,6.531459,0.058988,0.004550,-0.004000
544039560.000,Miguel,recording,knock_twice_right,9,0.704538,7.205901,6.445940,0.061814,0.009191,-0.001500
544039570.000,Miguel,recording,knock_twice_right,9,0.736822,7.215648,6.356649,0.055409,0.012221,0.000421
544039580.000,Miguel,recording,knock_twice_right,9,0.755231,7.211327,6.324137,0.040436,0.010604,0.000570
544039590.000,Miguel,recording,knock_twice_right,9,0.717873,7.215993,6.291872,0.018467,0.004448,0.000583
544039600.000,Miguel,recording,knock_twice_right,9,0.664869,7.243817,6.340421,-0.007443,-0.002899,0.003697
544039610.000,Miguel,recording,knock_twice_right,9,0.628482,7.253454,6.393366,-0.029848,-0.010966,0.010938
544039620.000,Miguel,recording,knock_twice_right,9,0.615604,7.246214,6.511379,-0.040482,-0.017635,0.020733
544039630.000,Miguel,recording,knock_twice_right,9,0.697637,7.216821,6.565269,-0.040272,-0.021067,0.028792
544039640.000,Miguel,recording,knock_twice_right,9,0.787148,7.218417,6.559434,-0.035200,-0.018028,0.031113
544039650.000,Miguel,recording,knock_twice_right,9,0.825161,7.203299,6.558347,-0.027696,-0.006689,0.028272
544039660.000,Miguel,recording,knock_twice_right,9,0.834338,7.175424,6.619403,-0.015954,0.007201,0.023385
544039670.000,Miguel,recording,knock_twice_right,9,0.840962,7.159272,6.643340,-0.001991,0.017614,0.017681
544039680.000,Miguel,recording,knock_twice_right,9,0.835570,7.176322,6.627746,0.010924,0.021445,0.010522
544039690.000,Miguel,recording,knock_twice_right,9,0.808033,7.167786,6.580033,0.019396,0.017834,0.002592
544039700.000,Miguel,recording,knock_twice_right,9,0.738508,7.208314,6.501730,0.019696,0.011549,-0.002994
544039710.000,Miguel,recording,knock_twice_right,9,0.663691,7.247039,6.445258,0.012272,0.007814,-0.001594
544039720.000,Miguel,recording,knock_twice_right,9,0.659880,7.277372,6.430685,0.001057,0.003098,0.007388
544039730.000,Miguel,recording,knock_twice_right,9,0.718295,7.261176,6.454013,-0.008974,-0.006497,0.016644
544039740.000,Miguel,recording,knock_twice_right,9,0.783832,7.199858,6.437046,-0.019412,-0.017743,0.020894
544039750.000,Miguel,recording,knock_twice_right,9,0.847204,7.180207,6.429321,-0.031024,-0.024927,0.020693
544039760.000,Miguel,recording,knock_twice_right,9,0.891730,7.184012,6.441677,-0.039816,-0.025362,0.016740
544039770.000,Miguel,recording,knock_twice_right,9,0.902736,7.164842,6.530078,-0.041983,-0.016964,0.009387
544039780.000,Miguel,recording,knock_twice_right,9,0.835709,7.141497,6.638174,-0.035853,-0.003201,0.001042
544039790.000,Miguel,recording,knock_twice_right,9,0.760082,7.158025,6.678735,-0.023612,0.005703,-0.004345
544039800.000,Miguel,recording,knock_twice_right,9,0.694763,7.159880,6.697528,-0.010932,0.007181,-0.005825
544039810.000,Miguel,recording,knock_twice_right,9,0.679853,7.170723,6.682562,-0.000824,0.002759,-0.003899
544039820.000,Miguel,recording,knock_twice_right,9,0.700613,7.174648,6.653092,0.006199,-0.004759,-0.001000
544039830.000,Miguel,recording,knock_twice_right,9,0.738431,7.191997,6.633436,0.011486,-0.009941,0.000707
544039840.000,Miguel,recording,knock_twice_right,9,0.776584,7.196135,6.600922,0.018433,-0.008537,0.002755
544039850.000,Miguel,recording,knock_twice_right,9,0.825708,7.211840,6.562966,0.025442,0.000155,0.003615
544039860.000,Miguel,recording,knock_twice_right,9,0.835329,7.248569,6.507427,0.027625,0.011962,0.002829
544039870.000,Miguel,recording,knock_twice_right,9,0.843474,7.249941,6.478663,0.023578,0.020029,0.001755
544039880.000,Miguel,recording,knock_twice_right,9,0.840330,7.213637,6.493154,0.017566,0.020265,0.000052
544039890.000,Miguel,recording,knock_twice_right,9,0.804667,7.191165,6.483032,0.010896,0.011814,-0.001414
544039900.000,Miguel,recording,knock_twice_right,9,0.780266,7.189379,6.471400,0.003626,-0.001616,-0.000360
544039910.000,Miguel,recording,knock_twice_right,9,0.776225,7.166552,6.510752,-0.002701,-0.016011,0.002891
544039920.000,Miguel,recording,knock_twice_right,9,0.822383,7.135083,6.530701,-0.006107,-0.026662,0.003691
544039930.000,Miguel,recording,knock_twice_right,9,0.814404,7.111733,6.523561,-0.004615,-0.026937,0.001066
544039940.000,Miguel,recording,knock_twice_right,9,0.801734,7.100389,6.547150,0.000454,-0.020533,-0.003111
544039950.000,Miguel,recording,knock_twice_right,9,0.802952,7.105536,6.497412,0.006844,-0.011528,-0.006562
544039960.000,Miguel,recording,knock_twice_right,9,0.831825,7.142234,6.452184,0.010871,0.000117,-0.010726
544039970.000,Miguel,recording,knock_twice_right,9,0.817158,7.184215,6.404032,0.008456,0.011552,-0.015749
544039980.000,Miguel,recording,knock_twice_right,9,0.808135,7.207299,6.385569,0.001373,0.020793,-0.018769
544039990.000,Miguel,recording,knock_twice_right,9,0.752698,7.229335,6.467107,-0.004934,0.022264,-0.018575
544040000.000,Miguel,recording,knock_twice_right,9,0.701465,7.223735,6.504036,-0.009636,0.011533,-0.012246
544040010.000,Miguel,recording,knock_twice_right,9,0.684509,7.224713,6.536105,-0.014535,-0.004294,-0.004649
544040020.000,Miguel,recording,knock_twice_right,9,0.729564,7.212309,6.539814,-0.017925,-0.015663,-0.001158
544040030.000,Miguel,recording,knock_twice_right,9,0.781040,7.225988,6.562127,-0.017214,-0.017403,-0.000838
544040040.000,Miguel,recording,knock_twice_right,9,0.813807,7.240174,6.547533,-0.015456,-0.007384,-0.003929
544040050.000,Miguel,recording,knock_twice_right,9,0.774298,7.250909,6.575182,-0.013281,0.009215,-0.007832
544040060.000,Miguel,recording,knock_twice_right,9,0.712044,7.243187,6.612073,-0.009009,0.021955,-0.008077
544040070.000,Miguel,recording,knock_twice_right,9,0.683946,7.236741,6.635290,-0.005862,0.023398,-0.005139
544040080.000,Miguel,recording,knock_twice_right,9,0.687045,7.252536,6.591024,-0.004073,0.015583,-0.001413
544040090.000,Miguel,recording,knock_twice_right,9,0.700454,7.248143,6.560490,-0.003746,0.008462,0.002555
544040100.000,Miguel,recording,knock_twice_right,9,0.727127,7.222559,6.558092,-0.005585,0.006273,0.006036
544040110.000,Miguel,recording,knock_twice_right,9,0.721843,7.215465,6.561442,-0.007052,0.004834,0.007831
544040120.000,Miguel,recording,knock_twice_right,9,0.719835,7.232034,6.611239,-0.006987,0.002332,0.009308
544040130.000,Miguel,recording,knock_twice_right,9,0.720621,7.232347,6.655162,-0.004806,-0.002379,0.011172
544040140.000,Miguel,recording,knock_twice_right,9,0.709069,7.243817,6.636100,-0.002147,-0.008225,0.013135
544040150.000,Miguel,recording,knock_twice_right,9,0.690738,7.261346,6.627666,0.000720,-0.009883,0.015109
544040160.000,Miguel,recording,knock_twice_right,9,0.668940,7.265966,6.642405,0.006330,-0.004329,0.018405
544040170.000,Miguel,recording,knock_twice_right,9,0.693717,7.244938,6.594186,0.014081,0.008257,0.023317
544040180.000,Miguel,recording,knock_twice_right,9,0.669562,7.228354,6.521816,0.018950,0.023704,0.028013
544040190.000,Miguel,recording,knock_twice_right,9,0.666915,7.222698,6.427437,0.014805,0.033826,0.033394
544040200.000,Miguel,recording,knock_twice_right,9,0.681151,7.204639,6.404804,0.000400,0.031958,0.038823
544040210.000,Miguel,recording,knock_twice_right,9,0.720291,7.161227,6.453306,-0.019096,0.017147,0.042778
544040220.000,Miguel,recording,knock_twice_right,9,0.752551,7.129912,6.579526,-0.035022,-0.007274,0.043434
544040230.000,Miguel,recording,knock_twice_right,9,0.806727,7.110334,6.688411,-0.039998,-0.031121,0.039792
544040240.000,Miguel,recording,knock_twice_right,9,0.861238,7.116528,6.772787,-0.032420,-0.042373,0.034011
544040250.000,Miguel,recording,knock_twice_right,9,0.884161,7.131395,6.807185,-0.012929,-0.035546,0.027932
544040260.000,Miguel,recording,knock_twice_right,9,0.921144,7.182645,6.756696,0.013380,-0.013744,0.021928
544040270.000,Miguel,recording,knock_twice_right,9,0.972018,7.209475,6.687019,0.037222,0.014728,0.015451
544040280.000,Miguel,recording,knock_twice_right,9,1.013222,7.209269,6.621527,0.052429,0.037745,0.007716
544040290.000,Miguel,recording,knock_twice_right,9,1.007138,7.223766,6.509644,0.055985,0.044315,-0.000735
544040300.000,Miguel,recording,knock_twice_right,9,0.981340,7.219508,6.427651,0.045767,0.036578,-0.008571
544040310.000,Miguel,recording,knock_twice_right,9,0.957144,7.240203,6.382957,0.023040,0.026494,-0.012717
544040320.000,Miguel,recording,knock_twice_right,9,0.878453,7.245902,6.463468,-0.002834,0.017769,-0.012159
544040330.000,Miguel,recording,knock_twice_right,9,0.814641,7.200739,6.619350,-0.019656,0.006809,-0.008020
544040340.000,Miguel,recording,knock_twice_right,9,0.757679,7.147469,6.779940,-0.017482,-0.007863,-0.001926
544040350.000,Miguel,recording,knock_twice_right,9,0.723289,7.091185,6.846065,0.005015,-0.026141,0.004897
544040360.000,Miguel,recording,knock_twice_right,9,0.763971,7.089861,6.731652,0.037085,-0.036959,0.010806
544040370.000,Miguel,recording,knock_twice_right,9,0.842224,7.099648,6.616313,0.069065,-0.028991,0.010957
544040380.000,Miguel,recording,knock_twice_right,9,0.892424,7.104535,6.504440,0.097442,-0.007958,0.003873
544040390.000,Miguel,recording,knock_twice_right,9,0.960143,7.135789,6.398620,0.120227,0.016224,-0.008984
544040400.000,Miguel,recording,knock_twice_right,9,0.994555,7.177517,6.315314,0.136865,0.042260,-0.026719
544040410.000,Miguel,recording,knock_twice_right,9,0.962956,7.194792,6.272143,0.147477,0.066565,-0.045791
544040420.000,Miguel,recording,knock_twice_right,9,0.844708,7.237783,6.167595,0.147434,0.081800,-0.057272
544040430.000,Miguel,recording,knock_twice_right,9,0.646112,7.277282,6.049085,0.128531,0.082291,-0.056020
544040440.000,Miguel,recording,knock_twice_right,9,0.522477,7.287129,5.939721,0.092095,0.064865,-0.045208
544040450.000,Miguel,recording,knock_twice_right,9,0.506403,7.268260,5.923736,0.047078,0.039259,-0.028581
544040460.000,Miguel,recording,knock_twice_right,9,0.616245,7.274873,5.973392,0.000183,0.018831,-0.012847
544040470.000,Miguel,recording,knock_twice_right,9,0.695759,7.271352,6.078998,-0.040246,0.004680,-0.004792
544040480.000,Miguel,recording,knock_twice_right,9,0.723235,7.195960,6.217699,-0.066071,-0.008252,-0.004532
544040490.000,Miguel,recording,knock_twice_right,9,0.725772,7.150158,6.337410,-0.077440,-0.015420,-0.011400
544040500.000,Miguel,recording,knock_twice_right,9,0.742635,7.126778,6.431395,-0.076996,-0.009645,-0.022138
544040510.000,Miguel,recording,knock_twice_right,9,0.717626,7.142513,6.498434,-0.065805,0.005070,-0.031185
544040520.000,Miguel,recording,knock_twice_right,9,0.664291,7.154410,6.505250,-0.050027,0.023512,-0.035523
544040530.000,Miguel,recording,knock_twice_right,9,0.615166,7.187891,6.498168,-0.039036,0.041761,-0.033059
544040540.000,Miguel,recording,knock_twice_right,9,0.588038,7.214143,6.440845,-0.039286,0.053969,-0.024190
544040550.000,Miguel,recording,knock_twice_right,9,0.619755,7.227304,6.433280,-0.052233,0.052913,-0.012291
544040560.000,Miguel,recording,knock_twice_right,9,0.696451,7.215920,6.460956,-0.076301,0.033744,-0.004135
544040570.000,Miguel,recording,knock_twice_right,9,0.754171,7.208111,6.503382,-0.107752,0.001810,-0.002445
544040580.000,Miguel,recording,knock_twice_right,9,0.779652,7.228100,6.566238,-0.137296,-0.030188,-0.003418
544040590.000,Miguel,recording,knock_twice_right,9,0.792373,7.234999,6.691075,-0.157834,-0.054774,-0.004105
544040600.000,Miguel,recording,knock_twice_right,9,0.786911,7.240283,6.767168,-0.167532,-0.071653,-0.002892
544040610.000,Miguel,recording,knock_twice_right,9,0.761105,7.206051,6.843877,-0.164661,-0.078607,0.000132
544040620.000,Miguel,recording,knock_twice_right,9,0.744837,7.184239,6.931311,-0.148899,-0.077705,0.003692
544040630.000,Miguel,recording,knock_twice_right,9,0.776809,7.118128,7.003489,-0.121380,-0.072817,0.006152
544040640.000,Miguel,recording,knock_twice_right,9,0.861220,7.101676,7.020098,-0.086111,-0.060682,0.004587
544040650.000,Miguel,recording,knock_twice_right,9,0.906994,7.103412,7.030547,-0.045286,-0.040942,-0.003382
544040660.000,Miguel,recording,knock_twice_right,9,0.936258,7.116803,7.014785,-0.000559,-0.017271,-0.015386
544040670.000,Miguel,recording,knock_twice_right,9,0.925085,7.164569,6.936964,0.039295,0.004299,-0.026918
544040680.000,Miguel,recording,knock_twice_right,9,0.902869,7.182039,6.771080,0.064698,0.015668,-0.036870
544040690.000,Miguel,recording,knock_twice_right,9,0.863467,7.189103,6.627281,0.072771,0.011789,-0.045481
544040700.000,Miguel,recording,knock_twice_right,9,0.812671,7.206858,6.539464,0.066063,-0.004773,-0.052539
544040710.000,Miguel,recording,knock_twice_right,9,0.758655,7.243916,6.509148,0.052135,-0.023070,-0.057295
544040720.000,Miguel,recording,knock_twice_right,9,0.697005,7.314017,6.492175,0.040905,-0.034091,-0.057302
544040730.000,Miguel,recording,knock_twice_right,9,0.636342,7.373647,6.474450,0.034297,-0.032472,-0.050763
544040740.000,Miguel,recording,knock_twice_right,9,0.598048,7.385263,6.461575,0.030754,-0.017901,-0.040755
544040750.000,Miguel,recording,knock_twice_right,9,0.548826,7.367722,6.470876,0.030607,0.001938,-0.030139
544040760.000,Miguel,recording,knock_twice_right,9,0.495974,7.323276,6.488109,0.032977,0.014440,-0.018408
544040770.000,Miguel,recording,knock_twice_right,9,0.464906,7.294464,6.463275,0.033702,0.012564,-0.007296
544040780.000,Miguel,recording,knock_twice_right,9,0.475499,7.238611,6.418521,0.029842,0.004273,0.001973
544040790.000,Miguel,recording,knock_twice_right,9,0.518859,7.216642,6.380052,0.024312,-0.001439,0.008756
544040800.000,Miguel,recording,knock_twice_right,9,0.607858,7.208216,6.365283,0.020735,-0.001933,0.011997
544040810.000,Miguel,recording,knock_twice_right,9,0.671410,7.217539,6.397459,0.021072,0.002806,0.011564
544040820.000,Miguel,recording,knock_twice_right,9,0.710686,7.237972,6.370376,0.024454,0.011876,0.009268
544040830.000,Miguel,recording,knock_twice_right,9,0.704975,7.257724,6.334968,0.023628,0.021208,0.008086
544040840.000,Miguel,recording,knock_twice_right,9,0.690004,7.261878,6.301406,0.013446,0.025405,0.007834
544040850.000,Miguel,recording,knock_twice_right,9,0.668838,7.254841,6.293519,-0.003515,0.022765,0.009508
544040860.000,Miguel,recording,knock_twice_right,9,0.645012,7.233678,6.354748,-0.022394,0.013668,0.014360
544040870.000,Miguel,recording,knock_twice_right,9,0.631516,7.192015,6.416490,-0.040135,0.003683,0.020509
544040880.000,Miguel,recording,knock_twice_right,9,0.672583,7.158237,6.466286,-0.055305,-0.001729,0.025594
544040890.000,Miguel,recording,knock_twice_right,9,0.761858,7.147890,6.532524,-0.066037,-0.003000,0.027085
544040900.000,Miguel,recording,knock_twice_right,9,0.791882,7.135832,6.613330,-0.070360,-0.002161,0.024254
544040910.000,Miguel,recording,knock_twice_right,9,0.773721,7.134208,6.712985,-0.066377,0.001374,0.018768
544040920.000,Miguel,recording,knock_twice_right,9,0.711012,7.101440,6.837835,-0.052543,0.006011,0.014880
544040930.000,Miguel,recording,knock_twice_right,9,0.690961,7.138961,6.824375,-0.033324,0.009723,0.015503
544040940.000,Miguel,recording,knock_twice_right,9,0.739148,7.152247,6.798514,-0.016960,0.012290,0.017499
544040950.000,Miguel,recording,knock_twice_right,9,0.793226,7.147368,6.750246,-0.006288,0.012016,0.017768
544040960.000,Miguel,recording,knock_twice_right,9,0.796433,7.140017,6.786336,0.000560,0.008877,0.016528
544040970.000,Miguel,recording,knock_twice_right,9,0.827619,7.126426,6.816947,0.007164,-0.002386,0.016000
544040980.000,Miguel,recording,knock_twice_right,9,0.848945,7.139931,6.784019,0.013969,-0.017063,0.016415
544040990.000,Miguel,recording,knock_twice_right,9,0.900305,7.135520,6.728307,0.020676,-0.022546,0.013841
544041000.000,Miguel,recording,knock_twice_right,9,0.929840,7.143720,6.647545,0.025861,-0.020324,0.007517
544041010.000,Miguel,recording,knock_twice_right,9,0.924209,7.164222,6.600299,0.027103,-0.013711,-0.001427
544041020.000,Miguel,recording,knock_twice_right,9,0.858584,7.156568,6.602330,0.026134,-0.008111,-0.010987
544041030.000,Miguel,recording,knock_twice_right,9,0.791777,7.132181,6.592607,0.026400,-0.009802,-0.017439
544041040.000,Miguel,recording,knock_twice_right,9,0.768539,7.126621,6.544138,0.028370,-0.014751,-0.021441
544041050.000,Miguel,recording,knock_twice_right,9,0.791806,7.127040,6.487901,0.029252,-0.018692,-0.025136
544041060.000,Miguel,recording,knock_twice_right,9,0.765661,7.135994,6.451791,0.029009,-0.019995,-0.028961
544041070.000,Miguel,recording,knock_twice_right,9,0.669626,7.166173,6.469858,0.030501,-0.015641,-0.029415
544041080.000,Miguel,recording,knock_twice_right,9,0.621418,7.172946,6.481563,0.035458,-0.007337,-0.023485
544041090.000,Miguel,recording,knock_twice_right,9,0.639355,7.204833,6.418661,0.040374,0.000197,-0.015196
544041100.000,Miguel,recording,knock_twice_right,9,0.702506,7.234315,6.330410,0.037993,0.004248,-0.009986
544041110.000,Miguel,recording,knock_twice_right,9,0.741517,7.242945,6.250869,0.023700,0.003808,-0.009421
544041120.000,Miguel,recording,knock_twice_right,9,0.714128,7.239801,6.293940,0.002626,-0.002070,-0.011518
544041130.000,Miguel,recording,knock_twice_right,9,0.691753,7.232905,6.358748,-0.014882,-0.015518,-0.011954
544041140.000,Miguel,recording,knock_twice_right,9,0.708746,7.215580,6.378884,-0.025333,-0.028638,-0.010395
544041150.000,Miguel,recording,knock_twice_right,9,0.758013,7.243941,6.374735,-0.031084,-0.030809,-0.010367
544041160.000,Miguel,recording,knock_twice_right,9,0.781046,7.248982,6.377884,-0.036007,-0.022391,-0.012241
544041170.000,Miguel,recording,knock_twice_right,9,0.748119,7.256342,6.438472,-0.040157,-0.008007,-0.014499
544041180.000,Miguel,recording,knock_twice_right,9,0.689932,7.253201,6.493076,-0.040783,0.006119,-0.014459
544041190.000,Miguel,recording,knock_twice_right,9,0.646412,7.216182,6.516030,-0.039973,0.015074,-0.010838
544041200.000,Miguel,recording,knock_twice_right,9,0.671452,7.215005,6.534351,-0.041428,0.015694,-0.006915
544041210.000,Miguel,recording,knock_twice_right,9,0.683948,7.221404,6.500853,-0.046422,0.009850,-0.004700
544041220.000,Miguel,recording,knock_twice_right,9,0.612328,7.229349,6.539197,-0.053788,0.004315,-0.002358
544041230.000,Miguel,recording,knock_twice_right,9,0.571864,7.204050,6.554990,-0.060218,0.002087,0.004451
544041240.000,Miguel,recording,knock_twice_right,9,0.636086,7.189848,6.574744,-0.064501,0.002998,0.015821
544041250.000,Miguel,recording,knock_twice_right,9,0.741061,7.168574,6.619149,-0.066237,0.005341,0.023630
544041260.000,Miguel,recording,knock_twice_right,9,0.824453,7.123999,6.717204,-0.062951,0.002956,0.022547
544041270.000,Miguel,recording,knock_twice_right,9,0.850592,7.067902,6.783585,-0.051930,-0.007031,0.015790
544041280.000,Miguel,recording,knock_twice_right,9,0.857911,7.057739,6.794761,-0.035568,-0.014757,0.006734
544041290.000,Miguel,recording,knock_twice_right,9,0.881389,7.057051,6.783292,-0.017785,-0.011380,-0.002957
544041300.000,Miguel,recording,knock_twice_right,9,0.887924,7.093247,6.744035,-0.001370,0.001792,-0.011300
544041310.000,Miguel,recording,knock_twice_right,9,0.834164,7.136738,6.717814,0.009598,0.017120,-0.016951
544041320.000,Miguel,recording,knock_twice_right,9,0.759508,7.139377,6.701334,0.014142,0.020337,-0.018598
544041330.000,Miguel,recording,knock_twice_right,9,0.737546,7.112298,6.680055,0.011274,0.006079,-0.017228
544041340.000,Miguel,recording,knock_twice_right,9,0.789985,7.124886,6.626023,0.001155,-0.016253,-0.016151
544041350.000,Miguel,recording,knock_twice_right,9,0.814889,7.124369,6.599732,-0.011723,-0.036143,-0.018454
544041360.000,Miguel,recording,knock_twice_right,9,0.796354,7.125323,6.578621,-0.021250,-0.042893,-0.021016
544041370.000,Miguel,recording,knock_twice_right,9,0.796278,7.109327,6.644729,-0.022134,-0.032056,-0.021396
544041380.000,Miguel,recording,knock_twice_right,9,0.818383,7.121116,6.721816,-0.013851,-0.012973,-0.022355
544041390.000,Miguel,recording,knock_twice_right,9,0.661355,7.124946,6.741348,-0.002259,0.006143,-0.010470
544041400.000,Miguel,recording,knock_twice_right,9,-0.522102,7.221058,6.444424,-0.004789,0.036493,0.067985
544041410.000,Miguel,recording,knock_twice_right,9,-1.438251,7.706717,6.077162,-0.004382,0.024585,0.154313
544041420.000,Miguel,recording,knock_twice_right,9,1.914837,7.529666,6.897216,0.004179,-0.033586,0.163229
544041430.000,Miguel,recording,knock_twice_right,9,0.249075,7.052533,6.046818,-0.012650,-0.044352,0.139656
544041440.000,Miguel,recording,knock_twice_right,9,1.811449,7.225106,6.514813,-0.036390,-0.026549,0.086219
544041450.000,Miguel,recording,knock_twice_right,9,1.688593,7.276970,6.535305,-0.045011,-0.013838,-0.006220
544041460.000,Miguel,recording,knock_twice_right,9,1.746395,7.027486,6.739468,-0.043760,0.013940,-0.095870
544041470.000,Miguel,recording,knock_twice_right,9,1.065748,6.962478,6.901147,-0.027743,0.043112,-0.143934
544041480.000,Miguel,recording,knock_twice_right,9,0.457901,7.130719,7.049609,0.003937,0.051605,-0.135624
544041490.000,Miguel,recording,knock_twice_right,9,0.194417,7.155946,6.994024,0.037520,0.041254,-0.087389
544041500.000,Miguel,recording,knock_twice_right,9,0.194428,7.061405,6.781171,0.057304,0.025344,-0.027329
544041510.000,Miguel,recording,knock_twice_right,9,0.513821,7.048432,6.646785,0.057734,0.007818,0.019840
544041520.000,Miguel,recording,knock_twice_right,9,0.830246,7.060961,6.532550,0.042486,-0.013252,0.042090
544041530.000,Miguel,recording,knock_twice_right,9,1.056921,7.040588,6.492850,0.019280,-0.035164,0.039246
544041540.000,Miguel,recording,knock_twice_right,9,1.110814,7.022586,6.506966,-0.000990,-0.051878,0.018499
544041550.000,Miguel,recording,knock_twice_right,9,1.043750,7.031721,6.580359,-0.010391,-0.056734,-0.007137
544041560.000,Miguel,recording,knock_twice_right,9,0.942743,7.077124,6.639953,-0.006522,-0.045723,-0.028780
544041570.000,Miguel,recording,knock_twice_right,9,0.836428,7.098277,6.656606,0.008809,-0.024409,-0.042805
544041580.000,Miguel,recording,knock_twice_right,9,0.764707,7.128668,6.633644,0.027104,-0.002258,-0.048718
544041590.000,Miguel,recording,knock_twice_right,9,0.723868,7.144510,6.563124,0.040252,0.014310,-0.050518
544041600.000,Miguel,recording,knock_twice_right,9,0.689226,7.189184,6.532787,0.046937,0.021439,-0.049129
544041610.000,Miguel,recording,knock_twice_right,9,0.680914,7.182496,6.518548,0.049403,0.017504,-0.045347
544041620.000,Miguel,recording,knock_twice_right,9,0.674748,7.189340,6.451759,0.046529,0.007454,-0.040326
544041630.000,Miguel,recording,knock_twice_right,9,0.711062,7.200152,6.398030,0.036365,-0.001124,-0.035110
544041640.000,Miguel,recording,knock_twice_right,9,0.489770,7.210727,6.333027,0.018515,-0.000850,-0.016191
544041650.000,Miguel,recording,knock_twice_right,9,-0.836477,7.386925,6.151721,-0.010879,0.013330,0.074114
544041660.000,Miguel,recording,knock_twice_right,9,-1.227489,7.856695,6.106727,-0.027532,-0.013469,0.174688
544041670.000,Miguel,recording,knock_twice_right,9,1.208360,7.462581,6.596610,-0.034636,-0.068329,0.201103
544041680.000,Miguel,recording,knock_twice_right,9,0.485978,7.110217,6.026672,-0.062214,-0.074966,0.180887
544041690.000,Miguel,recording,knock_twice_right,9,1.730084,7.209748,6.447522,-0.090049,-0.052256,0.121714
544041700.000,Miguel,recording,knock_twice_right,9,1.709946,7.332546,6.538150,-0.096841,-0.019081,0.035294
544041710.000,Miguel,recording,knock_twice_right,9,1.819275,7.199371,6.809609,-0.083496,0.033901,-0.049081
544041720.000,Miguel,recording,knock_twice_right,9,1.318221,7.095305,6.926036,-0.056407,0.091988,-0.102884
544041730.000,Miguel,recording,knock_twice_right,9,0.759322,7.088261,6.956563,-0.025332,0.125842,-0.113951
544041740.000,Miguel,recording,knock_twice_right,9,0.343653,7.033162,7.019050,0.000846,0.117901,-0.085432
544041750.000,Miguel,recording,knock_twice_right,9,0.198623,7.038108,6.987177,0.016169,0.072890,-0.032798
544041760.000,Miguel,recording,knock_twice_right,9,0.391447,7.016387,6.907455,0.019658,0.012046,0.020772
544041770.000,Miguel,recording,knock_twice_right,9,0.672544,6.966850,6.810593,0.017877,-0.039188,0.056519
544041780.000,Miguel,recording,knock_twice_right,9,1.028349,6.928746,6.731545,0.016924,-0.062440,0.063307
544041790.000,Miguel,recording,knock_twice_right,9,1.270989,6.970568,6.678446,0.018462,-0.054038,0.041146
544041800.000,Miguel,recording,knock_twice_right,9,1.284234,7.027068,6.643187,0.023016,-0.027351,0.004369
544041810.000,Miguel,recording,knock_twice_right,9,1.140079,7.075604,6.652136,0.031216,0.000448,-0.031052
544041820.000,Miguel,recording,knock_twice_right,9,0.945718,7.102332,6.683127,0.041986,0.018949,-0.056471
544041830.000,Miguel,recording,knock_twice_right,9,0.752498,7.126312,6.646558,0.050813,0.021855,-0.066213
544041840.000,Miguel,recording,knock_twice_right,9,0.590561,7.173596,6.577164,0.053668,0.009887,-0.061899
544041850.000,Miguel,recording,knock_twice_right,9,0.518989,7.178425,6.522944,0.049174,-0.009332,-0.048308
544041860.000,Miguel,recording,knock_twice_right,9,0.524627,7.205156,6.491725,0.041156,-0.025061,-0.029478
544041870.000,Miguel,recording,knock_twice_right,9,0.609004,7.194664,6.458123,0.034935,-0.031316,-0.012590
544041880.000,Miguel,recording,knock_twice_right,9,0.726473,7.221707,6.409110,0.028237,-0.027932,-0.004693
544041890.000,Miguel,recording,knock_twice_right,9,0.782312,7.208130,6.384989,0.018431,-0.016833,-0.007164
544041900.000,Miguel,recording,knock_twice_right,9,0.738356,7.223261,6.392832,0.008937,-0.003841,-0.012681
544041910.000,Miguel,recording,knock_twice_right,9,0.672892,7.224387,6.454437,0.003816,0.004330,-0.013841
544041920.000,Miguel,recording,knock_twice_right,9,0.666705,7.250360,6.491702,0.003253,0.004674,-0.011496
544041930.000,Miguel,recording,knock_twice_right,9,0.656380,7.210848,6.505027,0.004104,0.000336,-0.009347
544041940.000,Miguel,recording,knock_twice_right,9,0.658396,7.217561,6.465311,0.004480,-0.002141,-0.007291
544041950.000,Miguel,recording,knock_twice_right,9,0.623530,7.239428,6.487748,0.003609,0.001704,-0.003722
544041960.000,Miguel,recording,knock_twice_right,9,0.561179,7.255282,6.531188,0.003656,0.009821,0.003354
544041970.000,Miguel,recording,knock_twice_right,9,0.536096,7.222358,6.530898,0.005243,0.017453,0.014323
544041980.000,Miguel,recording,knock_twice_right,9,0.614496,7.207455,6.488223,0.003351,0.022154,0.025427
544041990.000,Miguel,recording,knock_twice_right,9,0.738025,7.196998,6.439467,-0.006650,0.020622,0.031382
544042000.000,Miguel,recording,knock_twice_right,9,0.822679,7.205652,6.426357,-0.024848,0.012358,0.029804
544042010.000,Miguel,recording,knock_twice_right,9,0.843187,7.185844,6.451658,-0.046427,0.001505,0.022625
544042020.000,Miguel,recording,knock_twice_right,9,0.819479,7.134865,6.554001,-0.063250,-0.008055,0.012818
544042030.000,Miguel,recording,knock_twice_right,9,0.802088,7.108104,6.643322,-0.068966,-0.013811,0.005739
544042040.000,Miguel,recording,knock_twice_right,9,0.831135,7.128822,6.693070,-0.062614,-0.012698,0.002272
544042050.000,Miguel,recording,knock_twice_right,9,0.814627,7.135479,6.758992,-0.045987,-0.004438,-0.001695
544042060.000,Miguel,recording,knock_twice_right,9,0.681111,7.176022,6.839931,-0.022605,0.006820,-0.001403
544042070.000,Miguel,recording,knock_twice_right,9,0.543939,7.150281,6.889612,0.005722,0.013399,0.009691
544042080.000,Miguel,recording,knock_twice_right,9,0.613385,7.147994,6.811514,0.033656,0.009903,0.026219
544042090.000,Miguel,recording,knock_twice_right,9,0.848114,7.151621,6.713752,0.050709,0.002882,0.035451
544042100.000,Miguel,recording,knock_twice_right,9,1.011414,7.162003,6.561653,0.052446,0.000736,0.029445
544042110.000,Miguel,recording,knock_twice_right,9,1.020206,7.123586,6.521634,0.043455,0.002047,0.013627
544042120.000,Miguel,recording,knock_twice_right,9,0.974143,7.106919,6.533395,0.033013,0.003204,-0.003369
544042130.000,Miguel,recording,knock_twice_right,9,0.912673,7.105130,6.548499,0.027211,0.004477,-0.018243
544042140.000,Miguel,recording,knock_twice_right,9,0.821112,7.106889,6.567218,0.024731,0.005829,-0.028621
544042150.000,Miguel,recording,knock_twice_right,9,0.717782,7.119157,6.551542,0.023091,0.004016,-0.031600
544042160.000,Miguel,recording,knock_twice_right,9,0.673825,7.120089,6.537177,0.022140,0.002924,-0.027093
544042170.000,Miguel,recording,knock_twice_right,9,0.666725,7.152191,6.530283,0.023013,0.007131,-0.018464
544042180.000,Miguel,recording,knock_twice_right,9,0.683075,7.161044,6.484623,0.023250,0.010869,-0.010743
544042190.000,Miguel,recording,knock_twice_right,9,0.710260,7.186856,6.442161,0.015861,0.010233,-0.005815
544042200.000,Miguel,recording,knock_twice_right,9,0.713989,7.187878,6.450885,0.000581,0.004781,-0.002492
544042210.000,Miguel,recording,knock_twice_right,9,0.714683,7.191181,6.491149,-0.015135,-0.004690,0.000610
544042220.000,Miguel,recording,knock_twice_right,9,0.722451,7.197504,6.562020,-0.024770,-0.014429,0.004143
544042230.000,Miguel,recording,knock_twice_right,9,0.763864,7.200123,6.585755,-0.027772,-0.016275,0.006166
544042240.000,Miguel,recording,knock_twice_right,10,0.788348,7.190611,6.588536,-0.026558,-0.006926,0.003997
544042250.000,Miguel,recording,knock_twice_right,10,0.791967,7.182819,6.637711,-0.022474,0.005576,-0.001923
544042260.000,Miguel,recording,knock_twice_right,10,0.797449,7.167912,6.668727,-0.016468,0.011745,-0.009500
544042270.000,Miguel,recording,knock_twice_right,10,0.751666,7.175389,6.744423,-0.007861,0.008718,-0.017459
544042280.000,Miguel,recording,knock_twice_right,10,0.668538,7.195255,6.783355,0.005824,0.002676,-0.020853
544042290.000,Miguel,recording,knock_twice_right,10,0.586282,7.202236,6.748465,0.022303,0.003396,-0.016814
544042300.000,Miguel,recording,knock_twice_right,10,0.543787,7.261314,6.675194,0.033776,0.011705,-0.006361
544042310.000,Miguel,recording,knock_twice_right,10,0.565188,7.269083,6.613242,0.037014,0.017892,0.007230
544042320.000,Miguel,recording,knock_twice_right,10,0.639947,7.253974,6.588492,0.032925,0.014888,0.017723
544042330.000,Miguel,recording,knock_twice_right,10,0.699137,7.232135,6.576903,0.024673,0.003013,0.021843
544042340.000,Miguel,recording,knock_twice_right,10,0.745278,7.215648,6.580983,0.016496,-0.012604,0.021255
544042350.000,Miguel,recording,knock_twice_right,10,0.744919,7.247948,6.573912,0.010073,-0.024757,0.018781
544042360.000,Miguel,recording,knock_twice_right,10,0.737232,7.252184,6.581565,0.008792,-0.029347,0.017064
544042370.000,Miguel,recording,knock_twice_right,10,0.740328,7.222841,6.585524,0.015640,-0.025501,0.016731
544042380.000,Miguel,recording,knock_twice_right,10,0.739900,7.238088,6.537976,0.025514,-0.013715,0.017465
544042390.000,Miguel,recording,knock_twice_right,10,0.739334,7.212267,6.481680,0.032244,0.000539,0.019476
544042400.000,Miguel,recording,knock_twice_right,10,0.713944,7.178946,6.488927,0.033728,0.008200,0.021018
544042410.000,Miguel,recording,knock_twice_right,10,0.675563,7.153015,6.473853,0.029815,0.003991,0.021377
544042420.000,Miguel,recording,knock_twice_right,10,0.668689,7.159898,6.445442,0.021907,-0.007822,0.021764
544042430.000,Miguel,recording,knock_twice_right,10,0.705457,7.172230,6.426261,0.013132,-0.020321,0.022946
544042440.000,Miguel,recording,knock_twice_right,10,0.770651,7.174618,6.421678,0.007927,-0.026707,0.022560
544042450.000,Miguel,recording,knock_twice_right,10,0.834388,7.167322,6.407816,0.006590,-0.024859,0.017560
544042460.000,Miguel,recording,knock_twice_right,10,0.868475,7.168252,6.379045,0.005347,-0.017763,0.010500
544042470.000,Miguel,recording,knock_twice_right,10,0.859340,7.187174,6.338899,0.000526,-0.006699,0.004617
544042480.000,Miguel,recording,knock_twice_right,10,0.804966,7.214308,6.344079,-0.007874,0.006848,0.002374
544042490.000,Miguel,recording,knock_twice_right,10,0.710273,7.196635,6.372605,-0.016626,0.018019,0.007042
544042500.000,Miguel,recording,knock_twice_right,10,0.692811,7.178284,6.475149,-0.023574,0.019819,0.016189
544042510.000,Miguel,recording,knock_twice_right,10,0.715531,7.146061,6.521312,-0.028100,0.012721,0.023572
544042520.000,Miguel,recording,knock_twice_right,10,0.797530,7.133878,6.543029,-0.032437,0.002902,0.025913
544042530.000,Miguel,recording,knock_twice_right,10,0.866178,7.130275,6.531439,-0.037534,-0.004380,0.021187
544042540.000,Miguel,recording,knock_twice_right,10,0.916080,7.127852,6.582221,-0.040110,-0.006103,0.010962
544042550.000,Miguel,recording,knock_twice_right,10,0.896386,7.108072,6.625247,-0.037868,-0.001050,0.000140
544042560.000,Miguel,recording,knock_twice_right,10,0.867450,7.145349,6.640477,-0.031690,0.007953,-0.007964
544042570.000,Miguel,recording,knock_twice_right,10,0.801184,7.163677,6.655188,-0.025140,0.014723,-0.012352
544042580.000,Miguel,recording,knock_twice_right,10,0.742010,7.152182,6.664014,-0.021876,0.015360,-0.011085
544042590.000,Miguel,recording,knock_twice_right,10,0.677713,7.165196,6.716286,-0.020968,0.008859,-0.005491
544042600.000,Miguel,recording,knock_twice_right,10,0.700586,7.177650,6.746086,-0.018360,-0.003347,0.000450
544042610.000,Miguel,recording,knock_twice_right,10,0.751217,7.198084,6.759358,-0.013222,-0.014075,0.005487
544042620.000,Miguel,recording,knock_twice_right,10,0.837630,7.206181,6.720284,-0.005827,-0.016276,0.007106
544042630.000,Miguel,recording,knock_twice_right,10,0.887123,7.224097,6.702790,0.001817,-0.009537,0.003683
544042640.000,Miguel,recording,knock_twice_right,10,0.889754,7.214963,6.692403,0.008059,0.000287,-0.002710
544042650.000,Miguel,recording,knock_twice_right,10,0.840521,7.184049,6.698434,0.015259,0.006752,-0.008325
544042660.000,Miguel,recording,knock_twice_right,10,0.812496,7.155252,6.669017,0.023513,0.007031,-0.011435
544042670.000,Miguel,recording,knock_twice_right,10,0.790944,7.147093,6.643685,0.030318,0.002737,-0.012913
544042680.000,Miguel,recording,knock_twice_right,10,0.733382,7.142276,6.591653,0.034756,-0.003309,-0.012952
544042690.000,Miguel,recording,knock_twice_right,10,0.722061,7.130456,6.540750,0.036959,-0.008921,-0.011343
544042700.000,Miguel,recording,knock_twice_right,10,0.752910,7.135680,6.478446,0.036533,-0.010600,-0.009134
544042710.000,Miguel,recording,knock_twice_right,10,0.779490,7.166337,6.429434,0.031755,-0.006660,-0.008465
544042720.000,Miguel,recording,knock_twice_right,10,0.762282,7.192724,6.463890,0.024977,-0.002351,-0.008704
544042730.000,Miguel,recording,knock_twice_right,10,0.697710,7.187533,6.456056,0.019864,-0.004177,-0.005555
544042740.000,Miguel,recording,knock_twice_right,10,0.711785,7.177697,6.440216,0.016141,-0.008267,0.000245
544042750.000,Miguel,recording,knock_twice_right,10,0.738531,7.190778,6.443812,0.012324,-0.009467,0.004226
544042760.000,Miguel,recording,knock_twice_right,10,0.783686,7.192284,6.419908,0.006326,-0.007374,0.004906
544042770.000,Miguel,recording,knock_twice_right,10,0.786618,7.198885,6.431054,-0.002041,-0.004782,0.004293
544042780.000,Miguel,recording,knock_twice_right,10,0.825450,7.193874,6.474750,-0.010199,-0.007583,0.003066
544042790.000,Miguel,recording,knock_twice_right,10,0.861917,7.174646,6.515216,-0.013693,-0.014974,-0.000480
544042800.000,Miguel,recording,knock_twice_right,10,0.861602,7.170535,6.544263,-0.012873,-0.019688,-0.007270
544042810.000,Miguel,recording,knock_twice_right,10,0.813321,7.173784,6.556971,-0.008290,-0.015656,-0.014599
544042820.000,Miguel,recording,knock_twice_right,10,0.766019,7.203992,6.556685,-0.000571,-0.002423,-0.017781
544042830.000,Miguel,recording,knock_twice_right,10,0.728600,7.204604,6.556737,0.006159,0.014474,-0.015854
544042840.000,Miguel,recording,knock_twice_right,10,0.727629,7.197155,6.558321,0.011345,0.025962,-0.012360
544042850.000,Miguel,recording,knock_twice_right,10,0.727254,7.177459,6.553463,0.013045,0.025571,-0.011442
544042860.000,Miguel,recording,knock_twice_right,10,0.688019,7.211500,6.514833,0.008508,0.018049,-0.010433
544042870.000,Miguel,recording,knock_twice_right,10,0.677308,7.228011,6.510666,0.000790,0.010284,-0.006559
544042880.000,Miguel,recording,knock_twice_right,10,0.694126,7.231501,6.517648,-0.008172,0.004026,-0.001683
544042890.000,Miguel,recording,knock_twice_right,10,0.670035,7.250772,6.515513,-0.019598,-0.001522,0.002927
544042900.000,Miguel,recording,knock_twice_right,10,0.652768,7.235516,6.546250,-0.030813,-0.007802,0.008029
544042910.000,Miguel,recording,knock_twice_right,10,0.660302,7.241077,6.584912,-0.037982,-0.015646,0.013291
544042920.000,Miguel,recording,knock_twice_right,10,0.714205,7.216994,6.643584,-0.038879,-0.024100,0.016803
544042930.000,Miguel,recording,knock_twice_right,10,0.761165,7.203548,6.666709,-0.033071,-0.026499,0.016994
544042940.000,Miguel,recording,knock_twice_right,10,0.818248,7.199962,6.676796,-0.020522,-0.018019,0.014380
544042950.000,Miguel,recording,knock_twice_right,10,0.827375,7.192395,6.675204,-0.003817,-0.001234,0.009954
544042960.000,Miguel,recording,knock_twice_right,10,0.799754,7.170660,6.637245,0.012394,0.016222,0.005890
544042970.000,Miguel,recording,knock_twice_right,10,0.736825,7.169333,6.642351,0.026197,0.024691,0.005361
544042980.000,Miguel,recording,knock_twice_right,10,0.711886,7.159322,6.611890,0.034998,0.020397,0.010059
544042990.000,Miguel,recording,knock_twice_right,10,0.695013,7.143248,6.551003,0.036593,0.005681,0.016955
544043000.000,Miguel,recording,knock_twice_right,10,0.765517,7.139157,6.466562,0.029792,-0.013593,0.020671
544043010.000,Miguel,recording,knock_twice_right,10,0.863844,7.159551,6.413015,0.016278,-0.026609,0.018133
544043020.000,Miguel,recording,knock_twice_right,10,0.910581,7.173017,6.409333,0.002175,-0.023336,0.011055
544043030.000,Miguel,recording,knock_twice_right,10,0.903251,7.178083,6.455264,-0.007596,-0.007273,0.005331
544043040.000,Miguel,recording,knock_twice_right,10,0.845372,7.180509,6.486403,-0.012295,0.007316,0.003348
544043050.000,Miguel,recording,knock_twice_right,10,0.807538,7.139567,6.503286,-0.014639,0.011393,0.004208
544043060.000,Miguel,recording,knock_twice_right,10,0.857177,7.122555,6.493109,-0.019555,0.006711,0.004254
544043070.000,Miguel,recording,knock_twice_right,10,0.901394,7.099374,6.515986,-0.025374,-0.002262,-0.000482
544043080.000,Miguel,recording,knock_twice_right,10,0.907986,7.088376,6.557188,-0.026778,-0.008052,-0.008022
544043090.000,Miguel,recording,knock_twice_right,10,0.848804,7.096292,6.622655,-0.022635,-0.006395,-0.013211
544043100.000,Miguel,recording,knock_twice_right,10,0.834022,7.139056,6.667525,-0.011482,-0.001142,-0.015925
544043110.000,Miguel,recording,knock_twice_right,10,0.820043,7.161814,6.727508,0.004891,0.002420,-0.018932
544043120.000,Miguel,recording,knock_twice_right,10,0.783144,7.178222,6.689892,0.020019,0.000052,-0.021756
544043130.000,Miguel,recording,knock_twice_right,10,0.797966,7.200638,6.595933,0.027650,-0.005283,-0.023330
544043140.000,Miguel,recording,knock_twice_right,10,0.771130,7.230759,6.536537,0.026788,-0.006823,-0.024922
544043150.000,Miguel,recording,knock_twice_right,10,0.746661,7.286945,6.498529,0.018692,-0.004383,-0.025886
544043160.000,Miguel,recording,knock_twice_right,10,0.685497,7.304602,6.512016,0.007574,-0.002883,-0.023049
544043170.000,Miguel,recording,knock_twice_right,10,0.638880,7.296618,6.519999,-0.001330,-0.004941,-0.015240
544043180.000,Miguel,recording,knock_twice_right,10,0.613337,7.287897,6.538838,-0.007852,-0.006916,-0.004136
544043190.000,Miguel,recording,knock_twice_right,10,0.634680,7.301262,6.545253,-0.013151,-0.005975,0.006527
544043200.000,Miguel,recording,knock_twice_right,10,0.682676,7.240294,6.574669,-0.014865,-0.006706,0.014108
544043210.000,Miguel,recording,knock_twice_right,10,0.735964,7.192099,6.625880,-0.011658,-0.011512,0.015920
544043220.000,Miguel,recording,knock_twice_right,10,0.767799,7.200919,6.623398,-0.005761,-0.016419,0.012613
544043230.000,Miguel,recording,knock_twice_right,10,0.801338,7.205243,6.587747,0.002107,-0.017894,0.007311
544043240.000,Miguel,recording,knock_twice_right,10,0.763932,7.183936,6.583087,0.011312,-0.011762,0.001003
544043250.000,Miguel,recording,knock_twice_right,10,0.696813,7.187733,6.536288,0.020711,0.001687,-0.002043
544043260.000,Miguel,recording,knock_twice_right,10,0.660245,7.195151,6.500288,0.027882,0.015309,0.001536
544043270.000,Miguel,recording,knock_twice_right,10,0.687929,7.202523,6.471849,0.029878,0.023551,0.009150
544043280.000,Miguel,recording,knock_twice_right,10,0.684046,7.196034,6.463322,0.024884,0.023597,0.016127
544043290.000,Miguel,recording,knock_twice_right,10,0.753894,7.183012,6.446100,0.013351,0.015171,0.021347
544043300.000,Miguel,recording,knock_twice_right,10,0.792652,7.175204,6.459521,-0.001638,0.003501,0.023206
544043310.000,Miguel,recording,knock_twice_right,10,0.867798,7.186320,6.517633,-0.013163,-0.003214,0.021070
544043320.000,Miguel,recording,knock_twice_right,10,0.889045,7.160031,6.593995,-0.015600,-0.003599,0.017154
544043330.000,Miguel,recording,knock_twice_right,10,0.875530,7.140533,6.601362,-0.009909,0.000952,0.013209
544043340.000,Miguel,recording,knock_twice_right,10,0.862908,7.152399,6.611928,-0.001353,0.008384,0.009969
544043350.000,Miguel,recording,knock_twice_right,10,0.852947,7.141880,6.589026,0.004756,0.014568,0.006700
544043360.000,Miguel,recording,knock_twice_right,10,0.852229,7.133677,6.569798,0.006986,0.016178,0.003098
544043370.000,Miguel,recording,knock_twice_right,10,0.839015,7.117081,6.567385,0.005106,0.009832,-0.000706
544043380.000,Miguel,recording,knock_twice_right,10,0.803015,7.122976,6.563175,0.002218,-0.002141,-0.003247
544043390.000,Miguel,recording,knock_twice_right,10,0.781054,7.177904,6.546928,0.000558,-0.012476,-0.002651
544043400.000,Miguel,recording,knock_twice_right,10,0.814888,7.197838,6.564840,-0.001078,-0.017560,-0.001038
544043410.000,Miguel,recording,knock_twice_right,10,0.834175,7.200602,6.576847,-0.001083,-0.017475,-0.001392
544043420.000,Miguel,recording,knock_twice_right,10,0.835971,7.202890,6.547235,0.000406,-0.015483,-0.002733
544043430.000,Miguel,recording,knock_twice_right,10,0.864138,7.217441,6.454555,-0.001815,-0.012699,-0.004695
544043440.000,Miguel,recording,knock_twice_right,10,0.879280,7.242492,6.405128,-0.011829,-0.011958,-0.009144
544043450.000,Miguel,recording,knock_twice_right,10,0.844725,7.234031,6.396542,-0.026944,-0.018188,-0.014615
544043460.000,Miguel,recording,knock_twice_right,10,0.787861,7.186209,6.461791,-0.039907,-0.027495,-0.016754
544043470.000,Miguel,recording,knock_twice_right,10,0.731733,7.167305,6.563459,-0.044606,-0.033345,-0.015492
544043480.000,Miguel,recording,knock_twice_right,10,0.692151,7.168253,6.599747,-0.039706,-0.031365,-0.011831
544043490.000,Miguel,recording,knock_twice_right,10,0.702856,7.182877,6.642783,-0.026948,-0.019057,-0.007524
544043500.000,Miguel,recording,knock_twice_right,10,0.681896,7.175621,6.673322,-0.009506,-0.001342,-0.004452
544043510.000,Miguel,recording,knock_twice_right,10,0.684679,7.177861,6.665357,0.008994,0.013759,-0.001283
544043520.000,Miguel,recording,knock_twice_right,10,0.698839,7.179949,6.637000,0.024506,0.022662,0.003347
544043530.000,Miguel,recording,knock_twice_right,10,0.753904,7.219240,6.582228,0.033757,0.024326,0.007503
544043540.000,Miguel,recording,knock_twice_right,10,0.801202,7.235159,6.507998,0.034151,0.023149,0.008705
544043550.000,Miguel,recording,knock_twice_right,10,0.818181,7.244234,6.487134,0.025559,0.021489,0.008115
544043560.000,Miguel,recording,knock_twice_right,10,0.785471,7.240454,6.495139,0.012341,0.015175,0.007834
544043570.000,Miguel,recording,knock_twice_right,10,0.780535,7.232955,6.529737,-0.001810,0.004520,0.008985
544043580.000,Miguel,recording,knock_twice_right,10,0.818538,7.211045,6.554004,-0.012433,-0.006908,0.010027
544043590.000,Miguel,recording,knock_twice_right,10,0.835403,7.194950,6.589117,-0.017797,-0.015349,0.007802
544043600.000,Miguel,recording,knock_twice_right,10,0.772266,7.164158,6.594778,-0.019337,-0.015968,0.004737
544043610.000,Miguel,recording,knock_twice_right,10,0.756175,7.157515,6.619842,-0.015736,-0.009325,0.005803
544043620.000,Miguel,recording,knock_twice_right,10,0.765625,7.146794,6.647804,-0.006117,-0.000004,0.008383
544043630.000,Miguel,recording,knock_twice_right,10,0.837942,7.155400,6.716991,0.008340,0.009491,0.008200
544043640.000,Miguel,recording,knock_twice_right,10,0.857482,7.114627,6.677808,0.023373,0.013829,0.005258
544043650.000,Miguel,recording,knock_twice_right,10,0.898769,7.122101,6.606751,0.034767,0.011994,-0.000530
544043660.000,Miguel,recording,knock_twice_right,10,0.883375,7.160235,6.522443,0.039000,0.012172,-0.007656
544043670.000,Miguel,recording,knock_twice_right,10,0.799324,7.178198,6.495083,0.035548,0.016473,-0.011906
544043680.000,Miguel,recording,knock_twice_right,10,0.768288,7.188457,6.473070,0.028061,0.018049,-0.010882
544043690.000,Miguel,recording,knock_twice_right,10,0.780242,7.204666,6.433030,0.016704,0.014678,-0.007136
544043700.000,Miguel,recording,knock_twice_right,10,0.795221,7.193939,6.401738,0.001641,0.007204,-0.004412
544043710.000,Miguel,recording,knock_twice_right,10,0.781036,7.202997,6.424045,-0.016819,-0.007135,-0.002184
544043720.000,Miguel,recording,knock_twice_right,10,0.751077,7.221848,6.436306,-0.037585,-0.025987,0.000431
544043730.000,Miguel,recording,knock_twice_right,10,0.740202,7.180394,6.467723,-0.054840,-0.041425,0.002208
544043740.000,Miguel,recording,knock_twice_right,10,0.777235,7.161388,6.529230,-0.061928,-0.047664,0.002619
544043750.000,Miguel,recording,knock_twice_right,10,0.810822,7.159442,6.568623,-0.057668,-0.041897,0.001904
544043760.000,Miguel,recording,knock_twice_right,10,0.821669,7.180769,6.574603,-0.046459,-0.026959,-0.002265
544043770.000,Miguel,recording,knock_twice_right,10,0.834280,7.185082,6.589959,-0.032257,-0.009890,-0.009349
544043780.000,Miguel,recording,knock_twice_right,10,0.802874,7.173287,6.672311,-0.015647,0.006964,-0.015703
544043790.000,Miguel,recording,knock_twice_right,10,0.739922,7.171426,6.713044,0.003965,0.019157,-0.018290
544043800.000,Miguel,recording,knock_twice_right,10,0.689480,7.185836,6.743486,0.025424,0.025346,-0.015970
544043810.000,Miguel,recording,knock_twice_right,10,0.653407,7.213776,6.704361,0.044785,0.030167,-0.009112
544043820.000,Miguel,recording,knock_twice_right,10,0.668545,7.224621,6.640458,0.057279,0.032471,0.000155
544043830.000,Miguel,recording,knock_twice_right,10,0.744480,7.251083,6.554800,0.059219,0.029093,0.007574
544043840.000,Miguel,recording,knock_twice_right,10,0.831722,7.247956,6.463171,0.048986,0.020919,0.010055
544043850.000,Miguel,recording,knock_twice_right,10,0.877471,7.223565,6.437780,0.029959,0.010010,0.006402
544043860.000,Miguel,recording,knock_twice_right,10,0.878133,7.208275,6.424548,0.008868,-0.001189,-0.000287
544043870.000,Miguel,recording,knock_twice_right,10,0.830043,7.204426,6.444376,-0.011430,-0.008022,-0.005404
544043880.000,Miguel,recording,knock_twice_right,10,0.734661,7.202002,6.482939,-0.026877,-0.008819,-0.005797
544043890.000,Miguel,recording,knock_twice_right,10,0.675976,7.180548,6.586912,-0.029553,-0.005414,-0.000558
544043900.000,Miguel,recording,knock_twice_right,10,0.678067,7.144028,6.690521,-0.017967,-0.000739,0.008045
544043910.000,Miguel,recording,knock_twice_right,10,0.733685,7.123328,6.698579,-0.001176,0.003559,0.014864
544043920.000,Miguel,recording,knock_twice_right,10,0.788958,7.125897,6.613783,0.012978,0.006917,0.015427
544043930.000,Miguel,recording,knock_twice_right,10,0.822665,7.140349,6.574104,0.021520,0.008374,0.010889
544043940.000,Miguel,recording,knock_twice_right,10,0.827049,7.154104,6.537234,0.024104,0.007725,0.005874
544043950.000,Miguel,recording,knock_twice_right,10,0.850956,7.177809,6.508033,0.021111,0.004541,0.001820
544043960.000,Miguel,recording,knock_twice_right,10,0.854317,7.181109,6.471586,0.013254,-0.001249,-0.002231
544043970.000,Miguel,recording,knock_twice_right,10,0.856824,7.173882,6.445288,0.003323,-0.006631,-0.005609
544043980.000,Miguel,recording,knock_twice_right,10,0.888786,7.183863,6.438617,-0.007677,-0.010280,-0.008219
544043990.000,Miguel,recording,knock_twice_right,10,0.885880,7.158670,6.480705,-0.017325,-0.015549,-0.011750
544044000.000,Miguel,recording,knock_twice_right,10,0.851059,7.147305,6.516565,-0.024087,-0.020386,-0.014928
544044010.000,Miguel,recording,knock_twice_right,10,0.812658,7.183846,6.489605,-0.029749,-0.020090,-0.015677
544044020.000,Miguel,recording,knock_twice_right,10,0.777258,7.172349,6.521580,-0.034446,-0.017376,-0.014394
544044030.000,Miguel,recording,knock_twice_right,10,0.737058,7.152547,6.632108,-0.034086,-0.013376,-0.012125
544044040.000,Miguel,recording,knock_twice_right,10,0.672745,7.161675,6.692658,-0.025257,-0.009988,-0.008037
544044050.000,Miguel,recording,knock_twice_right,10,0.672529,7.170510,6.696702,-0.011403,-0.012907,-0.000899
544044060.000,Miguel,recording,knock_twice_right,10,0.729217,7.158184,6.700079,0.002319,-0.016258,0.004329
544044070.000,Miguel,recording,knock_twice_right,10,0.802983,7.145460,6.639937,0.015065,-0.011825,0.004853
544044080.000,Miguel,recording,knock_twice_right,10,0.881298,7.180090,6.572204,0.024527,-0.000990,0.001043
544044090.000,Miguel,recording,knock_twice_right,10,0.913901,7.201927,6.546027,0.027451,0.010900,-0.008327
544044100.000,Miguel,recording,knock_twice_right,10,0.868613,7.218001,6.547543,0.026729,0.017476,-0.018966
544044110.000,Miguel,recording,knock_twice_right,10,0.778239,7.212014,6.578305,0.025802,0.016482,-0.025845
544044120.000,Miguel,recording,knock_twice_right,10,0.662102,7.238775,6.590113,0.024613,0.009902,-0.026195
544044130.000,Miguel,recording,knock_twice_right,10,0.626162,7.263416,6.569199,0.022391,0.000799,-0.019735
544044140.000,Miguel,recording,knock_twice_right,10,0.616698,7.270836,6.526700,0.019013,-0.005664,-0.008917
544044150.000,Miguel,recording,knock_twice_right,10,0.634877,7.293971,6.517063,0.015653,-0.004903,0.004762
544044160.000,Miguel,recording,knock_twice_right,10,0.704379,7.249975,6.513925,0.013521,-0.000942,0.017921
544044170.000,Miguel,recording,knock_twice_right,10,0.783567,7.221096,6.533593,0.012938,0.000867,0.025481
544044180.000,Miguel,recording,knock_twice_right,10,0.882840,7.162819,6.543022,0.014736,0.001062,0.024106
544044190.000,Miguel,recording,knock_twice_right,10,0.950499,7.129013,6.539425,0.019580,-0.000138,0.014183
544044200.000,Miguel,recording,knock_twice_right,10,0.972526,7.106652,6.506046,0.025074,0.000057,-0.001534
544044210.000,Miguel,recording,knock_twice_right,10,0.925428,7.143122,6.475511,0.027742,0.004030,-0.018665
544044220.000,Miguel,recording,knock_twice_right,10,0.843826,7.136269,6.465462,0.026926,0.010024,-0.030828
544044230.000,Miguel,recording,knock_twice_right,10,0.749414,7.153262,6.430721,0.024523,0.016273,-0.033530
544044240.000,Miguel,recording,knock_twice_right,10,0.683686,7.169907,6.417170,0.020066,0.020644,-0.027656
544044250.000,Miguel,recording,knock_twice_right,10,0.672530,7.174974,6.412667,0.011881,0.020289,-0.016975
544044260.000,Miguel,recording,knock_twice_right,10,0.715230,7.182918,6.436557,0.001290,0.013047,-0.006172
544044270.000,Miguel,recording,knock_twice_right,10,0.799134,7.168305,6.447457,-0.013335,-0.002238,-0.000210
544044280.000,Miguel,recording,knock_twice_right,10,0.877328,7.141200,6.489588,-0.029387,-0.020130,-0.002591
544044290.000,Miguel,recording,knock_twice_right,10,0.919794,7.151949,6.525542,-0.038949,-0.026529,-0.010863
544044300.000,Miguel,recording,knock_twice_right,10,0.880045,7.191988,6.578650,-0.038705,-0.014957,-0.018094
544044310.000,Miguel,recording,knock_twice_right,10,0.805375,7.198205,6.635021,-0.030079,0.007006,-0.020338
544044320.000,Miguel,recording,knock_twice_right,10,0.688613,7.165062,6.675550,-0.018798,0.034434,-0.015843
544044330.000,Miguel,recording,knock_twice_right,10,0.074290,7.206775,6.466623,-0.010182,0.088831,0.004462
544044340.000,Miguel,recording,knock_twice_right,10,-0.848040,7.568488,6.019324,-0.005169,0.134151,0.053748
544044350.000,Miguel,recording,knock_twice_right,10,0.874823,7.476276,6.335640,-0.008596,0.110951,0.092128
544044360.000,Miguel,recording,knock_twice_right,10,0.511393,7.279913,6.111113,-0.034622,0.057879,0.092637
544044370.000,Miguel,recording,knock_twice_right,10,1.064396,7.157027,6.197084,-0.076159,0.001152,0.071003
544044380.000,Miguel,recording,knock_twice_right,10,1.108202,7.301853,6.405228,-0.110849,-0.056301,0.036973
544044390.000,Miguel,recording,knock_twice_right,10,1.182093,7.297598,6.728815,-0.123753,-0.084950,0.011722
544044400.000,Miguel,recording,knock_twice_right,10,1.078897,7.267298,7.019798,-0.107094,-0.077079,0.001830
544044410.000,Miguel,recording,knock_twice_right,10,1.057421,7.196866,7.196826,-0.066578,-0.043375,0.001153
544044420.000,Miguel,recording,knock_twice_right,10,1.011847,7.152264,7.125344,-0.018265,0.012307,0.003019
544044430.000,Miguel,recording,knock_twice_right,10,0.971102,7.049900,7.019536,0.024153,0.066752,0.002670
544044440.000,Miguel,recording,knock_twice_right,10,0.919025,6.998922,6.996291,0.053966,0.081815,0.000399
544044450.000,Miguel,recording,knock_twice_right,10,0.908258,6.941057,6.878802,0.068162,0.052260,-0.004422
544044460.000,Miguel,recording,knock_twice_right,10,0.897034,6.908517,6.737770,0.066919,0.001682,-0.014118
544044470.000,Miguel,recording,knock_twice_right,10,0.892869,6.915394,6.576940,0.053701,-0.040338,-0.027556
544044480.000,Miguel,recording,knock_twice_right,10,0.875028,6.986288,6.514420,0.038092,-0.054117,-0.040023
544044490.000,Miguel,recording,knock_twice_right,10,0.821449,7.057436,6.516802,0.029348,-0.040335,-0.046036
544044500.000,Miguel,recording,knock_twice_right,10,0.760623,7.134527,6.556300,0.029981,-0.018003,-0.046355
544044510.000,Miguel,recording,knock_twice_right,10,0.717119,7.150673,6.559934,0.035595,-0.002453,-0.042799
544044520.000,Miguel,recording,knock_twice_right,10,0.728372,7.204470,6.552956,0.040123,0.001099,-0.035946
544044530.000,Miguel,recording,knock_twice_right,10,0.782259,7.237444,6.518321,0.042619,-0.006852,-0.031121
544044540.000,Miguel,recording,knock_twice_right,10,0.841782,7.247134,6.464212,0.041840,-0.017626,-0.031031
544044550.000,Miguel,recording,knock_twice_right,10,0.874980,7.253522,6.393570,0.034056,-0.020998,-0.034668
544044560.000,Miguel,recording,knock_twice_right,10,0.846814,7.261317,6.362154,0.022036,-0.015878,-0.041913
544044570.000,Miguel,recording,knock_twice_right,10,0.758789,7.219246,6.404059,0.013220,-0.010071,-0.048493
544044580.000,Miguel,recording,knock_twice_right,10,0.710664,7.184859,6.438836,0.009424,-0.007425,-0.049561
544044590.000,Miguel,recording,knock_twice_right,10,0.689576,7.195405,6.466643,0.008669,-0.008075,-0.047012
544044600.000,Miguel,recording,knock_twice_right,10,0.677826,7.162603,6.491149,0.011196,-0.011377,-0.043832
544044610.000,Miguel,recording,knock_twice_right,10,0.648086,7.148391,6.459098,0.014542,-0.007830,-0.041045
544044620.000,Miguel,recording,knock_twice_right,10,0.162890,7.194755,6.251932,0.013996,0.031086,-0.028810
544044630.000,Miguel,recording,knock_twice_right,10,-1.310366,7.610116,5.650985,0.004112,0.125345,0.036756
544044640.000,Miguel,recording,knock_twice_right,10,-0.006975,7.765564,5.859667,-0.009004,0.167424,0.106307
544044650.000,Miguel,recording,knock_twice_right,10,0.685475,7.242424,5.932403,-0.041479,0.123099,0.122201
544044660.000,Miguel,recording,knock_twice_right,10,0.890214,7.137925,5.896004,-0.105538,0.044711,0.104842
544044670.000,Miguel,recording,knock_twice_right,10,1.421534,7.154582,6.216903,-0.170440,-0.054798,0.057652
544044680.000,Miguel,recording,knock_twice_right,10,1.483233,7.234361,6.595383,-0.207135,-0.114513,0.008531
544044690.000,Miguel,recording,knock_twice_right,10,1.178528,7.244582,6.932666,-0.200610,-0.105451,-0.017244
544044700.000,Miguel,recording,knock_twice_right,10,1.055841,7.187425,7.275623,-0.156348,-0.049229,-0.020088
544044710.000,Miguel,recording,knock_twice_right,10,0.801843,7.156515,7.355994,-0.095939,0.018267,-0.006474
544044720.000,Miguel,recording,knock_twice_right,10,0.733259,7.097526,7.331167,-0.039029,0.078541,0.017580
544044730.000,Miguel,recording,knock_twice_right,10,0.856554,6.976757,7.316821,0.005205,0.103514,0.034717
544044740.000,Miguel,recording,knock_twice_right,10,1.035202,6.888885,7.237069,0.033653,0.074600,0.030452
544044750.000,Miguel,recording,knock_twice_right,10,1.162446,6.875688,7.110674,0.047099,0.016722,0.007570
544044760.000,Miguel,recording,knock_twice_right,10,1.132802,6.899141,7.067726,0.054099,-0.038094,-0.024805
544044770.000,Miguel,recording,knock_twice_right,10,1.035535,6.941761,6.966456,0.064709,-0.070173,-0.055119
544044780.000,Miguel,recording,knock_twice_right,10,0.908955,7.061352,6.863471,0.080159,-0.068736,-0.075280
544044790.000,Miguel,recording,knock_twice_right,10,0.729567,7.150101,6.732539,0.096032,-0.040622,-0.083699
544044800.000,Miguel,recording,knock_twice_right,10,0.615640,7.220122,6.639164,0.108761,-0.008281,-0.078774
544044810.000,Miguel,recording,knock_twice_right,10,0.542972,7.258394,6.563978,0.114218,0.010724,-0.063741
544044820.000,Miguel,recording,knock_twice_right,10,0.579630,7.274665,6.472868,0.108272,0.010428,-0.046729
544044830.000,Miguel,recording,knock_twice_right,10,0.632276,7.261934,6.373341,0.091819,-0.006714,-0.034504
544044840.000,Miguel,recording,knock_twice_right,10,0.652558,7.261396,6.299315,0.069437,-0.028878,-0.027548
544044850.000,Miguel,recording,knock_twice_right,10,0.659775,7.253188,6.270599,0.046954,-0.043169,-0.023941
544044860.000,Miguel,recording,knock_twice_right,10,0.630607,7.277446,6.282708,0.027673,-0.045617,-0.022304
544044870.000,Miguel,recording,knock_twice_right,10,0.603429,7.256820,6.311205,0.014937,-0.037919,-0.020395
544044880.000,Miguel,recording,knock_twice_right,10,0.544546,7.212464,6.373996,0.010222,-0.025600,-0.016808
544044890.000,Miguel,recording,knock_twice_right,10,0.532943,7.215114,6.352777,0.010651,-0.013111,-0.011061
544044900.000,Miguel,recording,knock_twice_right,10,0.551157,7.226771,6.370844,0.012285,-0.003103,-0.004030
544044910.000,Miguel,recording,knock_twice_right,10,0.590615,7.223963,6.377487,0.014067,0.001900,0.001690
544044920.000,Miguel,recording,knock_twice_right,10,0.609205,7.196670,6.378039,0.015944,0.002398,0.005487
544044930.000,Miguel,recording,knock_twice_right,10,0.660807,7.226091,6.292160,0.012974,0.003587,0.007802
544044940.000,Miguel,recording,knock_twice_right,10,0.672037,7.263631,6.273293,0.001243,0.008918,0.009317
544044950.000,Miguel,recording,knock_twice_right,10,0.670891,7.263661,6.331083,-0.013695,0.012046,0.013564
544044960.000,Miguel,recording,knock_twice_right,10,0.694282,7.224237,6.383482,-0.026607,0.007611,0.020388
544044970.000,Miguel,recording,knock_twice_right,10,0.751155,7.206091,6.390506,-0.041199,0.002198,0.024879
544044980.000,Miguel,recording,knock_twice_right,10,0.794486,7.185259,6.462754,-0.055674,-0.000063,0.024650
544044990.000,Miguel,recording,knock_twice_right,10,0.836476,7.170398,6.579912,-0.061406,-0.001043,0.021472
544045000.000,Miguel,recording,knock_twice_right,10,0.879797,7.142854,6.685223,-0.055431,-0.000110,0.015851
544045010.000,Miguel,recording,knock_twice_right,10,0.882988,7.150443,6.709186,-0.043429,0.003818,0.008193
544045020.000,Miguel,recording,knock_twice_right,10,0.833258,7.141663,6.718292,-0.031114,0.010386,0.000294
544045030.000,Miguel,recording,knock_twice_right,10,0.764508,7.160658,6.711509,-0.017836,0.015526,-0.004310
544045040.000,Miguel,recording,knock_twice_right,10,0.777675,7.153364,6.751684,-0.004025,0.016923,-0.004153
544045050.000,Miguel,recording,knock_twice_right,10,0.809648,7.157623,6.744022,0.009363,0.016199,-0.003571
544045060.000,Miguel,recording,knock_twice_right,10,0.826235,7.112629,6.721051,0.021559,0.013065,-0.006410
544045070.000,Miguel,recording,knock_twice_right,10,0.848251,7.115967,6.657541,0.030127,0.009472,-0.011731
544045080.000,Miguel,recording,knock_twice_right,10,0.842944,7.151113,6.605013,0.032510,0.007893,-0.018254
544045090.000,Miguel,recording,knock_twice_right,10,0.809613,7.191194,6.566854,0.027314,0.006436,-0.024491
544045100.000,Miguel,recording,knock_twice_right,10,0.736887,7.212413,6.570032,0.018596,0.003860,-0.027778
544045110.000,Miguel,recording,knock_twice_right,10,0.638245,7.219579,6.594681,0.010116,-0.001027,-0.026548
544045120.000,Miguel,recording,knock_twice_right,10,0.534668,7.216969,6.563496,0.002420,-0.006521,-0.018634
544045130.000,Miguel,recording,knock_twice_right,10,0.517798,7.252776,6.576885,-0.004175,-0.009946,-0.006299
544045140.000,Miguel,recording,knock_twice_right,10,0.562591,7.278964,6.543623,-0.010102,-0.013612,0.005698
544045150.000,Miguel,recording,knock_twice_right,10,0.622992,7.256100,6.535104,-0.014142,-0.017331,0.014203
544045160.000,Miguel,recording,knock_twice_right,10,0.684643,7.239132,6.587356,-0.013795,-0.020256,0.017251
544045170.000,Miguel,recording,knock_twice_right,10,0.715592,7.219605,6.635650,-0.006448,-0.024748,0.016228
544045180.000,Miguel,recording,knock_twice_right,10,0.751089,7.211049,6.634329,0.006141,-0.027825,0.012943
544045190.000,Miguel,recording,knock_twice_right,10,0.780665,7.185251,6.573163,0.019589,-0.023388,0.007011
544045200.000,Miguel,recording,knock_twice_right,10,0.809726,7.198623,6.522160,0.030760,-0.010739,-0.000071
544045210.000,Miguel,recording,knock_twice_right,10,0.782791,7.185787,6.464187,0.039330,0.001755,-0.004109
544045220.000,Miguel,recording,knock_twice_right,10,0.761617,7.166966,6.422391,0.044097,0.008600,-0.005360
544045230.000,Miguel,recording,knock_twice_right,10,0.761178,7.176435,6.360540,0.041925,0.010424,-0.006560
544045240.000,Miguel,recording,knock_twice_right,10,0.755809,7.198711,6.307864,0.030494,0.007555,-0.007705
544045250.000,Miguel,recording,knock_twice_right,11,0.729518,7.217444,6.309990,0.012363,0.004245,-0.007194
544045260.000,Miguel,recording,knock_twice_right,11,0.706106,7.198461,6.350475,-0.006106,0.003900,-0.004517
544045270.000,Miguel,recording,knock_twice_right,11,0.695582,7.178985,6.396984,-0.021904,0.004613,-0.001396
544045280.000,Miguel,recording,knock_twice_right,11,0.710756,7.171566,6.424800,-0.035137,0.004364,0.000948
544045290.000,Miguel,recording,knock_twice_right,11,0.735298,7.158267,6.481776,-0.043988,0.006398,0.001816
544045300.000,Miguel,recording,knock_twice_right,11,0.736398,7.142820,6.553523,-0.044746,0.012760,0.000518
544045310.000,Miguel,recording,knock_twice_right,11,0.712298,7.141999,6.635969,-0.039597,0.018069,-0.000465
544045320.000,Miguel,recording,knock_twice_right,11,0.717054,7.164872,6.656583,-0.033383,0.019645,-0.000664
544045330.000,Miguel,recording,knock_twice_right,11,0.720459,7.184262,6.640386,-0.027777,0.019860,-0.000775
544045340.000,Miguel,recording,knock_twice_right,11,0.736646,7.196043,6.665209,-0.021684,0.018599,0.000379
544045350.000,Miguel,recording,knock_twice_right,11,0.731058,7.232018,6.671739,-0.017430,0.014998,0.001912
544045360.000,Miguel,recording,knock_twice_right,11,0.731284,7.243552,6.671081,-0.017155,0.010910,0.004229
544045370.000,Miguel,recording,knock_twice_right,11,0.741808,7.249789,6.680751,-0.017649,0.007783,0.007083
544045380.000,Miguel,recording,knock_twice_right,11,0.756879,7.259245,6.706861,-0.016551,0.005859,0.008821
544045390.000,Miguel,recording,knock_twice_right,11,0.736266,7.273377,6.704988,-0.012973,0.005814,0.009845
544045400.000,Miguel,recording,knock_twice_right,11,0.736249,7.239097,6.712203,-0.006813,0.006896,0.010353
544045410.000,Miguel,recording,knock_twice_right,11,0.735024,7.230029,6.675342,0.001470,0.007699,0.009374
544045420.000,Miguel,recording,knock_twice_right,11,0.736262,7.229041,6.638996,0.009209,0.009018,0.006775
544045430.000,Miguel,recording,knock_twice_right,11,0.703838,7.208169,6.621901,0.015667,0.011208,0.004087
544045440.000,Miguel,recording,knock_twice_right,11,0.660823,7.193461,6.641898,0.023653,0.009129,0.004166
544045450.000,Miguel,recording,knock_twice_right,11,0.617856,7.169454,6.576481,0.031347,0.002957,0.006232
544045460.000,Miguel,recording,knock_twice_right,11,0.605760,7.166145,6.511751,0.034042,-0.000080,0.008041
544045470.000,Miguel,recording,knock_twice_right,11,0.652906,7.167684,6.469989,0.031007,-0.000125,0.008059
544045480.000,Miguel,recording,knock_twice_right,11,0.639064,7.174783,6.445099,0.024143,0.000853,0.006239
544045490.000,Miguel,recording,knock_twice_right,11,0.602557,7.189774,6.432037,0.016162,0.002632,0.007635
544045500.000,Miguel,recording,knock_twice_right,11,0.623824,7.227896,6.439497,0.008609,0.004789,0.014079
544045510.000,Miguel,recording,knock_twice_right,11,0.648882,7.223626,6.433444,0.001582,0.003772,0.021484
544045520.000,Miguel,recording,knock_twice_right,11,0.722472,7.200755,6.441293,-0.006067,-0.003923,0.025958
544045530.000,Miguel,recording,knock_twice_right,11,0.818934,7.176840,6.430015,-0.013777,-0.011602,0.025138
544045540.000,Miguel,recording,knock_twice_right,11,0.915981,7.179316,6.448687,-0.019087,-0.012087,0.018693
544045550.000,Miguel,recording,knock_twice_right,11,0.932724,7.172676,6.481791,-0.021531,-0.006117,0.009608
544045560.000,Miguel,recording,knock_twice_right,11,0.875008,7.154731,6.519624,-0.021207,0.003132,0.000581
544045570.000,Miguel,recording,knock_twice_right,11,0.791001,7.112847,6.556506,-0.019313,0.012464,-0.006055
544045580.000,Miguel,recording,knock_twice_right,11,0.690539,7.128433,6.621322,-0.016137,0.017365,-0.007377
544045590.000,Miguel,recording,knock_twice_right,11,0.641734,7.138925,6.650597,-0.013307,0.014815,-0.003126
544045600.000,Miguel,recording,knock_twice_right,11,0.641376,7.133463,6.656827,-0.012271,0.006248,0.003637
544045610.000,Miguel,recording,knock_twice_right,11,0.679709,7.139351,6.648439,-0.013001,-0.002656,0.010990
544045620.000,Miguel,recording,knock_twice_right,11,0.755327,7.147366,6.604855,-0.017054,-0.008772,0.015694
544045630.000,Miguel,recording,knock_twice_right,11,0.815908,7.167054,6.600397,-0.023639,-0.011690,0.015358
544045640.000,Miguel,recording,knock_twice_right,11,0.858401,7.170458,6.607851,-0.030284,-0.011042,0.011444
544045650.000,Miguel,recording,knock_twice_right,11,0.851509,7.180754,6.634576,-0.033949,-0.009254,0.006239
544045660.000,Miguel,recording,knock_twice_right,11,0.798777,7.211844,6.716504,-0.030832,-0.007497,0.001446
544045670.000,Miguel,recording,knock_twice_right,11,0.754184,7.210853,6.791431,-0.018058,-0.006723,-0.001922
544045680.000,Miguel,recording,knock_twice_right,11,0.719546,7.222217,6.797822,-0.000211,-0.005510,-0.002372
544045690.000,Miguel,recording,knock_twice_right,11,0.710098,7.239083,6.732774,0.014988,-0.001897,-0.000467
544045700.000,Miguel,recording,knock_twice_right,11,0.730624,7.218372,6.681779,0.026130,0.000611,0.001587
544045710.000,Miguel,recording,knock_twice_right,11,0.762238,7.216994,6.657047,0.033425,0.000149,0.002138
544045720.000,Miguel,recording,knock_twice_right,11,0.756031,7.216333,6.618836,0.036812,-0.003364,0.000906
544045730.000,Miguel,recording,knock_twice_right,11,0.708829,7.214966,6.592985,0.035900,-0.011676,-0.000252
544045740.000,Miguel,recording,knock_twice_right,11,0.678510,7.219711,6.524101,0.031474,-0.020535,0.000198
544045750.000,Miguel,recording,knock_twice_right,11,0.660560,7.227462,6.496444,0.026356,-0.023699,0.002985
544045760.000,Miguel,recording,knock_twice_right,11,0.637106,7.224947,6.467491,0.023232,-0.020400,0.008600
544045770.000,Miguel,recording,knock_twice_right,11,0.640740,7.244220,6.450173,0.021565,-0.010436,0.015627
544045780.000,Miguel,recording,knock_twice_right,11,0.674713,7.237671,6.417042,0.017917,0.003029,0.022869
544045790.000,Miguel,recording,knock_twice_right,11,0.704541,7.223588,6.357771,0.009483,0.012061,0.028256
544045800.000,Miguel,recording,knock_twice_right,11,0.706966,7.196715,6.386924,-0.003425,0.011601,0.030902
544045810.000,Miguel,recording,knock_twice_right,11,0.733975,7.151003,6.440014,-0.015558,0.003827,0.031598
544045820.000,Miguel,recording,knock_twice_right,11,0.756604,7.134460,6.501782,-0.020049,-0.001642,0.031264
544045830.000,Miguel,recording,knock_twice_right,11,0.769266,7.143051,6.582033,-0.014560,-0.001503,0.030435
544045840.000,Miguel,recording,knock_twice_right,11,0.792847,7.133337,6.634538,-0.001976,-0.000659,0.028678
544045850.000,Miguel,recording,knock_twice_right,11,0.843355,7.152833,6.621076,0.012661,0.003260,0.024320
544045860.000,Miguel,recording,knock_twice_right,11,0.856921,7.158347,6.577431,0.024469,0.011045,0.018477
544045870.000,Miguel,recording,knock_twice_right,11,0.875661,7.174354,6.500098,0.028602,0.016244,0.013637
544045880.000,Miguel,recording,knock_twice_right,11,0.855401,7.186344,6.429748,0.021697,0.016547,0.009685
544045890.000,Miguel,recording,knock_twice_right,11,0.858450,7.155731,6.417743,0.007265,0.012849,0.007422
544045900.000,Miguel,recording,knock_twice_right,11,0.854223,7.110725,6.432268,-0.009957,0.002856,0.006843
544045910.000,Miguel,recording,knock_twice_right,11,0.888946,7.076528,6.430618,-0.027937,-0.009718,0.004961
544045920.000,Miguel,recording,knock_twice_right,11,0.915155,7.095543,6.464916,-0.043539,-0.017096,-0.000599
544045930.000,Miguel,recording,knock_twice_right,11,0.869756,7.089619,6.551359,-0.052679,-0.019557,-0.007614
544045940.000,Miguel,recording,knock_twice_right,11,0.829592,7.095944,6.684509,-0.050643,-0.018856,-0.013537
544045950.000,Miguel,recording,knock_twice_right,11,0.797559,7.107223,6.744783,-0.038314,-0.016425,-0.017147
544045960.000,Miguel,recording,knock_twice_right,11,0.794984,7.141758,6.750707,-0.023203,-0.013019,-0.019619
544045970.000,Miguel,recording,knock_twice_right,11,0.763753,7.158166,6.740394,-0.010204,-0.007126,-0.021309
544045980.000,Miguel,recording,knock_twice_right,11,0.730089,7.194438,6.678788,-0.000551,-0.002073,-0.020163
544045990.000,Miguel,recording,knock_twice_right,11,0.714836,7.229870,6.633088,0.003989,-0.001480,-0.017771
544046000.000,Miguel,recording,knock_twice_right,11,0.686096,7.266844,6.664656,0.004150,-0.005788,-0.012348
544046010.000,Miguel,recording,knock_twice_right,11,0.669460,7.257596,6.695023,0.005771,-0.015651,-0.001347
544046020.000,Miguel,recording,knock_twice_right,11,0.721434,7.236414,6.677027,0.011944,-0.028072,0.010473
544046030.000,Miguel,recording,knock_twice_right,11,0.868638,7.239077,6.625478,0.018901,-0.036785,0.015752
544046040.000,Miguel,recording,knock_twice_right,11,1.001486,7.176009,6.554178,0.024833,-0.036191,0.009323
544046050.000,Miguel,recording,knock_twice_right,11,1.033459,7.146978,6.505105,0.030431,-0.024005,-0.007810
544046060.000,Miguel,recording,knock_twice_right,11,0.959538,7.136183,6.515231,0.037620,-0.004991,-0.027859
544046070.000,Miguel,recording,knock_twice_right,11,0.832168,7.128032,6.466455,0.045482,0.013871,-0.041305
544046080.000,Miguel,recording,knock_twice_right,11,0.691505,7.138024,6.433109,0.049556,0.027882,-0.045109
544046090.000,Miguel,recording,knock_twice_right,11,0.579228,7.136575,6.438807,0.048488,0.033932,-0.039542
544046100.000,Miguel,recording,knock_twice_right,11,0.532843,7.157228,6.453152,0.042480,0.027122,-0.026704
544046110.000,Miguel,recording,knock_twice_right,11,0.524890,7.172294,6.401871,0.031150,0.010091,-0.012342
544046120.000,Miguel,recording,knock_twice_right,11,0.612915,7.221358,6.354107,0.013057,-0.004208,-0.000884
544046130.000,Miguel,recording,knock_twice_right,11,0.692495,7.266208,6.345936,-0.008007,-0.010061,0.005835
544046140.000,Miguel,recording,knock_twice_right,11,0.726391,7.290038,6.422094,-0.026167,-0.007864,0.008343
544046150.000,Miguel,recording,knock_twice_right,11,0.731852,7.287417,6.506911,-0.039712,-0.000988,0.008631
544046160.000,Miguel,recording,knock_twice_right,11,0.708098,7.308364,6.624288,-0.044867,0.004376,0.010901
544046170.000,Miguel,recording,knock_twice_right,11,0.669608,7.292314,6.720346,-0.038459,0.006730,0.016850
544046180.000,Miguel,recording,knock_twice_right,11,0.645624,7.268382,6.749225,-0.023171,0.008934,0.025235
544046190.000,Miguel,recording,knock_twice_right,11,0.697063,7.248001,6.732298,-0.004235,0.012760,0.032366
544046200.000,Miguel,recording,knock_twice_right,11,0.756351,7.220198,6.700722,0.014319,0.018707,0.035381
544046210.000,Miguel,recording,knock_twice_right,11,0.798133,7.211860,6.629689,0.027933,0.022625,0.033761
544046220.000,Miguel,recording,knock_twice_right,11,0.831816,7.177446,6.568095,0.033229,0.018937,0.027126
544046230.000,Miguel,recording,knock_twice_right,11,0.841236,7.166960,6.526363,0.031102,0.008171,0.017406
544046240.000,Miguel,recording,knock_twice_right,11,0.828770,7.169401,6.499545,0.025128,-0.005630,0.008195
544046250.000,Miguel,recording,knock_twice_right,11,0.793800,7.177511,6.445918,0.017110,-0.017698,0.003197
544046260.000,Miguel,recording,knock_twice_right,11,0.748536,7.185638,6.436117,0.008071,-0.021396,0.003087
544046270.000,Miguel,recording,knock_twice_right,11,0.708054,7.188037,6.437246,0.003440,-0.016505,0.006801
544046280.000,Miguel,recording,knock_twice_right,11,0.722103,7.187052,6.458076,0.004531,-0.009260,0.013082
544046290.000,Miguel,recording,knock_twice_right,11,0.788349,7.188234,6.439831,0.006787,-0.001583,0.018406
544046300.000,Miguel,recording,knock_twice_right,11,0.822780,7.153058,6.412238,0.007412,0.005386,0.019623
544046310.000,Miguel,recording,knock_twice_right,11,0.879805,7.120895,6.399706,0.005791,0.007885,0.016042
544046320.000,Miguel,recording,knock_twice_right,11,0.891000,7.102710,6.377793,0.001458,0.007589,0.009282
544046330.000,Miguel,recording,knock_twice_right,11,0.883134,7.099560,6.366909,-0.006924,0.009087,0.001830
544046340.000,Miguel,recording,knock_twice_right,11,0.850516,7.090996,6.382967,-0.019640,0.012620,-0.003770
544046350.000,Miguel,recording,knock_twice_right,11,0.812649,7.118116,6.423645,-0.033163,0.014723,-0.006172
544046360.000,Miguel,recording,knock_twice_right,11,0.804985,7.114274,6.472645,-0.046308,0.009982,-0.007957
544046370.000,Miguel,recording,knock_twice_right,11,0.818712,7.139168,6.509771,-0.058733,-0.000196,-0.010498
544046380.000,Miguel,recording,knock_twice_right,11,0.827149,7.123776,6.566819,-0.065982,-0.005548,-0.014247
544046390.000,Miguel,recording,knock_twice_right,11,0.788553,7.172651,6.665115,-0.064364,-0.002076,-0.017171
544046400.000,Miguel,recording,knock_twice_right,11,0.742297,7.181785,6.751419,-0.053474,0.002785,-0.015811
544046410.000,Miguel,recording,knock_twice_right,11,0.748237,7.193657,6.783372,-0.035823,0.005579,-0.011616
544046420.000,Miguel,recording,knock_twice_right,11,0.754842,7.193136,6.769519,-0.018235,0.007946,-0.008847
544046430.000,Miguel,recording,knock_twice_right,11,0.761010,7.205450,6.732587,-0.006860,0.007949,-0.009101
544046440.000,Miguel,recording,knock_twice_right,11,0.781635,7.217906,6.706226,0.000004,0.004277,-0.011272
544046450.000,Miguel,recording,knock_twice_right,11,0.790300,7.223065,6.680153,0.006219,0.000334,-0.014999
544046460.000,Miguel,recording,knock_twice_right,11,0.785244,7.235929,6.641632,0.009786,0.000113,-0.018781
544046470.000,Miguel,recording,knock_twice_right,11,0.715015,7.298971,6.612371,0.008280,0.004340,-0.018840
544046480.000,Miguel,recording,knock_twice_right,11,0.585261,7.317067,6.642918,0.004724,0.007019,-0.011429
544046490.000,Miguel,recording,knock_twice_right,11,0.509422,7.275220,6.702714,0.003447,0.001138,0.002520
544046500.000,Miguel,recording,knock_twice_right,11,0.564778,7.257665,6.735247,0.007014,-0.012093,0.017560
544046510.000,Miguel,recording,knock_twice_right,11,0.694390,7.238087,6.669296,0.013367,-0.024498,0.027093
544046520.000,Miguel,recording,knock_twice_right,11,0.802493,7.192001,6.607064,0.018441,-0.028350,0.027854
544046530.000,Miguel,recording,knock_twice_right,11,0.854425,7.200202,6.559406,0.021809,-0.021209,0.022313
544046540.000,Miguel,recording,knock_twice_right,11,0.884947,7.178964,6.542790,0.026188,-0.007053,0.013718
544046550.000,Miguel,recording,knock_twice_right,11,0.855509,7.172489,6.522829,0.031174,0.003593,0.005576
544046560.000,Miguel,recording,knock_twice_right,11,0.795422,7.180126,6.483665,0.033029,0.005093,0.000182
544046570.000,Miguel,recording,knock_twice_right,11,0.698390,7.194027,6.488259,0.030174,0.002516,0.000592
544046580.000,Miguel,recording,knock_twice_right,11,0.602818,7.182651,6.518366,0.026806,-0.003543,0.009383
544046590.000,Miguel,recording,knock_twice_right,11,0.663972,7.146123,6.500706,0.025891,-0.010935,0.020785
544046600.000,Miguel,recording,knock_twice_right,11,0.798584,7.155994,6.438317,0.024268,-0.011822,0.026323
544046610.000,Miguel,recording,knock_twice_right,11,0.869408,7.160447,6.388657,0.017895,-0.006642,0.024706
544046620.000,Miguel,recording,knock_twice_right,11,0.883666,7.145506,6.400512,0.008562,-0.001586,0.018432
544046630.000,Miguel,recording,knock_twice_right,11,0.887331,7.135551,6.437778,0.000408,0.001257,0.010798
544046640.000,Miguel,recording,knock_twice_right,11,0.917056,7.153874,6.440603,-0.006770,0.003598,0.003787
544046650.000,Miguel,recording,knock_twice_right,11,0.876816,7.141430,6.471876,-0.011895,0.003686,-0.003176
544046660.000,Miguel,recording,knock_twice_right,11,0.852542,7.133469,6.520750,-0.012712,0.002817,-0.008455
544046670.000,Miguel,recording,knock_twice_right,11,0.830548,7.131521,6.571107,-0.008769,0.005709,-0.011115
544046680.000,Miguel,recording,knock_twice_right,11,0.809916,7.152971,6.586151,-0.002875,0.008215,-0.012202
544046690.000,Miguel,recording,knock_twice_right,11,0.800405,7.161202,6.562667,-0.000117,0.007408,-0.012640
544046700.000,Miguel,recording,knock_twice_right,11,0.755276,7.174194,6.567309,-0.001180,0.008237,-0.012189
544046710.000,Miguel,recording,knock_twice_right,11,0.691742,7.164499,6.586797,-0.003609,0.008496,-0.008242
544046720.000,Miguel,recording,knock_twice_right,11,0.750024,7.186569,6.578804,-0.005481,0.005734,-0.002276
544046730.000,Miguel,recording,knock_twice_right,11,0.789218,7.191866,6.540254,-0.007336,0.003731,0.000703
544046740.000,Miguel,recording,knock_twice_right,11,0.838178,7.195651,6.522557,-0.011475,0.005479,-0.000761
544046750.000,Miguel,recording,knock_twice_right,11,0.831114,7.229251,6.536316,-0.017229,0.010060,-0.004721
544046760.000,Miguel,recording,knock_twice_right,11,0.810449,7.238824,6.586084,-0.021471,0.014069,-0.008713
544046770.000,Miguel,recording,knock_twice_right,11,0.743419,7.250320,6.669665,-0.021260,0.013535,-0.009956
544046780.000,Miguel,recording,knock_twice_right,11,0.683304,7.224951,6.751145,-0.014509,0.005287,-0.006755
544046790.000,Miguel,recording,knock_twice_right,11,0.647145,7.223812,6.725202,-0.004074,-0.007415,-0.000665
544046800.000,Miguel,recording,knock_twice_right,11,0.645025,7.228655,6.691230,0.004994,-0.017883,0.006684
544046810.000,Miguel,recording,knock_twice_right,11,0.720760,7.217726,6.628991,0.011168,-0.023369,0.012971
544046820.000,Miguel,recording,knock_twice_right,11,0.789948,7.186461,6.597313,0.016230,-0.021866,0.014342
544046830.000,Miguel,recording,knock_twice_right,11,0.860655,7.178936,6.591120,0.022397,-0.015343,0.009491
544046840.000,Miguel,recording,knock_twice_right,11,0.896059,7.172521,6.559247,0.028724,-0.008414,0.000524
544046850.000,Miguel,recording,knock_twice_right,11,0.888857,7.196525,6.523756,0.033473,-0.000553,-0.009793
544046860.000,Miguel,recording,knock_twice_right,11,0.800876,7.217548,6.507849,0.035915,0.007166,-0.016873
544046870.000,Miguel,recording,knock_twice_right,11,0.682745,7.225100,6.487610,0.036448,0.011544,-0.016076
544046880.000,Miguel,recording,knock_twice_right,11,0.637056,7.222711,6.437673,0.033045,0.009287,-0.006638
544046890.000,Miguel,recording,knock_twice_right,11,0.610832,7.242408,6.387312,0.022667,0.000891,0.007148
544046900.000,Miguel,recording,knock_twice_right,11,0.668320,7.218705,6.363171,0.007868,-0.008021,0.020144
544046910.000,Miguel,recording,knock_twice_right,11,0.765212,7.210455,6.376221,-0.006204,-0.015574,0.029087
544046920.000,Miguel,recording,knock_twice_right,11,0.877070,7.181219,6.397770,-0.017176,-0.017510,0.029211
544046930.000,Miguel,recording,knock_twice_right,11,0.935270,7.148183,6.456392,-0.022382,-0.010435,0.021440
544046940.000,Miguel,recording,knock_twice_right,11,0.932839,7.107933,6.490889,-0.019440,0.001993,0.010513
544046950.000,Miguel,recording,knock_twice_right,11,0.935217,7.095860,6.528550,-0.010992,0.017942,-0.002158
544046960.000,Miguel,recording,knock_twice_right,11,0.859679,7.103239,6.522454,-0.004237,0.031483,-0.013375
544046970.000,Miguel,recording,knock_twice_right,11,0.767163,7.140505,6.505949,-0.003529,0.034359,-0.019521
544046980.000,Miguel,recording,knock_twice_right,11,0.709012,7.153392,6.524702,-0.007519,0.024280,-0.019951
544046990.000,Miguel,recording,knock_twice_right,11,0.693522,7.173168,6.522598,-0.014824,0.003817,-0.014084
544047000.000,Miguel,recording,knock_twice_right,11,0.688133,7.217933,6.500881,-0.026212,-0.017924,-0.004834
544047010.000,Miguel,recording,knock_twice_right,11,0.736739,7.213486,6.547734,-0.037170,-0.026512,0.002372
544047020.000,Miguel,recording,knock_twice_right,11,0.818904,7.214306,6.672543,-0.039785,-0.022290,0.006908
544047030.000,Miguel,recording,knock_twice_right,11,0.875230,7.199502,6.718909,-0.033062,-0.016292,0.008139
544047040.000,Miguel,recording,knock_twice_right,11,0.895767,7.205929,6.733293,-0.020227,-0.007994,0.003449
544047050.000,Miguel,recording,knock_twice_right,11,0.851184,7.210355,6.743723,-0.005138,0.004316,-0.005186
544047060.000,Miguel,recording,knock_twice_right,11,0.811086,7.217485,6.724340,0.009657,0.014924,-0.012311
544047070.000,Miguel,recording,knock_twice_right,11,0.753964,7.213004,6.684220,0.022709,0.018791,-0.014523
544047080.000,Miguel,recording,knock_twice_right,11,0.691016,7.209660,6.663704,0.030013,0.013153,-0.011459
544047090.000,Miguel,recording,knock_twice_right,11,0.653665,7.190735,6.569746,0.029186,0.002065,-0.005647
544047100.000,Miguel,recording,knock_twice_right,11,0.652232,7.214747,6.520974,0.022518,-0.006330,0.000563
544047110.000,Miguel,recording,knock_twice_right,11,0.665605,7.227103,6.524344,0.015156,-0.010810,0.007005
544047120.000,Miguel,recording,knock_twice_right,11,0.723548,7.234730,6.515975,0.009444,-0.011428,0.011969
544047130.000,Miguel,recording,knock_twice_right,11,0.764860,7.230196,6.518458,0.005309,-0.011132,0.012153
544047140.000,Miguel,recording,knock_twice_right,11,0.823926,7.213914,6.514263,0.004206,-0.011934,0.007809
544047150.000,Miguel,recording,knock_twice_right,11,0.824486,7.235784,6.534867,0.007368,-0.011167,0.002142
544047160.000,Miguel,recording,knock_twice_right,11,0.804048,7.239218,6.504125,0.014584,-0.007231,-0.001263
544047170.000,Miguel,recording,knock_twice_right,11,0.761431,7.227513,6.477883,0.023880,0.000219,-0.001422
544047180.000,Miguel,recording,knock_twice_right,11,0.753284,7.226372,6.432821,0.030581,0.009695,0.001264
544047190.000,Miguel,recording,knock_twice_right,11,0.729702,7.194088,6.403694,0.031321,0.018319,0.006203
544047200.000,Miguel,recording,knock_twice_right,11,0.721802,7.187474,6.357161,0.023770,0.021476,0.012147
544047210.000,Miguel,recording,knock_twice_right,11,0.748841,7.160669,6.346128,0.006928,0.017560,0.017140
544047220.000,Miguel,recording,knock_twice_right,11,0.788797,7.168464,6.361746,-0.015378,0.008006,0.018712
544047230.000,Miguel,recording,knock_twice_right,11,0.810111,7.124782,6.440918,-0.035410,-0.006568,0.016356
544047240.000,Miguel,recording,knock_twice_right,11,0.835932,7.107722,6.513167,-0.046000,-0.019337,0.010416
544047250.000,Miguel,recording,knock_twice_right,11,0.843498,7.131039,6.576407,-0.046937,-0.018976,0.003669
544047260.000,Miguel,recording,knock_twice_right,11,0.864394,7.165799,6.648937,-0.037749,-0.004289,-0.001426
544047270.000,Miguel,recording,knock_twice_right,11,0.857677,7.181408,6.701038,-0.020267,0.013828,-0.005192
544047280.000,Miguel,recording,knock_twice_right,11,0.852128,7.171796,6.664013,-0.002864,0.027257,-0.008881
544047290.000,Miguel,recording,knock_twice_right,11,0.855725,7.196572,6.608240,0.006385,0.031678,-0.011973
544047300.000,Miguel,recording,knock_twice_right,11,0.837826,7.202762,6.562216,0.003336,0.024486,-0.013497
544047310.000,Miguel,recording,knock_twice_right,11,0.802210,7.196341,6.583550,-0.006185,0.010398,-0.013715
544047320.000,Miguel,recording,knock_twice_right,11,0.749839,7.195586,6.644137,-0.013608,-0.006133,-0.011538
544047330.000,Miguel,recording,knock_twice_right,11,0.737660,7.198515,6.703958,-0.014984,-0.018415,-0.008235
544047340.000,Miguel,recording,knock_twice_right,11,0.733213,7.193885,6.732050,-0.007502,-0.022212,-0.004995
544047350.000,Miguel,recording,knock_twice_right,11,0.779699,7.193571,6.726068,0.005165,-0.019325,-0.002540
544047360.000,Miguel,recording,knock_twice_right,11,0.834647,7.190115,6.678527,0.017199,-0.011536,-0.004333
544047370.000,Miguel,recording,knock_twice_right,11,0.853489,7.178966,6.617211,0.025426,-0.005618,-0.010362
544047380.000,Miguel,recording,knock_twice_right,11,0.827053,7.157883,6.566200,0.029925,-0.005049,-0.017463
544047390.000,Miguel,recording,knock_twice_right,11,0.808761,7.173319,6.507801,0.031796,-0.005863,-0.022790
544047400.000,Miguel,recording,knock_twice_right,11,0.788272,7.197512,6.464832,0.029635,-0.004771,-0.025191
544047410.000,Miguel,recording,knock_twice_right,11,0.748406,7.187013,6.423252,0.024139,-0.002224,-0.026153
544047420.000,Miguel,recording,knock_twice_right,11,0.794972,7.147416,6.427768,0.021393,0.010483,-0.042759
544047430.000,Miguel,recording,knock_twice_right,11,0.874039,7.136449,6.479107,0.037703,0.073298,-0.094107
544047440.000,Miguel,recording,knock_twice_right,11,0.164307,7.356131,6.349054,0.069742,0.150606,-0.093146
544047450.000,Miguel,recording,knock_twice_right,11,0.251528,7.486355,6.426197,0.100376,0.177411,-0.042017
544047460.000,Miguel,recording,knock_twice_right,11,0.604767,7.408345,6.252445,0.103783,0.147128,-0.022004
544047470.000,Miguel,recording,knock_twice_right,11,0.321462,7.089426,5.921102,0.057905,0.075041,-0.002241
544047480.000,Miguel,recording,knock_twice_right,11,0.512136,7.325019,5.920885,-0.014979,-0.001416,0.031581
544047490.000,Miguel,recording,knock_twice_right,11,0.740182,7.451086,6.051638,-0.084708,-0.052663,0.064638
544047500.000,Miguel,recording,knock_twice_right,11,0.799581,7.314120,6.248071,-0.138859,-0.063641,0.087751
544047510.000,Miguel,recording,knock_twice_right,11,0.893979,7.177031,6.544680,-0.170568,-0.054052,0.098670
544047520.000,Miguel,recording,knock_twice_right,11,0.968781,7.114827,6.841876,-0.177965,-0.052460,0.093641
544047530.000,Miguel,recording,knock_twice_right,11,1.071397,7.028392,7.062164,-0.164319,-0.059803,0.071647
544047540.000,Miguel,recording,knock_twice_right,11,1.095448,6.917134,7.200635,-0.130317,-0.060717,0.040413
544047550.000,Miguel,recording,knock_twice_right,11,1.069286,6.969994,7.261354,-0.077136,-0.048463,0.009762
544047560.000,Miguel,recording,knock_twice_right,11,0.975911,7.007638,7.246935,-0.013791,-0.025197,-0.014854
544047570.000,Miguel,recording,knock_twice_right,11,0.861458,7.026592,7.100679,0.043571,-0.000469,-0.029448
544047580.000,Miguel,recording,knock_twice_right,11,0.778917,7.089349,6.913915,0.083624,0.010655,-0.034790
544047590.000,Miguel,recording,knock_twice_right,11,0.739396,7.173633,6.697646,0.103092,0.007331,-0.034774
544047600.000,Miguel,recording,knock_twice_right,11,0.737543,7.254123,6.530828,0.103175,0.000470,-0.031060
544047610.000,Miguel,recording,knock_twice_right,11,0.766242,7.306991,6.427788,0.089136,-0.004491,-0.025055
544047620.000,Miguel,recording,knock_twice_right,11,0.802697,7.332647,6.372971,0.065633,-0.010446,-0.019711
544047630.000,Miguel,recording,knock_twice_right,11,0.809887,7.312680,6.351545,0.038687,-0.018407,-0.017690
544047640.000,Miguel,recording,knock_twice_right,11,0.747446,7.268709,6.380339,0.015855,-0.024588,-0.018726
544047650.000,Miguel,recording,knock_twice_right,11,0.692676,7.234643,6.436339,0.002730,-0.027274,-0.018934
544047660.000,Miguel,recording,knock_twice_right,11,0.620281,7.211807,6.497780,0.003078,-0.025722,-0.015869
544047670.000,Miguel,recording,knock_twice_right,11,0.573694,7.181055,6.518336,0.014299,-0.018462,-0.008612
544047680.000,Miguel,recording,knock_twice_right,11,0.572482,7.168074,6.500276,0.027835,-0.006446,-0.000601
544047690.000,Miguel,recording,knock_twice_right,11,0.644304,7.145383,6.462926,0.038134,0.004305,0.003022
544047700.000,Miguel,recording,knock_twice_right,11,0.709963,7.150102,6.414064,0.043556,0.006920,0.002348
544047710.000,Miguel,recording,knock_twice_right,11,0.780015,7.163769,6.329418,0.041095,-0.000389,0.000241
544047720.000,Miguel,recording,knock_twice_right,11,0.830868,7.186640,6.235502,0.028090,-0.011115,-0.002528
544047730.000,Miguel,recording,knock_twice_right,11,0.871592,7.201905,6.179922,0.007906,-0.015500,-0.007190
544047740.000,Miguel,recording,knock_twice_right,11,0.858215,7.211096,6.174456,-0.015393,-0.009473,-0.014328
544047750.000,Miguel,recording,knock_twice_right,11,0.875136,7.200645,6.228723,-0.037560,0.011246,-0.035062
544047760.000,Miguel,recording,knock_twice_right,11,0.902891,7.196412,6.339733,-0.046553,0.068691,-0.077390
544047770.000,Miguel,recording,knock_twice_right,11,0.137460,7.440131,6.433358,-0.033812,0.137773,-0.071380
544047780.000,Miguel,recording,knock_twice_right,11,0.201818,7.492121,6.709207,-0.005392,0.161934,-0.022667
544047790.000,Miguel,recording,knock_twice_right,11,0.481543,7.272434,6.618867,0.010537,0.126890,0.005862
544047800.000,Miguel,recording,knock_twice_right,11,0.388097,7.058745,6.399724,-0.004531,0.061887,0.029326
544047810.000,Miguel,recording,knock_twice_right,11,0.706806,7.225805,6.407044,-0.031234,0.008502,0.047156
544047820.000,Miguel,recording,knock_twice_right,11,0.904728,7.305982,6.478580,-0.049154,-0.012040,0.056158
544047830.000,Miguel,recording,knock_twice_right,11,0.891891,7.260208,6.524443,-0.058045,0.000148,0.061708
544047840.000,Miguel,recording,knock_twice_right,11,0.891163,7.198089,6.664505,-0.062442,0.014908,0.061868
544047850.000,Miguel,recording,knock_twice_right,11,0.890073,7.151184,6.749855,-0.068706,0.002924,0.055018
544047860.000,Miguel,recording,knock_twice_right,11,0.847531,7.114634,6.810883,-0.082807,-0.038876,0.047037
544047870.000,Miguel,recording,knock_twice_right,11,0.888648,7.074639,6.915739,-0.096535,-0.090743,0.038554
544047880.000,Miguel,recording,knock_twice_right,11,0.959923,7.034874,7.002444,-0.093179,-0.117725,0.026205
544047890.000,Miguel,recording,knock_twice_right,11,0.951937,7.036675,7.044479,-0.066962,-0.099774,0.012614
544047900.000,Miguel,recording,knock_twice_right,11,0.907699,7.083628,7.059256,-0.024839,-0.050906,0.001602
544047910.000,Miguel,recording,knock_twice_right,11,0.882511,7.116817,7.032020,0.022018,-0.005630,-0.006022
544047920.000,Miguel,recording,knock_twice_right,11,0.857772,7.088045,6.953913,0.063309,0.008793,-0.012572
544047930.000,Miguel,recording,knock_twice_right,11,0.865497,7.096511,6.782614,0.090971,-0.003452,-0.020161
544047940.000,Miguel,recording,knock_twice_right,11,0.879251,7.151125,6.613119,0.102417,-0.021384,-0.028920
544047950.000,Miguel,recording,knock_twice_right,11,0.863728,7.182171,6.439561,0.100313,-0.032719,-0.037767
544047960.000,Miguel,recording,knock_twice_right,11,0.805090,7.228793,6.352204,0.089129,-0.031423,-0.044250
544047970.000,Miguel,recording,knock_twice_right,11,0.717140,7.250285,6.298299,0.073330,-0.020730,-0.046171
544047980.000,Miguel,recording,knock_twice_right,11,0.641889,7.236770,6.301406,0.056282,-0.010935,-0.041057
544047990.000,Miguel,recording,knock_twice_right,11,0.575589,7.247165,6.281982,0.039305,-0.006344,-0.030951
544048000.000,Miguel,recording,knock_twice_right,11,0.529891,7.237303,6.320358,0.023072,-0.008849,-0.019628
544048010.000,Miguel,recording,knock_twice_right,11,0.536920,7.225544,6.340357,0.009553,-0.016523,-0.008078
544048020.000,Miguel,recording,knock_twice_right,11,0.582630,7.212581,6.367656,-0.000786,-0.023918,0.002849
544048030.000,Miguel,recording,knock_twice_right,11,0.657462,7.209652,6.370585,-0.007053,-0.024957,0.009601
544048040.000,Miguel,recording,knock_twice_right,11,0.729999,7.211604,6.378922,-0.009547,-0.016619,0.010528
544048050.000,Miguel,recording,knock_twice_right,11,0.752068,7.265864,6.402408,-0.010017,-0.001065,0.008367
544048060.000,Miguel,recording,knock_twice_right,11,0.733253,7.263767,6.430686,-0.008451,0.013437,0.007032
544048070.000,Miguel,recording,knock_twice_right,11,0.729300,7.255420,6.485666,-0.005586,0.018052,0.009810
544048080.000,Miguel,recording,knock_twice_right,11,0.749051,7.221053,6.445686,-0.004860,0.014589,0.014476
544048090.000,Miguel,recording,knock_twice_right,11,0.759058,7.245136,6.412150,-0.012179,0.009686,0.016964
544048100.000,Miguel,recording,knock_twice_right,11,0.754994,7.217030,6.433675,-0.026281,0.005298,0.017211
544048110.000,Miguel,recording,knock_twice_right,11,0.780936,7.208516,6.501768,-0.038236,0.000716,0.017072
544048120.000,Miguel,recording,knock_twice_right,11,0.846704,7.164579,6.552224,-0.044394,-0.001644,0.015000
544048130.000,Miguel,recording,knock_twice_right,11,0.900801,7.157287,6.627974,-0.046085,0.000331,0.008512
544048140.000,Miguel,recording,knock_twice_right,11,0.878780,7.165063,6.683310,-0.041364,0.003970,-0.000325
544048150.000,Miguel,recording,knock_twice_right,11,0.760343,7.185405,6.757609,-0.029198,0.005041,-0.005122
544048160.000,Miguel,recording,knock_twice_right,11,0.640026,7.192619,6.798616,-0.011597,0.003675,-0.000632
544048170.000,Miguel,recording,knock_twice_right,11,0.662605,7.178500,6.753534,0.008724,0.003593,0.008735
544048180.000,Miguel,recording,knock_twice_right,11,0.782408,7.195956,6.645500,0.023371,0.006135,0.014546
544048190.000,Miguel,recording,knock_twice_right,11,0.881152,7.208174,6.529885,0.025079,0.009249,0.013401
544048200.000,Miguel,recording,knock_twice_right,11,0.879681,7.201454,6.498781,0.016443,0.007932,0.008175
544048210.000,Miguel,recording,knock_twice_right,11,0.809270,7.188943,6.515721,0.003646,-0.001824,0.002870
544048220.000,Miguel,recording,knock_twice_right,11,0.808490,7.173877,6.543943,-0.006416,-0.016995,-0.001051
544048230.000,Miguel,recording,knock_twice_right,11,0.838224,7.148021,6.555399,-0.011724,-0.027216,-0.004390
544048240.000,Miguel,recording,knock_twice_right,11,0.834897,7.161018,6.563192,-0.014083,-0.024341,-0.009244
544048250.000,Miguel,recording,knock_twice_right,11,0.720045,7.173287,6.636624,-0.010553,-0.013061,-0.012036
544048260.000,Miguel,recording,knock_twice_right,11,0.624629,7.163604,6.719450,0.002107,-0.006877,-0.007282
544048270.000,Miguel,recording,knock_twice_right,11,0.673065,7.138029,6.743304,0.021386,-0.009264,0.001393
544048280.000,Miguel,recording,knock_twice_right,12,0.809030,7.183737,6.644154,0.038722,-0.012141,0.003626
544048290.000,Miguel,recording,knock_twice_right,12,0.912111,7.174780,6.495954,0.046677,-0.010417,-0.003977
544048300.000,Miguel,recording,knock_twice_right,12,0.886392,7.202114,6.422270,0.042969,-0.003022,-0.014211
544048310.000,Miguel,recording,knock_twice_right,12,0.755761,7.218140,6.417389,0.031858,0.008090,-0.017519
544048320.000,Miguel,recording,knock_twice_right,12,0.669342,7.242833,6.417031,0.018606,0.011619,-0.010089
544048330.000,Miguel,recording,knock_twice_right,12,0.712301,7.215391,6.386337,0.004598,0.004901,0.000125
544048340.000,Miguel,recording,knock_twice_right,12,0.799869,7.190660,6.367096,-0.011387,-0.005302,0.004725
544048350.000,Miguel,recording,knock_twice_right,12,0.850002,7.168363,6.421824,-0.025894,-0.014903,0.003100
544048360.000,Miguel,recording,knock_twice_right,12,0.841444,7.123208,6.545440,-0.030396,-0.023008,-0.002313
544048370.000,Miguel,recording,knock_twice_right,12,0.838567,7.097957,6.609442,-0.024130,-0.027481,-0.008282
544048380.000,Miguel,recording,knock_twice_right,12,0.858158,7.103573,6.587087,-0.011521,-0.020459,-0.016003
544048390.000,Miguel,recording,knock_twice_right,12,0.819797,7.153787,6.539346,0.001154,-0.003487,-0.024177
544048400.000,Miguel,recording,knock_twice_right,12,0.736911,7.175454,6.485077,0.008522,0.014623,-0.026063
544048410.000,Miguel,recording,knock_twice_right,12,0.696069,7.193333,6.477231,0.008883,0.026218,-0.022066
544048420.000,Miguel,recording,knock_twice_right,12,0.714814,7.206749,6.438513,0.002226,0.024734,-0.017313
544048430.000,Miguel,recording,knock_twice_right,12,0.739716,7.218557,6.401569,-0.011537,0.013455,-0.013979
544048440.000,Miguel,recording,knock_twice_right,12,0.727519,7.230538,6.445644,-0.029923,0.002056,-0.011590
544048450.000,Miguel,recording,knock_twice_right,12,0.715745,7.246202,6.547136,-0.043148,-0.005468,-0.007771
544048460.000,Miguel,recording,knock_twice_right,12,0.727892,7.223040,6.616371,-0.043999,-0.008450,-0.003666
544048470.000,Miguel,recording,knock_twice_right,12,0.756065,7.236110,6.648205,-0.036802,-0.007599,-0.000789
544048480.000,Miguel,recording,knock_twice_right,12,0.750269,7.211223,6.668652,-0.028225,-0.004463,0.000907
544048490.000,Miguel,recording,knock_twice_right,12,0.742751,7.210204,6.665608,-0.020510,-0.001366,0.000048
544048500.000,Miguel,recording,knock_twice_right,12,0.744993,7.188729,6.667020,-0.012629,-0.001886,-0.002887
544048510.000,Miguel,recording,knock_twice_right,12,0.769262,7.202986,6.653770,-0.005045,-0.005389,-0.005724
544048520.000,Miguel,recording,knock_twice_right,12,0.766123,7.195841,6.632457,0.001176,-0.005977,-0.008777
544048530.000,Miguel,recording,knock_twice_right,12,0.760008,7.190354,6.622124,0.008117,-0.002891,-0.011795
544048540.000,Miguel,recording,knock_twice_right,12,0.725576,7.195908,6.598391,0.014669,0.002988,-0.013715
544048550.000,Miguel,recording,knock_twice_right,12,0.701230,7.224846,6.555662,0.016915,0.011278,-0.011778
544048560.000,Miguel,recording,knock_twice_right,12,0.619298,7.232927,6.536710,0.012726,0.014067,-0.004450
544048570.000,Miguel,recording,knock_twice_right,12,0.609458,7.241489,6.557332,0.006066,0.005600,0.005680
544048580.000,Miguel,recording,knock_twice_right,12,0.699474,7.195052,6.552295,0.000083,-0.009427,0.014016
544048590.000,Miguel,recording,knock_twice_right,12,0.783057,7.185138,6.537918,-0.005901,-0.020017,0.016007
544048600.000,Miguel,recording,knock_twice_right,12,0.814836,7.212447,6.534491,-0.010162,-0.022403,0.013520
544048610.000,Miguel,recording,knock_twice_right,12,0.813510,7.209503,6.540607,-0.010053,-0.015723,0.009920
544048620.000,Miguel,recording,knock_twice_right,12,0.832251,7.200506,6.564897,-0.005139,-0.000703,0.005384
544048630.000,Miguel,recording,knock_twice_right,12,0.836794,7.173010,6.629561,0.003802,0.009868,-0.000399
544048640.000,Miguel,recording,knock_twice_right,12,0.787703,7.173929,6.636165,0.013742,0.008043,-0.005477
544048650.000,Miguel,recording,knock_twice_right,12,0.720617,7.148454,6.591476,0.020689,-0.003452,-0.008162
544048660.000,Miguel,recording,knock_twice_right,12,0.728682,7.144706,6.523991,0.023131,-0.015993,-0.008358
544048670.000,Miguel,recording,knock_twice_right,12,0.770094,7.160460,6.464200,0.019963,-0.020331,-0.007689
544048680.000,Miguel,recording,knock_twice_right,12,0.771914,7.197793,6.408592,0.011181,-0.015033,-0.005980
544048690.000,Miguel,recording,knock_twice_right,12,0.750735,7.182516,6.430133,-0.000157,-0.006046,-0.003200
544048700.000,Miguel,recording,knock_twice_right,12,0.759543,7.171714,6.455367,-0.009007,0.000203,-0.000198
544048710.000,Miguel,recording,knock_twice_right,12,0.753555,7.133151,6.470407,-0.015970,0.001064,0.003873
544048720.000,Miguel,recording,knock_twice_right,12,0.810940,7.104837,6.499817,-0.021190,-0.002264,0.006423
544048730.000,Miguel,recording,knock_twice_right,12,0.888582,7.108365,6.521215,-0.023800,-0.008128,0.004792
544048740.000,Miguel,recording,knock_twice_right,12,0.926171,7.118204,6.511226,-0.025536,-0.013063,-0.001239
544048750.000,Miguel,recording,knock_twice_right,12,0.949335,7.152700,6.543725,-0.023769,-0.012734,-0.011605
544048760.000,Miguel,recording,knock_twice_right,12,0.907035,7.180023,6.567728,-0.018296,-0.006690,-0.021650
544048770.000,Miguel,recording,knock_twice_right,12,0.789453,7.182348,6.554057,-0.012893,0.002400,-0.027240
544048780.000,Miguel,recording,knock_twice_right,12,0.704052,7.195340,6.570869,-0.008796,0.011011,-0.027194
544048790.000,Miguel,recording,knock_twice_right,12,0.631346,7.163589,6.601099,-0.005286,0.016088,-0.021090
544048800.000,Miguel,recording,knock_twice_right,12,0.631849,7.171918,6.621887,-0.002392,0.013581,-0.011221
544048810.000,Miguel,recording,knock_twice_right,12,0.720958,7.158715,6.607258,-0.000277,0.006693,-0.003436
544048820.000,Miguel,recording,knock_twice_right,12,0.776220,7.131901,6.612248,0.001342,0.001654,-0.002977
544048830.000,Miguel,recording,knock_twice_right,12,0.854793,7.130100,6.564563,0.001836,-0.000871,-0.009331
544048840.000,Miguel,recording,knock_twice_right,12,0.887787,7.177607,6.535256,0.000860,-0.000147,-0.019380
544048850.000,Miguel,recording,knock_twice_right,12,0.869734,7.216777,6.529818,-0.001901,0.002362,-0.029898
544048860.000,Miguel,recording,knock_twice_right,12,0.787196,7.221721,6.542323,-0.005963,0.004338,-0.037462
544048870.000,Miguel,recording,knock_twice_right,12,0.662556,7.250080,6.534685,-0.009384,0.006027,-0.039132
544048880.000,Miguel,recording,knock_twice_right,12,0.543789,7.251287,6.574104,-0.011639,0.007238,-0.032332
544048890.000,Miguel,recording,knock_twice_right,12,0.470757,7.261001,6.627187,-0.011618,0.007779,-0.016707
544048900.000,Miguel,recording,knock_twice_right,12,0.449149,7.284234,6.636934,-0.011000,0.007856,0.003060
544048910.000,Miguel,recording,knock_twice_right,12,0.518022,7.301630,6.640057,-0.011471,0.004926,0.021665
544048920.000,Miguel,recording,knock_twice_right,12,0.626098,7.286396,6.667490,-0.011235,-0.002389,0.034960
544048930.000,Miguel,recording,knock_twice_right,12,0.748915,7.238304,6.674028,-0.010072,-0.010327,0.039301
544048940.000,Miguel,recording,knock_twice_right,12,0.860929,7.208402,6.646739,-0.007604,-0.016258,0.032988
544048950.000,Miguel,recording,knock_twice_right,12,0.903314,7.187305,6.622941,-0.002821,-0.018488,0.019092
544048960.000,Miguel,recording,knock_twice_right,12,0.870824,7.179920,6.590670,0.003479,-0.015323,0.004703
544048970.000,Miguel,recording,knock_twice_right,12,0.815681,7.141741,6.610524,0.013868,-0.008837,-0.004259
544048980.000,Miguel,recording,knock_twice_right,12,0.723060,7.134519,6.619355,0.029080,-0.001502,-0.006193
544048990.000,Miguel,recording,knock_twice_right,12,0.695516,7.130587,6.570898,0.042056,0.007009,-0.003081
544049000.000,Miguel,recording,knock_twice_right,12,0.704149,7.130955,6.511914,0.047955,0.012453,0.002020
544049010.000,Miguel,recording,knock_twice_right,12,0.758013,7.136585,6.433769,0.043911,0.009468,0.004725
544049020.000,Miguel,recording,knock_twice_right,12,0.822591,7.152751,6.380920,0.029471,0.001623,0.003619
544049030.000,Miguel,recording,knock_twice_right,12,0.829508,7.155132,6.340957,0.009843,-0.004122,0.000729
544049040.000,Miguel,recording,knock_twice_right,12,0.828412,7.176247,6.336939,-0.012466,-0.002578,-0.003907
544049050.000,Miguel,recording,knock_twice_right,12,0.815490,7.205947,6.399146,-0.033625,0.006664,-0.008924
544049060.000,Miguel,recording,knock_twice_right,12,0.766472,7.199187,6.502582,-0.046334,0.018487,-0.011963
544049070.000,Miguel,recording,knock_twice_right,12,0.682965,7.158201,6.594906,-0.049455,0.025066,-0.010930
544049080.000,Miguel,recording,knock_twice_right,12,0.610579,7.182205,6.685997,-0.046457,0.022696,-0.004912
544049090.000,Miguel,recording,knock_twice_right,12,0.598313,7.191096,6.730589,-0.039774,0.013483,0.004263
544049100.000,Miguel,recording,knock_twice_right,12,0.613426,7.177512,6.767046,-0.029794,0.000422,0.014921
544049110.000,Miguel,recording,knock_twice_right,12,0.718275,7.167572,6.760382,-0.018823,-0.010183,0.023226
544049120.000,Miguel,recording,knock_twice_right,12,0.828000,7.190886,6.732190,-0.008873,-0.010328,0.023419
544049130.000,Miguel,recording,knock_twice_right,12,0.906626,7.202632,6.736697,0.001227,-0.004232,0.016149
544049140.000,Miguel,recording,knock_twice_right,12,0.902746,7.205996,6.753316,0.011756,-0.001413,0.007120
544049150.000,Miguel,recording,knock_twice_right,12,0.871848,7.178165,6.747982,0.022987,-0.004634,-0.001367
544049160.000,Miguel,recording,knock_twice_right,12,0.808505,7.196503,6.685432,0.033524,-0.013009,-0.007801
544049170.000,Miguel,recording,knock_twice_right,12,0.723734,7.211408,6.614483,0.038166,-0.023300,-0.009101
544049180.000,Miguel,recording,knock_twice_right,12,0.670856,7.249485,6.537667,0.034666,-0.030288,-0.004679
544049190.000,Miguel,recording,knock_twice_right,12,0.621204,7.258422,6.539041,0.026877,-0.032829,0.005167
544049200.000,Miguel,recording,knock_twice_right,12,0.586907,7.224050,6.602502,0.020668,-0.041313,0.020570
544049210.000,Miguel,recording,knock_twice_right,12,0.639106,7.189868,6.686329,0.019325,-0.061089,0.035557
544049220.000,Miguel,recording,knock_twice_right,12,0.707811,7.147648,6.688567,0.024526,-0.080996,0.043359
544049230.000,Miguel,recording,knock_twice_right,12,0.789089,7.125654,6.654851,0.035828,-0.085792,0.044066
544049240.000,Miguel,recording,knock_twice_right,12,0.891013,7.161575,6.619201,0.050984,-0.068590,0.038788
544049250.000,Miguel,recording,knock_twice_right,12,0.921285,7.166464,6.602442,0.066007,-0.038444,0.029146
544049260.000,Miguel,recording,knock_twice_right,12,0.859019,7.163471,6.534239,0.075760,-0.010159,0.020127
544049270.000,Miguel,recording,knock_twice_right,12,0.809581,7.167763,6.474747,0.077539,0.006870,0.014620
544049280.000,Miguel,recording,knock_twice_right,12,0.800358,7.197878,6.387909,0.071311,0.011479,0.013698
544049290.000,Miguel,recording,knock_twice_right,12,0.855714,7.208299,6.301952,0.058012,0.011088,0.014035
544049300.000,Miguel,recording,knock_twice_right,12,0.853020,7.231245,6.243937,0.036860,0.011194,0.010667
544049310.000,Miguel,recording,knock_twice_right,12,0.832588,7.214137,6.274506,0.011112,0.010588,0.004887
544049320.000,Miguel,recording,knock_twice_right,12,0.787002,7.189665,6.374675,-0.009501,0.006580,0.001595
544049330.000,Miguel,recording,knock_twice_right,12,0.750995,7.170516,6.490197,-0.018221,0.000193,0.002146
544049340.000,Miguel,recording,knock_twice_right,12,0.767656,7.154060,6.564669,-0.013978,-0.005685,0.004094
544049350.000,Miguel,recording,knock_twice_right,12,0.803862,7.137192,6.602497,0.000797,-0.009453,0.005603
544049360.000,Miguel,recording,knock_twice_right,12,0.835112,7.147228,6.525124,0.019096,-0.005871,0.005426
544049370.000,Miguel,recording,knock_twice_right,12,0.868992,7.167331,6.467957,0.031797,0.006164,0.002178
544049380.000,Miguel,recording,knock_twice_right,12,0.917940,7.192017,6.399951,0.035080,0.018259,-0.003697
544049390.000,Miguel,recording,knock_twice_right,12,0.909834,7.188343,6.353744,0.029490,0.023506,-0.009881
544049400.000,Miguel,recording,knock_twice_right,12,0.867792,7.214854,6.334376,0.015421,0.021746,-0.015597
544049410.000,Miguel,recording,knock_twice_right,12,0.815567,7.247031,6.341891,-0.005495,0.016900,-0.017691
544049420.000,Miguel,recording,knock_twice_right,12,0.751060,7.275193,6.374250,-0.028735,0.012317,-0.014100
544049430.000,Miguel,recording,knock_twice_right,12,0.689199,7.282118,6.452221,-0.047996,0.008466,-0.006349
544049440.000,Miguel,recording,knock_twice_right,12,0.688895,7.263231,6.581188,-0.057280,0.002715,0.004257
544049450.000,Miguel,recording,knock_twice_right,12,0.712619,7.211460,6.688710,-0.055159,-0.004865,0.014648
544049460.000,Miguel,recording,knock_twice_right,12,0.793574,7.208950,6.727205,-0.042498,-0.008687,0.019814
544049470.000,Miguel,recording,knock_twice_right,12,0.869723,7.218543,6.757752,-0.022248,-0.005303,0.016488
544049480.000,Miguel,recording,knock_twice_right,12,0.947684,7.254957,6.715929,0.000354,0.003267,0.006897
544049490.000,Miguel,recording,knock_twice_right,12,0.909845,7.287762,6.691448,0.020985,0.012717,-0.003466
544049500.000,Miguel,recording,knock_twice_right,12,0.848686,7.249658,6.633769,0.036441,0.017037,-0.011884
544049510.000,Miguel,recording,knock_twice_right,12,0.822107,7.210473,6.560238,0.046713,0.014085,-0.018118
544049520.000,Miguel,recording,knock_twice_right,12,0.785057,7.198246,6.488981,0.050541,0.007060,-0.021390
544049530.000,Miguel,recording,knock_twice_right,12,0.757458,7.191891,6.401771,0.046846,-0.000267,-0.020798
544049540.000,Miguel,recording,knock_twice_right,12,0.724177,7.182734,6.308544,0.037350,-0.003619,-0.017025
544049550.000,Miguel,recording,knock_twice_right,12,0.679699,7.181440,6.251553,0.023471,0.002536,-0.011533
544049560.000,Miguel,recording,knock_twice_right,12,0.677717,7.195468,6.246103,0.006778,0.017396,-0.004382
544049570.000,Miguel,recording,knock_twice_right,12,0.673035,7.165388,6.296933,-0.010762,0.030731,0.004074
544049580.000,Miguel,recording,knock_twice_right,12,0.674952,7.143174,6.394869,-0.026559,0.030006,0.012401
544049590.000,Miguel,recording,knock_twice_right,12,0.700978,7.111611,6.503820,-0.037234,0.013272,0.019019
544049600.000,Miguel,recording,knock_twice_right,12,0.788090,7.129201,6.574397,-0.041275,-0.006307,0.019924
544049610.000,Miguel,recording,knock_twice_right,12,0.895359,7.157368,6.600856,-0.037751,-0.013641,0.012951
544049620.000,Miguel,recording,knock_twice_right,12,0.928406,7.159028,6.637897,-0.027626,-0.001936,0.001644
544049630.000,Miguel,recording,knock_twice_right,12,0.908816,7.190229,6.638804,-0.014370,0.023161,-0.007547
544049640.000,Miguel,recording,knock_twice_right,12,0.877417,7.242189,6.632071,-0.002975,0.047206,-0.012206
544049650.000,Miguel,recording,knock_twice_right,12,0.826977,7.263254,6.584150,-0.000506,0.055332,-0.012955
544049660.000,Miguel,recording,knock_twice_right,12,0.756317,7.254840,6.609151,-0.006945,0.043936,-0.009620
544049670.000,Miguel,recording,knock_twice_right,12,0.737487,7.241767,6.670435,-0.015238,0.018445,-0.003779
544049680.000,Miguel,recording,knock_twice_right,12,0.775987,7.222134,6.731461,-0.017292,-0.009175,0.003080
544049690.000,Miguel,recording,knock_twice_right,12,0.830865,7.207969,6.759925,-0.010109,-0.025559,0.008363
544049700.000,Miguel,recording,knock_twice_right,12,0.922810,7.175540,6.770876,0.004391,-0.028349,0.007463
544049710.000,Miguel,recording,knock_twice_right,12,0.984370,7.149153,6.688548,0.022063,-0.020504,-0.001682
544049720.000,Miguel,recording,knock_twice_right,12,1.019282,7.155499,6.597338,0.036279,-0.007195,-0.016874
544049730.000,Miguel,recording,knock_twice_right,12,0.986939,7.138558,6.526416,0.044401,0.002710,-0.034425
544049740.000,Miguel,recording,knock_twice_right,12,0.868924,7.141212,6.448078,0.045293,0.003430,-0.048981
544049750.000,Miguel,recording,knock_twice_right,12,0.760576,7.175062,6.375747,0.037434,-0.003891,-0.056394
544049760.000,Miguel,recording,knock_twice_right,12,0.640437,7.204075,6.338018,0.023832,-0.010476,-0.054859
544049770.000,Miguel,recording,knock_twice_right,12,0.541553,7.240706,6.377847,0.011702,-0.009790,-0.042581
544049780.000,Miguel,recording,knock_twice_right,12,0.476714,7.249834,6.413956,0.004968,-0.004413,-0.022375
544049790.000,Miguel,recording,knock_twice_right,12,0.533652,7.245710,6.473476,0.001884,-0.000344,-0.002857
544049800.000,Miguel,recording,knock_twice_right,12,0.645790,7.257888,6.451130,-0.002133,0.000127,0.009564
544049810.000,Miguel,recording,knock_twice_right,12,0.725061,7.285786,6.439640,-0.010338,-0.002157,0.014681
544049820.000,Miguel,recording,knock_twice_right,12,0.783445,7.307957,6.462917,-0.019293,-0.006302,0.014003
544049830.000,Miguel,recording,knock_twice_right,12,0.821661,7.289767,6.510373,-0.024826,-0.007581,0.009656
544049840.000,Miguel,recording,knock_twice_right,12,0.818477,7.282112,6.550581,-0.025144,-0.002122,0.002690
544049850.000,Miguel,recording,knock_twice_right,12,0.762308,7.281453,6.600735,-0.018381,0.009665,-0.003678
544049860.000,Miguel,recording,knock_twice_right,12,0.706436,7.261447,6.630803,-0.005990,0.021092,-0.005675
544049870.000,Miguel,recording,knock_twice_right,12,0.682594,7.265199,6.623969,0.008935,0.029473,-0.004466
544049880.000,Miguel,recording,knock_twice_right,12,0.674608,7.247449,6.602864,0.021725,0.035481,-0.001283
544049890.000,Miguel,recording,knock_twice_right,12,0.641684,7.242446,6.578525,0.029295,0.035750,0.003639
544049900.000,Miguel,recording,knock_twice_right,12,0.653355,7.231226,6.547200,0.032002,0.029478,0.009906
544049910.000,Miguel,recording,knock_twice_right,12,0.703620,7.224667,6.505395,0.028651,0.021109,0.015576
544049920.000,Miguel,recording,knock_twice_right,12,0.741348,7.236880,6.475884,0.018443,0.015320,0.018880
544049930.000,Miguel,recording,knock_twice_right,12,0.777445,7.233453,6.495195,0.006441,0.009518,0.018244
544049940.000,Miguel,recording,knock_twice_right,12,0.822342,7.202693,6.558350,-0.001028,0.002824,0.014596
544049950.000,Miguel,recording,knock_twice_right,12,0.859110,7.207146,6.559229,-0.002585,-0.001998,0.011364
544049960.000,Miguel,recording,knock_twice_right,12,0.874143,7.194473,6.554666,-0.000752,-0.003655,0.007292
544049970.000,Miguel,recording,knock_twice_right,12,0.848053,7.231471,6.538821,0.002363,-0.001107,0.002592
544049980.000,Miguel,recording,knock_twice_right,12,0.783437,7.207196,6.564223,0.007424,0.002634,0.001291
544049990.000,Miguel,recording,knock_twice_right,12,0.755081,7.183011,6.594490,0.016297,0.003471,0.002303
544050000.000,Miguel,recording,knock_twice_right,12,0.749419,7.192587,6.580309,0.026558,0.003501,0.002431
544050010.000,Miguel,recording,knock_twice_right,12,0.762218,7.215122,6.504108,0.032502,0.005930,0.000900
544050020.000,Miguel,recording,knock_twice_right,12,0.767674,7.243007,6.449810,0.032640,0.008568,-0.001114
544050030.000,Miguel,recording,knock_twice_right,12,0.770452,7.255709,6.401023,0.027055,0.009821,-0.002393
544050040.000,Miguel,recording,knock_twice_right,12,0.759099,7.271209,6.404454,0.018700,0.007330,-0.002539
544050050.000,Miguel,recording,knock_twice_right,12,0.728298,7.206512,6.456860,0.013376,-0.001511,-0.002016
544050060.000,Miguel,recording,knock_twice_right,12,0.725082,7.205396,6.412035,0.010352,-0.010770,-0.001550
544050070.000,Miguel,recording,knock_twice_right,12,0.720886,7.227600,6.385915,0.007221,-0.010534,-0.001077
544050080.000,Miguel,recording,knock_twice_right,12,0.690454,7.227717,6.374413,0.004175,-0.001515,0.001256
544050090.000,Miguel,recording,knock_twice_right,12,0.678869,7.207570,6.398246,0.001674,0.009101,0.006599
544050100.000,Miguel,recording,knock_twice_right,12,0.717885,7.196188,6.373075,-0.001641,0.015277,0.010745
544050110.000,Miguel,recording,knock_twice_right,12,0.769037,7.193421,6.362675,-0.010351,0.015152,0.010364
544050120.000,Miguel,recording,knock_twice_right,12,0.753045,7.203342,6.431078,-0.021884,0.011607,0.007775
544050130.000,Miguel,recording,knock_twice_right,12,0.737019,7.182253,6.523654,-0.028319,0.005043,0.006496
544050140.000,Miguel,recording,knock_twice_right,12,0.762222,7.192629,6.556188,-0.027958,-0.001582,0.007272
544050150.000,Miguel,recording,knock_twice_right,12,0.773741,7.221639,6.562845,-0.025826,-0.000514,0.007410
544050160.000,Miguel,recording,knock_twice_right,12,0.740510,7.224143,6.577893,-0.023496,0.010067,0.007216
544050170.000,Miguel,recording,knock_twice_right,12,0.737691,7.219002,6.641145,-0.018756,0.020263,0.009861
544050180.000,Miguel,recording,knock_twice_right,12,0.783693,7.213732,6.682704,-0.013501,0.021921,0.012275
544050190.000,Miguel,recording,knock_twice_right,12,0.834963,7.230312,6.659360,-0.010678,0.015495,0.010504
544050200.000,Miguel,recording,knock_twice_right,12,0.867740,7.236904,6.622958,-0.011660,0.003956,0.005986
544050210.000,Miguel,recording,knock_twice_right,12,0.855537,7.226279,6.658341,-0.014051,-0.008497,0.000493
544050220.000,Miguel,recording,knock_twice_right,12,0.828061,7.232484,6.737583,-0.010538,-0.020539,-0.004314
544050230.000,Miguel,recording,knock_twice_right,12,0.801633,7.230211,6.713856,0.001353,-0.028928,-0.006218
544050240.000,Miguel,recording,knock_twice_right,12,0.808548,7.240284,6.674582,0.016108,-0.024750,-0.006744
544050250.000,Miguel,recording,knock_twice_right,12,0.779384,7.249794,6.624830,0.027969,-0.011185,-0.006890
544050260.000,Miguel,recording,knock_twice_right,12,0.772678,7.240073,6.586954,0.036584,-0.001310,-0.006412
544050270.000,Miguel,recording,knock_twice_right,12,0.732576,7.252923,6.569342,0.043482,0.000416,-0.004396
544050280.000,Miguel,recording,knock_twice_right,12,0.734104,7.226589,6.533740,0.047164,-0.003993,-0.001371
544050290.000,Miguel,recording,knock_twice_right,12,0.788050,7.221453,6.450996,0.045870,-0.009142,-0.001062
544050300.000,Miguel,recording,knock_twice_right,12,0.745901,7.244448,6.360535,0.039638,-0.010950,-0.002742
544050310.000,Miguel,recording,knock_twice_right,12,0.725182,7.252775,6.330853,0.030130,-0.010161,-0.003311
544050320.000,Miguel,recording,knock_twice_right,12,0.688349,7.242695,6.309368,0.020857,-0.008240,-0.002509
544050330.000,Miguel,recording,knock_twice_right,12,0.684527,7.262174,6.311312,0.012936,-0.004286,0.000887
544050340.000,Miguel,recording,knock_twice_right,12,0.678632,7.248424,6.294850,0.005455,-0.000511,0.006136
544050350.000,Miguel,recording,knock_twice_right,12,0.725511,7.239360,6.286850,-0.001347,-0.000906,0.010701
544050360.000,Miguel,recording,knock_twice_right,12,0.778065,7.218707,6.300478,-0.009209,-0.000823,0.012502
544050370.000,Miguel,recording,knock_twice_right,12,0.824209,7.208267,6.327758,-0.017146,0.003305,0.009795
544050380.000,Miguel,recording,knock_twice_right,12,0.825288,7.216943,6.391384,-0.021687,0.008621,0.004242
544050390.000,Miguel,recording,knock_twice_right,12,0.761846,7.217923,6.453176,-0.022033,0.011798,-0.000463
544050400.000,Miguel,recording,knock_twice_right,12,0.724877,7.206691,6.492054,-0.019774,0.011276,-0.001575
544050410.000,Miguel,recording,knock_twice_right,12,0.718845,7.200471,6.512291,-0.017372,0.008623,-0.000288
544050420.000,Miguel,recording,knock_twice_right,12,0.715637,7.201843,6.488217,-0.017165,0.007082,0.002933
544050430.000,Miguel,recording,knock_twice_right,12,0.745024,7.232702,6.485052,-0.020040,0.006142,0.007256
544050440.000,Miguel,recording,knock_twice_right,12,0.811183,7.223238,6.489933,-0.024503,0.002882,0.009199
544050450.000,Miguel,recording,knock_twice_right,12,0.911077,7.202136,6.523650,-0.028680,0.000389,0.006151
544050460.000,Miguel,recording,knock_twice_right,12,0.960045,7.167076,6.556792,-0.031551,-0.000040,-0.002320
544050470.000,Miguel,recording,knock_twice_right,12,0.960594,7.152280,6.597528,-0.031450,0.000197,-0.013884
544050480.000,Miguel,recording,knock_twice_right,12,0.911548,7.141363,6.656775,-0.026725,0.000610,-0.023916
544050490.000,Miguel,recording,knock_twice_right,12,0.821362,7.127156,6.683283,-0.017247,-0.001725,-0.028134
544050500.000,Miguel,recording,knock_twice_right,12,0.761834,7.117881,6.706322,-0.004382,-0.002265,-0.034102
544050510.000,Miguel,recording,knock_twice_right,12,0.673044,7.103001,6.631411,0.008939,0.011839,-0.068482
544050520.000,Miguel,recording,knock_twice_right,12,0.185224,7.283085,6.422468,0.012621,0.025109,-0.075517
544050530.000,Miguel,recording,knock_twice_right,12,0.222447,7.392699,6.346447,0.002344,-0.008147,-0.036339
544050540.000,Miguel,recording,knock_twice_right,12,0.782362,7.508906,6.563403,-0.011423,-0.055781,-0.017196
544050550.000,Miguel,recording,knock_twice_right,12,0.642694,7.275367,6.249684,-0.028281,-0.064734,-0.008139
544050560.000,Miguel,recording,knock_twice_right,12,0.675267,7.359000,6.230669,-0.049939,-0.046538,0.012320
544050570.000,Miguel,recording,knock_twice_right,12,0.941930,7.480397,6.400435,-0.063322,-0.016751,0.037125
544050580.000,Miguel,recording,knock_twice_right,12,1.049510,7.383160,6.651640,-0.057895,0.017583,0.059660
544050590.000,Miguel,recording,knock_twice_right,12,1.001882,7.140471,6.832848,-0.036724,0.042949,0.070254
544050600.000,Miguel,recording,knock_twice_right,12,1.093080,6.918890,6.832306,-0.015706,0.043326,0.053246
544050610.000,Miguel,recording,knock_twice_right,12,1.079109,6.868028,6.788840,-0.005182,0.026553,0.016063
544050620.000,Miguel,recording,knock_twice_right,12,1.000094,6.927961,6.836779,0.005206,0.006499,-0.019713
544050630.000,Miguel,recording,knock_twice_right,12,0.895897,7.009890,6.858572,0.025915,-0.011636,-0.042993
544050640.000,Miguel,recording,knock_twice_right,12,0.800291,7.053978,6.732911,0.049099,-0.019352,-0.054590
544050650.000,Miguel,recording,knock_twice_right,12,0.696433,7.086427,6.568997,0.062670,-0.013489,-0.059220
544050660.000,Miguel,recording,knock_twice_right,12,0.672600,7.148363,6.469764,0.062933,-0.005897,-0.058693
544050670.000,Miguel,recording,knock_twice_right,12,0.695334,7.269985,6.395854,0.052335,-0.005973,-0.053572
544050680.000,Miguel,recording,knock_twice_right,12,0.680818,7.343433,6.345483,0.036211,-0.011830,-0.045739
544050690.000,Miguel,recording,knock_twice_right,12,0.669112,7.393110,6.346268,0.019280,-0.018503,-0.036562
544050700.000,Miguel,recording,knock_twice_right,12,0.681934,7.415089,6.364106,0.005369,-0.020944,-0.026759
544050710.000,Miguel,recording,knock_twice_right,12,0.648659,7.430963,6.409700,-0.005629,-0.016030,-0.016296
544050720.000,Miguel,recording,knock_twice_right,12,0.610192,7.388539,6.457256,-0.011202,-0.008188,-0.005415
544050730.000,Miguel,recording,knock_twice_right,12,0.594405,7.307521,6.541042,-0.007740,-0.004629,0.001925
544050740.000,Miguel,recording,knock_twice_right,12,0.634219,7.240322,6.552277,0.000740,-0.004755,0.003394
544050750.000,Miguel,recording,knock_twice_right,12,0.653483,7.241289,6.565895,0.010371,-0.003367,-0.000112
544050760.000,Miguel,recording,knock_twice_right,12,0.681585,7.252127,6.516559,0.019754,-0.000472,-0.005463
544050770.000,Miguel,recording,knock_twice_right,12,0.697703,7.227287,6.524347,0.028055,0.003696,-0.010790
544050780.000,Miguel,recording,knock_twice_right,12,0.708284,7.235313,6.468926,0.035635,0.008906,-0.015432
544050790.000,Miguel,recording,knock_twice_right,12,0.647059,7.260425,6.400866,0.039400,0.013404,-0.015698
544050800.000,Miguel,recording,knock_twice_right,12,0.594378,7.297560,6.321488,0.034634,0.018154,-0.008767
544050810.000,Miguel,recording,knock_twice_right,12,0.590088,7.331664,6.267438,0.018519,0.020595,0.005657
544050820.000,Miguel,recording,knock_twice_right,12,0.629390,7.345357,6.274380,-0.005758,0.015273,0.021571
544050830.000,Miguel,recording,knock_twice_right,12,0.707651,7.269854,6.323043,-0.029868,0.004882,0.031269
544050840.000,Miguel,recording,knock_twice_right,12,0.784143,7.214996,6.407144,-0.048274,-0.003142,0.034187
544050850.000,Miguel,recording,knock_twice_right,12,0.862014,7.190494,6.520642,-0.055758,-0.008651,0.031962
544050860.000,Miguel,recording,knock_twice_right,12,0.892767,7.162687,6.642075,-0.049404,-0.010972,0.024697
544050870.000,Miguel,recording,knock_twice_right,12,0.928343,7.092781,6.691674,-0.032170,-0.004248,0.006378
544050880.000,Miguel,recording,knock_twice_right,12,0.804854,7.119078,6.683460,-0.003277,0.033268,-0.043354
544050890.000,Miguel,recording,knock_twice_right,12,0.167597,7.379769,6.492858,0.031086,0.111360,-0.063885
544050900.000,Miguel,recording,knock_twice_right,12,-0.258587,7.505137,6.229492,0.047439,0.122499,-0.017540
544050910.000,Miguel,recording,knock_twice_right,12,0.553725,7.506377,6.529065,0.041308,0.055158,0.020979
544050920.000,Miguel,recording,knock_twice_right,12,0.573054,7.311460,6.162736,0.015753,-0.003582,0.038664
544050930.000,Miguel,recording,knock_twice_right,12,0.717481,7.264848,6.091232,-0.027945,-0.036978,0.060680
544050940.000,Miguel,recording,knock_twice_right,12,1.029726,7.442247,6.225903,-0.070662,-0.035332,0.081619
544050950.000,Miguel,recording,knock_twice_right,12,1.100323,7.438000,6.546151,-0.094852,-0.017093,0.094711
544050960.000,Miguel,recording,knock_twice_right,12,0.990315,7.178754,6.821196,-0.098722,-0.006011,0.094738
544050970.000,Miguel,recording,knock_twice_right,12,1.011889,6.954014,6.984839,-0.089280,-0.013286,0.079216
544050980.000,Miguel,recording,knock_twice_right,12,1.041177,6.943896,7.050430,-0.068537,-0.022753,0.054910
544050990.000,Miguel,recording,knock_twice_right,12,1.061404,7.006934,7.131189,-0.033622,-0.019863,0.030685
544051000.000,Miguel,recording,knock_twice_right,12,1.004454,6.960932,7.135303,0.014900,-0.011656,0.009694
544051010.000,Miguel,recording,knock_twice_right,12,0.932217,6.913988,7.011386,0.064313,-0.001750,-0.011841
544051020.000,Miguel,recording,knock_twice_right,12,0.875920,6.975395,6.805405,0.098286,0.009802,-0.032540
544051030.000,Miguel,recording,knock_twice_right,12,0.796604,7.116281,6.586399,0.110005,0.012852,-0.045055
544051040.000,Miguel,recording,knock_twice_right,12,0.733113,7.242393,6.429751,0.103797,0.003344,-0.044908
544051050.000,Miguel,recording,knock_twice_right,12,0.704035,7.302759,6.338509,0.085976,-0.012257,-0.036355
544051060.000,Miguel,recording,knock_twice_right,12,0.708120,7.351577,6.289177,0.061891,-0.026953,-0.025762
544051070.000,Miguel,recording,knock_twice_right,12,0.718829,7.384389,6.297420,0.038720,-0.036622,-0.013971
544051080.000,Miguel,recording,knock_twice_right,12,0.759519,7.374163,6.327751,0.022128,-0.038216,-0.004762
544051090.000,Miguel,recording,knock_twice_right,12,0.807133,7.323602,6.376532,0.013309,-0.030291,-0.003026
544051100.000,Miguel,recording,knock_twice_right,12,0.789730,7.261118,6.413844,0.009835,-0.019088,-0.007449
544051110.000,Miguel,recording,knock_twice_right,12,0.724987,7.243956,6.435889,0.009469,-0.010722,-0.012716
544051120.000,Miguel,recording,knock_twice_right,12,0.621115,7.222833,6.475215,0.012501,-0.005191,-0.014692
544051130.000,Miguel,recording,knock_twice_right,12,0.579629,7.215716,6.448535,0.017892,-0.003093,-0.011811
544051140.000,Miguel,recording,knock_twice_right,12,0.599622,7.197284,6.384025,0.021202,-0.003984,-0.007833
544051150.000,Miguel,recording,knock_twice_right,12,0.604141,7.223187,6.354094,0.021486,-0.003686,-0.004432
544051160.000,Miguel,recording,knock_twice_right,12,0.571184,7.245915,6.352463,0.019784,-0.001240,0.001756
544051170.000,Miguel,recording,knock_twice_right,12,0.580863,7.296652,6.313700,0.015854,0.002582,0.012498
544051180.000,Miguel,recording,knock_twice_right,12,0.668462,7.334458,6.281921,0.008451,0.006701,0.025324
544051190.000,Miguel,recording,knock_twice_right,12,0.780510,7.345235,6.254819,-0.004352,0.009581,0.031674
544051200.000,Miguel,recording,knock_twice_right,12,0.884634,7.314554,6.255660,-0.022363,0.011814,0.028975
544051210.000,Miguel,recording,knock_twice_right,12,0.870895,7.289364,6.313946,-0.041635,0.014240,0.022087
544051220.000,Miguel,recording,knock_twice_right,12,0.808793,7.272372,6.478093,-0.051851,0.015855,0.016689
544051230.000,Miguel,recording,knock_twice_right,12,0.733242,7.202868,6.633252,-0.047155,0.013720,0.015813
544051240.000,Miguel,recording,knock_twice_right,12,0.737683,7.172310,6.703500,-0.033854,0.007838,0.016514
544051250.000,Miguel,recording,knock_twice_right,12,0.760424,7.175584,6.694917,-0.019155,0.003063,0.015301
544051260.000,Miguel,recording,knock_twice_right,12,0.781219,7.159561,6.651216,-0.008184,0.004289,0.012736
544051270.000,Miguel,recording,knock_twice_right,12,0.770442,7.194418,6.613016,-0.001417,0.010150,0.011986
544051280.000,Miguel,recording,knock_twice_right,12,0.829574,7.200157,6.641404,0.005362,0.013670,0.012690
544051290.000,Miguel,recording,knock_twice_right,12,0.910446,7.189058,6.614996,0.010878,0.009413,0.010693
544051300.000,Miguel,recording,knock_twice_right,12,0.947942,7.197821,6.561876,0.010589,-0.000668,0.004167
544051310.000,Miguel,recording,knock_twice_right,13,0.926543,7.241408,6.532354,0.005271,-0.011456,-0.005270
544051320.000,Miguel,recording,knock_twice_right,13,0.838020,7.242705,6.570336,-0.000308,-0.017828,-0.012912
544051330.000,Miguel,recording,knock_twice_right,13,0.771285,7.233507,6.608615,-0.000819,-0.017957,-0.015251
544051340.000,Miguel,recording,knock_twice_right,13,0.755345,7.236629,6.602837,0.004552,-0.012839,-0.013478
544051350.000,Miguel,recording,knock_twice_right,13,0.758241,7.223098,6.573206,0.012911,-0.005771,-0.010785
544051360.000,Miguel,recording,knock_twice_right,13,0.768830,7.213854,6.537235,0.019485,-0.001630,-0.009207
544051370.000,Miguel,recording,knock_twice_right,13,0.756009,7.198427,6.506997,0.021384,-0.001877,-0.010134
544051380.000,Miguel,recording,knock_twice_right,13,0.743265,7.220774,6.511643,0.023032,-0.005325,-0.011569
544051390.000,Miguel,recording,knock_twice_right,13,0.710567,7.249611,6.495550,0.028093,-0.008824,-0.010724
544051400.000,Miguel,recording,knock_twice_right,13,0.709160,7.265494,6.442167,0.032000,-0.008228,-0.008449
544051410.000,Miguel,recording,knock_twice_right,13,0.741208,7.264106,6.362333,0.030201,-0.002859,-0.007251
544051420.000,Miguel,recording,knock_twice_right,13,0.748572,7.284422,6.286181,0.021455,0.002433,-0.008025
544051430.000,Miguel,recording,knock_twice_right,13,0.740813,7.287006,6.281436,0.007048,0.002470,-0.009189
544051440.000,Miguel,recording,knock_twice_right,13,0.720096,7.292371,6.321979,-0.006274,-0.002750,-0.008255
544051450.000,Miguel,recording,knock_twice_right,13,0.671442,7.274452,6.364849,-0.014020,-0.005796,-0.004399
544051460.000,Miguel,recording,knock_twice_right,13,0.655834,7.297238,6.436160,-0.016829,-0.003613,0.000637
544051470.000,Miguel,recording,knock_twice_right,13,0.682320,7.289469,6.488284,-0.015670,0.000256,0.006145
544051480.000,Miguel,recording,knock_twice_right,13,0.687471,7.279822,6.471801,-0.011556,0.003850,0.011461
544051490.000,Miguel,recording,knock_twice_right,13,0.715923,7.276730,6.471327,-0.008656,0.006294,0.014651
544051500.000,Miguel,recording,knock_twice_right,13,0.745053,7.272498,6.508522,-0.007667,0.007025,0.015957
544051510.000,Miguel,recording,knock_twice_right,13,0.764768,7.266400,6.486350,-0.007014,0.007671,0.016310
544051520.000,Miguel,recording,knock_twice_right,13,0.775404,7.243348,6.507060,-0.006865,0.009719,0.015382
544051530.000,Miguel,recording,knock_twice_right,13,0.808957,7.249883,6.497716,-0.007839,0.011168,0.013140
544051540.000,Miguel,recording,knock_twice_right,13,0.821212,7.227259,6.509837,-0.011022,0.009330,0.009307
544051550.000,Miguel,recording,knock_twice_right,13,0.802114,7.209096,6.541741,-0.014021,0.004984,0.006140
544051560.000,Miguel,recording,knock_twice_right,13,0.786950,7.195947,6.621513,-0.012257,-0.001175,0.004656
544051570.000,Miguel,recording,knock_twice_right,13,0.794611,7.209393,6.619103,-0.003933,-0.008080,0.004357
544051580.000,Miguel,recording,knock_twice_right,13,0.846653,7.235512,6.577656,0.004766,-0.008405,0.004033
544051590.000,Miguel,recording,knock_twice_right,13,0.883396,7.281015,6.545004,0.009089,-0.001471,0.001207
544051600.000,Miguel,recording,knock_twice_right,13,0.848189,7.266227,6.533110,0.010846,0.003713,-0.002875
544051610.000,Miguel,recording,knock_twice_right,13,0.779334,7.247593,6.537550,0.011794,0.003135,-0.004648
544051620.000,Miguel,recording,knock_twice_right,13,0.735847,7.220452,6.527732,0.013673,-0.000635,-0.003111
544051630.000,Miguel,recording,knock_twice_right,13,0.745487,7.202221,6.523512,0.016385,-0.005936,-0.000190
544051640.000,Miguel,recording,knock_twice_right,13,0.785419,7.207021,6.466674,0.016325,-0.011309,0.001611
544051650.000,Miguel,recording,knock_twice_right,13,0.827910,7.205363,6.429540,0.012724,-0.013435,-0.000558
544051660.000,Miguel,recording,knock_twice_right,13,0.836809,7.197515,6.425571,0.007673,-0.010797,-0.007474
544051670.000,Miguel,recording,knock_twice_right,13,0.790932,7.225052,6.475548,0.005115,-0.005196,-0.015568
544051680.000,Miguel,recording,knock_twice_right,13,0.735989,7.240603,6.496117,0.006678,-0.001340,-0.018742
544051690.000,Miguel,recording,knock_twice_right,13,0.679288,7.281961,6.475903,0.008129,-0.001214,-0.016388
544051700.000,Miguel,recording,knock_twice_right,13,0.643567,7.298518,6.468780,0.005972,-0.003538,-0.010892
544051710.000,Miguel,recording,knock_twice_right,13,0.627269,7.301132,6.486366,0.002121,-0.007820,-0.003155
544051720.000,Miguel,recording,knock_twice_right,13,0.632447,7.297253,6.495767,0.001354,-0.013544,0.007625
544051730.000,Miguel,recording,knock_twice_right,13,0.704284,7.313703,6.467035,0.002216,-0.018129,0.018974
544051740.000,Miguel,recording,knock_twice_right,13,0.786256,7.328605,6.436699,0.001527,-0.016151,0.025634
544051750.000,Miguel,recording,knock_twice_right,13,0.861604,7.287592,6.416794,-0.001521,-0.009030,0.026469
544051760.000,Miguel,recording,knock_twice_right,13,0.877145,7.238817,6.438300,-0.004308,-0.003653,0.023013
544051770.000,Miguel,recording,knock_twice_right,13,0.895365,7.173837,6.504739,-0.002362,-0.003234,0.014811
544051780.000,Miguel,recording,knock_twice_right,13,0.876432,7.149252,6.482323,0.001991,-0.003814,0.004424
544051790.000,Miguel,recording,knock_twice_right,13,0.858447,7.148323,6.465566,0.004793,-0.002582,-0.004417
544051800.000,Miguel,recording,knock_twice_right,13,0.844522,7.171897,6.419503,0.006001,-0.000673,-0.011600
544051810.000,Miguel,recording,knock_twice_right,13,0.802766,7.194736,6.438213,0.006515,0.004080,-0.015261
544051820.000,Miguel,recording,knock_twice_right,13,0.761871,7.218797,6.430909,0.004878,0.012042,-0.014654
544051830.000,Miguel,recording,knock_twice_right,13,0.703732,7.238042,6.409216,-0.000553,0.018688,-0.009824
544051840.000,Miguel,recording,knock_twice_right,13,0.686826,7.248303,6.445065,-0.008650,0.017542,-0.002772
544051850.000,Miguel,recording,knock_twice_right,13,0.723518,7.241179,6.497665,-0.015886,0.007172,0.003344
544051860.000,Miguel,recording,knock_twice_right,13,0.777372,7.259773,6.523587,-0.022102,-0.006581,0.006204
544051870.000,Miguel,recording,knock_twice_right,13,0.841803,7.272454,6.526649,-0.027777,-0.016537,0.004988
544051880.000,Miguel,recording,knock_twice_right,13,0.878905,7.289375,6.586342,-0.029254,-0.017902,0.001345
544051890.000,Miguel,recording,knock_twice_right,13,0.864909,7.275181,6.622094,-0.023035,-0.011127,-0.003236
544051900.000,Miguel,recording,knock_twice_right,13,0.823390,7.265230,6.687655,-0.010272,-0.002749,-0.007591
544051910.000,Miguel,recording,knock_twice_right,13,0.745922,7.259091,6.680312,0.003798,0.002944,-0.010013
544051920.000,Miguel,recording,knock_twice_right,13,0.713546,7.266316,6.655146,0.015322,0.005489,-0.010204
544051930.000,Miguel,recording,knock_twice_right,13,0.719823,7.272829,6.609955,0.023430,0.001694,-0.008991
544051940.000,Miguel,recording,knock_twice_right,13,0.730029,7.304722,6.597682,0.029774,-0.005881,-0.008727
544051950.000,Miguel,recording,knock_twice_right,13,0.715290,7.290377,6.536318,0.034480,-0.011864,-0.009309
544051960.000,Miguel,recording,knock_twice_right,13,0.720331,7.313142,6.481528,0.036293,-0.013685,-0.007467
544051970.000,Miguel,recording,knock_twice_right,13,0.720947,7.318856,6.391625,0.034732,-0.009516,-0.003939
544051980.000,Miguel,recording,knock_twice_right,13,0.705821,7.349377,6.315604,0.029882,-0.002666,0.000428
544051990.000,Miguel,recording,knock_twice_right,13,0.666699,7.314659,6.316179,0.023468,0.002549,0.007102
544052000.000,Miguel,recording,knock_twice_right,13,0.641734,7.296178,6.345446,0.017636,0.005354,0.015271
544052010.000,Miguel,recording,knock_twice_right,13,0.679658,7.278649,6.324349,0.011616,0.007339,0.022670
544052020.000,Miguel,recording,knock_twice_right,13,0.731160,7.270386,6.302171,0.004467,0.007933,0.027564
544052030.000,Miguel,recording,knock_twice_right,13,0.749471,7.250536,6.327773,-0.004427,0.005073,0.028313
544052040.000,Miguel,recording,knock_twice_right,13,0.754959,7.232104,6.348784,-0.014053,-0.001060,0.026325
544052050.000,Miguel,recording,knock_twice_right,13,0.796003,7.216147,6.328101,-0.024090,-0.004409,0.023910
544052060.000,Miguel,recording,knock_twice_right,13,0.833819,7.205400,6.369042,-0.033821,-0.001933,0.019423
544052070.000,Miguel,recording,knock_twice_right,13,0.826569,7.190703,6.440880,-0.038046,0.002757,0.013130
544052080.000,Miguel,recording,knock_twice_right,13,0.795486,7.189789,6.538820,-0.035442,0.006050,0.009243
544052090.000,Miguel,recording,knock_twice_right,13,0.796038,7.197283,6.553209,-0.029129,0.006437,0.008872
544052100.000,Miguel,recording,knock_twice_right,13,0.816312,7.233259,6.579393,-0.022054,0.005596,0.009378
544052110.000,Miguel,recording,knock_twice_right,13,0.840171,7.221108,6.570311,-0.015821,0.004098,0.008894
544052120.000,Miguel,recording,knock_twice_right,13,0.862732,7.213679,6.568621,-0.010493,0.003210,0.007931
544052130.000,Miguel,recording,knock_twice_right,13,0.895353,7.213403,6.552340,-0.006392,0.004284,0.007309
544052140.000,Miguel,recording,knock_twice_right,13,0.920142,7.216499,6.526358,-0.005923,0.006175,0.005379
544052150.000,Miguel,recording,knock_twice_right,13,0.955388,7.173990,6.525694,-0.009411,0.003661,0.000889
544052160.000,Miguel,recording,knock_twice_right,13,0.969517,7.164970,6.519263,-0.013582,-0.006122,-0.005946
544052170.000,Miguel,recording,knock_twice_right,13,0.940987,7.158595,6.559377,-0.015357,-0.014102,-0.014690
544052180.000,Miguel,recording,knock_twice_right,13,0.877340,7.145258,6.611594,-0.011356,-0.013361,-0.021803
544052190.000,Miguel,recording,knock_twice_right,13,0.803378,7.138229,6.630731,-0.000728,-0.006747,-0.023924
544052200.000,Miguel,recording,knock_twice_right,13,0.798121,7.152197,6.611944,0.012562,0.001484,-0.022347
544052210.000,Miguel,recording,knock_twice_right,13,0.811207,7.172950,6.568080,0.022070,0.006008,-0.021777
544052220.000,Miguel,recording,knock_twice_right,13,0.846711,7.197577,6.491555,0.023434,0.003682,-0.024704
544052230.000,Miguel,recording,knock_twice_right,13,0.839453,7.237943,6.443251,0.016899,-0.004451,-0.028931
544052240.000,Miguel,recording,knock_twice_right,13,0.815430,7.268938,6.414912,0.005602,-0.014005,-0.032768
544052250.000,Miguel,recording,knock_twice_right,13,0.746688,7.312071,6.398701,-0.004830,-0.020243,-0.033951
544052260.000,Miguel,recording,knock_twice_right,13,0.700783,7.321932,6.386638,-0.012112,-0.020361,-0.030674
544052270.000,Miguel,recording,knock_twice_right,13,0.643929,7.329674,6.432522,-0.013831,-0.012609,-0.024055
544052280.000,Miguel,recording,knock_twice_right,13,0.631409,7.302496,6.500938,-0.009105,-0.001484,-0.015215
544052290.000,Miguel,recording,knock_twice_right,13,0.648141,7.302190,6.480463,-0.002328,0.006850,-0.006832
544052300.000,Miguel,recording,knock_twice_right,13,0.700656,7.319220,6.442812,0.000932,0.011960,-0.001970
544052310.000,Miguel,recording,knock_twice_right,13,0.720681,7.306741,6.441193,-0.000568,0.011563,-0.001824
544052320.000,Miguel,recording,knock_twice_right,13,0.733182,7.282356,6.449613,-0.004128,0.007225,-0.003052
544052330.000,Miguel,recording,knock_twice_right,13,0.705462,7.312058,6.457487,-0.008581,0.005188,-0.003204
544052340.000,Miguel,recording,knock_twice_right,13,0.641942,7.336210,6.496788,-0.010422,0.003616,-0.000744
544052350.000,Miguel,recording,knock_twice_right,13,0.599788,7.308209,6.569484,-0.007115,-0.000992,0.005842
544052360.000,Miguel,recording,knock_twice_right,13,0.633279,7.298742,6.553857,-0.002625,-0.005487,0.014582
544052370.000,Miguel,recording,knock_twice_right,13,0.741458,7.335164,6.479750,-0.000773,-0.005585,0.020569
544052380.000,Miguel,recording,knock_twice_right,13,0.793163,7.316416,6.451601,-0.001517,-0.001786,0.020682
544052390.000,Miguel,recording,knock_twice_right,13,0.791707,7.304890,6.433067,-0.004343,0.003679,0.018225
544052400.000,Miguel,recording,knock_twice_right,13,0.817297,7.263720,6.458813,-0.007897,0.008312,0.016119
544052410.000,Miguel,recording,knock_twice_right,13,0.845066,7.233009,6.458605,-0.011650,0.008619,0.012955
544052420.000,Miguel,recording,knock_twice_right,13,0.840143,7.188963,6.447380,-0.017565,0.004729,0.007972
544052430.000,Miguel,recording,knock_twice_right,13,0.791881,7.175630,6.452196,-0.024681,0.001399,0.004801
544052440.000,Miguel,recording,knock_twice_right,13,0.768995,7.171057,6.538471,-0.026199,-0.000442,0.006066
544052450.000,Miguel,recording,knock_twice_right,13,0.780359,7.152972,6.593582,-0.018040,-0.005054,0.010215
544052460.000,Miguel,recording,knock_twice_right,13,0.839270,7.125123,6.580036,-0.007356,-0.008792,0.012447
544052470.000,Miguel,recording,knock_twice_right,13,0.923021,7.131973,6.506754,-0.001673,-0.007509,0.008671
544052480.000,Miguel,recording,knock_twice_right,13,0.973410,7.162183,6.444341,-0.002165,-0.002654,-0.000123
544052490.000,Miguel,recording,knock_twice_right,13,0.916880,7.195065,6.456428,-0.005784,0.004855,-0.009843
544052500.000,Miguel,recording,knock_twice_right,13,0.802424,7.209575,6.521921,-0.006814,0.013078,-0.014025
544052510.000,Miguel,recording,knock_twice_right,13,0.751079,7.196983,6.582668,-0.003039,0.014610,-0.011200
544052520.000,Miguel,recording,knock_twice_right,13,0.759783,7.183928,6.598089,0.004079,0.005518,-0.005636
544052530.000,Miguel,recording,knock_twice_right,13,0.786095,7.173247,6.552955,0.009952,-0.005956,-0.002829
544052540.000,Miguel,recording,knock_twice_right,13,0.827764,7.198993,6.470712,0.011196,-0.009322,-0.005790
544052550.000,Miguel,recording,knock_twice_right,13,0.852608,7.231394,6.449129,0.008401,-0.002245,-0.010865
544052560.000,Miguel,recording,knock_twice_right,13,0.839132,7.251951,6.432588,0.004616,0.008147,-0.015894
544052570.000,Miguel,recording,knock_twice_right,13,0.803079,7.221721,6.411682,-0.000879,0.015649,-0.021009
544052580.000,Miguel,recording,knock_twice_right,13,0.732672,7.211627,6.432712,-0.010802,0.015347,-0.023307
544052590.000,Miguel,recording,knock_twice_right,13,0.670238,7.194591,6.447054,-0.021898,0.005740,-0.019590
544052600.000,Miguel,recording,knock_twice_right,13,0.660738,7.213315,6.536119,-0.026396,-0.005318,-0.012751
544052610.000,Miguel,recording,knock_twice_right,13,0.691337,7.194202,6.608097,-0.019409,-0.011373,-0.006641
544052620.000,Miguel,recording,knock_twice_right,13,0.775720,7.173227,6.598876,-0.007682,-0.009950,-0.003822
544052630.000,Miguel,recording,knock_twice_right,13,0.842491,7.225516,6.532081,-0.000139,-0.000858,-0.007096
544052640.000,Miguel,recording,knock_twice_right,13,0.853283,7.256096,6.473865,0.001855,0.011072,-0.015160
544052650.000,Miguel,recording,knock_twice_right,13,0.802906,7.294496,6.493688,-0.002018,0.021368,-0.021716
544052660.000,Miguel,recording,knock_twice_right,13,0.696322,7.327528,6.552030,-0.009084,0.022032,-0.021789
544052670.000,Miguel,recording,knock_twice_right,13,0.608365,7.307503,6.631788,-0.014540,0.007978,-0.015548
544052680.000,Miguel,recording,knock_twice_right,13,0.573861,7.298880,6.660178,-0.016345,-0.014018,-0.004524
544052690.000,Miguel,recording,knock_twice_right,13,0.630797,7.303438,6.660995,-0.014357,-0.030926,0.006313
544052700.000,Miguel,recording,knock_twice_right,13,0.698711,7.348711,6.634107,-0.007736,-0.034829,0.014288
544052710.000,Miguel,recording,knock_twice_right,13,0.760747,7.331401,6.647382,0.004493,-0.027039,0.019765
544052720.000,Miguel,recording,knock_twice_right,13,0.810661,7.293079,6.651863,0.020264,-0.014212,0.022303
544052730.000,Miguel,recording,knock_twice_right,13,0.858374,7.271835,6.585519,0.034199,-0.003772,0.020000
544052740.000,Miguel,recording,knock_twice_right,13,0.863059,7.243660,6.517272,0.043297,-0.000329,0.012233
544052750.000,Miguel,recording,knock_twice_right,13,0.825271,7.222076,6.422121,0.045018,-0.004232,0.003407
544052760.000,Miguel,recording,knock_twice_right,13,0.773975,7.238353,6.366152,0.039492,-0.009044,-0.002270
544052770.000,Miguel,recording,knock_twice_right,13,0.765977,7.231788,6.317879,0.033166,-0.011342,-0.003140
544052780.000,Miguel,recording,knock_twice_right,13,0.778365,7.210658,6.268967,0.027025,-0.010628,-0.001812
544052790.000,Miguel,recording,knock_twice_right,13,0.797656,7.186706,6.194243,0.015515,-0.005664,-0.002141
544052800.000,Miguel,recording,knock_twice_right,13,0.777275,7.172955,6.181699,-0.001795,0.000542,-0.003691
544052810.000,Miguel,recording,knock_twice_right,13,0.705839,7.179573,6.273186,-0.020008,0.005166,-0.002718
544052820.000,Miguel,recording,knock_twice_right,13,0.634874,7.165661,6.411950,-0.030021,0.003432,0.004007
544052830.000,Miguel,recording,knock_twice_right,13,0.673879,7.134704,6.517580,-0.026970,-0.004569,0.013603
544052840.000,Miguel,recording,knock_twice_right,13,0.800805,7.161522,6.474517,-0.019056,-0.007403,0.018383
544052850.000,Miguel,recording,knock_twice_right,13,0.896853,7.176900,6.417701,-0.015680,0.002866,0.014699
544052860.000,Miguel,recording,knock_twice_right,13,0.933807,7.222847,6.378847,-0.019386,0.020102,0.005405
544052870.000,Miguel,recording,knock_twice_right,13,0.891499,7.220980,6.428857,-0.027698,0.031777,-0.003666
544052880.000,Miguel,recording,knock_twice_right,13,0.826341,7.216159,6.475100,-0.038422,0.031394,-0.009055
544052890.000,Miguel,recording,knock_twice_right,13,0.773319,7.188421,6.551694,-0.048577,0.021563,-0.010213
544052900.000,Miguel,recording,knock_twice_right,13,0.732704,7.212173,6.619473,-0.055486,0.008755,-0.007783
544052910.000,Miguel,recording,knock_twice_right,13,0.724392,7.236568,6.683076,-0.056530,-0.003179,-0.003930
544052920.000,Miguel,recording,knock_twice_right,13,0.770726,7.217467,6.762106,-0.047769,-0.011421,-0.001418
544052930.000,Miguel,recording,knock_twice_right,13,0.833822,7.221845,6.795219,-0.030395,-0.012463,-0.002989
544052940.000,Miguel,recording,knock_twice_right,13,0.864319,7.242539,6.804079,-0.008381,-0.006184,-0.009188
544052950.000,Miguel,recording,knock_twice_right,13,0.823833,7.250827,6.788700,0.015397,0.001336,-0.015830
544052960.000,Miguel,recording,knock_twice_right,13,0.727637,7.263346,6.735554,0.035810,0.006071,-0.017840
544052970.000,Miguel,recording,knock_twice_right,13,0.686778,7.283648,6.645275,0.047947,0.008167,-0.014760
544052980.000,Miguel,recording,knock_twice_right,13,0.702211,7.274311,6.555405,0.050558,0.006437,-0.009209
544052990.000,Miguel,recording,knock_twice_right,13,0.736147,7.273527,6.501421,0.045704,-0.000301,-0.003787
544053000.000,Miguel,recording,knock_twice_right,13,0.775253,7.261360,6.441396,0.036257,-0.010199,-0.001792
544053010.000,Miguel,recording,knock_twice_right,13,0.812018,7.228672,6.407394,0.022929,-0.018266,-0.003734
544053020.000,Miguel,recording,knock_twice_right,13,0.810595,7.226259,6.419204,0.010508,-0.019195,-0.008200
544053030.000,Miguel,recording,knock_twice_right,13,0.736373,7.233814,6.474394,0.004916,-0.015959,-0.012240
544053040.000,Miguel,recording,knock_twice_right,13,0.684199,7.249003,6.529622,0.007092,-0.014870,-0.011362
544053050.000,Miguel,recording,knock_twice_right,13,0.663081,7.247180,6.492048,0.013165,-0.014709,-0.005807
544053060.000,Miguel,recording,knock_twice_right,13,0.644118,7.258258,6.449005,0.017089,-0.010024,0.000634
544053070.000,Miguel,recording,knock_twice_right,13,0.682426,7.274338,6.409986,0.019701,-0.002094,0.006291
544053080.000,Miguel,recording,knock_twice_right,13,0.718824,7.253820,6.389489,0.021336,0.002768,0.010706
544053090.000,Miguel,recording,knock_twice_right,13,0.763073,7.253638,6.336613,0.018544,0.005796,0.012367
544053100.000,Miguel,recording,knock_twice_right,13,0.778545,7.255447,6.294613,0.009368,0.009356,0.010712
544053110.000,Miguel,recording,knock_twice_right,13,0.774442,7.259192,6.334029,-0.003579,0.010165,0.007665
544053120.000,Miguel,recording,knock_twice_right,13,0.759806,7.208655,6.411926,-0.013703,0.007137,0.006565
544053130.000,Miguel,recording,knock_twice_right,13,0.743555,7.227558,6.432422,-0.020589,0.003346,0.008165
544053140.000,Miguel,recording,knock_twice_right,13,0.766274,7.234656,6.446256,-0.026828,0.000953,0.009784
544053150.000,Miguel,recording,knock_twice_right,13,0.788052,7.216502,6.486425,-0.030442,0.001271,0.010176
544053160.000,Miguel,recording,knock_twice_right,13,0.791506,7.184716,6.542463,-0.028822,0.004412,0.010518
544053170.000,Miguel,recording,knock_twice_right,13,0.794248,7.182254,6.565758,-0.022764,0.009841,0.011422
544053180.000,Miguel,recording,knock_twice_right,13,0.799687,7.199774,6.572001,-0.016714,0.016857,0.011622
544053190.000,Miguel,recording,knock_twice_right,13,0.829054,7.188255,6.571173,-0.012983,0.019147,0.010531
544053200.000,Miguel,recording,knock_twice_right,13,0.869688,7.189832,6.594368,-0.010201,0.012820,0.007522
544053210.000,Miguel,recording,knock_twice_right,13,0.875145,7.161390,6.616491,-0.007634,0.003507,0.002372
544053220.000,Miguel,recording,knock_twice_right,13,0.858739,7.184089,6.644387,-0.004097,-0.003868,-0.002409
544053230.000,Miguel,recording,knock_twice_right,13,0.844564,7.204249,6.631431,0.000763,-0.006247,-0.004811
544053240.000,Miguel,recording,knock_twice_right,13,0.842305,7.232021,6.596916,0.004353,-0.003800,-0.005772
544053250.000,Miguel,recording,knock_twice_right,13,0.852909,7.223598,6.571968,0.005848,0.000179,-0.007652
544053260.000,Miguel,recording,knock_twice_right,13,0.809824,7.219229,6.556882,0.004847,0.003007,-0.010713
544053270.000,Miguel,recording,knock_twice_right,13,0.780673,7.220365,6.532470,0.001573,0.000377,-0.012925
544053280.000,Miguel,recording,knock_twice_right,13,0.746694,7.227019,6.548465,-0.000692,-0.006268,-0.013333
544053290.000,Miguel,recording,knock_twice_right,13,0.729973,7.225251,6.578280,0.000913,-0.009113,-0.012187
544053300.000,Miguel,recording,knock_twice_right,13,0.721592,7.212201,6.584784,0.007269,-0.006856,-0.010141
544053310.000,Miguel,recording,knock_twice_right,13,0.737354,7.249530,6.581090,0.017053,-0.003082,-0.008081
544053320.000,Miguel,recording,knock_twice_right,13,0.745170,7.240758,6.549747,0.027350,-0.000540,-0.007780
544053330.000,Miguel,recording,knock_twice_right,13,0.757560,7.235335,6.499095,0.034264,-0.001313,-0.008948
544053340.000,Miguel,recording,knock_twice_right,13,0.750445,7.252373,6.449553,0.035751,-0.004710,-0.009547
544053350.000,Miguel,recording,knock_twice_right,13,0.766029,7.252997,6.408818,0.031576,-0.009785,-0.010364
544053360.000,Miguel,recording,knock_twice_right,13,0.753760,7.281722,6.357671,0.023457,-0.012523,-0.010769
544053370.000,Miguel,recording,knock_twice_right,13,0.753170,7.299098,6.334431,0.013265,-0.008378,-0.009942
544053380.000,Miguel,recording,knock_twice_right,13,0.728107,7.322830,6.325674,0.002720,0.000472,-0.008097
544053390.000,Miguel,recording,knock_twice_right,13,0.722986,7.317951,6.380756,-0.006509,0.008091,-0.004657
544053400.000,Miguel,recording,knock_twice_right,13,0.732019,7.276859,6.442525,-0.012681,0.008209,-0.000127
544053410.000,Miguel,recording,knock_twice_right,13,0.724567,7.196209,6.478650,-0.014133,0.000822,0.003274
544053420.000,Miguel,recording,knock_twice_right,13,0.718558,7.159403,6.495906,-0.012853,-0.006596,0.006241
544053430.000,Miguel,recording,knock_twice_right,13,0.760473,7.155301,6.507437,-0.009063,-0.009601,0.008397
544053440.000,Miguel,recording,knock_twice_right,13,0.846380,7.162231,6.483198,-0.004660,-0.008596,0.006684
544053450.000,Miguel,recording,knock_twice_right,13,0.933522,7.147880,6.467312,-0.004651,-0.002915,-0.000389
544053460.000,Miguel,recording,knock_twice_right,13,0.944798,7.147914,6.416086,-0.008750,0.004711,-0.012501
544053470.000,Miguel,recording,knock_twice_right,13,0.950289,7.174221,6.437361,-0.014179,0.007959,-0.025105
544053480.000,Miguel,recording,knock_twice_right,13,0.896476,7.197181,6.495867,-0.017842,0.005338,-0.035030
544053490.000,Miguel,recording,knock_twice_right,13,0.720595,7.207376,6.530070,-0.018186,0.004496,-0.040239
544053500.000,Miguel,recording,knock_twice_right,13,0.118936,7.252229,6.444726,-0.020479,0.028089,-0.033958
544053510.000,Miguel,recording,knock_twice_right,13,-0.429029,7.530435,6.260846,-0.023141,0.033565,-0.001506
544053520.000,Miguel,recording,knock_twice_right,13,0.843061,7.450977,6.596757,-0.027484,-0.011163,0.034623
544053530.000,Miguel,recording,knock_twice_right,13,0.464745,7.370586,6.408127,-0.042881,-0.042945,0.048640
544053540.000,Miguel,recording,knock_twice_right,13,0.872145,7.310907,6.380700,-0.060892,-0.046582,0.049918
544053550.000,Miguel,recording,knock_twice_right,13,0.983514,7.442480,6.511264,-0.068399,-0.033747,0.043462
544053560.000,Miguel,recording,knock_twice_right,13,1.178625,7.392547,6.723228,-0.060070,-0.002806,0.036027
544053570.000,Miguel,recording,knock_twice_right,13,1.103413,7.283997,6.927653,-0.033487,0.024415,0.032114
544053580.000,Miguel,recording,knock_twice_right,13,1.050216,7.181658,6.995883,0.000724,0.034892,0.028551
544053590.000,Miguel,recording,knock_twice_right,13,0.941667,7.083001,6.914866,0.028341,0.037379,0.018519
544053600.000,Miguel,recording,knock_twice_right,13,0.851970,6.999694,6.848361,0.046205,0.035263,0.004551
544053610.000,Miguel,recording,knock_twice_right,13,0.819749,7.033310,6.790804,0.057261,0.022063,-0.001970
544053620.000,Miguel,recording,knock_twice_right,13,0.823579,7.046002,6.701193,0.064982,0.000944,-0.001997
544053630.000,Miguel,recording,knock_twice_right,13,0.881410,7.029260,6.585428,0.067996,-0.017027,-0.005806
544053640.000,Miguel,recording,knock_twice_right,13,0.892077,7.019394,6.472991,0.065511,-0.023996,-0.016540
544053650.000,Miguel,recording,knock_twice_right,13,0.843486,7.108030,6.393763,0.059657,-0.021866,-0.027698
544053660.000,Miguel,recording,knock_twice_right,13,0.820207,7.205717,6.354422,0.052312,-0.014647,-0.033620
544053670.000,Miguel,recording,knock_twice_right,13,0.751819,7.244660,6.352552,0.046339,-0.004171,-0.034674
544053680.000,Miguel,recording,knock_twice_right,13,0.719724,7.277090,6.327967,0.041063,0.004857,-0.031310
544053690.000,Miguel,recording,knock_twice_right,13,0.671240,7.315259,6.309846,0.032704,0.006855,-0.023135
544053700.000,Miguel,recording,knock_twice_right,13,0.666401,7.352291,6.279269,0.020448,0.001594,-0.012807
544053710.000,Miguel,recording,knock_twice_right,13,0.686491,7.335762,6.237075,0.004980,-0.005225,-0.004767
544053720.000,Miguel,recording,knock_twice_right,13,0.724581,7.309413,6.253870,-0.011974,-0.010881,-0.000692
544053730.000,Miguel,recording,knock_twice_right,13,0.732153,7.271577,6.292577,-0.028199,-0.013893,-0.000767
544053740.000,Miguel,recording,knock_twice_right,13,0.708408,7.266636,6.384265,-0.037374,-0.012134,-0.004470
544053750.000,Miguel,recording,knock_twice_right,13,0.693367,7.234110,6.482086,-0.034556,-0.009384,-0.008777
544053760.000,Miguel,recording,knock_twice_right,13,0.709725,7.234780,6.535655,-0.022580,-0.006135,-0.011738
544053770.000,Miguel,recording,knock_twice_right,13,0.721592,7.247030,6.559969,-0.005260,0.001243,-0.013782
544053780.000,Miguel,recording,knock_twice_right,13,0.713602,7.235035,6.521776,0.012292,0.010261,-0.014743
544053790.000,Miguel,recording,knock_twice_right,13,0.702435,7.264261,6.428940,0.022845,0.018487,-0.014226
544053800.000,Miguel,recording,knock_twice_right,13,0.731676,7.289560,6.334269,0.020143,0.024765,-0.011336
544053810.000,Miguel,recording,knock_twice_right,13,0.740036,7.312526,6.276629,0.003743,0.025552,-0.005139
544053820.000,Miguel,recording,knock_twice_right,13,0.726523,7.282737,6.257455,-0.023065,0.019754,0.003340
544053830.000,Miguel,recording,knock_twice_right,13,0.755928,7.248341,6.370085,-0.052178,0.007345,0.010575
544053840.000,Miguel,recording,knock_twice_right,13,0.822653,7.198639,6.517976,-0.072682,-0.009382,0.014060
544053850.000,Miguel,recording,knock_twice_right,13,0.877657,7.150229,6.660285,-0.078419,-0.022502,0.013464
544053860.000,Miguel,recording,knock_twice_right,13,0.921719,7.101823,6.771580,-0.068060,-0.027668,0.007222
544053870.000,Miguel,recording,knock_twice_right,13,0.863326,7.059982,6.793335,-0.045623,-0.018962,-0.003051
544053880.000,Miguel,recording,knock_twice_right,13,0.320226,7.130654,6.668196,-0.019626,0.023310,-0.005845
544053890.000,Miguel,recording,knock_twice_right,13,-0.012595,7.458606,6.451465,0.008904,0.057455,0.012390
544053900.000,Miguel,recording,knock_twice_right,13,0.896012,7.326645,6.562031,0.029696,0.059686,0.031949
544053910.000,Miguel,recording,knock_twice_right,13,0.507823,7.300922,6.187450,0.025241,0.065318,0.035873
544053920.000,Miguel,recording,knock_twice_right,13,0.818964,7.260315,6.103414,-0.001372,0.060220,0.033162
544053930.000,Miguel,recording,knock_twice_right,13,0.910105,7.340073,6.178919,-0.040127,0.035546,0.025483
544053940.000,Miguel,recording,knock_twice_right,13,1.079492,7.301166,6.379685,-0.079134,0.007286,0.016328
544053950.000,Miguel,recording,knock_twice_right,13,1.126300,7.206387,6.632302,-0.103005,-0.016673,0.007595
544053960.000,Miguel,recording,knock_twice_right,13,1.086848,7.158062,6.883190,-0.103628,-0.032440,-0.001461
544053970.000,Miguel,recording,knock_twice_right,13,0.982118,7.121971,7.077648,-0.083697,-0.037968,-0.006514
544053980.000,Miguel,recording,knock_twice_right,13,0.895755,7.084379,7.211613,-0.047806,-0.039405,-0.008502
544053990.000,Miguel,recording,knock_twice_right,13,0.922123,7.036265,7.189697,-0.003735,-0.037142,-0.013504
544054000.000,Miguel,recording,knock_twice_right,13,0.943516,7.078768,7.077920,0.037623,-0.027996,-0.021993
544054010.000,Miguel,recording,knock_twice_right,13,0.959592,7.067553,6.983525,0.073164,-0.018252,-0.034151
544054020.000,Miguel,recording,knock_twice_right,13,0.899620,7.076643,6.835723,0.100669,-0.012733,-0.047988
544054030.000,Miguel,recording,knock_twice_right,13,0.805675,7.132501,6.642946,0.115235,-0.010550,-0.059244
544054040.000,Miguel,recording,knock_twice_right,13,0.736241,7.206038,6.457205,0.116017,-0.010088,-0.065478
544054050.000,Miguel,recording,knock_twice_right,13,0.661582,7.287183,6.345440,0.105958,-0.011315,-0.065224
544054060.000,Miguel,recording,knock_twice_right,13,0.592512,7.343890,6.270513,0.088584,-0.015281,-0.059409
544054070.000,Miguel,recording,knock_twice_right,13,0.517819,7.417850,6.202210,0.066740,-0.019673,-0.049714
544054080.000,Miguel,recording,knock_twice_right,13,0.473876,7.414098,6.167703,0.043500,-0.020923,-0.037794
544054090.000,Miguel,recording,knock_twice_right,13,0.446286,7.434566,6.181064,0.021101,-0.020374,-0.022642
544054100.000,Miguel,recording,knock_twice_right,13,0.436725,7.431031,6.229954,0.002819,-0.021925,-0.004596
544054110.000,Miguel,recording,knock_twice_right,13,0.478218,7.391280,6.272789,-0.009084,-0.026208,0.010553
544054120.000,Miguel,recording,knock_twice_right,13,0.477068,7.356706,6.305096,-0.015479,-0.028011,0.021469
544054130.000,Miguel,recording,knock_twice_right,13,0.533087,7.352975,6.302533,-0.017683,-0.021082,0.030296
544054140.000,Miguel,recording,knock_twice_right,13,0.600090,7.347127,6.356905,-0.015493,-0.006413,0.036322
544054150.000,Miguel,recording,knock_twice_right,13,0.665837,7.281362,6.410448,-0.007263,0.008684,0.038944
544054160.000,Miguel,recording,knock_twice_right,13,0.711045,7.243879,6.424487,0.004371,0.020920,0.037710
544054170.000,Miguel,recording,knock_twice_right,13,0.760038,7.258732,6.406410,0.012361,0.030382,0.033345
544054180.000,Miguel,recording,knock_twice_right,13,0.770531,7.289903,6.386597,0.013085,0.035140,0.029587
544054190.000,Miguel,recording,knock_twice_right,13,0.764798,7.269663,6.391536,0.007202,0.033194,0.030008
544054200.000,Miguel,recording,knock_twice_right,13,0.780778,7.245557,6.371203,-0.005596,0.026606,0.032215
544054210.000,Miguel,recording,knock_twice_right,13,0.802614,7.219889,6.393815,-0.023789,0.017723,0.034610
544054220.000,Miguel,recording,knock_twice_right,13,0.830153,7.204152,6.455864,-0.041825,0.008712,0.037713
544054230.000,Miguel,recording,knock_twice_right,13,0.871712,7.168389,6.564235,-0.053818,0.001703,0.038816
544054240.000,Miguel,recording,knock_twice_right,13,0.938404,7.123587,6.625424,-0.056576,-0.000092,0.036015
544054250.000,Miguel,recording,knock_twice_right,13,0.949048,7.121386,6.703030,-0.050665,0.004655,0.026817
544054260.000,Miguel,recording,knock_twice_right,13,0.921183,7.112067,6.808022,-0.035357,0.010413,0.015388
544054270.000,Miguel,recording,knock_twice_right,13,0.846186,7.111952,6.851308,-0.011166,0.011973,0.008556
544054280.000,Miguel,recording,knock_twice_right,13,0.841591,7.144222,6.806603,0.013622,0.009641,0.004983
544054290.000,Miguel,recording,knock_twice_right,13,0.893389,7.145543,6.702718,0.030800,0.004534,0.001538
544054300.000,Miguel,recording,knock_twice_right,13,0.937972,7.179215,6.602529,0.037268,-0.004494,-0.004278
544054310.000,Miguel,recording,knock_twice_right,13,0.967805,7.189757,6.506253,0.033696,-0.013060,-0.013742
544054320.000,Miguel,recording,knock_twice_right,13,0.928554,7.225198,6.476873,0.024122,-0.017628,-0.022975
544054330.000,Miguel,recording,knock_twice_right,13,0.841310,7.243211,6.502994,0.014897,-0.020033,-0.027231
544054340.000,Miguel,recording,knock_twice_right,14,0.751695,7.244279,6.540911,0.010661,-0.022594,-0.025610
544054350.000,Miguel,recording,knock_twice_right,14,0.697807,7.234688,6.512142,0.010516,-0.024462,-0.019149
544054360.000,Miguel,recording,knock_twice_right,14,0.661357,7.223605,6.517564,0.012555,-0.022691,-0.010675
544054370.000,Miguel,recording,knock_twice_right,14,0.711496,7.205969,6.489145,0.017856,-0.019269,-0.004245
544054380.000,Miguel,recording,knock_twice_right,14,0.803652,7.172805,6.449574,0.023646,-0.014345,-0.003536
544054390.000,Miguel,recording,knock_twice_right,14,0.902604,7.174900,6.366543,0.023765,-0.009257,-0.011636
544054400.000,Miguel,recording,knock_twice_right,14,0.913107,7.208686,6.305292,0.017240,-0.007175,-0.026527
544054410.000,Miguel,recording,knock_twice_right,14,0.793091,7.245991,6.334725,0.009258,-0.006219,-0.040630
544054420.000,Miguel,recording,knock_twice_right,14,0.648887,7.281089,6.392336,0.005750,-0.005608,-0.044718
544054430.000,Miguel,recording,knock_twice_right,14,0.550298,7.304667,6.404418,0.006755,-0.006822,-0.035847
544054440.000,Miguel,recording,knock_twice_right,14,0.538930,7.332810,6.363123,0.006468,-0.007329,-0.021709
544054450.000,Miguel,recording,knock_twice_right,14,0.517079,7.367375,6.305749,-0.001034,-0.003145,-0.007168
544054460.000,Miguel,recording,knock_twice_right,14,0.516737,7.387339,6.321927,-0.014215,0.003127,0.010331
544054470.000,Miguel,recording,knock_twice_right,14,0.589353,7.355269,6.382705,-0.026468,0.004271,0.028694
544054480.000,Miguel,recording,knock_twice_right,14,0.747096,7.310237,6.412483,-0.035249,-0.001165,0.039425
544054490.000,Miguel,recording,knock_twice_right,14,0.875076,7.263928,6.454367,-0.042254,-0.006442,0.037951
544054500.000,Miguel,recording,knock_twice_right,14,0.930329,7.217660,6.511005,-0.045555,-0.006370,0.026270
544054510.000,Miguel,recording,knock_twice_right,14,0.915481,7.172129,6.588480,-0.039456,-0.000946,0.009363
544054520.000,Miguel,recording,knock_twice_right,14,0.870857,7.182460,6.662700,-0.023196,0.008127,-0.006743
544054530.000,Miguel,recording,knock_twice_right,14,0.793135,7.196889,6.670887,-0.003968,0.018169,-0.017632
544054540.000,Miguel,recording,knock_twice_right,14,0.682851,7.209535,6.664735,0.013168,0.026092,-0.020177
544054550.000,Miguel,recording,knock_twice_right,14,0.581380,7.214699,6.646101,0.025788,0.026004,-0.011453
544054560.000,Miguel,recording,knock_twice_right,14,0.619817,7.229826,6.550939,0.027847,0.014966,0.004766
544054570.000,Miguel,recording,knock_twice_right,14,0.801088,7.229879,6.435562,0.017907,0.001026,0.016486
544054580.000,Miguel,recording,knock_twice_right,14,0.925807,7.262044,6.382653,-0.001527,-0.008241,0.015784
544054590.000,Miguel,recording,knock_twice_right,14,0.955577,7.271623,6.440061,-0.024267,-0.015223,0.005757
544054600.000,Miguel,recording,knock_twice_right,14,0.863933,7.225520,6.544385,-0.039033,-0.022097,-0.005589
544054610.000,Miguel,recording,knock_twice_right,14,0.815365,7.208267,6.659424,-0.038494,-0.024850,-0.012395
544054620.000,Miguel,recording,knock_twice_right,14,0.749836,7.215061,6.726040,-0.024727,-0.021215,-0.012418
544054630.000,Miguel,recording,knock_twice_right,14,0.711337,7.214963,6.713884,-0.004524,-0.013705,-0.007326
544054640.000,Miguel,recording,knock_twice_right,14,0.699060,7.180027,6.672162,0.016676,-0.006089,-0.000413
544054650.000,Miguel,recording,knock_twice_right,14,0.734964,7.160630,6.586467,0.034396,0.000331,0.004035
544054660.000,Miguel,recording,knock_twice_right,14,0.806074,7.215045,6.491671,0.043670,0.003854,0.003244
544054670.000,Miguel,recording,knock_twice_right,14,0.803251,7.249247,6.447131,0.044363,0.004599,-0.001184
544054680.000,Miguel,recording,knock_twice_right,14,0.766681,7.247611,6.418184,0.040139,0.003899,-0.005378
544054690.000,Miguel,recording,knock_twice_right,14,0.752340,7.274573,6.377680,0.031642,0.002402,-0.007455
544054700.000,Miguel,recording,knock_twice_right,14,0.764661,7.309571,6.348436,0.019525,0.000384,-0.008706
544054710.000,Miguel,recording,knock_twice_right,14,0.735091,7.326151,6.336325,0.006997,-0.004126,-0.008227
544054720.000,Miguel,recording,knock_twice_right,14,0.689661,7.298156,6.339834,-0.004122,-0.010528,-0.005510
544054730.000,Miguel,recording,knock_twice_right,14,0.679584,7.284910,6.351768,-0.012983,-0.015874,-0.001775
544054740.000,Miguel,recording,knock_twice_right,14,0.693859,7.293441,6.390077,-0.018413,-0.015468,0.003361
544054750.000,Miguel,recording,knock_twice_right,14,0.676061,7.299978,6.434666,-0.018784,-0.010023,0.011370
544054760.000,Miguel,recording,knock_twice_right,14,0.643585,7.252232,6.469648,-0.014460,-0.004101,0.020936
544054770.000,Miguel,recording,knock_twice_right,14,0.735513,7.228571,6.451278,-0.009120,0.002862,0.027089
544054780.000,Miguel,recording,knock_twice_right,14,0.831357,7.225642,6.420715,-0.009799,0.008556,0.025562
544054790.000,Miguel,recording,knock_twice_right,14,0.868980,7.198486,6.376403,-0.018248,0.009207,0.017051
544054800.000,Miguel,recording,knock_twice_right,14,0.827575,7.183232,6.428630,-0.027387,0.006281,0.006453
544054810.000,Miguel,recording,knock_twice_right,14,0.791597,7.189565,6.501582,-0.031875,0.003383,-0.000763
544054820.000,Miguel,recording,knock_twice_right,14,0.770956,7.210808,6.566711,-0.030581,0.001656,-0.002476
544054830.000,Miguel,recording,knock_twice_right,14,0.739859,7.254707,6.580568,-0.025630,0.002564,-0.000475
544054840.000,Miguel,recording,knock_twice_right,14,0.708023,7.261974,6.622165,-0.018840,0.005226,0.003791
544054850.000,Miguel,recording,knock_twice_right,14,0.725162,7.238253,6.657637,-0.009883,0.004603,0.008609
544054860.000,Miguel,recording,knock_twice_right,14,0.799974,7.237766,6.624114,-0.001496,0.002841,0.011364
544054870.000,Miguel,recording,knock_twice_right,14,0.852465,7.253626,6.599752,0.002078,0.003532,0.011052
544054880.000,Miguel,recording,knock_twice_right,14,0.834657,7.240741,6.554910,0.001651,0.004153,0.008718
544054890.000,Miguel,recording,knock_twice_right,14,0.830081,7.221115,6.544842,-0.000594,0.003346,0.005558
544054900.000,Miguel,recording,knock_twice_right,14,0.833488,7.193947,6.549618,-0.003931,0.001315,0.002120
544054910.000,Miguel,recording,knock_twice_right,14,0.804670,7.208546,6.574284,-0.005754,-0.001693,-0.000632
544054920.000,Miguel,recording,knock_twice_right,14,0.740647,7.196826,6.567236,-0.006061,-0.005031,-0.000299
544054930.000,Miguel,recording,knock_twice_right,14,0.694577,7.200924,6.588968,-0.004482,-0.008312,0.003315
544054940.000,Miguel,recording,knock_twice_right,14,0.751945,7.184583,6.580516,0.000971,-0.013348,0.006320
544054950.000,Miguel,recording,knock_twice_right,14,0.826527,7.199944,6.543939,0.006506,-0.018737,0.005315
544054960.000,Miguel,recording,knock_twice_right,14,0.878699,7.193188,6.518675,0.010253,-0.016933,-0.000193
544054970.000,Miguel,recording,knock_twice_right,14,0.850017,7.209404,6.506499,0.014714,-0.006767,-0.007095
544054980.000,Miguel,recording,knock_twice_right,14,0.811929,7.210361,6.510880,0.021318,0.007808,-0.010968
544054990.000,Miguel,recording,knock_twice_right,14,0.733344,7.253862,6.518409,0.028306,0.021445,-0.010643
544055000.000,Miguel,recording,knock_twice_right,14,0.640748,7.247323,6.469629,0.030943,0.026577,-0.005083
544055010.000,Miguel,recording,knock_twice_right,14,0.619526,7.253085,6.454456,0.026064,0.019915,0.005342
544055020.000,Miguel,recording,knock_twice_right,14,0.687258,7.241738,6.427258,0.015442,0.004741,0.015289
544055030.000,Miguel,recording,knock_twice_right,14,0.806873,7.253269,6.409331,0.002148,-0.011821,0.019756
544055040.000,Miguel,recording,knock_twice_right,14,0.893415,7.254860,6.397511,-0.010709,-0.021557,0.016267
544055050.000,Miguel,recording,knock_twice_right,14,0.899815,7.241052,6.436216,-0.019306,-0.019972,0.007471
544055060.000,Miguel,recording,knock_twice_right,14,0.854300,7.243964,6.503666,-0.021747,-0.010824,-0.000687
544055070.000,Miguel,recording,knock_twice_right,14,0.800457,7.213366,6.561871,-0.016717,-0.002345,-0.005997
544055080.000,Miguel,recording,knock_twice_right,14,0.713228,7.211138,6.577790,-0.007334,0.001550,-0.007156
544055090.000,Miguel,recording,knock_twice_right,14,0.651238,7.234948,6.554645,0.002671,0.002830,-0.003007
544055100.000,Miguel,recording,knock_twice_right,14,0.677442,7.227667,6.548750,0.012091,0.002979,0.005205
544055110.000,Miguel,recording,knock_twice_right,14,0.763285,7.218074,6.483735,0.019300,0.002469,0.012191
544055120.000,Miguel,recording,knock_twice_right,14,0.862902,7.234919,6.466219,0.022821,0.001885,0.012906
544055130.000,Miguel,recording,knock_twice_right,14,0.894273,7.206626,6.405702,0.019781,0.001299,0.007017
544055140.000,Miguel,recording,knock_twice_right,14,0.864765,7.215578,6.425077,0.011898,0.002307,-0.001606
544055150.000,Miguel,recording,knock_twice_right,14,0.823077,7.228886,6.475499,0.006972,0.005012,-0.007527
544055160.000,Miguel,recording,knock_twice_right,14,0.780370,7.216899,6.465167,0.006103,0.006967,-0.008466
544055170.000,Miguel,recording,knock_twice_right,14,0.719698,7.231609,6.444616,0.003203,0.006462,-0.005063
544055180.000,Miguel,recording,knock_twice_right,14,0.735789,7.232441,6.458829,-0.001786,0.003192,-0.000473
544055190.000,Miguel,recording,knock_twice_right,14,0.774324,7.216936,6.469708,-0.006167,-0.001880,0.001719
544055200.000,Miguel,recording,knock_twice_right,14,0.782764,7.248403,6.484271,-0.009537,-0.005290,0.001730
544055210.000,Miguel,recording,knock_twice_right,14,0.762890,7.241378,6.491698,-0.012194,-0.003924,0.001287
544055220.000,Miguel,recording,knock_twice_right,14,0.775090,7.235144,6.539454,-0.012340,-0.000332,0.001815
544055230.000,Miguel,recording,knock_twice_right,14,0.741578,7.206369,6.595116,-0.006778,0.000215,0.004448
544055240.000,Miguel,recording,knock_twice_right,14,0.800122,7.205976,6.590760,0.002978,-0.002728,0.006713
544055250.000,Miguel,recording,knock_twice_right,14,0.836608,7.206860,6.546641,0.010393,-0.005121,0.005047
544055260.000,Miguel,recording,knock_twice_right,14,0.892175,7.235280,6.466951,0.011938,-0.004210,-0.001371
544055270.000,Miguel,recording,knock_twice_right,14,0.874679,7.276105,6.423779,0.008551,-0.002225,-0.009216
544055280.000,Miguel,recording,knock_twice_right,14,0.809362,7.268844,6.444653,0.002181,-0.000997,-0.013494
544055290.000,Miguel,recording,knock_twice_right,14,0.713205,7.273277,6.434902,-0.004840,-0.000138,-0.012124
544055300.000,Miguel,recording,knock_twice_right,14,0.669705,7.258980,6.448769,-0.010977,-0.002555,-0.005714
544055310.000,Miguel,recording,knock_twice_right,14,0.681817,7.227563,6.480595,-0.017144,-0.008791,0.003108
544055320.000,Miguel,recording,knock_twice_right,14,0.718508,7.189773,6.466798,-0.022301,-0.015084,0.010541
544055330.000,Miguel,recording,knock_twice_right,14,0.788203,7.179332,6.487501,-0.024186,-0.015916,0.013846
544055340.000,Miguel,recording,knock_twice_right,14,0.881428,7.171686,6.525372,-0.021618,-0.009616,0.010388
544055350.000,Miguel,recording,knock_twice_right,14,0.897409,7.165006,6.548564,-0.013915,-0.000901,0.001495
544055360.000,Miguel,recording,knock_twice_right,14,0.861337,7.231206,6.555666,-0.005937,0.006395,-0.007387
544055370.000,Miguel,recording,knock_twice_right,14,0.804101,7.263382,6.549198,-0.000103,0.010765,-0.013957
544055380.000,Miguel,recording,knock_twice_right,14,0.727124,7.256018,6.575725,0.005088,0.009587,-0.016275
544055390.000,Miguel,recording,knock_twice_right,14,0.666359,7.273497,6.566633,0.009827,0.002499,-0.011669
544055400.000,Miguel,recording,knock_twice_right,14,0.632237,7.293513,6.532251,0.012696,-0.007096,-0.000586
544055410.000,Miguel,recording,knock_twice_right,14,0.660418,7.286443,6.450753,0.010974,-0.011086,0.012683
544055420.000,Miguel,recording,knock_twice_right,14,0.739855,7.288066,6.419851,0.003192,-0.006654,0.022961
544055430.000,Miguel,recording,knock_twice_right,14,0.816571,7.262000,6.441329,-0.005345,-0.002309,0.027416
544055440.000,Miguel,recording,knock_twice_right,14,0.898008,7.241427,6.485801,-0.010086,-0.002291,0.024312
544055450.000,Miguel,recording,knock_twice_right,14,0.944925,7.203842,6.524329,-0.013101,-0.004925,0.014302
544055460.000,Miguel,recording,knock_twice_right,14,0.930970,7.170546,6.552554,-0.013491,-0.008754,0.000499
544055470.000,Miguel,recording,knock_twice_right,14,0.868454,7.167028,6.614912,-0.006606,-0.010737,-0.013471
544055480.000,Miguel,recording,knock_twice_right,14,0.783245,7.178599,6.651590,0.008031,-0.009527,-0.021370
544055490.000,Miguel,recording,knock_twice_right,14,0.700222,7.190790,6.601156,0.025575,-0.006107,-0.020641
544055500.000,Miguel,recording,knock_twice_right,14,0.685880,7.209589,6.514602,0.037985,-0.000041,-0.014520
544055510.000,Miguel,recording,knock_twice_right,14,0.737241,7.230935,6.421047,0.039668,0.005967,-0.007503
544055520.000,Miguel,recording,knock_twice_right,14,0.808495,7.240504,6.330615,0.030776,0.007636,-0.002838
544055530.000,Miguel,recording,knock_twice_right,14,0.821132,7.255209,6.273074,0.012557,0.005873,-0.001173
544055540.000,Miguel,recording,knock_twice_right,14,0.812098,7.263530,6.286198,-0.010677,0.004356,-0.001645
544055550.000,Miguel,recording,knock_twice_right,14,0.793341,7.268054,6.369619,-0.031956,0.002285,-0.002113
544055560.000,Miguel,recording,knock_twice_right,14,0.756533,7.261281,6.460491,-0.044235,0.001245,-0.000642
544055570.000,Miguel,recording,knock_twice_right,14,0.716770,7.241783,6.572963,-0.043972,0.003567,0.003463
544055580.000,Miguel,recording,knock_twice_right,14,0.698937,7.227144,6.653910,-0.033339,0.004770,0.008702
544055590.000,Miguel,recording,knock_twice_right,14,0.702347,7.197880,6.686614,-0.018010,0.002185,0.013075
544055600.000,Miguel,recording,knock_twice_right,14,0.725043,7.199945,6.666935,-0.001688,-0.002493,0.015684
544055610.000,Miguel,recording,knock_twice_right,14,0.794704,7.215255,6.577304,0.010924,-0.005232,0.016366
544055620.000,Miguel,recording,knock_twice_right,14,0.853504,7.250646,6.488242,0.015466,-0.003183,0.012700
544055630.000,Miguel,recording,knock_twice_right,14,0.882183,7.242711,6.392179,0.012168,0.003582,0.005574
544055640.000,Miguel,recording,knock_twice_right,14,0.864328,7.246912,6.383883,0.003998,0.011087,-0.001188
544055650.000,Miguel,recording,knock_twice_right,14,0.841384,7.252564,6.436925,-0.004929,0.013793,-0.006158
544055660.000,Miguel,recording,knock_twice_right,14,0.794451,7.233957,6.476282,-0.010520,0.009520,-0.007258
544055670.000,Miguel,recording,knock_twice_right,14,0.780562,7.209389,6.509845,-0.011928,0.000162,-0.005658
544055680.000,Miguel,recording,knock_twice_right,14,0.754090,7.195912,6.488599,-0.010255,-0.007305,-0.003574
544055690.000,Miguel,recording,knock_twice_right,14,0.708668,7.215229,6.462846,-0.005736,-0.006491,0.000169
544055700.000,Miguel,recording,knock_twice_right,14,0.682287,7.206379,6.472576,-0.000487,0.003150,0.007796
544055710.000,Miguel,recording,knock_twice_right,14,0.730931,7.198045,6.438977,0.001084,0.012721,0.016607
544055720.000,Miguel,recording,knock_twice_right,14,0.805700,7.175920,6.451946,-0.003204,0.014403,0.020608
544055730.000,Miguel,recording,knock_twice_right,14,0.866050,7.157253,6.470416,-0.012206,0.010198,0.016990
544055740.000,Miguel,recording,knock_twice_right,14,0.899975,7.173245,6.511995,-0.022266,0.004452,0.007936
544055750.000,Miguel,recording,knock_twice_right,14,0.918902,7.191756,6.587935,-0.027901,-0.001369,-0.003012
544055760.000,Miguel,recording,knock_twice_right,14,0.890976,7.217684,6.654354,-0.026654,-0.004624,-0.012955
544055770.000,Miguel,recording,knock_twice_right,14,0.831266,7.239879,6.675185,-0.019237,-0.000495,-0.019232
544055780.000,Miguel,recording,knock_twice_right,14,0.739701,7.262289,6.726032,-0.007895,0.007561,-0.018850
544055790.000,Miguel,recording,knock_twice_right,14,0.682555,7.288258,6.719920,0.005202,0.012503,-0.011056
544055800.000,Miguel,recording,knock_twice_right,14,0.689733,7.299408,6.673488,0.016616,0.011663,-0.000693
544055810.000,Miguel,recording,knock_twice_right,14,0.742884,7.275137,6.630377,0.022649,0.004833,0.006632
544055820.000,Miguel,recording,knock_twice_right,14,0.788666,7.245531,6.596592,0.022783,-0.007510,0.007880
544055830.000,Miguel,recording,knock_twice_right,14,0.838865,7.231058,6.563370,0.020586,-0.018114,0.004605
544055840.000,Miguel,recording,knock_twice_right,14,0.856592,7.234509,6.534148,0.020643,-0.019735,-0.000564
544055850.000,Miguel,recording,knock_twice_right,14,0.851738,7.236772,6.508482,0.024332,-0.014125,-0.006589
544055860.000,Miguel,recording,knock_twice_right,14,0.801295,7.216069,6.489795,0.028639,-0.006551,-0.011801
544055870.000,Miguel,recording,knock_twice_right,14,0.761061,7.212645,6.457533,0.031135,-0.001955,-0.014230
544055880.000,Miguel,recording,knock_twice_right,14,0.703091,7.214010,6.402045,0.030116,-0.002004,-0.012112
544055890.000,Miguel,recording,knock_twice_right,14,0.630695,7.220575,6.394126,0.025829,-0.005561,-0.005103
544055900.000,Miguel,recording,knock_twice_right,14,0.604762,7.219607,6.373483,0.020887,-0.009984,0.005765
544055910.000,Miguel,recording,knock_twice_right,14,0.680175,7.252506,6.334550,0.013573,-0.010393,0.016412
544055920.000,Miguel,recording,knock_twice_right,14,0.767626,7.251227,6.295053,0.002701,-0.006125,0.021738
544055930.000,Miguel,recording,knock_twice_right,14,0.840329,7.223232,6.289831,-0.010010,-0.001747,0.021928
544055940.000,Miguel,recording,knock_twice_right,14,0.887501,7.210316,6.324565,-0.025114,-0.000242,0.017868
544055950.000,Miguel,recording,knock_twice_right,14,0.875781,7.191548,6.369477,-0.039143,-0.002563,0.010772
544055960.000,Miguel,recording,knock_twice_right,14,0.866398,7.193745,6.448930,-0.046076,-0.006007,0.003810
544055970.000,Miguel,recording,knock_twice_right,14,0.809946,7.180247,6.484538,-0.045396,-0.004290,-0.000843
544055980.000,Miguel,recording,knock_twice_right,14,0.758950,7.202993,6.496806,-0.040124,0.005607,-0.000845
544055990.000,Miguel,recording,knock_twice_right,14,0.698997,7.211310,6.506861,-0.033353,0.021363,0.003941
544056000.000,Miguel,recording,knock_twice_right,14,0.720551,7.225248,6.552291,-0.026967,0.034731,0.010599
544056010.000,Miguel,recording,knock_twice_right,14,0.773056,7.216630,6.580032,-0.023947,0.035190,0.015525
544056020.000,Miguel,recording,knock_twice_right,14,0.836051,7.208154,6.583155,-0.027909,0.020686,0.015007
544056030.000,Miguel,recording,knock_twice_right,14,0.869674,7.210461,6.619337,-0.035396,0.000483,0.009605
544056040.000,Miguel,recording,knock_twice_right,14,0.883982,7.215782,6.682943,-0.036919,-0.015211,0.003388
544056050.000,Miguel,recording,knock_twice_right,14,0.886296,7.235299,6.690975,-0.030240,-0.020037,-0.001328
544056060.000,Miguel,recording,knock_twice_right,14,0.862383,7.230316,6.727527,-0.018795,-0.013825,-0.005408
544056070.000,Miguel,recording,knock_twice_right,14,0.844504,7.197582,6.713199,-0.006285,-0.005474,-0.008727
544056080.000,Miguel,recording,knock_twice_right,14,0.827165,7.186050,6.696430,0.005167,-0.000514,-0.010713
544056090.000,Miguel,recording,knock_twice_right,14,0.809797,7.210775,6.703512,0.016172,-0.000341,-0.012162
544056100.000,Miguel,recording,knock_twice_right,14,0.779667,7.232584,6.665673,0.025526,-0.004497,-0.013080
544056110.000,Miguel,recording,knock_twice_right,14,0.764483,7.213211,6.648325,0.033378,-0.009385,-0.012400
544056120.000,Miguel,recording,knock_twice_right,14,0.763771,7.222554,6.583929,0.039908,-0.012683,-0.010714
544056130.000,Miguel,recording,knock_twice_right,14,0.788664,7.231560,6.510660,0.043477,-0.012647,-0.009456
544056140.000,Miguel,recording,knock_twice_right,14,0.804874,7.225242,6.469541,0.044120,-0.011206,-0.009029
544056150.000,Miguel,recording,knock_twice_right,14,0.853393,7.206662,6.420051,0.042224,-0.011186,-0.011109
544056160.000,Miguel,recording,knock_twice_right,14,0.858528,7.198063,6.357989,0.036141,-0.011087,-0.015797
544056170.000,Miguel,recording,knock_twice_right,14,0.815298,7.210588,6.324939,0.025605,-0.008576,-0.020936
544056180.000,Miguel,recording,knock_twice_right,14,0.711720,7.253155,6.314549,0.013225,-0.002922,-0.021291
544056190.000,Miguel,recording,knock_twice_right,14,0.663776,7.243709,6.367418,0.004372,0.001524,-0.014873
544056200.000,Miguel,recording,knock_twice_right,14,0.684624,7.225965,6.400273,0.001033,0.002273,-0.006633
544056210.000,Miguel,recording,knock_twice_right,14,0.744694,7.214735,6.402356,-0.000827,0.001166,-0.001685
544056220.000,Miguel,recording,knock_twice_right,14,0.758327,7.216663,6.410890,-0.004545,0.000271,-0.002081
544056230.000,Miguel,recording,knock_twice_right,14,0.748673,7.228911,6.408309,-0.009246,0.000151,-0.003850
544056240.000,Miguel,recording,knock_twice_right,14,0.763264,7.224738,6.426107,-0.013166,0.000234,-0.005119
544056250.000,Miguel,recording,knock_twice_right,14,0.773479,7.212602,6.422177,-0.017647,0.001301,-0.006865
544056260.000,Miguel,recording,knock_twice_right,14,0.770741,7.234011,6.434710,-0.023886,0.004515,-0.007025
544056270.000,Miguel,recording,knock_twice_right,14,0.751503,7.241586,6.510416,-0.029972,0.007063,-0.005335
544056280.000,Miguel,recording,knock_twice_right,14,0.754228,7.233608,6.549209,-0.031961,0.003282,-0.002193
544056290.000,Miguel,recording,knock_twice_right,14,0.786516,7.228489,6.565192,-0.031732,-0.004002,0.000654
544056300.000,Miguel,recording,knock_twice_right,14,0.831882,7.222186,6.546930,-0.031304,-0.007816,0.000204
544056310.000,Miguel,recording,knock_twice_right,14,0.816236,7.174564,6.555785,-0.028707,-0.004658,-0.002592
544056320.000,Miguel,recording,knock_twice_right,14,0.799420,7.195521,6.589254,-0.022792,0.005502,-0.003471
544056330.000,Miguel,recording,knock_twice_right,14,0.750469,7.228596,6.601263,-0.015490,0.017757,-0.000992
544056340.000,Miguel,recording,knock_twice_right,14,0.754560,7.229382,6.597308,-0.009855,0.024712,0.002494
544056350.000,Miguel,recording,knock_twice_right,14,0.767235,7.200361,6.609575,-0.005781,0.021713,0.004513
544056360.000,Miguel,recording,knock_twice_right,14,0.804810,7.169449,6.662367,-0.002742,0.009819,0.004097
544056370.000,Miguel,recording,knock_twice_right,14,0.816712,7.166830,6.658187,0.000965,-0.004033,0.001123
544056380.000,Miguel,recording,knock_twice_right,14,0.899022,7.176916,6.620072,0.007741,-0.011475,-0.004117
544056390.000,Miguel,recording,knock_twice_right,14,0.930414,7.181296,6.599151,0.015948,-0.011261,-0.010284
544056400.000,Miguel,recording,knock_twice_right,14,0.913347,7.147548,6.521241,0.019943,-0.006640,-0.017896
544056410.000,Miguel,recording,knock_twice_right,14,0.888945,7.161604,6.485464,0.018326,-0.003882,-0.026015
544056420.000,Miguel,recording,knock_twice_right,14,0.849245,7.159383,6.469890,0.015693,-0.007988,-0.032332
544056430.000,Miguel,recording,knock_twice_right,14,0.820893,7.166536,6.460437,0.013090,-0.014682,-0.035443
544056440.000,Miguel,recording,knock_twice_right,14,0.733841,7.189548,6.421432,0.007644,-0.016815,-0.035154
544056450.000,Miguel,recording,knock_twice_right,14,0.658756,7.207870,6.410554,0.000152,-0.011162,-0.031496
544056460.000,Miguel,recording,knock_twice_right,14,0.573777,7.224268,6.434697,-0.006004,-0.000603,-0.022809
544056470.000,Miguel,recording,knock_twice_right,14,0.577752,7.246621,6.494656,-0.010046,0.007745,-0.009665
544056480.000,Miguel,recording,knock_twice_right,14,0.642450,7.236420,6.519334,-0.013067,0.006833,0.003410
544056490.000,Miguel,recording,knock_twice_right,14,0.772249,7.217957,6.521466,-0.016475,-0.002243,0.010192
544056500.000,Miguel,recording,knock_twice_right,14,0.896481,7.217592,6.500400,-0.020703,-0.010213,0.007119
544056510.000,Miguel,recording,knock_twice_right,14,0.961525,7.200846,6.552404,-0.021196,-0.012414,-0.005258
544056520.000,Miguel,recording,knock_twice_right,14,0.902402,7.192040,6.587308,-0.014887,-0.006651,-0.021440
544056530.000,Miguel,recording,knock_twice_right,14,0.373090,7.245400,6.497506,-0.006624,0.019363,-0.025626
544056540.000,Miguel,recording,knock_twice_right,14,-0.302474,7.523321,6.256489,0.000995,0.044239,-0.001279
544056550.000,Miguel,recording,knock_twice_right,14,0.795740,7.564640,6.545755,0.004602,0.027358,0.025238
544056560.000,Miguel,recording,knock_twice_right,14,0.631078,7.214570,6.383227,-0.007883,-0.001075,0.031808
544056570.000,Miguel,recording,knock_twice_right,14,1.010694,7.222350,6.402035,-0.030467,-0.018579,0.026033
544056580.000,Miguel,recording,knock_twice_right,14,1.065052,7.342400,6.510170,-0.044231,-0.023091,0.012710
544056590.000,Miguel,recording,knock_twice_right,14,1.017657,7.301876,6.656923,-0.042381,0.001838,0.003224
544056600.000,Miguel,recording,knock_twice_right,14,0.838439,7.179120,6.796843,-0.027804,0.033904,-0.000123
544056610.000,Miguel,recording,knock_twice_right,14,0.764294,7.117816,6.889950,-0.008822,0.044893,0.000401
544056620.000,Miguel,recording,knock_twice_right,14,0.717057,7.127880,6.891475,0.009273,0.030644,0.005680
544056630.000,Miguel,recording,knock_twice_right,14,0.738040,7.120695,6.858417,0.025022,0.005676,0.013427
544056640.000,Miguel,recording,knock_twice_right,14,0.837634,7.129257,6.752593,0.037113,-0.015538,0.015779
544056650.000,Miguel,recording,knock_twice_right,14,0.910146,7.124841,6.607726,0.044055,-0.023239,0.007520
544056660.000,Miguel,recording,knock_twice_right,14,0.912015,7.203447,6.508936,0.045190,-0.015639,-0.006626
544056670.000,Miguel,recording,knock_twice_right,14,0.784685,7.195002,6.446138,0.043676,-0.002919,-0.014869
544056680.000,Miguel,recording,knock_twice_right,14,0.723046,7.229256,6.412393,0.041410,0.005653,-0.013777
544056690.000,Miguel,recording,knock_twice_right,14,0.720787,7.229610,6.405461,0.035532,0.005348,-0.010413
544056700.000,Miguel,recording,knock_twice_right,14,0.727712,7.224462,6.367883,0.027312,-0.004230,-0.007214
544056710.000,Miguel,recording,knock_twice_right,14,0.752134,7.196456,6.336304,0.018683,-0.016212,-0.004674
544056720.000,Miguel,recording,knock_twice_right,14,0.782530,7.215049,6.309951,0.009137,-0.021419,-0.004244
544056730.000,Miguel,recording,knock_twice_right,14,0.779189,7.209733,6.322533,0.001398,-0.016746,-0.005790
544056740.000,Miguel,recording,knock_twice_right,14,0.729191,7.182791,6.383858,-0.001383,-0.007385,-0.006913
544056750.000,Miguel,recording,knock_twice_right,14,0.727896,7.168167,6.408503,-0.001153,0.002959,-0.006015
544056760.000,Miguel,recording,knock_twice_right,14,0.768466,7.174123,6.396717,-0.002534,0.010986,-0.005625
544056770.000,Miguel,recording,knock_twice_right,14,0.788550,7.177118,6.377140,-0.007289,0.013697,-0.006727
544056780.000,Miguel,recording,knock_twice_right,14,0.777333,7.178740,6.404876,-0.015394,0.012991,-0.008206
544056790.000,Miguel,recording,knock_twice_right,14,0.783897,7.170529,6.450485,-0.025179,0.009291,-0.008579
544056800.000,Miguel,recording,knock_twice_right,14,0.710422,7.177961,6.501816,-0.034042,0.005899,-0.004798
544056810.000,Miguel,recording,knock_twice_right,14,0.162758,7.285294,6.412864,-0.043836,0.019369,0.017608
544056820.000,Miguel,recording,knock_twice_right,14,-0.466440,7.655348,6.292321,-0.049277,0.024154,0.066233
544056830.000,Miguel,recording,knock_twice_right,14,0.865409,7.495089,6.683380,-0.049298,-0.008814,0.100134
544056840.000,Miguel,recording,knock_twice_right,14,0.877091,7.159567,6.471224,-0.059460,-0.035972,0.092750
544056850.000,Miguel,recording,knock_twice_right,14,1.387385,7.197697,6.549110,-0.074520,-0.042196,0.055851
544056860.000,Miguel,recording,knock_twice_right,14,1.420202,7.271501,6.701003,-0.072757,-0.030797,0.004629
544056870.000,Miguel,recording,knock_twice_right,14,1.172869,7.201732,6.861484,-0.050074,0.007089,-0.030278
544056880.000,Miguel,recording,knock_twice_right,14,0.823581,7.162578,7.001520,-0.012952,0.049484,-0.035580
544056890.000,Miguel,recording,knock_twice_right,14,0.680750,7.101913,6.998055,0.024760,0.071693,-0.022741
544056900.000,Miguel,recording,knock_twice_right,14,0.652260,7.033168,6.894072,0.046912,0.062395,-0.002482
544056910.000,Miguel,recording,knock_twice_right,14,0.746047,7.038048,6.795396,0.049781,0.025823,0.015164
544056920.000,Miguel,recording,knock_twice_right,14,0.917592,7.076835,6.703471,0.040361,-0.020131,0.019692
544056930.000,Miguel,recording,knock_twice_right,14,1.050499,7.070018,6.622663,0.029335,-0.052403,0.009172
544056940.000,Miguel,recording,knock_twice_right,14,1.075516,7.088283,6.585914,0.024743,-0.057960,-0.009924
544056950.000,Miguel,recording,knock_twice_right,14,1.008984,7.134760,6.565178,0.028680,-0.039847,-0.028366
544056960.000,Miguel,recording,knock_twice_right,14,0.891529,7.170924,6.573205,0.039271,-0.013360,-0.039448
544056970.000,Miguel,recording,knock_twice_right,14,0.756651,7.200770,6.522587,0.050743,0.004835,-0.042158
544056980.000,Miguel,recording,knock_twice_right,14,0.709296,7.207742,6.480914,0.057058,0.006562,-0.040584
544056990.000,Miguel,recording,knock_twice_right,14,0.650527,7.215911,6.415760,0.056501,-0.003675,-0.037653
544057000.000,Miguel,recording,knock_twice_right,14,0.636697,7.244449,6.336325,0.048778,-0.015325,-0.032182
544057010.000,Miguel,recording,knock_twice_right,14,0.637847,7.287208,6.295023,0.037698,-0.018676,-0.025126
544057020.000,Miguel,recording,knock_twice_right,14,0.621966,7.287044,6.284921,0.027583,-0.012579,-0.018474
544057030.000,Miguel,recording,knock_twice_right,14,0.611307,7.313407,6.270867,0.016775,-0.003796,-0.012092
544057040.000,Miguel,recording,knock_twice_right,14,0.623167,7.303852,6.315267,0.006079,0.002306,-0.006508
544057050.000,Miguel,recording,knock_twice_right,14,0.644342,7.286252,6.348283,-0.001729,0.003564,-0.002204
544057060.000,Miguel,recording,knock_twice_right,14,0.652621,7.278113,6.349351,-0.008619,0.005559,0.000854
544057070.000,Miguel,recording,knock_twice_right,14,0.637466,7.284424,6.381428,-0.015987,0.012707,0.004260
544057080.000,Miguel,recording,knock_twice_right,14,0.631020,7.298062,6.400257,-0.022893,0.019214,0.010502
544057090.000,Miguel,recording,knock_twice_right,14,0.656266,7.280129,6.430564,-0.030347,0.018208,0.017884
544057100.000,Miguel,recording,knock_twice_right,14,0.697735,7.268422,6.481119,-0.038549,0.010662,0.023057
544057110.000,Miguel,recording,knock_twice_right,14,0.716833,7.263429,6.562786,-0.044022,0.000912,0.026093
544057120.000,Miguel,recording,knock_twice_right,14,0.732648,7.243717,6.658880,-0.044149,-0.008948,0.029254
544057130.000,Miguel,recording,knock_twice_right,14,0.801121,7.219559,6.689582,-0.036301,-0.012495,0.030463
544057140.000,Miguel,recording,knock_twice_right,14,0.889887,7.186341,6.685691,-0.022907,-0.005211,0.027335
544057150.000,Miguel,recording,knock_twice_right,14,0.938851,7.184770,6.649920,-0.009908,0.007982,0.020209
544057160.000,Miguel,recording,knock_twice_right,14,0.921730,7.185276,6.682617,0.001261,0.018817,0.011264
544057170.000,Miguel,recording,knock_twice_right,14,0.848047,7.171478,6.672207,0.010813,0.022732,0.004839
544057180.000,Miguel,recording,knock_twice_right,14,0.832138,7.169621,6.653170,0.017431,0.019478,0.002489
544057190.000,Miguel,recording,knock_twice_right,14,0.853062,7.180660,6.595849,0.019028,0.010221,0.001526
544057200.000,Miguel,recording,knock_twice_right,14,0.823674,7.183499,6.611466,0.017390,-0.000224,0.001602
544057210.000,Miguel,recording,knock_twice_right,14,0.771378,7.160039,6.643659,0.019287,-0.011395,0.004164
544057220.000,Miguel,recording,knock_twice_right,14,0.799145,7.139875,6.617957,0.026538,-0.021279,0.006797
544057230.000,Miguel,recording,knock_twice_right,14,0.891661,7.161174,6.551307,0.032925,-0.022650,0.004312
544057240.000,Miguel,recording,knock_twice_right,14,0.957470,7.163956,6.448816,0.033820,-0.016921,-0.004956
544057250.000,Miguel,recording,knock_twice_right,14,0.897063,7.185578,6.392024,0.028854,-0.007025,-0.016163
544057260.000,Miguel,recording,knock_twice_right,14,0.815826,7.184645,6.383449,0.020315,0.003180,-0.022196
544057270.000,Miguel,recording,knock_twice_right,14,0.765475,7.202727,6.410671,0.011238,0.005954,-0.021794
544057280.000,Miguel,recording,knock_twice_right,14,0.780383,7.192237,6.408106,0.003709,-0.000794,-0.020856
544057290.000,Miguel,recording,knock_twice_right,14,0.790541,7.223233,6.404399,-0.003381,-0.011343,-0.023669
544057300.000,Miguel,recording,knock_twice_right,14,0.752584,7.272385,6.428544,-0.009312,-0.015784,-0.028212
544057310.000,Miguel,recording,knock_twice_right,14,0.618755,7.290839,6.486808,-0.010488,-0.009909,-0.025910
544057320.000,Miguel,recording,knock_twice_right,14,0.507340,7.306937,6.550984,-0.005139,0.000390,-0.013216
544057330.000,Miguel,recording,knock_twice_right,14,0.495717,7.297176,6.530295,0.004276,0.010800,0.004704
544057340.000,Miguel,recording,knock_twice_right,14,0.641359,7.286514,6.475467,0.010972,0.017956,0.019422
544057350.000,Miguel,recording,knock_twice_right,14,0.777400,7.287328,6.417820,0.008610,0.015624,0.023999
544057360.000,Miguel,recording,knock_twice_right,14,0.836702,7.214588,6.395139,-0.001531,0.003755,0.019078
544057370.000,Miguel,recording,knock_twice_right,15,0.876642,7.208562,6.423314,-0.012670,-0.006953,0.008410
544057380.000,Miguel,recording,knock_twice_right,15,0.888371,7.245763,6.442932,-0.019547,-0.008815,-0.002991
544057390.000,Miguel,recording,knock_twice_right,15,0.813565,7.257069,6.494677,-0.020857,-0.002545,-0.010007
544057400.000,Miguel,recording,knock_twice_right,15,0.672260,7.268134,6.515356,-0.018636,0.008193,-0.009352
544057410.000,Miguel,recording,knock_twice_right,15,0.589876,7.211599,6.571425,-0.013943,0.016602,-0.001086
544057420.000,Miguel,recording,knock_twice_right,15,0.651472,7.223710,6.562184,-0.008993,0.016803,0.009922
544057430.000,Miguel,recording,knock_twice_right,15,0.736354,7.222844,6.536515,-0.008338,0.007445,0.017091
544057440.000,Miguel,recording,knock_twice_right,15,0.817802,7.202269,6.492536,-0.014132,-0.005933,0.017571
544057450.000,Miguel,recording,knock_twice_right,15,0.821761,7.207534,6.534219,-0.021062,-0.014346,0.014928
544057460.000,Miguel,recording,knock_twice_right,15,0.821991,7.226782,6.595584,-0.019211,-0.013602,0.014144
544057470.000,Miguel,recording,knock_twice_right,15,0.843848,7.211212,6.640912,-0.007400,-0.005978,0.014703
544057480.000,Miguel,recording,knock_twice_right,15,0.920038,7.173214,6.631582,0.006546,0.003930,0.011799
544057490.000,Miguel,recording,knock_twice_right,15,0.983690,7.149405,6.576908,0.017444,0.010455,0.002666
544057500.000,Miguel,recording,knock_twice_right,15,0.978923,7.143922,6.531126,0.021388,0.010633,-0.011451
544057510.000,Miguel,recording,knock_twice_right,15,0.870385,7.171534,6.518947,0.019064,0.005258,-0.023739
544057520.000,Miguel,recording,knock_twice_right,15,0.772442,7.172621,6.503056,0.014897,-0.003716,-0.029636
544057530.000,Miguel,recording,knock_twice_right,15,0.729284,7.184438,6.473205,0.009616,-0.010894,-0.028463
544057540.000,Miguel,recording,knock_twice_right,15,0.734844,7.213915,6.431296,0.003247,-0.011453,-0.024577
544057550.000,Miguel,recording,knock_twice_right,15,0.761813,7.207993,6.421548,-0.003597,-0.007674,-0.022556
544057560.000,Miguel,recording,knock_twice_right,15,0.721939,7.228896,6.556787,-0.007624,-0.004502,-0.019921
544057570.000,Miguel,recording,knock_twice_right,15,0.635323,7.240756,6.623906,-0.005405,-0.003871,-0.012694
544057580.000,Miguel,recording,knock_twice_right,15,0.596761,7.268632,6.640634,0.002479,-0.002518,-0.001967
544057590.000,Miguel,recording,knock_twice_right,15,0.674035,7.247980,6.588110,0.012030,0.001348,0.007405
544057600.000,Miguel,recording,knock_twice_right,15,0.768455,7.287945,6.512563,0.016795,0.006627,0.011046
544057610.000,Miguel,recording,knock_twice_right,15,0.829364,7.327914,6.453732,0.013168,0.009803,0.008561
544057620.000,Miguel,recording,knock_twice_right,15,0.813685,7.299933,6.465838,0.004034,0.007662,0.002998
544057630.000,Miguel,recording,knock_twice_right,15,0.771973,7.257351,6.487094,-0.005614,0.000868,-0.002294
544057640.000,Miguel,recording,knock_twice_right,15,0.741337,7.241771,6.505217,-0.011738,-0.006871,-0.003900
544057650.000,Miguel,recording,knock_twice_right,15,0.713032,7.215809,6.507938,-0.013436,-0.011175,-0.002858
544057660.000,Miguel,recording,knock_twice_right,15,0.701110,7.204044,6.524269,-0.012252,-0.010419,-0.000173
544057670.000,Miguel,recording,knock_twice_right,15,0.711509,7.228232,6.542212,-0.007808,-0.006854,0.003491
544057680.000,Miguel,recording,knock_twice_right,15,0.694012,7.230278,6.589189,0.001991,-0.004570,0.007882
544057690.000,Miguel,recording,knock_twice_right,15,0.719257,7.229038,6.531652,0.014808,-0.002043,0.012193
544057700.000,Miguel,recording,knock_twice_right,15,0.790430,7.248089,6.462110,0.023675,0.006401,0.013225
544057710.000,Miguel,recording,knock_twice_right,15,0.822805,7.265196,6.458282,0.025444,0.015729,0.011126
544057720.000,Miguel,recording,knock_twice_right,15,0.797278,7.224497,6.443845,0.021624,0.014409,0.008085
544057730.000,Miguel,recording,knock_twice_right,15,0.773701,7.224858,6.421917,0.014612,0.006944,0.006793
544057740.000,Miguel,recording,knock_twice_right,15,0.761902,7.249291,6.392662,0.004148,0.002987,0.008681
544057750.000,Miguel,recording,knock_twice_right,15,0.806338,7.222262,6.385057,-0.009128,0.001781,0.010707
544057760.000,Miguel,recording,knock_twice_right,15,0.852613,7.181735,6.394162,-0.022713,0.000368,0.009488
544057770.000,Miguel,recording,knock_twice_right,15,0.868896,7.149919,6.451580,-0.033775,-0.003273,0.004664
544057780.000,Miguel,recording,knock_twice_right,15,0.856721,7.124079,6.530396,-0.038087,-0.011760,-0.002539
544057790.000,Miguel,recording,knock_twice_right,15,0.833703,7.116755,6.566470,-0.035880,-0.020966,-0.009869
544057800.000,Miguel,recording,knock_twice_right,15,0.815558,7.153506,6.608467,-0.029847,-0.022211,-0.015216
544057810.000,Miguel,recording,knock_twice_right,15,0.773323,7.203968,6.620705,-0.020047,-0.013239,-0.016790
544057820.000,Miguel,recording,knock_twice_right,15,0.708241,7.225386,6.642147,-0.006963,-0.001104,-0.012353
544057830.000,Miguel,recording,knock_twice_right,15,0.734342,7.225302,6.592276,0.006268,0.006995,-0.004960
544057840.000,Miguel,recording,knock_twice_right,15,0.813621,7.236423,6.542283,0.013760,0.008241,-0.002038
544057850.000,Miguel,recording,knock_twice_right,15,0.875117,7.240107,6.488601,0.010869,0.001413,-0.005654
544057860.000,Miguel,recording,knock_twice_right,15,0.832242,7.251361,6.484797,0.001970,-0.009358,-0.011529
544057870.000,Miguel,recording,knock_twice_right,15,0.771353,7.245428,6.517967,-0.004517,-0.015133,-0.014809
544057880.000,Miguel,recording,knock_twice_right,15,0.714834,7.256247,6.572916,-0.003880,-0.011620,-0.013644
544057890.000,Miguel,recording,knock_twice_right,15,0.662731,7.265173,6.613159,0.002696,-0.001248,-0.009085
544057900.000,Miguel,recording,knock_twice_right,15,0.662772,7.260063,6.572367,0.009914,0.008484,-0.002225
544057910.000,Miguel,recording,knock_twice_right,15,0.697112,7.241193,6.535601,0.014134,0.012165,0.003230
544057920.000,Miguel,recording,knock_twice_right,15,0.726397,7.220749,6.516352,0.012659,0.008484,0.004212
544057930.000,Miguel,recording,knock_twice_right,15,0.738123,7.217106,6.465793,0.007499,-0.001133,0.002258
544057940.000,Miguel,recording,knock_twice_right,15,0.732248,7.226589,6.448318,0.001554,-0.009954,0.000237
544057950.000,Miguel,recording,knock_twice_right,15,0.736788,7.251173,6.405806,-0.004609,-0.011359,0.000209
544057960.000,Miguel,recording,knock_twice_right,15,0.730620,7.269256,6.416666,-0.008813,-0.005675,0.003250
544057970.000,Miguel,recording,knock_twice_right,15,0.730518,7.252756,6.412206,-0.009303,0.002325,0.008417
544057980.000,Miguel,recording,knock_twice_right,15,0.740434,7.226970,6.495679,-0.005497,0.009257,0.013562
544057990.000,Miguel,recording,knock_twice_right,15,0.767697,7.198696,6.495844,0.000467,0.012046,0.017427
544058000.000,Miguel,recording,knock_twice_right,15,0.814045,7.195399,6.451407,0.003707,0.011775,0.016736
544058010.000,Miguel,recording,knock_twice_right,15,0.836949,7.198291,6.438630,0.001992,0.011500,0.011314
544058020.000,Miguel,recording,knock_twice_right,15,0.831401,7.205449,6.420306,-0.004121,0.013336,0.005399
544058030.000,Miguel,recording,knock_twice_right,15,0.792033,7.215519,6.428113,-0.012230,0.015426,0.001623
544058040.000,Miguel,recording,knock_twice_right,15,0.750287,7.185265,6.456031,-0.020669,0.013358,0.001095
544058050.000,Miguel,recording,knock_twice_right,15,0.717817,7.181386,6.520307,-0.028043,0.008586,0.002091
544058060.000,Miguel,recording,knock_twice_right,15,0.731317,7.188707,6.554907,-0.034135,0.006495,0.003666
544058070.000,Miguel,recording,knock_twice_right,15,0.758110,7.227671,6.589490,-0.038418,0.005821,0.006468
544058080.000,Miguel,recording,knock_twice_right,15,0.778613,7.227160,6.646904,-0.036798,0.003477,0.009201
544058090.000,Miguel,recording,knock_twice_right,15,0.816595,7.228464,6.706298,-0.030337,0.000026,0.010051
544058100.000,Miguel,recording,knock_twice_right,15,0.835683,7.226725,6.688215,-0.021225,-0.001445,0.007393
544058110.000,Miguel,recording,knock_twice_right,15,0.844192,7.238593,6.688320,-0.010192,0.001551,0.003153
544058120.000,Miguel,recording,knock_twice_right,15,0.804459,7.233910,6.708980,0.002387,0.004748,0.001408
544058130.000,Miguel,recording,knock_twice_right,15,0.789232,7.212503,6.722657,0.017854,0.003636,0.001776
544058140.000,Miguel,recording,knock_twice_right,15,0.753253,7.183275,6.701614,0.033453,-0.001066,0.002182
544058150.000,Miguel,recording,knock_twice_right,15,0.772408,7.200897,6.590023,0.044374,-0.004681,0.002178
544058160.000,Miguel,recording,knock_twice_right,15,0.825881,7.205957,6.505474,0.047517,-0.005169,0.000882
544058170.000,Miguel,recording,knock_twice_right,15,0.854274,7.193839,6.397671,0.042838,-0.002566,-0.002643
544058180.000,Miguel,recording,knock_twice_right,15,0.834510,7.204388,6.360812,0.033316,0.001896,-0.007517
544058190.000,Miguel,recording,knock_twice_right,15,0.785353,7.200002,6.366748,0.020573,0.003282,-0.010700
544058200.000,Miguel,recording,knock_twice_right,15,0.749749,7.183030,6.394893,0.008106,-0.000755,-0.009872
544058210.000,Miguel,recording,knock_twice_right,15,0.746880,7.164884,6.411834,-0.002891,-0.010529,-0.006557
544058220.000,Miguel,recording,knock_twice_right,15,0.758193,7.184934,6.424386,-0.012471,-0.021137,-0.003284
544058230.000,Miguel,recording,knock_twice_right,15,0.783138,7.184674,6.436242,-0.018558,-0.025527,-0.001726
544058240.000,Miguel,recording,knock_twice_right,15,0.824499,7.194058,6.432005,-0.021543,-0.022830,-0.002797
544058250.000,Miguel,recording,knock_twice_right,15,0.833396,7.209341,6.455302,-0.022584,-0.014100,-0.005486
544058260.000,Miguel,recording,knock_twice_right,15,0.818558,7.219199,6.495725,-0.021777,-0.002653,-0.009051
544058270.000,Miguel,recording,knock_twice_right,15,0.777097,7.188616,6.552237,-0.018281,0.009361,-0.012258
544058280.000,Miguel,recording,knock_twice_right,15,0.753888,7.187706,6.614437,-0.010980,0.017905,-0.013126
544058290.000,Miguel,recording,knock_twice_right,15,0.717312,7.232648,6.639167,-0.003395,0.018293,-0.012298
544058300.000,Miguel,recording,knock_twice_right,15,0.708657,7.275244,6.607599,0.000594,0.012885,-0.009515
544058310.000,Miguel,recording,knock_twice_right,15,0.700914,7.298150,6.597532,0.001298,0.005457,-0.005087
544058320.000,Miguel,recording,knock_twice_right,15,0.685295,7.329646,6.569963,-0.000663,-0.003201,-0.000595
544058330.000,Miguel,recording,knock_twice_right,15,0.703733,7.308777,6.558282,-0.003828,-0.010435,0.004637
544058340.000,Miguel,recording,knock_twice_right,15,0.724334,7.278507,6.578153,-0.005932,-0.014975,0.009755
544058350.000,Miguel,recording,knock_twice_right,15,0.751408,7.245952,6.582468,-0.004328,-0.016393,0.013586
544058360.000,Miguel,recording,knock_twice_right,15,0.801044,7.225074,6.562437,-0.001349,-0.012540,0.013789
544058370.000,Miguel,recording,knock_twice_right,15,0.866700,7.208330,6.572648,0.003921,-0.004178,0.007692
544058380.000,Miguel,recording,knock_twice_right,15,0.821544,7.185187,6.644897,0.015940,0.002897,-0.001091
544058390.000,Miguel,recording,knock_twice_right,15,0.774268,7.211369,6.641488,0.031516,0.005130,-0.007370
544058400.000,Miguel,recording,knock_twice_right,15,0.681128,7.233803,6.565380,0.042952,0.006908,-0.008609
544058410.000,Miguel,recording,knock_twice_right,15,0.626146,7.241766,6.496211,0.046542,0.008597,-0.004170
544058420.000,Miguel,recording,knock_twice_right,15,0.594744,7.245166,6.437787,0.042889,0.005429,0.005286
544058430.000,Miguel,recording,knock_twice_right,15,0.610860,7.267160,6.369019,0.032446,-0.002900,0.018381
544058440.000,Miguel,recording,knock_twice_right,15,0.666762,7.270738,6.318400,0.015475,-0.013061,0.031288
544058450.000,Miguel,recording,knock_twice_right,15,0.751915,7.265205,6.278776,-0.005297,-0.019258,0.040576
544058460.000,Miguel,recording,knock_twice_right,15,0.877125,7.256404,6.349336,-0.022718,-0.018763,0.044378
544058470.000,Miguel,recording,knock_twice_right,15,0.952511,7.192829,6.455600,-0.028097,-0.014656,0.040719
544058480.000,Miguel,recording,knock_twice_right,15,1.022276,7.143415,6.533076,-0.022345,-0.008573,0.028431
544058490.000,Miguel,recording,knock_twice_right,15,1.017323,7.112893,6.538655,-0.012032,-0.001623,0.009827
544058500.000,Miguel,recording,knock_twice_right,15,0.995075,7.088924,6.547754,-0.000654,0.005644,-0.009170
544058510.000,Miguel,recording,knock_twice_right,15,0.863916,7.117296,6.563321,0.011932,0.010716,-0.022915
544058520.000,Miguel,recording,knock_twice_right,15,0.716269,7.146457,6.507627,0.022565,0.010255,-0.026229
544058530.000,Miguel,recording,knock_twice_right,15,0.663565,7.175538,6.453480,0.024778,0.008479,-0.019372
544058540.000,Miguel,recording,knock_twice_right,15,0.713750,7.207854,6.392457,0.017320,0.009989,-0.009072
544058550.000,Miguel,recording,knock_twice_right,15,0.760482,7.200181,6.371313,0.000857,0.010619,-0.001096
544058560.000,Miguel,recording,knock_twice_right,15,0.823856,7.205251,6.422283,-0.019506,0.006422,0.002556
544058570.000,Miguel,recording,knock_twice_right,15,0.878724,7.199376,6.485652,-0.038240,-0.001112,0.001699
544058580.000,Miguel,recording,knock_twice_right,15,0.897548,7.212526,6.572316,-0.050326,-0.008686,-0.003180
544058590.000,Miguel,recording,knock_twice_right,15,0.904321,7.228825,6.683861,-0.049480,-0.013455,-0.009988
544058600.000,Miguel,recording,knock_twice_right,15,0.854830,7.224123,6.760326,-0.034100,-0.014134,-0.015849
544058610.000,Miguel,recording,knock_twice_right,15,0.782928,7.221530,6.746311,-0.011537,-0.009849,-0.017766
544058620.000,Miguel,recording,knock_twice_right,15,0.753552,7.243830,6.677455,0.008276,-0.001582,-0.016258
544058630.000,Miguel,recording,knock_twice_right,15,0.723381,7.244822,6.635166,0.021595,0.006604,-0.014088
544058640.000,Miguel,recording,knock_twice_right,15,0.674315,7.210978,6.599565,0.027981,0.008347,-0.009899
544058650.000,Miguel,recording,knock_twice_right,15,0.702308,7.221802,6.561998,0.027129,0.001621,-0.003703
544058660.000,Miguel,recording,knock_twice_right,15,0.793937,7.212445,6.527738,0.022350,-0.008198,-0.001537
544058670.000,Miguel,recording,knock_twice_right,15,0.822242,7.257078,6.506315,0.017995,-0.012853,-0.005147
544058680.000,Miguel,recording,knock_twice_right,15,0.796780,7.286490,6.504055,0.017624,-0.007851,-0.009398
544058690.000,Miguel,recording,knock_twice_right,15,0.747176,7.329923,6.501301,0.020778,0.003291,-0.010411
544058700.000,Miguel,recording,knock_twice_right,15,0.703106,7.329628,6.476896,0.024412,0.013717,-0.008068
544058710.000,Miguel,recording,knock_twice_right,15,0.675831,7.284781,6.468958,0.026428,0.014817,-0.003273
544058720.000,Miguel,recording,knock_twice_right,15,0.667527,7.262902,6.433160,0.022399,0.005406,0.002828
544058730.000,Miguel,recording,knock_twice_right,15,0.648043,7.296019,6.355822,0.012542,-0.006494,0.009794
544058740.000,Miguel,recording,knock_twice_right,15,0.679658,7.282865,6.372096,0.000800,-0.014868,0.017137
544058750.000,Miguel,recording,knock_twice_right,15,0.725940,7.263395,6.346515,-0.009191,-0.015214,0.023140
544058760.000,Miguel,recording,knock_twice_right,15,0.773305,7.242435,6.364109,-0.016078,-0.006987,0.025883
544058770.000,Miguel,recording,knock_twice_right,15,0.802642,7.221419,6.392228,-0.019730,0.004868,0.024425
544058780.000,Miguel,recording,knock_twice_right,15,0.771824,7.188414,6.420873,-0.020270,0.014685,0.021388
544058790.000,Miguel,recording,knock_twice_right,15,0.754055,7.189206,6.468697,-0.019481,0.020049,0.019818
544058800.000,Miguel,recording,knock_twice_right,15,0.763080,7.202623,6.477694,-0.018025,0.020246,0.019944
544058810.000,Miguel,recording,knock_twice_right,15,0.798185,7.201339,6.490697,-0.017314,0.013464,0.019601
544058820.000,Miguel,recording,knock_twice_right,15,0.823679,7.180798,6.494115,-0.019358,0.003809,0.017191
544058830.000,Miguel,recording,knock_twice_right,15,0.867774,7.196455,6.501181,-0.022325,-0.001945,0.013504
544058840.000,Miguel,recording,knock_twice_right,15,0.894862,7.186222,6.532034,-0.022298,-0.002962,0.008702
544058850.000,Miguel,recording,knock_twice_right,15,0.886994,7.160745,6.548879,-0.019996,-0.001340,0.004344
544058860.000,Miguel,recording,knock_twice_right,15,0.859911,7.168698,6.528824,-0.018023,0.003235,0.000568
544058870.000,Miguel,recording,knock_twice_right,15,0.845980,7.193700,6.558467,-0.017056,0.007263,-0.002851
544058880.000,Miguel,recording,knock_twice_right,15,0.800460,7.174485,6.595213,-0.015599,0.006586,-0.002892
544058890.000,Miguel,recording,knock_twice_right,15,0.795439,7.154361,6.594163,-0.014007,0.003757,-0.000041
544058900.000,Miguel,recording,knock_twice_right,15,0.811086,7.176446,6.604956,-0.014876,0.001522,0.002329
544058910.000,Miguel,recording,knock_twice_right,15,0.845620,7.185703,6.595806,-0.015856,0.000300,0.002638
544058920.000,Miguel,recording,knock_twice_right,15,0.867725,7.180536,6.648920,-0.013701,-0.000794,0.000035
544058930.000,Miguel,recording,knock_twice_right,15,0.878535,7.172939,6.678539,-0.008890,-0.003019,-0.006000
544058940.000,Miguel,recording,knock_twice_right,15,0.862864,7.192298,6.669226,-0.003367,-0.004498,-0.012619
544058950.000,Miguel,recording,knock_twice_right,15,0.829528,7.213722,6.687347,0.005272,-0.002803,-0.016658
544058960.000,Miguel,recording,knock_twice_right,15,0.802188,7.218335,6.725232,0.019663,-0.001542,-0.018152
544058970.000,Miguel,recording,knock_twice_right,15,0.741986,7.224494,6.673710,0.034291,-0.002980,-0.016678
544058980.000,Miguel,recording,knock_twice_right,15,0.741360,7.280890,6.539555,0.042101,-0.002755,-0.014549
544058990.000,Miguel,recording,knock_twice_right,15,0.735453,7.289590,6.477125,0.042178,-0.001501,-0.012246
544059000.000,Miguel,recording,knock_twice_right,15,0.743289,7.267844,6.451336,0.036182,-0.001966,-0.009162
544059010.000,Miguel,recording,knock_twice_right,15,0.725442,7.270025,6.422734,0.026335,-0.005205,-0.006014
544059020.000,Miguel,recording,knock_twice_right,15,0.707388,7.254988,6.418800,0.016112,-0.011070,-0.003007
544059030.000,Miguel,recording,knock_twice_right,15,0.722182,7.232525,6.421200,0.008046,-0.013360,-0.000890
544059040.000,Miguel,recording,knock_twice_right,15,0.745706,7.226331,6.442065,0.004053,-0.009331,0.000580
544059050.000,Miguel,recording,knock_twice_right,15,0.764104,7.225895,6.483983,0.005582,-0.001977,0.001760
544059060.000,Miguel,recording,knock_twice_right,15,0.768623,7.229926,6.474722,0.008671,0.004892,0.002270
544059070.000,Miguel,recording,knock_twice_right,15,0.766364,7.243225,6.451254,0.008951,0.008460,0.001261
544059080.000,Miguel,recording,knock_twice_right,15,0.762186,7.256053,6.430382,0.005950,0.006258,0.000154
544059090.000,Miguel,recording,knock_twice_right,15,0.733296,7.266228,6.407153,-0.001228,-0.001653,0.000425
544059100.000,Miguel,recording,knock_twice_right,15,0.686736,7.239744,6.405806,-0.011167,-0.010224,0.003500
544059110.000,Miguel,recording,knock_twice_right,15,0.711572,7.244473,6.434040,-0.020354,-0.015731,0.009520
544059120.000,Miguel,recording,knock_twice_right,15,0.779910,7.239409,6.488312,-0.024127,-0.016489,0.014691
544059130.000,Miguel,recording,knock_twice_right,15,0.832595,7.205213,6.546362,-0.019368,-0.009305,0.015814
544059140.000,Miguel,recording,knock_twice_right,15,0.835915,7.189507,6.631065,-0.006849,0.004383,0.014154
544059150.000,Miguel,recording,knock_twice_right,15,0.842574,7.193472,6.632802,0.008782,0.016959,0.013107
544059160.000,Miguel,recording,knock_twice_right,15,0.865555,7.204478,6.589178,0.021111,0.022265,0.011592
544059170.000,Miguel,recording,knock_twice_right,15,0.882726,7.172881,6.543550,0.026610,0.018193,0.007753
544059180.000,Miguel,recording,knock_twice_right,15,0.870629,7.172635,6.489764,0.023547,0.009502,0.002674
544059190.000,Miguel,recording,knock_twice_right,15,0.879031,7.169259,6.423293,0.012981,0.000033,-0.002940
544059200.000,Miguel,recording,knock_twice_right,15,0.861688,7.206111,6.413815,-0.001191,-0.008559,-0.007294
544059210.000,Miguel,recording,knock_twice_right,15,0.842216,7.189568,6.447080,-0.014913,-0.012283,-0.009008
544059220.000,Miguel,recording,knock_twice_right,15,0.810257,7.196438,6.503399,-0.023264,-0.012400,-0.009388
544059230.000,Miguel,recording,knock_twice_right,15,0.788985,7.208188,6.549417,-0.022882,-0.011181,-0.009120
544059240.000,Miguel,recording,knock_twice_right,15,0.790539,7.205805,6.621322,-0.015911,-0.006642,-0.008176
544059250.000,Miguel,recording,knock_twice_right,15,0.770731,7.184489,6.626582,-0.005168,-0.001467,-0.007653
544059260.000,Miguel,recording,knock_twice_right,15,0.772638,7.172316,6.621387,0.008152,0.002005,-0.008123
544059270.000,Miguel,recording,knock_twice_right,15,0.817957,7.209099,6.583904,0.019162,0.004555,-0.009436
544059280.000,Miguel,recording,knock_twice_right,15,0.845183,7.243108,6.530443,0.023825,0.003389,-0.012098
544059290.000,Miguel,recording,knock_twice_right,15,0.838254,7.244345,6.480606,0.021882,0.001004,-0.016161
544059300.000,Miguel,recording,knock_twice_right,15,0.788968,7.233494,6.419352,0.013975,-0.000939,-0.019396
544059310.000,Miguel,recording,knock_twice_right,15,0.752702,7.254538,6.395131,0.003148,-0.004090,-0.018921
544059320.000,Miguel,recording,knock_twice_right,15,0.726064,7.294248,6.417498,-0.006967,-0.006597,-0.014798
544059330.000,Miguel,recording,knock_twice_right,15,0.687691,7.291911,6.426545,-0.013903,-0.006779,-0.009738
544059340.000,Miguel,recording,knock_twice_right,15,0.644244,7.292869,6.471286,-0.017468,-0.003812,-0.003137
544059350.000,Miguel,recording,knock_twice_right,15,0.665297,7.274510,6.541479,-0.016293,-0.000836,0.004183
544059360.000,Miguel,recording,knock_twice_right,15,0.716334,7.242589,6.580726,-0.008337,-0.000914,0.009599
544059370.000,Miguel,recording,knock_twice_right,15,0.751259,7.209496,6.566692,0.003127,-0.000311,0.011901
544059380.000,Miguel,recording,knock_twice_right,15,0.805087,7.209153,6.550588,0.014281,0.003217,0.010290
544059390.000,Miguel,recording,knock_twice_right,15,0.845788,7.195917,6.513729,0.022372,0.007010,0.005297
544059400.000,Miguel,recording,knock_twice_right,15,0.855825,7.176059,6.471268,0.024535,0.009562,-0.001735
544059410.000,Miguel,recording,knock_twice_right,15,0.837506,7.190321,6.425334,0.020504,0.008547,-0.007788
544059420.000,Miguel,recording,knock_twice_right,15,0.813195,7.201081,6.405075,0.013238,0.004739,-0.011844
544059430.000,Miguel,recording,knock_twice_right,15,0.759830,7.216519,6.417017,0.005220,0.002979,-0.013003
544059440.000,Miguel,recording,knock_twice_right,15,0.726411,7.209800,6.447149,-0.001709,0.002066,-0.009259
544059450.000,Miguel,recording,knock_twice_right,15,0.706947,7.226621,6.446567,-0.008280,-0.000478,-0.003069
544059460.000,Miguel,recording,knock_twice_right,15,0.707369,7.227190,6.442300,-0.017552,-0.002322,0.004089
544059470.000,Miguel,recording,knock_twice_right,15,0.722494,7.220230,6.459607,-0.028696,-0.005346,0.011997
544059480.000,Miguel,recording,knock_twice_right,15,0.835634,7.193228,6.505233,-0.037402,-0.011365,0.016015
544059490.000,Miguel,recording,knock_twice_right,15,0.945115,7.183949,6.523001,-0.040111,-0.015264,0.013074
544059500.000,Miguel,recording,knock_twice_right,15,1.015246,7.154050,6.604225,-0.034230,-0.015079,0.004975
544059510.000,Miguel,recording,knock_twice_right,15,0.997845,7.123395,6.680501,-0.020130,-0.012929,-0.006694
544059520.000,Miguel,recording,knock_twice_right,15,0.835297,7.126412,6.612264,-0.005191,0.000994,-0.012848
544059530.000,Miguel,recording,knock_twice_right,15,0.051068,7.261081,6.212917,-0.007135,0.043070,0.018944
544059540.000,Miguel,recording,knock_twice_right,15,-0.260199,7.637660,6.140269,-0.011117,0.046406,0.064858
544059550.000,Miguel,recording,knock_twice_right,15,0.804177,7.392163,6.534920,-0.015468,0.003756,0.086594
544059560.000,Miguel,recording,knock_twice_right,15,0.454412,7.209627,6.085282,-0.041162,-0.017986,0.090397
544059570.000,Miguel,recording,knock_twice_right,15,1.204877,7.388625,6.334617,-0.069439,-0.024226,0.069505
544059580.000,Miguel,recording,knock_twice_right,15,1.227332,7.410459,6.429142,-0.082700,-0.009149,0.031873
544059590.000,Miguel,recording,knock_twice_right,15,1.243224,7.269591,6.730528,-0.075909,0.027199,-0.002795
544059600.000,Miguel,recording,knock_twice_right,15,1.112952,7.189765,6.958665,-0.051673,0.055749,-0.026404
544059610.000,Miguel,recording,knock_twice_right,15,0.967963,7.138205,7.061059,-0.021636,0.057277,-0.035198
544059620.000,Miguel,recording,knock_twice_right,15,0.785543,7.077391,7.085261,0.004065,0.037790,-0.027678
544059630.000,Miguel,recording,knock_twice_right,15,0.693752,7.058842,7.034724,0.023543,0.009688,-0.009627
544059640.000,Miguel,recording,knock_twice_right,15,0.802552,7.068022,6.964342,0.041193,-0.014782,0.009145
544059650.000,Miguel,recording,knock_twice_right,15,0.927737,7.052108,6.833338,0.056802,-0.023847,0.019319
544059660.000,Miguel,recording,knock_twice_right,15,1.091806,7.033837,6.726626,0.066130,-0.018619,0.014404
544059670.000,Miguel,recording,knock_twice_right,15,1.153290,7.059855,6.624018,0.068903,-0.009816,-0.004681
544059680.000,Miguel,recording,knock_twice_right,15,1.112889,7.098749,6.582729,0.067703,-0.005951,-0.029002
544059690.000,Miguel,recording,knock_twice_right,15,0.999276,7.156911,6.551731,0.067498,-0.008479,-0.050224
544059700.000,Miguel,recording,knock_twice_right,15,0.794812,7.203500,6.520333,0.068827,-0.013676,-0.061286
544059710.000,Miguel,recording,knock_twice_right,15,0.652613,7.279512,6.446612,0.069709,-0.020734,-0.060095
544059720.000,Miguel,recording,knock_twice_right,15,0.580453,7.297355,6.378960,0.068712,-0.029882,-0.051037
544059730.000,Miguel,recording,knock_twice_right,15,0.551346,7.300848,6.295060,0.065161,-0.033864,-0.038684
544059740.000,Miguel,recording,knock_twice_right,15,0.588550,7.320901,6.250781,0.060550,-0.028720,-0.025932
544059750.000,Miguel,recording,knock_twice_right,15,0.630082,7.336528,6.205854,0.055163,-0.020633,-0.014554
544059760.000,Miguel,recording,knock_twice_right,15,0.684748,7.305698,6.158384,0.046889,-0.010816,-0.007717
544059770.000,Miguel,recording,knock_twice_right,15,0.740880,7.276882,6.107030,0.032600,0.001715,-0.005740
544059780.000,Miguel,recording,knock_twice_right,15,0.752238,7.274004,6.134051,0.016103,0.014131,-0.006872
544059790.000,Miguel,recording,knock_twice_right,15,0.772430,7.241840,6.203909,0.003821,0.026463,-0.010677
544059800.000,Miguel,recording,knock_twice_right,15,0.771905,7.239558,6.304495,-0.002846,0.036443,-0.014317
544059810.000,Miguel,recording,knock_twice_right,15,0.705554,7.210089,6.389972,-0.005171,0.039026,-0.014131
544059820.000,Miguel,recording,knock_twice_right,15,0.667917,7.235512,6.445622,-0.007270,0.029324,-0.010874
544059830.000,Miguel,recording,knock_twice_right,15,0.662036,7.227218,6.445178,-0.013276,0.012737,-0.005740
544059840.000,Miguel,recording,knock_twice_right,15,0.326001,7.284205,6.253395,-0.030957,0.015420,0.016813
544059850.000,Miguel,recording,knock_twice_right,15,-0.649385,7.555267,5.770554,-0.061563,0.039219,0.077023
544059860.000,Miguel,recording,knock_twice_right,15,0.519127,7.699492,6.326361,-0.083390,0.024938,0.117977
544059870.000,Miguel,recording,knock_twice_right,15,1.017706,7.138615,6.254287,-0.110035,0.000951,0.113879
544059880.000,Miguel,recording,knock_twice_right,15,0.948640,7.208329,6.179442,-0.148026,-0.000189,0.097794
544059890.000,Miguel,recording,knock_twice_right,15,1.244486,7.367711,6.544616,-0.164114,-0.009788,0.065997
544059900.000,Miguel,recording,knock_twice_right,15,1.257585,7.246110,6.889993,-0.149969,-0.007110,0.030108
544059910.000,Miguel,recording,knock_twice_right,15,1.168446,7.075380,7.166362,-0.108039,0.012641,0.003932
544059920.000,Miguel,recording,knock_twice_right,15,1.166281,7.055730,7.384948,-0.046219,0.028828,-0.012559
544059930.000,Miguel,recording,knock_twice_right,15,1.006046,7.074402,7.344821,0.017466,0.033243,-0.018720
544059940.000,Miguel,recording,knock_twice_right,15,0.916343,7.028443,7.215850,0.065067,0.030695,-0.014197
544059950.000,Miguel,recording,knock_twice_right,15,0.947910,7.018862,6.979765,0.090988,0.020412,-0.007695
544059960.000,Miguel,recording,knock_twice_right,15,1.088707,7.021528,6.800990,0.097526,0.002850,-0.007817
544059970.000,Miguel,recording,knock_twice_right,15,1.156600,7.006561,6.626830,0.087911,-0.014801,-0.018143
544059980.000,Miguel,recording,knock_twice_right,15,1.136426,7.002975,6.549669,0.071352,-0.029967,-0.036060
544059990.000,Miguel,recording,knock_twice_right,15,1.044644,7.029538,6.539952,0.057245,-0.041817,-0.055203
544060000.000,Miguel,recording,knock_twice_right,15,0.908622,7.096735,6.529320,0.050746,-0.045650,-0.068771
544060010.000,Miguel,recording,knock_twice_right,15,0.787313,7.133526,6.514102,0.054419,-0.041313,-0.074167
544060020.000,Miguel,recording,knock_twice_right,15,0.684591,7.184173,6.437184,0.064143,-0.030767,-0.072487
544060030.000,Miguel,recording,knock_twice_right,15,0.663848,7.245613,6.368968,0.070569,-0.016102,-0.066415
544060040.000,Miguel,recording,knock_twice_right,15,0.662702,7.292124,6.258952,0.067239,-0.006448,-0.060365
544060050.000,Miguel,recording,knock_twice_right,15,0.677636,7.329185,6.169882,0.053658,-0.010071,-0.057041
544060060.000,Miguel,recording,knock_twice_right,15,0.655461,7.344289,6.133146,0.032196,-0.022012,-0.056408
544060070.000,Miguel,recording,knock_twice_right,15,0.604065,7.382856,6.157828,0.009763,-0.029782,-0.054909
544060080.000,Miguel,recording,knock_twice_right,15,0.521465,7.411151,6.200389,-0.005220,-0.025324,-0.048117
544060090.000,Miguel,recording,knock_twice_right,15,0.467699,7.419279,6.289781,-0.010314,-0.011928,-0.035557
544060100.000,Miguel,recording,knock_twice_right,15,0.492006,7.416062,6.316818,-0.008517,0.002944,-0.021131
544060110.000,Miguel,recording,knock_twice_right,15,0.520240,7.379311,6.324487,-0.006106,0.015566,-0.008646
544060120.000,Miguel,recording,knock_twice_right,15,0.566900,7.376561,6.317278,-0.009289,0.019893,-0.000062
544060130.000,Miguel,recording,knock_twice_right,15,0.565668,7.349001,6.328218,-0.017898,0.014391,0.005981
544060140.000,Miguel,recording,knock_twice_right,15,0.591812,7.332001,6.349902,-0.028749,0.005645,0.012724
544060150.000,Miguel,recording,knock_twice_right,15,0.659143,7.306323,6.385938,-0.039022,-0.000146,0.019815
544060160.000,Miguel,recording,knock_twice_right,15,0.707598,7.285388,6.413500,-0.046807,-0.000017,0.023386
544060170.000,Miguel,recording,knock_twice_right,15,0.716800,7.252472,6.458216,-0.052240,0.005067,0.023351
544060180.000,Miguel,recording,knock_twice_right,15,0.759136,7.232418,6.554516,-0.053676,0.011386,0.023833
544060190.000,Miguel,recording,knock_twice_right,15,0.806824,7.236812,6.624690,-0.051472,0.013829,0.024711
544060200.000,Miguel,recording,knock_twice_right,15,0.831715,7.215225,6.691759,-0.047588,0.010718,0.022877
544060210.000,Miguel,recording,knock_twice_right,15,0.842797,7.163106,6.707078,-0.040778,0.002334,0.018779
544060220.000,Miguel,recording,knock_twice_right,15,0.887449,7.160628,6.717382,-0.031953,-0.007627,0.014680
544060230.000,Miguel,recording,knock_twice_right,15,0.921862,7.184362,6.712282,-0.021993,-0.011040,0.012257
544060240.000,Miguel,recording,knock_twice_right,15,0.926488,7.183038,6.707712,-0.011365,-0.006063,0.009727
544060250.000,Miguel,recording,knock_twice_right,15,0.905162,7.167707,6.711526,-0.000446,0.001647,0.005906
544060260.000,Miguel,recording,knock_twice_right,15,0.896458,7.166322,6.747043,0.011818,0.005152,0.001719
544060270.000,Miguel,recording,knock_twice_right,15,0.905001,7.158337,6.726174,0.023869,0.001072,-0.003427
544060280.000,Miguel,recording,knock_twice_right,15,0.920806,7.173801,6.648786,0.032815,-0.007231,-0.010545
544060290.000,Miguel,recording,knock_twice_right,15,0.910974,7.171199,6.580575,0.036942,-0.012092,-0.019297
544060300.000,Miguel,recording,knock_twice_right,15,0.859247,7.185601,6.529292,0.037214,-0.010908,-0.026183
544060310.000,Miguel,recording,knock_twice_right,15,0.813242,7.203403,6.499579,0.036812,-0.007686,-0.029951
544060320.000,Miguel,recording,knock_twice_right,15,0.759102,7.196719,6.459437,0.036192,-0.006066,-0.030936
544060330.000,Miguel,recording,knock_twice_right,15,0.722105,7.215172,6.429975,0.033235,-0.008335,-0.029647
544060340.000,Miguel,recording,knock_twice_right,15,0.684178,7.227614,6.403895,0.028903,-0.013470,-0.026690
544060350.000,Miguel,recording,knock_twice_right,15,0.687178,7.234306,6.400300,0.025738,-0.016806,-0.022123
544060360.000,Miguel,recording,knock_twice_right,15,0.690366,7.229759,6.385859,0.023181,-0.016768,-0.017999
544060370.000,Miguel,recording,knock_twice_right,15,0.718118,7.261536,6.318653,0.017169,-0.015774,-0.016757
544060380.000,Miguel,recording,knock_twice_right,15,0.712590,7.270083,6.283652,0.006050,-0.012492,-0.016499
544060390.000,Miguel,recording,knock_twice_right,16,0.674230,7.272632,6.273856,-0.005826,-0.007098,-0.013264
544060400.000,Miguel,recording,knock_twice_right,16,0.655903,7.290155,6.339871,-0.014901,-0.002489,-0.007768
544060410.000,Miguel,recording,knock_twice_right,16,0.692550,7.289518,6.386108,-0.018765,0.001223,-0.002774
544060420.000,Miguel,recording,knock_twice_right,16,0.743311,7.298350,6.429695,-0.018841,0.003848,-0.000553
544060430.000,Miguel,recording,knock_twice_right,16,0.760524,7.297247,6.447278,-0.018788,0.003388,-0.002622
544060440.000,Miguel,recording,knock_twice_right,16,0.725263,7.274131,6.505464,-0.016813,-0.001082,-0.005034
544060450.000,Miguel,recording,knock_twice_right,16,0.709567,7.268866,6.507063,-0.014213,-0.007703,-0.004758
544060460.000,Miguel,recording,knock_twice_right,16,0.721160,7.240828,6.495787,-0.013316,-0.013375,-0.003333
544060470.000,Miguel,recording,knock_twice_right,16,0.750027,7.226085,6.471505,-0.013852,-0.013787,-0.001235
544060480.000,Miguel,recording,knock_twice_right,16,0.766483,7.204949,6.471803,-0.014582,-0.005393,0.000704
544060490.000,Miguel,recording,knock_twice_right,16,0.794499,7.207557,6.489814,-0.014702,0.010257,0.001514
544060500.000,Miguel,recording,knock_twice_right,16,0.821890,7.192475,6.540378,-0.013683,0.023474,0.000007
544060510.000,Miguel,recording,knock_twice_right,16,0.850434,7.196558,6.568500,-0.012047,0.024270,-0.005180
544060520.000,Miguel,recording,knock_twice_right,16,0.851336,7.205604,6.594135,-0.011814,0.014897,-0.012434
544060530.000,Miguel,recording,knock_twice_right,16,0.808240,7.199963,6.613847,-0.012484,0.000305,-0.018967
544060540.000,Miguel,recording,knock_twice_right,16,0.756556,7.207964,6.617363,-0.012475,-0.015397,-0.022261
544060550.000,Miguel,recording,knock_twice_right,16,0.709798,7.233986,6.638271,-0.010776,-0.024509,-0.020808
544060560.000,Miguel,recording,knock_twice_right,16,0.699916,7.250226,6.621869,-0.007636,-0.024281,-0.014672
544060570.000,Miguel,recording,knock_twice_right,16,0.711236,7.248664,6.613559,-0.002954,-0.019014,-0.006498
544060580.000,Miguel,recording,knock_twice_right,16,0.766828,7.253352,6.593613,0.001571,-0.016388,-0.001144
544060590.000,Miguel,recording,knock_twice_right,16,0.839156,7.234416,6.565290,0.003454,-0.020605,-0.001300
544060600.000,Miguel,recording,knock_twice_right,16,0.887403,7.192112,6.541593,0.003013,-0.030955,-0.007504
544060610.000,Miguel,recording,knock_twice_right,16,0.905781,7.186341,6.515459,0.002225,-0.039913,-0.018293
544060620.000,Miguel,recording,knock_twice_right,16,0.873038,7.195236,6.513044,0.003618,-0.041763,-0.030515
544060630.000,Miguel,recording,knock_twice_right,16,0.774940,7.205367,6.583228,0.009576,-0.044363,-0.039523
544060640.000,Miguel,recording,knock_twice_right,16,0.693546,7.188950,6.611705,0.018141,-0.055926,-0.043739
544060650.000,Miguel,recording,knock_twice_right,16,0.655534,7.200980,6.574804,0.023505,-0.071265,-0.043379
544060660.000,Miguel,recording,knock_twice_right,16,0.679459,7.267103,6.489915,0.024513,-0.078342,-0.037545
544060670.000,Miguel,recording,knock_twice_right,16,0.730819,7.305018,6.442188,0.022826,-0.070130,-0.030359
544060680.000,Miguel,recording,knock_twice_right,16,0.784635,7.295809,6.424933,0.021038,-0.048375,-0.027076
544060690.000,Miguel,recording,knock_twice_right,16,0.802086,7.298576,6.435573,0.020896,-0.021383,-0.027646
544060700.000,Miguel,recording,knock_twice_right,16,0.758586,7.313485,6.439305,0.019551,0.002503,-0.028001
544060710.000,Miguel,recording,knock_twice_right,16,0.694225,7.311778,6.457940,0.015817,0.015452,-0.025874
544060720.000,Miguel,recording,knock_twice_right,16,0.645283,7.289650,6.491468,0.009610,0.011246,-0.022253
544060730.000,Miguel,recording,knock_twice_right,16,0.629072,7.263529,6.507658,0.003253,-0.008567,-0.017391
544060740.000,Miguel,recording,knock_twice_right,16,0.689749,7.265781,6.487846,-0.000530,-0.032935,-0.013950
544060750.000,Miguel,recording,knock_twice_right,16,0.687028,7.309353,6.477489,-0.002557,-0.046131,-0.011077
544060760.000,Miguel,recording,knock_twice_right,16,0.678581,7.278428,6.496733,-0.000760,-0.041788,-0.006295
544060770.000,Miguel,recording,knock_twice_right,16,0.685429,7.285163,6.522857,0.007392,-0.027493,-0.001862
544060780.000,Miguel,recording,knock_twice_right,16,0.749681,7.242347,6.520311,0.017709,-0.015180,0.000415
544060790.000,Miguel,recording,knock_twice_right,16,0.774389,7.261197,6.459033,0.022955,-0.011068,-0.000753
544060800.000,Miguel,recording,knock_twice_right,16,0.802912,7.245870,6.455981,0.023494,-0.016289,-0.005406
544060810.000,Miguel,recording,knock_twice_right,16,0.815831,7.248239,6.419807,0.020142,-0.026657,-0.010046
544060820.000,Miguel,recording,knock_twice_right,16,0.814730,7.302766,6.343901,0.013578,-0.032392,-0.012952
544060830.000,Miguel,recording,knock_twice_right,16,0.812955,7.320887,6.343050,0.006439,-0.030769,-0.015334
544060840.000,Miguel,recording,knock_twice_right,16,0.765536,7.252907,6.383396,-0.001264,-0.029720,-0.017077
544060850.000,Miguel,recording,knock_twice_right,16,0.713733,7.231663,6.424503,-0.009716,-0.036651,-0.017325
544060860.000,Miguel,recording,knock_twice_right,16,0.687513,7.219518,6.458287,-0.019104,-0.050483,-0.014541
544060870.000,Miguel,recording,knock_twice_right,16,0.709613,7.224490,6.508441,-0.024029,-0.060540,-0.009117
544060880.000,Miguel,recording,knock_twice_right,16,0.752691,7.189459,6.600771,-0.018418,-0.058171,-0.003582
544060890.000,Miguel,recording,knock_twice_right,16,0.795813,7.185597,6.630225,-0.004135,-0.046301,-0.000881
544060900.000,Miguel,recording,knock_twice_right,16,0.888175,7.205218,6.594972,0.012725,-0.034552,-0.003866
544060910.000,Miguel,recording,knock_twice_right,16,0.894276,7.224279,6.563823,0.024913,-0.033546,-0.013811
544060920.000,Miguel,recording,knock_twice_right,16,0.892044,7.226658,6.537635,0.027291,-0.047462,-0.028325
544060930.000,Miguel,recording,knock_twice_right,16,0.845518,7.228065,6.558015,0.022694,-0.070569,-0.041310
544060940.000,Miguel,recording,knock_twice_right,16,0.822028,7.232421,6.573834,0.016649,-0.094751,-0.049367
544060950.000,Miguel,recording,knock_twice_right,16,0.780852,7.281411,6.564069,0.015417,-0.109690,-0.052041
544060960.000,Miguel,recording,knock_twice_right,16,0.802842,7.325030,6.628864,0.023725,-0.108442,-0.051880
544060970.000,Miguel,recording,knock_twice_right,16,0.767818,7.290882,6.604313,0.038053,-0.094104,-0.052352
544060980.000,Miguel,recording,knock_twice_right,16,0.738207,7.287207,6.613615,0.052463,-0.073184,-0.046630
544060990.000,Miguel,recording,knock_twice_right,16,0.687619,7.363713,6.514329,0.063443,-0.057602,-0.031524
544061000.000,Miguel,recording,knock_twice_right,16,0.806083,7.341041,6.474053,0.067791,-0.055090,-0.019449
544061010.000,Miguel,recording,knock_twice_right,16,0.849271,7.262668,6.409558,0.062384,-0.066332,-0.018012
544061020.000,Miguel,recording,knock_twice_right,16,0.874010,7.228510,6.377229,0.049068,-0.088467,-0.024208
544061030.000,Miguel,recording,knock_twice_right,16,0.857374,7.224080,6.372192,0.033097,-0.113652,-0.035336
544061040.000,Miguel,recording,knock_twice_right,16,0.822281,7.280090,6.445778,0.020937,-0.135457,-0.046572
544061050.000,Miguel,recording,knock_twice_right,16,0.769531,7.255793,6.480514,0.017031,-0.151502,-0.053172
544061060.000,Miguel,recording,knock_twice_right,16,0.774055,7.313644,6.499997,0.021054,-0.159799,-0.054573
544061070.000,Miguel,recording,knock_twice_right,16,0.784518,7.321197,6.491983,0.027200,-0.162303,-0.054741
544061080.000,Miguel,recording,knock_twice_right,16,0.780253,7.286083,6.476842,0.030203,-0.167437,-0.052013
544061090.000,Miguel,recording,knock_twice_right,16,0.759297,7.352699,6.529250,0.032069,-0.182094,-0.045945
544061100.000,Miguel,recording,knock_twice_right,16,0.836305,7.364549,6.582255,0.036706,-0.197300,-0.040845
544061110.000,Miguel,recording,knock_twice_right,16,0.880302,7.382291,6.574937,0.044104,-0.197974,-0.039311
544061120.000,Miguel,recording,knock_twice_right,16,0.915883,7.349582,6.556828,0.051620,-0.188233,-0.042774
544061130.000,Miguel,recording,knock_twice_right,16,0.919896,7.367644,6.573144,0.059021,-0.176289,-0.046402
544061140.000,Miguel,recording,knock_twice_right,16,0.929483,7.333855,6.609884,0.071105,-0.165470,-0.048891
544061150.000,Miguel,recording,knock_twice_right,16,0.936456,7.332498,6.624713,0.088042,-0.159778,-0.051349
544061160.000,Miguel,recording,knock_twice_right,16,0.962757,7.331980,6.523752,0.101894,-0.155895,-0.054439
544061170.000,Miguel,recording,knock_twice_right,16,0.983351,7.333034,6.411290,0.110727,-0.143646,-0.057103
544061180.000,Miguel,recording,knock_twice_right,16,1.020193,7.348339,6.396650,0.119524,-0.118863,-0.058864
544061190.000,Miguel,recording,knock_twice_right,16,1.008447,7.325097,6.333472,0.129201,-0.095135,-0.060994
544061200.000,Miguel,recording,knock_twice_right,16,1.024920,7.328821,6.298745,0.132290,-0.096213,-0.066902
544061210.000,Miguel,recording,knock_twice_right,16,1.029235,7.269879,6.258425,0.123550,-0.130770,-0.081081
544061220.000,Miguel,recording,knock_twice_right,16,0.942825,7.279406,6.213641,0.103623,-0.181317,-0.096709
544061230.000,Miguel,recording,knock_twice_right,16,0.910144,7.347457,6.110868,0.073903,-0.226625,-0.107386
544061240.000,Miguel,recording,knock_twice_right,16,0.872289,7.421472,6.064764,0.042889,-0.254164,-0.106537
544061250.000,Miguel,recording,knock_twice_right,16,0.795150,7.479245,6.096101,0.022334,-0.254688,-0.091880
544061260.000,Miguel,recording,knock_twice_right,16,0.801257,7.438604,6.188715,0.019622,-0.223564,-0.071068
544061270.000,Miguel,recording,knock_twice_right,16,0.846114,7.444843,6.278571,0.036061,-0.168255,-0.048116
544061280.000,Miguel,recording,knock_twice_right,16,0.919142,7.423831,6.265374,0.062401,-0.106535,-0.027340
544061290.000,Miguel,recording,knock_twice_right,16,0.981499,7.404257,6.164257,0.082923,-0.054293,-0.015313
544061300.000,Miguel,recording,knock_twice_right,16,1.015086,7.398782,6.050343,0.085032,-0.020908,-0.011995
544061310.000,Miguel,recording,knock_twice_right,16,0.997820,7.401605,5.986200,0.070053,-0.014893,-0.011989
544061320.000,Miguel,recording,knock_twice_right,16,0.979339,7.397967,5.988343,0.047681,-0.035311,-0.012240
544061330.000,Miguel,recording,knock_twice_right,16,0.956714,7.365625,5.957410,0.021175,-0.064211,-0.012522
544061340.000,Miguel,recording,knock_twice_right,16,0.959693,7.351311,5.930668,-0.008468,-0.088479,-0.013931
544061350.000,Miguel,recording,knock_twice_right,16,0.945823,7.377327,5.971004,-0.037719,-0.103155,-0.016882
544061360.000,Miguel,recording,knock_twice_right,16,0.962563,7.411861,6.028175,-0.058272,-0.106138,-0.017878
544061370.000,Miguel,recording,knock_twice_right,16,0.985111,7.397853,6.122831,-0.064906,-0.097491,-0.016274
544061380.000,Miguel,recording,knock_twice_right,16,1.016621,7.380869,6.170007,-0.060271,-0.073373,-0.015882
544061390.000,Miguel,recording,knock_twice_right,16,1.019377,7.391769,6.215333,-0.047622,-0.033740,-0.015947
544061400.000,Miguel,recording,knock_twice_right,16,1.014587,7.393733,6.312638,-0.030108,0.012000,-0.017423
544061410.000,Miguel,recording,knock_twice_right,16,0.993107,7.386692,6.391080,-0.010707,0.047171,-0.019993
544061420.000,Miguel,recording,knock_twice_right,16,0.959053,7.397702,6.426450,0.006689,0.062510,-0.022044
544061430.000,Miguel,recording,knock_twice_right,16,0.921843,7.421712,6.442235,0.016951,0.058661,-0.023504
544061440.000,Miguel,recording,knock_twice_right,16,0.922147,7.455265,6.415170,0.019834,0.040970,-0.021421
544061450.000,Miguel,recording,knock_twice_right,16,0.943227,7.489907,6.376934,0.017699,0.023347,-0.016072
544061460.000,Miguel,recording,knock_twice_right,16,0.955482,7.505288,6.292056,0.011067,0.013451,-0.010311
544061470.000,Miguel,recording,knock_twice_right,16,0.949223,7.488960,6.278931,0.001146,0.010412,-0.003984
544061480.000,Miguel,recording,knock_twice_right,16,0.972689,7.458681,6.324713,-0.007286,0.010989,0.001531
544061490.000,Miguel,recording,knock_twice_right,16,0.999247,7.448068,6.406998,-0.008132,0.009791,0.004297
544061500.000,Miguel,recording,knock_twice_right,16,0.978233,7.420782,6.437593,0.000793,0.007969,0.005477
544061510.000,Miguel,recording,knock_twice_right,16,0.970744,7.403775,6.455067,0.016628,0.010277,0.006107
544061520.000,Miguel,recording,knock_twice_right,16,0.989564,7.390854,6.411624,0.032518,0.016233,0.005380
544061530.000,Miguel,recording,knock_twice_right,16,1.012805,7.366740,6.350914,0.043050,0.021315,0.002164
544061540.000,Miguel,recording,knock_twice_right,16,1.047797,7.370979,6.261223,0.046499,0.021910,-0.003871
544061550.000,Miguel,recording,knock_twice_right,16,1.025732,7.357189,6.227694,0.044924,0.018774,-0.010548
544061560.000,Miguel,recording,knock_twice_right,16,0.970056,7.360933,6.184767,0.041715,0.016616,-0.014461
544061570.000,Miguel,recording,knock_twice_right,16,0.931107,7.413771,6.158600,0.035848,0.017605,-0.013987
544061580.000,Miguel,recording,knock_twice_right,16,0.940824,7.451308,6.134362,0.026838,0.017563,-0.010844
544061590.000,Miguel,recording,knock_twice_right,16,0.925202,7.444921,6.163295,0.016771,0.012831,-0.006145
544061600.000,Miguel,recording,knock_twice_right,16,0.947952,7.433114,6.149843,0.007194,0.001964,-0.001895
544061610.000,Miguel,recording,knock_twice_right,16,1.018860,7.451358,6.138213,-0.002811,-0.010647,-0.001935
544061620.000,Miguel,recording,knock_twice_right,16,1.072809,7.451299,6.135714,-0.012355,-0.017270,-0.006527
544061630.000,Miguel,recording,knock_twice_right,16,1.066374,7.440096,6.210481,-0.015218,-0.016117,-0.014965
544061640.000,Miguel,recording,knock_twice_right,16,1.009613,7.423746,6.275966,-0.009157,-0.008005,-0.023723
544061650.000,Miguel,recording,knock_twice_right,16,0.957191,7.436728,6.319603,0.001484,0.005673,-0.027599
544061660.000,Miguel,recording,knock_twice_right,16,0.897160,7.440029,6.314300,0.012262,0.018166,-0.026362
544061670.000,Miguel,recording,knock_twice_right,16,0.839743,7.449425,6.315835,0.021458,0.020453,-0.021813
544061680.000,Miguel,recording,knock_twice_right,16,0.810332,7.427956,6.248423,0.024533,0.013756,-0.015895
544061690.000,Miguel,recording,knock_twice_right,16,0.806496,7.448961,6.125723,0.016786,0.006856,-0.007825
544061700.000,Miguel,recording,knock_twice_right,16,0.832303,7.465557,6.066033,-0.000372,0.003905,0.001755
544061710.000,Miguel,recording,knock_twice_right,16,0.868955,7.494900,6.076326,-0.020929,0.003325,0.008722
544061720.000,Miguel,recording,knock_twice_right,16,0.909848,7.471877,6.140633,-0.037550,0.003560,0.012536
544061730.000,Miguel,recording,knock_twice_right,16,0.946591,7.455913,6.252939,-0.045603,0.002868,0.013247
544061740.000,Miguel,recording,knock_twice_right,16,0.973959,7.437235,6.373034,-0.041508,-0.000191,0.010091
544061750.000,Miguel,recording,knock_twice_right,16,1.017464,7.438876,6.442842,-0.024714,-0.002852,0.003962
544061760.000,Miguel,recording,knock_twice_right,16,1.004074,7.439020,6.414595,-0.002338,0.000859,-0.003713
544061770.000,Miguel,recording,knock_twice_right,16,0.945304,7.453903,6.339055,0.016411,0.012924,-0.010111
544061780.000,Miguel,recording,knock_twice_right,16,0.876684,7.453345,6.245778,0.023052,0.025714,-0.009822
544061790.000,Miguel,recording,knock_twice_right,16,0.851334,7.460887,6.200920,0.017140,0.028425,-0.002456
544061800.000,Miguel,recording,knock_twice_right,16,0.878484,7.449874,6.189579,0.004141,0.018164,0.007096
544061810.000,Miguel,recording,knock_twice_right,16,0.919355,7.431959,6.216240,-0.012201,0.000309,0.013479
544061820.000,Miguel,recording,knock_twice_right,16,0.975384,7.422802,6.246558,-0.027315,-0.016397,0.014001
544061830.000,Miguel,recording,knock_twice_right,16,1.030521,7.384344,6.273814,-0.034484,-0.022001,0.011206
544061840.000,Miguel,recording,knock_twice_right,16,1.056522,7.370847,6.339970,-0.030916,-0.013907,0.005990
544061850.000,Miguel,recording,knock_twice_right,16,1.048228,7.345467,6.397965,-0.018891,-0.003282,-0.001321
544061860.000,Miguel,recording,knock_twice_right,16,1.035431,7.336239,6.400044,-0.002238,0.001715,-0.008480
544061870.000,Miguel,recording,knock_twice_right,16,0.991402,7.347173,6.353294,0.011245,0.004819,-0.014317
544061880.000,Miguel,recording,knock_twice_right,16,0.954736,7.375907,6.293709,0.017403,0.006909,-0.017946
544061890.000,Miguel,recording,knock_twice_right,16,0.902075,7.417477,6.231651,0.015742,0.004780,-0.017206
544061900.000,Miguel,recording,knock_twice_right,16,0.901455,7.429929,6.197713,0.007686,-0.001151,-0.012035
544061910.000,Miguel,recording,knock_twice_right,16,0.893674,7.444174,6.194846,-0.003529,-0.007785,-0.006171
544061920.000,Miguel,recording,knock_twice_right,16,0.944070,7.429001,6.181884,-0.015730,-0.010480,-0.001874
544061930.000,Miguel,recording,knock_twice_right,16,0.956359,7.468936,6.213275,-0.024641,-0.008791,0.000038
544061940.000,Miguel,recording,knock_twice_right,16,0.981488,7.452082,6.291917,-0.026050,-0.005937,-0.001117
544061950.000,Miguel,recording,knock_twice_right,16,0.984770,7.407927,6.379364,-0.018375,-0.004430,-0.003981
544061960.000,Miguel,recording,knock_twice_right,16,0.974875,7.407472,6.381197,-0.005997,-0.004239,-0.008583
544061970.000,Miguel,recording,knock_twice_right,16,0.966314,7.429410,6.332437,0.005456,-0.002100,-0.014786
544061980.000,Miguel,recording,knock_twice_right,16,0.895009,7.439319,6.302260,0.013697,0.001320,-0.018912
544061990.000,Miguel,recording,knock_twice_right,16,0.852549,7.459871,6.252039,0.017561,0.003918,-0.017669
544062000.000,Miguel,recording,knock_twice_right,16,0.848247,7.449362,6.191175,0.015829,0.006031,-0.012832
544062010.000,Miguel,recording,knock_twice_right,16,0.877133,7.449648,6.159557,0.009990,0.008771,-0.008618
544062020.000,Miguel,recording,knock_twice_right,16,0.874011,7.456926,6.197512,0.004035,0.013151,-0.005795
544062030.000,Miguel,recording,knock_twice_right,16,0.880702,7.455073,6.241022,0.001219,0.017963,-0.002742
544062040.000,Miguel,recording,knock_twice_right,16,0.853841,7.452832,6.341388,0.004117,0.018456,0.000327
544062050.000,Miguel,recording,knock_twice_right,16,0.825180,7.435768,6.360212,0.012393,0.012721,0.003431
544062060.000,Miguel,recording,knock_twice_right,16,0.804251,7.443027,6.396807,0.025554,0.008059,0.008387
544062070.000,Miguel,recording,knock_twice_right,16,0.849742,7.438098,6.374471,0.042330,0.006060,0.015758
544062080.000,Miguel,recording,knock_twice_right,16,0.964802,7.472248,6.236815,0.053113,0.005476,0.019492
544062090.000,Miguel,recording,knock_twice_right,16,1.066967,7.456270,6.163959,0.051581,0.009342,0.013452
544062100.000,Miguel,recording,knock_twice_right,16,1.092263,7.446618,6.142379,0.040718,0.013749,0.003086
544062110.000,Miguel,recording,knock_twice_right,16,1.018361,7.445087,6.133138,0.023863,0.011886,-0.004150
544062120.000,Miguel,recording,knock_twice_right,16,0.911982,7.449618,6.116409,0.004303,0.004333,-0.005855
544062130.000,Miguel,recording,knock_twice_right,16,0.829498,7.439777,6.114575,-0.014744,-0.002764,-0.000548
544062140.000,Miguel,recording,knock_twice_right,16,0.850743,7.413936,6.166485,-0.030559,-0.006722,0.010033
544062150.000,Miguel,recording,knock_twice_right,16,0.914458,7.403844,6.193597,-0.042709,-0.010312,0.019347
544062160.000,Miguel,recording,knock_twice_right,16,1.006243,7.378526,6.214975,-0.051494,-0.015448,0.019712
544062170.000,Miguel,recording,knock_twice_right,16,1.059875,7.359684,6.275946,-0.055054,-0.020232,0.011306
544062180.000,Miguel,recording,knock_twice_right,16,1.039579,7.354660,6.334998,-0.049779,-0.021949,0.001222
544062190.000,Miguel,recording,knock_twice_right,16,1.005037,7.371640,6.381254,-0.035696,-0.017320,-0.006462
544062200.000,Miguel,recording,knock_twice_right,16,0.958094,7.389494,6.372100,-0.015209,-0.004016,-0.010453
544062210.000,Miguel,recording,knock_twice_right,16,0.924608,7.374038,6.390718,0.008090,0.014870,-0.010889
544062220.000,Miguel,recording,knock_twice_right,16,0.905496,7.405744,6.323863,0.027254,0.029945,-0.009154
544062230.000,Miguel,recording,knock_twice_right,16,0.957491,7.414132,6.253210,0.035125,0.035820,-0.008045
544062240.000,Miguel,recording,knock_twice_right,16,0.965640,7.445542,6.147330,0.027815,0.031885,-0.007946
544062250.000,Miguel,recording,knock_twice_right,16,0.947269,7.440196,6.114632,0.009628,0.021018,-0.006889
544062260.000,Miguel,recording,knock_twice_right,16,0.906223,7.454249,6.078296,-0.013173,0.006742,-0.005082
544062270.000,Miguel,recording,knock_twice_right,16,0.871006,7.452917,6.108476,-0.036733,-0.008330,-0.002460
544062280.000,Miguel,recording,knock_twice_right,16,0.847731,7.446098,6.140539,-0.055749,-0.019053,0.000743
544062290.000,Miguel,recording,knock_twice_right,16,0.820416,7.463626,6.199065,-0.067501,-0.022826,0.005356
544062300.000,Miguel,recording,knock_twice_right,16,0.808607,7.444526,6.269802,-0.070560,-0.021824,0.011408
544062310.000,Miguel,recording,knock_twice_right,16,0.804238,7.426962,6.298319,-0.064708,-0.015294,0.018401
544062320.000,Miguel,recording,knock_twice_right,16,0.816902,7.418848,6.373740,-0.052704,-0.003924,0.025890
544062330.000,Miguel,recording,knock_twice_right,16,0.903519,7.411798,6.401166,-0.036024,0.005475,0.030908
544062340.000,Miguel,recording,knock_twice_right,16,0.993680,7.424241,6.394520,-0.018082,0.011352,0.029899
544062350.000,Miguel,recording,knock_twice_right,16,1.071132,7.440654,6.344376,-0.006004,0.015063,0.021226
544062360.000,Miguel,recording,knock_twice_right,16,1.076262,7.433549,6.313089,-0.001661,0.018151,0.009639
544062370.000,Miguel,recording,knock_twice_right,16,1.051633,7.437050,6.355253,0.000368,0.019819,-0.000504
544062380.000,Miguel,recording,knock_twice_right,16,1.023805,7.429800,6.392893,0.004090,0.015485,-0.007218
544062390.000,Miguel,recording,knock_twice_right,16,1.000008,7.406975,6.366591,0.008410,0.008738,-0.011248
544062400.000,Miguel,recording,knock_twice_right,16,0.932922,7.372217,6.351493,0.010964,0.007573,-0.012197
544062410.000,Miguel,recording,knock_twice_right,16,0.915040,7.345170,6.328876,0.010747,0.010642,-0.009188
544062420.000,Miguel,recording,knock_twice_right,16,0.991206,7.336556,6.344948,0.009394,0.010653,-0.007263
544062430.000,Miguel,recording,knock_twice_right,16,1.073266,7.324984,6.334194,0.007172,0.004835,-0.010155
544062440.000,Miguel,recording,knock_twice_right,16,1.089822,7.325888,6.320222,0.003092,-0.005707,-0.017800
544062450.000,Miguel,recording,knock_twice_right,16,1.060471,7.311437,6.336123,0.000526,-0.009385,-0.029313
544062460.000,Miguel,recording,knock_twice_right,16,0.542496,7.403707,6.094912,0.002950,0.044178,-0.031287
544062470.000,Miguel,recording,knock_twice_right,16,-0.760711,7.815253,5.407052,0.006588,0.141754,0.016793
544062480.000,Miguel,recording,knock_twice_right,16,0.512740,7.792772,6.031588,0.001856,0.152731,0.071820
544062490.000,Miguel,recording,knock_twice_right,16,0.599104,7.397798,5.708254,-0.032393,0.106936,0.089489
544062500.000,Miguel,recording,knock_twice_right,16,0.931115,7.346522,5.748098,-0.086828,0.062168,0.088815
544062510.000,Miguel,recording,knock_twice_right,16,1.289781,7.441737,5.997770,-0.129310,0.002549,0.066875
544062520.000,Miguel,recording,knock_twice_right,16,1.578029,7.413156,6.417673,-0.146772,-0.029423,0.039641
544062530.000,Miguel,recording,knock_twice_right,16,1.347304,7.392525,6.802052,-0.134130,-0.039301,0.024612
544062540.000,Miguel,recording,knock_twice_right,16,1.246676,7.291669,7.143701,-0.098871,-0.050783,0.021117
544062550.000,Miguel,recording,knock_twice_right,16,1.210444,7.187361,7.084483,-0.055769,-0.055346,0.015500
544062560.000,Miguel,recording,knock_twice_right,16,1.353188,7.199909,7.002115,-0.011398,-0.037143,0.000829
544062570.000,Miguel,recording,knock_twice_right,16,1.407370,7.249965,6.955059,0.035465,-0.006019,-0.020192
544062580.000,Miguel,recording,knock_twice_right,16,1.342445,7.196299,6.845981,0.078964,0.021817,-0.041483
544062590.000,Miguel,recording,knock_twice_right,16,1.221570,7.154213,6.692211,0.109448,0.031108,-0.060043
544062600.000,Miguel,recording,knock_twice_right,16,1.062973,7.175148,6.533308,0.122098,0.016943,-0.074066
544062610.000,Miguel,recording,knock_twice_right,16,0.932349,7.219975,6.350489,0.117566,-0.010254,-0.080253
544062620.000,Miguel,recording,knock_twice_right,16,0.840788,7.307129,6.211742,0.101049,-0.032005,-0.077947
544062630.000,Miguel,recording,knock_twice_right,16,0.844094,7.380667,6.152109,0.081370,-0.040279,-0.070326
544062640.000,Miguel,recording,knock_twice_right,16,0.826475,7.443374,6.125812,0.064812,-0.037406,-0.060511
544062650.000,Miguel,recording,knock_twice_right,16,0.801849,7.481110,6.072377,0.050297,-0.030025,-0.051299
544062660.000,Miguel,recording,knock_twice_right,16,0.791452,7.504665,6.066416,0.034636,-0.025503,-0.044565
544062670.000,Miguel,recording,knock_twice_right,16,0.787588,7.505171,6.093687,0.021442,-0.022176,-0.039677
544062680.000,Miguel,recording,knock_twice_right,16,0.771296,7.541903,6.167238,0.016778,-0.018987,-0.035795
544062690.000,Miguel,recording,knock_twice_right,16,0.736766,7.510059,6.228113,0.021847,-0.018027,-0.032600
544062700.000,Miguel,recording,knock_twice_right,16,0.765991,7.499800,6.179011,0.031750,-0.012338,-0.031173
544062710.000,Miguel,recording,knock_twice_right,16,0.796624,7.494478,6.155207,0.039695,0.001454,-0.031095
544062720.000,Miguel,recording,knock_twice_right,16,0.765273,7.496471,6.101850,0.042669,0.014867,-0.030426
544062730.000,Miguel,recording,knock_twice_right,16,0.704175,7.473109,6.097797,0.040855,0.020953,-0.025810
544062740.000,Miguel,recording,knock_twice_right,16,0.686726,7.414193,6.099608,0.036160,0.018029,-0.016196
544062750.000,Miguel,recording,knock_twice_right,16,0.813540,7.402014,6.080457,0.028880,0.010242,-0.007873
544062760.000,Miguel,recording,knock_twice_right,16,0.922668,7.430605,6.049189,0.017528,0.002316,-0.006207
544062770.000,Miguel,recording,knock_twice_right,16,0.975656,7.413415,6.030246,0.003707,-0.003664,-0.009616
544062780.000,Miguel,recording,knock_twice_right,16,1.008450,7.407021,6.035490,-0.011726,-0.005102,-0.015894
544062790.000,Miguel,recording,knock_twice_right,16,0.953190,7.408329,6.065372,-0.028454,0.006188,-0.020429
544062800.000,Miguel,recording,knock_twice_right,16,0.419001,7.457458,5.908806,-0.040817,0.065404,-0.010115
544062810.000,Miguel,recording,knock_twice_right,16,-0.930486,7.790607,5.469840,-0.047761,0.158407,0.049917
544062820.000,Miguel,recording,knock_twice_right,16,0.544462,7.734308,6.047449,-0.055746,0.158716,0.110911
544062830.000,Miguel,recording,knock_twice_right,16,0.716222,7.344393,5.910943,-0.086634,0.097368,0.123449
544062840.000,Miguel,recording,knock_twice_right,16,1.019625,7.335822,5.910353,-0.133049,0.043213,0.109186
544062850.000,Miguel,recording,knock_twice_right,16,1.367552,7.379784,6.233186,-0.163214,-0.020612,0.071097
544062860.000,Miguel,recording,knock_twice_right,16,1.691895,7.388246,6.533673,-0.168729,-0.048291,0.027015
544062870.000,Miguel,recording,knock_twice_right,16,1.460738,7.426088,6.827044,-0.145355,-0.038371,-0.004630
544062880.000,Miguel,recording,knock_twice_right,16,1.238233,7.388228,7.182615,-0.097565,-0.023246,-0.016264
544062890.000,Miguel,recording,knock_twice_right,16,0.982665,7.300397,7.220285,-0.042951,-0.012856,-0.012795
544062900.000,Miguel,recording,knock_twice_right,16,1.006582,7.271383,7.052183,0.003536,0.001269,-0.003928
544062910.000,Miguel,recording,knock_twice_right,16,1.115701,7.342596,6.954104,0.038324,0.012256,0.002490
544062920.000,Miguel,recording,knock_twice_right,16,1.226516,7.274744,6.833858,0.062177,0.010294,0.000194
544062930.000,Miguel,recording,knock_twice_right,16,1.244504,7.177671,6.728348,0.075726,-0.003706,-0.015863
544062940.000,Miguel,recording,knock_twice_right,16,1.188808,7.157648,6.569518,0.079536,-0.024540,-0.040673
544062950.000,Miguel,recording,knock_twice_right,16,1.084555,7.190195,6.485573,0.079519,-0.042903,-0.063451
544062960.000,Miguel,recording,knock_twice_right,16,0.974212,7.271345,6.383129,0.081069,-0.047460,-0.078528
544062970.000,Miguel,recording,knock_twice_right,16,0.845296,7.366578,6.321297,0.084776,-0.037921,-0.082693
544062980.000,Miguel,recording,knock_twice_right,16,0.714335,7.399417,6.234113,0.089513,-0.024746,-0.075574
544062990.000,Miguel,recording,knock_twice_right,16,0.651290,7.448951,6.164332,0.089944,-0.014342,-0.060031
544063000.000,Miguel,recording,knock_twice_right,16,0.664431,7.481051,6.106694,0.084350,-0.009118,-0.043259
544063010.000,Miguel,recording,knock_twice_right,16,0.742786,7.498237,6.082434,0.074485,-0.011697,-0.031109
544063020.000,Miguel,recording,knock_twice_right,16,0.802231,7.490926,6.026523,0.062732,-0.017524,-0.025677
544063030.000,Miguel,recording,knock_twice_right,16,0.814456,7.527189,5.999736,0.049366,-0.018695,-0.024817
544063040.000,Miguel,recording,knock_twice_right,16,0.792589,7.505179,5.994520,0.035662,-0.015500,-0.024840
544063050.000,Miguel,recording,knock_twice_right,16,0.755582,7.517365,6.005413,0.024520,-0.010976,-0.025078
544063060.000,Miguel,recording,knock_twice_right,16,0.710107,7.497380,6.041690,0.015463,-0.006250,-0.023128
544063070.000,Miguel,recording,knock_twice_right,16,0.676969,7.477592,6.073824,0.010134,-0.004116,-0.018178
544063080.000,Miguel,recording,knock_twice_right,16,0.682262,7.463997,6.087561,0.009039,-0.002413,-0.011853
544063090.000,Miguel,recording,knock_twice_right,16,0.717872,7.457698,6.097664,0.010052,0.004551,-0.005843
544063100.000,Miguel,recording,knock_twice_right,16,0.793361,7.454988,6.092994,0.010597,0.014396,-0.001906
544063110.000,Miguel,recording,knock_twice_right,16,0.863371,7.454821,6.094246,0.006424,0.022001,-0.000799
544063120.000,Miguel,recording,knock_twice_right,16,0.869358,7.427378,6.093180,-0.004010,0.023881,-0.001724
544063130.000,Miguel,recording,knock_twice_right,16,0.878920,7.411097,6.111630,-0.018004,0.017564,-0.003766
544063140.000,Miguel,recording,knock_twice_right,16,0.862865,7.398475,6.137757,-0.032932,0.006359,-0.004873
544063150.000,Miguel,recording,knock_twice_right,16,0.889043,7.409153,6.187616,-0.047209,-0.003810,-0.004125
544063160.000,Miguel,recording,knock_twice_right,16,0.928553,7.390296,6.276695,-0.060365,-0.010190,-0.003106
544063170.000,Miguel,recording,knock_twice_right,16,0.949220,7.363152,6.353819,-0.067445,-0.014029,-0.003344
544063180.000,Miguel,recording,knock_twice_right,16,1.026796,7.310176,6.447357,-0.063641,-0.018403,-0.006126
544063190.000,Miguel,recording,knock_twice_right,16,1.078142,7.287309,6.475924,-0.052423,-0.023754,-0.013206
544063200.000,Miguel,recording,knock_twice_right,16,1.129487,7.325417,6.481847,-0.038519,-0.026393,-0.027743
544063210.000,Miguel,recording,knock_twice_right,16,1.107136,7.386927,6.491524,-0.022426,-0.023552,-0.045200
544063220.000,Miguel,recording,knock_twice_right,16,1.009344,7.368354,6.490424,-0.003881,-0.015027,-0.056693
544063230.000,Miguel,recording,knock_twice_right,16,0.925440,7.393591,6.493362,0.015188,-0.004887,-0.060969
544063240.000,Miguel,recording,knock_twice_right,16,0.902137,7.384943,6.464750,0.031562,-0.000478,-0.060617
544063250.000,Miguel,recording,knock_twice_right,16,0.908948,7.378890,6.386370,0.041743,-0.003365,-0.059300
544063260.000,Miguel,recording,knock_twice_right,16,0.911873,7.387147,6.305760,0.043295,-0.011968,-0.059967
544063270.000,Miguel,recording,knock_twice_right,16,0.939613,7.389743,6.273434,0.038644,-0.023168,-0.064502
544063280.000,Miguel,recording,knock_twice_right,16,0.953161,7.436597,6.236297,0.033281,-0.032327,-0.072484
544063290.000,Miguel,recording,knock_twice_right,16,0.903427,7.432035,6.205534,0.027401,-0.036392,-0.080571
544063300.000,Miguel,recording,knock_twice_right,16,0.804238,7.453694,6.159531,0.019976,-0.034613,-0.085643
544063310.000,Miguel,recording,knock_twice_right,16,0.734704,7.435836,6.147802,0.010073,-0.032632,-0.085828
544063320.000,Miguel,recording,knock_twice_right,16,0.704423,7.425615,6.154140,-0.002843,-0.033462,-0.082876
544063330.000,Miguel,recording,knock_twice_right,16,0.686515,7.421259,6.199118,-0.012727,-0.034358,-0.079085
544063340.000,Miguel,recording,knock_twice_right,16,0.689440,7.426398,6.281673,-0.012294,-0.027503,-0.074695
544063350.000,Miguel,recording,knock_twice_right,16,0.702458,7.468740,6.373435,0.000075,-0.010166,-0.069790
544063360.000,Miguel,recording,knock_twice_right,16,0.709998,7.520117,6.364877,0.018169,0.004330,-0.063134
544063370.000,Miguel,recording,knock_twice_right,16,0.677536,7.560372,6.295472,0.029967,0.002939,-0.055617
544063380.000,Miguel,recording,knock_twice_right,16,0.697363,7.536463,6.205197,0.028242,-0.011097,-0.052239
544063390.000,Miguel,recording,knock_twice_right,16,0.747941,7.523242,6.183371,0.015920,-0.025253,-0.053331
544063400.000,Miguel,recording,knock_twice_right,16,0.780188,7.525972,6.174863,-0.000164,-0.038506,-0.055932
544063410.000,Miguel,recording,knock_twice_right,16,0.766064,7.494106,6.198081,-0.016650,-0.054683,-0.058764
544063420.000,Miguel,recording,knock_twice_right,17,0.741023,7.440079,6.169360,-0.034457,-0.069021,-0.060609
544063430.000,Miguel,recording,knock_twice_right,17,0.700763,7.407668,6.199325,-0.053509,-0.080822,-0.058943
544063440.000,Miguel,recording,knock_twice_right,17,0.661483,7.413284,6.240876,-0.066579,-0.090681,-0.053403
544063450.000,Miguel,recording,knock_twice_right,17,0.651976,7.457689,6.354406,-0.062114,-0.086648,-0.045326
544063460.000,Miguel,recording,knock_twice_right,17,0.667750,7.495016,6.371057,-0.040904,-0.062055,-0.034664
544063470.000,Miguel,recording,knock_twice_right,17,0.729526,7.493865,6.324042,-0.016088,-0.030312,-0.027073
544063480.000,Miguel,recording,knock_twice_right,17,0.795794,7.452520,6.249778,-0.002121,-0.007049,-0.028372
544063490.000,Miguel,recording,knock_twice_right,17,0.749868,7.496984,6.206778,0.002151,0.006642,-0.030640
544063500.000,Miguel,recording,knock_twice_right,17,0.733669,7.503596,6.294093,0.009408,0.015534,-0.028527
544063510.000,Miguel,recording,knock_twice_right,17,0.685991,7.457624,6.280407,0.019016,0.021616,-0.024906
544063520.000,Miguel,recording,knock_twice_right,17,0.617353,7.406556,6.268427,0.024583,0.025486,-0.019348
544063530.000,Miguel,recording,knock_twice_right,17,0.616057,7.422350,6.303650,0.024235,0.023396,-0.011838
544063540.000,Miguel,recording,knock_twice_right,17,0.626341,7.470841,6.275785,0.019023,0.011984,-0.004167
544063550.000,Miguel,recording,knock_twice_right,17,0.673279,7.487430,6.223804,0.008677,-0.004396,0.002403
544063560.000,Miguel,recording,knock_twice_right,17,0.768154,7.478961,6.178461,-0.004896,-0.017740,0.005012
544063570.000,Miguel,recording,knock_twice_right,17,0.827254,7.475336,6.157350,-0.018072,-0.023166,0.003213
544063580.000,Miguel,recording,knock_twice_right,17,0.815788,7.460991,6.143443,-0.030860,-0.018594,0.001134
544063590.000,Miguel,recording,knock_twice_right,17,0.804219,7.453375,6.194694,-0.040326,-0.006326,0.000206
544063600.000,Miguel,recording,knock_twice_right,17,0.817345,7.404171,6.294219,-0.043145,0.001133,0.000666
544063610.000,Miguel,recording,knock_twice_right,17,0.842892,7.369298,6.351156,-0.041848,-0.004618,0.000584
544063620.000,Miguel,recording,knock_twice_right,17,0.920778,7.320955,6.343029,-0.040922,-0.021568,-0.003548
544063630.000,Miguel,recording,knock_twice_right,17,1.021819,7.266546,6.326299,-0.042339,-0.043604,-0.016238
544063640.000,Miguel,recording,knock_twice_right,17,1.051132,7.252857,6.269818,-0.050099,-0.060595,-0.036664
544063650.000,Miguel,recording,knock_twice_right,17,0.955804,7.342905,6.254913,-0.058449,-0.066936,-0.053282
544063660.000,Miguel,recording,knock_twice_right,17,0.842282,7.402575,6.383164,-0.051079,-0.056520,-0.059775
544063670.000,Miguel,recording,knock_twice_right,17,0.702250,7.398420,6.459062,-0.026283,-0.025011,-0.058247
544063680.000,Miguel,recording,knock_twice_right,17,0.627226,7.456260,6.423995,0.002645,0.019925,-0.046715
544063690.000,Miguel,recording,knock_twice_right,17,0.624423,7.558779,6.347099,0.024034,0.060470,-0.028542
544063700.000,Miguel,recording,knock_twice_right,17,0.648231,7.524234,6.322894,0.033356,0.078001,-0.013867
544063710.000,Miguel,recording,knock_twice_right,17,0.683293,7.476851,6.317705,0.032220,0.067525,-0.008630
544063720.000,Miguel,recording,knock_twice_right,17,0.707670,7.471817,6.360753,0.027751,0.036522,-0.011566
544063730.000,Miguel,recording,knock_twice_right,17,0.693998,7.498540,6.373037,0.024347,0.001933,-0.015454
544063740.000,Miguel,recording,knock_twice_right,17,0.643014,7.534136,6.334446,0.025857,-0.017722,-0.014366
544063750.000,Miguel,recording,knock_twice_right,17,0.652505,7.536893,6.314484,0.036622,-0.014286,-0.009708
544063760.000,Miguel,recording,knock_twice_right,17,0.677914,7.529660,6.251622,0.050209,0.010600,-0.006199
544063770.000,Miguel,recording,knock_twice_right,17,0.650454,7.505485,6.186413,0.058480,0.043581,-0.004461
544063780.000,Miguel,recording,knock_twice_right,17,0.645144,7.453631,6.184099,0.059850,0.064252,-0.003264
544063790.000,Miguel,recording,knock_twice_right,17,0.616052,7.435646,6.228799,0.058109,0.063253,-0.001223
544063800.000,Miguel,recording,knock_twice_right,17,0.601505,7.408463,6.219964,0.055205,0.049167,0.002718
544063810.000,Miguel,recording,knock_twice_right,17,0.604124,7.418781,6.178495,0.046542,0.035144,0.009217
544063820.000,Miguel,recording,knock_twice_right,17,0.624214,7.465791,6.098445,0.029875,0.021710,0.018681
544063830.000,Miguel,recording,knock_twice_right,17,0.673761,7.481080,6.044163,0.008094,0.007263,0.028094
544063840.000,Miguel,recording,knock_twice_right,17,0.750758,7.440668,6.043087,-0.012883,-0.002856,0.033276
544063850.000,Miguel,recording,knock_twice_right,17,0.844834,7.425233,6.071735,-0.029085,-0.004846,0.032219
544063860.000,Miguel,recording,knock_twice_right,17,0.912224,7.426899,6.093738,-0.038483,0.003621,0.025437
544063870.000,Miguel,recording,knock_twice_right,17,0.955646,7.398752,6.140648,-0.040033,0.017460,0.014680
544063880.000,Miguel,recording,knock_twice_right,17,0.947866,7.351049,6.216313,-0.035240,0.028278,0.001780
544063890.000,Miguel,recording,knock_twice_right,17,0.889494,7.299432,6.235355,-0.028183,0.034201,-0.011285
544063900.000,Miguel,recording,knock_twice_right,17,0.812561,7.297469,6.223131,-0.023311,0.037639,-0.019955
544063910.000,Miguel,recording,knock_twice_right,17,0.746272,7.296184,6.236448,-0.021816,0.038748,-0.020354
544063920.000,Miguel,recording,knock_twice_right,17,0.772154,7.289078,6.243779,-0.023397,0.037792,-0.016961
544063930.000,Miguel,recording,knock_twice_right,17,0.858100,7.270228,6.220348,-0.031458,0.036485,-0.016595
544063940.000,Miguel,recording,knock_twice_right,17,0.905052,7.284058,6.214606,-0.047397,0.032238,-0.020784
544063950.000,Miguel,recording,knock_twice_right,17,0.930956,7.295292,6.294071,-0.067804,0.017949,-0.028663
544063960.000,Miguel,recording,knock_twice_right,17,0.911199,7.292935,6.381361,-0.087984,-0.009083,-0.042005
544063970.000,Miguel,recording,knock_twice_right,17,0.871081,7.315506,6.481978,-0.102683,-0.035246,-0.057894
544063980.000,Miguel,recording,knock_twice_right,17,0.858373,7.348310,6.578629,-0.105154,-0.051603,-0.068661
544063990.000,Miguel,recording,knock_twice_right,17,0.857604,7.369367,6.592050,-0.099669,-0.065463,-0.074808
544064000.000,Miguel,recording,knock_twice_right,17,0.879004,7.359014,6.521117,-0.098223,-0.078406,-0.082901
544064010.000,Miguel,recording,knock_twice_right,17,0.877030,7.249302,6.514441,-0.102498,-0.093025,-0.091899
544064020.000,Miguel,recording,knock_twice_right,17,0.907022,7.290939,6.497565,-0.104396,-0.107992,-0.095862
544064030.000,Miguel,recording,knock_twice_right,17,1.010867,7.242210,6.410927,-0.101942,-0.109843,-0.093337
544064040.000,Miguel,recording,knock_twice_right,17,1.220291,7.083590,6.181263,-0.107790,-0.101981,-0.099239
544064050.000,Miguel,recording,knock_twice_right,17,1.450430,7.029483,5.987506,-0.139934,-0.101859,-0.137555
544064060.000,Miguel,recording,knock_twice_right,17,1.468045,7.188083,5.857794,-0.219247,-0.128168,-0.201723
544064070.000,Miguel,recording,knock_twice_right,17,0.994075,6.872417,6.054315,-0.313590,-0.195738,-0.255112
544064080.000,Miguel,recording,knock_twice_right,17,0.929514,7.133464,6.455648,-0.374855,-0.274262,-0.283194
544064090.000,Miguel,recording,knock_twice_right,17,0.764972,7.196987,6.541682,-0.402543,-0.320992,-0.290883
544064100.000,Miguel,recording,knock_twice_right,17,0.642399,7.345748,6.765518,-0.401082,-0.346947,-0.285093
544064110.000,Miguel,recording,knock_twice_right,17,0.156194,7.387417,6.779941,-0.407287,-0.421471,-0.289199
544064120.000,Miguel,recording,knock_twice_right,17,-0.713236,7.644852,6.741176,-0.464646,-0.608484,-0.295230
544064130.000,Miguel,recording,knock_twice_right,17,-1.340833,7.649044,7.286600,-0.506598,-0.785254,-0.251841
544064140.000,Miguel,recording,knock_twice_right,17,-0.882914,7.890695,7.987889,-0.429270,-0.795855,-0.164132
544064150.000,Miguel,recording,knock_twice_right,17,-0.104347,7.852895,8.229942,-0.236873,-0.702925,-0.083327
544064160.000,Miguel,recording,knock_twice_right,17,0.452797,7.438647,7.759955,-0.031623,-0.606857,-0.036125
544064170.000,Miguel,recording,knock_twice_right,17,0.728638,7.380104,7.426978,0.124674,-0.487460,-0.005151
544064180.000,Miguel,recording,knock_twice_right,17,1.216410,7.559463,7.117607,0.233051,-0.315236,0.025980
544064190.000,Miguel,recording,knock_twice_right,17,1.769958,7.340510,6.912339,0.272715,-0.104788,0.031885
544064200.000,Miguel,recording,knock_twice_right,17,2.079867,7.244971,6.731268,0.283737,0.089689,0.011831
544064210.000,Miguel,recording,knock_twice_right,17,2.086754,7.246583,7.450130,0.331689,0.236541,-0.008252
544064220.000,Miguel,recording,knock_twice_right,17,1.968309,7.285526,6.944737,0.391474,0.342730,-0.016698
544064230.000,Miguel,recording,knock_twice_right,17,1.451591,7.325577,6.452918,0.412986,0.393482,-0.010884
544064240.000,Miguel,recording,knock_twice_right,17,1.087082,7.341167,5.924728,0.389773,0.402998,0.011847
544064250.000,Miguel,recording,knock_twice_right,17,0.879680,7.269020,5.776169,0.336708,0.385517,0.043944
544064260.000,Miguel,recording,knock_twice_right,17,0.671273,7.193402,5.719991,0.273735,0.347616,0.074398
544064270.000,Miguel,recording,knock_twice_right,17,0.397927,7.184815,5.795972,0.219999,0.315673,0.102308
544064280.000,Miguel,recording,knock_twice_right,17,0.332390,7.058121,5.864746,0.181548,0.296066,0.124977
544064290.000,Miguel,recording,knock_twice_right,17,0.597493,6.930712,6.017219,0.159384,0.270053,0.131064
544064300.000,Miguel,recording,knock_twice_right,17,1.534928,6.835277,6.234342,0.159375,0.209419,0.090712
544064310.000,Miguel,recording,knock_twice_right,17,1.488744,6.991641,6.434964,0.194066,0.136997,0.009756
544064320.000,Miguel,recording,knock_twice_right,17,0.747460,7.472275,6.433661,0.253717,0.064056,-0.033659
544064330.000,Miguel,recording,knock_twice_right,17,1.052275,7.556803,6.370398,0.323429,0.019929,-0.056398
544064340.000,Miguel,recording,knock_twice_right,17,0.859147,7.309110,6.410645,0.399101,0.050152,-0.095666
544064350.000,Miguel,recording,knock_twice_right,17,0.565382,7.135482,6.259022,0.464187,0.091284,-0.113845
544064360.000,Miguel,recording,knock_twice_right,17,0.917104,7.277236,6.081268,0.507776,0.099155,-0.119100
544064370.000,Miguel,recording,knock_twice_right,17,1.096872,7.364802,5.773321,0.513784,0.115297,-0.123295
544064380.000,Miguel,recording,knock_twice_right,17,1.167007,7.201064,5.447600,0.450075,0.182947,-0.121516
544064390.000,Miguel,recording,knock_twice_right,17,1.399246,7.145341,5.331468,0.336391,0.261663,-0.132732
544064400.000,Miguel,recording,knock_twice_right,17,1.761211,7.126314,5.622007,0.241974,0.288448,-0.178055
544064410.000,Miguel,recording,knock_twice_right,17,1.882571,7.208843,5.890898,0.190889,0.290678,-0.256471
544064420.000,Miguel,recording,knock_twice_right,17,1.658181,7.861269,6.126673,0.175475,0.342030,-0.355194
544064430.000,Miguel,recording,knock_twice_right,17,0.943942,8.373401,6.468169,0.207301,0.436801,-0.438943
544064440.000,Miguel,recording,knock_twice_right,17,-0.186994,8.307747,6.522282,0.259206,0.483711,-0.462673
544064450.000,Miguel,recording,knock_twice_right,17,-1.018152,8.005882,6.144838,0.283934,0.443484,-0.419715
544064460.000,Miguel,recording,knock_twice_right,17,-0.997708,7.694456,5.818281,0.280453,0.369115,-0.345154
544064470.000,Miguel,recording,knock_twice_right,17,-0.517509,7.650652,5.483311,0.259328,0.310174,-0.278918
544064480.000,Miguel,recording,knock_twice_right,17,0.005385,7.782379,5.300903,0.218171,0.285165,-0.243230
544064490.000,Miguel,recording,knock_twice_right,17,0.405824,7.907787,5.145213,0.148273,0.299850,-0.233299
544064500.000,Miguel,recording,knock_twice_right,17,0.592575,7.964035,5.001007,0.050406,0.348851,-0.234276
544064510.000,Miguel,recording,knock_twice_right,17,0.570723,7.917605,4.879340,-0.060633,0.418902,-0.237440
544064520.000,Miguel,recording,knock_twice_right,17,0.407382,7.864059,4.722857,-0.184029,0.497739,-0.236394
544064530.000,Miguel,recording,knock_twice_right,17,0.222182,7.900104,4.579811,-0.338904,0.596357,-0.221412
544064540.000,Miguel,recording,knock_twice_right,17,0.078513,7.911753,4.646348,-0.535766,0.741706,-0.184498
544064550.000,Miguel,recording,knock_twice_right,17,0.046445,7.849295,4.781906,-0.763097,0.938810,-0.130663
544064560.000,Miguel,recording,knock_twice_right,17,0.068505,7.572679,4.948429,-0.997544,1.165372,-0.078910
544064570.000,Miguel,recording,knock_twice_right,17,0.068075,7.259698,5.197858,-1.214632,1.373113,-0.044907
544064580.000,Miguel,recording,knock_twice_right,17,-0.059379,7.093243,5.699672,-1.380888,1.506921,-0.028949
544064590.000,Miguel,recording,knock_twice_right,17,-0.250608,7.099726,6.354920,-1.459250,1.544302,-0.027008
544064600.000,Miguel,recording,knock_twice_right,17,-0.598856,7.073794,7.033764,-1.428047,1.496235,-0.040420
544064610.000,Miguel,recording,knock_twice_right,17,-1.111582,6.962724,7.781060,-1.281620,1.372167,-0.059393
544064620.000,Miguel,recording,knock_twice_right,17,-1.680299,6.897866,8.361395,-1.028914,1.156688,-0.060679
544064630.000,Miguel,recording,knock_twice_right,17,-2.124306,6.760774,8.668627,-0.706624,0.854604,-0.032758
544064640.000,Miguel,recording,knock_twice_right,17,-2.203007,6.553333,8.474134,-0.377770,0.530584,0.023586
544064650.000,Miguel,recording,knock_twice_right,17,-1.883557,6.396153,7.959228,-0.100805,0.257062,0.104968
544064660.000,Miguel,recording,knock_twice_right,17,-1.658762,6.292154,7.265337,0.084578,0.064978,0.212338
544064670.000,Miguel,recording,knock_twice_right,17,-1.633599,6.307554,6.595181,0.163278,-0.053837,0.343398
544064680.000,Miguel,recording,knock_twice_right,17,-1.611341,6.567735,6.205916,0.152517,-0.135244,0.480488
544064690.000,Miguel,recording,knock_twice_right,17,-1.384694,7.016137,6.117467,0.086561,-0.203042,0.590534
544064700.000,Miguel,recording,knock_twice_right,17,-0.936246,7.368471,6.211525,0.002784,-0.241683,0.641354
544064710.000,Miguel,recording,knock_twice_right,17,-0.384108,7.510505,6.432797,-0.068118,-0.229246,0.620900
544064720.000,Miguel,recording,knock_twice_right,17,0.189010,7.498501,6.756522,-0.104376,-0.180086,0.530642
544064730.000,Miguel,recording,knock_twice_right,17,0.630814,7.460462,7.191813,-0.091869,-0.133363,0.387295
544064740.000,Miguel,recording,knock_twice_right,17,0.883036,7.452666,7.436879,-0.032834,-0.124060,0.215400
544064750.000,Miguel,recording,knock_twice_right,17,0.996790,7.523289,7.363808,0.043238,-0.192713,0.029913
544064760.000,Miguel,recording,knock_twice_right,17,1.116609,7.824393,7.079582,0.094939,-0.365994,-0.166812
544064770.000,Miguel,recording,knock_twice_right,17,0.708363,7.821370,6.971945,0.113884,-0.577928,-0.364996
544064780.000,Miguel,recording,knock_twice_right,17,-0.096153,7.375008,7.099467,0.109418,-0.668953,-0.497446
544064790.000,Miguel,recording,knock_twice_right,17,-0.845614,7.007871,7.478101,0.110947,-0.615199,-0.502864
544064800.000,Miguel,recording,knock_twice_right,17,-1.090453,6.987676,7.391665,0.144636,-0.540405,-0.412794
544064810.000,Miguel,recording,knock_twice_right,17,-1.221213,7.151063,7.453270,0.196321,-0.498223,-0.304776
544064820.000,Miguel,recording,knock_twice_right,17,-0.905273,7.516586,7.391137,0.260950,-0.498139,-0.221317
544064830.000,Miguel,recording,knock_twice_right,17,-0.482396,7.556205,7.177088,0.331701,-0.531438,-0.177765
544064840.000,Miguel,recording,knock_twice_right,17,0.072831,7.568516,6.879703,0.386435,-0.576597,-0.181749
544064850.000,Miguel,recording,knock_twice_right,17,0.470551,7.496464,6.764926,0.423449,-0.636302,-0.224465
544064860.000,Miguel,recording,knock_twice_right,17,0.678473,7.429830,6.814669,0.461131,-0.715552,-0.296580
544064870.000,Miguel,recording,knock_twice_right,17,0.658168,7.435199,6.886566,0.512458,-0.814324,-0.381172
544064880.000,Miguel,recording,knock_twice_right,17,0.487951,7.457572,6.824403,0.572533,-0.916513,-0.453162
544064890.000,Miguel,recording,knock_twice_right,17,0.230867,7.451709,6.512990,0.618410,-0.988623,-0.493218
544064900.000,Miguel,recording,knock_twice_right,17,0.100925,7.430771,6.071243,0.622949,-1.016177,-0.499460
544064910.000,Miguel,recording,knock_twice_right,17,0.110461,7.395166,5.822641,0.582490,-1.015631,-0.487294
544064920.000,Miguel,recording,knock_twice_right,17,0.106054,7.362542,5.620654,0.515949,-1.010713,-0.470744
544064930.000,Miguel,recording,knock_twice_right,17,0.082586,7.427028,5.502971,0.443258,-1.023860,-0.451266
544064940.000,Miguel,recording,knock_twice_right,17,0.114330,7.480478,5.408094,0.374515,-1.072921,-0.431133
544064950.000,Miguel,recording,knock_twice_right,17,0.202692,7.548386,5.353613,0.316717,-1.152331,-0.416861
544064960.000,Miguel,recording,knock_twice_right,17,0.299095,7.548937,5.421762,0.272606,-1.248153,-0.415907
544064970.000,Miguel,recording,knock_twice_right,17,0.478952,7.508820,5.343758,0.223715,-1.341694,-0.443493
544064980.000,Miguel,recording,knock_twice_right,17,0.523679,7.607776,5.347352,0.150768,-1.395642,-0.502626
544064990.000,Miguel,recording,knock_twice_right,17,0.457809,7.663373,5.466877,0.055353,-1.377884,-0.577640
544065000.000,Miguel,recording,knock_twice_right,17,0.310503,7.567447,5.616989,-0.055235,-1.282469,-0.652977
544065010.000,Miguel,recording,knock_twice_right,17,0.162660,7.350402,5.889980,-0.168833,-1.129393,-0.713276
544065020.000,Miguel,recording,knock_twice_right,17,0.009884,7.097730,6.355306,-0.259442,-0.935696,-0.746329
544065030.000,Miguel,recording,knock_twice_right,17,-0.177756,6.968517,6.801314,-0.299166,-0.713170,-0.746745
544065040.000,Miguel,recording,knock_twice_right,17,-0.351509,6.936759,7.041683,-0.283490,-0.497244,-0.718182
544065050.000,Miguel,recording,knock_twice_right,17,-0.419265,6.970769,7.047312,-0.234998,-0.331129,-0.672606
544065060.000,Miguel,recording,knock_twice_right,17,-0.447811,7.075925,6.916542,-0.178484,-0.225745,-0.623281
544065070.000,Miguel,recording,knock_twice_right,17,-0.532709,7.176498,6.784118,-0.127547,-0.172477,-0.577674
544065080.000,Miguel,recording,knock_twice_right,17,-0.608125,7.279881,6.786911,-0.082621,-0.161602,-0.534596
544065090.000,Miguel,recording,knock_twice_right,17,-0.603788,7.281746,6.914682,-0.032192,-0.171129,-0.490286
544065100.000,Miguel,recording,knock_twice_right,17,-0.570328,7.199554,7.099093,0.035321,-0.175074,-0.447075
544065110.000,Miguel,recording,knock_twice_right,17,-0.543227,7.100433,7.195185,0.120891,-0.171670,-0.411966
544065120.000,Miguel,recording,knock_twice_right,17,-0.578938,7.121165,7.081954,0.210843,-0.173251,-0.388592
544065130.000,Miguel,recording,knock_twice_right,17,-0.702031,7.188288,6.830826,0.285555,-0.179802,-0.372436
544065140.000,Miguel,recording,knock_twice_right,17,-0.879666,7.248268,6.541173,0.332393,-0.186155,-0.354416
544065150.000,Miguel,recording,knock_twice_right,17,-1.074572,7.302631,6.219653,0.344122,-0.189713,-0.323809
544065160.000,Miguel,recording,knock_twice_right,17,-1.239680,7.334182,6.005085,0.320282,-0.186562,-0.272512
544065170.000,Miguel,recording,knock_twice_right,17,-1.313028,7.361353,5.853604,0.269632,-0.173933,-0.204224
544065180.000,Miguel,recording,knock_twice_right,17,-1.253537,7.408388,5.803408,0.208540,-0.157271,-0.130037
544065190.000,Miguel,recording,knock_twice_right,17,-1.103961,7.380847,5.821393,0.151000,-0.145367,-0.061325
544065200.000,Miguel,recording,knock_twice_right,17,-0.879553,7.330016,5.799717,0.100161,-0.141925,-0.006667
544065210.000,Miguel,recording,knock_twice_right,17,-0.592632,7.332664,5.797051,0.053283,-0.138502,0.030744
544065220.000,Miguel,recording,knock_twice_right,17,-0.326535,7.355426,5.851306,0.006865,-0.120950,0.047590
544065230.000,Miguel,recording,knock_twice_right,17,-0.169540,7.395139,5.993856,-0.038264,-0.087078,0.044169
544065240.000,Miguel,recording,knock_twice_right,17,-0.155853,7.470784,6.133368,-0.078227,-0.044782,0.029591
544065250.000,Miguel,recording,knock_twice_right,17,-0.168340,7.486602,6.320029,-0.103103,-0.001360,0.014421
544065260.000,Miguel,recording,knock_twice_right,17,-0.175722,7.424560,6.539850,-0.102483,0.041852,0.003458
544065270.000,Miguel,recording,knock_twice_right,17,-0.236618,7.359337,6.637091,-0.077950,0.078402,-0.002099
544065280.000,Miguel,recording,knock_twice_right,17,-0.327153,7.434985,6.648594,-0.038749,0.092131,0.000057
544065290.000,Miguel,recording,knock_twice_right,17,-0.316699,7.497231,6.694904,0.011354,0.081616,0.006854
544065300.000,Miguel,recording,knock_twice_right,17,-0.235594,7.515628,6.673375,0.071381,0.061299,0.008229
544065310.000,Miguel,recording,knock_twice_right,17,-0.187177,7.483729,6.529709,0.130772,0.035857,0.001908
544065320.000,Miguel,recording,knock_twice_right,17,-0.278485,7.560946,6.302054,0.174819,0.001335,-0.002350
544065330.000,Miguel,recording,knock_twice_right,17,-0.358988,7.656848,6.092341,0.194561,-0.038968,0.004285
544065340.000,Miguel,recording,knock_twice_right,17,-0.346628,7.688679,5.952566,0.191129,-0.071824,0.018630
544065350.000,Miguel,recording,knock_twice_right,17,-0.256611,7.700558,5.856510,0.170211,-0.084819,0.033824
544065360.000,Miguel,recording,knock_twice_right,17,-0.155893,7.656371,5.803788,0.139662,-0.075352,0.044563
544065370.000,Miguel,recording,knock_twice_right,17,-0.110241,7.603145,5.749713,0.104689,-0.051185,0.046914
544065380.000,Miguel,recording,knock_twice_right,17,-0.102418,7.585550,5.708624,0.063294,-0.027239,0.045636
544065390.000,Miguel,recording,knock_twice_right,17,-0.128428,7.578747,5.665417,0.012876,-0.006934,0.044521
544065400.000,Miguel,recording,knock_twice_right,17,-0.144028,7.588718,5.673423,-0.044044,0.018766,0.046064
544065410.000,Miguel,recording,knock_twice_right,17,-0.124765,7.612925,5.733045,-0.100506,0.056531,0.053025
544065420.000,Miguel,recording,knock_twice_right,17,-0.021750,7.580576,5.819668,-0.151994,0.102064,0.059397
544065430.000,Miguel,recording,knock_twice_right,17,0.066180,7.540571,5.899874,-0.193984,0.137459,0.057673
544065440.000,Miguel,recording,knock_twice_right,17,0.070771,7.493363,6.034232,-0.219033,0.146636,0.047156
544065450.000,Miguel,recording,knock_twice_right,17,-0.010246,7.495142,6.183761,-0.221729,0.130942,0.032725
544065460.000,Miguel,recording,knock_twice_right,17,-0.122609,7.503784,6.324069,-0.199193,0.100991,0.023919
544065470.000,Miguel,recording,knock_twice_right,17,-0.182457,7.462077,6.427126,-0.155128,0.061691,0.026491
544065480.000,Miguel,recording,knock_twice_right,17,-0.177716,7.406641,6.420260,-0.103601,0.012838,0.038698
544065490.000,Miguel,recording,knock_twice_right,17,-0.130159,7.413469,6.333122,-0.060357,-0.038648,0.054528
544065500.000,Miguel,recording,knock_twice_right,17,-0.039313,7.464991,6.283821,-0.031116,-0.074290,0.067254
544065510.000,Miguel,recording,knock_twice_right,17,0.022575,7.487136,6.248143,-0.016364,-0.080208,0.073511
544065520.000,Miguel,recording,knock_twice_right,17,0.139889,7.520288,6.299740,-0.013995,-0.058786,0.072210
544065530.000,Miguel,recording,knock_twice_right,17,0.258450,7.483453,6.285801,-0.013858,-0.015774,0.060266
544065540.000,Miguel,recording,knock_twice_right,17,0.270367,7.463666,6.266429,-0.011568,0.031196,0.037480
544065550.000,Miguel,recording,knock_twice_right,17,0.109984,7.493981,6.207837,-0.009452,0.056918,0.015283
544065560.000,Miguel,recording,knock_twice_right,17,-0.049956,7.574737,6.173959,-0.006272,0.055632,0.003043
544065570.000,Miguel,recording,knock_twice_right,17,-0.173894,7.603184,6.124699,-0.002720,0.037612,0.001190
544065580.000,Miguel,recording,knock_twice_right,17,-0.195819,7.583226,6.054906,-0.002973,0.014592,0.008457
544065590.000,Miguel,recording,knock_twice_right,17,-0.123900,7.558225,6.041713,-0.012014,-0.003084,0.021857
544065600.000,Miguel,recording,knock_twice_right,17,0.032892,7.552865,6.128798,-0.028570,-0.003089,0.031650
544065610.000,Miguel,recording,knock_twice_right,17,0.258243,7.573048,6.260317,-0.043358,0.023900,0.029529
544065620.000,Miguel,recording,knock_twice_right,17,0.441227,7.560546,6.429284,-0.046622,0.087112,0.014050
544065630.000,Miguel,recording,knock_twice_right,17,0.621006,7.489679,6.492705,-0.029844,0.184381,-0.011724
544065640.000,Miguel,recording,knock_twice_right,17,0.479896,7.372132,6.419465,0.000853,0.275814,-0.042784
544065650.000,Miguel,recording,knock_twice_right,17,-0.221408,7.356881,6.136372,0.025991,0.316634,-0.068497
544065660.000,Miguel,recording,knock_twice_right,17,-1.930087,7.502120,5.751435,0.027938,0.301389,-0.043524
544065670.000,Miguel,recording,knock_twice_right,17,-1.864608,7.703826,5.910536,-0.000642,0.237832,0.065032
544065680.000,Miguel,recording,knock_twice_right,17,-0.697706,7.829346,5.919568,-0.052976,0.182886,0.198498
544065690.000,Miguel,recording,knock_twice_right,17,-0.242668,7.703587,5.775395,-0.113664,0.173163,0.275172
544065700.000,Miguel,recording,knock_twice_right,17,0.649626,7.785137,5.998666,-0.171836,0.138553,0.280053
544065710.000,Miguel,recording,knock_twice_right,17,1.360751,7.751753,6.050850,-0.228277,0.046418,0.211455
544065720.000,Miguel,recording,knock_twice_right,17,1.603773,7.650607,6.090126,-0.276044,-0.052863,0.067301
544065730.000,Miguel,recording,knock_twice_right,17,1.220299,7.567182,6.387396,-0.293194,-0.106088,-0.104458
544065740.000,Miguel,recording,knock_twice_right,17,0.539107,7.372746,6.397475,-0.275340,-0.084755,-0.234829
544065750.000,Miguel,recording,knock_twice_right,17,-0.239693,7.303841,6.207940,-0.255186,-0.036477,-0.282400
544065760.000,Miguel,recording,knock_twice_right,17,-0.814212,7.407783,6.203048,-0.253056,-0.037845,-0.244483
544065770.000,Miguel,recording,knock_twice_right,17,-0.980552,7.516451,6.469649,-0.249290,-0.085775,-0.152521
544065780.000,Miguel,recording,knock_twice_right,17,-0.680220,7.597201,6.832861,-0.216504,-0.135729,-0.055681
544065790.000,Miguel,recording,knock_twice_right,17,-0.129518,7.546572,7.344699,-0.141795,-0.152939,0.006850
544065800.000,Miguel,recording,knock_twice_right,17,0.395451,7.361090,7.707407,-0.025234,-0.118694,0.018194
544065810.000,Miguel,recording,knock_twice_right,17,0.529617,7.126615,7.686914,0.120981,-0.046831,-0.015032
544065820.000,Miguel,recording,knock_twice_right,17,0.347202,7.003114,7.273275,0.265840,0.017179,-0.063942
544065830.000,Miguel,recording,knock_twice_right,17,-0.269300,7.102029,6.559550,0.365014,0.048163,-0.093767
544065840.000,Miguel,recording,knock_twice_right,17,-1.379772,7.209463,5.851449,0.389799,0.038355,-0.064952
544065850.000,Miguel,recording,knock_twice_right,17,-1.716439,7.543796,5.612647,0.340756,-0.012410,0.044182
544065860.000,Miguel,recording,knock_twice_right,17,-1.416270,7.562497,5.416291,0.238261,-0.069974,0.185202
544065870.000,Miguel,recording,knock_twice_right,17,-0.414073,7.414277,5.443812,0.115015,-0.099508,0.283178
544065880.000,Miguel,recording,knock_twice_right,17,0.352388,7.452926,5.675890,0.002788,-0.097357,0.305673
544065890.000,Miguel,recording,knock_twice_right,17,1.028337,7.484787,6.100079,-0.072736,-0.067460,0.254714
544065900.000,Miguel,recording,knock_twice_right,17,1.436485,7.444882,6.431958,-0.100812,-0.009474,0.144385
544065910.000,Miguel,recording,knock_twice_right,17,1.330524,7.416653,6.514742,-0.091220,0.052667,0.004832
544065920.000,Miguel,recording,knock_twice_right,17,0.799821,7.505685,6.513204,-0.062295,0.075537,-0.120100
544065930.000,Miguel,recording,knock_twice_right,17,0.223596,7.490320,6.557342,-0.022192,0.048942,-0.204545
544065940.000,Miguel,recording,knock_twice_right,17,-0.132150,7.296482,6.553970,0.028987,0.002703,-0.245955
544065950.000,Miguel,recording,knock_twice_right,17,-0.394053,7.229271,6.478092,0.080203,-0.047325,-0.243721
544065960.000,Miguel,recording,knock_twice_right,17,-0.798020,7.454609,6.333478,0.111352,-0.110167,-0.195828
544065970.000,Miguel,recording,knock_twice_right,17,-0.938968,7.620921,6.209094,0.117246,-0.172254,-0.116189
544065980.000,Miguel,recording,knock_twice_right,17,-0.785405,7.601723,6.140568,0.106917,-0.197549,-0.036355
544065990.000,Miguel,recording,knock_twice_right,17,-0.474192,7.519160,6.094471,0.084128,-0.176295,0.024405
544066000.000,Miguel,recording,knock_twice_right,17,-0.241586,7.447070,6.073342,0.050871,-0.127566,0.063569
544066010.000,Miguel,recording,knock_twice_right,17,-0.088593,7.473737,6.119613,0.015314,-0.074949,0.083464
544066020.000,Miguel,recording,knock_twice_right,17,0.075037,7.522215,6.247734,-0.010133,-0.028361,0.085512
544066030.000,Miguel,recording,knock_twice_right,17,0.204874,7.517526,6.303079,-0.020689,0.012082,0.069660
544066040.000,Miguel,recording,knock_twice_right,17,0.214315,7.523105,6.317713,-0.021777,0.039594,0.045469
544066050.000,Miguel,recording,knock_twice_right,17,0.113468,7.537618,6.314405,-0.018804,0.050556,0.025908
544066060.000,Miguel,recording,knock_twice_right,17,0.016667,7.538508,6.268069,-0.014271,0.046329,0.014967
544066070.000,Miguel,recording,knock_twice_right,17,-0.055535,7.569410,6.212512,-0.009015,0.026690,0.012016
544066080.000,Miguel,recording,knock_twice_right,17,-0.045681,7.606481,6.192884,-0.007477,-0.004930,0.016003
544066090.000,Miguel,recording,knock_twice_right,17,0.063282,7.622927,6.198080,-0.011769,-0.033269,0.020198
544066100.000,Miguel,recording,knock_twice_right,17,0.176353,7.580457,6.192627,-0.018495,-0.041233,0.015056
544066110.000,Miguel,recording,knock_twice_right,17,0.198013,7.541471,6.247328,-0.021918,-0.030012,0.001263
544066120.000,Miguel,recording,knock_twice_right,17,0.164477,7.512354,6.336021,-0.017937,-0.007640,-0.014292
544066130.000,Miguel,recording,knock_twice_right,17,0.142879,7.480798,6.358755,-0.008747,0.022068,-0.027642
544066140.000,Miguel,recording,knock_twice_right,17,0.038375,7.458532,6.294037,-0.001203,0.050160,-0.035202
544066150.000,Miguel,recording,knock_twice_right,17,-0.041830,7.443104,6.248093,0.001945,0.065485,-0.034878
544066160.000,Miguel,recording,knock_twice_right,17,-0.107004,7.465589,6.270757,0.005994,0.067030,-0.027366
544066170.000,Miguel,recording,knock_twice_right,17,-0.100433,7.493501,6.275024,0.014043,0.058842,-0.016892
544066180.000,Miguel,recording,knock_twice_right,17,-0.095576,7.519060,6.237490,0.021416,0.037692,-0.007262
544066190.000,Miguel,recording,knock_twice_right,17,-0.065889,7.536565,6.205815,0.022128,0.001617,0.001784
544066200.000,Miguel,recording,knock_twice_right,17,-0.069036,7.524367,6.201088,0.016834,-0.041838,0.009232
544066210.000,Miguel,recording,knock_twice_right,17,-0.051225,7.493892,6.236284,0.008335,-0.078098,0.014982
544066220.000,Miguel,recording,knock_twice_right,17,-0.023499,7.433002,6.295122,-0.000165,-0.092972,0.022208
544066230.000,Miguel,recording,knock_twice_right,17,0.012701,7.406767,6.325996,-0.009133,-0.087382,0.027808
544066240.000,Miguel,recording,knock_twice_right,17,0.023165,7.418772,6.298832,-0.020194,-0.070535,0.022518
544066250.000,Miguel,recording,knock_twice_right,17,-0.036395,7.465259,6.308796,-0.029173,-0.025810,0.000764
544066260.000,Miguel,recording,knock_twice_right,17,-0.271843,7.471192,6.260984,-0.029518,0.034719,0.000432
544066270.000,Miguel,recording,knock_twice_right,17,-0.400721,7.506145,6.206810,-0.037440,0.053259,0.036993
544066280.000,Miguel,recording,knock_twice_right,17,-0.400962,7.431650,6.226267,-0.059968,0.071741,0.070656
544066290.000,Miguel,recording,knock_twice_right,17,-0.511816,7.552821,6.419017,-0.071677,0.152054,0.104894
544066300.000,Miguel,recording,knock_twice_right,17,-0.299642,7.521225,6.307647,-0.073595,0.228454,0.147400
544066310.000,Miguel,recording,knock_twice_right,17,-0.121950,7.447260,6.236116,-0.076502,0.239935,0.174422
544066320.000,Miguel,recording,knock_twice_right,17,0.047994,7.439315,6.215506,-0.068399,0.199699,0.173101
544066330.000,Miguel,recording,knock_twice_right,17,0.174611,7.532601,6.277197,-0.043766,0.124624,0.143402
544066340.000,Miguel,recording,knock_twice_right,17,0.251387,7.553860,6.276450,-0.012754,0.026603,0.096828
544066350.000,Miguel,recording,knock_twice_right,17,0.261624,7.459408,6.258441,0.014622,-0.072143,0.048528
544066360.000,Miguel,recording,knock_twice_right,17,0.233493,7.390449,6.245943,0.032976,-0.148530,0.007279
544066370.000,Miguel,recording,knock_twice_right,17,0.150394,7.364610,6.246126,0.039642,-0.188935,-0.019781
544066380.000,Miguel,recording,knock_twice_right,17,0.100576,7.425560,6.226850,0.037639,-0.194918,-0.031890
544066390.000,Miguel,recording,knock_twice_right,17,0.122578,7.466361,6.152026,0.027816,-0.173536,-0.038347
544066400.000,Miguel,recording,knock_twice_right,17,0.145764,7.489508,6.029675,-0.001658,-0.122261,-0.048157
544066410.000,Miguel,recording,knock_twice_right,17,0.071684,7.482560,5.977592,-0.053424,-0.038525,-0.059365
544066420.000,Miguel,recording,knock_twice_right,17,-0.038533,7.511429,6.011452,-0.116012,0.067244,-0.065443
544066430.000,Miguel,recording,knock_twice_right,17,-0.132807,7.484170,6.134509,-0.175145,0.171952,-0.062219
544066440.000,Miguel,recording,knock_twice_right,17,-0.204374,7.454260,6.293909,-0.216768,0.250324,-0.049076
544066450.000,Miguel,recording,knock_twice_right,17,-0.219745,7.395493,6.409437,-0.235878,0.289950,-0.029663
544066460.000,Miguel,recording,knock_twice_right,18,-0.244918,7.426210,6.521562,-0.233794,0.290447,-0.007390
544066470.000,Miguel,recording,knock_twice_right,18,-0.203057,7.417293,6.586477,-0.212583,0.260104,0.012638
544066480.000,Miguel,recording,knock_twice_right,18,-0.143120,7.456588,6.636417,-0.174982,0.209914,0.024458
544066490.000,Miguel,recording,knock_twice_right,18,-0.114258,7.473538,6.669554,-0.125634,0.148218,0.026097
544066500.000,Miguel,recording,knock_twice_right,18,-0.120238,7.498830,6.738373,-0.065158,0.076922,0.020777
544066510.000,Miguel,recording,knock_twice_right,18,-0.140960,7.512451,6.789406,0.003894,-0.002797,0.013066
544066520.000,Miguel,recording,knock_twice_right,18,-0.169542,7.491094,6.766821,0.075194,-0.083620,0.007456
544066530.000,Miguel,recording,knock_twice_right,18,-0.135602,7.410783,6.686196,0.140911,-0.152983,0.007869
544066540.000,Miguel,recording,knock_twice_right,18,-0.100800,7.385275,6.587579,0.192300,-0.195173,0.014520
544066550.000,Miguel,recording,knock_twice_right,18,-0.034222,7.385224,6.416248,0.223671,-0.201293,0.023559
544066560.000,Miguel,recording,knock_twice_right,18,0.011377,7.421100,6.235316,0.229896,-0.180405,0.028178
544066570.000,Miguel,recording,knock_twice_right,18,0.087379,7.459575,6.032162,0.209435,-0.150900,0.024392
544066580.000,Miguel,recording,knock_twice_right,18,0.126342,7.493843,5.880427,0.163901,-0.123028,0.012842
544066590.000,Miguel,recording,knock_twice_right,18,0.162994,7.505794,5.794261,0.099921,-0.096330,-0.002566
544066600.000,Miguel,recording,knock_twice_right,18,0.127867,7.482194,5.826910,0.029923,-0.067098,-0.017736
544066610.000,Miguel,recording,knock_twice_right,18,0.084614,7.444189,5.924029,-0.033596,-0.033614,-0.031350
544066620.000,Miguel,recording,knock_twice_right,18,0.018508,7.416805,6.047839,-0.083140,0.001583,-0.041388
544066630.000,Miguel,recording,knock_twice_right,18,-0.020030,7.387295,6.168655,-0.118299,0.034925,-0.045528
544066640.000,Miguel,recording,knock_twice_right,18,-0.065172,7.373520,6.269711,-0.137895,0.064704,-0.044459
544066650.000,Miguel,recording,knock_twice_right,18,-0.101421,7.359411,6.345839,-0.141822,0.081607,-0.039827
544066660.000,Miguel,recording,knock_twice_right,18,-0.125828,7.324517,6.350207,-0.137477,0.076321,-0.031826
544066670.000,Miguel,recording,knock_twice_right,18,-0.082495,7.296120,6.361206,-0.133228,0.055793,-0.022513
544066680.000,Miguel,recording,knock_twice_right,18,-0.031076,7.324373,6.419330,-0.129216,0.038778,-0.016019
544066690.000,Miguel,recording,knock_twice_right,18,0.013390,7.330764,6.504704,-0.117748,0.036584,-0.014234
544066700.000,Miguel,recording,knock_twice_right,18,0.012274,7.332700,6.563491,-0.095686,0.037003,-0.015276
544066710.000,Miguel,recording,knock_twice_right,18,-0.018832,7.352862,6.614387,-0.067947,0.021493,-0.016507
544066720.000,Miguel,recording,knock_twice_right,18,-0.057742,7.371391,6.624508,-0.038945,-0.007083,-0.015339
544066730.000,Miguel,recording,knock_twice_right,18,-0.058178,7.377342,6.628064,-0.010507,-0.033031,-0.011679
544066740.000,Miguel,recording,knock_twice_right,18,-0.031406,7.383826,6.620874,0.018267,-0.049261,-0.008994
544066750.000,Miguel,recording,knock_twice_right,18,0.014867,7.394951,6.558451,0.042935,-0.059000,-0.010430
544066760.000,Miguel,recording,knock_twice_right,18,0.030785,7.406824,6.406740,0.054217,-0.067154,-0.016379
544066770.000,Miguel,recording,knock_twice_right,18,0.018531,7.428504,6.319908,0.051848,-0.072582,-0.023944
544066780.000,Miguel,recording,knock_twice_right,18,-0.014954,7.433205,6.372768,0.046990,-0.072261,-0.031005
544066790.000,Miguel,recording,knock_twice_right,18,-0.060890,7.435933,6.431588,0.050227,-0.071472,-0.036422
544066800.000,Miguel,recording,knock_twice_right,18,-0.113630,7.448793,6.489478,0.061925,-0.081207,-0.035656
544066810.000,Miguel,recording,knock_twice_right,18,-0.126643,7.453895,6.507913,0.077972,-0.107422,-0.025954
544066820.000,Miguel,recording,knock_twice_right,18,-0.099102,7.453334,6.504071,0.093390,-0.141066,-0.012004
544066830.000,Miguel,recording,knock_twice_right,18,-0.059793,7.473470,6.475008,0.105851,-0.152402,0.001475
544066840.000,Miguel,recording,knock_twice_right,18,-0.028074,7.420271,6.459975,0.115746,-0.122412,0.011732
544066850.000,Miguel,recording,knock_twice_right,18,0.053147,7.466044,6.395003,0.118462,-0.068994,0.014230
544066860.000,Miguel,recording,knock_twice_right,18,0.114109,7.451042,6.280977,0.106399,-0.020797,0.008714
544066870.000,Miguel,recording,knock_twice_right,18,0.096327,7.449262,6.181152,0.080525,0.010933,-0.000885
544066880.000,Miguel,recording,knock_twice_right,18,0.037726,7.427339,6.155562,0.050653,0.028316,-0.010214
544066890.000,Miguel,recording,knock_twice_right,18,-0.040101,7.465888,6.183157,0.023486,0.033746,-0.014561
544066900.000,Miguel,recording,knock_twice_right,18,-0.085143,7.484345,6.208291,-0.000332,0.031226,-0.011758
544066910.000,Miguel,recording,knock_twice_right,18,-0.121192,7.490771,6.256444,-0.021427,0.025805,-0.003762
544066920.000,Miguel,recording,knock_twice_right,18,-0.108657,7.450657,6.317224,-0.037344,0.021108,0.006855
544066930.000,Miguel,recording,knock_twice_right,18,-0.106307,7.436770,6.329960,-0.043008,0.018199,0.015591
544066940.000,Miguel,recording,knock_twice_right,18,-0.081439,7.433995,6.336154,-0.037358,0.015569,0.020617
544066950.000,Miguel,recording,knock_twice_right,18,-0.045401,7.466936,6.371427,-0.024194,0.012635,0.023199
544066960.000,Miguel,recording,knock_twice_right,18,-0.007564,7.458022,6.341153,-0.009545,0.011361,0.022286
544066970.000,Miguel,recording,knock_twice_right,18,-0.002640,7.435139,6.313597,0.001452,0.011611,0.016983
544066980.000,Miguel,recording,knock_twice_right,18,-0.044796,7.424279,6.253137,0.007968,0.011140,0.011400
544066990.000,Miguel,recording,knock_twice_right,18,-0.094801,7.414349,6.244054,0.011652,0.007094,0.010762
544067000.000,Miguel,recording,knock_twice_right,18,-0.105069,7.459526,6.209439,0.012568,-0.001444,0.015241
544067010.000,Miguel,recording,knock_twice_right,18,-0.051960,7.488996,6.220874,0.010489,-0.010485,0.020641
544067020.000,Miguel,recording,knock_twice_right,18,0.035410,7.471957,6.305235,0.011657,-0.013961,0.020038
544067030.000,Miguel,recording,knock_twice_right,18,0.127315,7.452989,6.381848,0.020810,-0.010179,0.010959
544067040.000,Miguel,recording,knock_twice_right,18,0.137760,7.458276,6.401404,0.035141,-0.006306,-0.004236
544067050.000,Miguel,recording,knock_twice_right,18,0.125235,7.497065,6.374127,0.049924,-0.013702,-0.020587
544067060.000,Miguel,recording,knock_twice_right,18,0.125265,7.512620,6.351872,0.059141,-0.034124,-0.034636
544067070.000,Miguel,recording,knock_twice_right,18,0.096446,7.481615,6.328351,0.063533,-0.055127,-0.046755
544067080.000,Miguel,recording,knock_twice_right,18,0.026461,7.452887,6.317697,0.065081,-0.065507,-0.055711
544067090.000,Miguel,recording,knock_twice_right,18,-0.058016,7.456913,6.245688,0.060388,-0.065449,-0.056084
544067100.000,Miguel,recording,knock_twice_right,18,-0.118343,7.452681,6.187526,0.046181,-0.060311,-0.046409
544067110.000,Miguel,recording,knock_twice_right,18,-0.126954,7.475729,6.107906,0.020850,-0.051755,-0.031117
544067120.000,Miguel,recording,knock_twice_right,18,-0.099464,7.474477,6.140885,-0.008534,-0.035000,-0.013927
544067130.000,Miguel,recording,knock_twice_right,18,0.016092,7.461884,6.301273,-0.029140,-0.005415,0.000837
544067140.000,Miguel,recording,knock_twice_right,18,0.122601,7.426095,6.409170,-0.031734,0.032019,0.007014
544067150.000,Miguel,recording,knock_twice_right,18,0.203766,7.475258,6.488098,-0.016058,0.061285,0.002667
544067160.000,Miguel,recording,knock_twice_right,18,0.228714,7.539477,6.530584,0.009598,0.068029,-0.010748
544067170.000,Miguel,recording,knock_twice_right,18,0.202487,7.572495,6.480599,0.037394,0.052344,-0.031765
544067180.000,Miguel,recording,knock_twice_right,18,0.147145,7.538848,6.421008,0.062292,0.028419,-0.053388
544067190.000,Miguel,recording,knock_twice_right,18,0.015954,7.494066,6.329563,0.080163,0.008129,-0.066849
544067200.000,Miguel,recording,knock_twice_right,18,-0.101565,7.474957,6.204100,0.084887,-0.007054,-0.067124
544067210.000,Miguel,recording,knock_twice_right,18,-0.179395,7.518010,6.060323,0.070940,-0.020195,-0.057076
544067220.000,Miguel,recording,knock_twice_right,18,-0.188379,7.535453,5.976596,0.040476,-0.030682,-0.042682
544067230.000,Miguel,recording,knock_twice_right,18,-0.157795,7.534370,6.005666,0.003848,-0.029324,-0.027796
544067240.000,Miguel,recording,knock_twice_right,18,-0.134710,7.502144,6.070064,-0.027911,-0.009865,-0.016574
544067250.000,Miguel,recording,knock_twice_right,18,-0.114851,7.490240,6.136705,-0.050268,0.019707,-0.009801
544067260.000,Miguel,recording,knock_twice_right,18,-0.088021,7.490645,6.144251,-0.063606,0.044534,-0.008432
544067270.000,Miguel,recording,knock_twice_right,18,-0.081030,7.478595,6.179346,-0.068979,0.053218,-0.012381
544067280.000,Miguel,recording,knock_twice_right,18,-0.104709,7.465537,6.204112,-0.067012,0.044413,-0.016758
544067290.000,Miguel,recording,knock_twice_right,18,-0.118286,7.435262,6.258800,-0.057063,0.027628,-0.017832
544067300.000,Miguel,recording,knock_twice_right,18,-0.131902,7.400477,6.256519,-0.041598,0.010358,-0.015618
544067310.000,Miguel,recording,knock_twice_right,18,-0.147599,7.389243,6.270380,-0.027502,-0.008542,-0.011382
544067320.000,Miguel,recording,knock_twice_right,18,-0.133802,7.409204,6.282537,-0.019357,-0.025047,-0.005557
544067330.000,Miguel,recording,knock_twice_right,18,-0.110222,7.420983,6.311741,-0.016823,-0.027276,0.000683
544067340.000,Miguel,recording,knock_twice_right,18,-0.059427,7.424745,6.342795,-0.015796,-0.015615,0.005871
544067350.000,Miguel,recording,knock_twice_right,18,-0.015169,7.375140,6.359714,-0.015434,-0.002044,0.009076
544067360.000,Miguel,recording,knock_twice_right,18,0.001460,7.347628,6.329615,-0.015485,0.009405,0.007329
544067370.000,Miguel,recording,knock_twice_right,18,-0.066505,7.355375,6.282617,-0.015829,0.018415,0.002244
544067380.000,Miguel,recording,knock_twice_right,18,-0.143275,7.398447,6.243004,-0.020046,0.019229,0.000987
544067390.000,Miguel,recording,knock_twice_right,18,-0.191847,7.425667,6.203506,-0.029865,0.011678,0.005124
544067400.000,Miguel,recording,knock_twice_right,18,-0.171812,7.420429,6.230859,-0.040151,0.004898,0.012482
544067410.000,Miguel,recording,knock_twice_right,18,-0.164843,7.407270,6.294899,-0.044037,0.004165,0.021046
544067420.000,Miguel,recording,knock_twice_right,18,-0.111348,7.396976,6.364467,-0.040681,0.004318,0.029346
544067430.000,Miguel,recording,knock_twice_right,18,-0.056195,7.428903,6.404512,-0.031533,0.001120,0.035876
544067440.000,Miguel,recording,knock_twice_right,18,-0.008304,7.454639,6.425077,-0.017487,-0.004600,0.038336
544067450.000,Miguel,recording,knock_twice_right,18,0.005340,7.461514,6.415511,-0.000697,-0.015468,0.036697
544067460.000,Miguel,recording,knock_twice_right,18,-0.012000,7.495088,6.386252,0.015459,-0.034214,0.033040
544067470.000,Miguel,recording,knock_twice_right,18,-0.067577,7.480421,6.359387,0.028715,-0.055645,0.030324
544067480.000,Miguel,recording,knock_twice_right,18,-0.146310,7.460177,6.389432,0.038440,-0.071313,0.034179
544067490.000,Miguel,recording,knock_twice_right,18,-0.160021,7.380949,6.531478,0.049039,-0.072297,0.049555
544067500.000,Miguel,recording,knock_twice_right,18,-0.092198,7.363244,6.588732,0.066481,-0.055495,0.072214
544067510.000,Miguel,recording,knock_twice_right,18,0.078207,7.393927,6.564414,0.090475,-0.031438,0.089509
544067520.000,Miguel,recording,knock_twice_right,18,0.252103,7.453602,6.489529,0.117167,-0.015996,0.090664
544067530.000,Miguel,recording,knock_twice_right,18,0.336082,7.539751,6.355851,0.140098,-0.016144,0.075011
544067540.000,Miguel,recording,knock_twice_right,18,0.322686,7.591735,6.234955,0.153119,-0.024995,0.048411
544067550.000,Miguel,recording,knock_twice_right,18,0.265674,7.596801,6.085515,0.152444,-0.032613,0.019701
544067560.000,Miguel,recording,knock_twice_right,18,0.169590,7.610685,5.944381,0.134285,-0.037404,-0.004032
544067570.000,Miguel,recording,knock_twice_right,18,0.056207,7.613972,5.836803,0.098763,-0.037110,-0.018927
544067580.000,Miguel,recording,knock_twice_right,18,-0.048090,7.594905,5.862115,0.052778,-0.025368,-0.022768
544067590.000,Miguel,recording,knock_twice_right,18,-0.102536,7.630892,6.006267,0.008767,0.002943,-0.015695
544067600.000,Miguel,recording,knock_twice_right,18,-0.138772,7.642094,6.149716,-0.025361,0.049061,-0.001400
544067610.000,Miguel,recording,knock_twice_right,18,-0.127991,7.588061,6.174829,-0.051545,0.102103,0.012198
544067620.000,Miguel,recording,knock_twice_right,18,-0.106188,7.511581,6.178548,-0.072460,0.142094,0.020549
544067630.000,Miguel,recording,knock_twice_right,18,-0.092763,7.500470,6.247698,-0.088019,0.157209,0.024693
544067640.000,Miguel,recording,knock_twice_right,18,-0.068281,7.505945,6.284877,-0.095150,0.153859,0.024284
544067650.000,Miguel,recording,knock_twice_right,18,-0.064894,7.471271,6.290052,-0.094644,0.140586,0.019751
544067660.000,Miguel,recording,knock_twice_right,18,-0.056671,7.436842,6.246716,-0.095003,0.118817,0.013918
544067670.000,Miguel,recording,knock_twice_right,18,-0.071993,7.405067,6.243118,-0.099447,0.092058,0.008709
544067680.000,Miguel,recording,knock_twice_right,18,-0.085855,7.380945,6.290427,-0.104752,0.069998,0.007461
544067690.000,Miguel,recording,knock_twice_right,18,-0.103747,7.368856,6.328687,-0.108600,0.060398,0.011794
544067700.000,Miguel,recording,knock_twice_right,18,-0.092159,7.322648,6.335011,-0.108948,0.062240,0.019110
544067710.000,Miguel,recording,knock_twice_right,18,-0.139406,7.283341,6.377650,-0.105428,0.072000,0.029086
544067720.000,Miguel,recording,knock_twice_right,18,-0.181249,7.242508,6.399347,-0.101066,0.085700,0.043663
544067730.000,Miguel,recording,knock_twice_right,18,-0.234068,7.245175,6.390920,-0.097101,0.100403,0.061783
544067740.000,Miguel,recording,knock_twice_right,18,-0.235748,7.246444,6.343040,-0.092305,0.112275,0.080268
544067750.000,Miguel,recording,knock_twice_right,18,-0.187129,7.236428,6.304672,-0.088865,0.113965,0.095151
544067760.000,Miguel,recording,knock_twice_right,18,-0.137341,7.257993,6.301934,-0.086626,0.104611,0.102426
544067770.000,Miguel,recording,knock_twice_right,18,-0.073345,7.276833,6.408879,-0.077623,0.091775,0.101654
544067780.000,Miguel,recording,knock_twice_right,18,-0.017477,7.321664,6.544365,-0.055043,0.079987,0.094500
544067790.000,Miguel,recording,knock_twice_right,18,-0.012492,7.379156,6.611788,-0.019733,0.062053,0.082153
544067800.000,Miguel,recording,knock_twice_right,18,0.004248,7.420270,6.644609,0.021711,0.028008,0.067083
544067810.000,Miguel,recording,knock_twice_right,18,-0.027307,7.454728,6.658887,0.065471,-0.017276,0.055224
544067820.000,Miguel,recording,knock_twice_right,18,-0.035625,7.469154,6.672900,0.109338,-0.054241,0.050846
544067830.000,Miguel,recording,knock_twice_right,18,-0.023499,7.460996,6.576169,0.145894,-0.068105,0.052718
544067840.000,Miguel,recording,knock_twice_right,18,0.056812,7.471309,6.471611,0.166357,-0.060722,0.056236
544067850.000,Miguel,recording,knock_twice_right,18,0.098379,7.502952,6.404491,0.169299,-0.039690,0.057922
544067860.000,Miguel,recording,knock_twice_right,18,0.143054,7.524808,6.349560,0.162709,-0.012255,0.054320
544067870.000,Miguel,recording,knock_twice_right,18,0.214775,7.542478,6.364028,0.154668,0.013168,0.041721
544067880.000,Miguel,recording,knock_twice_right,18,0.196174,7.505484,6.399747,0.149494,0.030003,0.024450
544067890.000,Miguel,recording,knock_twice_right,18,0.146742,7.505676,6.364093,0.148751,0.037618,0.009542
544067900.000,Miguel,recording,knock_twice_right,18,0.106864,7.571231,6.294044,0.151312,0.036437,-0.001455
544067910.000,Miguel,recording,knock_twice_right,18,0.097846,7.628635,6.206953,0.153180,0.024344,-0.010340
544067920.000,Miguel,recording,knock_twice_right,18,0.143230,7.591112,6.143035,0.151643,0.005006,-0.018382
544067930.000,Miguel,recording,knock_twice_right,18,0.165019,7.545437,6.228186,0.150691,-0.009740,-0.026010
544067940.000,Miguel,recording,knock_twice_right,18,0.110960,7.541601,6.263013,0.154497,-0.007834,-0.032987
544067950.000,Miguel,recording,knock_twice_right,18,0.033532,7.546455,6.260832,0.161399,0.008409,-0.038092
544067960.000,Miguel,recording,knock_twice_right,18,-0.030909,7.511388,6.142816,0.164762,0.024014,-0.039505
544067970.000,Miguel,recording,knock_twice_right,18,-0.049691,7.517823,5.987319,0.155788,0.027690,-0.037466
544067980.000,Miguel,recording,knock_twice_right,18,-0.051891,7.567672,5.847792,0.131199,0.022647,-0.031815
544067990.000,Miguel,recording,knock_twice_right,18,-0.040501,7.585968,5.766091,0.094978,0.019635,-0.023174
544068000.000,Miguel,recording,knock_twice_right,18,-0.033320,7.578152,5.705050,0.050852,0.021567,-0.015246
544068010.000,Miguel,recording,knock_twice_right,18,-0.021116,7.572025,5.724341,0.002432,0.025157,-0.011071
544068020.000,Miguel,recording,knock_twice_right,18,-0.006294,7.569066,5.764452,-0.044287,0.027760,-0.011508
544068030.000,Miguel,recording,knock_twice_right,18,-0.026366,7.552849,5.862523,-0.081467,0.029565,-0.014595
544068040.000,Miguel,recording,knock_twice_right,18,-0.069224,7.518903,6.036437,-0.099790,0.031279,-0.017584
544068050.000,Miguel,recording,knock_twice_right,18,-0.089390,7.502269,6.224142,-0.094367,0.030844,-0.019283
544068060.000,Miguel,recording,knock_twice_right,18,-0.086414,7.491204,6.325004,-0.070043,0.024716,-0.018157
544068070.000,Miguel,recording,knock_twice_right,18,-0.091591,7.480973,6.325075,-0.041048,0.010466,-0.015098
544068080.000,Miguel,recording,knock_twice_right,18,-0.086511,7.495914,6.284459,-0.019094,-0.007220,-0.011926
544068090.000,Miguel,recording,knock_twice_right,18,-0.086835,7.519340,6.289643,-0.005616,-0.016695,-0.006647
544068100.000,Miguel,recording,knock_twice_right,18,-0.073908,7.524640,6.320462,0.003709,-0.011847,0.001635
544068110.000,Miguel,recording,knock_twice_right,18,-0.054044,7.523492,6.300262,0.010631,0.005494,0.009453
544068120.000,Miguel,recording,knock_twice_right,18,-0.055271,7.554997,6.210254,0.011260,0.028046,0.012309
544068130.000,Miguel,recording,knock_twice_right,18,-0.073183,7.585507,6.148712,0.005438,0.047421,0.010779
544068140.000,Miguel,recording,knock_twice_right,18,-0.129416,7.591586,6.110371,-0.002137,0.058398,0.010396
544068150.000,Miguel,recording,knock_twice_right,18,-0.149689,7.572498,6.046792,-0.011348,0.055734,0.014628
544068160.000,Miguel,recording,knock_twice_right,18,-0.214227,7.572735,6.017028,-0.020855,0.039861,0.022671
544068170.000,Miguel,recording,knock_twice_right,18,-0.227734,7.601625,6.028874,-0.025400,0.011804,0.035273
544068180.000,Miguel,recording,knock_twice_right,18,-0.189420,7.603488,6.069237,-0.021189,-0.027386,0.049228
544068190.000,Miguel,recording,knock_twice_right,18,-0.052025,7.592571,6.171824,-0.006955,-0.069079,0.056501
544068200.000,Miguel,recording,knock_twice_right,18,0.077677,7.597097,6.264809,0.013145,-0.099251,0.052880
544068210.000,Miguel,recording,knock_twice_right,18,0.194086,7.599345,6.288591,0.032618,-0.106281,0.039171
544068220.000,Miguel,recording,knock_twice_right,18,0.187532,7.600702,6.267812,0.047541,-0.091146,0.021331
544068230.000,Miguel,recording,knock_twice_right,18,0.121047,7.581863,6.216273,0.054261,-0.065015,0.007336
544068240.000,Miguel,recording,knock_twice_right,18,0.019173,7.551906,6.154028,0.053588,-0.040484,0.000803
544068250.000,Miguel,recording,knock_twice_right,18,-0.051570,7.564974,6.127036,0.050741,-0.029012,0.001083
544068260.000,Miguel,recording,knock_twice_right,18,-0.069829,7.579999,6.110155,0.049807,-0.035485,0.006166
544068270.000,Miguel,recording,knock_twice_right,18,-0.061720,7.553691,6.143159,0.050517,-0.053139,0.014117
544068280.000,Miguel,recording,knock_twice_right,18,0.009654,7.514296,6.161884,0.050830,-0.070335,0.021667
544068290.000,Miguel,recording,knock_twice_right,18,0.070717,7.538281,6.192725,0.049234,-0.078053,0.023741
544068300.000,Miguel,recording,knock_twice_right,18,0.089485,7.566879,6.185036,0.044225,-0.072428,0.020237
544068310.000,Miguel,recording,knock_twice_right,18,0.134617,7.572757,6.156578,0.034365,-0.053863,0.013682
544068320.000,Miguel,recording,knock_twice_right,18,0.122321,7.564276,6.126158,0.018615,-0.026369,0.007607
544068330.000,Miguel,recording,knock_twice_right,18,0.063114,7.574402,6.081874,0.000269,0.004106,0.005406
544068340.000,Miguel,recording,knock_twice_right,18,-0.016403,7.615235,6.052045,-0.018804,0.029839,0.007690
544068350.000,Miguel,recording,knock_twice_right,18,-0.035587,7.644396,6.041950,-0.037358,0.044417,0.013062
544068360.000,Miguel,recording,knock_twice_right,18,-0.010737,7.658409,6.049288,-0.051965,0.047905,0.017776
544068370.000,Miguel,recording,knock_twice_right,18,0.052185,7.613763,6.109296,-0.058635,0.041954,0.018558
544068380.000,Miguel,recording,knock_twice_right,18,0.125012,7.578816,6.178965,-0.057111,0.026849,0.013342
544068390.000,Miguel,recording,knock_twice_right,18,0.174306,7.569026,6.219079,-0.053195,0.005509,0.001937
544068400.000,Miguel,recording,knock_twice_right,18,0.148424,7.572894,6.220744,-0.048785,-0.013479,-0.011720
544068410.000,Miguel,recording,knock_twice_right,18,0.074788,7.550844,6.248269,-0.043579,-0.019239,-0.021980
544068420.000,Miguel,recording,knock_twice_right,18,0.047079,7.532436,6.272580,-0.041374,-0.010340,-0.026178
544068430.000,Miguel,recording,knock_twice_right,18,0.028398,7.526912,6.266904,-0.041135,0.006911,-0.026964
544068440.000,Miguel,recording,knock_twice_right,18,-0.020923,7.526528,6.256407,-0.040643,0.027247,-0.027980
544068450.000,Miguel,recording,knock_twice_right,18,-0.076687,7.552193,6.224499,-0.041476,0.044685,-0.029119
544068460.000,Miguel,recording,knock_twice_right,18,-0.125452,7.531298,6.144562,-0.045006,0.052435,-0.028159
544068470.000,Miguel,recording,knock_twice_right,18,-0.155522,7.521501,6.139018,-0.050829,0.049270,-0.020929
544068480.000,Miguel,recording,knock_twice_right,18,-0.158945,7.507162,6.146353,-0.055339,0.042191,-0.009303
544068490.000,Miguel,recording,knock_twice_right,18,-0.110776,7.511379,6.185351,-0.056004,0.035541,0.001196
544068500.000,Miguel,recording,knock_twice_right,18,-0.001555,7.517798,6.205752,-0.054289,0.027905,0.006244
544068510.000,Miguel,recording,knock_twice_right,18,0.107712,7.516860,6.199827,-0.052583,0.020446,0.003333
544068520.000,Miguel,recording,knock_twice_right,18,0.156198,7.495129,6.222918,-0.049538,0.012895,-0.006674
544068530.000,Miguel,recording,knock_twice_right,18,0.159309,7.511543,6.355369,-0.039350,0.004265,-0.019646
544068540.000,Miguel,recording,knock_twice_right,18,0.187771,7.509243,6.403392,-0.018261,-0.000116,-0.034313
544068550.000,Miguel,recording,knock_twice_right,18,0.079364,7.522204,6.363701,0.007814,0.003248,-0.049258
544068560.000,Miguel,recording,knock_twice_right,18,-0.053560,7.545809,6.271044,0.026357,0.010541,-0.056072
544068570.000,Miguel,recording,knock_twice_right,18,-0.141752,7.547113,6.176008,0.032260,0.020853,-0.051058
544068580.000,Miguel,recording,knock_twice_right,18,-0.158608,7.512748,6.079234,0.025874,0.033561,-0.039026
544068590.000,Miguel,recording,knock_twice_right,18,-0.184462,7.501339,6.000232,0.008793,0.043490,-0.024035
544068600.000,Miguel,recording,knock_twice_right,18,-0.176445,7.553783,6.009269,-0.013473,0.048861,-0.005334
544068610.000,Miguel,recording,knock_twice_right,18,-0.064977,7.604475,6.088884,-0.034873,0.057039,0.011233
544068620.000,Miguel,recording,knock_twice_right,18,0.125349,7.641062,6.186617,-0.050283,0.073361,0.015629
544068630.000,Miguel,recording,knock_twice_right,18,0.307184,7.672050,6.366927,-0.053944,0.092972,0.004484
544068640.000,Miguel,recording,knock_twice_right,18,0.357075,7.648267,6.535549,-0.039093,0.113733,-0.020090
544068650.000,Miguel,recording,knock_twice_right,18,0.411037,7.571660,6.589500,-0.006170,0.141089,-0.049365
544068660.000,Miguel,recording,knock_twice_right,18,0.158712,7.497662,6.582518,0.039104,0.177041,-0.072893
544068670.000,Miguel,recording,knock_twice_right,18,-0.719647,7.392551,6.500402,0.090857,0.210880,-0.082537
544068680.000,Miguel,recording,knock_twice_right,18,-2.340511,7.387210,6.391078,0.137626,0.198353,-0.032945
544068690.000,Miguel,recording,knock_twice_right,18,-1.802904,7.548901,6.819144,0.174401,0.126991,0.111233
544068700.000,Miguel,recording,knock_twice_right,18,-1.289205,7.673643,6.363879,0.196484,0.060804,0.276114
544068710.000,Miguel,recording,knock_twice_right,18,0.096483,7.492811,6.302233,0.192559,0.017168,0.363362
544068720.000,Miguel,recording,knock_twice_right,18,0.951147,7.690260,6.162555,0.165928,-0.024180,0.349153
544068730.000,Miguel,recording,knock_twice_right,18,1.642800,7.893590,5.988709,0.123683,-0.039623,0.246391
544068740.000,Miguel,recording,knock_twice_right,18,1.749820,7.845238,5.762952,0.066185,-0.015414,0.084134
544068750.000,Miguel,recording,knock_twice_right,18,1.458754,7.739437,5.646118,-0.002733,0.023433,-0.086189
544068760.000,Miguel,recording,knock_twice_right,18,0.779477,7.683813,5.567008,-0.075029,0.047246,-0.221106
544068770.000,Miguel,recording,knock_twice_right,18,0.135049,7.519714,5.557827,-0.138660,0.051147,-0.301500
544068780.000,Miguel,recording,knock_twice_right,18,-0.492391,7.435893,5.566558,-0.181902,0.067575,-0.310340
544068790.000,Miguel,recording,knock_twice_right,18,-0.957450,7.499373,5.573363,-0.209446,0.093137,-0.243600
544068800.000,Miguel,recording,knock_twice_right,18,-1.031527,7.514772,5.642304,-0.234442,0.077339,-0.134656
544068810.000,Miguel,recording,knock_twice_right,18,-0.731942,7.507217,5.858666,-0.249483,0.014711,-0.031849
544068820.000,Miguel,recording,knock_twice_right,18,-0.373317,7.468187,6.093352,-0.238386,-0.059085,0.033837
544068830.000,Miguel,recording,knock_twice_right,18,-0.068698,7.455710,6.272641,-0.202911,-0.116932,0.057332
544068840.000,Miguel,recording,knock_twice_right,18,0.148320,7.457625,6.403113,-0.156883,-0.147409,0.051363
544068850.000,Miguel,recording,knock_twice_right,18,0.313965,7.403078,6.426702,-0.113053,-0.145546,0.029798
544068860.000,Miguel,recording,knock_twice_right,18,0.407115,7.393845,6.428993,-0.083087,-0.115900,0.000081
544068870.000,Miguel,recording,knock_twice_right,18,0.413211,7.442895,6.416151,-0.069008,-0.064904,-0.029881
544068880.000,Miguel,recording,knock_twice_right,18,0.450569,7.432965,6.460316,-0.058441,0.005392,-0.057114
544068890.000,Miguel,recording,knock_twice_right,18,0.405655,7.373791,6.530944,-0.039800,0.078829,-0.084979
544068900.000,Miguel,recording,knock_twice_right,18,0.199986,7.330185,6.639269,-0.005909,0.123088,-0.108617
544068910.000,Miguel,recording,knock_twice_right,18,-0.265240,7.317192,6.698733,0.048555,0.144445,-0.120293
544068920.000,Miguel,recording,knock_twice_right,18,-1.690758,7.106005,6.518619,0.114722,0.169273,-0.105557
544068930.000,Miguel,recording,knock_twice_right,18,-2.619299,7.198207,6.829259,0.174818,0.115497,-0.003857
544068940.000,Miguel,recording,knock_twice_right,18,-2.217592,7.472608,6.892160,0.223205,0.007176,0.192903
544068950.000,Miguel,recording,knock_twice_right,18,-1.536645,7.365400,6.617453,0.252680,-0.052303,0.384295
544068960.000,Miguel,recording,knock_twice_right,18,-0.162069,7.463015,6.458960,0.254068,-0.091030,0.494496
544068970.000,Miguel,recording,knock_twice_right,18,0.797889,7.626847,6.441140,0.234636,-0.126295,0.505092
544068980.000,Miguel,recording,knock_twice_right,18,1.643442,7.824727,6.232853,0.204231,-0.132488,0.417844
544068990.000,Miguel,recording,knock_twice_right,18,2.173646,7.944564,5.966623,0.156023,-0.097236,0.245942
544069000.000,Miguel,recording,knock_twice_right,18,2.045802,7.923362,5.663586,0.078243,-0.038334,0.021705
544069010.000,Miguel,recording,knock_twice_right,18,1.476570,7.859523,5.555945,-0.018174,0.021533,-0.184402
544069020.000,Miguel,recording,knock_twice_right,18,0.750789,7.721121,5.635510,-0.108252,0.066257,-0.319290
544069030.000,Miguel,recording,knock_twice_right,18,0.078498,7.595364,5.742432,-0.171821,0.101910,-0.379443
544069040.000,Miguel,recording,knock_twice_right,18,-0.509258,7.534508,5.776986,-0.202890,0.140820,-0.378025
544069050.000,Miguel,recording,knock_twice_right,18,-0.859280,7.466190,5.851154,-0.208725,0.163676,-0.322524
544069060.000,Miguel,recording,knock_twice_right,18,-1.189002,7.566971,6.065356,-0.195688,0.130016,-0.222425
544069070.000,Miguel,recording,knock_twice_right,18,-1.185394,7.593381,6.233708,-0.162328,0.037540,-0.106772
544069080.000,Miguel,recording,knock_twice_right,18,-0.910106,7.568344,6.452334,-0.105314,-0.069333,-0.004886
544069090.000,Miguel,recording,knock_twice_right,18,-0.490591,7.474402,6.530464,-0.033916,-0.149861,0.063990
544069100.000,Miguel,recording,knock_twice_right,18,-0.144399,7.431586,6.500646,0.032432,-0.195980,0.097524
544069110.000,Miguel,recording,knock_twice_right,18,0.101008,7.432342,6.413040,0.077947,-0.210963,0.105880
544069120.000,Miguel,recording,knock_twice_right,18,0.309620,7.407157,6.267792,0.095626,-0.195248,0.095719
544069130.000,Miguel,recording,knock_twice_right,18,0.391304,7.415230,6.061911,0.083918,-0.155824,0.071007
544069140.000,Miguel,recording,knock_twice_right,18,0.293422,7.480514,5.870434,0.043826,-0.108545,0.042032
544069150.000,Miguel,recording,knock_twice_right,18,0.110598,7.520716,5.724788,-0.019969,-0.063739,0.021734
544069160.000,Miguel,recording,knock_twice_right,18,-0.016049,7.530645,5.678873,-0.097074,-0.019932,0.014623
544069170.000,Miguel,recording,knock_twice_right,18,-0.025059,7.502967,5.763731,-0.169857,0.022824,0.017588
544069180.000,Miguel,recording,knock_twice_right,18,0.101364,7.463170,6.058681,-0.218363,0.059774,0.019849
544069190.000,Miguel,recording,knock_twice_right,18,0.160198,7.431980,6.282195,-0.234278,0.078964,0.008271
544069200.000,Miguel,recording,knock_twice_right,18,0.137698,7.435570,6.505217,-0.221643,0.071200,-0.014030
544069210.000,Miguel,recording,knock_twice_right,18,0.004387,7.482380,6.644952,-0.185494,0.046499,-0.032819
544069220.000,Miguel,recording,knock_twice_right,18,-0.118483,7.462127,6.696380,-0.134015,0.022773,-0.039610
544069230.000,Miguel,recording,knock_twice_right,18,-0.178271,7.417681,6.651143,-0.078240,0.004079,-0.032726
544069240.000,Miguel,recording,knock_twice_right,18,-0.164763,7.438372,6.612629,-0.027785,-0.015291,-0.017594
544069250.000,Miguel,recording,knock_twice_right,18,-0.069947,7.473117,6.529581,0.010017,-0.035189,-0.004680
544069260.000,Miguel,recording,knock_twice_right,18,0.014012,7.505866,6.436285,0.031905,-0.046242,0.000179
544069270.000,Miguel,recording,knock_twice_right,18,0.043077,7.520867,6.323148,0.037021,-0.043977,-0.001230
544069280.000,Miguel,recording,knock_twice_right,18,0.005939,7.529271,6.245504,0.029100,-0.034323,-0.004691
544069290.000,Miguel,recording,knock_twice_right,18,-0.008177,7.492461,6.206929,0.012878,-0.022655,-0.007788
544069300.000,Miguel,recording,knock_twice_right,18,0.007849,7.472321,6.201339,-0.010453,-0.012219,-0.011604
544069310.000,Miguel,recording,knock_twice_right,18,0.014173,7.455039,6.198132,-0.039000,-0.001371,-0.017083
544069320.000,Miguel,recording,knock_twice_right,18,-0.029015,7.456956,6.254096,-0.065200,0.014282,-0.021947
544069330.000,Miguel,recording,knock_twice_right,18,-0.080508,7.454262,6.365202,-0.078656,0.033603,-0.024418
544069340.000,Miguel,recording,knock_twice_right,18,-0.123721,7.447881,6.467549,-0.075191,0.050816,-0.026804
544069350.000,Miguel,recording,knock_twice_right,18,-0.138799,7.437026,6.507126,-0.057832,0.062308,-0.029032
544069360.000,Miguel,recording,knock_twice_right,18,-0.164728,7.412125,6.465489,-0.038260,0.062982,-0.027425
544069370.000,Miguel,recording,knock_twice_right,18,-0.207903,7.397589,6.388989,-0.024047,0.051028,-0.019737
544069380.000,Miguel,recording,knock_twice_right,18,-0.229013,7.384916,6.381626,-0.012669,0.032959,-0.008182
544069390.000,Miguel,recording,knock_twice_right,18,-0.195020,7.377237,6.345869,-0.005186,0.012435,0.002495
544069400.000,Miguel,recording,knock_twice_right,18,-0.119067,7.408817,6.300099,-0.004263,-0.009126,0.009602
544069410.000,Miguel,recording,knock_twice_right,18,-0.064838,7.430677,6.312513,-0.009819,-0.024246,0.012970
544069420.000,Miguel,recording,knock_twice_right,18,-0.050716,7.424662,6.339596,-0.016782,-0.023414,0.012481
544069430.000,Miguel,recording,knock_twice_right,18,-0.051453,7.403632,6.379484,-0.018835,-0.005505,0.009001
544069440.000,Miguel,recording,knock_twice_right,18,-0.048935,7.390066,6.386085,-0.013704,0.020027,0.004029
544069450.000,Miguel,recording,knock_twice_right,18,-0.052172,7.389198,6.364308,-0.004641,0.038812,0.000188
544069460.000,Miguel,recording,knock_twice_right,18,-0.067210,7.411693,6.303994,0.004827,0.041185,0.000120
544069470.000,Miguel,recording,knock_twice_right,18,-0.070994,7.406945,6.271094,0.015411,0.028322,0.002200
544069480.000,Miguel,recording,knock_twice_right,18,-0.073564,7.407284,6.247109,0.027890,0.005911,0.003189
544069490.000,Miguel,recording,knock_twice_right,19,-0.073852,7.444237,6.224690,0.037401,-0.024055,0.002906
544069500.000,Miguel,recording,knock_twice_right,19,-0.046869,7.466072,6.139485,0.033350,-0.056931,0.001787
544069510.000,Miguel,recording,knock_twice_right,19,-0.047075,7.488757,6.122280,0.011460,-0.078676,0.000470
544069520.000,Miguel,recording,knock_twice_right,19,-0.038955,7.482434,6.164595,-0.021474,-0.071177,0.000833
544069530.000,Miguel,recording,knock_twice_right,19,-0.050422,7.465315,6.233755,-0.055189,-0.032058,0.001313
544069540.000,Miguel,recording,knock_twice_right,19,-0.062215,7.453141,6.290878,-0.082896,0.019233,0.000510
544069550.000,Miguel,recording,knock_twice_right,19,-0.077715,7.471907,6.321257,-0.102271,0.061402,-0.000831
544069560.000,Miguel,recording,knock_twice_right,19,-0.107953,7.481988,6.346940,-0.114246,0.083979,-0.000873
544069570.000,Miguel,recording,knock_twice_right,19,-0.162411,7.475068,6.365072,-0.118531,0.084808,0.002344
544069580.000,Miguel,recording,knock_twice_right,19,-0.151630,7.437904,6.441402,-0.109636,0.063721,0.007962
544069590.000,Miguel,recording,knock_twice_right,19,-0.053999,7.425152,6.523618,-0.087512,0.028433,0.009922
544069600.000,Miguel,recording,knock_twice_right,19,0.055892,7.386085,6.547396,-0.062131,-0.011007,0.004372
544069610.000,Miguel,recording,knock_twice_right,19,0.100144,7.372167,6.547373,-0.043177,-0.043803,-0.005297
544069620.000,Miguel,recording,knock_twice_right,19,0.081421,7.373619,6.577346,-0.027633,-0.054868,-0.014558
544069630.000,Miguel,recording,knock_twice_right,19,0.039683,7.356776,6.651362,-0.006037,-0.041608,-0.023430
544069640.000,Miguel,recording,knock_twice_right,19,-0.021216,7.359585,6.671274,0.021005,-0.022094,-0.031538
544069650.000,Miguel,recording,knock_twice_right,19,-0.122618,7.405255,6.621475,0.047540,-0.013484,-0.034654
544069660.000,Miguel,recording,knock_twice_right,19,-0.186544,7.415810,6.497508,0.067217,-0.018074,-0.031733
544069670.000,Miguel,recording,knock_twice_right,19,-0.221261,7.416850,6.395689,0.077722,-0.029606,-0.024200
544069680.000,Miguel,recording,knock_twice_right,19,-0.235596,7.376533,6.305310,0.078182,-0.039801,-0.013118
544069690.000,Miguel,recording,knock_twice_right,19,-0.232918,7.352648,6.169831,0.064207,-0.044812,-0.000906
544069700.000,Miguel,recording,knock_twice_right,19,-0.182366,7.336498,6.081746,0.034657,-0.041374,0.007343
544069710.000,Miguel,recording,knock_twice_right,19,-0.153108,7.349274,6.052239,-0.007209,-0.025748,0.010106
544069720.000,Miguel,recording,knock_twice_right,19,-0.156819,7.371871,6.112384,-0.049638,0.000194,0.009629
544069730.000,Miguel,recording,knock_twice_right,19,-0.151804,7.373760,6.269170,-0.079539,0.027251,0.009815
544069740.000,Miguel,recording,knock_twice_right,19,-0.123541,7.344243,6.455343,-0.092640,0.044939,0.013127
544069750.000,Miguel,recording,knock_twice_right,19,-0.125336,7.337460,6.569232,-0.087785,0.049109,0.016155
544069760.000,Miguel,recording,knock_twice_right,19,-0.115869,7.352461,6.698815,-0.061715,0.039481,0.016886
544069770.000,Miguel,recording,knock_twice_right,19,-0.097095,7.381184,6.772809,-0.016008,0.014840,0.017294
544069780.000,Miguel,recording,knock_twice_right,19,-0.120129,7.391722,6.781042,0.039734,-0.020417,0.018314
544069790.000,Miguel,recording,knock_twice_right,19,-0.143456,7.372284,6.662237,0.092046,-0.056033,0.021159
544069800.000,Miguel,recording,knock_twice_right,19,-0.144893,7.339616,6.521441,0.127281,-0.084540,0.027284
544069810.000,Miguel,recording,knock_twice_right,19,-0.116667,7.380207,6.397728,0.141579,-0.097347,0.035946
544069820.000,Miguel,recording,knock_twice_right,19,-0.090500,7.377321,6.291261,0.138701,-0.085892,0.045716
544069830.000,Miguel,recording,knock_twice_right,19,-0.011832,7.391651,6.230655,0.121444,-0.053926,0.051685
544069840.000,Miguel,recording,knock_twice_right,19,0.041400,7.416787,6.172565,0.094160,-0.008136,0.050618
544069850.000,Miguel,recording,knock_twice_right,19,0.086137,7.475444,6.156184,0.062420,0.045954,0.045305
544069860.000,Miguel,recording,knock_twice_right,19,0.043082,7.484219,6.166750,0.028005,0.104068,0.040366
544069870.000,Miguel,recording,knock_twice_right,19,-0.045078,7.456502,6.207470,-0.008971,0.164934,0.043028
544069880.000,Miguel,recording,knock_twice_right,19,-0.058401,7.405337,6.259321,-0.045248,0.230631,0.055823
544069890.000,Miguel,recording,knock_twice_right,19,-0.016027,7.312956,6.425663,-0.071466,0.301771,0.073711
544069900.000,Miguel,recording,knock_twice_right,19,0.022502,7.240297,6.608380,-0.076560,0.364130,0.088593
544069910.000,Miguel,recording,knock_twice_right,19,0.128445,7.211984,6.778551,-0.055154,0.403871,0.088625
544069920.000,Miguel,recording,knock_twice_right,19,0.186331,7.291953,6.890758,-0.007801,0.415623,0.069950
544069930.000,Miguel,recording,knock_twice_right,19,0.167433,7.393462,6.972962,0.060398,0.394609,0.038076
544069940.000,Miguel,recording,knock_twice_right,19,0.117329,7.452185,7.022574,0.143281,0.346715,0.003655
544069950.000,Miguel,recording,knock_twice_right,19,-0.017253,7.455996,6.993324,0.233200,0.287804,-0.024917
544069960.000,Miguel,recording,knock_twice_right,19,-0.162541,7.563536,6.800341,0.317575,0.219531,-0.043261
544069970.000,Miguel,recording,knock_twice_right,19,-0.371039,7.706416,6.514029,0.384172,0.135743,-0.044888
544069980.000,Miguel,recording,knock_twice_right,19,-0.464801,7.761366,6.249126,0.424835,0.039633,-0.032441
544069990.000,Miguel,recording,knock_twice_right,19,-0.441448,7.660273,5.950396,0.436772,-0.057513,-0.016858
544070000.000,Miguel,recording,knock_twice_right,19,-0.407763,7.647194,5.749481,0.422473,-0.137228,-0.002073
544070010.000,Miguel,recording,knock_twice_right,19,-0.337957,7.669071,5.554295,0.383700,-0.190103,0.013052
544070020.000,Miguel,recording,knock_twice_right,19,-0.275986,7.680286,5.401930,0.320160,-0.212988,0.026446
544070030.000,Miguel,recording,knock_twice_right,19,-0.209358,7.704811,5.356767,0.238993,-0.198697,0.036654
544070040.000,Miguel,recording,knock_twice_right,19,-0.106872,7.682988,5.370725,0.150923,-0.148562,0.040219
544070050.000,Miguel,recording,knock_twice_right,19,-0.022972,7.664543,5.492410,0.063580,-0.079040,0.034810
544070060.000,Miguel,recording,knock_twice_right,19,0.036326,7.651933,5.570213,-0.016519,-0.009614,0.021294
544070070.000,Miguel,recording,knock_twice_right,19,0.030385,7.636334,5.644545,-0.084760,0.049633,0.002251
544070080.000,Miguel,recording,knock_twice_right,19,-0.027231,7.619334,5.701018,-0.136237,0.091498,-0.016845
544070090.000,Miguel,recording,knock_twice_right,19,-0.113347,7.605150,5.760840,-0.171625,0.105918,-0.031935
544070100.000,Miguel,recording,knock_twice_right,19,-0.164134,7.599226,5.811101,-0.195281,0.090920,-0.038922
544070110.000,Miguel,recording,knock_twice_right,19,-0.215979,7.588685,5.922855,-0.210874,0.061360,-0.037976
544070120.000,Miguel,recording,knock_twice_right,19,-0.211650,7.554175,6.070864,-0.217004,0.036753,-0.033973
544070130.000,Miguel,recording,knock_twice_right,19,-0.160878,7.494858,6.239439,-0.209557,0.028452,-0.030212
544070140.000,Miguel,recording,knock_twice_right,19,-0.125560,7.437986,6.351141,-0.187510,0.031865,-0.029911
544070150.000,Miguel,recording,knock_twice_right,19,-0.140908,7.380796,6.435463,-0.153309,0.033410,-0.031899
544070160.000,Miguel,recording,knock_twice_right,19,-0.195249,7.370254,6.471386,-0.112927,0.024770,-0.032334
544070170.000,Miguel,recording,knock_twice_right,19,-0.244024,7.399711,6.449616,-0.070814,0.002849,-0.028400
544070180.000,Miguel,recording,knock_twice_right,19,-0.245822,7.433795,6.374755,-0.031593,-0.033213,-0.019804
544070190.000,Miguel,recording,knock_twice_right,19,-0.237170,7.483763,6.301599,-0.000725,-0.080143,-0.009333
544070200.000,Miguel,recording,knock_twice_right,19,-0.204200,7.508841,6.200422,0.018586,-0.126603,-0.000252
544070210.000,Miguel,recording,knock_twice_right,19,-0.185436,7.530455,6.134541,0.026007,-0.160824,0.003502
544070220.000,Miguel,recording,knock_twice_right,19,-0.131174,7.521465,6.057274,0.024887,-0.182151,0.000964
544070230.000,Miguel,recording,knock_twice_right,19,-0.120174,7.540443,6.004942,0.018353,-0.197748,-0.005480
544070240.000,Miguel,recording,knock_twice_right,19,-0.128094,7.547300,5.983878,0.007286,-0.212247,-0.013568
544070250.000,Miguel,recording,knock_twice_right,19,-0.142684,7.560017,5.904440,-0.009619,-0.226217,-0.020460
544070260.000,Miguel,recording,knock_twice_right,19,-0.172847,7.544747,5.869778,-0.037734,-0.239285,-0.022346
544070270.000,Miguel,recording,knock_twice_right,19,-0.186745,7.547728,5.876159,-0.076326,-0.241497,-0.017418
544070280.000,Miguel,recording,knock_twice_right,19,-0.144014,7.533076,6.011216,-0.118181,-0.217772,-0.007175
544070290.000,Miguel,recording,knock_twice_right,19,-0.054956,7.528806,6.159356,-0.155323,-0.166753,0.002931
544070300.000,Miguel,recording,knock_twice_right,19,0.061554,7.507438,6.300535,-0.181502,-0.100054,0.007126
544070310.000,Miguel,recording,knock_twice_right,19,0.127763,7.494944,6.391745,-0.194921,-0.034822,0.000410
544070320.000,Miguel,recording,knock_twice_right,19,0.172063,7.484903,6.464039,-0.195901,0.014098,-0.018793
544070330.000,Miguel,recording,knock_twice_right,19,0.128597,7.477803,6.574035,-0.184262,0.043488,-0.042644
544070340.000,Miguel,recording,knock_twice_right,19,0.078635,7.484403,6.678513,-0.159053,0.055894,-0.064127
544070350.000,Miguel,recording,knock_twice_right,19,-0.056950,7.440096,6.729523,-0.122321,0.050021,-0.077992
544070360.000,Miguel,recording,knock_twice_right,19,-0.192075,7.428775,6.771121,-0.078279,0.026097,-0.080793
544070370.000,Miguel,recording,knock_twice_right,19,-0.296271,7.400139,6.761684,-0.031575,-0.010340,-0.072180
544070380.000,Miguel,recording,knock_twice_right,19,-0.330448,7.413107,6.726254,0.012686,-0.046619,-0.053592
544070390.000,Miguel,recording,knock_twice_right,19,-0.308331,7.428413,6.644190,0.050642,-0.074145,-0.032004
544070400.000,Miguel,recording,knock_twice_right,19,-0.259594,7.470407,6.547746,0.079052,-0.097124,-0.013549
544070410.000,Miguel,recording,knock_twice_right,19,-0.199820,7.501919,6.450204,0.095508,-0.114882,-0.000010
544070420.000,Miguel,recording,knock_twice_right,19,-0.181863,7.541148,6.412488,0.101686,-0.117092,0.010268
544070430.000,Miguel,recording,knock_twice_right,19,-0.148754,7.533622,6.387171,0.100601,-0.097766,0.019400
544070440.000,Miguel,recording,knock_twice_right,19,-0.113364,7.482600,6.362339,0.093053,-0.065412,0.026607
544070450.000,Miguel,recording,knock_twice_right,19,-0.081226,7.470515,6.323272,0.082664,-0.035672,0.028671
544070460.000,Miguel,recording,knock_twice_right,19,-0.095035,7.480746,6.316315,0.073808,-0.015543,0.028434
544070470.000,Miguel,recording,knock_twice_right,19,-0.122737,7.516031,6.291770,0.065930,-0.002758,0.031265
544070480.000,Miguel,recording,knock_twice_right,19,-0.108025,7.538810,6.294366,0.057677,0.008489,0.036694
544070490.000,Miguel,recording,knock_twice_right,19,-0.091230,7.563345,6.300376,0.049269,0.023442,0.041229
544070500.000,Miguel,recording,knock_twice_right,19,-0.103479,7.563481,6.326604,0.040971,0.046126,0.046615
544070510.000,Miguel,recording,knock_twice_right,19,-0.112444,7.575248,6.328279,0.033250,0.074401,0.055089
544070520.000,Miguel,recording,knock_twice_right,19,-0.086297,7.588672,6.313730,0.024854,0.098408,0.062455
544070530.000,Miguel,recording,knock_twice_right,19,-0.048120,7.603651,6.327984,0.017750,0.113454,0.064778
544070540.000,Miguel,recording,knock_twice_right,19,0.031195,7.567132,6.347695,0.016794,0.118643,0.059926
544070550.000,Miguel,recording,knock_twice_right,19,0.061731,7.505050,6.349859,0.023176,0.111116,0.048630
544070560.000,Miguel,recording,knock_twice_right,19,0.071354,7.480526,6.335784,0.034555,0.089998,0.033985
544070570.000,Miguel,recording,knock_twice_right,19,0.045149,7.452649,6.300148,0.047766,0.061293,0.018644
544070580.000,Miguel,recording,knock_twice_right,19,0.029399,7.448961,6.302202,0.062740,0.036060,0.005523
544070590.000,Miguel,recording,knock_twice_right,19,-0.015367,7.457530,6.314873,0.082180,0.021035,-0.003542
544070600.000,Miguel,recording,knock_twice_right,19,-0.037631,7.469482,6.267150,0.104259,0.010225,-0.010641
544070610.000,Miguel,recording,knock_twice_right,19,-0.065896,7.462591,6.209193,0.121821,-0.004666,-0.016230
544070620.000,Miguel,recording,knock_twice_right,19,-0.088271,7.488601,6.148632,0.131251,-0.021590,-0.018898
544070630.000,Miguel,recording,knock_twice_right,19,-0.092036,7.484963,6.114100,0.132872,-0.030928,-0.019531
544070640.000,Miguel,recording,knock_twice_right,19,-0.082654,7.496239,6.108527,0.128073,-0.028008,-0.020219
544070650.000,Miguel,recording,knock_twice_right,19,-0.104453,7.473745,6.078511,0.118578,-0.019337,-0.021336
544070660.000,Miguel,recording,knock_twice_right,19,-0.157953,7.510611,6.059263,0.106041,-0.014185,-0.021933
544070670.000,Miguel,recording,knock_twice_right,19,-0.198403,7.540570,5.990554,0.092994,-0.016806,-0.020843
544070680.000,Miguel,recording,knock_twice_right,19,-0.271178,7.562463,5.957400,0.078725,-0.026776,-0.015173
544070690.000,Miguel,recording,knock_twice_right,19,-0.278996,7.577005,5.906688,0.060195,-0.038474,-0.003616
544070700.000,Miguel,recording,knock_twice_right,19,-0.252300,7.569679,5.893004,0.038539,-0.042677,0.011421
544070710.000,Miguel,recording,knock_twice_right,19,-0.186949,7.582571,5.945872,0.017879,-0.037360,0.023822
544070720.000,Miguel,recording,knock_twice_right,19,-0.103642,7.603237,5.970594,-0.001412,-0.029780,0.030183
544070730.000,Miguel,recording,knock_twice_right,19,-0.054625,7.617156,5.971934,-0.025388,-0.022759,0.031044
544070740.000,Miguel,recording,knock_twice_right,19,-0.009255,7.606440,6.015425,-0.051721,-0.009669,0.027610
544070750.000,Miguel,recording,knock_twice_right,19,-0.015463,7.617456,6.055048,-0.073664,0.011247,0.022421
544070760.000,Miguel,recording,knock_twice_right,19,-0.014107,7.600628,6.065370,-0.091217,0.029797,0.016819
544070770.000,Miguel,recording,knock_twice_right,19,-0.008080,7.542332,6.142949,-0.103518,0.037903,0.012322
544070780.000,Miguel,recording,knock_twice_right,19,-0.026743,7.540621,6.188242,-0.107250,0.038799,0.008395
544070790.000,Miguel,recording,knock_twice_right,19,-0.056743,7.551581,6.233893,-0.101070,0.036633,0.005750
544070800.000,Miguel,recording,knock_twice_right,19,-0.083467,7.566452,6.251293,-0.087688,0.029695,0.006108
544070810.000,Miguel,recording,knock_twice_right,19,-0.093144,7.570741,6.265506,-0.073059,0.017949,0.008806
544070820.000,Miguel,recording,knock_twice_right,19,-0.063060,7.553874,6.251020,-0.062807,0.005969,0.013602
544070830.000,Miguel,recording,knock_twice_right,19,-0.032795,7.557053,6.240264,-0.057748,-0.002012,0.016926
544070840.000,Miguel,recording,knock_twice_right,19,-0.028081,7.564501,6.268918,-0.054602,-0.003539,0.017678
544070850.000,Miguel,recording,knock_twice_right,19,0.001888,7.577587,6.309095,-0.050337,-0.000200,0.018476
544070860.000,Miguel,recording,knock_twice_right,19,0.055045,7.548192,6.324825,-0.046268,0.006634,0.016468
544070870.000,Miguel,recording,knock_twice_right,19,0.095021,7.526519,6.355917,-0.041188,0.018664,0.010082
544070880.000,Miguel,recording,knock_twice_right,19,0.073617,7.526457,6.384068,-0.032552,0.033975,0.003074
544070890.000,Miguel,recording,knock_twice_right,19,-0.013965,7.541215,6.399026,-0.019181,0.045978,-0.000946
544070900.000,Miguel,recording,knock_twice_right,19,-0.069519,7.536635,6.364373,-0.001208,0.046972,-0.002181
544070910.000,Miguel,recording,knock_twice_right,19,-0.118733,7.523019,6.325336,0.015958,0.035728,-0.002613
544070920.000,Miguel,recording,knock_twice_right,19,-0.166206,7.514930,6.243552,0.027609,0.018902,0.001518
544070930.000,Miguel,recording,knock_twice_right,19,-0.197277,7.533961,6.203817,0.030107,0.004422,0.012653
544070940.000,Miguel,recording,knock_twice_right,19,-0.134788,7.562299,6.224859,0.024722,-0.000791,0.025561
544070950.000,Miguel,recording,knock_twice_right,19,-0.047298,7.540156,6.254230,0.017405,0.006114,0.032604
544070960.000,Miguel,recording,knock_twice_right,19,0.051604,7.549353,6.242365,0.010379,0.022213,0.028687
544070970.000,Miguel,recording,knock_twice_right,19,0.097537,7.546121,6.245841,0.004248,0.036006,0.015477
544070980.000,Miguel,recording,knock_twice_right,19,0.073199,7.565266,6.266553,0.001680,0.039538,-0.000981
544070990.000,Miguel,recording,knock_twice_right,19,0.009565,7.543156,6.290988,0.004949,0.035129,-0.016517
544071000.000,Miguel,recording,knock_twice_right,19,-0.040964,7.509108,6.282036,0.013192,0.027044,-0.026474
544071010.000,Miguel,recording,knock_twice_right,19,-0.119420,7.489426,6.301733,0.024876,0.018964,-0.028521
544071020.000,Miguel,recording,knock_twice_right,19,-0.151721,7.500900,6.273117,0.037881,0.010573,-0.023929
544071030.000,Miguel,recording,knock_twice_right,19,-0.168175,7.534487,6.253441,0.048514,0.002424,-0.016661
544071040.000,Miguel,recording,knock_twice_right,19,-0.177279,7.535613,6.229170,0.056396,-0.002475,-0.009608
544071050.000,Miguel,recording,knock_twice_right,19,-0.154782,7.558656,6.205115,0.061492,-0.005498,-0.002925
544071060.000,Miguel,recording,knock_twice_right,19,-0.111408,7.540204,6.154696,0.062207,-0.011694,0.002022
544071070.000,Miguel,recording,knock_twice_right,19,-0.073105,7.537542,6.133287,0.058947,-0.022533,0.004172
544071080.000,Miguel,recording,knock_twice_right,19,-0.042180,7.500845,6.086892,0.052300,-0.031673,0.001359
544071090.000,Miguel,recording,knock_twice_right,19,-0.042396,7.495559,6.107861,0.044790,-0.033567,-0.004229
544071100.000,Miguel,recording,knock_twice_right,19,-0.060394,7.474444,6.121486,0.037705,-0.027958,-0.009255
544071110.000,Miguel,recording,knock_twice_right,19,-0.088290,7.479217,6.111635,0.029893,-0.015578,-0.011375
544071120.000,Miguel,recording,knock_twice_right,19,-0.133746,7.479662,6.125056,0.022807,0.002410,-0.008048
544071130.000,Miguel,recording,knock_twice_right,19,-0.152126,7.479914,6.144664,0.018697,0.021902,-0.000815
544071140.000,Miguel,recording,knock_twice_right,19,-0.123865,7.473705,6.115768,0.017747,0.036703,0.007251
544071150.000,Miguel,recording,knock_twice_right,19,-0.114592,7.505859,6.102560,0.020004,0.039093,0.014704
544071160.000,Miguel,recording,knock_twice_right,19,-0.096570,7.522528,6.081770,0.023721,0.028818,0.022095
544071170.000,Miguel,recording,knock_twice_right,19,-0.044081,7.532894,6.088655,0.026154,0.014428,0.028036
544071180.000,Miguel,recording,knock_twice_right,19,0.018523,7.525102,6.081490,0.026392,0.001146,0.026746
544071190.000,Miguel,recording,knock_twice_right,19,0.072170,7.536813,6.057216,0.024487,-0.009318,0.015928
544071200.000,Miguel,recording,knock_twice_right,19,0.019776,7.559385,6.073555,0.017933,-0.016618,0.002665
544071210.000,Miguel,recording,knock_twice_right,19,-0.019785,7.568520,6.086213,0.007983,-0.017948,-0.007110
544071220.000,Miguel,recording,knock_twice_right,19,-0.055526,7.559825,6.102282,-0.002059,-0.010968,-0.013410
544071230.000,Miguel,recording,knock_twice_right,19,-0.093732,7.564074,6.115193,-0.011732,-0.002140,-0.015571
544071240.000,Miguel,recording,knock_twice_right,19,-0.125701,7.572517,6.121885,-0.019299,0.001411,-0.014420
544071250.000,Miguel,recording,knock_twice_right,19,-0.136648,7.591358,6.122983,-0.025333,0.001104,-0.012563
544071260.000,Miguel,recording,knock_twice_right,19,-0.156036,7.636925,6.130670,-0.030969,-0.001477,-0.009451
544071270.000,Miguel,recording,knock_twice_right,19,-0.162191,7.640334,6.190108,-0.034577,-0.004036,-0.003658
544071280.000,Miguel,recording,knock_twice_right,19,-0.153539,7.606750,6.276759,-0.033970,-0.003219,0.003333
544071290.000,Miguel,recording,knock_twice_right,19,-0.134809,7.559108,6.347392,-0.027402,-0.000070,0.008846
544071300.000,Miguel,recording,knock_twice_right,19,-0.109540,7.540121,6.364235,-0.015800,0.001467,0.013162
544071310.000,Miguel,recording,knock_twice_right,19,-0.068778,7.530711,6.371291,-0.003491,-0.001993,0.016831
544071320.000,Miguel,recording,knock_twice_right,19,-0.013072,7.529498,6.320693,0.007826,-0.007100,0.015071
544071330.000,Miguel,recording,knock_twice_right,19,0.024222,7.529144,6.277333,0.017997,-0.011362,0.006238
544071340.000,Miguel,recording,knock_twice_right,19,-0.005656,7.546968,6.232034,0.023186,-0.016513,-0.006213
544071350.000,Miguel,recording,knock_twice_right,19,-0.058952,7.567133,6.172060,0.020622,-0.020716,-0.017762
544071360.000,Miguel,recording,knock_twice_right,19,-0.106456,7.554047,6.141152,0.012365,-0.018460,-0.022879
544071370.000,Miguel,recording,knock_twice_right,19,-0.156786,7.514877,6.149532,0.002710,-0.006312,-0.019875
544071380.000,Miguel,recording,knock_twice_right,19,-0.181504,7.464623,6.156285,-0.003925,0.013111,-0.012145
544071390.000,Miguel,recording,knock_twice_right,19,-0.181729,7.457379,6.207761,-0.005424,0.032631,-0.003226
544071400.000,Miguel,recording,knock_twice_right,19,-0.159464,7.472256,6.198601,-0.002200,0.044574,0.004184
544071410.000,Miguel,recording,knock_twice_right,19,-0.103511,7.529841,6.128567,0.002454,0.045320,0.006431
544071420.000,Miguel,recording,knock_twice_right,19,-0.081374,7.575671,6.056838,0.003725,0.039202,0.004626
544071430.000,Miguel,recording,knock_twice_right,19,-0.047386,7.550456,6.002445,0.000238,0.032500,0.001570
544071440.000,Miguel,recording,knock_twice_right,19,-0.034887,7.533729,5.974907,-0.008225,0.025093,-0.002745
544071450.000,Miguel,recording,knock_twice_right,19,-0.021838,7.512732,5.961581,-0.022214,0.018816,-0.008774
544071460.000,Miguel,recording,knock_twice_right,19,-0.053088,7.512765,5.976689,-0.038549,0.019021,-0.015817
544071470.000,Miguel,recording,knock_twice_right,19,-0.095301,7.522702,6.000382,-0.053741,0.025150,-0.020397
544071480.000,Miguel,recording,knock_twice_right,19,-0.112467,7.517659,6.041085,-0.066958,0.030832,-0.019958
544071490.000,Miguel,recording,knock_twice_right,19,-0.132938,7.474476,6.086446,-0.077642,0.035212,-0.015859
544071500.000,Miguel,recording,knock_twice_right,19,-0.145990,7.471363,6.134523,-0.082859,0.038855,-0.011077
544071510.000,Miguel,recording,knock_twice_right,19,-0.184798,7.483407,6.207056,-0.079070,0.036423,-0.006295
544071520.000,Miguel,recording,knock_twice_right,19,-0.181362,7.513597,6.241010,-0.067624,0.024401,-0.001516
544071530.000,Miguel,recording,knock_twice_right,19,-0.172982,7.534309,6.231415,-0.053131,0.004358,0.003140
544071540.000,Miguel,recording,knock_twice_right,19,-0.163138,7.553693,6.189094,-0.041238,-0.018359,0.007087
544071550.000,Miguel,recording,knock_twice_right,19,-0.147857,7.535440,6.151578,-0.037183,-0.037570,0.010062
544071560.000,Miguel,recording,knock_twice_right,19,-0.112699,7.519735,6.153052,-0.042155,-0.043444,0.012991
544071570.000,Miguel,recording,knock_twice_right,19,-0.051320,7.487807,6.180619,-0.055366,-0.029840,0.014210
544071580.000,Miguel,recording,knock_twice_right,19,0.020301,7.486641,6.214653,-0.073413,-0.003795,0.009668
544071590.000,Miguel,recording,knock_twice_right,19,-0.001958,7.515618,6.262304,-0.089768,0.023259,-0.001036
544071600.000,Miguel,recording,knock_twice_right,19,-0.059276,7.539998,6.298515,-0.099433,0.043696,-0.012147
544071610.000,Miguel,recording,knock_twice_right,19,-0.109158,7.501051,6.338307,-0.100712,0.052079,-0.019081
544071620.000,Miguel,recording,knock_twice_right,19,-0.151341,7.484894,6.349240,-0.094545,0.044801,-0.020436
544071630.000,Miguel,recording,knock_twice_right,19,-0.159455,7.484837,6.361143,-0.081609,0.026033,-0.016900
544071640.000,Miguel,recording,knock_twice_right,19,-0.166948,7.470577,6.361836,-0.063253,0.005145,-0.010273
544071650.000,Miguel,recording,knock_twice_right,19,-0.108321,7.462226,6.376033,-0.043944,-0.009464,-0.003682
544071660.000,Miguel,recording,knock_twice_right,19,-0.061552,7.462978,6.362252,-0.026412,-0.014752,-0.000397
544071670.000,Miguel,recording,knock_twice_right,19,0.026381,7.486702,6.340278,-0.011273,-0.014355,-0.003665
544071680.000,Miguel,recording,knock_twice_right,19,0.079740,7.549953,6.286418,-0.003434,-0.007711,-0.013442
544071690.000,Miguel,recording,knock_twice_right,19,0.182146,7.585813,6.260795,-0.003774,0.014407,-0.028038
544071700.000,Miguel,recording,knock_twice_right,19,0.216979,7.548589,6.279944,-0.007413,0.052706,-0.050293
544071710.000,Miguel,recording,knock_twice_right,19,0.219656,7.536102,6.361360,-0.009188,0.093688,-0.077395
544071720.000,Miguel,recording,knock_twice_right,19,0.225759,7.465044,6.497612,0.000319,0.131385,-0.103659
544071730.000,Miguel,recording,knock_twice_right,19,0.072669,7.240591,6.377978,0.022624,0.159428,-0.126118
544071740.000,Miguel,recording,knock_twice_right,19,-0.268020,7.286427,6.181426,0.044099,0.153315,-0.132606
544071750.000,Miguel,recording,knock_twice_right,19,-0.836563,7.447288,6.018801,0.053562,0.095042,-0.113384
544071760.000,Miguel,recording,knock_twice_right,19,-1.883727,7.490886,5.919769,0.051635,0.004666,-0.059223
544071770.000,Miguel,recording,knock_twice_right,19,-1.641993,7.698329,6.126167,0.029908,-0.088824,0.054236
544071780.000,Miguel,recording,knock_twice_right,19,-0.569072,7.728941,6.080790,-0.017012,-0.123522,0.177695
544071790.000,Miguel,recording,knock_twice_right,19,0.230062,7.378466,5.854842,-0.079721,-0.072134,0.221098
544071800.000,Miguel,recording,knock_twice_right,19,0.955752,7.509370,5.951827,-0.148581,-0.007536,0.179671
544071810.000,Miguel,recording,knock_twice_right,19,1.073770,7.563594,6.073055,-0.208077,0.027790,0.086202
544071820.000,Miguel,recording,knock_twice_right,19,0.917109,7.489280,6.249011,-0.241328,0.039106,-0.033342
544071830.000,Miguel,recording,knock_twice_right,19,0.508583,7.281272,6.496853,-0.237214,0.049351,-0.141647
544071840.000,Miguel,recording,knock_twice_right,19,-0.047546,7.266229,6.510003,-0.202694,0.072792,-0.200872
544071850.000,Miguel,recording,knock_twice_right,19,-0.428350,7.303426,6.374869,-0.166125,0.073263,-0.200638
544071860.000,Miguel,recording,knock_twice_right,19,-0.710305,7.448231,6.343430,-0.144023,0.022813,-0.155596
544071870.000,Miguel,recording,knock_twice_right,19,-0.767071,7.523728,6.482720,-0.127309,-0.056326,-0.091413
544071880.000,Miguel,recording,knock_twice_right,19,-0.607721,7.502390,6.615520,-0.102090,-0.123284,-0.033380
544071890.000,Miguel,recording,knock_twice_right,19,-0.333898,7.410057,6.741705,-0.066414,-0.150220,0.004865
544071900.000,Miguel,recording,knock_twice_right,19,-0.059904,7.348582,6.817543,-0.029339,-0.132138,0.017387
544071910.000,Miguel,recording,knock_twice_right,19,0.127567,7.284794,6.769793,0.003532,-0.080277,0.006300
544071920.000,Miguel,recording,knock_twice_right,19,0.189069,7.301731,6.694749,0.028005,-0.017667,-0.018807
544071930.000,Miguel,recording,knock_twice_right,19,0.127375,7.391170,6.610492,0.042406,0.032819,-0.046808
544071940.000,Miguel,recording,knock_twice_right,19,-0.019985,7.435931,6.594819,0.053778,0.063921,-0.066477
544071950.000,Miguel,recording,knock_twice_right,19,-0.085351,7.376702,6.575757,0.069991,0.081201,-0.076241
544071960.000,Miguel,recording,knock_twice_right,19,-0.295240,7.230191,6.470112,0.094299,0.080825,-0.083490
544071970.000,Miguel,recording,knock_twice_right,19,-1.135059,7.233930,6.375906,0.123795,0.059537,-0.083145
544071980.000,Miguel,recording,knock_twice_right,19,-2.151375,7.375694,6.361925,0.140261,0.003513,-0.022792
544071990.000,Miguel,recording,knock_twice_right,19,-1.383896,7.574437,6.545316,0.132295,-0.053542,0.112212
544072000.000,Miguel,recording,knock_twice_right,19,-0.939946,7.356331,6.211427,0.108956,-0.056251,0.232235
544072010.000,Miguel,recording,knock_twice_right,19,0.204618,7.245056,6.202739,0.076699,-0.033148,0.273710
544072020.000,Miguel,recording,knock_twice_right,19,0.599581,7.383755,6.167136,0.040192,-0.027738,0.242789
544072030.000,Miguel,recording,knock_twice_right,19,1.016519,7.494252,6.233268,0.006837,-0.029823,0.157918
544072040.000,Miguel,recording,knock_twice_right,19,1.075249,7.463091,6.167954,-0.021990,-0.013787,0.039284
544072050.000,Miguel,recording,knock_twice_right,19,0.825444,7.341029,6.173899,-0.047492,0.003570,-0.083574
544072060.000,Miguel,recording,knock_twice_right,19,0.286301,7.259121,6.344093,-0.058014,0.006593,-0.173809
544072070.000,Miguel,recording,knock_twice_right,19,-0.301168,7.321000,6.398801,-0.041413,0.017010,-0.208816
544072080.000,Miguel,recording,knock_twice_right,19,-0.745093,7.405580,6.248402,-0.014605,0.023807,-0.189853
544072090.000,Miguel,recording,knock_twice_right,19,-1.002698,7.510181,6.094465,-0.003374,-0.011028,-0.128748
544072100.000,Miguel,recording,knock_twice_right,19,-0.988418,7.541463,6.080381,-0.007516,-0.075568,-0.046047
544072110.000,Miguel,recording,knock_twice_right,19,-0.755041,7.495988,6.173672,-0.013871,-0.127835,0.028701
544072120.000,Miguel,recording,knock_twice_right,19,-0.407684,7.380457,6.238923,-0.018092,-0.147124,0.078186
544072130.000,Miguel,recording,knock_twice_right,19,-0.157835,7.373655,6.311819,-0.022343,-0.136833,0.103294
544072140.000,Miguel,recording,knock_twice_right,19,0.039038,7.379164,6.388493,-0.029555,-0.105889,0.107705
544072150.000,Miguel,recording,knock_twice_right,19,0.221612,7.394905,6.450019,-0.037786,-0.062499,0.093842
544072160.000,Miguel,recording,knock_twice_right,19,0.280882,7.404864,6.488399,-0.042834,-0.014370,0.069125
544072170.000,Miguel,recording,knock_twice_right,19,0.273999,7.413643,6.518243,-0.043792,0.027923,0.041045
544072180.000,Miguel,recording,knock_twice_right,19,0.173196,7.421561,6.472130,-0.040789,0.051427,0.014281
544072190.000,Miguel,recording,knock_twice_right,19,0.026119,7.429573,6.434833,-0.034866,0.047422,-0.004070
544072200.000,Miguel,recording,knock_twice_right,19,-0.119198,7.472480,6.423312,-0.025874,0.020058,-0.010841
544072210.000,Miguel,recording,knock_twice_right,19,-0.161967,7.488772,6.458090,-0.012480,-0.011729,-0.009875
544072220.000,Miguel,recording,knock_twice_right,19,-0.145114,7.441220,6.470810,0.004923,-0.030259,-0.006469
544072230.000,Miguel,recording,knock_twice_right,19,-0.148314,7.440655,6.420973,0.021202,-0.037174,-0.004205
544072240.000,Miguel,recording,knock_twice_right,19,-0.163504,7.526632,6.381469,0.030229,-0.046199,-0.002123
544072250.000,Miguel,recording,knock_twice_right,19,-0.177629,7.580359,6.390683,0.029834,-0.058862,0.001836
544072260.000,Miguel,recording,knock_twice_right,19,-0.124051,7.540789,6.424489,0.024536,-0.059475,0.004383
544072270.000,Miguel,recording,knock_twice_right,19,-0.102864,7.498581,6.429161,0.018378,-0.042812,0.004174
544072280.000,Miguel,recording,knock_twice_right,19,-0.121273,7.488977,6.414555,0.012812,-0.024941,0.006008
544072290.000,Miguel,recording,knock_twice_right,19,-0.140858,7.517989,6.418096,0.009689,-0.018767,0.009702
544072300.000,Miguel,recording,knock_twice_right,19,-0.074241,7.501718,6.427710,0.009541,-0.021510,0.010740
544072310.000,Miguel,recording,knock_twice_right,19,0.020701,7.434830,6.396570,0.011091,-0.023645,0.005110
544072320.000,Miguel,recording,knock_twice_right,19,0.011911,7.407919,6.350722,0.012092,-0.021779,-0.005628
544072330.000,Miguel,recording,knock_twice_right,19,-0.056339,7.406580,6.333907,0.013068,-0.019866,-0.014559
544072340.000,Miguel,recording,knock_twice_right,19,-0.136555,7.422561,6.302118,0.013259,-0.022904,-0.018743
544072350.000,Miguel,recording,knock_twice_right,19,-0.152386,7.431639,6.291606,0.010472,-0.027708,-0.019006
544072360.000,Miguel,recording,knock_twice_right,19,-0.146720,7.403468,6.280876,0.005033,-0.023854,-0.017309
544072370.000,Miguel,recording,knock_twice_right,19,-0.148629,7.363505,6.260128,-0.000560,-0.011153,-0.016379
544072380.000,Miguel,recording,knock_twice_right,19,-0.145660,7.358085,6.295094,-0.004178,-0.000819,-0.014283
544072390.000,Miguel,recording,knock_twice_right,19,-0.132091,7.366863,6.345923,-0.006022,-0.001006,-0.010622
544072400.000,Miguel,recording,knock_twice_right,19,-0.084571,7.345222,6.374949,-0.006889,-0.004964,-0.011232
544072410.000,Miguel,recording,knock_twice_right,19,-0.098520,7.306577,6.411211,-0.004155,-0.002182,-0.015147
544072420.000,Miguel,recording,knock_twice_right,19,-0.158701,7.311290,6.410630,0.004174,0.003166,-0.016535
544072430.000,Miguel,recording,knock_twice_right,19,-0.215267,7.307162,6.386800,0.015851,0.001690,-0.014231
544072440.000,Miguel,recording,knock_twice_right,19,-0.249406,7.374003,6.351295,0.027348,-0.008988,-0.008817
544072450.000,Miguel,recording,knock_twice_right,19,-0.198192,7.396848,6.296959,0.035172,-0.021540,-0.002509
544072460.000,Miguel,recording,knock_twice_right,19,-0.170879,7.345503,6.254933,0.034553,-0.025393,0.001185
544072470.000,Miguel,recording,knock_twice_right,19,-0.150815,7.353240,6.205487,0.024603,-0.022188,0.003960
544072480.000,Miguel,recording,knock_twice_right,19,-0.175865,7.417888,6.211836,0.009240,-0.019252,0.009426
544072490.000,Miguel,recording,knock_twice_right,19,-0.138089,7.451192,6.190105,-0.011233,-0.018309,0.016093
544072500.000,Miguel,recording,knock_twice_right,19,-0.093219,7.420094,6.202564,-0.034362,-0.013804,0.018542
544072510.000,Miguel,recording,knock_twice_right,20,-0.065210,7.401119,6.241614,-0.052697,-0.002472,0.017161
544072520.000,Miguel,recording,knock_twice_right,20,-0.090802,7.417028,6.335506,-0.061023,0.009747,0.016570
544072530.000,Miguel,recording,knock_twice_right,20,-0.083213,7.447452,6.398927,-0.059017,0.019252,0.017248
544072540.000,Miguel,recording,knock_twice_right,20,-0.027064,7.446025,6.409441,-0.051663,0.024292,0.015913
544072550.000,Miguel,recording,knock_twice_right,20,-0.005502,7.437502,6.371895,-0.044058,0.022014,0.009261
544072560.000,Miguel,recording,knock_twice_right,20,-0.038155,7.497287,6.396313,-0.036742,0.011996,0.001078
544072570.000,Miguel,recording,knock_twice_right,20,-0.048632,7.508432,6.415314,-0.028970,-0.005410,-0.002385
544072580.000,Miguel,recording,knock_twice_right,20,-0.002849,7.492855,6.417932,-0.021098,-0.026737,-0.004446
544072590.000,Miguel,recording,knock_twice_right,20,0.030255,7.441788,6.430907,-0.014629,-0.043831,-0.011711
544072600.000,Miguel,recording,knock_twice_right,20,0.008202,7.475403,6.445178,-0.007907,-0.050167,-0.020804
544072610.000,Miguel,recording,knock_twice_right,20,-0.048131,7.497438,6.452396,-0.000454,-0.045111,-0.026848
544072620.000,Miguel,recording,knock_twice_right,20,-0.078077,7.498524,6.421532,0.003828,-0.035691,-0.031003
544072630.000,Miguel,recording,knock_twice_right,20,-0.111202,7.477990,6.412413,0.004106,-0.027031,-0.034385
544072640.000,Miguel,recording,knock_twice_right,20,-0.176366,7.474446,6.430024,0.003396,-0.020118,-0.034431
544072650.000,Miguel,recording,knock_twice_right,20,-0.198300,7.501723,6.472428,0.002849,-0.015041,-0.030099
544072660.000,Miguel,recording,knock_twice_right,20,-0.198720,7.459842,6.490351,0.002559,-0.007374,-0.024982
544072670.000,Miguel,recording,knock_twice_right,20,-0.168156,7.427392,6.508830,0.002130,0.000964,-0.023535
544072680.000,Miguel,recording,knock_twice_right,20,-0.173262,7.443141,6.510598,0.002637,0.002623,-0.026472
544072690.000,Miguel,recording,knock_twice_right,20,-0.158992,7.465469,6.566581,0.009278,-0.002355,-0.031516
544072700.000,Miguel,recording,knock_twice_right,20,-0.214489,7.405899,6.610550,0.026457,-0.011851,-0.037438
544072710.000,Miguel,recording,knock_twice_right,20,-0.269078,7.396163,6.692080,0.057457,-0.026426,-0.041947
544072720.000,Miguel,recording,knock_twice_right,20,-0.361493,7.435699,6.674070,0.099273,-0.049628,-0.041291
544072730.000,Miguel,recording,knock_twice_right,20,-0.416115,7.502964,6.574218,0.142348,-0.089778,-0.032268
544072740.000,Miguel,recording,knock_twice_right,20,-0.363509,7.574817,6.504807,0.179922,-0.148069,-0.017534
544072750.000,Miguel,recording,knock_twice_right,20,-0.145749,7.622116,6.360532,0.208112,-0.211561,-0.011664
544072760.000,Miguel,recording,knock_twice_right,20,0.187369,7.582069,6.042190,0.216456,-0.276491,-0.033777
544072770.000,Miguel,recording,knock_twice_right,20,0.533673,7.520387,5.586426,0.181657,-0.353026,-0.096609
544072780.000,Miguel,recording,knock_twice_right,20,0.737478,7.450165,5.218942,0.086200,-0.434685,-0.196767
544072790.000,Miguel,recording,knock_twice_right,20,0.692582,7.400609,5.073886,-0.058214,-0.477340,-0.309851
544072800.000,Miguel,recording,knock_twice_right,20,0.429331,7.310265,5.122353,-0.228181,-0.432960,-0.405777
544072810.000,Miguel,recording,knock_twice_right,20,0.070779,7.148208,5.065436,-0.415401,-0.281586,-0.471875
544072820.000,Miguel,recording,knock_twice_right,20,-0.347298,7.119378,4.694245,-0.632532,-0.024408,-0.507339
544072830.000,Miguel,recording,knock_twice_right,20,-0.620449,7.476082,4.161787,-0.890489,0.325300,-0.511098
544072840.000,Miguel,recording,knock_twice_right,20,-0.551230,7.570152,4.130138,-1.165541,0.721450,-0.500177
544072850.000,Miguel,recording,knock_twice_right,20,-0.278808,7.205547,4.639821,-1.415326,1.035368,-0.499463
544072860.000,Miguel,recording,knock_twice_right,20,-0.351024,7.082334,5.493286,-1.604648,1.111726,-0.499751
544072870.000,Miguel,recording,knock_twice_right,20,-0.498868,6.906264,6.396743,-1.683156,0.918539,-0.489813
544072880.000,Miguel,recording,knock_twice_right,20,-0.657613,6.798100,7.232957,-1.605826,0.540130,-0.489306
544072890.000,Miguel,recording,knock_twice_right,20,-0.654049,6.724811,7.764519,-1.390036,0.073330,-0.511307
544072900.000,Miguel,recording,knock_twice_right,20,-0.410420,6.752806,7.810237,-1.111790,-0.376922,-0.558871
544072910.000,Miguel,recording,knock_twice_right,20,-0.005038,6.701081,7.635971,-0.851857,-0.717236,-0.631893
544072920.000,Miguel,recording,knock_twice_right,20,0.387724,6.521877,7.709989,-0.646412,-0.906536,-0.717835
544072930.000,Miguel,recording,knock_twice_right,20,0.534540,6.215125,7.700609,-0.504622,-0.929349,-0.809474
544072940.000,Miguel,recording,knock_twice_right,20,0.519428,5.914178,7.373317,-0.436708,-0.767650,-0.914412
544072950.000,Miguel,recording,knock_twice_right,20,0.534748,5.428037,6.928135,-0.437422,-0.455224,-1.026087
544072960.000,Miguel,recording,knock_twice_right,20,0.470526,5.090871,6.687587,-0.469297,-0.124375,-1.076706
544072970.000,Miguel,recording,knock_twice_right,20,0.006255,5.233836,6.735347,-0.563774,0.167932,-1.074093
544072980.000,Miguel,recording,knock_twice_right,20,-0.547938,5.998789,6.922580,-0.693773,0.350450,-1.028067
544072990.000,Miguel,recording,knock_twice_right,20,-1.207812,6.209715,6.839799,-0.809656,0.361948,-0.943943
544073000.000,Miguel,recording,knock_twice_right,20,-1.628386,6.544288,7.458168,-0.890510,0.209233,-0.863396
544073010.000,Miguel,recording,knock_twice_right,20,-1.846604,6.630224,7.863616,-0.883477,-0.086126,-0.792658
544073020.000,Miguel,recording,knock_twice_right,20,-2.027014,6.212850,8.408091,-0.795239,-0.419434,-0.740547
544073030.000,Miguel,recording,knock_twice_right,20,-1.942531,5.934422,8.783029,-0.639562,-0.710645,-0.685923
544073040.000,Miguel,recording,knock_twice_right,20,-1.783682,5.836864,9.227049,-0.438670,-0.915994,-0.622424
544073050.000,Miguel,recording,knock_twice_right,20,-1.497298,5.696452,9.332008,-0.230441,-1.023598,-0.558396
544073060.000,Miguel,recording,knock_twice_right,20,-1.359406,5.438875,9.165149,-0.055255,-1.051386,-0.501041
544073070.000,Miguel,recording,knock_twice_right,20,-1.138740,5.498088,8.851814,0.063216,-1.018110,-0.458304
544073080.000,Miguel,recording,knock_twice_right,20,-0.861723,5.691790,8.529161,0.108789,-0.892433,-0.458444
544073090.000,Miguel,recording,knock_twice_right,20,-0.599020,5.762096,8.324529,0.111441,-0.660304,-0.511490
544073100.000,Miguel,recording,knock_twice_right,20,-0.493891,5.723250,8.403967,0.127168,-0.347723,-0.576473
544073110.000,Miguel,recording,knock_twice_right,20,-0.469337,5.733878,8.494454,0.181446,0.026615,-0.604810
544073120.000,Miguel,recording,knock_twice_right,20,-0.415803,5.787836,8.862359,0.281875,0.380214,-0.595545
544073130.000,Miguel,recording,knock_twice_right,20,-0.443304,5.649232,8.963649,0.366235,0.534325,-0.579178
544073140.000,Miguel,recording,knock_twice_right,20,-1.071414,5.596886,8.159595,0.333804,0.376054,-0.535610
544073150.000,Miguel,recording,knock_twice_right,20,-1.829037,5.790801,7.746949,0.219768,0.091688,-0.434695
544073160.000,Miguel,recording,knock_twice_right,20,-1.929016,5.992365,7.855936,0.131330,-0.044488,-0.314242
544073170.000,Miguel,recording,knock_twice_right,20,-1.808402,6.133476,7.831111,0.083736,-0.006530,-0.205833
544073180.000,Miguel,recording,knock_twice_right,20,-1.702454,6.260069,7.712021,0.035697,0.108975,-0.099976
544073190.000,Miguel,recording,knock_twice_right,20,-1.572521,6.057404,7.592982,-0.025629,0.267081,0.007172
544073200.000,Miguel,recording,knock_twice_right,20,-1.421369,5.825308,7.590135,-0.078126,0.458624,0.106848
544073210.000,Miguel,recording,knock_twice_right,20,-1.460832,5.846952,7.741100,-0.097671,0.609428,0.192969
544073220.000,Miguel,recording,knock_twice_right,20,-1.691119,5.844102,8.024300,-0.062972,0.634390,0.273689
544073230.000,Miguel,recording,knock_twice_right,20,-1.877342,5.762915,8.293380,0.040092,0.521769,0.357361
544073240.000,Miguel,recording,knock_twice_right,20,-1.913352,5.714628,8.563466,0.205049,0.323209,0.443338
544073250.000,Miguel,recording,knock_twice_right,20,-1.899749,5.687709,8.689920,0.408286,0.104070,0.536724
544073260.000,Miguel,recording,knock_twice_right,20,-1.879892,5.830418,8.790398,0.607300,-0.062252,0.636990
544073270.000,Miguel,recording,knock_twice_right,20,-1.760661,6.152737,9.301408,0.751177,0.016336,0.724912
544073280.000,Miguel,recording,knock_twice_right,20,-1.044430,6.154526,9.513858,0.860771,0.345778,0.793391
544073290.000,Miguel,recording,knock_twice_right,20,-0.000966,6.023725,8.403432,0.936537,0.680186,0.807505
544073300.000,Miguel,recording,knock_twice_right,20,0.165987,6.130544,8.026243,0.954671,0.856621,0.741334
544073310.000,Miguel,recording,knock_twice_right,20,0.268589,6.177238,7.228922,0.937864,0.854418,0.625423
544073320.000,Miguel,recording,knock_twice_right,20,0.027430,6.297537,6.464716,0.871498,0.768712,0.504023
544073330.000,Miguel,recording,knock_twice_right,20,-0.303091,6.384268,5.909681,0.729209,0.700275,0.437881
544073340.000,Miguel,recording,knock_twice_right,20,-0.787218,6.381542,5.645383,0.518701,0.677212,0.447055
544073350.000,Miguel,recording,knock_twice_right,20,-1.151807,6.619472,5.800594,0.295560,0.664347,0.493820
544073360.000,Miguel,recording,knock_twice_right,20,-1.431394,6.691571,6.321182,0.131031,0.622449,0.535101
544073370.000,Miguel,recording,knock_twice_right,20,-1.573646,6.854555,6.864825,0.053059,0.532033,0.542206
544073380.000,Miguel,recording,knock_twice_right,20,-1.644488,7.036270,7.237180,0.046091,0.426886,0.509168
544073390.000,Miguel,recording,knock_twice_right,20,-1.885352,7.127099,7.528051,0.080618,0.382389,0.464746
544073400.000,Miguel,recording,knock_twice_right,20,-2.086894,7.001960,7.470962,0.116223,0.448669,0.440911
544073410.000,Miguel,recording,knock_twice_right,20,-2.083089,6.636239,7.134255,0.120352,0.606363,0.447572
544073420.000,Miguel,recording,knock_twice_right,20,-2.031160,6.456230,6.889457,0.106029,0.783157,0.477500
544073430.000,Miguel,recording,knock_twice_right,20,-1.990960,6.567240,7.035959,0.122496,0.902823,0.508978
544073440.000,Miguel,recording,knock_twice_right,20,-1.994682,6.582117,7.091411,0.190142,0.871645,0.536317
544073450.000,Miguel,recording,knock_twice_right,20,-1.841512,6.319893,6.901611,0.282069,0.611179,0.563288
544073460.000,Miguel,recording,knock_twice_right,20,-1.711436,6.522574,6.804999,0.372182,0.192783,0.578558
544073470.000,Miguel,recording,knock_twice_right,20,-1.430294,6.968561,6.668022,0.449803,-0.200860,0.561783
544073480.000,Miguel,recording,knock_twice_right,20,-1.125555,7.342769,6.662402,0.504606,-0.446389,0.505879
544073490.000,Miguel,recording,knock_twice_right,20,-0.793183,7.300186,6.843111,0.535090,-0.533106,0.429209
544073500.000,Miguel,recording,knock_twice_right,20,-0.404364,7.032124,7.159823,0.556263,-0.503786,0.343476
544073510.000,Miguel,recording,knock_twice_right,20,-0.345991,6.850358,7.363543,0.584245,-0.402968,0.253252
544073520.000,Miguel,recording,knock_twice_right,20,-0.549780,6.819052,7.415848,0.617007,-0.270256,0.181462
544073530.000,Miguel,recording,knock_twice_right,20,-0.879281,6.819302,7.206034,0.635779,-0.127072,0.151320
544073540.000,Miguel,recording,knock_twice_right,20,-0.990358,6.940160,6.922658,0.628321,0.023176,0.159318
544073550.000,Miguel,recording,knock_twice_right,20,-0.789778,7.129555,6.732808,0.607367,0.156589,0.179086
544073560.000,Miguel,recording,knock_twice_right,20,-0.517572,7.192569,6.471930,0.596363,0.220539,0.181170
544073570.000,Miguel,recording,knock_twice_right,20,-0.485226,7.285501,6.180313,0.608255,0.168658,0.154201
544073580.000,Miguel,recording,knock_twice_right,20,-0.718729,7.511307,5.992550,0.634522,-0.003748,0.114050
544073590.000,Miguel,recording,knock_twice_right,20,-0.998633,7.642891,5.816030,0.647318,-0.233506,0.085974
544073600.000,Miguel,recording,knock_twice_right,20,-1.195315,7.595573,5.746938,0.627975,-0.406934,0.083997
544073610.000,Miguel,recording,knock_twice_right,20,-1.247982,7.548365,5.793344,0.577389,-0.445431,0.107241
544073620.000,Miguel,recording,knock_twice_right,20,-1.074783,7.613610,5.903557,0.508876,-0.360898,0.140774
544073630.000,Miguel,recording,knock_twice_right,20,-0.690793,7.653766,5.880622,0.445143,-0.240284,0.159397
544073640.000,Miguel,recording,knock_twice_right,20,-0.303630,7.677502,5.688163,0.391026,-0.174734,0.144697
544073650.000,Miguel,recording,knock_twice_right,20,-0.118148,7.816514,5.340836,0.331964,-0.181680,0.102883
544073660.000,Miguel,recording,knock_twice_right,20,-0.091540,7.949016,5.070125,0.254369,-0.218712,0.050454
544073670.000,Miguel,recording,knock_twice_right,20,-0.127099,7.949390,4.912109,0.154395,-0.245060,0.000990
544073680.000,Miguel,recording,knock_twice_right,20,-0.224469,7.750131,4.969674,0.050488,-0.250717,-0.037446
544073690.000,Miguel,recording,knock_twice_right,20,-0.430423,7.502903,5.271104,-0.029244,-0.255140,-0.062317
544073700.000,Miguel,recording,knock_twice_right,20,-0.721631,7.386508,5.661366,-0.073044,-0.269704,-0.069336
544073710.000,Miguel,recording,knock_twice_right,20,-0.966660,7.306728,5.988389,-0.086752,-0.268856,-0.055396
544073720.000,Miguel,recording,knock_twice_right,20,-1.032866,7.393174,6.153611,-0.083354,-0.230949,-0.027760
544073730.000,Miguel,recording,knock_twice_right,20,-0.935736,7.503631,6.255709,-0.078687,-0.160393,0.001070
544073740.000,Miguel,recording,knock_twice_right,20,-0.736899,7.505343,6.287158,-0.083605,-0.067411,0.023880
544073750.000,Miguel,recording,knock_twice_right,20,-0.507966,7.486002,6.305391,-0.094810,0.029195,0.032887
544073760.000,Miguel,recording,knock_twice_right,20,-0.393269,7.447259,6.375002,-0.100824,0.098706,0.022171
544073770.000,Miguel,recording,knock_twice_right,20,-0.451937,7.308729,6.475979,-0.091950,0.125271,0.004860
544073780.000,Miguel,recording,knock_twice_right,20,-0.580311,7.213433,6.551462,-0.064483,0.116195,-0.003242
544073790.000,Miguel,recording,knock_twice_right,20,-0.719885,7.183349,6.497376,-0.022937,0.071638,0.002943
544073800.000,Miguel,recording,knock_twice_right,20,-0.847756,7.270215,6.380169,0.023528,-0.013750,0.019840
544073810.000,Miguel,recording,knock_twice_right,20,-0.912635,7.565564,6.280359,0.065361,-0.119144,0.036549
544073820.000,Miguel,recording,knock_twice_right,20,-0.888528,7.637473,6.192580,0.094062,-0.202138,0.047024
544073830.000,Miguel,recording,knock_twice_right,20,-0.818048,7.596189,6.104547,0.105092,-0.235460,0.051592
544073840.000,Miguel,recording,knock_twice_right,20,-0.805534,7.548080,6.091414,0.096313,-0.220330,0.054174
544073850.000,Miguel,recording,knock_twice_right,20,-0.777401,7.577823,6.215739,0.073986,-0.164940,0.056774
544073860.000,Miguel,recording,knock_twice_right,20,-0.608930,7.548760,6.320982,0.046900,-0.074798,0.053355
544073870.000,Miguel,recording,knock_twice_right,20,-0.475436,7.555095,6.289569,0.018747,0.032096,0.040119
544073880.000,Miguel,recording,knock_twice_right,20,-0.437907,7.550628,6.210133,-0.004032,0.115919,0.022570
544073890.000,Miguel,recording,knock_twice_right,20,-0.457809,7.514501,6.157701,-0.014186,0.139368,0.006365
544073900.000,Miguel,recording,knock_twice_right,20,-0.609399,7.552314,6.096767,-0.010260,0.098415,-0.001389
544073910.000,Miguel,recording,knock_twice_right,20,-0.906209,7.539656,6.058115,-0.001213,0.024360,0.012351
544073920.000,Miguel,recording,knock_twice_right,20,-1.175090,7.555869,5.998050,0.002615,-0.046687,0.051549
544073930.000,Miguel,recording,knock_twice_right,20,-1.153506,7.590611,5.961055,-0.001713,-0.097580,0.099880
544073940.000,Miguel,recording,knock_twice_right,20,-0.883603,7.614701,5.939103,-0.016243,-0.123078,0.132462
544073950.000,Miguel,recording,knock_twice_right,20,-0.499415,7.579309,5.978907,-0.043080,-0.114699,0.134271
544073960.000,Miguel,recording,knock_twice_right,20,-0.239390,7.559254,6.039486,-0.075638,-0.064799,0.108143
544073970.000,Miguel,recording,knock_twice_right,20,-0.095449,7.505424,6.126505,-0.104285,0.015277,0.066606
544073980.000,Miguel,recording,knock_twice_right,20,-0.064711,7.446312,6.215386,-0.124545,0.098695,0.021274
544073990.000,Miguel,recording,knock_twice_right,20,-0.197275,7.435942,6.266573,-0.136938,0.163439,-0.018857
544074000.000,Miguel,recording,knock_twice_right,20,-0.444510,7.482693,6.248665,-0.143340,0.201884,-0.042113
544074010.000,Miguel,recording,knock_twice_right,20,-0.650601,7.502733,6.190408,-0.145738,0.206867,-0.042470
544074020.000,Miguel,recording,knock_twice_right,20,-0.791112,7.490756,6.216100,-0.141633,0.172942,-0.024786
544074030.000,Miguel,recording,knock_twice_right,20,-0.825992,7.478931,6.358754,-0.120183,0.107688,0.001314
544074040.000,Miguel,recording,knock_twice_right,20,-0.756865,7.447694,6.512087,-0.075802,0.023840,0.024410
544074050.000,Miguel,recording,knock_twice_right,20,-0.644978,7.474953,6.591930,-0.018900,-0.056808,0.036129
544074060.000,Miguel,recording,knock_twice_right,20,-0.596781,7.512154,6.618455,0.036929,-0.103271,0.037716
544074070.000,Miguel,recording,knock_twice_right,20,-0.546897,7.549798,6.525971,0.080156,-0.102871,0.033626
544074080.000,Miguel,recording,knock_twice_right,20,-0.548815,7.571289,6.374884,0.102489,-0.074688,0.027915
544074090.000,Miguel,recording,knock_twice_right,20,-0.556660,7.572094,6.244268,0.110190,-0.044069,0.025459
544074100.000,Miguel,recording,knock_twice_right,20,-0.557610,7.545772,6.193994,0.117221,-0.032049,0.028570
544074110.000,Miguel,recording,knock_twice_right,20,-0.505590,7.567616,6.216341,0.132599,-0.063797,0.036203
544074120.000,Miguel,recording,knock_twice_right,20,-0.451426,7.577123,6.222316,0.157343,-0.149886,0.041827
544074130.000,Miguel,recording,knock_twice_right,20,-0.383798,7.597503,6.196491,0.189114,-0.268047,0.040255
544074140.000,Miguel,recording,knock_twice_right,20,-0.420216,7.600370,6.111009,0.220418,-0.383660,0.033303
544074150.000,Miguel,recording,knock_twice_right,20,-0.537483,7.675287,6.063849,0.243793,-0.470566,0.027934
544074160.000,Miguel,recording,knock_twice_right,20,-0.578238,7.708985,6.107148,0.257920,-0.510180,0.027103
544074170.000,Miguel,recording,knock_twice_right,20,-0.491570,7.677518,6.077547,0.259424,-0.496934,0.026665
544074180.000,Miguel,recording,knock_twice_right,20,-0.436575,7.655223,5.976214,0.240571,-0.437265,0.025300
544074190.000,Miguel,recording,knock_twice_right,20,-0.380056,7.596405,5.790154,0.193564,-0.338307,0.027150
544074200.000,Miguel,recording,knock_twice_right,20,-0.326759,7.563083,5.578943,0.109360,-0.205954,0.032000
544074210.000,Miguel,recording,knock_twice_right,20,-0.250782,7.604486,5.434896,-0.006912,-0.056270,0.033438
544074220.000,Miguel,recording,knock_twice_right,20,-0.131575,7.670048,5.458046,-0.132846,0.090534,0.023539
544074230.000,Miguel,recording,knock_twice_right,20,-0.066833,7.646283,5.656255,-0.243256,0.211579,0.000486
544074240.000,Miguel,recording,knock_twice_right,20,-0.163046,7.497852,5.869615,-0.317565,0.279542,-0.024617
544074250.000,Miguel,recording,knock_twice_right,20,-0.409346,7.425635,6.055488,-0.351273,0.287516,-0.037674
544074260.000,Miguel,recording,knock_twice_right,20,-0.644507,7.451699,6.237178,-0.349931,0.254290,-0.031362
544074270.000,Miguel,recording,knock_twice_right,20,-0.686693,7.454080,6.407594,-0.318047,0.200149,-0.009719
544074280.000,Miguel,recording,knock_twice_right,20,-0.643654,7.396698,6.577310,-0.260454,0.135696,0.012988
544074290.000,Miguel,recording,knock_twice_right,20,-0.532118,7.376637,6.722528,-0.184468,0.071591,0.028597
544074300.000,Miguel,recording,knock_twice_right,20,-0.500448,7.409561,6.780150,-0.099741,0.019252,0.037980
544074310.000,Miguel,recording,knock_twice_right,20,-0.445731,7.430200,6.769924,-0.017460,-0.019273,0.040441
544074320.000,Miguel,recording,knock_twice_right,20,-0.397936,7.456162,6.660573,0.050198,-0.046766,0.034930
544074330.000,Miguel,recording,knock_twice_right,20,-0.387232,7.445130,6.500507,0.094724,-0.057696,0.024254
544074340.000,Miguel,recording,knock_twice_right,20,-0.403470,7.460101,6.276779,0.111334,-0.048644,0.015127
544074350.000,Miguel,recording,knock_twice_right,20,-0.494115,7.515284,6.105885,0.104209,-0.030557,0.016631
544074360.000,Miguel,recording,knock_twice_right,20,-0.563473,7.562408,6.012153,0.088340,-0.028365,0.029829
544074370.000,Miguel,recording,knock_twice_right,20,-0.549067,7.621443,5.898783,0.073800,-0.066183,0.044927
544074380.000,Miguel,recording,knock_twice_right,20,-0.452434,7.672993,5.935007,0.063961,-0.140022,0.053409
544074390.000,Miguel,recording,knock_twice_right,20,-0.322598,7.634123,6.075039,0.059986,-0.211299,0.051879
544074400.000,Miguel,recording,knock_twice_right,20,-0.280744,7.553218,6.162770,0.059240,-0.241402,0.042884
544074410.000,Miguel,recording,knock_twice_right,20,-0.308203,7.568102,6.209108,0.055226,-0.226285,0.033614
544074420.000,Miguel,recording,knock_twice_right,20,-0.272626,7.591563,6.195085,0.042013,-0.181179,0.027131
544074430.000,Miguel,recording,knock_twice_right,20,-0.224427,7.601571,6.143663,0.019446,-0.120843,0.020681
544074440.000,Miguel,recording,knock_twice_right,20,-0.185675,7.636420,6.129774,-0.009094,-0.056966,0.012974
544074450.000,Miguel,recording,knock_twice_right,20,-0.162062,7.574105,6.116868,-0.040660,0.000864,0.006334
544074460.000,Miguel,recording,knock_twice_right,20,-0.146429,7.532271,6.081149,-0.073136,0.039795,0.000915
544074470.000,Miguel,recording,knock_twice_right,20,-0.166407,7.537660,6.092914,-0.101535,0.053872,-0.006328
544074480.000,Miguel,recording,knock_twice_right,20,-0.276023,7.560455,6.189564,-0.117549,0.051459,-0.012362
544074490.000,Miguel,recording,knock_twice_right,20,-0.439854,7.495684,6.313220,-0.115175,0.041489,-0.007985
544074500.000,Miguel,recording,knock_twice_right,20,-0.507460,7.510478,6.449055,-0.094170,0.022556,0.004790
544074510.000,Miguel,recording,knock_twice_right,20,-0.443175,7.510141,6.494415,-0.061547,-0.002257,0.015816
544074520.000,Miguel,recording,knock_twice_right,20,-0.334710,7.525646,6.463534,-0.029811,-0.016741,0.021871
544074530.000,Miguel,recording,knock_twice_right,20,-0.228736,7.483315,6.394963,-0.007860,-0.012266,0.022503
544074540.000,Miguel,recording,knock_twice_right,20,-0.172709,7.495822,6.290454,0.000972,0.001618,0.018332
544074550.000,Miguel,recording,knock_twice_right,20,-0.187608,7.551848,6.246134,-0.004322,0.016737,0.012333
544074560.000,Miguel,recording,knock_twice_right,20,-0.149549,7.586672,6.176438,-0.021787,0.040376,0.005927
544074570.000,Miguel,recording,knock_twice_right,20,-0.144254,7.533371,6.126947,-0.045903,0.076605,-0.001815
544074580.000,Miguel,recording,knock_twice_right,20,-0.164022,7.555467,6.096020,-0.070258,0.108528,-0.012126
544074590.000,Miguel,recording,knock_twice_right,20,-0.229619,7.616947,6.100431,-0.089660,0.116090,-0.024711
544074600.000,Miguel,recording,knock_twice_right,20,-0.297606,7.610980,6.112515,-0.102294,0.098021,-0.038408
544074610.000,Miguel,recording,knock_twice_right,20,-0.387202,7.572019,6.147795,-0.109096,0.071954,-0.048587
544074620.000,Miguel,recording,knock_twice_right,20,-0.431330,7.539384,6.196851,-0.112609,0.055894,-0.050115
544074630.000,Miguel,recording,knock_twice_right,20,-0.466856,7.455775,6.239566,-0.114950,0.055818,-0.042666
544074640.000,Miguel,recording,knock_twice_right,20,-0.524273,7.444078,6.282854,-0.113996,0.066509,-0.027893
544074650.000,Miguel,recording,knock_twice_right,20,-0.483108,7.456433,6.398887,-0.104531,0.076734,-0.011673
544074660.000,Miguel,recording,knock_twice_right,20,-0.331390,7.468038,6.404072,-0.085522,0.074480,-0.005188
544074670.000,Miguel,recording,knock_twice_right,20,-0.087208,7.513617,6.270849,-0.066470,0.052389,-0.014532
544074680.000,Miguel,recording,knock_twice_right,20,0.029140,7.469896,6.158032,-0.052409,0.022467,-0.036698
544074690.000,Miguel,recording,knock_twice_right,20,-0.110213,7.318082,5.955553,-0.046104,-0.005675,-0.058249
544074700.000,Miguel,recording,knock_twice_right,20,-0.707887,7.365021,5.794149,-0.057309,-0.050871,-0.055390
544074710.000,Miguel,recording,knock_twice_right,20,-2.418979,7.248901,5.961415,-0.077076,-0.115947,0.015197
544074720.000,Miguel,recording,knock_twice_right,20,-3.314940,7.281837,6.645120,-0.075049,-0.149857,0.176642
544074730.000,Miguel,recording,knock_twice_right,20,-1.159711,7.216325,6.943916,-0.051454,-0.130743,0.351361
544074740.000,Miguel,recording,knock_twice_right,20,-0.131151,6.902245,6.835934,-0.022809,-0.107828,0.431141
544074750.000,Miguel,recording,knock_twice_right,20,1.216009,7.423016,6.992914,0.014884,-0.113011,0.389023
544074760.000,Miguel,recording,knock_twice_right,20,1.731895,7.511358,6.716237,0.047333,-0.116526,0.250939
544074770.000,Miguel,recording,knock_twice_right,20,1.875000,7.585756,6.146823,0.038031,-0.084190,0.058956
544074780.000,Miguel,recording,knock_twice_right,20,1.488319,7.613118,5.729404,-0.030997,-0.030492,-0.138370
544074790.000,Miguel,recording,knock_twice_right,20,0.758341,7.552244,5.505775,-0.133837,0.009749,-0.297560
544074800.000,Miguel,recording,knock_twice_right,20,0.015396,7.264729,5.516009,-0.226203,0.005204,-0.390227
544074810.000,Miguel,recording,knock_twice_right,20,-0.891065,7.112586,5.595497,-0.287937,-0.016574,-0.392852
544074820.000,Miguel,recording,knock_twice_right,20,-1.588585,7.313879,5.512220,-0.333547,-0.039733,-0.303594
544074830.000,Miguel,recording,knock_twice_right,20,-1.818534,7.474359,5.673717,-0.375151,-0.092546,-0.160407
544074840.000,Miguel,recording,knock_twice_right,20,-1.439090,7.512136,6.085489,-0.397692,-0.147324,-0.018767
544074850.000,Miguel,recording,knock_twice_right,20,-0.652201,7.337433,6.597408,-0.386323,-0.168071,0.074592
544074860.000,Miguel,recording,knock_twice_right,20,0.184626,7.263645,7.216024,-0.335283,-0.144472,0.103868
544074870.000,Miguel,recording,knock_twice_right,20,0.720759,7.223441,7.562222,-0.245052,-0.087685,0.072866
544074880.000,Miguel,recording,knock_twice_right,20,0.887634,7.127600,7.581927,-0.132209,-0.034222,0.001589
544074890.000,Miguel,recording,knock_twice_right,20,0.737820,7.226076,7.448148,-0.021833,-0.011569,-0.078276
544074900.000,Miguel,recording,knock_twice_right,20,0.329425,7.232583,7.115930,0.068316,-0.004829,-0.139796
544074910.000,Miguel,recording,knock_twice_right,20,-1.099839,7.036774,6.720647,0.129579,0.014458,-0.142750
544074920.000,Miguel,recording,knock_twice_right,20,-3.593687,7.025600,6.662639,0.162837,0.047759,-0.010843
544074930.000,Miguel,recording,knock_twice_right,20,-2.810262,7.359831,6.924915,0.165158,0.081086,0.229517
544074940.000,Miguel,recording,knock_twice_right,20,-1.489290,6.977318,6.408209,0.135119,0.085702,0.418203
544074950.000,Miguel,recording,knock_twice_right,20,0.333971,7.170030,6.671562,0.097968,0.055580,0.468579
544074960.000,Miguel,recording,knock_twice_right,20,0.935130,7.340620,6.661125,0.073030,0.029697,0.398378
544074970.000,Miguel,recording,knock_twice_right,20,1.420751,7.394373,6.581742,0.047620,0.037889,0.253689
544074980.000,Miguel,recording,knock_twice_right,20,1.423155,7.387982,6.249828,0.001124,0.079306,0.084435
544074990.000,Miguel,recording,knock_twice_right,20,0.999636,7.354081,5.930904,-0.070993,0.125077,-0.068955
544075000.000,Miguel,recording,knock_twice_right,20,0.330015,7.336944,5.809939,-0.155434,0.142043,-0.177786
544075010.000,Miguel,recording,knock_twice_right,20,-0.191919,7.280089,5.878221,-0.232813,0.126030,-0.232851
544075020.000,Miguel,recording,knock_twice_right,20,-0.425374,7.207435,6.191866,-0.281765,0.096933,-0.243079
544075030.000,Miguel,recording,knock_twice_right,20,-0.611571,7.117708,6.618816,-0.285793,0.060796,-0.224805
544075040.000,Miguel,recording,knock_twice_right,20,-0.813342,7.038835,6.891129,-0.242933,0.018205,-0.189428
544075050.000,Miguel,recording,knock_twice_right,20,-1.067510,6.972336,6.977214,-0.168751,-0.021313,-0.139762
544075060.000,Miguel,recording,knock_twice_right,20,-1.193003,6.922300,6.916008,-0.086077,-0.043044,-0.069291
544075070.000,Miguel,recording,knock_twice_right,20,-1.329528,7.145623,6.794391,-0.014120,-0.054894,0.027615
544075080.000,Miguel,recording,knock_twice_right,20,-1.090550,7.211444,6.683120,0.036537,-0.085105,0.126459
544075090.000,Miguel,recording,knock_twice_right,20,-0.541559,7.230548,6.692300,0.069905,-0.128564,0.191172
544075100.000,Miguel,recording,knock_twice_right,20,0.035469,7.207529,6.723975,0.095756,-0.160077,0.205301
544075110.000,Miguel,recording,knock_twice_right,20,0.432968,7.232712,6.671444,0.111739,-0.172524,0.174158
544075120.000,Miguel,recording,knock_twice_right,20,0.571085,7.304570,6.600873,0.110738,-0.169361,0.119535
544075130.000,Miguel,recording,knock_twice_right,20,0.528767,7.363944,6.495162,0.092297,-0.150774,0.057832
544075140.000,Miguel,recording,knock_twice_right,20,0.292624,7.424141,6.413866,0.062089,-0.123313,0.000213
544075150.000,Miguel,recording,knock_twice_right,20,0.027980,7.412538,6.389442,0.026037,-0.090515,-0.039416
544075160.000,Miguel,recording,knock_twice_right,20,-0.184171,7.342124,6.390707,-0.009952,-0.046932,-0.053195
544075170.000,Miguel,recording,knock_twice_right,20,-0.261291,7.334092,6.452968,-0.038142,0.002622,-0.047798
544075180.000,Miguel,recording,knock_twice_right,20,-0.297639,7.328201,6.525060,-0.054305,0.039873,-0.036645
544075190.000,Miguel,recording,knock_twice_right,20,-0.330556,7.296474,6.520506,-0.057611,0.046260,-0.024559
544075200.000,Miguel,recording,knock_twice_right,20,-0.394823,7.225144,6.520473,-0.051855,0.017298,-0.007317
544075210.000,Miguel,recording,knock_twice_right,20,-0.318388,7.271971,6.603147,-0.039435,-0.024766,0.013267
544075220.000,Miguel,recording,knock_twice_right,20,-0.169660,7.259418,6.709279,-0.019775,-0.051688,0.026380
544075230.000,Miguel,recording,knock_twice_right,20,-0.120896,7.262526,6.720324,0.004129,-0.064159,0.027922
544075240.000,Miguel,recording,knock_twice_right,20,-0.156326,7.259727,6.704732,0.026141,-0.078366,0.024813
544075250.000,Miguel,recording,knock_twice_right,20,-0.215105,7.239839,6.625807,0.040106,-0.095773,0.020781
544075260.000,Miguel,recording,knock_twice_right,20,-0.317553,7.190502,6.578017,0.042485,-0.104908,0.020789
544075270.000,Miguel,recording,knock_twice_right,20,-0.354468,7.198590,6.583830,0.035644,-0.098482,0.028021
544075280.000,Miguel,recording,knock_twice_right,20,-0.227558,7.202407,6.691970,0.027904,-0.077572,0.034436
544075290.000,Miguel,recording,knock_twice_right,20,-0.099416,7.168479,6.691084,0.024848,-0.047585,0.029697
544075300.000,Miguel,recording,knock_twice_right,20,-0.127927,7.185668,6.670239,0.024982,-0.020453,0.016870
544075310.000,Miguel,recording,knock_twice_right,20,-0.157035,7.191070,6.602889,0.023267,-0.006113,0.006526
544075320.000,Miguel,recording,knock_twice_right,20,-0.207508,7.162614,6.590911,0.018196,0.000729,0.001852
544075330.000,Miguel,recording,knock_twice_right,20,-0.239348,7.174517,6.642916,0.017808,0.010914,0.003405
544075340.000,Miguel,recording,knock_twice_right,20,-0.268567,7.184949,6.647651,0.026569,0.023027,0.008539
544075350.000,Miguel,recording,knock_twice_right,20,-0.305013,7.188607,6.600760,0.036469,0.027188,0.014569
544075360.000,Miguel,recording,knock_twice_right,20,-0.337649,7.204865,6.495563,0.038300,0.018759,0.023823
544075370.000,Miguel,recording,knock_twice_right,20,-0.352651,7.198547,6.392976,0.029191,0.004340,0.038879
544075380.000,Miguel,recording,knock_twice_right,20,-0.390143,7.181372,6.364065,0.012613,-0.009757,0.060398
544075390.000,Miguel,recording,knock_twice_right,20,-0.323315,7.222346,6.413635,-0.006288,-0.025330,0.083415
544075400.000,Miguel,recording,knock_twice_right,20,-0.159375,7.279298,6.451511,-0.024085,-0.040153,0.094853
544075410.000,Miguel,recording,knock_twice_right,20,-0.036111,7.266157,6.479902,-0.041779,-0.043923,0.090830
544075420.000,Miguel,recording,knock_twice_right,20,-0.072064,7.245496,6.487249,-0.061039,-0.024274,0.087666
544075430.000,Miguel,recording,knock_twice_right,20,-0.150210,7.260623,6.530215,-0.081360,0.018253,0.094952
544075440.000,Miguel,recording,knock_twice_right,20,-0.135691,7.265690,6.518146,-0.102892,0.064008,0.106008
544075450.000,Miguel,recording,knock_twice_right,20,-0.148893,7.239845,6.466758,-0.124327,0.098432,0.114433
544075460.000,Miguel,recording,knock_twice_right,20,-0.129353,7.235385,6.431856,-0.141413,0.118732,0.117191
544075470.000,Miguel,recording,knock_twice_right,20,-0.105262,7.221368,6.461411,-0.147211,0.117882,0.112277
544075480.000,Miguel,recording,knock_twice_right,20,0.007600,7.243593,6.542973,-0.139599,0.088302,0.099749
544075490.000,Miguel,recording,knock_twice_right,20,0.132407,7.240332,6.664405,-0.121995,0.040009,0.083135
544075500.000,Miguel,recording,knock_twice_right,20,0.217488,7.226547,6.732567,-0.096385,-0.002524,0.062395
544075510.000,Miguel,recording,knock_twice_right,20,0.207340,7.214680,6.752742,-0.069620,-0.025667,0.039609
544075520.000,Miguel,recording,knock_twice_right,20,0.124321,7.214928,6.751320,-0.049702,-0.028669,0.023844
544075530.000,Miguel,recording,knock_twice_right,20,0.015683,7.205449,6.707908,-0.039444,-0.015548,0.017521