timestamp_ms,user_name,phase,action_label,segment_index,acc_x,acc_y,acc_z,gyro_x,gyro_y,gyro_z
459704050.000,Miguel,recording,switch_hand,1,0.597853,5.574923,8.725854,0.051820,0.028027,-0.023631
459704060.000,Miguel,recording,switch_hand,1,0.484447,5.488289,8.184267,0.102274,0.068401,-0.054220
459704070.000,Miguel,recording,switch_hand,1,0.175589,5.446066,7.665211,0.068933,0.077805,-0.077597
459704080.000,Miguel,recording,switch_hand,1,-0.148642,5.519091,7.535003,-0.020948,0.061221,-0.087087
459704090.000,Miguel,recording,switch_hand,1,-0.284284,5.515914,7.897326,-0.102312,0.025104,-0.091876
459704100.000,Miguel,recording,switch_hand,1,-0.259892,5.436009,8.597646,-0.117922,-0.023521,-0.108460
459704110.000,Miguel,recording,switch_hand,1,-0.063245,5.508594,9.059888,-0.045666,-0.039648,-0.141487
459704120.000,Miguel,recording,switch_hand,1,0.123845,5.580502,9.281716,0.094559,0.021327,-0.185305
459704130.000,Miguel,recording,switch_hand,1,0.211129,5.554594,9.134808,0.249177,0.143542,-0.229425
459704140.000,Miguel,recording,switch_hand,1,0.211086,5.464017,8.656175,0.357411,0.274236,-0.264578
459704150.000,Miguel,recording,switch_hand,1,0.078404,5.441339,8.264572,0.394522,0.361499,-0.282184
459704160.000,Miguel,recording,switch_hand,1,-0.045896,5.512850,8.163663,0.387310,0.397509,-0.277672
459704170.000,Miguel,recording,switch_hand,1,-0.072018,5.667219,8.252247,0.383449,0.412248,-0.259623
459704180.000,Miguel,recording,switch_hand,1,-0.013036,5.822045,8.406759,0.412427,0.427811,-0.242697
459704190.000,Miguel,recording,switch_hand,1,0.079255,5.886309,8.225437,0.455428,0.452772,-0.232687
459704200.000,Miguel,recording,switch_hand,1,0.067748,5.646116,7.626552,0.474100,0.478649,-0.221575
459704210.000,Miguel,recording,switch_hand,1,-0.082337,5.415084,6.738627,0.434108,0.487494,-0.197262
459704220.000,Miguel,recording,switch_hand,1,-0.222011,5.747342,6.056383,0.319725,0.468110,-0.152263
459704230.000,Miguel,recording,switch_hand,1,-1.076029,6.312264,6.131096,0.185159,0.429375,-0.017092
459704240.000,Miguel,recording,switch_hand,1,-2.714011,6.126167,6.505707,0.095877,0.403769,0.275968
459704250.000,Miguel,recording,switch_hand,1,-0.943639,6.280769,5.945819,0.000751,0.439387,0.515566
459704260.000,Miguel,recording,switch_hand,1,0.700039,5.646411,6.579698,-0.106718,0.481892,0.465509
459704270.000,Miguel,recording,switch_hand,1,1.516561,3.589748,7.653659,-0.146615,0.396120,0.189593
459704280.000,Miguel,recording,switch_hand,1,1.333180,3.311818,8.800786,-0.095218,0.183518,-0.121009
459704290.000,Miguel,recording,switch_hand,1,0.562046,4.570730,9.612625,0.038112,-0.053003,-0.327083
459704300.000,Miguel,recording,switch_hand,1,-0.240866,5.545798,9.933667,0.222115,-0.245135,-0.406270
459704310.000,Miguel,recording,switch_hand,1,-0.506566,5.919038,9.537361,0.411570,-0.386874,-0.400479
459704320.000,Miguel,recording,switch_hand,1,-0.559475,5.877091,8.958632,0.558061,-0.505246,-0.356834
459704330.000,Miguel,recording,switch_hand,1,-0.649749,5.829025,8.513799,0.638335,-0.598950,-0.289288
459704340.000,Miguel,recording,switch_hand,1,-0.743331,5.891890,8.220167,0.656951,-0.644005,-0.197353
459704350.000,Miguel,recording,switch_hand,1,-0.732457,6.032710,7.992572,0.632147,-0.632287,-0.093861
459704360.000,Miguel,recording,switch_hand,1,-0.568961,6.229953,7.747876,0.580616,-0.580144,0.004815
459704370.000,Miguel,recording,switch_hand,1,-0.251927,6.409953,7.531114,0.512764,-0.513788,0.086398
459704380.000,Miguel,recording,switch_hand,1,0.121698,6.477815,7.385581,0.433513,-0.446120,0.147648
459704390.000,Miguel,recording,switch_hand,1,0.475353,6.505055,7.297812,0.344431,-0.376138,0.186771
459704400.000,Miguel,recording,switch_hand,1,0.825208,6.549502,7.366930,0.254313,-0.292526,0.197200
459704410.000,Miguel,recording,switch_hand,1,1.035922,6.481841,7.641069,0.182573,-0.186167,0.175925
459704420.000,Miguel,recording,switch_hand,1,0.980984,6.321898,7.781376,0.146790,-0.061924,0.131855
459704430.000,Miguel,recording,switch_hand,1,0.722689,6.223555,7.759948,0.144890,0.066016,0.079450
459704440.000,Miguel,recording,switch_hand,1,0.430993,6.200450,7.629175,0.156039,0.178380,0.031689
459704450.000,Miguel,recording,switch_hand,1,0.117997,6.244841,7.508160,0.158230,0.258798,0.001597
459704460.000,Miguel,recording,switch_hand,1,-0.111434,6.366734,7.296998,0.136080,0.295318,0.000007
459704470.000,Miguel,recording,switch_hand,1,-0.185089,6.530110,7.185962,0.091188,0.279841,0.028390
459704480.000,Miguel,recording,switch_hand,1,-0.146207,6.539097,7.202270,0.037559,0.216621,0.076140
459704490.000,Miguel,recording,switch_hand,1,-0.118843,6.368896,7.137921,-0.020794,0.124412,0.130950
459704500.000,Miguel,recording,switch_hand,1,-0.053975,6.296696,7.041166,-0.086992,0.016995,0.184567
459704510.000,Miguel,recording,switch_hand,1,0.300362,6.509069,7.098024,-0.157587,-0.096801,0.221494
459704520.000,Miguel,recording,switch_hand,1,0.644989,6.604874,7.356481,-0.225354,-0.179633,0.233012
459704530.000,Miguel,recording,switch_hand,1,0.747029,6.471732,7.527325,-0.285361,-0.183399,0.219081
459704540.000,Miguel,recording,switch_hand,1,0.782714,6.424548,7.673315,-0.315242,-0.101570,0.173092
459704550.000,Miguel,recording,switch_hand,1,0.886444,6.550717,8.078916,-0.261120,0.011336,0.079288
459704560.000,Miguel,recording,switch_hand,1,1.045530,6.632435,8.450809,-0.091670,0.056491,-0.073591
459704570.000,Miguel,recording,switch_hand,1,1.029023,6.607153,8.536791,0.158804,-0.052187,-0.265383
459704580.000,Miguel,recording,switch_hand,1,0.803914,6.505345,8.371629,0.427715,-0.322637,-0.450261
459704590.000,Miguel,recording,switch_hand,1,0.374969,6.285714,8.141345,0.670414,-0.673143,-0.581264
459704600.000,Miguel,recording,switch_hand,1,-0.024263,6.052569,7.857495,0.867980,-1.008118,-0.638096
459704610.000,Miguel,recording,switch_hand,1,-0.302304,5.968862,7.618239,1.013482,-1.279651,-0.627663
459704620.000,Miguel,recording,switch_hand,1,-0.410811,5.991253,7.395948,1.103455,-1.469182,-0.570300
459704630.000,Miguel,recording,switch_hand,1,-0.348221,6.082415,7.176549,1.139360,-1.566777,-0.493909
459704640.000,Miguel,recording,switch_hand,1,-0.256468,6.138380,6.936003,1.126462,-1.572754,-0.419961
459704650.000,Miguel,recording,switch_hand,1,-0.167094,6.239602,6.682766,1.066333,-1.500466,-0.355703
459704660.000,Miguel,recording,switch_hand,1,-0.070817,6.376289,6.390179,0.956209,-1.368713,-0.302867
459704670.000,Miguel,recording,switch_hand,1,0.080212,6.525135,6.187542,0.798914,-1.194446,-0.266682
459704680.000,Miguel,recording,switch_hand,1,0.329553,6.627985,6.121315,0.607632,-0.990651,-0.251698
459704690.000,Miguel,recording,switch_hand,1,0.539404,6.669249,6.253144,0.405493,-0.766103,-0.257123
459704700.000,Miguel,recording,switch_hand,1,0.632622,6.628509,6.428848,0.217500,-0.535301,-0.276927
459704710.000,Miguel,recording,switch_hand,1,0.594890,6.540081,6.614891,0.055844,-0.321050,-0.299118
459704720.000,Miguel,recording,switch_hand,1,0.393184,6.499555,6.796005,-0.076638,-0.146033,-0.312846
459704730.000,Miguel,recording,switch_hand,1,0.120753,6.460151,6.961986,-0.177034,-0.023805,-0.312059
459704740.000,Miguel,recording,switch_hand,1,-0.085603,6.417558,7.082705,-0.246045,0.048292,-0.293522
459704750.000,Miguel,recording,switch_hand,1,-0.229032,6.305662,7.177977,-0.287561,0.082012,-0.260307
459704760.000,Miguel,recording,switch_hand,1,-0.361804,6.210220,7.285683,-0.306903,0.090764,-0.216774
459704770.000,Miguel,recording,switch_hand,1,-0.445498,6.151686,7.369321,-0.308881,0.087315,-0.164307
459704780.000,Miguel,recording,switch_hand,1,-0.418577,6.122059,7.390742,-0.300866,0.083247,-0.108132
459704790.000,Miguel,recording,switch_hand,1,-0.353891,6.023199,7.374876,-0.294205,0.089634,-0.058485
459704800.000,Miguel,recording,switch_hand,1,-0.303194,5.929600,7.424161,-0.293275,0.115912,-0.017106
459704810.000,Miguel,recording,switch_hand,1,-0.335515,5.904953,7.546046,-0.297335,0.167814,0.023705
459704820.000,Miguel,recording,switch_hand,1,-0.410399,5.901088,7.597546,-0.304310,0.236890,0.070613
459704830.000,Miguel,recording,switch_hand,1,-0.526887,5.869917,7.644542,-0.307703,0.303736,0.123419
459704840.000,Miguel,recording,switch_hand,1,-0.626020,5.813747,7.772440,-0.300258,0.352885,0.182523
459704850.000,Miguel,recording,switch_hand,1,-0.627751,5.852095,7.939158,-0.278055,0.384545,0.249966
459704860.000,Miguel,recording,switch_hand,1,-0.506028,5.996488,8.099125,-0.240417,0.401514,0.317246
459704870.000,Miguel,recording,switch_hand,1,-0.313495,6.063451,8.142298,-0.191380,0.394477,0.368090
459704880.000,Miguel,recording,switch_hand,1,-0.185884,6.095577,8.137451,-0.138530,0.360899,0.393420
459704890.000,Miguel,recording,switch_hand,1,-0.200045,6.110623,8.080991,-0.087734,0.316317,0.400162
459704900.000,Miguel,recording,switch_hand,1,-0.299280,6.083112,8.034993,-0.043749,0.287377,0.406400
459704910.000,Miguel,recording,switch_hand,1,-0.348643,6.037119,8.059419,-0.008721,0.295047,0.428764
459704920.000,Miguel,recording,switch_hand,1,-0.305243,6.028414,8.039547,0.021517,0.337945,0.464929
459704930.000,Miguel,recording,switch_hand,1,-0.176342,6.145160,7.911497,0.048381,0.386090,0.498876
459704940.000,Miguel,recording,switch_hand,1,0.042357,6.343354,7.717718,0.069049,0.402092,0.513157
459704950.000,Miguel,recording,switch_hand,1,0.357461,6.465411,7.517795,0.083816,0.376971,0.496850
459704960.000,Miguel,recording,switch_hand,1,0.537141,6.465821,7.350086,0.095782,0.327540,0.453203
459704970.000,Miguel,recording,switch_hand,1,0.563302,6.440216,7.349767,0.113533,0.267177,0.397685
459704980.000,Miguel,recording,switch_hand,1,0.689160,6.450638,7.464736,0.148329,0.198783,0.342830
459704990.000,Miguel,recording,switch_hand,1,0.627220,6.408405,7.289844,0.199389,0.123229,0.291624
459705000.000,Miguel,recording,switch_hand,1,0.540225,6.521083,6.908910,0.256318,0.010987,0.245247
459705010.000,Miguel,recording,switch_hand,1,0.470143,6.872406,6.385900,0.303186,-0.190592,0.195559
459705020.000,Miguel,recording,switch_hand,1,0.138470,7.197685,6.100755,0.329121,-0.449643,0.124363
459705030.000,Miguel,recording,switch_hand,1,0.143946,7.048698,5.791953,0.331673,-0.684564,0.037370
459705040.000,Miguel,recording,switch_hand,1,0.160894,6.702359,5.584557,0.312204,-0.880447,-0.039771
459705050.000,Miguel,recording,switch_hand,1,0.201232,6.332074,5.708971,0.290639,-1.074805,-0.079073
459705060.000,Miguel,recording,switch_hand,1,0.160637,6.006568,5.605896,0.276763,-1.291256,-0.068379
459705070.000,Miguel,recording,switch_hand,1,0.195261,5.907287,5.041752,0.243312,-1.511916,-0.011343
459705080.000,Miguel,recording,switch_hand,1,0.233218,6.227793,3.988483,0.115405,-1.564265,0.149679
459705090.000,Miguel,recording,switch_hand,1,2.479119,7.311488,3.840309,-0.237364,-0.900085,0.468412
459705100.000,Miguel,recording,switch_hand,1,6.953621,8.632143,7.913915,-0.713980,0.242065,0.723241
459705110.000,Miguel,recording,switch_hand,1,3.903463,9.075539,9.627788,-0.820900,1.014997,0.739746
459705120.000,Miguel,recording,switch_hand,1,1.980884,8.308882,13.507479,-0.324292,1.185645,0.701768
459705130.000,Miguel,recording,switch_hand,1,1.147070,6.400027,11.965700,0.392201,0.865057,0.713456
459705140.000,Miguel,recording,switch_hand,1,0.802663,4.812705,9.523380,0.937621,0.419115,0.706622
459705150.000,Miguel,recording,switch_hand,1,1.257553,4.856203,7.152190,1.220076,0.199437,0.641026
459705160.000,Miguel,recording,switch_hand,1,1.849324,5.488916,5.193171,1.276999,0.329880,0.524434
459705170.000,Miguel,recording,switch_hand,1,2.678344,6.395428,4.805744,1.196551,0.715650,0.376700
459705180.000,Miguel,recording,switch_hand,1,3.327089,6.942427,4.958628,1.070087,1.156243,0.183995
459705190.000,Miguel,recording,switch_hand,1,3.950888,6.646423,5.486163,0.985979,1.603044,-0.081870
459705200.000,Miguel,recording,switch_hand,1,4.991621,5.737069,5.552241,1.021757,2.235194,-0.422556
459705210.000,Miguel,recording,switch_hand,1,5.536826,5.674831,4.841130,1.110213,3.096805,-0.756124
459705220.000,Miguel,recording,switch_hand,1,5.138966,6.953990,3.849570,1.012551,3.679322,-0.941973
459705230.000,Miguel,recording,switch_hand,1,2.911524,9.116288,6.302898,0.611195,3.226888,-1.004930
459705240.000,Miguel,recording,switch_hand,1,-0.531219,9.761808,6.757555,0.119437,2.030037,-1.063540
459705250.000,Miguel,recording,switch_hand,1,-4.209902,8.600150,5.795148,-0.187359,1.214061,-1.072019
459705260.000,Miguel,recording,switch_hand,1,-5.614755,7.779556,5.939990,-0.262727,1.000514,-0.918996
459705270.000,Miguel,recording,switch_hand,1,-4.292651,6.641588,6.101970,-0.266474,0.844463,-0.676755
459705280.000,Miguel,recording,switch_hand,1,-2.159842,5.983674,5.679824,-0.370942,0.535451,-0.490047
459705290.000,Miguel,recording,switch_hand,1,-2.495649,7.730844,5.331451,-0.539823,0.183325,-0.341946
459705300.000,Miguel,recording,switch_hand,1,-3.325298,8.781240,5.972109,-0.664213,-0.166624,-0.192211
459705310.000,Miguel,recording,switch_hand,1,-3.327475,8.473163,6.555326,-0.741066,-0.512681,-0.048021
459705320.000,Miguel,recording,switch_hand,1,-2.786818,7.455392,6.354644,-0.803656,-0.838663,0.068518
459705330.000,Miguel,recording,switch_hand,1,-2.014663,6.801246,5.831905,-0.884893,-1.146832,0.138202
459705340.000,Miguel,recording,switch_hand,1,-1.300219,6.840487,5.222369,-1.021574,-1.425736,0.191507
459705350.000,Miguel,recording,switch_hand,1,-0.576687,7.134602,4.860084,-1.227891,-1.650953,0.255341
459705360.000,Miguel,recording,switch_hand,1,0.025594,7.280859,4.899610,-1.473761,-1.811855,0.329585
459705370.000,Miguel,recording,switch_hand,1,0.395861,7.029330,5.419260,-1.702628,-1.909676,0.402705
459705380.000,Miguel,recording,switch_hand,1,0.652022,6.395455,6.413051,-1.864486,-1.973532,0.451968
459705390.000,Miguel,recording,switch_hand,1,1.116841,5.511813,8.041897,-1.912747,-1.999067,0.467043
459705400.000,Miguel,recording,switch_hand,1,0.700297,5.620820,9.631530,-1.798093,-1.919239,0.491835
459705410.000,Miguel,recording,switch_hand,1,0.505881,5.766522,10.726828,-1.502224,-1.706496,0.562156
459705420.000,Miguel,recording,switch_hand,1,0.465571,5.822528,11.095272,-1.070233,-1.378540,0.650968
459705430.000,Miguel,recording,switch_hand,1,0.744107,5.734065,10.766953,-0.593489,-0.958793,0.715530
459705440.000,Miguel,recording,switch_hand,1,1.092578,5.713366,9.983138,-0.163633,-0.495503,0.733654
459705450.000,Miguel,recording,switch_hand,1,1.363147,5.756564,9.180740,0.165277,-0.039599,0.707546
459705460.000,Miguel,recording,switch_hand,1,1.598863,5.827793,8.526328,0.384030,0.361153,0.650464
459705470.000,Miguel,recording,switch_hand,1,1.714061,5.921821,8.068266,0.505755,0.663311,0.574494
459705480.000,Miguel,recording,switch_hand,1,1.730583,6.009121,7.707119,0.548033,0.842622,0.490644
459705490.000,Miguel,recording,switch_hand,1,1.655800,6.079790,7.406030,0.523523,0.901722,0.411793
459705500.000,Miguel,recording,switch_hand,1,1.441904,6.136662,7.201759,0.440791,0.855389,0.346013
459705510.000,Miguel,recording,switch_hand,1,1.188733,6.163520,7.033357,0.309890,0.718051,0.297229
459705520.000,Miguel,recording,switch_hand,1,0.886763,6.176222,7.023169,0.150707,0.512885,0.270356
459705530.000,Miguel,recording,switch_hand,1,0.667574,6.192859,7.211079,-0.008230,0.276986,0.268572
459705540.000,Miguel,recording,switch_hand,1,0.540654,6.143923,7.510723,-0.134787,0.054394,0.287781
459705550.000,Miguel,recording,switch_hand,1,0.599706,6.052882,7.799350,-0.203309,-0.113709,0.317785
459705560.000,Miguel,recording,switch_hand,1,0.827576,5.957026,8.037480,-0.206637,-0.193407,0.346552
459705570.000,Miguel,recording,switch_hand,1,1.120945,5.873283,8.234860,-0.146667,-0.173727,0.364278
459705580.000,Miguel,recording,switch_hand,1,1.422210,5.797670,8.261187,-0.033810,-0.079873,0.363060
459705590.000,Miguel,recording,switch_hand,1,1.648366,5.723868,8.076479,0.107036,0.052239,0.338040
459705600.000,Miguel,recording,switch_hand,1,1.754408,5.670441,7.747865,0.233981,0.195257,0.292690
459705610.000,Miguel,recording,switch_hand,1,1.821150,5.684568,7.442803,0.313744,0.325969,0.234148
459705620.000,Miguel,recording,switch_hand,1,1.784736,5.734072,7.210441,0.342386,0.423037,0.171821
459705630.000,Miguel,recording,switch_hand,1,1.648126,5.756137,7.177014,0.335623,0.470539,0.117077
459705640.000,Miguel,recording,switch_hand,1,1.476477,5.723462,7.224729,0.314225,0.468926,0.076068
459705650.000,Miguel,recording,switch_hand,1,1.314257,5.680685,7.237051,0.287298,0.428803,0.051704
459705660.000,Miguel,recording,switch_hand,1,1.255638,5.669181,7.180713,0.252255,0.361722,0.040212
459705670.000,Miguel,recording,switch_hand,1,1.213687,5.706631,7.095548,0.202744,0.278180,0.030595
459705680.000,Miguel,recording,switch_hand,1,1.167737,5.781566,7.017949,0.137142,0.188526,0.020047
459705690.000,Miguel,recording,switch_hand,1,1.139170,5.823296,6.989727,0.062940,0.102265,0.012601
459705700.000,Miguel,recording,switch_hand,1,1.067139,5.853412,7.064629,-0.008974,0.030244,0.010164
459705710.000,Miguel,recording,switch_hand,1,1.015783,5.892625,7.208288,-0.066810,-0.015732,0.014981
459705720.000,Miguel,recording,switch_hand,1,0.983845,5.932042,7.333656,-0.101835,-0.036680,0.027898
459705730.000,Miguel,recording,switch_hand,1,1.030206,5.965380,7.423938,-0.117356,-0.040476,0.043956
459705740.000,Miguel,recording,switch_hand,1,1.174915,5.979002,7.448012,-0.121580,-0.030237,0.053761
459705750.000,Miguel,recording,switch_hand,1,1.331213,6.066367,7.482853,-0.118825,-0.006949,0.050359
459705760.000,Miguel,recording,switch_hand,1,1.367963,6.098212,7.549841,-0.113024,0.026090,0.036725
459705770.000,Miguel,recording,switch_hand,1,1.335705,6.080388,7.588562,-0.107096,0.057008,0.019687
459705780.000,Miguel,recording,switch_hand,1,1.262085,6.059523,7.584914,-0.106423,0.072314,0.004105
459705790.000,Miguel,recording,switch_hand,1,1.159218,6.038728,7.593601,-0.115322,0.069122,-0.008695
459705800.000,Miguel,recording,switch_hand,1,1.106358,5.996773,7.637096,-0.132515,0.051005,-0.020951
459705810.000,Miguel,recording,switch_hand,1,1.106261,5.976301,7.735573,-0.151329,0.025525,-0.031647
459705820.000,Miguel,recording,switch_hand,1,1.169817,5.985360,7.861859,-0.160618,-0.000067,-0.040879
459705830.000,Miguel,recording,switch_hand,1,1.211627,5.984258,7.983826,-0.154871,-0.021898,-0.051635
459705840.000,Miguel,recording,switch_hand,1,1.241780,5.952110,8.008295,-0.136903,-0.034742,-0.062936
459705850.000,Miguel,recording,switch_hand,1,1.242096,5.924770,7.987339,-0.113806,-0.033575,-0.072784
459705860.000,Miguel,recording,switch_hand,1,1.225426,5.904972,7.979771,-0.092085,-0.023296,-0.081583
459705870.000,Miguel,recording,switch_hand,1,1.182408,5.945743,7.993884,-0.074400,-0.016151,-0.089712
459705880.000,Miguel,recording,switch_hand,1,1.114344,5.951673,7.979182,-0.061479,-0.015115,-0.093801
459705890.000,Miguel,recording,switch_hand,1,1.064170,5.963792,8.023410,-0.051413,-0.015058,-0.088761
459705900.000,Miguel,recording,switch_hand,1,1.067376,5.964019,8.059315,-0.040169,-0.016978,-0.075692
459705910.000,Miguel,recording,switch_hand,1,1.176237,5.962701,8.080242,-0.026530,-0.026673,-0.062156
459705920.000,Miguel,recording,switch_hand,1,1.278022,5.956185,8.023712,-0.014910,-0.043456,-0.054738
459705930.000,Miguel,recording,switch_hand,1,1.248071,5.993820,7.938846,-0.010113,-0.058627,-0.051424
459705940.000,Miguel,recording,switch_hand,1,1.181184,6.009120,7.920558,-0.011033,-0.068343,-0.041903
459705950.000,Miguel,recording,switch_hand,1,1.172547,6.058437,7.869957,-0.016674,-0.077734,-0.018456
459705960.000,Miguel,recording,switch_hand,1,1.292229,6.131184,7.803341,-0.028696,-0.085120,0.017686
459705970.000,Miguel,recording,switch_hand,1,1.554974,6.188984,7.775090,-0.045554,-0.078839,0.055515
459705980.000,Miguel,recording,switch_hand,1,1.854755,6.206264,7.782482,-0.061580,-0.049024,0.079101
459705990.000,Miguel,recording,switch_hand,1,2.141782,6.182987,7.839585,-0.069472,0.004853,0.074992
459706000.000,Miguel,recording,switch_hand,1,2.315075,6.178465,7.977432,-0.062322,0.072373,0.035628
459706010.000,Miguel,recording,switch_hand,1,2.248793,6.255469,8.146231,-0.037149,0.140431,-0.033164
459706020.000,Miguel,recording,switch_hand,1,1.838526,6.428318,8.343190,0.006986,0.199539,-0.110383
459706030.000,Miguel,recording,switch_hand,1,1.325933,6.612723,8.585803,0.071431,0.239509,-0.167211
459706040.000,Miguel,recording,switch_hand,1,0.943718,6.775687,8.708190,0.152087,0.252588,-0.181118
459706050.000,Miguel,recording,switch_hand,1,0.858087,6.874496,8.615188,0.228633,0.234219,-0.153128
459706060.000,Miguel,recording,switch_hand,1,1.023973,6.876612,8.352369,0.272853,0.187924,-0.105193
459706070.000,Miguel,recording,switch_hand,1,1.338422,6.778416,8.109314,0.275809,0.127287,-0.063854
459706080.000,Miguel,recording,switch_hand,1,1.722378,6.612624,7.992304,0.249264,0.059071,-0.049117
459706090.000,Miguel,recording,switch_hand,1,2.112157,6.448219,8.024938,0.210946,-0.020485,-0.066794
459706100.000,Miguel,recording,switch_hand,1,2.610608,6.344489,8.085541,0.177002,-0.114776,-0.119068
459706110.000,Miguel,recording,switch_hand,1,3.066001,6.092983,8.181663,0.158409,-0.199669,-0.217088
459706120.000,Miguel,recording,switch_hand,1,3.303579,5.739148,8.371695,0.169466,-0.234522,-0.364779
459706130.000,Miguel,recording,switch_hand,1,3.455971,5.425797,8.543910,0.228713,-0.207078,-0.551087
459706140.000,Miguel,recording,switch_hand,1,3.469605,5.210354,8.531997,0.347749,-0.114352,-0.763100
459706150.000,Miguel,recording,switch_hand,1,3.579394,5.178215,7.945452,0.524166,0.089543,-0.993539
459706160.000,Miguel,recording,switch_hand,1,4.432539,5.390597,7.055051,0.739436,0.489075,-1.219363
459706170.000,Miguel,recording,switch_hand,1,5.392531,4.685277,6.122724,0.977336,1.120593,-1.375052
459706180.000,Miguel,recording,switch_hand,1,5.819429,3.848729,5.185384,1.229725,1.929406,-1.493150
459706190.000,Miguel,recording,switch_hand,1,6.309783,4.830101,4.082611,1.305339,2.631221,-1.810051
459706200.000,Miguel,recording,switch_hand,1,6.414937,6.466629,0.592126,0.791212,2.667977,-2.602132
459706210.000,Miguel,recording,switch_hand,1,0.041472,7.910730,1.324055,0.016526,2.363318,-3.468647
459706220.000,Miguel,recording,switch_hand,1,-9.379225,9.753643,3.765395,-0.354960,2.480263,-3.663101
459706230.000,Miguel,recording,switch_hand,1,-10.191555,8.384564,3.085457,-0.536995,2.774324,-3.260015
459706240.000,Miguel,recording,switch_hand,1,-7.720818,5.761347,1.310372,-0.919414,2.822457,-2.763124
459706250.000,Miguel,recording,switch_hand,1,-6.210341,4.780130,0.999022,-1.431472,2.687781,-2.354153
459706260.000,Miguel,recording,switch_hand,1,-6.243697,4.624952,1.140823,-1.934903,2.509889,-2.006822
459706270.000,Miguel,recording,switch_hand,1,-6.495749,4.886814,0.779896,-2.506596,2.230488,-1.761497
459706280.000,Miguel,recording,switch_hand,1,-6.525312,4.364577,-0.290682,-3.278552,1.790923,-1.666640
459706290.000,Miguel,recording,switch_hand,1,-8.405462,4.454785,3.822114,-3.899966,1.022825,-1.582422
459706300.000,Miguel,recording,switch_hand,1,-8.753173,3.840549,6.874122,-4.061773,0.003232,-1.385592
459706310.000,Miguel,recording,switch_hand,1,-5.745960,2.737923,8.924297,-3.910061,-0.889732,-1.169691
459706320.000,Miguel,recording,switch_hand,1,-4.142506,0.790136,11.389186,-3.590486,-1.465427,-1.040169
459706330.000,Miguel,recording,switch_hand,1,-2.029938,1.565994,12.707483,-3.078721,-1.691648,-0.969782
459706340.000,Miguel,recording,switch_hand,1,-1.337992,1.958671,15.375073,-2.291472,-1.614099,-0.923968
459706350.000,Miguel,recording,switch_hand,1,-1.813003,1.622716,16.380622,-1.351527,-1.296932,-0.902345
459706360.000,Miguel,recording,switch_hand,1,-1.643973,1.129901,15.633309,-0.437051,-0.884781,-0.885036
459706370.000,Miguel,recording,switch_hand,1,-2.408915,0.966043,13.826286,0.297973,-0.460233,-0.861671
459706380.000,Miguel,recording,switch_hand,1,-3.371175,1.239471,11.632874,0.775077,-0.056218,-0.808670
459706390.000,Miguel,recording,switch_hand,1,-4.357092,1.962339,9.731024,0.996711,0.268717,-0.720460
459706400.000,Miguel,recording,switch_hand,1,-5.159829,2.799158,8.315769,1.015311,0.461486,-0.608268
459706410.000,Miguel,recording,switch_hand,1,-5.639164,3.493993,7.456909,0.896543,0.474080,-0.482924
459706420.000,Miguel,recording,switch_hand,1,-5.772975,3.924134,7.212266,0.710928,0.304808,-0.356237
459706430.000,Miguel,recording,switch_hand,1,-5.588165,3.941634,7.432714,0.525603,0.001730,-0.239099
459706440.000,Miguel,recording,switch_hand,1,-5.222294,3.761463,8.023048,0.398721,-0.354970,-0.140599
459706450.000,Miguel,recording,switch_hand,1,-4.805277,3.579701,8.676660,0.357851,-0.686713,-0.064108
459706460.000,Miguel,recording,switch_hand,1,-4.436273,3.435553,9.154315,0.389565,-0.942075,-0.003712
459706470.000,Miguel,recording,switch_hand,1,-4.123662,3.269011,9.392805,0.463055,-1.086182,0.048840
459706480.000,Miguel,recording,switch_hand,1,-3.910683,3.103894,9.490079,0.547227,-1.108011,0.101903
459706490.000,Miguel,recording,switch_hand,1,-3.673390,3.019607,9.554962,0.626721,-1.023040,0.160871
459706500.000,Miguel,recording,switch_hand,1,-3.422228,3.036103,9.547480,0.702804,-0.868863,0.217516
459706510.000,Miguel,recording,switch_hand,1,-3.237395,3.172963,9.390977,0.773168,-0.694013,0.260415
459706520.000,Miguel,recording,switch_hand,1,-3.100235,3.381581,9.070421,0.827840,-0.536811,0.287856
459706530.000,Miguel,recording,switch_hand,1,-3.021712,3.562742,8.739634,0.860399,-0.422939,0.303561
459706540.000,Miguel,recording,switch_hand,1,-3.010693,3.724101,8.446567,0.873954,-0.369824,0.311760
459706550.000,Miguel,recording,switch_hand,1,-2.999078,3.857863,8.206205,0.874001,-0.369500,0.315266
459706560.000,Miguel,recording,switch_hand,1,-2.961062,3.978112,8.022469,0.861035,-0.395847,0.317466
459706570.000,Miguel,recording,switch_hand,1,-2.841912,4.071813,7.878576,0.835459,-0.424756,0.317859
459706580.000,Miguel,recording,switch_hand,1,-2.758331,4.130281,7.753285,0.796761,-0.442106,0.315121
459706590.000,Miguel,recording,switch_hand,1,-2.693401,4.213059,7.599675,0.743354,-0.443428,0.311015
459706600.000,Miguel,recording,switch_hand,1,-2.649071,4.347870,7.476470,0.676716,-0.426490,0.307538
459706610.000,Miguel,recording,switch_hand,1,-2.543763,4.472929,7.413445,0.599756,-0.395302,0.306063
459706620.000,Miguel,recording,switch_hand,1,-2.428145,4.562368,7.424404,0.518371,-0.355177,0.305489
459706630.000,Miguel,recording,switch_hand,1,-2.382256,4.603463,7.488400,0.441640,-0.310695,0.308198
459706640.000,Miguel,recording,switch_hand,1,-2.339117,4.649475,7.565410,0.375218,-0.267819,0.319363
459706650.000,Miguel,recording,switch_hand,1,-2.272911,4.719986,7.603405,0.320592,-0.230975,0.337835
459706660.000,Miguel,recording,switch_hand,1,-2.169429,4.815664,7.648315,0.277370,-0.208138,0.356666
459706670.000,Miguel,recording,switch_hand,1,-2.073931,4.855644,7.688024,0.246681,-0.211324,0.368958
459706680.000,Miguel,recording,switch_hand,1,-2.027069,4.906373,7.760225,0.228582,-0.246594,0.375445
459706690.000,Miguel,recording,switch_hand,1,-1.924382,4.954601,7.854734,0.220884,-0.302920,0.379983
459706700.000,Miguel,recording,switch_hand,1,-1.793258,5.027389,7.940852,0.220166,-0.357102,0.379694
459706710.000,Miguel,recording,switch_hand,1,-1.731319,5.063261,8.018048,0.220973,-0.392120,0.371775
459706720.000,Miguel,recording,switch_hand,1,-1.682273,5.147215,8.052769,0.217808,-0.406026,0.359494
459706730.000,Miguel,recording,switch_hand,1,-1.590338,5.175441,8.074536,0.207897,-0.401442,0.343765
459706740.000,Miguel,recording,switch_hand,1,-1.498846,5.187431,8.021456,0.191352,-0.385229,0.323841
459706750.000,Miguel,recording,switch_hand,1,-1.460921,5.188293,8.026500,0.170465,-0.368973,0.302934
459706760.000,Miguel,recording,switch_hand,1,-1.428483,5.221056,8.103233,0.152274,-0.357558,0.283968
459706770.000,Miguel,recording,switch_hand,1,-1.438575,5.249562,8.167962,0.142260,-0.347700,0.266990
459706780.000,Miguel,recording,switch_hand,1,-1.418789,5.231084,8.196245,0.139674,-0.338995,0.250804
459706790.000,Miguel,recording,switch_hand,1,-1.445731,5.178290,8.188465,0.141085,-0.338591,0.238576
459706800.000,Miguel,recording,switch_hand,1,-1.516297,5.142580,8.225054,0.144950,-0.351245,0.235505
459706810.000,Miguel,recording,switch_hand,1,-1.648886,5.160675,8.297368,0.156272,-0.374268,0.245012
459706820.000,Miguel,recording,switch_hand,1,-1.712789,5.174213,8.400147,0.178456,-0.399304,0.267889
459706830.000,Miguel,recording,switch_hand,1,-1.708602,5.168566,8.479099,0.209234,-0.414702,0.301040
459706840.000,Miguel,recording,switch_hand,1,-1.629593,5.149667,8.502419,0.244414,-0.412948,0.338936
459706850.000,Miguel,recording,switch_hand,1,-1.531523,5.133111,8.479912,0.278936,-0.399469,0.377095
459706860.000,Miguel,recording,switch_hand,1,-1.429424,5.151236,8.415632,0.309489,-0.382781,0.411825
459706870.000,Miguel,recording,switch_hand,1,-1.367186,5.183292,8.364306,0.334100,-0.370461,0.441713
459706880.000,Miguel,recording,switch_hand,1,-1.344531,5.251998,8.322014,0.354561,-0.370650,0.468205
459706890.000,Miguel,recording,switch_hand,1,-1.323754,5.310984,8.289092,0.375168,-0.382758,0.494108
459706900.000,Miguel,recording,switch_hand,1,-1.224229,5.361839,8.309837,0.397131,-0.400850,0.520605
459706910.000,Miguel,recording,switch_hand,1,-1.056310,5.381337,8.343431,0.420323,-0.417768,0.544034
459706920.000,Miguel,recording,switch_hand,1,-0.872884,5.396996,8.399357,0.447753,-0.424082,0.559194
459706930.000,Miguel,recording,switch_hand,1,-0.742584,5.449457,8.401391,0.480363,-0.418568,0.564037
459706940.000,Miguel,recording,switch_hand,1,-0.630989,5.497249,8.338665,0.518404,-0.414885,0.559613
459706950.000,Miguel,recording,switch_hand,1,-0.520944,5.589900,8.213439,0.559589,-0.430304,0.549377
459706960.000,Miguel,recording,switch_hand,1,-0.416295,5.668450,8.066854,0.594646,-0.467928,0.533684
459706970.000,Miguel,recording,switch_hand,1,-0.358321,5.664473,7.908607,0.610640,-0.499677,0.503627
459706980.000,Miguel,recording,switch_hand,1,-0.543524,5.431645,7.705379,0.589320,-0.471606,0.463883
459706990.000,Miguel,recording,switch_hand,1,-0.698618,5.544048,7.798641,0.559033,-0.393191,0.472164
459707000.000,Miguel,recording,switch_hand,1,-0.762827,5.714736,7.923709,0.555276,-0.331467,0.543765
459707010.000,Miguel,recording,switch_hand,1,-0.526480,5.914295,7.875423,0.563433,-0.301077,0.612835
459707020.000,Miguel,recording,switch_hand,1,-0.207769,6.016054,7.668904,0.564707,-0.271764,0.638350
459707030.000,Miguel,recording,switch_hand,1,0.087883,6.128677,7.461259,0.548859,-0.236005,0.624565
459707040.000,Miguel,recording,switch_hand,1,0.318239,6.214497,7.281566,0.515876,-0.213236,0.588456
459707050.000,Miguel,recording,switch_hand,2,0.530262,6.300440,7.231504,0.475661,-0.214319,0.536835
459707060.000,Miguel,recording,switch_hand,2,0.654483,6.392138,7.273029,0.440218,-0.238099,0.472810
459707070.000,Miguel,recording,switch_hand,2,0.670815,6.491029,7.380685,0.416059,-0.270000,0.403122
459707080.000,Miguel,recording,switch_hand,2,0.587850,6.514915,7.425115,0.402495,-0.291227,0.338957
459707090.000,Miguel,recording,switch_hand,2,0.446929,6.483899,7.388598,0.392191,-0.290631,0.290459
459707100.000,Miguel,recording,switch_hand,2,0.406763,6.448416,7.279568,0.375109,-0.264240,0.261522
459707110.000,Miguel,recording,switch_hand,2,0.404983,6.464089,7.132454,0.343598,-0.216936,0.247599
459707120.000,Miguel,recording,switch_hand,2,0.498791,6.476991,7.036568,0.298006,-0.160130,0.239400
459707130.000,Miguel,recording,switch_hand,2,0.618493,6.543296,7.014569,0.249329,-0.110186,0.229907
459707140.000,Miguel,recording,switch_hand,2,0.708900,6.626028,7.087844,0.213213,-0.082495,0.215522
459707150.000,Miguel,recording,switch_hand,2,0.814696,6.691638,7.206437,0.198067,-0.083778,0.195139
459707160.000,Miguel,recording,switch_hand,2,0.892614,6.744793,7.287403,0.204135,-0.111483,0.168918
459707170.000,Miguel,recording,switch_hand,2,0.911153,6.742049,7.328702,0.227242,-0.151129,0.138363
459707180.000,Miguel,recording,switch_hand,2,0.853372,6.707064,7.270691,0.256480,-0.183774,0.110575
459707190.000,Miguel,recording,switch_hand,2,0.737775,6.662056,7.170430,0.280168,-0.197821,0.093398
459707200.000,Miguel,recording,switch_hand,2,0.660984,6.634707,7.054372,0.290203,-0.195880,0.089676
459707210.000,Miguel,recording,switch_hand,2,0.616284,6.618433,6.992410,0.285769,-0.185958,0.098246
459707220.000,Miguel,recording,switch_hand,2,0.625459,6.652775,6.970112,0.273163,-0.175545,0.114625
459707230.000,Miguel,recording,switch_hand,2,0.759303,6.723859,6.991981,0.261313,-0.172290,0.131806
459707240.000,Miguel,recording,switch_hand,2,0.962469,6.799577,7.020534,0.257563,-0.182918,0.137081
459707250.000,Miguel,recording,switch_hand,2,1.145966,6.850831,7.035656,0.262441,-0.209081,0.123799
459707260.000,Miguel,recording,switch_hand,2,1.295943,6.877388,7.058083,0.271779,-0.239833,0.094680
459707270.000,Miguel,recording,switch_hand,2,1.283888,6.866207,7.000524,0.277170,-0.260097,0.053780
459707280.000,Miguel,recording,switch_hand,2,1.164936,6.856046,6.946491,0.270833,-0.257953,0.013038
459707290.000,Miguel,recording,switch_hand,2,0.974305,6.840460,6.888665,0.251779,-0.232002,-0.015602
459707300.000,Miguel,recording,switch_hand,2,0.792964,6.775179,6.844188,0.224622,-0.196572,-0.026519
459707310.000,Miguel,recording,switch_hand,2,0.699397,6.704902,6.783709,0.195348,-0.170356,-0.022541
459707320.000,Miguel,recording,switch_hand,2,0.708730,6.691342,6.725778,0.167073,-0.161516,-0.014168
459707330.000,Miguel,recording,switch_hand,2,0.765863,6.744381,6.684369,0.139364,-0.165407,-0.011182
459707340.000,Miguel,recording,switch_hand,2,0.842229,6.799815,6.699882,0.111800,-0.174207,-0.020403
459707350.000,Miguel,recording,switch_hand,2,0.898015,6.790132,6.743331,0.086089,-0.175581,-0.037911
459707360.000,Miguel,recording,switch_hand,2,0.837408,6.682653,6.766598,0.058426,-0.153657,-0.052053
459707370.000,Miguel,recording,switch_hand,2,0.696660,6.577152,6.802835,0.023046,-0.098953,-0.055456
459707380.000,Miguel,recording,switch_hand,2,0.489145,6.597508,6.864031,-0.016636,-0.019302,-0.049423
459707390.000,Miguel,recording,switch_hand,2,0.286373,6.698056,6.936895,-0.052636,0.060409,-0.038635
459707400.000,Miguel,recording,switch_hand,2,0.268228,6.739221,6.962047,-0.080205,0.116327,-0.026322
459707410.000,Miguel,recording,switch_hand,2,0.278561,6.688165,6.894017,-0.100462,0.138216,-0.018826
459707420.000,Miguel,recording,switch_hand,2,0.104802,6.505471,6.899956,-0.120532,0.140416,-0.016976
459707430.000,Miguel,recording,switch_hand,2,-0.295470,6.209226,6.980173,-0.140025,0.142320,0.000996
459707440.000,Miguel,recording,switch_hand,2,-0.478892,6.209100,7.056626,-0.143956,0.120327,0.067177
459707450.000,Miguel,recording,switch_hand,2,-0.487890,6.313785,7.134643,-0.122502,0.048925,0.171423
459707460.000,Miguel,recording,switch_hand,2,-0.257955,6.480292,7.190391,-0.081412,-0.049794,0.267403
459707470.000,Miguel,recording,switch_hand,2,0.179070,6.528631,7.193161,-0.038133,-0.143306,0.326063
459707480.000,Miguel,recording,switch_hand,2,0.676922,6.584610,7.217673,-0.006008,-0.209045,0.344744
459707490.000,Miguel,recording,switch_hand,2,1.127229,6.625225,7.304060,0.009652,-0.234165,0.329128
459707500.000,Miguel,recording,switch_hand,2,1.552014,6.682804,7.477675,0.010243,-0.220634,0.283678
459707510.000,Miguel,recording,switch_hand,2,1.965825,6.729206,7.766068,0.006041,-0.180702,0.214204
459707520.000,Miguel,recording,switch_hand,2,2.250667,6.860424,8.039375,0.011959,-0.110744,0.123543
459707530.000,Miguel,recording,switch_hand,2,2.275331,7.104885,8.225163,0.040435,-0.007059,0.013869
459707540.000,Miguel,recording,switch_hand,2,2.055197,7.325867,8.195021,0.088774,0.105390,-0.105197
459707550.000,Miguel,recording,switch_hand,2,1.687806,7.401295,7.898224,0.140973,0.198732,-0.214732
459707560.000,Miguel,recording,switch_hand,2,1.330949,7.321044,7.424704,0.174287,0.258198,-0.294733
459707570.000,Miguel,recording,switch_hand,2,0.986899,7.185450,6.941682,0.176128,0.282341,-0.337693
459707580.000,Miguel,recording,switch_hand,2,0.659505,7.062987,6.658807,0.154265,0.275381,-0.344829
459707590.000,Miguel,recording,switch_hand,2,0.401502,6.891493,6.569557,0.129361,0.236197,-0.319517
459707600.000,Miguel,recording,switch_hand,2,0.210294,6.722364,6.610339,0.121026,0.165857,-0.269363
459707610.000,Miguel,recording,switch_hand,2,0.080357,6.561070,6.643413,0.134663,0.073960,-0.204333
459707620.000,Miguel,recording,switch_hand,2,-0.081072,6.430757,6.619161,0.162380,-0.024174,-0.132608
459707630.000,Miguel,recording,switch_hand,2,-0.196980,6.353303,6.537961,0.191571,-0.114151,-0.057077
459707640.000,Miguel,recording,switch_hand,2,-0.304654,6.278548,6.431564,0.211892,-0.186045,0.022688
459707650.000,Miguel,recording,switch_hand,2,-0.373166,6.243710,6.247673,0.216740,-0.238500,0.104840
459707660.000,Miguel,recording,switch_hand,2,-0.341539,6.246152,6.099347,0.200285,-0.282656,0.188005
459707670.000,Miguel,recording,switch_hand,2,-0.175343,6.254104,6.109105,0.163634,-0.323320,0.266746
459707680.000,Miguel,recording,switch_hand,2,0.055716,6.344982,6.181532,0.114282,-0.350571,0.327120
459707690.000,Miguel,recording,switch_hand,2,0.282068,6.467981,6.317629,0.058039,-0.355029,0.359970
459707700.000,Miguel,recording,switch_hand,2,0.405844,6.571163,6.422321,-0.003319,-0.333133,0.370907
459707710.000,Miguel,recording,switch_hand,2,0.493708,6.645659,6.513521,-0.077590,-0.273585,0.377793
459707720.000,Miguel,recording,switch_hand,2,0.643942,6.753239,6.426974,-0.177593,-0.157387,0.398547
459707730.000,Miguel,recording,switch_hand,2,1.007224,6.956897,6.350343,-0.297422,-0.003831,0.428528
459707740.000,Miguel,recording,switch_hand,2,1.510226,7.099443,6.479511,-0.402918,0.121074,0.441550
459707750.000,Miguel,recording,switch_hand,2,1.326755,6.557343,6.795732,-0.466027,0.188010,0.433225
459707760.000,Miguel,recording,switch_hand,2,-0.032692,5.557871,7.149465,-0.462864,0.189886,0.478989
459707770.000,Miguel,recording,switch_hand,2,-0.814029,6.036633,6.926583,-0.399317,0.090344,0.647497
459707780.000,Miguel,recording,switch_hand,2,-0.368728,7.472918,6.332491,-0.351582,-0.044503,0.862594
459707790.000,Miguel,recording,switch_hand,2,1.438507,8.019758,6.040368,-0.380526,-0.058077,0.993188
459707800.000,Miguel,recording,switch_hand,2,2.768101,7.191458,6.086315,-0.466650,0.084574,1.001512
459707810.000,Miguel,recording,switch_hand,2,3.195859,6.437244,7.116457,-0.494733,0.234031,0.921472
459707820.000,Miguel,recording,switch_hand,2,2.807618,5.990282,7.052547,-0.441849,0.243953,0.799710
459707830.000,Miguel,recording,switch_hand,2,1.327005,6.180567,6.438329,-0.409002,0.116373,0.699658
459707840.000,Miguel,recording,switch_hand,2,0.560923,6.186533,6.156906,-0.447612,-0.048639,0.661058
459707850.000,Miguel,recording,switch_hand,2,0.490222,6.064532,6.474164,-0.545249,-0.170744,0.661893
459707860.000,Miguel,recording,switch_hand,2,0.578708,5.898679,6.913745,-0.650538,-0.242780,0.667166
459707870.000,Miguel,recording,switch_hand,2,0.686189,5.689208,7.302946,-0.736732,-0.287268,0.670215
459707880.000,Miguel,recording,switch_hand,2,0.830576,5.595328,7.588111,-0.798492,-0.301091,0.665672
459707890.000,Miguel,recording,switch_hand,2,0.996158,5.651437,7.865996,-0.835146,-0.260793,0.638594
459707900.000,Miguel,recording,switch_hand,2,1.185231,5.862117,8.300953,-0.842329,-0.178882,0.587661
459707910.000,Miguel,recording,switch_hand,2,1.621989,6.179496,8.685218,-0.806978,-0.098402,0.524548
459707920.000,Miguel,recording,switch_hand,2,2.295518,6.348153,9.013856,-0.725692,-0.052682,0.453362
459707930.000,Miguel,recording,switch_hand,2,2.913833,6.501042,8.870519,-0.610923,-0.049125,0.371238
459707940.000,Miguel,recording,switch_hand,2,2.953454,6.740850,8.318635,-0.501345,-0.058027,0.276476
459707950.000,Miguel,recording,switch_hand,2,2.334701,6.458807,8.124086,-0.435674,-0.029346,0.181947
459707960.000,Miguel,recording,switch_hand,2,1.253333,5.863856,8.451205,-0.392295,0.025013,0.127276
459707970.000,Miguel,recording,switch_hand,2,1.432985,6.632609,9.329672,-0.296424,0.060531,0.122011
459707980.000,Miguel,recording,switch_hand,2,1.310815,6.724630,9.876410,-0.109436,0.078376,0.138472
459707990.000,Miguel,recording,switch_hand,2,1.340556,6.330716,9.973785,0.127269,0.094653,0.161017
459708000.000,Miguel,recording,switch_hand,2,1.083577,6.111057,9.696481,0.349387,0.120323,0.196689
459708010.000,Miguel,recording,switch_hand,2,1.083263,6.171443,9.204190,0.518299,0.158014,0.251177
459708020.000,Miguel,recording,switch_hand,2,1.241513,6.336102,8.742561,0.624694,0.195171,0.307591
459708030.000,Miguel,recording,switch_hand,2,1.486189,6.358501,8.261112,0.674188,0.225480,0.350776
459708040.000,Miguel,recording,switch_hand,2,1.711206,6.345137,7.771691,0.676734,0.257956,0.371225
459708050.000,Miguel,recording,switch_hand,2,1.927131,6.385621,7.385540,0.644394,0.309516,0.367626
459708060.000,Miguel,recording,switch_hand,2,2.114102,6.486736,7.171024,0.589274,0.379129,0.352773
459708070.000,Miguel,recording,switch_hand,2,2.145670,6.449966,7.023429,0.524167,0.443741,0.339208
459708080.000,Miguel,recording,switch_hand,2,2.157988,6.295327,6.877559,0.457230,0.486759,0.328580
459708090.000,Miguel,recording,switch_hand,2,2.105387,6.094769,6.739835,0.387783,0.510730,0.314853
459708100.000,Miguel,recording,switch_hand,2,2.033792,5.927282,6.720662,0.317518,0.526569,0.294597
459708110.000,Miguel,recording,switch_hand,2,1.960490,5.805733,6.757166,0.254493,0.541241,0.273547
459708120.000,Miguel,recording,switch_hand,2,1.946608,5.727675,6.824410,0.204673,0.557971,0.257768
459708130.000,Miguel,recording,switch_hand,2,1.982635,5.694492,6.839842,0.168425,0.581413,0.247592
459708140.000,Miguel,recording,switch_hand,2,2.005502,5.639560,6.864342,0.139566,0.613738,0.241511
459708150.000,Miguel,recording,switch_hand,2,2.056201,5.616287,6.875480,0.112830,0.644942,0.238360
459708160.000,Miguel,recording,switch_hand,2,2.085870,5.567226,6.898315,0.087462,0.664309,0.235891
459708170.000,Miguel,recording,switch_hand,2,2.097926,5.530175,6.907093,0.061015,0.671136,0.232630
459708180.000,Miguel,recording,switch_hand,2,2.081574,5.498281,6.965616,0.033132,0.668816,0.228435
459708190.000,Miguel,recording,switch_hand,2,1.996257,5.524401,7.099641,0.009041,0.658871,0.222080
459708200.000,Miguel,recording,switch_hand,2,1.899963,5.478976,7.260234,-0.003043,0.642421,0.214149
459708210.000,Miguel,recording,switch_hand,2,1.790346,5.414937,7.406664,0.001880,0.624933,0.207705
459708220.000,Miguel,recording,switch_hand,2,1.690864,5.374292,7.492157,0.017436,0.609554,0.205239
459708230.000,Miguel,recording,switch_hand,2,1.679781,5.401712,7.536027,0.030994,0.591696,0.208881
459708240.000,Miguel,recording,switch_hand,2,1.687171,5.433587,7.604921,0.033340,0.551407,0.217757
459708250.000,Miguel,recording,switch_hand,2,1.792429,5.485090,7.692703,0.022963,0.461328,0.221347
459708260.000,Miguel,recording,switch_hand,2,1.921775,5.510003,7.737890,0.002427,0.318871,0.210840
459708270.000,Miguel,recording,switch_hand,2,2.063374,5.517893,7.679263,-0.026805,0.152393,0.184742
459708280.000,Miguel,recording,switch_hand,2,2.167146,5.525585,7.577487,-0.063096,-0.003099,0.145989
459708290.000,Miguel,recording,switch_hand,2,2.234788,5.568373,7.533085,-0.102653,-0.119718,0.100490
459708300.000,Miguel,recording,switch_hand,2,2.246721,5.622184,7.616034,-0.133124,-0.184138,0.052554
459708310.000,Miguel,recording,switch_hand,2,2.220203,5.695996,7.766869,-0.138130,-0.202472,0.007576
459708320.000,Miguel,recording,switch_hand,2,2.194645,5.750122,7.899073,-0.112706,-0.186372,-0.028886
459708330.000,Miguel,recording,switch_hand,2,2.157867,5.798549,7.909178,-0.064457,-0.141499,-0.056812
459708340.000,Miguel,recording,switch_hand,2,2.155166,5.874738,7.837638,-0.006783,-0.072595,-0.080724
459708350.000,Miguel,recording,switch_hand,2,2.107330,5.966762,7.751882,0.046480,0.015429,-0.104141
459708360.000,Miguel,recording,switch_hand,2,1.989696,6.070213,7.751251,0.089324,0.117958,-0.126634
459708370.000,Miguel,recording,switch_hand,2,1.817412,6.224597,7.805195,0.125350,0.221136,-0.140773
459708380.000,Miguel,recording,switch_hand,2,1.608006,6.239784,7.876516,0.160020,0.307312,-0.139624
459708390.000,Miguel,recording,switch_hand,2,1.500573,6.200178,7.901649,0.194249,0.366485,-0.125716
459708400.000,Miguel,recording,switch_hand,2,1.488993,6.125965,7.864269,0.224901,0.400367,-0.110807
459708410.000,Miguel,recording,switch_hand,2,1.521007,6.062293,7.770555,0.244794,0.413600,-0.106756
459708420.000,Miguel,recording,switch_hand,2,1.544357,6.018392,7.619167,0.248782,0.409527,-0.115351
459708430.000,Miguel,recording,switch_hand,2,1.495433,6.035779,7.482916,0.234493,0.394930,-0.131105
459708440.000,Miguel,recording,switch_hand,2,1.409821,6.068065,7.371551,0.204949,0.371844,-0.149225
459708450.000,Miguel,recording,switch_hand,2,1.340778,6.104666,7.385501,0.169731,0.338809,-0.167073
459708460.000,Miguel,recording,switch_hand,2,1.289598,6.119583,7.462367,0.138267,0.302472,-0.185974
459708470.000,Miguel,recording,switch_hand,2,1.233029,6.122043,7.618441,0.122876,0.277403,-0.209627
459708480.000,Miguel,recording,switch_hand,2,1.197454,6.097765,7.784543,0.132344,0.274502,-0.234670
459708490.000,Miguel,recording,switch_hand,2,1.158719,6.043671,7.881579,0.165965,0.292653,-0.253423
459708500.000,Miguel,recording,switch_hand,2,1.169251,5.998415,7.882100,0.214950,0.320221,-0.265418
459708510.000,Miguel,recording,switch_hand,2,1.147657,6.021166,7.732869,0.263511,0.345519,-0.274063
459708520.000,Miguel,recording,switch_hand,2,1.113683,6.078238,7.511999,0.290688,0.359848,-0.279053
459708530.000,Miguel,recording,switch_hand,2,1.059088,6.124352,7.262320,0.283499,0.356365,-0.278683
459708540.000,Miguel,recording,switch_hand,2,1.015126,6.157148,7.132048,0.246299,0.329628,-0.274929
459708550.000,Miguel,recording,switch_hand,2,1.031552,6.195470,7.195795,0.196860,0.284155,-0.276743
459708560.000,Miguel,recording,switch_hand,2,1.022252,6.257678,7.406204,0.156544,0.238816,-0.288790
459708570.000,Miguel,recording,switch_hand,2,0.953042,6.302452,7.616959,0.138945,0.209036,-0.302812
459708580.000,Miguel,recording,switch_hand,2,0.871241,6.307887,7.786727,0.147411,0.199446,-0.307120
459708590.000,Miguel,recording,switch_hand,2,0.829615,6.297141,7.879486,0.175614,0.208899,-0.298937
459708600.000,Miguel,recording,switch_hand,2,0.785622,6.348269,7.887316,0.209094,0.227551,-0.282252
459708610.000,Miguel,recording,switch_hand,2,0.697993,6.444261,7.773332,0.233504,0.238474,-0.263948
459708620.000,Miguel,recording,switch_hand,2,0.615045,6.510032,7.644445,0.242680,0.232483,-0.249573
459708630.000,Miguel,recording,switch_hand,2,0.597928,6.542392,7.635483,0.238128,0.211516,-0.243301
459708640.000,Miguel,recording,switch_hand,2,0.641026,6.558143,7.688871,0.231569,0.181141,-0.252054
459708650.000,Miguel,recording,switch_hand,2,0.642824,6.555132,7.792405,0.239201,0.152192,-0.278078
459708660.000,Miguel,recording,switch_hand,2,0.594806,6.517786,7.852761,0.269808,0.140316,-0.317140
459708670.000,Miguel,recording,switch_hand,2,0.370163,6.584409,7.749751,0.318676,0.161023,-0.358744
459708680.000,Miguel,recording,switch_hand,2,0.083565,6.734232,7.628440,0.374187,0.224554,-0.383305
459708690.000,Miguel,recording,switch_hand,2,-0.116880,6.915990,7.502002,0.424523,0.312169,-0.378422
459708700.000,Miguel,recording,switch_hand,2,-0.201632,7.147700,7.388521,0.462821,0.383226,-0.350270
459708710.000,Miguel,recording,switch_hand,2,-0.226972,7.288795,7.278445,0.489656,0.407674,-0.316453
459708720.000,Miguel,recording,switch_hand,2,-0.225655,7.333521,7.151738,0.503820,0.377850,-0.292696
459708730.000,Miguel,recording,switch_hand,2,-0.228006,7.283831,6.998283,0.503336,0.310958,-0.282934
459708740.000,Miguel,recording,switch_hand,2,-0.246794,7.207695,6.847136,0.490437,0.234474,-0.282573
459708750.000,Miguel,recording,switch_hand,2,-0.227995,7.186762,6.687697,0.466756,0.165702,-0.284299
459708760.000,Miguel,recording,switch_hand,2,-0.243452,7.233808,6.493942,0.432562,0.119832,-0.280880
459708770.000,Miguel,recording,switch_hand,2,-0.331519,7.288625,6.358608,0.387970,0.115422,-0.266304
459708780.000,Miguel,recording,switch_hand,2,-0.416444,7.271914,6.352327,0.337404,0.156995,-0.237492
459708790.000,Miguel,recording,switch_hand,2,-0.430179,7.183969,6.488937,0.293131,0.229940,-0.196467
459708800.000,Miguel,recording,switch_hand,2,-0.372784,7.099125,6.664803,0.265250,0.309239,-0.152540
459708810.000,Miguel,recording,switch_hand,2,-0.247180,6.973903,6.882927,0.257661,0.376343,-0.118851
459708820.000,Miguel,recording,switch_hand,2,-0.046089,6.796757,7.027861,0.271660,0.428053,-0.107435
459708830.000,Miguel,recording,switch_hand,2,0.304303,6.621310,7.071350,0.304368,0.470981,-0.126358
459708840.000,Miguel,recording,switch_hand,2,0.893870,6.567188,6.983201,0.350855,0.521332,-0.178220
459708850.000,Miguel,recording,switch_hand,2,1.780752,6.673660,6.699106,0.407222,0.604447,-0.267397
459708860.000,Miguel,recording,switch_hand,2,2.756347,6.712724,6.280856,0.462318,0.741323,-0.415493
459708870.000,Miguel,recording,switch_hand,2,3.372829,6.492679,5.706060,0.477751,0.902404,-0.650677
459708880.000,Miguel,recording,switch_hand,2,3.470354,5.167794,4.937543,0.385932,0.983463,-0.944463
459708890.000,Miguel,recording,switch_hand,2,2.734391,4.687804,4.883748,0.205246,0.947779,-1.250653
459708900.000,Miguel,recording,switch_hand,2,1.320473,5.737260,5.221561,0.041501,0.877386,-1.521821
459708910.000,Miguel,recording,switch_hand,2,0.227698,6.209518,4.911521,-0.066168,0.771045,-1.687422
459708920.000,Miguel,recording,switch_hand,2,-0.280460,6.146026,4.395438,-0.185880,0.607125,-1.745797
459708930.000,Miguel,recording,switch_hand,2,-1.317615,6.786430,3.456820,-0.441542,0.483167,-1.727026
459708940.000,Miguel,recording,switch_hand,2,-2.235134,7.232889,2.223464,-0.877533,0.474102,-1.674487
459708950.000,Miguel,recording,switch_hand,2,-2.747724,7.741182,2.315885,-1.283257,0.641557,-1.651526
459708960.000,Miguel,recording,switch_hand,2,-3.586065,7.181043,2.132162,-1.621038,0.946007,-1.651771
459708970.000,Miguel,recording,switch_hand,2,-4.923086,6.075689,2.118520,-2.089770,1.102176,-1.619464
459708980.000,Miguel,recording,switch_hand,2,-7.793606,5.844386,8.591850,-2.421762,0.722124,-1.460535
459708990.000,Miguel,recording,switch_hand,2,-7.229836,4.489217,12.034396,-2.325662,0.284516,-1.174721
459709000.000,Miguel,recording,switch_hand,2,-5.578268,3.871953,12.963831,-1.918856,0.289139,-0.867829
459709010.000,Miguel,recording,switch_hand,2,-3.859078,4.049115,10.903457,-1.358694,0.380109,-0.600268
459709020.000,Miguel,recording,switch_hand,2,-3.500030,4.595067,10.110032,-0.795782,0.355272,-0.400799
459709030.000,Miguel,recording,switch_hand,2,-3.412719,5.280976,9.315930,-0.336060,0.262079,-0.257556
459709040.000,Miguel,recording,switch_hand,2,-3.599159,5.897229,8.918135,-0.001550,0.169597,-0.144917
459709050.000,Miguel,recording,switch_hand,2,-3.550936,6.458586,8.402934,0.213020,0.043088,-0.060409
459709060.000,Miguel,recording,switch_hand,2,-3.721666,6.670036,8.325250,0.346400,-0.136870,-0.002272
459709070.000,Miguel,recording,switch_hand,2,-3.747074,6.703343,8.279091,0.445552,-0.337351,0.038380
459709080.000,Miguel,recording,switch_hand,2,-3.747015,6.639650,8.097911,0.522014,-0.538598,0.064788
459709090.000,Miguel,recording,switch_hand,2,-3.684778,6.671966,7.850383,0.562485,-0.724284,0.078705
459709100.000,Miguel,recording,switch_hand,2,-3.514675,6.743919,7.546932,0.556749,-0.860638,0.080075
459709110.000,Miguel,recording,switch_hand,2,-3.195336,6.772966,7.351109,0.505570,-0.924546,0.065999
459709120.000,Miguel,recording,switch_hand,2,-2.746064,6.738853,7.251123,0.421919,-0.912915,0.032738
459709130.000,Miguel,recording,switch_hand,2,-2.366501,6.615636,7.201106,0.327001,-0.837958,-0.019965
459709140.000,Miguel,recording,switch_hand,2,-2.081956,6.398146,7.175590,0.238266,-0.730056,-0.085772
459709150.000,Miguel,recording,switch_hand,2,-1.941782,6.158855,7.169795,0.163161,-0.624048,-0.150934
459709160.000,Miguel,recording,switch_hand,2,-1.880751,5.928965,7.193250,0.106155,-0.549564,-0.203426
459709170.000,Miguel,recording,switch_hand,2,-1.850859,5.746402,7.274396,0.074808,-0.518359,-0.241043
459709180.000,Miguel,recording,switch_hand,2,-1.819531,5.584777,7.400207,0.072720,-0.522799,-0.265290
459709190.000,Miguel,recording,switch_hand,2,-1.812752,5.453838,7.415533,0.096254,-0.551774,-0.279358
459709200.000,Miguel,recording,switch_hand,2,-1.864939,5.394266,7.354043,0.133852,-0.595182,-0.283910
459709210.000,Miguel,recording,switch_hand,2,-2.000807,5.372424,7.210341,0.170295,-0.644574,-0.275953
459709220.000,Miguel,recording,switch_hand,2,-2.135956,5.412166,7.077871,0.194306,-0.694921,-0.252259
459709230.000,Miguel,recording,switch_hand,2,-2.252214,5.472734,6.941633,0.203228,-0.741306,-0.212760
459709240.000,Miguel,recording,switch_hand,2,-2.316209,5.509740,6.848627,0.197057,-0.778460,-0.161019
459709250.000,Miguel,recording,switch_hand,2,-2.403053,5.564705,6.854166,0.172500,-0.800491,-0.101169
459709260.000,Miguel,recording,switch_hand,2,-2.464395,5.673218,6.977810,0.130521,-0.801536,-0.036609
459709270.000,Miguel,recording,switch_hand,2,-2.470014,5.787748,7.140018,0.082614,-0.776881,0.029648
459709280.000,Miguel,recording,switch_hand,2,-2.391332,5.849988,7.297450,0.041618,-0.729195,0.091188
459709290.000,Miguel,recording,switch_hand,2,-2.265553,5.847996,7.441086,0.011495,-0.671639,0.139144
459709300.000,Miguel,recording,switch_hand,2,-2.081001,5.926033,7.601470,-0.008312,-0.616759,0.168820
459709310.000,Miguel,recording,switch_hand,2,-1.850305,6.032649,7.755652,-0.018917,-0.565765,0.178832
459709320.000,Miguel,recording,switch_hand,2,-1.571938,6.121213,7.890503,-0.022514,-0.513588,0.168194
459709330.000,Miguel,recording,switch_hand,2,-1.311013,6.117270,7.994681,-0.020654,-0.459577,0.140751
459709340.000,Miguel,recording,switch_hand,2,-1.136879,6.105440,8.007876,-0.012098,-0.402464,0.105426
459709350.000,Miguel,recording,switch_hand,2,-1.085135,6.111786,8.087396,0.003563,-0.347530,0.071732
459709360.000,Miguel,recording,switch_hand,2,-1.037281,6.134338,8.109839,0.024905,-0.306597,0.044758
459709370.000,Miguel,recording,switch_hand,2,-1.065989,6.167037,8.129700,0.051154,-0.282930,0.023931
459709380.000,Miguel,recording,switch_hand,2,-1.115176,6.189684,8.092279,0.082006,-0.271774,0.009043
459709390.000,Miguel,recording,switch_hand,2,-1.195524,6.197189,8.036414,0.116151,-0.265853,0.001657
459709400.000,Miguel,recording,switch_hand,2,-1.294840,6.175516,7.946052,0.151735,-0.262064,0.003821
459709410.000,Miguel,recording,switch_hand,2,-1.323760,6.167490,7.858348,0.185427,-0.262382,0.015094
459709420.000,Miguel,recording,switch_hand,2,-1.313800,6.157541,7.781479,0.214506,-0.267659,0.031197
459709430.000,Miguel,recording,switch_hand,2,-1.249907,6.124019,7.702035,0.237412,-0.268792,0.048313
459709440.000,Miguel,recording,switch_hand,2,-1.206773,6.119011,7.532440,0.252155,-0.256637,0.064831
459709450.000,Miguel,recording,switch_hand,2,-1.207557,6.135851,7.365761,0.254643,-0.232917,0.080253
459709460.000,Miguel,recording,switch_hand,2,-1.256412,6.126600,7.144970,0.241631,-0.202672,0.096788
459709470.000,Miguel,recording,switch_hand,2,-1.291504,6.129943,6.978144,0.213308,-0.172268,0.117646
459709480.000,Miguel,recording,switch_hand,2,-1.263774,6.129088,6.876984,0.172604,-0.151535,0.140142
459709490.000,Miguel,recording,switch_hand,2,-1.043551,6.157638,6.918222,0.125530,-0.150681,0.155861
459709500.000,Miguel,recording,switch_hand,2,-0.774172,6.180116,7.016371,0.080639,-0.167780,0.155693
459709510.000,Miguel,recording,switch_hand,2,-0.536609,6.208572,7.118613,0.044588,-0.189678,0.133969
459709520.000,Miguel,recording,switch_hand,2,-0.461887,6.257310,7.217141,0.019727,-0.207019,0.092289
459709530.000,Miguel,recording,switch_hand,2,-0.479837,6.313199,7.285544,0.003071,-0.225655,0.042093
459709540.000,Miguel,recording,switch_hand,2,-0.627731,6.368973,7.362719,-0.010997,-0.255359,-0.004513
459709550.000,Miguel,recording,switch_hand,2,-0.803079,6.401362,7.471315,-0.021644,-0.293453,-0.040645
459709560.000,Miguel,recording,switch_hand,2,-0.926606,6.369913,7.556051,-0.024952,-0.331385,-0.062858
459709570.000,Miguel,recording,switch_hand,2,-1.018447,6.324012,7.672475,-0.019530,-0.362069,-0.070478
459709580.000,Miguel,recording,switch_hand,2,-1.080903,6.245854,7.710969,-0.004918,-0.381258,-0.064893
459709590.000,Miguel,recording,switch_hand,2,-1.118504,6.212168,7.748693,0.017088,-0.386593,-0.049915
459709600.000,Miguel,recording,switch_hand,2,-1.151121,6.197561,7.723096,0.042732,-0.382183,-0.029863
459709610.000,Miguel,recording,switch_hand,2,-1.123628,6.238206,7.698642,0.065214,-0.373906,-0.011364
459709620.000,Miguel,recording,switch_hand,2,-1.085632,6.287075,7.652356,0.078270,-0.362652,0.001618
459709630.000,Miguel,recording,switch_hand,2,-1.027453,6.289261,7.640172,0.082158,-0.346375,0.011415
459709640.000,Miguel,recording,switch_hand,2,-0.978777,6.266306,7.667846,0.081924,-0.323647,0.021089
459709650.000,Miguel,recording,switch_hand,2,-0.960097,6.206546,7.741902,0.082625,-0.299491,0.034632
459709660.000,Miguel,recording,switch_hand,2,-0.985071,6.139412,7.807099,0.088799,-0.281437,0.055571
459709670.000,Miguel,recording,switch_hand,2,-1.005579,6.107177,7.871666,0.105257,-0.271908,0.084348
459709680.000,Miguel,recording,switch_hand,2,-1.057135,6.080355,7.898195,0.132630,-0.267571,0.119365
459709690.000,Miguel,recording,switch_hand,2,-1.102701,6.097259,7.913889,0.167681,-0.266698,0.155520
459709700.000,Miguel,recording,switch_hand,2,-1.096147,6.173492,7.866863,0.203314,-0.270485,0.185261
459709710.000,Miguel,recording,switch_hand,2,-0.992891,6.261646,7.838739,0.235515,-0.278440,0.203257
459709720.000,Miguel,recording,switch_hand,2,-0.863593,6.282540,7.811968,0.264240,-0.282219,0.210049
459709730.000,Miguel,recording,switch_hand,2,-0.771676,6.232145,7.802473,0.287019,-0.273692,0.212426
459709740.000,Miguel,recording,switch_hand,2,-0.732722,6.194149,7.763298,0.302610,-0.251583,0.220436
459709750.000,Miguel,recording,switch_hand,2,-0.714581,6.174859,7.700656,0.312090,-0.215785,0.241378
459709760.000,Miguel,recording,switch_hand,2,-0.648997,6.183407,7.588322,0.316951,-0.171484,0.274848
459709770.000,Miguel,recording,switch_hand,2,-0.565922,6.208508,7.508946,0.317297,-0.131135,0.311812
459709780.000,Miguel,recording,switch_hand,2,-0.490995,6.255727,7.448660,0.316462,-0.102247,0.341309
459709790.000,Miguel,recording,switch_hand,2,-0.441546,6.317148,7.399803,0.319957,-0.081711,0.358944
459709800.000,Miguel,recording,switch_hand,2,-0.433000,6.374601,7.356833,0.328092,-0.064549,0.365014
459709810.000,Miguel,recording,switch_hand,2,-0.403084,6.401123,7.263453,0.336241,-0.046716,0.363154
459709820.000,Miguel,recording,switch_hand,2,-0.365570,6.410298,7.158233,0.339075,-0.025430,0.360034
459709830.000,Miguel,recording,switch_hand,2,-0.304632,6.439820,7.006972,0.331581,-0.004578,0.356908
459709840.000,Miguel,recording,switch_hand,2,-0.221004,6.522109,6.858510,0.311148,0.010465,0.352702
459709850.000,Miguel,recording,switch_hand,2,-0.088230,6.604903,6.777260,0.280765,0.018692,0.349102
459709860.000,Miguel,recording,switch_hand,2,0.040026,6.631371,6.735759,0.245777,0.016702,0.345282
459709870.000,Miguel,recording,switch_hand,2,0.139944,6.638411,6.756127,0.214049,0.004050,0.338286
459709880.000,Miguel,recording,switch_hand,2,0.248128,6.670205,6.837899,0.193378,-0.016955,0.324712
459709890.000,Miguel,recording,switch_hand,2,0.343126,6.723346,6.911203,0.185641,-0.041545,0.304650
459709900.000,Miguel,recording,switch_hand,2,0.417981,6.724546,6.951098,0.187130,-0.057740,0.277941
459709910.000,Miguel,recording,switch_hand,2,0.391025,6.776414,6.946532,0.196089,-0.060134,0.251880
459709920.000,Miguel,recording,switch_hand,2,0.357033,6.835518,6.865428,0.205442,-0.059497,0.233519
459709930.000,Miguel,recording,switch_hand,2,0.326583,6.864394,6.757528,0.205488,-0.064039,0.220979
459709940.000,Miguel,recording,switch_hand,2,0.307243,6.918242,6.688664,0.197625,-0.067573,0.213845
459709950.000,Miguel,recording,switch_hand,2,0.316069,6.961870,6.652209,0.186466,-0.069804,0.209675
459709960.000,Miguel,recording,switch_hand,2,0.361279,6.969937,6.636260,0.173605,-0.079463,0.205752
459709970.000,Miguel,recording,switch_hand,2,0.386097,6.996260,6.652731,0.159655,-0.099535,0.195821
459709980.000,Miguel,recording,switch_hand,2,0.335398,7.064161,6.659403,0.146052,-0.127020,0.174371
459709990.000,Miguel,recording,switch_hand,2,0.173400,7.197104,6.667913,0.134736,-0.160848,0.139772
459710000.000,Miguel,recording,switch_hand,2,0.035744,7.303930,6.585758,0.129943,-0.221685,0.085490
459710010.000,Miguel,recording,switch_hand,2,-0.229166,7.452676,6.321161,0.136928,-0.354513,0.012701
459710020.000,Miguel,recording,switch_hand,2,-0.674566,7.707881,6.077778,0.149974,-0.573598,-0.047058
459710030.000,Miguel,recording,switch_hand,2,-1.695592,7.381663,5.914823,0.133601,-0.782917,-0.047851
459710040.000,Miguel,recording,switch_hand,2,-2.623580,6.676261,5.943554,0.052465,-0.841878,0.101330
459710050.000,Miguel,recording,switch_hand,2,-1.995111,6.570456,5.876244,-0.103254,-0.740700,0.439909
459710060.000,Miguel,recording,switch_hand,2,-0.583417,6.551392,6.125943,-0.290448,-0.603871,0.802979
459710070.000,Miguel,recording,switch_hand,3,1.365514,6.652021,6.136225,-0.435676,-0.514465,0.970227
459710080.000,Miguel,recording,switch_hand,3,2.067398,6.500591,5.579081,-0.516541,-0.412393,0.891317
459710090.000,Miguel,recording,switch_hand,3,1.307290,5.968260,5.897534,-0.540188,-0.236040,0.752134
459710100.000,Miguel,recording,switch_hand,3,2.307538,6.870523,7.325578,-0.494373,-0.009938,0.696872
459710110.000,Miguel,recording,switch_hand,3,2.065758,6.545328,8.290278,-0.380334,0.145725,0.676312
459710120.000,Miguel,recording,switch_hand,3,0.692623,5.293520,7.340627,-0.269796,0.160946,0.653648
459710130.000,Miguel,recording,switch_hand,3,0.393842,5.436032,7.064202,-0.235711,0.222131,0.654341
459710140.000,Miguel,recording,switch_hand,3,0.391731,6.098695,5.692748,-0.313007,0.332003,0.700685
459710150.000,Miguel,recording,switch_hand,3,0.036128,6.589468,6.484131,-0.443275,0.284490,0.769086
459710160.000,Miguel,recording,switch_hand,3,0.781438,6.612871,7.482410,-0.485971,0.172883,0.800780
459710170.000,Miguel,recording,switch_hand,3,1.888155,6.773198,7.851224,-0.426365,0.144203,0.766002
459710180.000,Miguel,recording,switch_hand,3,2.726533,7.045262,7.640589,-0.328031,0.165546,0.667569
459710190.000,Miguel,recording,switch_hand,3,2.711160,7.326193,6.797323,-0.256661,0.237224,0.533971
459710200.000,Miguel,recording,switch_hand,3,2.099296,7.140710,6.186800,-0.252093,0.456689,0.421358
459710210.000,Miguel,recording,switch_hand,3,2.403468,5.542150,6.374079,-0.299194,0.849830,0.337876
459710220.000,Miguel,recording,switch_hand,3,3.163154,4.448617,7.092327,-0.290472,1.224239,0.237005
459710230.000,Miguel,recording,switch_hand,3,2.366113,5.985825,6.814307,-0.104789,1.429804,0.088726
459710240.000,Miguel,recording,switch_hand,3,2.487298,6.187542,7.150785,0.123208,1.651411,-0.070052
459710250.000,Miguel,recording,switch_hand,3,2.300014,6.327586,7.165579,0.225990,1.953923,-0.183349
459710260.000,Miguel,recording,switch_hand,3,1.876896,6.568438,7.631768,0.248593,2.123596,-0.258413
459710270.000,Miguel,recording,switch_hand,3,1.430555,6.476041,8.170432,0.252256,2.028163,-0.336734
459710280.000,Miguel,recording,switch_hand,3,0.618925,6.399770,8.259452,0.206422,1.684863,-0.438308
459710290.000,Miguel,recording,switch_hand,3,-0.295520,6.476012,8.261491,0.079205,1.165048,-0.538808
459710300.000,Miguel,recording,switch_hand,3,-1.251367,6.831638,8.561940,-0.102146,0.498096,-0.575980
459710310.000,Miguel,recording,switch_hand,3,-1.984327,7.135559,8.945672,-0.282754,-0.261298,-0.502128
459710320.000,Miguel,recording,switch_hand,3,-2.366724,7.274226,9.165364,-0.419651,-0.992046,-0.324337
459710330.000,Miguel,recording,switch_hand,3,-2.245850,7.223545,9.118125,-0.495978,-1.562269,-0.096197
459710340.000,Miguel,recording,switch_hand,3,-1.641036,7.123857,8.855782,-0.512322,-1.892736,0.122594
459710350.000,Miguel,recording,switch_hand,3,-0.791779,7.120521,8.565890,-0.472853,-1.975367,0.296033
459710360.000,Miguel,recording,switch_hand,3,0.095069,7.209794,8.364896,-0.378983,-1.844814,0.412141
459710370.000,Miguel,recording,switch_hand,3,0.923423,7.292577,8.160186,-0.243670,-1.564432,0.471393
459710380.000,Miguel,recording,switch_hand,3,1.520230,7.232378,7.835743,-0.094277,-1.195025,0.480752
459710390.000,Miguel,recording,switch_hand,3,1.896074,7.035195,7.491962,0.047359,-0.772743,0.449649
459710400.000,Miguel,recording,switch_hand,3,2.051862,6.807023,7.237152,0.168652,-0.335299,0.386059
459710410.000,Miguel,recording,switch_hand,3,2.015972,6.610259,7.077177,0.265763,0.073124,0.307880
459710420.000,Miguel,recording,switch_hand,3,1.778280,6.443601,7.030569,0.339182,0.413686,0.235257
459710430.000,Miguel,recording,switch_hand,3,1.464018,6.308002,6.965023,0.387233,0.665032,0.178297
459710440.000,Miguel,recording,switch_hand,3,1.073405,6.134390,6.908913,0.406583,0.823294,0.140293
459710450.000,Miguel,recording,switch_hand,3,0.752390,6.014716,6.851974,0.396210,0.892428,0.122642
459710460.000,Miguel,recording,switch_hand,3,0.518310,5.971927,6.784566,0.358447,0.880059,0.127158
459710470.000,Miguel,recording,switch_hand,3,0.385502,5.976387,6.709041,0.295341,0.801792,0.151565
459710480.000,Miguel,recording,switch_hand,3,0.372121,5.986169,6.617312,0.209873,0.679500,0.187753
459710490.000,Miguel,recording,switch_hand,3,0.440132,6.008664,6.554009,0.107083,0.533625,0.228424
459710500.000,Miguel,recording,switch_hand,3,0.516267,6.008029,6.580446,-0.003304,0.384090,0.267266
459710510.000,Miguel,recording,switch_hand,3,0.555159,5.979866,6.736253,-0.106581,0.246065,0.299238
459710520.000,Miguel,recording,switch_hand,3,0.564941,5.949638,6.921717,-0.188510,0.126673,0.321331
459710530.000,Miguel,recording,switch_hand,3,0.629308,5.882364,7.129754,-0.239663,0.031795,0.330709
459710540.000,Miguel,recording,switch_hand,3,0.770989,5.851995,7.293204,-0.256812,-0.036968,0.328732
459710550.000,Miguel,recording,switch_hand,3,0.944393,5.845669,7.412515,-0.243149,-0.079371,0.317866
459710560.000,Miguel,recording,switch_hand,3,1.068409,5.855044,7.429628,-0.208837,-0.089793,0.297883
459710570.000,Miguel,recording,switch_hand,3,1.121290,5.837129,7.369711,-0.165260,-0.060982,0.267392
459710580.000,Miguel,recording,switch_hand,3,1.158327,5.897182,7.339248,-0.121850,0.000672,0.230619
459710590.000,Miguel,recording,switch_hand,3,1.214964,6.007553,7.307509,-0.083152,0.073717,0.194379
459710600.000,Miguel,recording,switch_hand,3,1.325291,6.098444,7.272979,-0.051247,0.139688,0.160805
459710610.000,Miguel,recording,switch_hand,3,1.350266,6.147308,7.259260,-0.031672,0.194011,0.129166
459710620.000,Miguel,recording,switch_hand,3,1.308955,6.098950,7.268902,-0.030853,0.234150,0.099936
459710630.000,Miguel,recording,switch_hand,3,1.272882,6.029193,7.343765,-0.047771,0.245808,0.071028
459710640.000,Miguel,recording,switch_hand,3,1.253717,6.004260,7.392740,-0.073714,0.216387,0.037604
459710650.000,Miguel,recording,switch_hand,3,1.246020,5.961659,7.433592,-0.100999,0.152925,0.000301
459710660.000,Miguel,recording,switch_hand,3,1.224522,6.007344,7.454898,-0.129402,0.081178,-0.035636
459710670.000,Miguel,recording,switch_hand,3,1.088200,6.117873,7.532540,-0.160400,0.029211,-0.059887
459710680.000,Miguel,recording,switch_hand,3,0.853848,6.285975,7.661513,-0.188327,0.002603,-0.059400
459710690.000,Miguel,recording,switch_hand,3,0.657120,6.420290,7.839511,-0.203194,-0.013483,-0.032637
459710700.000,Miguel,recording,switch_hand,3,0.634598,6.431633,7.966817,-0.199418,-0.028738,0.006270
459710710.000,Miguel,recording,switch_hand,3,0.708839,6.332452,7.990443,-0.178574,-0.039301,0.040393
459710720.000,Miguel,recording,switch_hand,3,0.818789,6.219831,7.938069,-0.148074,-0.034754,0.060506
459710730.000,Miguel,recording,switch_hand,3,0.930025,6.135518,7.893644,-0.115569,-0.009651,0.064377
459710740.000,Miguel,recording,switch_hand,3,1.044975,6.110410,7.855858,-0.082883,0.029450,0.053880
459710750.000,Miguel,recording,switch_hand,3,1.146952,6.131769,7.834742,-0.051102,0.067428,0.031795
459710760.000,Miguel,recording,switch_hand,3,1.207298,6.158841,7.815885,-0.022891,0.095749,-0.000144
459710770.000,Miguel,recording,switch_hand,3,1.084554,6.176963,7.800174,-0.002103,0.117877,-0.036031
459710780.000,Miguel,recording,switch_hand,3,0.876270,6.167344,7.822055,0.012431,0.133300,-0.066539
459710790.000,Miguel,recording,switch_hand,3,0.676528,6.175808,7.848276,0.026529,0.133740,-0.083398
459710800.000,Miguel,recording,switch_hand,3,0.603070,6.205638,7.846812,0.041562,0.114231,-0.085242
459710810.000,Miguel,recording,switch_hand,3,0.593024,6.215170,7.799446,0.055739,0.079334,-0.076672
459710820.000,Miguel,recording,switch_hand,3,0.617624,6.219510,7.720162,0.066832,0.042328,-0.063765
459710830.000,Miguel,recording,switch_hand,3,0.661455,6.198250,7.620372,0.072707,0.013829,-0.052994
459710840.000,Miguel,recording,switch_hand,3,0.727121,6.210058,7.487083,0.071611,-0.005249,-0.046656
459710850.000,Miguel,recording,switch_hand,3,0.710967,6.244902,7.412441,0.062302,-0.015295,-0.041124
459710860.000,Miguel,recording,switch_hand,3,0.651693,6.259430,7.325855,0.044462,-0.019073,-0.032055
459710870.000,Miguel,recording,switch_hand,3,0.615430,6.241363,7.276354,0.019292,-0.019497,-0.019212
459710880.000,Miguel,recording,switch_hand,3,0.594326,6.212428,7.333782,-0.008567,-0.014479,-0.005170
459710890.000,Miguel,recording,switch_hand,3,0.553454,6.171433,7.443690,-0.029372,-0.006142,0.007627
459710900.000,Miguel,recording,switch_hand,3,0.575540,6.132462,7.516397,-0.035789,-0.001826,0.018977
459710910.000,Miguel,recording,switch_hand,3,0.626291,6.139240,7.551595,-0.029660,-0.003371,0.028969
459710920.000,Miguel,recording,switch_hand,3,0.678371,6.157109,7.495809,-0.019363,-0.005841,0.037947
459710930.000,Miguel,recording,switch_hand,3,0.743969,6.151627,7.363099,-0.018930,-0.005240,0.043363
459710940.000,Miguel,recording,switch_hand,3,0.817266,6.178258,7.244933,-0.034766,-0.002176,0.041266
459710950.000,Miguel,recording,switch_hand,3,0.859226,6.160090,7.191604,-0.060752,0.001064,0.030655
459710960.000,Miguel,recording,switch_hand,3,0.881110,6.163893,7.187244,-0.088871,0.009785,0.015972
459710970.000,Miguel,recording,switch_hand,3,0.864036,6.154135,7.277570,-0.114593,0.031322,0.003426
459710980.000,Miguel,recording,switch_hand,3,0.847961,6.149843,7.412842,-0.131904,0.062903,-0.004794
459710990.000,Miguel,recording,switch_hand,3,0.812896,6.150803,7.541937,-0.135322,0.092711,-0.009895
459711000.000,Miguel,recording,switch_hand,3,0.806143,6.149870,7.628614,-0.126610,0.112049,-0.014953
459711010.000,Miguel,recording,switch_hand,3,0.877039,6.161987,7.689663,-0.113530,0.124481,-0.022578
459711020.000,Miguel,recording,switch_hand,3,0.968290,6.214941,7.720646,-0.101611,0.136624,-0.034084
459711030.000,Miguel,recording,switch_hand,3,0.994071,6.269904,7.756446,-0.092205,0.150499,-0.049159
459711040.000,Miguel,recording,switch_hand,3,0.939132,6.323943,7.865135,-0.085952,0.163124,-0.063162
459711050.000,Miguel,recording,switch_hand,3,0.873840,6.354327,7.967169,-0.078966,0.170191,-0.071832
459711060.000,Miguel,recording,switch_hand,3,0.793082,6.362632,8.048099,-0.066775,0.170174,-0.075811
459711070.000,Miguel,recording,switch_hand,3,0.808205,6.373874,8.097005,-0.049899,0.164239,-0.077739
459711080.000,Miguel,recording,switch_hand,3,0.853703,6.390242,8.096985,-0.030604,0.156592,-0.082542
459711090.000,Miguel,recording,switch_hand,3,0.983453,6.433700,8.085019,-0.013789,0.150430,-0.092951
459711100.000,Miguel,recording,switch_hand,3,1.078982,6.466618,8.056939,-0.003899,0.145563,-0.108352
459711110.000,Miguel,recording,switch_hand,3,1.106249,6.491214,8.036311,-0.000358,0.141948,-0.125839
459711120.000,Miguel,recording,switch_hand,3,1.044192,6.487915,8.082391,0.000374,0.138072,-0.141826
459711130.000,Miguel,recording,switch_hand,3,1.024237,6.468081,8.148354,0.003196,0.131992,-0.156653
459711140.000,Miguel,recording,switch_hand,3,1.070892,6.497103,8.248019,0.010963,0.126332,-0.175342
459711150.000,Miguel,recording,switch_hand,3,1.109246,6.543133,8.391141,0.028081,0.121784,-0.200101
459711160.000,Miguel,recording,switch_hand,3,1.089032,6.576429,8.483893,0.057827,0.115350,-0.226601
459711170.000,Miguel,recording,switch_hand,3,1.049712,6.552125,8.501612,0.098896,0.103109,-0.247035
459711180.000,Miguel,recording,switch_hand,3,0.978687,6.490954,8.488660,0.144795,0.081622,-0.259924
459711190.000,Miguel,recording,switch_hand,3,0.957480,6.435188,8.415231,0.188192,0.054638,-0.269814
459711200.000,Miguel,recording,switch_hand,3,1.012517,6.410747,8.314633,0.225324,0.025830,-0.283664
459711210.000,Miguel,recording,switch_hand,3,1.113637,6.383459,8.144354,0.251298,-0.000442,-0.305201
459711220.000,Miguel,recording,switch_hand,3,1.218995,6.367522,8.006684,0.259948,-0.011377,-0.330774
459711230.000,Miguel,recording,switch_hand,3,1.392900,6.384700,7.912429,0.252104,-0.002435,-0.360443
459711240.000,Miguel,recording,switch_hand,3,1.542807,6.467907,7.935117,0.235275,0.016031,-0.394888
459711250.000,Miguel,recording,switch_hand,3,1.632245,6.520981,8.039279,0.219032,0.035485,-0.432191
459711260.000,Miguel,recording,switch_hand,3,1.576748,6.554183,8.186408,0.212342,0.054455,-0.467690
459711270.000,Miguel,recording,switch_hand,3,1.414437,6.574928,8.381750,0.219536,0.069077,-0.495987
459711280.000,Miguel,recording,switch_hand,3,1.187097,6.535903,8.521725,0.241171,0.074957,-0.514432
459711290.000,Miguel,recording,switch_hand,3,1.037443,6.390345,8.552391,0.273612,0.072552,-0.525270
459711300.000,Miguel,recording,switch_hand,3,1.018094,6.168010,8.490629,0.312257,0.067553,-0.539180
459711310.000,Miguel,recording,switch_hand,3,1.098396,5.931797,8.376015,0.356109,0.067631,-0.568999
459711320.000,Miguel,recording,switch_hand,3,1.225731,5.686616,8.212779,0.403410,0.076491,-0.621237
459711330.000,Miguel,recording,switch_hand,3,1.380450,5.482352,7.944344,0.450046,0.086728,-0.694387
459711340.000,Miguel,recording,switch_hand,3,1.537620,5.325035,7.585049,0.489482,0.085537,-0.786614
459711350.000,Miguel,recording,switch_hand,3,1.707665,5.144190,7.058977,0.512337,0.072195,-0.903540
459711360.000,Miguel,recording,switch_hand,3,1.820492,4.897096,6.412124,0.509676,0.061456,-1.054652
459711370.000,Miguel,recording,switch_hand,3,1.891822,4.691195,5.637552,0.476649,0.071225,-1.244736
459711380.000,Miguel,recording,switch_hand,3,1.744843,4.713553,4.764655,0.416989,0.133525,-1.466427
459711390.000,Miguel,recording,switch_hand,3,1.234655,4.803742,3.903514,0.339238,0.308405,-1.690029
459711400.000,Miguel,recording,switch_hand,3,0.885675,4.482007,3.150852,0.243005,0.640369,-1.867041
459711410.000,Miguel,recording,switch_hand,3,1.112450,3.675166,2.654261,0.142604,1.152765,-1.977592
459711420.000,Miguel,recording,switch_hand,3,1.288421,3.499048,2.680852,0.078553,1.833008,-2.040728
459711430.000,Miguel,recording,switch_hand,3,1.752316,3.357567,2.779452,0.086329,2.580672,-2.115100
459711440.000,Miguel,recording,switch_hand,3,1.941451,3.882897,2.150786,0.076628,3.214918,-2.314391
459711450.000,Miguel,recording,switch_hand,3,1.927349,3.531950,0.118492,-0.260554,3.427376,-2.754097
459711460.000,Miguel,recording,switch_hand,3,-1.472881,5.106079,0.983479,-1.065855,2.894205,-3.327634
459711470.000,Miguel,recording,switch_hand,3,-12.644596,6.207421,8.806461,-1.939046,1.419781,-3.573646
459711480.000,Miguel,recording,switch_hand,3,-13.621958,7.550297,8.845708,-2.202384,0.118207,-3.296293
459711490.000,Miguel,recording,switch_hand,3,-14.588329,6.616002,8.962380,-1.812805,-0.269645,-2.709790
459711500.000,Miguel,recording,switch_hand,3,-9.404743,1.312732,4.689142,-1.524661,-0.372069,-2.094427
459711510.000,Miguel,recording,switch_hand,3,-8.564902,0.561917,3.911705,-1.617291,-0.365413,-1.541153
459711520.000,Miguel,recording,switch_hand,3,-7.541409,0.391854,3.756336,-1.920838,-0.299116,-0.964472
459711530.000,Miguel,recording,switch_hand,3,-8.318677,2.483369,5.721620,-2.337962,-0.237868,-0.370274
459711540.000,Miguel,recording,switch_hand,3,-9.716425,3.562714,8.571289,-2.634123,-0.168915,0.237513
459711550.000,Miguel,recording,switch_hand,3,-9.328202,4.439117,12.603803,-2.559127,-0.050821,0.797034
459711560.000,Miguel,recording,switch_hand,3,-7.816846,4.389448,15.786202,-2.012610,0.105429,1.197354
459711570.000,Miguel,recording,switch_hand,3,-5.911699,4.343920,16.807086,-1.151677,0.245628,1.416417
459711580.000,Miguel,recording,switch_hand,3,-4.674758,4.492010,15.654501,-0.250355,0.328958,1.497937
459711590.000,Miguel,recording,switch_hand,3,-4.159981,4.999017,13.401144,0.485574,0.321309,1.495704
459711600.000,Miguel,recording,switch_hand,3,-3.878467,5.388906,11.409913,0.985167,0.223296,1.456794
459711610.000,Miguel,recording,switch_hand,3,-3.649563,5.541836,9.794812,1.285054,0.060629,1.389495
459711620.000,Miguel,recording,switch_hand,3,-3.477845,5.583857,8.591951,1.433380,-0.151680,1.298065
459711630.000,Miguel,recording,switch_hand,3,-3.359711,5.688595,7.489360,1.453605,-0.371145,1.199985
459711640.000,Miguel,recording,switch_hand,3,-3.058218,5.863035,6.681031,1.374880,-0.547360,1.106955
459711650.000,Miguel,recording,switch_hand,3,-2.578454,5.894806,6.201130,1.232938,-0.673778,1.015585
459711660.000,Miguel,recording,switch_hand,3,-1.990199,5.775356,6.056533,1.064994,-0.767317,0.917506
459711670.000,Miguel,recording,switch_hand,3,-1.525123,5.632292,6.080613,0.903074,-0.838913,0.813356
459711680.000,Miguel,recording,switch_hand,3,-1.232438,5.528448,6.177592,0.763153,-0.891497,0.711846
459711690.000,Miguel,recording,switch_hand,3,-0.979073,5.423867,6.239795,0.648359,-0.928508,0.619600
459711700.000,Miguel,recording,switch_hand,3,-0.943056,5.348871,6.357551,0.558376,-0.963068,0.539919
459711710.000,Miguel,recording,switch_hand,3,-0.959771,5.304410,6.564889,0.498279,-1.003943,0.475225
459711720.000,Miguel,recording,switch_hand,3,-1.001512,5.197025,6.801290,0.472994,-1.041513,0.422402
459711730.000,Miguel,recording,switch_hand,3,-1.094251,5.165413,7.020698,0.486290,-1.071295,0.394821
459711740.000,Miguel,recording,switch_hand,3,-1.184829,5.384963,7.215909,0.531933,-1.097668,0.405217
459711750.000,Miguel,recording,switch_hand,3,-1.193983,5.553721,7.231518,0.587354,-1.111391,0.431354
459711760.000,Miguel,recording,switch_hand,3,-1.133670,5.736441,7.137814,0.631601,-1.098684,0.445207
459711770.000,Miguel,recording,switch_hand,3,-1.104475,6.009349,7.072374,0.653377,-1.068501,0.436768
459711780.000,Miguel,recording,switch_hand,3,-1.048126,6.263083,7.063881,0.649172,-1.040011,0.409594
459711790.000,Miguel,recording,switch_hand,3,-0.968997,6.416725,7.072180,0.622763,-1.012925,0.365408
459711800.000,Miguel,recording,switch_hand,3,-0.869522,6.511046,7.115800,0.581751,-0.977813,0.305642
459711810.000,Miguel,recording,switch_hand,3,-0.883875,6.628879,7.100274,0.529507,-0.933555,0.239929
459711820.000,Miguel,recording,switch_hand,3,-0.868451,6.709462,7.060504,0.466848,-0.888333,0.175759
459711830.000,Miguel,recording,switch_hand,3,-0.796018,6.722271,7.081653,0.396719,-0.848533,0.110708
459711840.000,Miguel,recording,switch_hand,3,-0.675298,6.732289,7.104386,0.323604,-0.812031,0.041767
459711850.000,Miguel,recording,switch_hand,3,-0.626355,6.688246,7.186646,0.252659,-0.771908,-0.028608
459711860.000,Miguel,recording,switch_hand,3,-0.641232,6.568754,7.290173,0.187243,-0.722148,-0.093129
459711870.000,Miguel,recording,switch_hand,3,-0.683906,6.482988,7.385064,0.130165,-0.664282,-0.142257
459711880.000,Miguel,recording,switch_hand,3,-0.684586,6.373740,7.499170,0.084352,-0.603066,-0.172934
459711890.000,Miguel,recording,switch_hand,3,-0.633718,6.257197,7.589594,0.050757,-0.542573,-0.189598
459711900.000,Miguel,recording,switch_hand,3,-0.610891,6.166406,7.684700,0.028717,-0.487348,-0.197206
459711910.000,Miguel,recording,switch_hand,3,-0.612584,6.159005,7.782614,0.019616,-0.435606,-0.196998
459711920.000,Miguel,recording,switch_hand,3,-0.595184,6.178518,7.830167,0.025957,-0.386114,-0.189281
459711930.000,Miguel,recording,switch_hand,3,-0.599759,6.158462,7.896362,0.050810,-0.350123,-0.174779
459711940.000,Miguel,recording,switch_hand,3,-0.564105,6.164263,7.947880,0.096528,-0.342718,-0.155067
459711950.000,Miguel,recording,switch_hand,3,-0.620871,6.186700,7.978689,0.163381,-0.371610,-0.135111
459711960.000,Miguel,recording,switch_hand,3,-0.782202,6.227267,7.937868,0.245378,-0.430513,-0.113823
459711970.000,Miguel,recording,switch_hand,3,-0.981851,6.319345,7.822236,0.329247,-0.503912,-0.084087
459711980.000,Miguel,recording,switch_hand,3,-1.097202,6.404002,7.661808,0.399923,-0.575789,-0.045806
459711990.000,Miguel,recording,switch_hand,3,-1.080077,6.462473,7.495988,0.444095,-0.631513,-0.006965
459712000.000,Miguel,recording,switch_hand,3,-0.994082,6.506655,7.345302,0.458998,-0.657400,0.024162
459712010.000,Miguel,recording,switch_hand,3,-0.871482,6.528107,7.260101,0.448938,-0.647963,0.042428
459712020.000,Miguel,recording,switch_hand,3,-0.799210,6.470775,7.230655,0.420974,-0.609166,0.046956
459712030.000,Miguel,recording,switch_hand,3,-0.725750,6.476428,7.310779,0.393101,-0.558533,0.051048
459712040.000,Miguel,recording,switch_hand,3,-0.872294,6.423223,7.385559,0.376904,-0.507223,0.068587
459712050.000,Miguel,recording,switch_hand,3,-0.929463,6.337633,7.352436,0.368705,-0.451338,0.101909
459712060.000,Miguel,recording,switch_hand,3,-0.903954,6.272389,7.377912,0.369019,-0.398190,0.147698
459712070.000,Miguel,recording,switch_hand,3,-0.798593,6.233167,7.397663,0.379123,-0.363228,0.199488
459712080.000,Miguel,recording,switch_hand,3,-0.662036,6.224689,7.441318,0.399870,-0.351954,0.248653
459712090.000,Miguel,recording,switch_hand,3,-0.566953,6.392194,7.541332,0.432411,-0.363377,0.283074
459712100.000,Miguel,recording,switch_hand,3,-0.709569,6.653314,7.667204,0.473119,-0.396826,0.293029
459712110.000,Miguel,recording,switch_hand,3,-0.964918,6.824987,7.756181,0.515669,-0.447259,0.284961
459712120.000,Miguel,recording,switch_hand,3,-1.600799,6.929775,7.790764,0.552478,-0.513297,0.281091
459712130.000,Miguel,recording,switch_hand,3,-2.444299,7.118136,7.786072,0.593091,-0.632300,0.296684
459712140.000,Miguel,recording,switch_hand,3,-2.800692,7.268632,7.696953,0.659111,-0.857805,0.323765
459712150.000,Miguel,recording,switch_hand,3,-3.698164,6.056492,7.225531,0.722197,-1.132259,0.349449
459712160.000,Miguel,recording,switch_hand,3,-4.364760,6.005740,6.650166,0.696026,-1.326525,0.478502
459712170.000,Miguel,recording,switch_hand,3,-3.962837,8.373304,6.804856,0.574180,-1.345509,0.868164
459712180.000,Miguel,recording,switch_hand,3,-2.485537,7.461766,7.034488,0.478014,-1.249662,1.399892
459712190.000,Miguel,recording,switch_hand,3,-0.195142,4.474373,5.027157,0.388745,-1.257839,1.767082
459712200.000,Miguel,recording,switch_hand,3,4.240278,3.878752,3.707292,0.149769,-1.370472,1.833906
459712210.000,Miguel,recording,switch_hand,3,4.542152,6.965062,5.132667,-0.172533,-1.267720,1.676788
459712220.000,Miguel,recording,switch_hand,3,2.965539,7.560791,5.062396,-0.397865,-1.181166,1.491306
459712230.000,Miguel,recording,switch_hand,3,4.072364,7.719237,6.201731,-0.394365,-1.583653,1.354883
459712240.000,Miguel,recording,switch_hand,3,3.948323,6.638458,3.954165,-0.421265,-2.019623,1.148934
459712250.000,Miguel,recording,switch_hand,3,4.980391,4.103377,1.625965,-0.863954,-2.012387,0.821150
459712260.000,Miguel,recording,switch_hand,3,6.347229,5.304409,2.889507,-1.346025,-1.753592,0.422780
459712270.000,Miguel,recording,switch_hand,3,6.989526,5.031608,4.607116,-1.489176,-1.281958,0.054402
459712280.000,Miguel,recording,switch_hand,3,6.245518,6.368103,6.938520,-1.355614,-0.622347,-0.215233
459712290.000,Miguel,recording,switch_hand,3,5.026719,7.093739,7.706073,-1.033858,-0.049340,-0.407523
459712300.000,Miguel,recording,switch_hand,3,3.595395,7.705088,6.935003,-0.684591,0.411338,-0.524952
459712310.000,Miguel,recording,switch_hand,3,2.709984,7.718820,6.718969,-0.437892,0.892228,-0.562252
459712320.000,Miguel,recording,switch_hand,3,1.869933,7.728252,6.682187,-0.299437,1.339498,-0.525934
459712330.000,Miguel,recording,switch_hand,3,1.245308,7.916908,7.062507,-0.213233,1.658001,-0.405498
459712340.000,Miguel,recording,switch_hand,3,0.859220,7.955957,7.885090,-0.142757,1.873124,-0.220497
459712350.000,Miguel,recording,switch_hand,3,0.418976,7.840430,8.633139,-0.083163,1.930626,-0.007714
459712360.000,Miguel,recording,switch_hand,3,0.090841,7.622116,8.778258,-0.065055,1.757034,0.204702
459712370.000,Miguel,recording,switch_hand,3,0.275205,7.112853,8.685970,-0.114496,1.382958,0.375142
459712380.000,Miguel,recording,switch_hand,3,0.644961,6.562314,8.424178,-0.223516,0.894761,0.468058
459712390.000,Miguel,recording,switch_hand,3,1.126796,6.324745,8.316801,-0.352057,0.408690,0.476914
459712400.000,Miguel,recording,switch_hand,3,1.510097,6.349213,8.681729,-0.442460,0.031966,0.423798
459712410.000,Miguel,recording,switch_hand,3,1.565498,6.452205,9.271866,-0.437252,-0.177847,0.344418
459712420.000,Miguel,recording,switch_hand,3,1.412138,6.488823,9.876306,-0.305438,-0.223575,0.271722
459712430.000,Miguel,recording,switch_hand,3,1.176613,6.495317,10.056315,-0.059762,-0.147652,0.225451
459712440.000,Miguel,recording,switch_hand,3,1.132795,6.559276,9.770974,0.242923,-0.004614,0.206619
459712450.000,Miguel,recording,switch_hand,3,1.213052,6.546532,9.010527,0.532234,0.171345,0.199977
459712460.000,Miguel,recording,switch_hand,3,1.343049,6.468146,8.090959,0.753866,0.364447,0.188694
459712470.000,Miguel,recording,switch_hand,3,1.434587,6.459813,7.264575,0.881759,0.556871,0.170895
459712480.000,Miguel,recording,switch_hand,3,1.512539,6.534904,6.753708,0.916716,0.720346,0.159526
459712490.000,Miguel,recording,switch_hand,3,1.524119,6.665044,6.459305,0.872874,0.827060,0.166984
459712500.000,Miguel,recording,switch_hand,3,1.452753,6.719207,6.372986,0.774520,0.863419,0.191566
459712510.000,Miguel,recording,switch_hand,3,1.374953,6.664797,6.395032,0.650704,0.833062,0.224642
459712520.000,Miguel,recording,switch_hand,3,1.326612,6.501207,6.497066,0.524509,0.754801,0.258518
459712530.000,Miguel,recording,switch_hand,3,1.348120,6.360675,6.664644,0.413810,0.656491,0.284754
459712540.000,Miguel,recording,switch_hand,3,1.353258,6.226639,6.827655,0.330982,0.562979,0.297457
459712550.000,Miguel,recording,switch_hand,3,1.466125,6.081533,6.950994,0.283254,0.493115,0.290890
459712560.000,Miguel,recording,switch_hand,3,1.641502,6.019426,7.110454,0.274070,0.460583,0.262142
459712570.000,Miguel,recording,switch_hand,3,1.829452,6.081069,7.210147,0.296776,0.465883,0.219535
459712580.000,Miguel,recording,switch_hand,3,1.997259,6.217716,7.248854,0.337791,0.499080,0.172899
459712590.000,Miguel,recording,switch_hand,3,2.161863,6.354931,7.225624,0.385045,0.551264,0.124252
459712600.000,Miguel,recording,switch_hand,3,2.351907,6.451302,7.255449,0.431060,0.617693,0.069891
459712610.000,Miguel,recording,switch_hand,3,2.539705,6.451505,7.340218,0.473413,0.685751,0.002525
459712620.000,Miguel,recording,switch_hand,3,2.588438,6.421491,7.496502,0.515255,0.725589,-0.074571
459712630.000,Miguel,recording,switch_hand,3,2.464906,6.402614,7.670150,0.563499,0.705922,-0.143990
459712640.000,Miguel,recording,switch_hand,3,2.198064,6.416079,7.739824,0.616383,0.618789,-0.191541
459712650.000,Miguel,recording,switch_hand,3,1.969914,6.355592,7.558751,0.656407,0.481182,-0.222246
459712660.000,Miguel,recording,switch_hand,3,1.975285,6.290193,7.161300,0.663777,0.325916,-0.259627
459712670.000,Miguel,recording,switch_hand,3,2.243837,6.267329,6.739172,0.641356,0.198078,-0.328938
459712680.000,Miguel,recording,switch_hand,3,2.778969,6.330643,6.241454,0.617334,0.149069,-0.444689
459712690.000,Miguel,recording,switch_hand,3,3.790718,6.199335,5.600508,0.628238,0.242227,-0.599579
459712700.000,Miguel,recording,switch_hand,3,4.881404,5.380383,4.975826,0.712980,0.542285,-0.785828
459712710.000,Miguel,recording,switch_hand,3,4.975154,5.582575,4.794403,0.897262,1.093412,-1.047287
459712720.000,Miguel,recording,switch_hand,3,4.451924,5.846499,4.410763,1.132687,1.874012,-1.408760
459712730.000,Miguel,recording,switch_hand,3,4.388454,4.225024,3.078950,1.321970,2.745163,-1.825132
459712740.000,Miguel,recording,switch_hand,3,4.466097,3.038848,0.775040,1.291515,3.425437,-2.277170
459712750.000,Miguel,recording,switch_hand,3,3.550533,5.656254,-1.210356,0.745258,3.386322,-2.816442
459712760.000,Miguel,recording,switch_hand,3,0.834969,7.809861,-1.912818,-0.305795,2.346781,-3.372116
459712770.000,Miguel,recording,switch_hand,3,-1.711823,7.000734,0.036469,-1.310794,0.950561,-3.710206
459712780.000,Miguel,recording,switch_hand,3,-3.591348,6.112295,0.161084,-2.007110,-0.104610,-3.771663
459712790.000,Miguel,recording,switch_hand,3,-10.369441,6.621044,0.492384,-2.693468,-0.831024,-3.582759
459712800.000,Miguel,recording,switch_hand,3,-10.413578,5.676136,1.404185,-3.455437,-1.227235,-3.147155
459712810.000,Miguel,recording,switch_hand,3,-7.218505,4.249404,3.096843,-4.139207,-1.250996,-2.564979
459712820.000,Miguel,recording,switch_hand,3,-6.046951,4.597640,5.300742,-4.605766,-1.401691,-1.923421
459712830.000,Miguel,recording,switch_hand,3,-6.117062,3.122126,6.131849,-4.916785,-1.896838,-1.243882
459712840.000,Miguel,recording,switch_hand,3,-5.647871,1.457196,9.271718,-5.185993,-2.337447,-0.518617
459712850.000,Miguel,recording,switch_hand,3,-3.543546,1.843439,10.698474,-5.288671,-2.502589,0.195620
459712860.000,Miguel,recording,switch_hand,3,-1.408716,2.796222,13.990622,-5.103700,-2.441969,0.779678
459712870.000,Miguel,recording,switch_hand,3,-0.171954,2.904718,16.427837,-4.594902,-2.097022,1.117237
459712880.000,Miguel,recording,switch_hand,3,0.903308,3.005369,18.022791,-3.740699,-1.340110,1.102888
459712890.000,Miguel,recording,switch_hand,3,1.396686,3.667806,19.339588,-2.494704,-0.231132,0.673874
459712900.000,Miguel,recording,switch_hand,3,0.354358,4.665397,19.204232,-1.122853,0.757445,0.024402
459712910.000,Miguel,recording,switch_hand,3,-0.968257,4.738618,15.882690,-0.060877,1.180083,-0.478506
459712920.000,Miguel,recording,switch_hand,3,-2.083238,4.136176,12.108334,0.535704,1.118518,-0.680996
459712930.000,Miguel,recording,switch_hand,3,-2.953000,3.833904,9.600303,0.713232,0.795335,-0.671630
459712940.000,Miguel,recording,switch_hand,3,-3.694337,3.903193,8.763228,0.657722,0.373638,-0.565711
459712950.000,Miguel,recording,switch_hand,3,-4.151938,4.011556,9.126030,0.582222,-0.047517,-0.411747
459712960.000,Miguel,recording,switch_hand,3,-4.109352,4.036253,9.949027,0.603800,-0.421425,-0.245636
459712970.000,Miguel,recording,switch_hand,3,-3.574922,3.782430,10.467212,0.731960,-0.714501,-0.102731
459712980.000,Miguel,recording,switch_hand,3,-2.817007,3.454530,10.434014,0.910377,-0.892938,-0.001660
459712990.000,Miguel,recording,switch_hand,3,-2.101663,3.158258,10.006056,1.070464,-0.955723,0.059242
459713000.000,Miguel,recording,switch_hand,3,-1.520366,3.050347,9.471247,1.168372,-0.922062,0.088010
459713010.000,Miguel,recording,switch_hand,3,-1.123400,3.004964,8.980289,1.194412,-0.811207,0.091846
459713020.000,Miguel,recording,switch_hand,3,-0.862694,3.021605,8.575478,1.161111,-0.651053,0.079261
459713030.000,Miguel,recording,switch_hand,3,-0.800840,3.094039,8.304058,1.088591,-0.477636,0.057986
459713040.000,Miguel,recording,switch_hand,3,-0.921479,3.177248,8.100406,0.998781,-0.325066,0.037464
459713050.000,Miguel,recording,switch_hand,3,-1.162495,3.296532,7.938184,0.909310,-0.215041,0.027332
459713060.000,Miguel,recording,switch_hand,3,-1.369910,3.454703,7.865630,0.829076,-0.156832,0.034033
459713070.000,Miguel,recording,switch_hand,3,-1.555984,3.647244,7.874120,0.759949,-0.147996,0.057444
459713080.000,Miguel,recording,switch_hand,3,-1.662150,3.857450,7.931723,0.704851,-0.176485,0.090703
459713090.000,Miguel,recording,switch_hand,3,-1.653698,4.069949,8.073970,0.672506,-0.236688,0.123861
459713100.000,Miguel,recording,switch_hand,3,-1.551713,4.257922,8.216603,0.667729,-0.333421,0.148165
459713110.000,Miguel,recording,switch_hand,4,-1.499533,4.365922,8.411603,0.690163,-0.469688,0.159042
459713120.000,Miguel,recording,switch_hand,4,-1.561925,4.376608,8.645758,0.734573,-0.626378,0.157479
459713130.000,Miguel,recording,switch_hand,4,-1.627626,4.284151,8.873640,0.794056,-0.765790,0.154941
459713140.000,Miguel,recording,switch_hand,4,-1.647479,4.374020,9.170928,0.879068,-0.863086,0.176489
459713150.000,Miguel,recording,switch_hand,4,-1.684455,4.389134,9.362587,0.986906,-0.909344,0.237014
459713160.000,Miguel,recording,switch_hand,4,-1.581486,4.330366,9.336940,1.085452,-0.892663,0.325111
459713170.000,Miguel,recording,switch_hand,4,-1.351362,4.294376,9.161853,1.148469,-0.802101,0.424631
459713180.000,Miguel,recording,switch_hand,4,-1.069972,4.421857,8.924900,1.163771,-0.654446,0.519685
459713190.000,Miguel,recording,switch_hand,4,-0.778440,4.600769,8.710238,1.133161,-0.481684,0.596990
459713200.000,Miguel,recording,switch_hand,4,-0.538915,4.790313,8.479358,1.072659,-0.306448,0.652560
459713210.000,Miguel,recording,switch_hand,4,-0.393481,4.969716,8.289016,1.000372,-0.150764,0.688098
459713220.000,Miguel,recording,switch_hand,4,-0.318240,5.149795,8.118445,0.927144,-0.031997,0.706657
459713230.000,Miguel,recording,switch_hand,4,-0.292981,5.306738,7.929613,0.860181,0.045203,0.710322
459713240.000,Miguel,recording,switch_hand,4,-0.264053,5.416750,7.807790,0.808018,0.082292,0.704780
459713250.000,Miguel,recording,switch_hand,4,-0.189160,5.489980,7.755388,0.779338,0.082308,0.696744
459713260.000,Miguel,recording,switch_hand,4,-0.128783,5.608983,7.757009,0.775701,0.049929,0.689150
459713270.000,Miguel,recording,switch_hand,4,-0.075662,5.646334,7.733445,0.791751,-0.002240,0.684215
459713280.000,Miguel,recording,switch_hand,4,0.009905,5.649303,7.680247,0.815456,-0.053410,0.684031
459713290.000,Miguel,recording,switch_hand,4,0.114099,5.669924,7.609934,0.835908,-0.090785,0.688891
459713300.000,Miguel,recording,switch_hand,4,0.251535,5.754219,7.558646,0.848515,-0.113267,0.698175
459713310.000,Miguel,recording,switch_hand,4,0.386999,5.889766,7.493652,0.852618,-0.123313,0.708511
459713320.000,Miguel,recording,switch_hand,4,0.536999,6.019378,7.381263,0.852017,-0.126500,0.713025
459713330.000,Miguel,recording,switch_hand,4,0.618230,6.124924,7.296547,0.853216,-0.135695,0.706885
459713340.000,Miguel,recording,switch_hand,4,0.604438,6.234744,7.256254,0.862054,-0.162093,0.691482
459713350.000,Miguel,recording,switch_hand,4,0.544493,6.332117,7.194464,0.882936,-0.204622,0.671296
459713360.000,Miguel,recording,switch_hand,4,0.506735,6.417553,7.088269,0.913247,-0.257425,0.650965
459713370.000,Miguel,recording,switch_hand,4,0.548240,6.499034,6.930976,0.940375,-0.312167,0.632784
459713380.000,Miguel,recording,switch_hand,4,0.696271,6.587659,6.705001,0.948608,-0.358690,0.613837
459713390.000,Miguel,recording,switch_hand,4,0.969373,6.654835,6.438889,0.924788,-0.389068,0.588137
459713400.000,Miguel,recording,switch_hand,4,1.249818,6.731521,6.279246,0.865030,-0.398793,0.553267
459713410.000,Miguel,recording,switch_hand,4,1.435562,6.802226,6.234735,0.777913,-0.383692,0.511586
459713420.000,Miguel,recording,switch_hand,4,1.469816,6.849691,6.254156,0.680035,-0.344355,0.469220
459713430.000,Miguel,recording,switch_hand,4,1.441995,6.905560,6.353774,0.587704,-0.293923,0.430245
459713440.000,Miguel,recording,switch_hand,4,1.383494,6.965915,6.432027,0.511224,-0.250868,0.392741
459713450.000,Miguel,recording,switch_hand,4,1.327804,7.011236,6.505482,0.455160,-0.230177,0.355019
459713460.000,Miguel,recording,switch_hand,4,1.321304,7.087768,6.495998,0.421206,-0.241088,0.316357
459713470.000,Miguel,recording,switch_hand,4,1.381658,7.137719,6.378653,0.397841,-0.283480,0.274522
459713480.000,Miguel,recording,switch_hand,4,1.385946,7.151104,6.227133,0.366341,-0.341528,0.230970
459713490.000,Miguel,recording,switch_hand,4,1.347318,7.286348,6.089650,0.323097,-0.399312,0.189787
459713500.000,Miguel,recording,switch_hand,4,1.316737,7.508163,6.030632,0.284782,-0.479465,0.148010
459713510.000,Miguel,recording,switch_hand,4,1.239048,7.843119,5.920754,0.271015,-0.659622,0.088317
459713520.000,Miguel,recording,switch_hand,4,0.627385,8.035471,5.866840,0.275513,-0.996069,-0.009781
459713530.000,Miguel,recording,switch_hand,4,-0.297461,7.848328,5.839470,0.291587,-1.451862,-0.137073
459713540.000,Miguel,recording,switch_hand,4,0.360268,7.646774,5.872128,0.319449,-1.903872,-0.172304
459713550.000,Miguel,recording,switch_hand,4,5.914088,5.594654,7.456074,0.255518,-1.959208,0.108446
459713560.000,Miguel,recording,switch_hand,4,-0.059005,4.088771,6.885123,-0.075649,-1.388905,0.448348
459713570.000,Miguel,recording,switch_hand,4,-2.628724,3.492313,3.406934,-0.666682,-0.364563,0.574794
459713580.000,Miguel,recording,switch_hand,4,-0.012449,5.206200,1.671641,-1.282790,0.620810,0.615821
459713590.000,Miguel,recording,switch_hand,4,1.668414,7.613674,2.262710,-1.709605,1.087692,0.637792
459713600.000,Miguel,recording,switch_hand,4,2.643770,8.546247,4.243792,-1.966967,1.225618,0.672136
459713610.000,Miguel,recording,switch_hand,4,3.138785,7.937007,5.776356,-2.236852,1.233794,0.708959
459713620.000,Miguel,recording,switch_hand,4,1.932218,7.237032,7.371090,-2.358863,0.952703,0.719142
459713630.000,Miguel,recording,switch_hand,4,1.874274,6.845909,9.387544,-2.205759,0.598093,0.689916
459713640.000,Miguel,recording,switch_hand,4,1.977619,6.053421,11.436908,-1.910677,0.412020,0.660885
459713650.000,Miguel,recording,switch_hand,4,1.557846,5.306804,13.377604,-1.431352,0.161253,0.664530
459713660.000,Miguel,recording,switch_hand,4,1.332732,5.180982,13.795057,-0.776580,-0.216086,0.672672
459713670.000,Miguel,recording,switch_hand,4,1.594847,5.899656,11.522028,-0.150971,-0.461950,0.635588
459713680.000,Miguel,recording,switch_hand,4,2.453304,6.412533,10.272455,0.289308,-0.529390,0.547035
459713690.000,Miguel,recording,switch_hand,4,2.741005,6.689800,9.215675,0.575592,-0.524076,0.432134
459713700.000,Miguel,recording,switch_hand,4,2.758423,6.788431,8.159993,0.742412,-0.433475,0.314328
459713710.000,Miguel,recording,switch_hand,4,2.821261,6.791770,7.353986,0.794939,-0.285265,0.205979
459713720.000,Miguel,recording,switch_hand,4,2.908592,6.946826,6.841412,0.758347,-0.130282,0.112251
459713730.000,Miguel,recording,switch_hand,4,2.897352,6.915304,6.707719,0.676364,0.018715,0.030430
459713740.000,Miguel,recording,switch_hand,4,2.726190,6.590929,6.717172,0.595288,0.169737,-0.043301
459713750.000,Miguel,recording,switch_hand,4,1.981567,6.661250,6.686722,0.534691,0.341756,-0.103424
459713760.000,Miguel,recording,switch_hand,4,1.168513,7.019223,6.514411,0.478350,0.516356,-0.122845
459713770.000,Miguel,recording,switch_hand,4,0.803573,7.001213,6.574096,0.400283,0.628994,-0.092949
459713780.000,Miguel,recording,switch_hand,4,0.732472,6.692281,6.767791,0.310790,0.644508,-0.039698
459713790.000,Miguel,recording,switch_hand,4,0.873264,6.350293,7.006747,0.238323,0.599431,0.011221
459713800.000,Miguel,recording,switch_hand,4,0.962176,6.212034,7.238120,0.187522,0.545207,0.051697
459713810.000,Miguel,recording,switch_hand,4,0.854172,6.226664,7.520199,0.157911,0.479547,0.087050
459713820.000,Miguel,recording,switch_hand,4,0.742480,6.262170,7.778997,0.153191,0.383906,0.127844
459713830.000,Miguel,recording,switch_hand,4,0.696402,6.316601,7.835657,0.168884,0.277293,0.182939
459713840.000,Miguel,recording,switch_hand,4,0.711878,6.488049,7.774115,0.192066,0.193491,0.257221
459713850.000,Miguel,recording,switch_hand,4,0.767544,6.712848,7.642316,0.215875,0.154359,0.349355
459713860.000,Miguel,recording,switch_hand,4,0.969669,6.901340,7.540836,0.241521,0.170845,0.453415
459713870.000,Miguel,recording,switch_hand,4,1.318806,7.016419,7.512052,0.273407,0.248778,0.561145
459713880.000,Miguel,recording,switch_hand,4,1.872080,7.027254,7.560615,0.317673,0.378679,0.652821
459713890.000,Miguel,recording,switch_hand,4,2.506456,6.812147,7.720306,0.372655,0.515280,0.701837
459713900.000,Miguel,recording,switch_hand,4,3.003333,6.460021,7.854588,0.428594,0.607021,0.689960
459713910.000,Miguel,recording,switch_hand,4,3.290888,6.145490,7.845801,0.472235,0.640768,0.623075
459713920.000,Miguel,recording,switch_hand,4,3.495541,6.036650,7.805797,0.495033,0.626887,0.526637
459713930.000,Miguel,recording,switch_hand,4,3.686700,6.114655,7.816483,0.503183,0.580167,0.422604
459713940.000,Miguel,recording,switch_hand,4,3.882512,6.158665,7.844905,0.513470,0.532518,0.317631
459713950.000,Miguel,recording,switch_hand,4,4.006922,6.094101,7.851212,0.541277,0.514119,0.210352
459713960.000,Miguel,recording,switch_hand,4,4.092635,5.991494,7.807797,0.586115,0.531917,0.103389
459713970.000,Miguel,recording,switch_hand,4,4.172691,5.838775,7.675219,0.637175,0.576493,-0.002862
459713980.000,Miguel,recording,switch_hand,4,4.407603,5.640783,7.409799,0.684374,0.633489,-0.117823
459713990.000,Miguel,recording,switch_hand,4,4.923988,5.491482,7.011007,0.718849,0.696069,-0.249523
459714000.000,Miguel,recording,switch_hand,4,5.493640,5.385826,6.632996,0.735093,0.771418,-0.406222
459714010.000,Miguel,recording,switch_hand,4,5.914663,5.171431,6.164384,0.722155,0.865478,-0.603773
459714020.000,Miguel,recording,switch_hand,4,6.149832,4.788779,5.628131,0.665620,0.985579,-0.850805
459714030.000,Miguel,recording,switch_hand,4,6.005566,4.552866,5.151204,0.572302,1.138522,-1.120536
459714040.000,Miguel,recording,switch_hand,4,5.310814,4.474038,4.840823,0.476328,1.366205,-1.370713
459714050.000,Miguel,recording,switch_hand,4,4.979041,4.055147,4.588797,0.407144,1.743753,-1.565677
459714060.000,Miguel,recording,switch_hand,4,4.213486,3.287053,3.951332,0.389388,2.322870,-1.701414
459714070.000,Miguel,recording,switch_hand,4,3.426537,1.245503,3.299320,0.469922,3.069977,-1.824194
459714080.000,Miguel,recording,switch_hand,4,3.032041,0.635091,2.732469,0.657781,3.941759,-1.992733
459714090.000,Miguel,recording,switch_hand,4,2.886333,0.756703,2.628025,0.752475,4.676958,-2.302037
459714100.000,Miguel,recording,switch_hand,4,1.647207,4.305916,-0.599285,0.049993,4.331533,-2.986262
459714110.000,Miguel,recording,switch_hand,4,-3.202418,8.834741,2.440951,-1.223882,3.390643,-3.669578
459714120.000,Miguel,recording,switch_hand,4,-5.792259,9.325758,4.098770,-2.079658,3.172087,-3.885429
459714130.000,Miguel,recording,switch_hand,4,-7.295906,8.917358,2.783933,-2.487848,3.333376,-3.827026
459714140.000,Miguel,recording,switch_hand,4,-9.484807,8.238961,0.979520,-2.793379,3.070502,-3.652040
459714150.000,Miguel,recording,switch_hand,4,-11.971749,6.712226,2.718529,-3.032247,2.376339,-3.400201
459714160.000,Miguel,recording,switch_hand,4,-8.453220,4.561236,2.550062,-3.188671,1.760209,-3.054070
459714170.000,Miguel,recording,switch_hand,4,-8.475307,1.777257,3.139570,-3.405124,1.347843,-2.550845
459714180.000,Miguel,recording,switch_hand,4,-9.388862,2.127311,6.148163,-3.565091,0.952424,-1.871751
459714190.000,Miguel,recording,switch_hand,4,-9.703753,1.476802,8.756030,-3.485408,0.446309,-1.095030
459714200.000,Miguel,recording,switch_hand,4,-8.980726,2.783470,12.036456,-3.076842,-0.121590,-0.367807
459714210.000,Miguel,recording,switch_hand,4,-8.486967,4.033957,15.615386,-2.237820,-0.672607,0.192043
459714220.000,Miguel,recording,switch_hand,4,-7.453795,4.833539,16.973178,-1.088856,-1.177916,0.562093
459714230.000,Miguel,recording,switch_hand,4,-6.534671,4.910571,16.482196,0.075751,-1.529921,0.768293
459714240.000,Miguel,recording,switch_hand,4,-5.917028,4.988696,14.083798,1.011324,-1.617026,0.892854
459714250.000,Miguel,recording,switch_hand,4,-4.936999,4.783981,11.781039,1.600071,-1.511884,0.988908
459714260.000,Miguel,recording,switch_hand,4,-4.230141,4.450297,9.947447,1.861402,-1.350611,1.043052
459714270.000,Miguel,recording,switch_hand,4,-3.780118,4.530694,8.704631,1.889947,-1.174825,1.034863
459714280.000,Miguel,recording,switch_hand,4,-3.639712,5.036116,7.710467,1.760694,-1.011727,0.962875
459714290.000,Miguel,recording,switch_hand,4,-3.625600,5.694078,7.085669,1.516248,-0.875317,0.846008
459714300.000,Miguel,recording,switch_hand,4,-3.585012,6.217871,6.835560,1.219190,-0.766631,0.716183
459714310.000,Miguel,recording,switch_hand,4,-3.471630,6.391105,7.058120,0.953095,-0.692309,0.596511
459714320.000,Miguel,recording,switch_hand,4,-3.209187,6.124348,7.556214,0.783509,-0.672210,0.492591
459714330.000,Miguel,recording,switch_hand,4,-2.987913,5.688561,8.058367,0.740245,-0.731228,0.411231
459714340.000,Miguel,recording,switch_hand,4,-2.927452,5.306336,8.343900,0.812720,-0.870068,0.365174
459714350.000,Miguel,recording,switch_hand,4,-2.914439,4.989465,8.384608,0.966580,-1.063020,0.363405
459714360.000,Miguel,recording,switch_hand,4,-2.873252,4.775355,8.174915,1.150738,-1.275449,0.399460
459714370.000,Miguel,recording,switch_hand,4,-2.785916,4.667524,7.760966,1.312630,-1.467216,0.457726
459714380.000,Miguel,recording,switch_hand,4,-2.691733,4.765020,7.331829,1.417738,-1.601919,0.526290
459714390.000,Miguel,recording,switch_hand,4,-2.532729,5.002383,7.008043,1.458129,-1.663329,0.595828
459714400.000,Miguel,recording,switch_hand,4,-2.221619,5.273817,6.866517,1.449391,-1.655169,0.653101
459714410.000,Miguel,recording,switch_hand,4,-1.823557,5.470158,6.729905,1.410396,-1.592703,0.683098
459714420.000,Miguel,recording,switch_hand,4,-1.470367,5.675075,6.584160,1.348307,-1.494168,0.677609
459714430.000,Miguel,recording,switch_hand,4,-1.283439,5.946449,6.510337,1.269059,-1.380560,0.642277
459714440.000,Miguel,recording,switch_hand,4,-1.176948,6.140323,6.463050,1.182482,-1.270797,0.590583
459714450.000,Miguel,recording,switch_hand,4,-1.104678,6.251185,6.368886,1.089326,-1.168448,0.532099
459714460.000,Miguel,recording,switch_hand,4,-1.035386,6.321671,6.247837,0.982925,-1.073925,0.471307
459714470.000,Miguel,recording,switch_hand,4,-1.014304,6.508683,6.234482,0.866452,-0.997045,0.408510
459714480.000,Miguel,recording,switch_hand,4,-1.021214,6.713461,6.335860,0.755220,-0.930787,0.343062
459714490.000,Miguel,recording,switch_hand,4,-1.047352,6.963955,6.615919,0.671020,-0.874884,0.284647
459714500.000,Miguel,recording,switch_hand,4,-0.914871,7.266418,6.817409,0.613070,-0.848020,0.223308
459714510.000,Miguel,recording,switch_hand,4,-0.955541,7.270995,6.882417,0.559628,-0.810369,0.132233
459714520.000,Miguel,recording,switch_hand,4,-1.510512,6.950040,7.070261,0.521809,-0.698846,0.040108
459714530.000,Miguel,recording,switch_hand,4,-2.149368,6.877945,7.388337,0.539140,-0.583123,-0.000518
459714540.000,Miguel,recording,switch_hand,4,-3.096108,7.309463,7.524323,0.623008,-0.596152,-0.001151
459714550.000,Miguel,recording,switch_hand,4,-4.004829,7.968800,7.306044,0.762974,-0.772477,-0.010164
459714560.000,Miguel,recording,switch_hand,4,-4.971708,8.360951,6.719804,0.933482,-1.112083,-0.056441
459714570.000,Miguel,recording,switch_hand,4,-6.085374,8.658176,6.060566,1.085606,-1.686061,-0.136502
459714580.000,Miguel,recording,switch_hand,4,-8.824700,7.831196,4.855778,1.117307,-2.501175,-0.112905
459714590.000,Miguel,recording,switch_hand,4,-11.652743,6.264316,2.725846,0.759606,-3.003173,0.589026
459714600.000,Miguel,recording,switch_hand,4,-7.918474,4.262372,1.311629,0.005403,-2.919695,1.876542
459714610.000,Miguel,recording,switch_hand,4,5.560138,2.765379,3.693234,-0.516616,-2.864479,2.549943
459714620.000,Miguel,recording,switch_hand,4,11.345477,5.375962,3.874160,-0.658269,-3.163507,2.278246
459714630.000,Miguel,recording,switch_hand,4,10.063655,6.360633,2.395458,-0.850811,-3.442837,1.694813
459714640.000,Miguel,recording,switch_hand,4,7.248593,6.256456,-0.059793,-1.306862,-3.170482,1.187988
459714650.000,Miguel,recording,switch_hand,4,7.010457,6.702640,-1.858877,-2.012643,-2.423116,0.817818
459714660.000,Miguel,recording,switch_hand,4,7.065603,7.585257,0.795616,-2.544279,-1.849679,0.549606
459714670.000,Miguel,recording,switch_hand,4,6.910987,7.968676,1.284610,-2.849908,-1.680426,0.330674
459714680.000,Miguel,recording,switch_hand,4,6.216710,8.183182,2.306357,-3.162068,-1.355046,0.128390
459714690.000,Miguel,recording,switch_hand,4,5.316327,6.918808,3.722466,-3.437883,-0.343189,-0.036296
459714700.000,Miguel,recording,switch_hand,4,4.126542,5.521530,9.049237,-3.391717,0.943764,-0.128878
459714710.000,Miguel,recording,switch_hand,4,1.676285,4.408514,16.477291,-2.692069,1.732435,-0.090500
459714720.000,Miguel,recording,switch_hand,4,-0.424253,4.141611,18.742243,-1.569067,1.955193,0.090130
459714730.000,Miguel,recording,switch_hand,4,0.108022,4.580855,16.181005,-0.527662,1.915586,0.305408
459714740.000,Miguel,recording,switch_hand,4,0.938545,5.258218,14.177495,0.197990,1.645034,0.416537
459714750.000,Miguel,recording,switch_hand,4,0.300848,5.335195,13.079054,0.631904,1.131698,0.433134
459714760.000,Miguel,recording,switch_hand,4,-0.126001,5.168523,11.906423,0.843036,0.533091,0.460073
459714770.000,Miguel,recording,switch_hand,4,0.052885,5.279944,11.170655,0.932161,-0.003264,0.528089
459714780.000,Miguel,recording,switch_hand,4,0.772341,5.737871,10.543409,0.987950,-0.403193,0.606354
459714790.000,Miguel,recording,switch_hand,4,1.470331,6.184968,9.832226,1.052679,-0.642840,0.664784
459714800.000,Miguel,recording,switch_hand,4,1.936918,6.463194,8.952050,1.123475,-0.740754,0.702383
459714810.000,Miguel,recording,switch_hand,4,2.267396,6.440462,8.003702,1.178032,-0.725482,0.726377
459714820.000,Miguel,recording,switch_hand,4,2.546066,6.620864,7.403154,1.209541,-0.606809,0.719902
459714830.000,Miguel,recording,switch_hand,4,2.813797,6.993518,6.824712,1.208804,-0.417606,0.692327
459714840.000,Miguel,recording,switch_hand,4,2.858884,7.015241,6.567607,1.182390,-0.188511,0.671600
459714850.000,Miguel,recording,switch_hand,4,2.890196,6.540867,6.475692,1.163451,0.102448,0.649956
459714860.000,Miguel,recording,switch_hand,4,2.969462,6.184912,6.443971,1.163542,0.462193,0.617023
459714870.000,Miguel,recording,switch_hand,4,3.119849,6.163452,6.494693,1.177926,0.832244,0.574754
459714880.000,Miguel,recording,switch_hand,4,3.228295,6.302856,6.523066,1.194962,1.141736,0.530479
459714890.000,Miguel,recording,switch_hand,4,3.205165,6.286512,6.392276,1.198125,1.351309,0.491978
459714900.000,Miguel,recording,switch_hand,4,3.083963,6.183435,6.197859,1.171998,1.456004,0.466455
459714910.000,Miguel,recording,switch_hand,4,2.907872,6.095290,6.049766,1.107300,1.475848,0.456015
459714920.000,Miguel,recording,switch_hand,4,2.667372,6.044499,6.007215,1.007204,1.433063,0.461161
459714930.000,Miguel,recording,switch_hand,4,2.321975,6.100016,6.132595,0.882064,1.344171,0.488090
459714940.000,Miguel,recording,switch_hand,4,2.000481,6.032973,6.321018,0.745773,1.212188,0.545664
459714950.000,Miguel,recording,switch_hand,4,1.960347,5.683085,6.679592,0.631703,1.048313,0.619197
459714960.000,Miguel,recording,switch_hand,4,2.260404,5.831199,7.080565,0.568409,0.881838,0.667165
459714970.000,Miguel,recording,switch_hand,4,2.680215,5.893349,7.004618,0.536479,0.714955,0.682691
459714980.000,Miguel,recording,switch_hand,4,3.124135,5.668858,6.780330,0.518813,0.553781,0.668776
459714990.000,Miguel,recording,switch_hand,4,3.656581,5.462109,6.573215,0.517536,0.446127,0.605395
459715000.000,Miguel,recording,switch_hand,4,4.246632,5.387043,6.393402,0.524518,0.420537,0.481670
459715010.000,Miguel,recording,switch_hand,4,4.718759,5.483452,6.341637,0.539629,0.464727,0.295220
459715020.000,Miguel,recording,switch_hand,4,4.980867,5.583717,6.435887,0.570610,0.545663,0.058893
459715030.000,Miguel,recording,switch_hand,4,4.993473,5.640399,6.552161,0.622106,0.630464,-0.207771
459715040.000,Miguel,recording,switch_hand,4,4.857443,5.545546,6.540036,0.694072,0.703193,-0.474417
459715050.000,Miguel,recording,switch_hand,4,5.009046,5.305978,6.462050,0.806830,0.787536,-0.726870
459715060.000,Miguel,recording,switch_hand,4,5.693500,5.146773,6.360423,0.999093,0.973600,-0.993682
459715070.000,Miguel,recording,switch_hand,4,6.399501,5.423337,6.108077,1.274776,1.353321,-1.296272
459715080.000,Miguel,recording,switch_hand,4,7.082934,5.817533,5.538652,1.592203,1.904209,-1.626454
459715090.000,Miguel,recording,switch_hand,4,7.289381,6.064810,4.768013,1.900661,2.507424,-1.959684
459715100.000,Miguel,recording,switch_hand,4,6.857427,6.122929,4.398471,2.178612,3.063733,-2.262549
459715110.000,Miguel,recording,switch_hand,4,5.785056,5.857204,4.259662,2.440976,3.512974,-2.517458
459715120.000,Miguel,recording,switch_hand,4,4.469547,4.459919,2.804766,2.541894,3.582495,-2.821854
459715130.000,Miguel,recording,switch_hand,4,2.355510,4.684860,-0.880466,1.946440,2.660251,-3.382529
459715140.000,Miguel,recording,switch_hand,4,-0.992621,4.115705,2.328994,0.963304,1.446431,-3.967163
459715150.000,Miguel,recording,switch_hand,4,-3.516089,3.830079,2.381117,0.283854,0.956078,-4.322083
459715160.000,Miguel,recording,switch_hand,4,-4.800543,2.653768,2.806578,-0.128323,0.903427,-4.572403
459715170.000,Miguel,recording,switch_hand,4,-6.377523,3.194170,1.525891,-0.418904,0.722171,-4.656614
459715180.000,Miguel,recording,switch_hand,4,-12.523006,5.679193,1.846653,-0.730780,0.151409,-4.299417
459715190.000,Miguel,recording,switch_hand,4,-13.504811,7.530276,1.649658,-1.142774,-0.432144,-3.529965
459715200.000,Miguel,recording,switch_hand,4,-8.350637,7.175505,2.319369,-1.662109,-0.645594,-2.753251
459715210.000,Miguel,recording,switch_hand,4,-8.636229,7.127929,2.049824,-2.151650,-0.459954,-2.038241
459715220.000,Miguel,recording,switch_hand,4,-12.318837,8.565133,3.494761,-2.590671,-0.143316,-1.180208
459715230.000,Miguel,recording,switch_hand,4,-11.001852,8.140324,4.912057,-3.032720,0.085893,-0.180351
459715240.000,Miguel,recording,switch_hand,4,-11.017890,7.199629,7.410626,-3.365446,0.240981,0.800467
459715250.000,Miguel,recording,switch_hand,4,-9.098963,6.189107,9.306488,-3.422592,0.352097,1.587644
459715260.000,Miguel,recording,switch_hand,4,-6.893164,5.718447,13.056757,-3.037153,0.408121,2.054627
459715270.000,Miguel,recording,switch_hand,4,-4.597151,5.813249,15.906326,-2.147004,0.477475,2.162341
459715280.000,Miguel,recording,switch_hand,4,-3.494824,6.362235,16.707823,-0.904796,0.615378,1.963754
459715290.000,Miguel,recording,switch_hand,4,-3.125339,7.233552,14.941099,0.344936,0.744401,1.598861
459715300.000,Miguel,recording,switch_hand,4,-3.132020,8.036390,11.865648,1.266821,0.835444,1.210153
459715310.000,Miguel,recording,switch_hand,4,-3.035020,8.310054,8.772053,1.731890,0.903857,0.868770
459715320.000,Miguel,recording,switch_hand,4,-2.776752,8.204335,6.642609,1.790391,0.957005,0.590777
459715330.000,Miguel,recording,switch_hand,4,-2.635256,7.953778,5.159811,1.571060,1.010458,0.377147
459715340.000,Miguel,recording,switch_hand,4,-2.696866,7.692537,4.294914,1.209613,1.076595,0.222337
459715350.000,Miguel,recording,switch_hand,4,-2.871259,7.468786,3.877137,0.812884,1.124045,0.115016
459715360.000,Miguel,recording,switch_hand,4,-3.047320,7.168114,3.823245,0.452907,1.105156,0.046096
459715370.000,Miguel,recording,switch_hand,4,-3.150519,6.861423,4.034673,0.176192,0.999548,0.013800
459715380.000,Miguel,recording,switch_hand,4,-3.157443,6.616605,4.336187,0.005411,0.817123,0.014951
459715390.000,Miguel,recording,switch_hand,4,-3.003440,6.480726,4.601216,-0.065079,0.576524,0.039907
459715400.000,Miguel,recording,switch_hand,4,-2.876046,6.444198,4.782857,-0.057643,0.298231,0.081044
459715410.000,Miguel,recording,switch_hand,4,-2.767009,6.403932,4.879937,0.004127,-0.002795,0.136834
459715420.000,Miguel,recording,switch_hand,4,-2.676275,6.341113,4.939814,0.103298,-0.323436,0.209746
459715430.000,Miguel,recording,switch_hand,4,-2.625302,6.316306,4.972268,0.219887,-0.644480,0.296129
459715440.000,Miguel,recording,switch_hand,4,-2.651366,6.402667,4.947959,0.335398,-0.942250,0.383042
459715450.000,Miguel,recording,switch_hand,4,-2.684438,6.532686,4.908330,0.439917,-1.204081,0.461730
459715460.000,Miguel,recording,switch_hand,4,-2.686634,6.690328,4.853025,0.523182,-1.413399,0.529877
459715470.000,Miguel,recording,switch_hand,4,-2.577418,6.897708,4.705301,0.574220,-1.565174,0.582683
459715480.000,Miguel,recording,switch_hand,4,-2.454917,6.996219,4.636230,0.586507,-1.673181,0.613558
459715490.000,Miguel,recording,switch_hand,4,-2.799167,6.143457,4.643363,0.575087,-1.761088,0.629230
459715500.000,Miguel,recording,switch_hand,4,-2.407290,6.109523,5.143041,0.591232,-1.907552,0.656448
459715510.000,Miguel,recording,switch_hand,4,-2.020440,6.876500,5.615527,0.653729,-2.134812,0.710378
459715520.000,Miguel,recording,switch_hand,4,-1.825784,7.784405,5.679998,0.712182,-2.327492,0.762849
459715530.000,Miguel,recording,switch_hand,4,-1.555343,8.200007,5.520290,0.730677,-2.392710,0.771715
459715540.000,Miguel,recording,switch_hand,4,-1.083364,8.329417,5.450406,0.707987,-2.335977,0.720608
459715550.000,Miguel,recording,switch_hand,4,-0.778259,8.258367,5.481411,0.648664,-2.221200,0.617153
459715560.000,Miguel,recording,switch_hand,4,-0.567548,8.186976,5.581459,0.557296,-2.106635,0.477107
459715570.000,Miguel,recording,switch_hand,4,-0.443546,8.096258,5.657541,0.435095,-2.012837,0.317287
459715580.000,Miguel,recording,switch_hand,4,-0.348487,7.958168,5.756433,0.278005,-1.923244,0.147821
459715590.000,Miguel,recording,switch_hand,4,-0.224218,7.725306,5.919919,0.072390,-1.791465,-0.027543
459715600.000,Miguel,recording,switch_hand,4,-0.153415,7.449121,6.017201,-0.188342,-1.562829,-0.199480
459715610.000,Miguel,recording,switch_hand,4,-0.217921,7.202782,5.972433,-0.490813,-1.208476,-0.351237
459715620.000,Miguel,recording,switch_hand,4,-0.456211,7.006313,5.916789,-0.810371,-0.753300,-0.463462
459715630.000,Miguel,recording,switch_hand,4,-0.915885,6.851330,5.967317,-1.119296,-0.269064,-0.520718
459715640.000,Miguel,recording,switch_hand,4,-1.524037,6.714760,6.086612,-1.393006,0.160875,-0.517535
459715650.000,Miguel,recording,switch_hand,4,-2.070188,6.640878,6.341609,-1.608634,0.470115,-0.458941
459715660.000,Miguel,recording,switch_hand,4,-2.294625,6.693739,6.806254,-1.739674,0.627735,-0.360934
459715670.000,Miguel,recording,switch_hand,4,-2.083839,6.832492,7.464301,-1.758615,0.645931,-0.249314
459715680.000,Miguel,recording,switch_hand,4,-1.541708,6.944296,8.106515,-1.652985,0.568706,-0.156916
459715690.000,Miguel,recording,switch_hand,4,-0.958618,6.957915,8.418851,-1.431945,0.445371,-0.116250
459715700.000,Miguel,recording,switch_hand,4,-0.663488,6.964825,8.467414,-1.140408,0.308898,-0.133671
459715710.000,Miguel,recording,switch_hand,4,-0.740875,7.026548,8.378616,-0.835317,0.155465,-0.181768
459715720.000,Miguel,recording,switch_hand,4,-1.185575,7.125726,8.150733,-0.551914,-0.034001,-0.225073
459715730.000,Miguel,recording,switch_hand,4,-1.879232,7.304228,7.846371,-0.314442,-0.262826,-0.236256
459715740.000,Miguel,recording,switch_hand,4,-2.765462,7.589959,7.566898,-0.137005,-0.531468,-0.212819
459715750.000,Miguel,recording,switch_hand,4,-3.912903,7.913075,7.289603,-0.017465,-0.849888,-0.171276
459715760.000,Miguel,recording,switch_hand,4,-4.833946,8.088188,6.986954,0.064977,-1.222521,-0.120201
459715770.000,Miguel,recording,switch_hand,4,-5.451231,7.510462,6.625146,0.144471,-1.619007,-0.030011
459715780.000,Miguel,recording,switch_hand,4,-2.580030,6.767083,6.578398,0.258520,-2.051516,0.232032
459715790.000,Miguel,recording,switch_hand,4,0.115057,6.996661,7.229728,0.268985,-2.372989,0.666379
459715800.000,Miguel,recording,switch_hand,4,-4.496708,6.356333,5.271376,-0.311402,-2.131639,1.000921
459715810.000,Miguel,recording,switch_hand,4,-4.488919,5.022275,7.681586,-1.031956,-1.827988,1.201752
459715820.000,Miguel,recording,switch_hand,4,-2.373249,6.159740,8.613198,-1.338949,-1.938871,1.362598
459715830.000,Miguel,recording,switch_hand,4,2.147828,6.049297,7.451979,-1.543410,-2.101100,1.393213
459715840.000,Miguel,recording,switch_hand,4,4.007635,5.973609,4.834518,-1.568885,-2.248076,1.285689
459715850.000,Miguel,recording,switch_hand,4,5.114304,6.148758,4.326492,-1.445635,-2.161416,1.080426
459715860.000,Miguel,recording,switch_hand,4,5.884404,6.561741,5.047039,-1.361829,-1.588202,0.793882
459715870.000,Miguel,recording,switch_hand,4,5.280921,6.682983,6.730578,-1.221074,-0.770829,0.506249
459715880.000,Miguel,recording,switch_hand,4,4.053196,6.088372,8.408819,-0.958904,0.023576,0.329291
459715890.000,Miguel,recording,switch_hand,4,2.555158,5.165358,9.418353,-0.638929,0.530668,0.274790
459715900.000,Miguel,recording,switch_hand,4,1.370120,5.642123,7.893368,-0.388451,0.709982,0.255233
459715910.000,Miguel,recording,switch_hand,4,0.881094,6.088427,7.993827,-0.288382,0.868647,0.230016
459715920.000,Miguel,recording,switch_hand,4,0.647866,6.447292,8.959457,-0.244258,0.976333,0.234366
459715930.000,Miguel,recording,switch_hand,4,0.340744,6.476063,9.499525,-0.171010,0.981163,0.284283
459715940.000,Miguel,recording,switch_hand,4,0.065384,6.124175,9.552164,-0.080466,0.956016,0.357558
459715950.000,Miguel,recording,switch_hand,4,0.022126,5.925143,9.460183,-0.002606,0.892646,0.429085
459715960.000,Miguel,recording,switch_hand,4,0.213867,5.830730,9.461275,0.047461,0.746754,0.477011
459715970.000,Miguel,recording,switch_hand,4,0.475789,5.902418,9.571468,0.076126,0.498107,0.483542
459715980.000,Miguel,recording,switch_hand,4,0.539670,5.920036,9.569686,0.104842,0.177553,0.448421
459715990.000,Miguel,recording,switch_hand,4,0.497991,5.861308,9.619831,0.158615,-0.126172,0.399666
459716000.000,Miguel,recording,switch_hand,4,0.328815,5.908768,9.736304,0.257643,-0.337654,0.370486
459716010.000,Miguel,recording,switch_hand,4,0.266777,6.059038,9.677737,0.403123,-0.438074,0.375881
459716020.000,Miguel,recording,switch_hand,4,0.342756,6.141490,9.380546,0.571801,-0.428941,0.408811
459716030.000,Miguel,recording,switch_hand,4,0.350154,5.957172,8.687090,0.729174,-0.330724,0.450739
459716040.000,Miguel,recording,switch_hand,4,0.477950,5.369707,7.924742,0.849658,-0.169728,0.488599
459716050.000,Miguel,recording,switch_hand,4,0.721223,5.454311,7.475422,0.925931,0.059993,0.482508
459716060.000,Miguel,recording,switch_hand,4,1.093472,6.097729,6.866492,0.950537,0.287553,0.444465
459716070.000,Miguel,recording,switch_hand,4,1.284151,6.638498,6.556385,0.917778,0.446832,0.434028
459716080.000,Miguel,recording,switch_hand,4,1.163558,6.774072,6.390403,0.833174,0.568802,0.464348
459716090.000,Miguel,recording,switch_hand,4,0.986883,6.587185,6.347396,0.709025,0.639741,0.527711
459716100.000,Miguel,recording,switch_hand,4,0.891476,6.187221,6.296743,0.552177,0.628426,0.599182
459716110.000,Miguel,recording,switch_hand,4,1.012547,5.814489,6.320405,0.366331,0.539620,0.645402
459716120.000,Miguel,recording,switch_hand,4,1.244281,5.658255,6.561791,0.173186,0.404002,0.647156
459716130.000,Miguel,recording,switch_hand,5,1.418577,5.689894,7.087880,0.011319,0.253248,0.610110
459716140.000,Miguel,recording,switch_hand,5,1.506852,5.820911,7.772358,-0.079315,0.112684,0.556132
459716150.000,Miguel,recording,switch_hand,5,1.505356,5.910259,8.361296,-0.075646,0.003208,0.500819
459716160.000,Miguel,recording,switch_hand,5,1.437055,5.853288,8.637579,0.016247,-0.054722,0.446226
459716170.000,Miguel,recording,switch_hand,5,1.437387,5.869331,8.638819,0.164923,-0.047850,0.398452
459716180.000,Miguel,recording,switch_hand,5,1.562152,6.032718,8.582591,0.336768,0.018602,0.372913
459716190.000,Miguel,recording,switch_hand,5,1.719925,6.378060,8.563520,0.514201,0.107972,0.381544
459716200.000,Miguel,recording,switch_hand,5,1.856438,6.574079,8.455530,0.688384,0.179563,0.415091
459716210.000,Miguel,recording,switch_hand,5,1.974556,6.562860,8.016171,0.836364,0.228098,0.453587
459716220.000,Miguel,recording,switch_hand,5,2.117223,6.487859,7.325154,0.921562,0.262907,0.489354
459716230.000,Miguel,recording,switch_hand,5,2.284055,6.473978,6.773559,0.925578,0.286874,0.522015
459716240.000,Miguel,recording,switch_hand,5,2.563446,6.446177,6.480113,0.862379,0.296354,0.543423
459716250.000,Miguel,recording,switch_hand,5,2.901045,6.386431,6.428266,0.761951,0.292786,0.541065
459716260.000,Miguel,recording,switch_hand,5,3.233145,6.249481,6.491390,0.653108,0.284601,0.504082
459716270.000,Miguel,recording,switch_hand,5,3.538717,6.002831,6.498573,0.559094,0.286898,0.427291
459716280.000,Miguel,recording,switch_hand,5,3.958618,5.757666,6.488688,0.487805,0.325457,0.311742
459716290.000,Miguel,recording,switch_hand,5,4.697155,5.499220,6.623798,0.443931,0.408546,0.151127
459716300.000,Miguel,recording,switch_hand,5,6.103992,5.285318,6.612211,0.436172,0.513051,-0.081967
459716310.000,Miguel,recording,switch_hand,5,7.709057,4.888767,6.451474,0.466352,0.635913,-0.418852
459716320.000,Miguel,recording,switch_hand,5,8.828659,4.494522,6.706219,0.544903,0.845618,-0.882045
459716330.000,Miguel,recording,switch_hand,5,8.741149,4.107479,6.334655,0.625825,1.230775,-1.432509
459716340.000,Miguel,recording,switch_hand,5,7.721358,3.198339,4.964399,0.649839,1.733972,-1.969539
459716350.000,Miguel,recording,switch_hand,5,6.208895,2.768953,4.321800,0.669117,2.278924,-2.451292
459716360.000,Miguel,recording,switch_hand,5,4.271091,2.908581,4.086913,0.763187,2.878701,-2.870184
459716370.000,Miguel,recording,switch_hand,5,2.432994,3.345189,3.866652,0.931670,3.470851,-3.197985
459716380.000,Miguel,recording,switch_hand,5,1.820754,2.663228,2.720301,1.042340,3.861898,-3.473891
459716390.000,Miguel,recording,switch_hand,5,0.095770,3.290314,0.219828,0.733628,3.668421,-3.827170
459716400.000,Miguel,recording,switch_hand,5,-2.609804,5.622036,1.802377,-0.038631,3.036012,-4.209712
459716410.000,Miguel,recording,switch_hand,5,-4.267715,4.854847,4.295778,-0.815479,2.453488,-4.424091
459716420.000,Miguel,recording,switch_hand,5,-16.585252,7.944995,7.153050,-1.290733,1.776321,-4.165961
459716430.000,Miguel,recording,switch_hand,5,-15.452874,8.562935,5.012507,-1.537929,1.190763,-3.463667
459716440.000,Miguel,recording,switch_hand,5,-11.508635,6.892274,3.657388,-1.688332,0.975087,-2.650473
459716450.000,Miguel,recording,switch_hand,5,-13.300489,6.916440,3.903206,-1.712816,1.089193,-1.750937
459716460.000,Miguel,recording,switch_hand,5,-12.723367,7.062092,4.775558,-1.626961,1.401989,-0.814121
459716470.000,Miguel,recording,switch_hand,5,-10.199562,5.391012,5.797716,-1.527290,1.517619,-0.040699
459716480.000,Miguel,recording,switch_hand,5,-8.573125,4.966637,6.505722,-1.421425,1.372311,0.490986
459716490.000,Miguel,recording,switch_hand,5,-8.029730,5.919476,7.845519,-1.226879,1.071242,0.866178
459716500.000,Miguel,recording,switch_hand,5,-7.105002,6.867348,9.366992,-0.894626,0.650606,1.147834
459716510.000,Miguel,recording,switch_hand,5,-5.427114,7.035106,10.236937,-0.431093,0.163184,1.316569
459716520.000,Miguel,recording,switch_hand,5,-4.108380,6.966477,10.292929,0.093657,-0.342300,1.341233
459716530.000,Miguel,recording,switch_hand,5,-3.418860,7.025696,9.568779,0.581256,-0.791234,1.228358
459716540.000,Miguel,recording,switch_hand,5,-3.273138,7.183972,8.372494,0.943412,-1.118037,1.016707
459716550.000,Miguel,recording,switch_hand,5,-3.239393,7.316237,7.200137,1.115300,-1.293117,0.767922
459716560.000,Miguel,recording,switch_hand,5,-3.261340,7.181638,6.301632,1.094581,-1.299760,0.536728
459716570.000,Miguel,recording,switch_hand,5,-3.011362,7.006501,5.402994,0.923599,-1.181862,0.343862
459716580.000,Miguel,recording,switch_hand,5,-2.724495,6.622044,5.128462,0.652217,-1.011434,0.191362
459716590.000,Miguel,recording,switch_hand,5,-2.328656,6.282204,4.956760,0.333889,-0.817472,0.071099
459716600.000,Miguel,recording,switch_hand,5,-2.106034,5.959685,5.176204,0.016989,-0.613526,-0.023310
459716610.000,Miguel,recording,switch_hand,5,-2.106426,5.736137,5.589730,-0.257297,-0.426983,-0.088798
459716620.000,Miguel,recording,switch_hand,5,-2.289608,5.627187,6.266022,-0.449467,-0.278293,-0.119349
459716630.000,Miguel,recording,switch_hand,5,-2.406525,5.624165,6.841194,-0.534916,-0.173585,-0.115085
459716640.000,Miguel,recording,switch_hand,5,-2.459196,5.649988,7.350537,-0.515257,-0.122828,-0.084469
459716650.000,Miguel,recording,switch_hand,5,-2.517824,5.652699,7.656679,-0.409542,-0.132771,-0.038920
459716660.000,Miguel,recording,switch_hand,5,-2.653619,5.668066,7.763731,-0.243217,-0.195494,0.016693
459716670.000,Miguel,recording,switch_hand,5,-2.883361,5.747098,7.689856,-0.046328,-0.300305,0.084028
459716680.000,Miguel,recording,switch_hand,5,-3.088460,5.879109,7.417705,0.148550,-0.441250,0.161095
459716690.000,Miguel,recording,switch_hand,5,-3.215581,6.093048,7.031099,0.314226,-0.611374,0.240095
459716700.000,Miguel,recording,switch_hand,5,-3.320473,6.346533,6.724328,0.434480,-0.796059,0.313333
459716710.000,Miguel,recording,switch_hand,5,-3.340684,6.587340,6.479161,0.506054,-0.973465,0.370817
459716720.000,Miguel,recording,switch_hand,5,-3.218121,6.796081,6.261086,0.530985,-1.125068,0.401372
459716730.000,Miguel,recording,switch_hand,5,-3.016592,6.924463,6.122087,0.510847,-1.244411,0.398614
459716740.000,Miguel,recording,switch_hand,5,-2.857428,6.920335,6.132752,0.451718,-1.327983,0.367202
459716750.000,Miguel,recording,switch_hand,5,-2.742897,6.854413,6.255194,0.367521,-1.370189,0.322756
459716760.000,Miguel,recording,switch_hand,5,-2.634248,6.772111,6.436923,0.273343,-1.368952,0.281492
459716770.000,Miguel,recording,switch_hand,5,-2.442873,6.645232,6.613433,0.180971,-1.332937,0.250232
459716780.000,Miguel,recording,switch_hand,5,-2.207449,6.483992,6.828156,0.096929,-1.279135,0.226540
459716790.000,Miguel,recording,switch_hand,5,-1.964367,6.329680,7.052914,0.029467,-1.217359,0.208540
459716800.000,Miguel,recording,switch_hand,5,-1.757047,6.182725,7.195833,-0.013419,-1.148563,0.197217
459716810.000,Miguel,recording,switch_hand,5,-1.576822,6.068147,7.297310,-0.034507,-1.075116,0.192428
459716820.000,Miguel,recording,switch_hand,5,-1.407942,6.043966,7.256495,-0.047180,-0.999987,0.192537
459716830.000,Miguel,recording,switch_hand,5,-1.365899,6.030829,7.208503,-0.061947,-0.926532,0.196799
459716840.000,Miguel,recording,switch_hand,5,-1.412193,6.043541,7.188170,-0.075725,-0.860886,0.210313
459716850.000,Miguel,recording,switch_hand,5,-1.365747,6.147502,7.168391,-0.083316,-0.805182,0.233406
459716860.000,Miguel,recording,switch_hand,5,-1.269725,6.248131,7.193568,-0.083196,-0.760536,0.257278
459716870.000,Miguel,recording,switch_hand,5,-1.042378,6.190760,7.313427,-0.071384,-0.724751,0.274716
459716880.000,Miguel,recording,switch_hand,5,-0.810073,6.418987,7.597790,-0.041188,-0.687877,0.285190
459716890.000,Miguel,recording,switch_hand,5,-0.755235,6.578190,7.773692,0.004290,-0.636788,0.287398
459716900.000,Miguel,recording,switch_hand,5,-0.611904,6.624005,7.752775,0.055507,-0.558704,0.276193
459716910.000,Miguel,recording,switch_hand,5,-0.614825,6.607627,7.682338,0.104128,-0.462018,0.257758
459716920.000,Miguel,recording,switch_hand,5,-0.805919,6.632577,7.591484,0.142551,-0.367244,0.246640
459716930.000,Miguel,recording,switch_hand,5,-0.991860,6.725027,7.421886,0.166137,-0.281919,0.255004
459716940.000,Miguel,recording,switch_hand,5,-1.049751,6.824005,7.265961,0.172247,-0.205771,0.284829
459716950.000,Miguel,recording,switch_hand,5,-0.973372,6.839664,7.132937,0.163150,-0.140266,0.326313
459716960.000,Miguel,recording,switch_hand,5,-0.834397,6.857829,7.039484,0.143764,-0.087365,0.366077
459716970.000,Miguel,recording,switch_hand,5,-0.636105,6.882107,6.989630,0.120268,-0.049362,0.393218
459716980.000,Miguel,recording,switch_hand,5,-0.445424,6.930149,7.046010,0.102567,-0.032998,0.400534
459716990.000,Miguel,recording,switch_hand,5,-0.285105,6.931193,7.118806,0.099733,-0.039728,0.385167
459717000.000,Miguel,recording,switch_hand,5,-0.193403,6.907298,7.167349,0.114206,-0.061466,0.351537
459717010.000,Miguel,recording,switch_hand,5,-0.246339,6.868878,7.199592,0.142762,-0.093719,0.310978
459717020.000,Miguel,recording,switch_hand,5,-0.390811,6.829570,7.201085,0.178732,-0.137044,0.276572
459717030.000,Miguel,recording,switch_hand,5,-0.508352,6.794243,7.126677,0.211973,-0.188385,0.255437
459717040.000,Miguel,recording,switch_hand,5,-0.604348,6.807235,7.047826,0.235565,-0.238883,0.248599
459717050.000,Miguel,recording,switch_hand,5,-0.609189,6.841539,6.999166,0.248420,-0.275847,0.252992
459717060.000,Miguel,recording,switch_hand,5,-0.496526,6.861467,6.953501,0.252502,-0.293628,0.261902
459717070.000,Miguel,recording,switch_hand,5,-0.367834,6.880538,6.901570,0.250635,-0.300915,0.265465
459717080.000,Miguel,recording,switch_hand,5,-0.274696,6.880335,6.892883,0.246372,-0.307147,0.254278
459717090.000,Miguel,recording,switch_hand,5,-0.324708,6.896588,6.913398,0.242719,-0.312393,0.226549
459717100.000,Miguel,recording,switch_hand,5,-0.506127,6.943900,6.873247,0.240593,-0.310784,0.190920
459717110.000,Miguel,recording,switch_hand,5,-0.792313,6.983936,6.793729,0.238128,-0.299392,0.157350
459717120.000,Miguel,recording,switch_hand,5,-1.049868,6.980662,6.678708,0.231195,-0.286424,0.130309
459717130.000,Miguel,recording,switch_hand,5,-1.231709,7.132120,6.648183,0.223198,-0.285998,0.109619
459717140.000,Miguel,recording,switch_hand,5,-1.595906,7.325477,6.652812,0.215898,-0.304871,0.098862
459717150.000,Miguel,recording,switch_hand,5,-2.215654,7.485251,6.590281,0.202443,-0.358599,0.099721
459717160.000,Miguel,recording,switch_hand,5,-3.621031,7.688246,6.546471,0.181703,-0.493928,0.124639
459717170.000,Miguel,recording,switch_hand,5,-5.341788,7.900763,6.289351,0.158439,-0.771255,0.208368
459717180.000,Miguel,recording,switch_hand,5,-7.442343,7.263497,5.643867,0.145894,-1.229106,0.373503
459717190.000,Miguel,recording,switch_hand,5,-8.978796,5.605460,4.830458,0.186672,-1.857007,0.629437
459717200.000,Miguel,recording,switch_hand,5,-7.751047,6.042832,4.951150,0.270979,-2.611751,1.006003
459717210.000,Miguel,recording,switch_hand,5,-5.165592,5.506393,4.415328,0.069331,-2.930427,1.572507
459717220.000,Miguel,recording,switch_hand,5,5.618510,3.565514,8.037403,-0.556580,-1.823652,2.293944
459717230.000,Miguel,recording,switch_hand,5,11.822356,4.546865,13.690588,-1.001063,-0.784654,2.761147
459717240.000,Miguel,recording,switch_hand,5,5.822182,6.279582,7.196955,-0.922143,-0.863594,2.637023
459717250.000,Miguel,recording,switch_hand,5,8.521289,7.911020,5.836900,-0.487235,-0.848682,2.157450
459717260.000,Miguel,recording,switch_hand,5,8.042610,8.886706,4.526783,-0.039978,-0.532744,1.670985
459717270.000,Miguel,recording,switch_hand,5,6.573842,7.728564,3.584599,0.052984,-0.094937,1.290090
459717280.000,Miguel,recording,switch_hand,5,6.318965,5.350633,3.944089,-0.182017,0.221564,0.992141
459717290.000,Miguel,recording,switch_hand,5,5.310341,4.932749,4.543070,-0.459806,0.444207,0.718240
459717300.000,Miguel,recording,switch_hand,5,5.630445,4.090180,6.217111,-0.641300,0.796172,0.430967
459717310.000,Miguel,recording,switch_hand,5,4.395600,4.518927,7.133902,-0.755312,0.976842,0.116575
459717320.000,Miguel,recording,switch_hand,5,3.547841,5.628738,7.987414,-0.800445,0.774778,-0.223105
459717330.000,Miguel,recording,switch_hand,5,2.605391,6.857141,8.566104,-0.776205,0.477232,-0.519967
459717340.000,Miguel,recording,switch_hand,5,1.676510,7.380991,10.073261,-0.632402,0.287894,-0.670404
459717350.000,Miguel,recording,switch_hand,5,0.816485,7.281612,10.862561,-0.339927,0.184903,-0.627004
459717360.000,Miguel,recording,switch_hand,5,0.330107,7.231159,10.164773,0.015663,0.115127,-0.441305
459717370.000,Miguel,recording,switch_hand,5,0.359847,7.297761,8.729898,0.282609,0.061238,-0.222152
459717380.000,Miguel,recording,switch_hand,5,0.386762,7.553085,7.323558,0.369182,-0.006730,-0.034953
459717390.000,Miguel,recording,switch_hand,5,0.516784,7.745880,6.770586,0.290250,-0.113024,0.121475
459717400.000,Miguel,recording,switch_hand,5,0.571766,7.792402,6.656309,0.138496,-0.242082,0.257169
459717410.000,Miguel,recording,switch_hand,5,0.818657,7.652368,6.871770,0.007116,-0.352103,0.369017
459717420.000,Miguel,recording,switch_hand,5,1.201824,7.488275,7.125259,-0.055801,-0.410528,0.453848
459717430.000,Miguel,recording,switch_hand,5,1.687404,7.279122,7.193642,-0.045937,-0.404183,0.499443
459717440.000,Miguel,recording,switch_hand,5,2.122869,7.093682,7.049676,0.007564,-0.334716,0.497356
459717450.000,Miguel,recording,switch_hand,5,2.415495,6.911017,6.752499,0.071142,-0.209192,0.454079
459717460.000,Miguel,recording,switch_hand,5,2.522716,6.806535,6.524366,0.122265,-0.045850,0.390938
459717470.000,Miguel,recording,switch_hand,5,2.493876,6.777296,6.478043,0.154655,0.133446,0.330270
459717480.000,Miguel,recording,switch_hand,5,2.338462,6.724492,6.587578,0.176211,0.307198,0.283558
459717490.000,Miguel,recording,switch_hand,5,2.075537,6.554640,6.683085,0.193793,0.456598,0.256845
459717500.000,Miguel,recording,switch_hand,5,1.846406,6.378477,6.727649,0.207019,0.575072,0.250827
459717510.000,Miguel,recording,switch_hand,5,1.807689,6.262733,6.771254,0.211844,0.657585,0.261575
459717520.000,Miguel,recording,switch_hand,5,1.804003,6.202526,6.818435,0.206609,0.703489,0.282137
459717530.000,Miguel,recording,switch_hand,5,1.734528,6.125194,6.896032,0.190156,0.717783,0.309576
459717540.000,Miguel,recording,switch_hand,5,1.630679,6.043789,6.939700,0.159936,0.697196,0.344904
459717550.000,Miguel,recording,switch_hand,5,1.635457,5.966114,6.966126,0.116683,0.638293,0.383595
459717560.000,Miguel,recording,switch_hand,5,1.656280,5.904637,7.009393,0.064175,0.557690,0.419328
459717570.000,Miguel,recording,switch_hand,5,1.735977,5.849001,7.101816,0.012430,0.474576,0.445192
459717580.000,Miguel,recording,switch_hand,5,1.948568,5.823907,7.238135,-0.024975,0.397314,0.456992
459717590.000,Miguel,recording,switch_hand,5,2.176256,5.786640,7.399261,-0.040575,0.331325,0.455504
459717600.000,Miguel,recording,switch_hand,5,2.367167,5.744086,7.496212,-0.032512,0.275748,0.437562
459717610.000,Miguel,recording,switch_hand,5,2.487973,5.689083,7.539133,-0.004792,0.227463,0.399317
459717620.000,Miguel,recording,switch_hand,5,2.559448,5.624883,7.474072,0.032647,0.183822,0.340663
459717630.000,Miguel,recording,switch_hand,5,2.586271,5.647231,7.412279,0.071947,0.145361,0.264396
459717640.000,Miguel,recording,switch_hand,5,2.544214,5.798663,7.379923,0.108839,0.110337,0.183287
459717650.000,Miguel,recording,switch_hand,5,2.459889,5.996598,7.379958,0.142277,0.074376,0.113489
459717660.000,Miguel,recording,switch_hand,5,2.407846,6.073498,7.330078,0.175920,0.046622,0.061541
459717670.000,Miguel,recording,switch_hand,5,2.367191,6.108882,7.244728,0.215105,0.044094,0.021205
459717680.000,Miguel,recording,switch_hand,5,2.290851,6.143722,7.110535,0.258470,0.073630,-0.017780
459717690.000,Miguel,recording,switch_hand,5,2.266957,6.193882,6.951723,0.298828,0.134184,-0.059567
459717700.000,Miguel,recording,switch_hand,5,2.326388,6.330966,6.827580,0.329767,0.217854,-0.099946
459717710.000,Miguel,recording,switch_hand,5,2.362223,6.536646,6.772879,0.351436,0.304350,-0.132979
459717720.000,Miguel,recording,switch_hand,5,2.299508,6.665628,6.723636,0.362225,0.371272,-0.156911
459717730.000,Miguel,recording,switch_hand,5,2.138936,6.628265,6.581348,0.354502,0.412976,-0.171127
459717740.000,Miguel,recording,switch_hand,5,1.941459,6.558031,6.432856,0.323236,0.442560,-0.178926
459717750.000,Miguel,recording,switch_hand,5,1.763883,6.517234,6.317648,0.270228,0.473943,-0.184745
459717760.000,Miguel,recording,switch_hand,5,1.798091,6.587188,6.362042,0.208541,0.510820,-0.190485
459717770.000,Miguel,recording,switch_hand,5,1.923319,6.678228,6.518868,0.158793,0.550057,-0.197308
459717780.000,Miguel,recording,switch_hand,5,2.063020,6.702936,6.723387,0.135680,0.587299,-0.204874
459717790.000,Miguel,recording,switch_hand,5,2.108369,6.755354,6.907129,0.139058,0.615710,-0.212889
459717800.000,Miguel,recording,switch_hand,5,1.979779,6.740705,7.015820,0.158893,0.623886,-0.219606
459717810.000,Miguel,recording,switch_hand,5,1.732648,6.688045,7.007476,0.178786,0.604624,-0.219508
459717820.000,Miguel,recording,switch_hand,5,1.542560,6.677389,6.960234,0.181921,0.561969,-0.206517
459717830.000,Miguel,recording,switch_hand,5,1.458164,6.749997,6.949876,0.163805,0.504535,-0.180694
459717840.000,Miguel,recording,switch_hand,5,1.491954,6.793115,6.995545,0.136842,0.450091,-0.149558
459717850.000,Miguel,recording,switch_hand,5,1.591624,6.710674,7.085679,0.116867,0.422050,-0.125561
459717860.000,Miguel,recording,switch_hand,5,1.732703,6.691210,7.253316,0.111554,0.424175,-0.118097
459717870.000,Miguel,recording,switch_hand,5,1.763858,6.686205,7.450644,0.125753,0.436340,-0.126924
459717880.000,Miguel,recording,switch_hand,5,1.562462,6.732859,7.651153,0.158360,0.430818,-0.142852
459717890.000,Miguel,recording,switch_hand,5,1.216167,6.651528,7.754254,0.200383,0.386893,-0.151472
459717900.000,Miguel,recording,switch_hand,5,0.938072,6.517580,7.623786,0.239393,0.303676,-0.150128
459717910.000,Miguel,recording,switch_hand,5,0.863849,6.370991,7.365490,0.262059,0.205840,-0.148763
459717920.000,Miguel,recording,switch_hand,5,0.949135,6.336749,7.133864,0.264673,0.126483,-0.156862
459717930.000,Miguel,recording,switch_hand,5,1.074396,6.417210,7.020569,0.253826,0.082180,-0.177928
459717940.000,Miguel,recording,switch_hand,5,1.141203,6.468921,6.984532,0.240498,0.070046,-0.210952
459717950.000,Miguel,recording,switch_hand,5,1.023190,6.550266,7.010902,0.233430,0.079487,-0.248241
459717960.000,Miguel,recording,switch_hand,5,0.617593,6.715410,7.130223,0.239227,0.087570,-0.270833
459717970.000,Miguel,recording,switch_hand,5,0.151073,6.819804,7.214949,0.259910,0.067641,-0.265244
459717980.000,Miguel,recording,switch_hand,5,-0.127612,6.863313,7.086067,0.286683,0.020570,-0.234928
459717990.000,Miguel,recording,switch_hand,5,-0.151142,6.886879,6.842477,0.306671,-0.031265,-0.193064
459718000.000,Miguel,recording,switch_hand,5,0.013611,6.890787,6.506086,0.311433,-0.070386,-0.153109
459718010.000,Miguel,recording,switch_hand,5,0.202956,6.912451,6.194817,0.298616,-0.089980,-0.123856
459718020.000,Miguel,recording,switch_hand,5,0.393971,6.882000,5.942677,0.269398,-0.084472,-0.110552
459718030.000,Miguel,recording,switch_hand,5,0.536887,6.837644,5.787454,0.229718,-0.049415,-0.112900
459718040.000,Miguel,recording,switch_hand,5,0.676715,6.848412,5.756711,0.189933,0.009602,-0.127766
459718050.000,Miguel,recording,switch_hand,5,0.704273,6.855584,5.831548,0.156922,0.079307,-0.151613
459718060.000,Miguel,recording,switch_hand,5,0.655577,6.871200,5.938151,0.130822,0.142295,-0.175250
459718070.000,Miguel,recording,switch_hand,5,0.630066,6.872169,5.979748,0.107983,0.182210,-0.191083
459718080.000,Miguel,recording,switch_hand,5,0.623393,6.862425,5.964809,0.080713,0.192528,-0.199392
459718090.000,Miguel,recording,switch_hand,5,0.627689,6.843169,5.869210,0.040834,0.183442,-0.198611
459718100.000,Miguel,recording,switch_hand,5,0.664985,6.873553,5.872807,-0.014927,0.171211,-0.185981
459718110.000,Miguel,recording,switch_hand,5,0.767824,6.932048,6.003387,-0.076591,0.160610,-0.166082
459718120.000,Miguel,recording,switch_hand,5,0.838524,6.938711,6.226794,-0.126833,0.152634,-0.145500
459718130.000,Miguel,recording,switch_hand,5,0.884979,6.820332,6.383948,-0.157596,0.155985,-0.127220
459718140.000,Miguel,recording,switch_hand,5,1.089157,6.758043,6.555148,-0.173821,0.176255,-0.114076
459718150.000,Miguel,recording,switch_hand,5,1.411760,6.772529,6.697280,-0.181519,0.207034,-0.113897
459718160.000,Miguel,recording,switch_hand,5,1.830486,6.780379,6.871103,-0.182011,0.239479,-0.131718
459718170.000,Miguel,recording,switch_hand,5,2.353289,6.721622,6.988976,-0.179343,0.275124,-0.172455
459718180.000,Miguel,recording,switch_hand,5,3.405392,6.533754,7.028597,-0.175209,0.340035,-0.261509
459718190.000,Miguel,recording,switch_hand,5,4.725206,6.305203,7.081636,-0.160949,0.478797,-0.438283
459718200.000,Miguel,recording,switch_hand,5,5.840078,5.995788,7.169643,-0.140361,0.712386,-0.734655
459718210.000,Miguel,recording,switch_hand,5,6.118334,5.592463,7.079009,-0.254994,0.929495,-1.154099
459718220.000,Miguel,recording,switch_hand,5,5.219892,5.683658,6.072866,-0.802976,0.895384,-1.685959
459718230.000,Miguel,recording,switch_hand,5,3.261026,4.217660,8.622936,-1.264429,1.200309,-2.236643
459718240.000,Miguel,recording,switch_hand,5,1.670482,4.872313,8.734485,-1.165060,2.102244,-2.701078
459718250.000,Miguel,recording,switch_hand,5,0.116572,5.485563,8.421577,-0.881956,2.918887,-3.062821
459718260.000,Miguel,recording,switch_hand,5,-1.885483,6.690816,7.894853,-0.639580,3.389646,-3.261797
459718270.000,Miguel,recording,switch_hand,5,-3.147618,7.197625,8.122994,-0.546160,3.504479,-3.263086
459718280.000,Miguel,recording,switch_hand,5,-5.010364,8.250712,8.195483,-0.556892,3.656531,-3.181737
459718290.000,Miguel,recording,switch_hand,5,-5.389230,7.836106,8.034382,-0.398586,4.207606,-3.144390
459718300.000,Miguel,recording,switch_hand,5,-5.245361,6.040591,4.194426,-0.262641,4.495251,-3.047684
459718310.000,Miguel,recording,switch_hand,5,-6.468645,5.609908,3.195903,-0.397007,4.004870,-2.875174
459718320.000,Miguel,recording,switch_hand,5,-7.303029,5.702102,3.381175,-0.501435,3.249679,-2.741200
459718330.000,Miguel,recording,switch_hand,5,-7.180777,5.537189,2.935461,-0.487620,2.554095,-2.588071
459718340.000,Miguel,recording,switch_hand,5,-8.050582,5.455898,2.484373,-0.475904,1.870811,-2.338097
459718350.000,Miguel,recording,switch_hand,5,-9.780824,5.818282,2.415703,-0.539227,1.149324,-1.962032
459718360.000,Miguel,recording,switch_hand,5,-11.250060,5.555903,2.848600,-0.682245,0.429364,-1.441723
459718370.000,Miguel,recording,switch_hand,5,-11.214472,5.430052,4.298070,-0.794969,-0.193039,-0.793583
459718380.000,Miguel,recording,switch_hand,5,-9.944444,4.728736,5.820647,-0.786367,-0.729997,-0.108184
459718390.000,Miguel,recording,switch_hand,5,-8.278892,4.318381,7.225333,-0.637264,-1.192324,0.522487
459718400.000,Miguel,recording,switch_hand,5,-6.720533,4.522537,8.391477,-0.351077,-1.558550,1.053466
459718410.000,Miguel,recording,switch_hand,5,-5.233838,4.995666,9.079541,0.029947,-1.822048,1.447081
459718420.000,Miguel,recording,switch_hand,5,-3.750613,5.542076,9.257885,0.436072,-1.990352,1.657228
459718430.000,Miguel,recording,switch_hand,5,-2.488715,5.947956,9.172888,0.815586,-2.086901,1.670088
459718440.000,Miguel,recording,switch_hand,5,-1.775471,6.181343,8.977571,1.146798,-2.145460,1.519524
459718450.000,Miguel,recording,switch_hand,5,-1.634227,6.169010,8.817046,1.424550,-2.181206,1.262954
459718460.000,Miguel,recording,switch_hand,5,-1.407770,5.940107,8.210997,1.620694,-2.147737,0.950824
459718470.000,Miguel,recording,switch_hand,5,-1.085542,5.796140,7.129340,1.680786,-1.948063,0.619605
459718480.000,Miguel,recording,switch_hand,5,-1.041938,5.951983,5.933822,1.570317,-1.606299,0.303098
459718490.000,Miguel,recording,switch_hand,5,-1.419943,5.869530,5.390495,1.301952,-1.227660,0.030162
459718500.000,Miguel,recording,switch_hand,5,-1.878216,5.716245,5.407018,0.941613,-0.841926,-0.176050
459718510.000,Miguel,recording,switch_hand,5,-2.499188,5.956824,5.089439,0.545387,-0.411205,-0.295222
459718520.000,Miguel,recording,switch_hand,5,-3.220127,6.223478,5.486293,0.172319,-0.023242,-0.327983
459718530.000,Miguel,recording,switch_hand,5,-3.838152,6.038652,5.789173,-0.108634,0.220044,-0.302913
459718540.000,Miguel,recording,switch_hand,5,-4.372545,5.268712,6.510853,-0.246230,0.328123,-0.231031
459718550.000,Miguel,recording,switch_hand,5,-4.568663,5.593725,7.345379,-0.205925,0.264809,-0.084250
459718560.000,Miguel,recording,switch_hand,5,-4.753314,6.408827,7.616963,-0.054732,0.081160,0.112883
459718570.000,Miguel,recording,switch_hand,5,-4.440325,6.927468,7.102775,0.106551,-0.088365,0.275375
459718580.000,Miguel,recording,switch_hand,5,-3.830556,6.978391,6.819293,0.238546,-0.236435,0.359792
459718590.000,Miguel,recording,switch_hand,5,-3.308277,6.755477,6.686636,0.335375,-0.432966,0.376306
459718600.000,Miguel,recording,switch_hand,5,-3.040157,6.580099,6.609619,0.407870,-0.674332,0.352270
459718610.000,Miguel,recording,switch_hand,5,-2.991705,6.537226,6.579175,0.465833,-0.912654,0.317036
459718620.000,Miguel,recording,switch_hand,5,-3.092113,6.589469,6.520606,0.508282,-1.108433,0.285765
459718630.000,Miguel,recording,switch_hand,5,-3.227912,6.639197,6.463581,0.528968,-1.244402,0.259853
459718640.000,Miguel,recording,switch_hand,5,-3.216405,6.643617,6.393056,0.520669,-1.318815,0.237321
459718650.000,Miguel,recording,switch_hand,5,-3.074030,6.588621,6.287833,0.478083,-1.327674,0.212811
459718660.000,Miguel,recording,switch_hand,5,-2.892254,6.472679,6.212856,0.401189,-1.276580,0.185720
459718670.000,Miguel,recording,switch_hand,5,-2.738066,6.401368,6.203462,0.296680,-1.185035,0.162049
459718680.000,Miguel,recording,switch_hand,5,-2.570863,6.363064,6.302355,0.176653,-1.070506,0.149732
459718690.000,Miguel,recording,switch_hand,5,-2.401052,6.323602,6.461119,0.059964,-0.945159,0.148964
459718700.000,Miguel,recording,switch_hand,5,-2.266423,6.220147,6.650544,-0.036775,-0.824186,0.156090
459718710.000,Miguel,recording,switch_hand,5,-2.156853,6.145731,6.831632,-0.102448,-0.724964,0.172823
459718720.000,Miguel,recording,switch_hand,5,-2.128014,6.153007,7.016992,-0.132290,-0.653322,0.199280
459718730.000,Miguel,recording,switch_hand,5,-2.126435,6.202960,7.166772,-0.128871,-0.600237,0.231461
459718740.000,Miguel,recording,switch_hand,5,-2.082907,6.172790,7.244184,-0.099171,-0.547111,0.265986
459718750.000,Miguel,recording,switch_hand,5,-2.042419,6.078578,7.194073,-0.055681,-0.484874,0.303849
459718760.000,Miguel,recording,switch_hand,5,-2.093406,6.035435,7.100031,-0.012085,-0.424683,0.349915
459718770.000,Miguel,recording,switch_hand,5,-2.195201,6.074024,6.967923,0.021138,-0.378644,0.409543
459718780.000,Miguel,recording,switch_hand,5,-2.179074,6.234578,6.916217,0.040926,-0.351078,0.480767
459718790.000,Miguel,recording,switch_hand,5,-1.909598,6.445712,7.036140,0.052924,-0.337082,0.550920
459718800.000,Miguel,recording,switch_hand,5,-1.513976,6.615220,7.179077,0.066526,-0.319827,0.595739
459718810.000,Miguel,recording,switch_hand,5,-1.133359,6.692785,7.214087,0.086071,-0.284047,0.595204
459718820.000,Miguel,recording,switch_hand,5,-0.895480,6.738302,7.161449,0.108263,-0.234363,0.556688
459718830.000,Miguel,recording,switch_hand,5,-0.912020,6.755315,7.094888,0.130009,-0.194299,0.505589
459718840.000,Miguel,recording,switch_hand,5,-1.029635,6.762371,6.940436,0.149912,-0.180170,0.469284
459718850.000,Miguel,recording,switch_hand,5,-1.179203,6.691236,6.734438,0.165592,-0.193845,0.462388
459718860.000,Miguel,recording,switch_hand,5,-1.278056,6.745905,6.585683,0.176431,-0.235127,0.484225
459718870.000,Miguel,recording,switch_hand,5,-1.243580,6.964905,6.645003,0.184724,-0.298692,0.519316
459718880.000,Miguel,recording,switch_hand,5,-1.048605,7.146233,6.741650,0.196566,-0.365293,0.542528
459718890.000,Miguel,recording,switch_hand,5,-0.786141,7.165656,6.856590,0.216302,-0.415240,0.538463
459718900.000,Miguel,recording,switch_hand,5,-0.589210,7.102709,6.896707,0.244124,-0.449730,0.511518
459718910.000,Miguel,recording,switch_hand,5,-0.578755,6.998065,6.883045,0.275426,-0.483094,0.482015
459718920.000,Miguel,recording,switch_hand,5,-0.596846,6.953104,6.813417,0.302504,-0.519360,0.465368
459718930.000,Miguel,recording,switch_hand,5,-0.679333,6.990229,6.723238,0.318018,-0.548638,0.463754
459718940.000,Miguel,recording,switch_hand,5,-0.744850,7.077095,6.670394,0.319696,-0.563668,0.470595
459718950.000,Miguel,recording,switch_hand,5,-0.737339,7.177195,6.680514,0.312031,-0.566148,0.474115
459718960.000,Miguel,recording,switch_hand,5,-0.688653,7.211579,6.739606,0.302184,-0.558134,0.465114
459718970.000,Miguel,recording,switch_hand,5,-0.545319,7.146772,6.746019,0.295796,-0.536743,0.443542
459718980.000,Miguel,recording,switch_hand,5,-0.525235,7.047285,6.723093,0.292075,-0.506763,0.416739
459718990.000,Miguel,recording,switch_hand,5,-0.563626,7.013646,6.692633,0.284464,-0.483293,0.393764
459719000.000,Miguel,recording,switch_hand,5,-0.619557,7.032408,6.716226,0.268887,-0.470450,0.381536
459719010.000,Miguel,recording,switch_hand,5,-0.618127,7.096841,6.778226,0.249571,-0.454000,0.377136
459719020.000,Miguel,recording,switch_hand,5,-0.596298,7.152082,6.861636,0.229742,-0.420492,0.371509
459719030.000,Miguel,recording,switch_hand,5,-0.537616,7.192751,6.907296,0.207802,-0.370079,0.358472
459719040.000,Miguel,recording,switch_hand,5,-0.474875,7.191832,6.901104,0.181113,-0.305400,0.337551
459719050.000,Miguel,recording,switch_hand,5,-0.370939,7.165924,6.821471,0.146295,-0.231456,0.311427
459719060.000,Miguel,recording,switch_hand,5,-0.245766,7.189547,6.772518,0.099939,-0.157199,0.283706
459719070.000,Miguel,recording,switch_hand,5,-0.184843,7.228999,6.774932,0.044394,-0.084987,0.257960
459719080.000,Miguel,recording,switch_hand,5,-0.190123,7.235411,6.847910,-0.005316,-0.018331,0.241565
459719090.000,Miguel,recording,switch_hand,5,-0.219038,7.165642,7.024608,-0.028970,0.034720,0.243615
459719100.000,Miguel,recording,switch_hand,5,-0.242350,7.068144,7.165444,-0.017051,0.066792,0.267991
459719110.000,Miguel,recording,switch_hand,5,-0.193719,6.988460,7.212521,0.025059,0.076439,0.312945
459719120.000,Miguel,recording,switch_hand,5,-0.060337,7.078365,7.152554,0.083060,0.072608,0.367077
459719130.000,Miguel,recording,switch_hand,5,0.134250,7.216594,7.035761,0.141992,0.069350,0.411872
459719140.000,Miguel,recording,switch_hand,5,0.397031,7.377047,6.851743,0.189986,0.071377,0.431685
459719150.000,Miguel,recording,switch_hand,5,0.654397,7.475686,6.667538,0.219985,0.075564,0.419180
459719160.000,Miguel,recording,switch_hand,6,0.827165,7.505138,6.475891,0.231241,0.083345,0.376511
459719170.000,Miguel,recording,switch_hand,6,0.868755,7.499346,6.289839,0.226760,0.093946,0.318697
459719180.000,Miguel,recording,switch_hand,6,0.854991,7.516473,6.159579,0.211491,0.103401,0.263529
459719190.000,Miguel,recording,switch_hand,6,0.828130,7.529244,6.037717,0.188466,0.112095,0.219022
459719200.000,Miguel,recording,switch_hand,6,0.805615,7.505291,5.913066,0.156549,0.124456,0.185374
459719210.000,Miguel,recording,switch_hand,6,0.805652,7.524261,5.832853,0.115637,0.140146,0.158966
459719220.000,Miguel,recording,switch_hand,6,0.792217,7.590414,5.802064,0.069851,0.150837,0.136250
459719230.000,Miguel,recording,switch_hand,6,0.808509,7.626195,5.878520,0.027497,0.150798,0.112785
459719240.000,Miguel,recording,switch_hand,6,0.838065,7.653946,5.976256,-0.005252,0.141638,0.083871
459719250.000,Miguel,recording,switch_hand,6,0.855111,7.622411,6.054953,-0.028013,0.125799,0.049876
459719260.000,Miguel,recording,switch_hand,6,0.799277,7.558914,6.110380,-0.043428,0.107403,0.017473
459719270.000,Miguel,recording,switch_hand,6,0.716777,7.544779,6.163374,-0.054432,0.092218,-0.007644
459719280.000,Miguel,recording,switch_hand,6,0.634599,7.554114,6.232679,-0.060124,0.084652,-0.026486
459719290.000,Miguel,recording,switch_hand,6,0.567389,7.533672,6.280765,-0.059922,0.084895,-0.041342
459719300.000,Miguel,recording,switch_hand,6,0.503029,7.475871,6.303647,-0.053683,0.084044,-0.052467
459719310.000,Miguel,recording,switch_hand,6,0.462547,7.368647,6.301062,-0.041580,0.070661,-0.060831
459719320.000,Miguel,recording,switch_hand,6,0.410997,7.250196,6.265818,-0.028701,0.043341,-0.067439
459719330.000,Miguel,recording,switch_hand,6,0.243824,7.345464,6.310489,-0.018316,0.013791,-0.068320
459719340.000,Miguel,recording,switch_hand,6,0.032561,7.416450,6.259338,-0.010680,-0.004277,-0.064090
459719350.000,Miguel,recording,switch_hand,6,-0.016983,7.391333,6.215444,-0.008323,-0.011482,-0.064044
459719360.000,Miguel,recording,switch_hand,6,0.008217,7.287617,6.188124,-0.014194,-0.019481,-0.071962
459719370.000,Miguel,recording,switch_hand,6,0.059241,7.188998,6.193682,-0.029600,-0.035157,-0.082832
459719380.000,Miguel,recording,switch_hand,6,0.068512,7.156466,6.214061,-0.053094,-0.053515,-0.092017
459719390.000,Miguel,recording,switch_hand,6,0.003453,7.155258,6.313554,-0.075587,-0.068166,-0.099124
459719400.000,Miguel,recording,switch_hand,6,-0.088610,7.160339,6.475912,-0.085368,-0.078859,-0.104514
459719410.000,Miguel,recording,switch_hand,6,-0.165984,7.158590,6.602743,-0.078850,-0.084200,-0.107192
459719420.000,Miguel,recording,switch_hand,6,-0.215916,7.109020,6.633855,-0.061957,-0.084193,-0.105739
459719430.000,Miguel,recording,switch_hand,6,-0.238078,7.066132,6.599514,-0.047087,-0.088447,-0.097127
459719440.000,Miguel,recording,switch_hand,6,-0.197047,7.044309,6.529047,-0.044139,-0.103582,-0.080514
459719450.000,Miguel,recording,switch_hand,6,-0.163388,7.091304,6.512953,-0.053109,-0.120659,-0.060363
459719460.000,Miguel,recording,switch_hand,6,-0.165990,7.144576,6.571491,-0.065810,-0.129573,-0.042027
459719470.000,Miguel,recording,switch_hand,6,-0.170969,7.211464,6.675135,-0.072114,-0.130182,-0.029307
459719480.000,Miguel,recording,switch_hand,6,-0.147424,7.242868,6.788755,-0.066969,-0.129878,-0.022745
459719490.000,Miguel,recording,switch_hand,6,-0.071509,7.246500,6.837998,-0.052071,-0.129418,-0.021482
459719500.000,Miguel,recording,switch_hand,6,-0.003170,7.233034,6.824061,-0.032900,-0.120297,-0.023976
459719510.000,Miguel,recording,switch_hand,6,-0.002795,7.227486,6.777316,-0.014783,-0.101890,-0.024860
459719520.000,Miguel,recording,switch_hand,6,-0.050645,7.241372,6.739463,-0.001437,-0.081892,-0.019608
459719530.000,Miguel,recording,switch_hand,6,-0.071932,7.275904,6.669159,0.004997,-0.061515,-0.009093
459719540.000,Miguel,recording,switch_hand,6,-0.037984,7.281138,6.648179,0.005867,-0.040653,0.004556
459719550.000,Miguel,recording,switch_hand,6,0.044842,7.248371,6.613288,0.004039,-0.023838,0.020710
459719560.000,Miguel,recording,switch_hand,6,0.128055,7.216908,6.604261,0.003515,-0.015019,0.038357
459719570.000,Miguel,recording,switch_hand,6,0.197764,7.222845,6.608801,0.007975,-0.015026,0.054695
459719580.000,Miguel,recording,switch_hand,6,0.241921,7.295595,6.609043,0.016662,-0.018959,0.066470
459719590.000,Miguel,recording,switch_hand,6,0.350129,7.328561,6.582112,0.024673,-0.023253,0.069413
459719600.000,Miguel,recording,switch_hand,6,0.454767,7.375690,6.554347,0.029774,-0.024619,0.060919
459719610.000,Miguel,recording,switch_hand,6,0.514897,7.362687,6.495898,0.032799,-0.019667,0.043257
459719620.000,Miguel,recording,switch_hand,6,0.499154,7.366946,6.420228,0.030709,-0.010015,0.019206
459719630.000,Miguel,recording,switch_hand,6,0.416462,7.366763,6.336783,0.019508,0.000947,-0.004910
459719640.000,Miguel,recording,switch_hand,6,0.311017,7.396861,6.310947,0.002522,0.006787,-0.019508
459719650.000,Miguel,recording,switch_hand,6,0.293238,7.367380,6.299108,-0.013685,0.000962,-0.022731
459719660.000,Miguel,recording,switch_hand,6,0.326740,7.332943,6.337926,-0.024940,-0.017267,-0.019622
459719670.000,Miguel,recording,switch_hand,6,0.357515,7.332082,6.386165,-0.028785,-0.041348,-0.017676
459719680.000,Miguel,recording,switch_hand,6,0.395213,7.366698,6.395939,-0.026366,-0.062694,-0.021100
459719690.000,Miguel,recording,switch_hand,6,0.435798,7.387750,6.434774,-0.022246,-0.080789,-0.031038
459719700.000,Miguel,recording,switch_hand,6,0.447178,7.378773,6.427376,-0.019440,-0.096741,-0.048422
459719710.000,Miguel,recording,switch_hand,6,0.417833,7.344437,6.429161,-0.019592,-0.108379,-0.070084
459719720.000,Miguel,recording,switch_hand,6,0.337368,7.321826,6.432766,-0.022546,-0.113522,-0.089697
459719730.000,Miguel,recording,switch_hand,6,0.229956,7.265999,6.398911,-0.027246,-0.112376,-0.101745
459719740.000,Miguel,recording,switch_hand,6,0.109102,7.238271,6.406204,-0.034162,-0.111237,-0.103775
459719750.000,Miguel,recording,switch_hand,6,0.059747,7.211812,6.424223,-0.041532,-0.117367,-0.096727
459719760.000,Miguel,recording,switch_hand,6,0.069775,7.205853,6.502232,-0.047472,-0.126330,-0.082947
459719770.000,Miguel,recording,switch_hand,6,0.106089,7.203247,6.567135,-0.048084,-0.129637,-0.066457
459719780.000,Miguel,recording,switch_hand,6,0.164767,7.186555,6.634831,-0.042251,-0.129945,-0.053231
459719790.000,Miguel,recording,switch_hand,6,0.247907,7.196011,6.708758,-0.031538,-0.132849,-0.045492
459719800.000,Miguel,recording,switch_hand,6,0.288634,7.194567,6.748480,-0.016937,-0.134342,-0.044395
459719810.000,Miguel,recording,switch_hand,6,0.283592,7.189878,6.733714,-0.002028,-0.123056,-0.049799
459719820.000,Miguel,recording,switch_hand,6,0.206845,7.178628,6.663578,0.009234,-0.097803,-0.057892
459719830.000,Miguel,recording,switch_hand,6,0.124216,7.187717,6.591048,0.011251,-0.072352,-0.062799
459719840.000,Miguel,recording,switch_hand,6,0.096695,7.203577,6.538653,0.003148,-0.055763,-0.062038
459719850.000,Miguel,recording,switch_hand,6,0.073859,7.194152,6.533816,-0.010810,-0.043903,-0.057829
459719860.000,Miguel,recording,switch_hand,6,0.065072,7.198007,6.551638,-0.025368,-0.030817,-0.051304
459719870.000,Miguel,recording,switch_hand,6,0.073964,7.199337,6.600140,-0.032170,-0.018673,-0.041507
459719880.000,Miguel,recording,switch_hand,6,0.128341,7.185413,6.626593,-0.031102,-0.016274,-0.028671
459719890.000,Miguel,recording,switch_hand,6,0.162969,7.204661,6.643866,-0.026331,-0.024229,-0.018922
459719900.000,Miguel,recording,switch_hand,6,0.185059,7.239334,6.631499,-0.019020,-0.031205,-0.017567
459719910.000,Miguel,recording,switch_hand,6,0.177128,7.282586,6.649777,-0.010906,-0.032121,-0.020980
459719920.000,Miguel,recording,switch_hand,6,0.191843,7.267619,6.649975,-0.003785,-0.032149,-0.024322
459719930.000,Miguel,recording,switch_hand,6,0.246322,7.235404,6.615298,0.000933,-0.032361,-0.028171
459719940.000,Miguel,recording,switch_hand,6,0.228713,7.187032,6.564900,0.001326,-0.028672,-0.033017
459719950.000,Miguel,recording,switch_hand,6,0.161661,7.192618,6.547836,-0.001012,-0.020937,-0.034340
459719960.000,Miguel,recording,switch_hand,6,0.121414,7.231979,6.546353,-0.002799,-0.013987,-0.026481
459719970.000,Miguel,recording,switch_hand,6,0.213854,7.251297,6.567933,-0.003269,-0.009817,-0.013684
459719980.000,Miguel,recording,switch_hand,6,0.341542,7.229762,6.582982,0.000172,-0.004624,-0.005714
459719990.000,Miguel,recording,switch_hand,6,0.404696,7.210545,6.580071,0.008880,0.002125,-0.007659
459720000.000,Miguel,recording,switch_hand,6,0.339264,7.221490,6.544072,0.019209,0.006182,-0.014850
459720010.000,Miguel,recording,switch_hand,6,0.271146,7.261817,6.496181,0.025434,0.000618,-0.020025
459720020.000,Miguel,recording,switch_hand,6,0.255160,7.282097,6.439085,0.024066,-0.015434,-0.023077
459720030.000,Miguel,recording,switch_hand,6,0.279087,7.281713,6.408537,0.016256,-0.032612,-0.025430
459720040.000,Miguel,recording,switch_hand,6,0.255738,7.281217,6.414838,0.006214,-0.043669,-0.028567
459720050.000,Miguel,recording,switch_hand,6,0.222846,7.327433,6.475259,-0.002911,-0.050987,-0.033607
459720060.000,Miguel,recording,switch_hand,6,0.236548,7.342080,6.522786,-0.011793,-0.057616,-0.041501
459720070.000,Miguel,recording,switch_hand,6,0.287134,7.333925,6.555802,-0.020582,-0.060527,-0.054468
459720080.000,Miguel,recording,switch_hand,6,0.308033,7.311083,6.599867,-0.026376,-0.054469,-0.070628
459720090.000,Miguel,recording,switch_hand,6,0.275323,7.276791,6.639300,-0.027873,-0.039228,-0.086506
459720100.000,Miguel,recording,switch_hand,6,0.201500,7.228349,6.641312,-0.026868,-0.022108,-0.097564
459720110.000,Miguel,recording,switch_hand,6,0.107251,7.195874,6.636084,-0.025984,-0.010397,-0.101236
459720120.000,Miguel,recording,switch_hand,6,0.068346,7.189685,6.641300,-0.024071,-0.007131,-0.099294
459720130.000,Miguel,recording,switch_hand,6,0.035321,7.179917,6.671978,-0.020226,-0.009742,-0.094063
459720140.000,Miguel,recording,switch_hand,6,0.020869,7.183528,6.694616,-0.014433,-0.013675,-0.088885
459720150.000,Miguel,recording,switch_hand,6,-0.019914,7.162010,6.683344,-0.007687,-0.016972,-0.084081
459720160.000,Miguel,recording,switch_hand,6,-0.053060,7.164456,6.712759,-0.002169,-0.020293,-0.078655
459720170.000,Miguel,recording,switch_hand,6,-0.012098,7.190903,6.735252,0.002875,-0.021061,-0.073431
459720180.000,Miguel,recording,switch_hand,6,0.060239,7.176324,6.748961,0.008813,-0.012657,-0.071142
459720190.000,Miguel,recording,switch_hand,6,0.101963,7.131682,6.733106,0.013963,0.004455,-0.074028
459720200.000,Miguel,recording,switch_hand,6,0.054854,7.116754,6.780951,0.018544,0.023520,-0.080349
459720210.000,Miguel,recording,switch_hand,6,-0.031300,7.116460,6.776158,0.024143,0.039266,-0.087140
459720220.000,Miguel,recording,switch_hand,6,-0.079106,7.172810,6.799515,0.029498,0.053524,-0.095600
459720230.000,Miguel,recording,switch_hand,6,-0.080395,7.239739,6.811534,0.032540,0.072518,-0.110565
459720240.000,Miguel,recording,switch_hand,6,-0.089450,7.277343,6.842301,0.032894,0.099904,-0.135500
459720250.000,Miguel,recording,switch_hand,6,-0.111574,7.247665,6.885063,0.032576,0.135635,-0.168659
459720260.000,Miguel,recording,switch_hand,6,-0.183341,7.185527,6.913568,0.032813,0.176287,-0.205223
459720270.000,Miguel,recording,switch_hand,6,-0.342651,7.115185,6.919691,0.033594,0.219524,-0.234953
459720280.000,Miguel,recording,switch_hand,6,-0.543394,7.026695,6.919960,0.035210,0.259984,-0.247910
459720290.000,Miguel,recording,switch_hand,6,-0.869394,6.987353,6.934383,0.039157,0.288674,-0.239289
459720300.000,Miguel,recording,switch_hand,6,-1.329362,6.983968,6.978128,0.048074,0.296903,-0.206451
459720310.000,Miguel,recording,switch_hand,6,-1.910517,7.012760,7.107338,0.071946,0.273315,-0.149819
459720320.000,Miguel,recording,switch_hand,6,-2.773386,7.095482,7.318100,0.126722,0.197414,-0.069161
459720330.000,Miguel,recording,switch_hand,6,-3.461166,7.111359,7.521530,0.228147,0.040445,0.035291
459720340.000,Miguel,recording,switch_hand,6,-3.603416,7.010577,7.553976,0.381627,-0.216428,0.173910
459720350.000,Miguel,recording,switch_hand,6,-3.688280,6.428595,7.035405,0.538220,-0.495558,0.491538
459720360.000,Miguel,recording,switch_hand,6,-5.784416,3.407055,5.931626,0.585100,-0.589895,1.361265
459720370.000,Miguel,recording,switch_hand,6,-5.478634,2.229057,5.791148,0.510454,-0.566762,2.606265
459720380.000,Miguel,recording,switch_hand,6,-1.821325,3.446156,5.961860,0.493234,-0.577610,3.368141
459720390.000,Miguel,recording,switch_hand,6,9.841025,7.620113,8.703036,0.781771,-0.379532,3.253366
459720400.000,Miguel,recording,switch_hand,6,19.586573,11.804387,7.801888,1.274884,-0.269996,2.312035
459720410.000,Miguel,recording,switch_hand,6,5.607868,13.752571,2.467810,1.467394,-0.520805,1.288414
459720420.000,Miguel,recording,switch_hand,6,-0.959212,12.574899,-2.517462,1.020603,-0.609506,0.913723
459720430.000,Miguel,recording,switch_hand,6,-2.047777,8.616585,-4.691623,0.036494,-0.434248,0.913579
459720440.000,Miguel,recording,switch_hand,6,-2.419603,6.337116,-2.872314,-1.107097,-0.284030,0.815667
459720450.000,Miguel,recording,switch_hand,6,-1.405931,4.949288,-0.846164,-2.241157,-0.098362,0.559669
459720460.000,Miguel,recording,switch_hand,6,-0.970822,3.577680,1.663636,-3.316800,0.262338,0.467465
459720470.000,Miguel,recording,switch_hand,6,3.702996,3.909952,7.279546,-4.050630,0.603336,0.666516
459720480.000,Miguel,recording,switch_hand,6,4.987382,4.860190,13.519267,-3.968305,0.799869,0.850359
459720490.000,Miguel,recording,switch_hand,6,2.958531,7.717051,12.934639,-3.010062,0.719702,0.865231
459720500.000,Miguel,recording,switch_hand,6,1.718553,5.943591,12.415850,-1.846630,0.405503,0.885193
459720510.000,Miguel,recording,switch_hand,6,-0.339733,5.225219,9.607410,-1.098253,0.155550,1.013819
459720520.000,Miguel,recording,switch_hand,6,0.008755,5.381735,7.688337,-0.840299,-0.019504,1.193951
459720530.000,Miguel,recording,switch_hand,6,2.309989,6.087869,8.158713,-0.822936,-0.142404,1.284575
459720540.000,Miguel,recording,switch_hand,6,3.821649,6.829309,8.715832,-0.822303,-0.196288,1.225459
459720550.000,Miguel,recording,switch_hand,6,4.241400,6.708514,9.404358,-0.764947,-0.241661,1.023887
459720560.000,Miguel,recording,switch_hand,6,3.582734,6.305521,9.879354,-0.669353,-0.385540,0.744800
459720570.000,Miguel,recording,switch_hand,6,2.542988,6.315273,9.333097,-0.568430,-0.615555,0.457889
459720580.000,Miguel,recording,switch_hand,6,2.106498,6.241479,9.617727,-0.464460,-0.785661,0.193209
459720590.000,Miguel,recording,switch_hand,6,2.383311,5.794763,9.706270,-0.313975,-0.859145,-0.055683
459720600.000,Miguel,recording,switch_hand,6,2.827492,5.585986,9.855302,-0.085929,-0.858230,-0.275329
459720610.000,Miguel,recording,switch_hand,6,2.446852,6.215920,9.460140,0.189760,-0.762994,-0.398792
459720620.000,Miguel,recording,switch_hand,6,2.135205,6.589143,9.039367,0.453675,-0.564368,-0.393041
459720630.000,Miguel,recording,switch_hand,6,1.834238,6.791200,8.320197,0.652500,-0.296228,-0.298504
459720640.000,Miguel,recording,switch_hand,6,1.696575,6.729916,7.614819,0.748541,-0.025800,-0.172591
459720650.000,Miguel,recording,switch_hand,6,1.767166,6.574467,7.121588,0.728482,0.183210,-0.054241
459720660.000,Miguel,recording,switch_hand,6,2.067416,6.450354,6.868560,0.607351,0.298495,0.034072
459720670.000,Miguel,recording,switch_hand,6,2.412354,6.236293,6.814492,0.426922,0.343013,0.076405
459720680.000,Miguel,recording,switch_hand,6,2.547632,5.920513,6.895898,0.237267,0.376219,0.074318
459720690.000,Miguel,recording,switch_hand,6,2.613252,5.704623,7.126390,0.085731,0.439657,0.048748
459720700.000,Miguel,recording,switch_hand,6,2.625102,5.724979,7.581955,0.009175,0.529351,0.027050
459720710.000,Miguel,recording,switch_hand,6,2.627262,5.884374,8.097035,0.022809,0.616863,0.026699
459720720.000,Miguel,recording,switch_hand,6,2.565049,5.887797,8.375769,0.113101,0.687096,0.044455
459720730.000,Miguel,recording,switch_hand,6,2.458027,5.701149,8.305051,0.244025,0.743296,0.064821
459720740.000,Miguel,recording,switch_hand,6,2.364319,5.442585,7.906471,0.373667,0.790558,0.069053
459720750.000,Miguel,recording,switch_hand,6,2.369714,5.294801,7.495994,0.472918,0.836733,0.046440
459720760.000,Miguel,recording,switch_hand,6,2.497695,5.313072,7.202405,0.531859,0.882698,-0.003746
459720770.000,Miguel,recording,switch_hand,6,2.605020,5.295939,7.072363,0.554866,0.908893,-0.075898
459720780.000,Miguel,recording,switch_hand,6,2.593900,5.241176,7.031499,0.553308,0.897875,-0.160796
459720790.000,Miguel,recording,switch_hand,6,2.571093,5.243541,7.049671,0.535725,0.848401,-0.247062
459720800.000,Miguel,recording,switch_hand,6,2.524098,5.331523,7.096472,0.507730,0.765174,-0.320893
459720810.000,Miguel,recording,switch_hand,6,2.374108,5.505456,7.192694,0.476748,0.660534,-0.374835
459720820.000,Miguel,recording,switch_hand,6,2.110162,5.720951,7.342695,0.452247,0.543240,-0.402879
459720830.000,Miguel,recording,switch_hand,6,1.723642,5.896872,7.378766,0.440458,0.419564,-0.396565
459720840.000,Miguel,recording,switch_hand,6,1.380567,5.972581,7.221749,0.436899,0.310984,-0.354997
459720850.000,Miguel,recording,switch_hand,6,1.209768,6.012017,6.907892,0.426788,0.239279,-0.287810
459720860.000,Miguel,recording,switch_hand,6,1.310281,6.093686,6.602489,0.400653,0.212233,-0.210418
459720870.000,Miguel,recording,switch_hand,6,1.574537,6.178607,6.414527,0.362607,0.224687,-0.141672
459720880.000,Miguel,recording,switch_hand,6,1.773520,6.248648,6.346121,0.321339,0.268630,-0.094726
459720890.000,Miguel,recording,switch_hand,6,1.799326,6.244842,6.377447,0.286219,0.332474,-0.068784
459720900.000,Miguel,recording,switch_hand,6,1.787622,6.218373,6.474555,0.259186,0.391766,-0.055661
459720910.000,Miguel,recording,switch_hand,6,1.777153,6.181043,6.555806,0.234016,0.421714,-0.054054
459720920.000,Miguel,recording,switch_hand,6,1.781771,6.153864,6.615602,0.203983,0.411364,-0.069079
459720930.000,Miguel,recording,switch_hand,6,1.752099,6.129402,6.611815,0.163818,0.361057,-0.101182
459720940.000,Miguel,recording,switch_hand,6,1.689179,6.138976,6.579343,0.111530,0.281212,-0.143277
459720950.000,Miguel,recording,switch_hand,6,1.582412,6.127971,6.446437,0.045274,0.189562,-0.186901
459720960.000,Miguel,recording,switch_hand,6,1.419235,6.213583,6.335890,-0.036025,0.105265,-0.224819
459720970.000,Miguel,recording,switch_hand,6,1.260805,6.388156,6.458253,-0.119633,0.045372,-0.248433
459720980.000,Miguel,recording,switch_hand,6,1.082444,6.604319,6.828234,-0.179978,0.006219,-0.249220
459720990.000,Miguel,recording,switch_hand,6,0.840218,6.698627,7.191059,-0.201797,-0.026332,-0.229226
459721000.000,Miguel,recording,switch_hand,6,0.724244,6.676232,7.360122,-0.190190,-0.051188,-0.201743
459721010.000,Miguel,recording,switch_hand,6,0.729118,6.557118,7.415051,-0.161812,-0.064842,-0.180540
459721020.000,Miguel,recording,switch_hand,6,0.789921,6.456112,7.393895,-0.132550,-0.070035,-0.176535
459721030.000,Miguel,recording,switch_hand,6,0.835961,6.398636,7.272554,-0.111094,-0.064023,-0.192974
459721040.000,Miguel,recording,switch_hand,6,0.906482,6.451600,7.211086,-0.098484,-0.044652,-0.220283
459721050.000,Miguel,recording,switch_hand,6,0.965965,6.628727,7.288331,-0.089425,-0.018360,-0.239559
459721060.000,Miguel,recording,switch_hand,6,0.823730,6.730139,7.362752,-0.076734,0.005594,-0.240012
459721070.000,Miguel,recording,switch_hand,6,0.577498,6.734106,7.322768,-0.063435,0.022466,-0.220391
459721080.000,Miguel,recording,switch_hand,6,0.397770,6.712621,7.276482,-0.058306,0.034099,-0.184535
459721090.000,Miguel,recording,switch_hand,6,0.372817,6.697918,7.242699,-0.060516,0.042316,-0.144878
459721100.000,Miguel,recording,switch_hand,6,0.471311,6.647162,7.226055,-0.064806,0.049698,-0.113623
459721110.000,Miguel,recording,switch_hand,6,0.586055,6.619600,7.196927,-0.067336,0.059156,-0.096068
459721120.000,Miguel,recording,switch_hand,6,0.619156,6.639969,7.215662,-0.064903,0.068405,-0.091438
459721130.000,Miguel,recording,switch_hand,6,0.628479,6.619721,7.245312,-0.057705,0.075589,-0.095088
459721140.000,Miguel,recording,switch_hand,6,0.608176,6.550370,7.260508,-0.049888,0.076963,-0.103463
459721150.000,Miguel,recording,switch_hand,6,0.584262,6.496580,7.259256,-0.046191,0.065932,-0.117013
459721160.000,Miguel,recording,switch_hand,6,0.617516,6.496716,7.290299,-0.047584,0.043246,-0.135617
459721170.000,Miguel,recording,switch_hand,6,0.637880,6.522956,7.310688,-0.051076,0.017644,-0.154428
459721180.000,Miguel,recording,switch_hand,6,0.658097,6.553486,7.264384,-0.054563,-0.001252,-0.167360
459721190.000,Miguel,recording,switch_hand,6,0.706044,6.573155,7.161871,-0.058475,-0.005891,-0.172189
459721200.000,Miguel,recording,switch_hand,6,0.784086,6.606076,7.095895,-0.059936,0.009147,-0.167581
459721210.000,Miguel,recording,switch_hand,6,0.850941,6.616875,7.040025,-0.055430,0.039802,-0.153260
459721220.000,Miguel,recording,switch_hand,6,0.919097,6.589477,7.008821,-0.049364,0.082459,-0.132862
459721230.000,Miguel,recording,switch_hand,6,0.906724,6.545900,6.970202,-0.048349,0.138238,-0.109719
459721240.000,Miguel,recording,switch_hand,6,0.918118,6.538813,7.012824,-0.051443,0.199096,-0.085798
459721250.000,Miguel,recording,switch_hand,6,0.984717,6.515640,7.151767,-0.053831,0.254692,-0.063977
459721260.000,Miguel,recording,switch_hand,6,1.123540,6.464443,7.328151,-0.049478,0.300115,-0.047633
459721270.000,Miguel,recording,switch_hand,6,1.253271,6.369937,7.516916,-0.035341,0.330231,-0.037838
459721280.000,Miguel,recording,switch_hand,6,1.459934,6.217110,7.597999,-0.018440,0.338301,-0.037278
459721290.000,Miguel,recording,switch_hand,6,1.742788,6.033493,7.606937,-0.008903,0.325247,-0.052687
459721300.000,Miguel,recording,switch_hand,6,2.051785,5.910756,7.607859,-0.011195,0.305428,-0.088264
459721310.000,Miguel,recording,switch_hand,6,2.394374,5.789107,7.662057,-0.020141,0.304022,-0.151382
459721320.000,Miguel,recording,switch_hand,6,3.087853,5.574635,7.775718,-0.018829,0.364203,-0.267367
459721330.000,Miguel,recording,switch_hand,6,4.282901,5.253822,7.881195,0.018074,0.552206,-0.473234
459721340.000,Miguel,recording,switch_hand,6,5.533449,4.784861,7.934089,0.017636,0.809960,-0.879438
459721350.000,Miguel,recording,switch_hand,6,7.416149,3.897404,6.513990,-0.421073,0.636563,-1.806044
459721360.000,Miguel,recording,switch_hand,6,8.600280,2.274310,9.782687,-0.930119,0.505691,-3.042033
459721370.000,Miguel,recording,switch_hand,6,6.209529,1.660210,9.565854,-0.907382,0.720515,-4.026375
459721380.000,Miguel,recording,switch_hand,6,5.325047,2.261470,11.093512,-0.578957,0.724703,-4.693528
459721390.000,Miguel,recording,switch_hand,6,3.323007,2.653282,12.129279,-0.155199,0.539445,-5.208866
459721400.000,Miguel,recording,switch_hand,6,2.290587,2.080834,12.020373,0.221077,0.078264,-5.653941
459721410.000,Miguel,recording,switch_hand,6,0.766561,1.060516,10.093964,0.454757,-0.735580,-5.960146
459721420.000,Miguel,recording,switch_hand,6,-5.221864,1.072292,8.288200,0.550276,-1.601500,-6.022582
459721430.000,Miguel,recording,switch_hand,6,-26.709526,4.323493,6.719237,0.460992,-1.877032,-5.399396
459721440.000,Miguel,recording,switch_hand,6,-21.879663,5.596658,4.625785,0.217379,-1.521107,-4.067913
459721450.000,Miguel,recording,switch_hand,6,-15.025424,8.163647,3.034631,-0.071662,-1.233701,-2.594265
459721460.000,Miguel,recording,switch_hand,6,-8.495737,7.926771,3.401742,-0.388757,-1.260934,-1.296310
459721470.000,Miguel,recording,switch_hand,6,-7.653800,7.281357,5.299831,-0.706058,-1.295858,-0.294150
459721480.000,Miguel,recording,switch_hand,6,-4.222033,6.709502,6.891842,-0.922724,-1.287147,0.402278
459721490.000,Miguel,recording,switch_hand,6,-2.602198,6.506984,8.173535,-1.019363,-1.276169,0.788694
459721500.000,Miguel,recording,switch_hand,6,-1.363806,6.867262,8.260992,-1.078617,-1.263583,0.910400
459721510.000,Miguel,recording,switch_hand,6,-0.908553,7.201910,8.133681,-1.124937,-1.331972,0.865356
459721520.000,Miguel,recording,switch_hand,6,-0.896187,7.501495,7.685607,-1.169756,-1.468090,0.738257
459721530.000,Miguel,recording,switch_hand,6,-0.174232,7.628400,7.836373,-1.186771,-1.537359,0.592576
459721540.000,Miguel,recording,switch_hand,6,-0.112158,6.680211,10.639432,-1.027620,-1.307526,0.482360
459721550.000,Miguel,recording,switch_hand,6,1.159370,6.625860,9.097313,-0.664533,-0.915481,0.362052
459721560.000,Miguel,recording,switch_hand,6,1.474113,6.358027,6.152446,-0.323476,-0.478535,0.166008
459721570.000,Miguel,recording,switch_hand,6,0.133239,5.119903,6.670081,-0.116472,0.139696,-0.061427
459721580.000,Miguel,recording,switch_hand,6,-0.691971,4.479956,7.272377,-0.003795,0.694736,-0.271213
459721590.000,Miguel,recording,switch_hand,6,-1.283834,3.974034,7.172487,-0.009179,0.958975,-0.434158
459721600.000,Miguel,recording,switch_hand,6,-1.296747,4.173951,5.943606,-0.221250,1.085796,-0.539560
459721610.000,Miguel,recording,switch_hand,6,-1.226138,4.718677,5.234314,-0.626372,1.196947,-0.583343
459721620.000,Miguel,recording,switch_hand,6,-2.009854,4.516239,5.692990,-1.080191,1.219665,-0.554042
459721630.000,Miguel,recording,switch_hand,6,-3.025836,4.027193,6.345945,-1.463611,1.126223,-0.464584
459721640.000,Miguel,recording,switch_hand,6,-3.605817,3.912663,6.948800,-1.702531,0.965608,-0.334910
459721650.000,Miguel,recording,switch_hand,6,-3.933056,4.091960,7.935916,-1.755796,0.751115,-0.172159
459721660.000,Miguel,recording,switch_hand,6,-3.496216,4.494310,8.830332,-1.620599,0.458999,0.008860
459721670.000,Miguel,recording,switch_hand,6,-2.960816,4.712915,9.617461,-1.327893,0.101680,0.173964
459721680.000,Miguel,recording,switch_hand,6,-2.601178,4.574576,10.068594,-0.936903,-0.227480,0.275906
459721690.000,Miguel,recording,switch_hand,6,-2.318043,4.103670,10.324425,-0.511976,-0.444545,0.294216
459721700.000,Miguel,recording,switch_hand,6,-1.987765,3.850732,10.545136,-0.103512,-0.548838,0.258367
459721710.000,Miguel,recording,switch_hand,6,-1.717215,3.804038,10.630516,0.255504,-0.568335,0.214974
459721720.000,Miguel,recording,switch_hand,6,-1.551690,3.821439,10.350994,0.537811,-0.520257,0.194691
459721730.000,Miguel,recording,switch_hand,6,-1.555112,3.754549,9.997154,0.726301,-0.430801,0.208820
459721740.000,Miguel,recording,switch_hand,6,-1.588287,3.817210,9.594741,0.822775,-0.332421,0.246751
459721750.000,Miguel,recording,switch_hand,6,-1.667845,3.985299,9.220008,0.840206,-0.246619,0.283717
459721760.000,Miguel,recording,switch_hand,6,-1.729144,4.220127,8.866974,0.799882,-0.188297,0.301525
459721770.000,Miguel,recording,switch_hand,6,-1.773834,4.412509,8.542254,0.725247,-0.169729,0.294102
459721780.000,Miguel,recording,switch_hand,6,-1.859582,4.543525,8.231204,0.632993,-0.196918,0.261464
459721790.000,Miguel,recording,switch_hand,6,-1.992047,4.526484,7.971542,0.527956,-0.259848,0.206346
459721800.000,Miguel,recording,switch_hand,6,-1.768930,4.772538,7.873621,0.429049,-0.347738,0.147433
459721810.000,Miguel,recording,switch_hand,6,-1.880599,4.840685,8.086891,0.350636,-0.432647,0.105389
459721820.000,Miguel,recording,switch_hand,6,-1.694527,4.570596,8.064709,0.285449,-0.485317,0.089457
459721830.000,Miguel,recording,switch_hand,6,-1.674506,4.219365,8.293618,0.237422,-0.517263,0.102839
459721840.000,Miguel,recording,switch_hand,6,-1.763492,3.971610,8.583958,0.220568,-0.544004,0.138237
459721850.000,Miguel,recording,switch_hand,6,-1.792071,3.867541,8.758560,0.255504,-0.571612,0.192127
459721860.000,Miguel,recording,switch_hand,6,-2.405809,3.626829,9.073471,0.343003,-0.578967,0.267073
459721870.000,Miguel,recording,switch_hand,6,-2.257729,3.583370,8.866637,0.455290,-0.558354,0.363350
459721880.000,Miguel,recording,switch_hand,6,-1.594029,4.045549,9.067995,0.570612,-0.535105,0.492905
459721890.000,Miguel,recording,switch_hand,6,-1.231680,4.375581,9.088533,0.618683,-0.487338,0.658348
459721900.000,Miguel,recording,switch_hand,6,-1.214778,4.055270,8.021267,0.492867,-0.354199,0.803457
459721910.000,Miguel,recording,switch_hand,6,-0.746840,4.535296,8.117815,0.273797,-0.188747,0.806675
459721920.000,Miguel,recording,switch_hand,6,-0.717182,4.738871,8.182827,0.087034,-0.061061,0.625849
459721930.000,Miguel,recording,switch_hand,6,-0.093362,4.990432,8.070722,-0.049335,0.000428,0.349235
459721940.000,Miguel,recording,switch_hand,6,0.067224,5.337497,8.097267,-0.089241,-0.112625,0.059930
459721950.000,Miguel,recording,switch_hand,6,-0.475452,5.731876,8.149986,-0.009114,-0.458209,-0.216986
459721960.000,Miguel,recording,switch_hand,6,-1.736630,6.188848,8.690471,0.157524,-0.917722,-0.476716
459721970.000,Miguel,recording,switch_hand,6,-2.159097,5.747508,8.363545,0.340892,-1.219189,-0.686496
459721980.000,Miguel,recording,switch_hand,6,-0.779845,4.704939,6.291131,0.451595,-1.201035,-0.782761
459721990.000,Miguel,recording,switch_hand,6,-0.066334,4.431105,6.840537,0.556640,-1.128882,-0.782140
459722000.000,Miguel,recording,switch_hand,6,-0.458160,4.635241,7.986581,0.701788,-1.326370,-0.728204
459722010.000,Miguel,recording,switch_hand,6,-0.947318,4.831644,8.137658,0.725041,-1.480268,-0.600481
459722020.000,Miguel,recording,switch_hand,6,0.456928,5.065940,8.181183,0.439158,-0.964912,-0.411677
459722030.000,Miguel,recording,switch_hand,6,2.075787,5.191039,8.916600,-0.109580,-0.124893,-0.267736
459722040.000,Miguel,recording,switch_hand,6,1.402315,5.167116,8.193699,-0.670833,0.347559,-0.281518
459722050.000,Miguel,recording,switch_hand,6,-0.240063,5.440314,7.132678,-1.088304,0.497287,-0.411233
459722060.000,Miguel,recording,switch_hand,6,-2.090289,5.754750,7.635086,-1.293784,0.469536,-0.462573
459722070.000,Miguel,recording,switch_hand,6,-3.505706,5.579551,8.926140,-1.268302,0.273655,-0.240304
459722080.000,Miguel,recording,switch_hand,6,-4.226797,4.736666,9.553769,-1.074526,-0.023432,0.246352
459722090.000,Miguel,recording,switch_hand,6,-3.726880,3.470917,10.112269,-0.816484,-0.310386,0.766002
459722100.000,Miguel,recording,switch_hand,6,-2.305164,3.621548,10.553961,-0.570919,-0.607155,1.112415
459722110.000,Miguel,recording,switch_hand,6,-0.948480,5.344884,9.913102,-0.430619,-0.948555,1.266763
459722120.000,Miguel,recording,switch_hand,6,0.179211,6.578484,8.318459,-0.395147,-1.290513,1.242752
459722130.000,Miguel,recording,switch_hand,6,0.697834,6.359763,6.931205,-0.459230,-1.585437,1.077159
459722140.000,Miguel,recording,switch_hand,6,0.546676,5.335866,7.583713,-0.576241,-1.710777,0.886394
459722150.000,Miguel,recording,switch_hand,6,0.083561,4.197964,11.367202,-0.486251,-1.479006,0.781885
459722160.000,Miguel,recording,switch_hand,6,-0.064485,3.468214,11.761396,-0.098311,-1.020096,0.748273
459722170.000,Miguel,recording,switch_hand,6,0.004131,3.755966,12.614462,0.450609,-0.472743,0.697016
459722180.000,Miguel,recording,switch_hand,6,-0.536844,4.901874,12.165431,1.027725,0.197303,0.643445
459722190.000,Miguel,recording,switch_hand,6,-0.171892,5.983431,11.815061,1.521364,0.828368,0.639976
459722200.000,Miguel,recording,switch_hand,7,-0.213486,6.636068,10.589783,1.850172,1.283337,0.700174
459722210.000,Miguel,recording,switch_hand,7,-0.528811,6.818137,9.877266,1.995376,1.541555,0.799423
459722220.000,Miguel,recording,switch_hand,7,-0.867358,6.841820,9.363683,1.998454,1.638282,0.916931
459722230.000,Miguel,recording,switch_hand,7,-1.189423,6.645965,8.994979,1.907391,1.606880,1.056802
459722240.000,Miguel,recording,switch_hand,7,-1.346886,6.328873,8.633074,1.759431,1.472553,1.217932
459722250.000,Miguel,recording,switch_hand,7,-1.304418,5.945969,8.251485,1.585220,1.266726,1.375333
459722260.000,Miguel,recording,switch_hand,7,-1.084273,5.586721,7.862447,1.401801,1.024879,1.500718
459722270.000,Miguel,recording,switch_hand,7,-0.758095,5.262640,7.457379,1.216647,0.789165,1.580642
459722280.000,Miguel,recording,switch_hand,7,-0.375173,5.034285,7.257500,1.040295,0.599390,1.611912
459722290.000,Miguel,recording,switch_hand,7,0.033034,4.878323,7.177338,0.891011,0.474598,1.595953
459722300.000,Miguel,recording,switch_hand,7,0.508317,4.797497,7.173193,0.786381,0.409255,1.538173
459722310.000,Miguel,recording,switch_hand,7,0.913333,4.783595,7.113400,0.728591,0.388826,1.450748
459722320.000,Miguel,recording,switch_hand,7,1.211765,4.868977,6.989878,0.702652,0.407831,1.350276
459722330.000,Miguel,recording,switch_hand,7,1.370316,4.969015,6.859788,0.689459,0.466534,1.251347
459722340.000,Miguel,recording,switch_hand,7,1.365091,5.092084,6.819308,0.677805,0.553047,1.163997
459722350.000,Miguel,recording,switch_hand,7,1.315063,5.223494,6.852585,0.665994,0.644915,1.093524
459722360.000,Miguel,recording,switch_hand,7,1.275241,5.307437,6.859824,0.656004,0.717444,1.042985
459722370.000,Miguel,recording,switch_hand,7,1.268723,5.358692,6.807964,0.642283,0.755734,1.012974
459722380.000,Miguel,recording,switch_hand,7,1.296983,5.389441,6.718389,0.614023,0.760034,0.996393
459722390.000,Miguel,recording,switch_hand,7,1.393725,5.448112,6.645037,0.569495,0.737942,0.978891
459722400.000,Miguel,recording,switch_hand,7,1.501761,5.440723,6.640702,0.516255,0.697801,0.949064
459722410.000,Miguel,recording,switch_hand,7,1.581523,5.433466,6.665797,0.461050,0.646766,0.904188
459722420.000,Miguel,recording,switch_hand,7,1.664732,5.475376,6.788844,0.409242,0.593197,0.845566
459722430.000,Miguel,recording,switch_hand,7,1.692515,5.552070,6.894308,0.367537,0.539054,0.776736
459722440.000,Miguel,recording,switch_hand,7,1.721008,5.565205,6.889079,0.336678,0.481027,0.701128
459722450.000,Miguel,recording,switch_hand,7,1.748756,5.581962,6.825030,0.309776,0.431312,0.620158
459722460.000,Miguel,recording,switch_hand,7,1.796866,5.645391,6.833239,0.283202,0.407149,0.537749
459722470.000,Miguel,recording,switch_hand,7,1.848691,5.761326,6.914607,0.262777,0.408113,0.458808
459722480.000,Miguel,recording,switch_hand,7,1.904244,5.890070,7.024087,0.257217,0.423125,0.385455
459722490.000,Miguel,recording,switch_hand,7,1.923126,6.009645,7.055339,0.263159,0.437631,0.320952
459722500.000,Miguel,recording,switch_hand,7,1.821319,6.112158,6.969739,0.265317,0.438148,0.268745
459722510.000,Miguel,recording,switch_hand,7,1.709761,6.232776,6.921076,0.251210,0.415691,0.227947
459722520.000,Miguel,recording,switch_hand,7,1.562706,6.280548,6.920488,0.220532,0.370847,0.196801
459722530.000,Miguel,recording,switch_hand,7,1.363176,6.254880,6.927745,0.180678,0.316427,0.172908
459722540.000,Miguel,recording,switch_hand,7,1.215085,6.192123,6.983342,0.140355,0.263884,0.154091
459722550.000,Miguel,recording,switch_hand,7,1.199097,6.170858,6.920056,0.107152,0.218647,0.136625
459722560.000,Miguel,recording,switch_hand,7,1.302053,6.206425,6.833260,0.079274,0.193624,0.114505
459722570.000,Miguel,recording,switch_hand,7,1.470040,6.277053,6.780593,0.053042,0.202981,0.086608
459722580.000,Miguel,recording,switch_hand,7,1.701595,6.376561,6.752359,0.028690,0.239705,0.054026
459722590.000,Miguel,recording,switch_hand,7,1.923539,6.429817,6.707292,0.004061,0.282681,0.013233
459722600.000,Miguel,recording,switch_hand,7,2.106794,6.381947,6.654793,-0.023514,0.323182,-0.040107
459722610.000,Miguel,recording,switch_hand,7,2.161950,6.283958,6.680072,-0.055193,0.359930,-0.106726
459722620.000,Miguel,recording,switch_hand,7,2.008154,6.195187,6.895524,-0.089366,0.386488,-0.178847
459722630.000,Miguel,recording,switch_hand,7,1.662915,6.169695,7.354232,-0.112602,0.388462,-0.242094
459722640.000,Miguel,recording,switch_hand,7,1.334991,6.148946,7.859606,-0.110246,0.349760,-0.283109
459722650.000,Miguel,recording,switch_hand,7,1.162642,6.127809,8.176345,-0.081370,0.272599,-0.298553
459722660.000,Miguel,recording,switch_hand,7,1.235931,6.099465,8.256897,-0.037931,0.183046,-0.299317
459722670.000,Miguel,recording,switch_hand,7,1.596721,6.087259,8.139040,0.004957,0.112851,-0.304049
459722680.000,Miguel,recording,switch_hand,7,2.279717,6.201340,7.990919,0.044036,0.090877,-0.331066
459722690.000,Miguel,recording,switch_hand,7,3.420890,6.430008,8.207371,0.100997,0.164001,-0.393329
459722700.000,Miguel,recording,switch_hand,7,4.539963,6.367020,8.425126,0.213986,0.358721,-0.492128
459722710.000,Miguel,recording,switch_hand,7,5.827258,5.821898,8.198991,0.406507,0.645657,-0.643253
459722720.000,Miguel,recording,switch_hand,7,6.919971,4.976857,7.537521,0.687975,1.050768,-0.910916
459722730.000,Miguel,recording,switch_hand,7,6.504645,4.173955,6.602388,1.022982,1.638754,-1.277142
459722740.000,Miguel,recording,switch_hand,7,4.933233,3.454427,5.672146,1.365122,2.327799,-1.613833
459722750.000,Miguel,recording,switch_hand,7,4.934098,2.583102,4.459111,1.612317,2.841385,-1.989874
459722760.000,Miguel,recording,switch_hand,7,5.681530,2.791024,1.099595,1.272694,2.544841,-2.809554
459722770.000,Miguel,recording,switch_hand,7,3.354871,4.985962,1.693832,0.331887,1.652623,-3.845910
459722780.000,Miguel,recording,switch_hand,7,-1.460468,4.878891,4.654042,-0.577481,0.791346,-4.475965
459722790.000,Miguel,recording,switch_hand,7,-17.838203,7.057619,8.302203,-1.142426,-0.240268,-4.378134
459722800.000,Miguel,recording,switch_hand,7,-19.077268,7.579322,4.964513,-1.413854,-0.884040,-3.576399
459722810.000,Miguel,recording,switch_hand,7,-16.135938,7.777939,4.808523,-1.647757,-0.841972,-2.477705
459722820.000,Miguel,recording,switch_hand,7,-10.583607,7.000026,4.912891,-1.751088,-0.593813,-1.381686
459722830.000,Miguel,recording,switch_hand,7,-9.418303,6.651131,6.881924,-1.635981,-0.259604,-0.466586
459722840.000,Miguel,recording,switch_hand,7,-6.684481,5.473152,7.520646,-1.474620,0.053549,0.230938
459722850.000,Miguel,recording,switch_hand,7,-6.655732,5.618154,8.170484,-1.303787,0.272086,0.791175
459722860.000,Miguel,recording,switch_hand,7,-5.721670,6.037639,10.741123,-1.063639,0.346280,1.273898
459722870.000,Miguel,recording,switch_hand,7,-4.051121,6.846018,12.119750,-0.643567,0.337048,1.647762
459722880.000,Miguel,recording,switch_hand,7,-2.223632,6.898239,13.857608,-0.030306,0.339580,1.818278
459722890.000,Miguel,recording,switch_hand,7,-0.472233,6.845901,13.603678,0.680494,0.355617,1.744775
459722900.000,Miguel,recording,switch_hand,7,-0.067683,6.931196,12.333807,1.328150,0.368908,1.479066
459722910.000,Miguel,recording,switch_hand,7,-0.627765,6.954147,10.184313,1.779825,0.400646,1.118458
459722920.000,Miguel,recording,switch_hand,7,-1.117233,7.322923,8.417954,1.998053,0.439855,0.775186
459722930.000,Miguel,recording,switch_hand,7,-1.642454,7.923990,6.859519,1.991271,0.450024,0.508917
459722940.000,Miguel,recording,switch_hand,7,-2.119917,8.340290,5.418789,1.787193,0.473751,0.302775
459722950.000,Miguel,recording,switch_hand,7,-2.080583,8.344270,4.363308,1.450312,0.548274,0.128598
459722960.000,Miguel,recording,switch_hand,7,-1.875490,8.065309,3.747309,1.049662,0.627441,-0.025516
459722970.000,Miguel,recording,switch_hand,7,-1.794769,7.648626,3.554316,0.638745,0.639355,-0.163562
459722980.000,Miguel,recording,switch_hand,7,-1.777062,7.155536,3.699696,0.266778,0.556989,-0.284288
459722990.000,Miguel,recording,switch_hand,7,-1.823809,6.682145,4.070128,-0.022660,0.386465,-0.379700
459723000.000,Miguel,recording,switch_hand,7,-2.005138,6.385818,4.548234,-0.208738,0.135115,-0.439326
459723010.000,Miguel,recording,switch_hand,7,-2.198641,6.099543,4.933388,-0.293165,-0.160116,-0.458326
459723020.000,Miguel,recording,switch_hand,7,-2.440067,5.930135,5.300960,-0.294197,-0.449446,-0.436862
459723030.000,Miguel,recording,switch_hand,7,-2.660460,5.873207,5.556635,-0.242026,-0.705417,-0.375703
459723040.000,Miguel,recording,switch_hand,7,-2.801905,5.889417,5.691151,-0.163426,-0.913866,-0.279181
459723050.000,Miguel,recording,switch_hand,7,-2.787340,5.938602,5.778871,-0.077304,-1.077328,-0.161252
459723060.000,Miguel,recording,switch_hand,7,-2.577543,6.022132,5.901342,0.003813,-1.204735,-0.046030
459723070.000,Miguel,recording,switch_hand,7,-2.271721,6.129162,6.012675,0.074220,-1.297321,0.043277
459723080.000,Miguel,recording,switch_hand,7,-2.013295,6.198018,6.099643,0.131946,-1.354776,0.097969
459723090.000,Miguel,recording,switch_hand,7,-1.855731,6.277504,6.141711,0.173737,-1.386967,0.122118
459723100.000,Miguel,recording,switch_hand,7,-1.756025,6.345914,6.127624,0.196171,-1.407567,0.122604
459723110.000,Miguel,recording,switch_hand,7,-1.705716,6.416453,6.084006,0.195313,-1.424075,0.107996
459723120.000,Miguel,recording,switch_hand,7,-1.697511,6.437739,6.022020,0.170336,-1.437162,0.086350
459723130.000,Miguel,recording,switch_hand,7,-1.726053,6.440962,5.980122,0.123285,-1.447749,0.064614
459723140.000,Miguel,recording,switch_hand,7,-1.816032,6.576792,6.042140,0.055083,-1.447874,0.047767
459723150.000,Miguel,recording,switch_hand,7,-1.869375,6.606233,6.117292,-0.034192,-1.425855,0.035451
459723160.000,Miguel,recording,switch_hand,7,-1.820171,6.604328,6.305234,-0.140732,-1.377234,0.026587
459723170.000,Miguel,recording,switch_hand,7,-1.718190,6.539036,6.528150,-0.253084,-1.300706,0.021829
459723180.000,Miguel,recording,switch_hand,7,-1.546522,6.467062,6.832046,-0.357383,-1.204586,0.018869
459723190.000,Miguel,recording,switch_hand,7,-1.379553,6.390959,7.096287,-0.443283,-1.100822,0.014476
459723200.000,Miguel,recording,switch_hand,7,-1.255410,6.327778,7.311792,-0.505902,-0.994575,0.007554
459723210.000,Miguel,recording,switch_hand,7,-1.167613,6.316645,7.479972,-0.546551,-0.890747,-0.002081
459723220.000,Miguel,recording,switch_hand,7,-1.122766,6.330316,7.585903,-0.567735,-0.797197,-0.011013
459723230.000,Miguel,recording,switch_hand,7,-1.105968,6.341354,7.654251,-0.570181,-0.720200,-0.011590
459723240.000,Miguel,recording,switch_hand,7,-1.123580,6.351891,7.728833,-0.555097,-0.667621,0.002274
459723250.000,Miguel,recording,switch_hand,7,-1.129948,6.370567,7.820526,-0.522398,-0.644645,0.029526
459723260.000,Miguel,recording,switch_hand,7,-1.097295,6.375686,7.887871,-0.472260,-0.648297,0.066229
459723270.000,Miguel,recording,switch_hand,7,-1.064580,6.355961,7.895889,-0.406814,-0.671559,0.107790
459723280.000,Miguel,recording,switch_hand,7,-0.966732,6.336120,7.921964,-0.328242,-0.708538,0.147484
459723290.000,Miguel,recording,switch_hand,7,-0.822686,6.345527,7.890008,-0.244853,-0.749554,0.177881
459723300.000,Miguel,recording,switch_hand,7,-0.639484,6.350063,7.854686,-0.167727,-0.781362,0.196385
459723310.000,Miguel,recording,switch_hand,7,-0.478742,6.354392,7.795039,-0.106582,-0.793471,0.204464
459723320.000,Miguel,recording,switch_hand,7,-0.315279,6.310932,7.776242,-0.068522,-0.771848,0.207792
459723330.000,Miguel,recording,switch_hand,7,-0.270977,6.254718,7.792176,-0.053817,-0.703942,0.217657
459723340.000,Miguel,recording,switch_hand,7,-0.331561,6.255399,7.824091,-0.059012,-0.592169,0.243599
459723350.000,Miguel,recording,switch_hand,7,-0.396997,6.335007,7.866183,-0.077178,-0.455295,0.284728
459723360.000,Miguel,recording,switch_hand,7,-0.342664,6.460447,7.946957,-0.099380,-0.312858,0.325457
459723370.000,Miguel,recording,switch_hand,7,-0.218154,6.556859,8.012330,-0.117405,-0.173496,0.346205
459723380.000,Miguel,recording,switch_hand,7,-0.199054,6.627113,7.985977,-0.125343,-0.040762,0.338060
459723390.000,Miguel,recording,switch_hand,7,-0.416729,6.706839,7.907006,-0.118097,0.073164,0.308135
459723400.000,Miguel,recording,switch_hand,7,-0.896368,6.844646,7.825210,-0.092206,0.146149,0.276805
459723410.000,Miguel,recording,switch_hand,7,-1.424317,6.963019,7.787416,-0.048359,0.165259,0.266963
459723420.000,Miguel,recording,switch_hand,7,-1.889416,7.146269,7.768088,0.005222,0.141801,0.296772
459723430.000,Miguel,recording,switch_hand,7,-2.132313,7.287567,7.804373,0.054652,0.106691,0.365029
459723440.000,Miguel,recording,switch_hand,7,-2.036792,7.355349,7.840156,0.087236,0.091198,0.448336
459723450.000,Miguel,recording,switch_hand,7,-1.721614,7.312904,7.940126,0.096954,0.114024,0.516451
459723460.000,Miguel,recording,switch_hand,7,-1.393326,7.206175,7.966427,0.085767,0.171212,0.539605
459723470.000,Miguel,recording,switch_hand,7,-1.311202,7.060961,8.005413,0.060220,0.237165,0.504878
459723480.000,Miguel,recording,switch_hand,7,-1.530722,6.847475,8.042997,0.028603,0.287293,0.427232
459723490.000,Miguel,recording,switch_hand,7,-2.007134,6.627338,8.097804,-0.002888,0.309060,0.338577
459723500.000,Miguel,recording,switch_hand,7,-2.589508,6.392282,8.057130,-0.035284,0.296817,0.269007
459723510.000,Miguel,recording,switch_hand,7,-3.261440,6.189413,7.924154,-0.073762,0.258515,0.242175
459723520.000,Miguel,recording,switch_hand,7,-3.943648,6.094313,7.731520,-0.122905,0.211116,0.277044
459723530.000,Miguel,recording,switch_hand,7,-4.864911,6.055704,7.509797,-0.187489,0.150252,0.388946
459723540.000,Miguel,recording,switch_hand,7,-6.149396,5.856872,7.398144,-0.257559,0.034113,0.595224
459723550.000,Miguel,recording,switch_hand,7,-6.719968,5.378607,7.167197,-0.293521,-0.209984,0.887559
459723560.000,Miguel,recording,switch_hand,7,-6.691797,4.192404,6.552231,-0.249129,-0.641310,1.206214
459723570.000,Miguel,recording,switch_hand,7,-4.846756,3.435416,5.788247,-0.105796,-1.114844,1.499351
459723580.000,Miguel,recording,switch_hand,7,6.770586,5.123508,6.798203,0.070243,-1.205434,1.788423
459723590.000,Miguel,recording,switch_hand,7,7.755476,6.375298,8.121888,0.181285,-1.090885,1.981315
459723600.000,Miguel,recording,switch_hand,7,2.084177,5.898089,6.598807,0.183601,-1.167308,2.019577
459723610.000,Miguel,recording,switch_hand,7,1.472257,5.350864,3.811030,0.017799,-1.168280,2.018339
459723620.000,Miguel,recording,switch_hand,7,4.008891,3.803682,3.073279,-0.188150,-0.872537,1.962846
459723630.000,Miguel,recording,switch_hand,7,3.973554,1.695470,1.778797,-0.311327,-0.351546,1.797312
459723640.000,Miguel,recording,switch_hand,7,2.832494,1.086681,1.368567,-0.520080,0.337079,1.555247
459723650.000,Miguel,recording,switch_hand,7,3.392317,1.881847,2.361502,-1.087551,1.304962,1.280219
459723660.000,Miguel,recording,switch_hand,7,3.578453,3.574887,3.459836,-1.914436,2.491418,0.956715
459723670.000,Miguel,recording,switch_hand,7,2.442938,5.359872,4.494791,-2.818967,3.566966,0.606158
459723680.000,Miguel,recording,switch_hand,7,2.145327,5.933793,5.977836,-3.825340,4.329385,0.277827
459723690.000,Miguel,recording,switch_hand,7,2.821331,5.805659,11.050119,-4.732806,4.700472,-0.040026
459723700.000,Miguel,recording,switch_hand,7,0.907590,5.068474,10.837660,-5.418880,4.565894,-0.318177
459723710.000,Miguel,recording,switch_hand,7,0.640249,3.041499,13.213604,-5.843436,3.876774,-0.486698
459723720.000,Miguel,recording,switch_hand,7,0.001580,1.048700,14.918013,-5.835898,2.620051,-0.437888
459723730.000,Miguel,recording,switch_hand,7,-0.618379,0.679407,17.891274,-5.178053,0.724634,-0.045636
459723740.000,Miguel,recording,switch_hand,7,-0.088503,2.008926,19.711935,-3.911790,-1.476940,0.495744
459723750.000,Miguel,recording,switch_hand,7,2.023430,2.583052,17.057755,-2.620965,-3.053715,0.747353
459723760.000,Miguel,recording,switch_hand,7,2.885071,2.625793,12.793248,-1.775553,-3.658343,0.683971
459723770.000,Miguel,recording,switch_hand,7,2.295328,2.866785,10.186502,-1.299980,-3.757221,0.614919
459723780.000,Miguel,recording,switch_hand,7,1.928882,2.913178,8.952552,-1.010938,-3.600033,0.654378
459723790.000,Miguel,recording,switch_hand,7,1.882701,2.603986,8.151847,-0.812883,-3.161842,0.703663
459723800.000,Miguel,recording,switch_hand,7,2.083574,2.485072,8.049078,-0.641224,-2.461663,0.677337
459723810.000,Miguel,recording,switch_hand,7,2.879863,2.695178,8.441991,-0.456824,-1.599119,0.580876
459723820.000,Miguel,recording,switch_hand,7,3.586516,3.026016,9.284528,-0.230643,-0.706894,0.446006
459723830.000,Miguel,recording,switch_hand,7,3.037454,3.257778,10.447496,0.067255,0.112746,0.300513
459723840.000,Miguel,recording,switch_hand,7,1.853353,3.317873,11.196030,0.410245,0.783608,0.190909
459723850.000,Miguel,recording,switch_hand,7,0.783559,3.397874,11.308062,0.732167,1.212291,0.157808
459723860.000,Miguel,recording,switch_hand,7,0.100898,3.475356,11.203737,0.974443,1.346391,0.204526
459723870.000,Miguel,recording,switch_hand,7,-0.251590,3.427807,11.012797,1.114728,1.229249,0.307775
459723880.000,Miguel,recording,switch_hand,7,-0.354425,3.324732,10.650728,1.161029,0.959846,0.440559
459723890.000,Miguel,recording,switch_hand,7,-0.251508,3.140482,10.283158,1.128969,0.626174,0.581261
459723900.000,Miguel,recording,switch_hand,7,0.027540,2.914809,9.988328,1.047490,0.283423,0.712053
459723910.000,Miguel,recording,switch_hand,7,0.567314,2.789429,9.707280,0.950183,-0.026865,0.816304
459723920.000,Miguel,recording,switch_hand,7,1.355919,2.794174,9.528985,0.873334,-0.244508,0.881032
459723930.000,Miguel,recording,switch_hand,7,2.315779,2.842169,9.637183,0.853863,-0.301490,0.901784
459723940.000,Miguel,recording,switch_hand,7,3.153431,2.812601,9.811746,0.910880,-0.174706,0.882537
459723950.000,Miguel,recording,switch_hand,7,3.647792,2.687275,9.852077,1.029636,0.088100,0.835314
459723960.000,Miguel,recording,switch_hand,7,3.831146,2.573158,9.790459,1.174662,0.402134,0.774905
459723970.000,Miguel,recording,switch_hand,7,3.818585,2.534279,9.803424,1.312917,0.692768,0.715085
459723980.000,Miguel,recording,switch_hand,7,3.542386,2.502941,9.925856,1.419412,0.909639,0.668442
459723990.000,Miguel,recording,switch_hand,7,3.321928,2.412712,9.956224,1.481016,1.021243,0.638291
459724000.000,Miguel,recording,switch_hand,7,3.358733,2.230859,9.892517,1.500457,1.030079,0.615135
459724010.000,Miguel,recording,switch_hand,7,3.550774,2.056667,9.866693,1.492560,0.983206,0.581697
459724020.000,Miguel,recording,switch_hand,7,3.773375,1.921756,9.866484,1.471989,0.930819,0.522696
459724030.000,Miguel,recording,switch_hand,7,4.048222,1.938122,9.793315,1.446144,0.887766,0.431675
459724040.000,Miguel,recording,switch_hand,7,4.330147,1.972438,9.664642,1.418031,0.843496,0.310316
459724050.000,Miguel,recording,switch_hand,7,4.524504,1.995171,9.566039,1.391603,0.785212,0.163718
459724060.000,Miguel,recording,switch_hand,7,4.596063,2.026573,9.557731,1.370556,0.708706,0.001082
459724070.000,Miguel,recording,switch_hand,7,4.555310,2.122004,9.469041,1.356507,0.618018,-0.167412
459724080.000,Miguel,recording,switch_hand,7,4.414702,2.251635,9.223679,1.342179,0.527872,-0.332226
459724090.000,Miguel,recording,switch_hand,7,4.119290,2.336355,9.037177,1.314637,0.454305,-0.484868
459724100.000,Miguel,recording,switch_hand,7,3.639681,2.391151,9.126946,1.280259,0.401608,-0.621458
459724110.000,Miguel,recording,switch_hand,7,3.025870,2.512083,9.511027,1.267534,0.359023,-0.736516
459724120.000,Miguel,recording,switch_hand,7,2.366817,2.675339,9.851071,1.294845,0.304456,-0.825101
459724130.000,Miguel,recording,switch_hand,7,1.854398,2.884336,9.785505,1.345281,0.219787,-0.890578
459724140.000,Miguel,recording,switch_hand,7,1.527471,3.081221,9.248831,1.376650,0.105950,-0.941102
459724150.000,Miguel,recording,switch_hand,7,1.299777,3.313420,8.510260,1.357742,-0.014485,-0.984575
459724160.000,Miguel,recording,switch_hand,7,1.106973,3.686869,7.773591,1.281221,-0.110731,-1.021343
459724170.000,Miguel,recording,switch_hand,7,0.963618,4.079517,7.163557,1.157821,-0.161311,-1.045364
459724180.000,Miguel,recording,switch_hand,7,0.781269,4.466580,6.876220,1.017964,-0.157757,-1.053377
459724190.000,Miguel,recording,switch_hand,7,0.420715,4.832798,6.925422,0.898251,-0.105143,-1.043730
459724200.000,Miguel,recording,switch_hand,7,-0.141122,5.198078,7.032569,0.821395,-0.025739,-1.007872
459724210.000,Miguel,recording,switch_hand,7,-0.697661,5.483402,7.148554,0.783205,0.051974,-0.933875
459724220.000,Miguel,recording,switch_hand,7,-1.243797,5.781575,7.071904,0.764555,0.109545,-0.812360
459724230.000,Miguel,recording,switch_hand,7,-1.562598,6.017630,6.794448,0.739704,0.140554,-0.641646
459724240.000,Miguel,recording,switch_hand,7,-1.579814,6.163096,6.408965,0.690885,0.146678,-0.438380
459724250.000,Miguel,recording,switch_hand,7,-1.312995,6.197786,6.203008,0.626124,0.139642,-0.236902
459724260.000,Miguel,recording,switch_hand,7,-0.786038,6.212567,6.350253,0.568206,0.140737,-0.072290
459724270.000,Miguel,recording,switch_hand,7,-0.311850,6.208528,6.708940,0.540722,0.161820,0.035591
459724280.000,Miguel,recording,switch_hand,7,0.047821,6.138492,6.993300,0.548218,0.187971,0.084427
459724290.000,Miguel,recording,switch_hand,7,0.262015,6.058968,7.173515,0.577019,0.195550,0.082390
459724300.000,Miguel,recording,switch_hand,7,0.290803,6.052672,7.343955,0.609802,0.172600,0.042875
459724310.000,Miguel,recording,switch_hand,7,0.223795,5.958907,7.302877,0.629066,0.121773,-0.021169
459724320.000,Miguel,recording,switch_hand,7,0.059393,5.766574,7.107284,0.626359,0.062591,-0.101872
459724330.000,Miguel,recording,switch_hand,7,-0.087688,5.490676,7.039072,0.607853,0.030265,-0.195334
459724340.000,Miguel,recording,switch_hand,7,-0.062487,5.249413,7.165585,0.577914,0.023694,-0.306932
459724350.000,Miguel,recording,switch_hand,7,-0.149164,5.466285,7.250405,0.485383,-0.094041,-0.450761
459724360.000,Miguel,recording,switch_hand,7,-1.028537,6.136644,7.980371,0.308897,-0.423654,-0.581889
459724370.000,Miguel,recording,switch_hand,7,-1.544985,6.117270,9.511935,0.200204,-0.723999,-0.599263
459724380.000,Miguel,recording,switch_hand,7,-1.199867,5.941299,9.807128,0.263255,-0.754113,-0.525875
459724390.000,Miguel,recording,switch_hand,7,-0.620556,6.024640,8.941409,0.395209,-0.613432,-0.478752
459724400.000,Miguel,recording,switch_hand,7,-0.101196,5.804894,8.080946,0.522638,-0.494935,-0.493769
459724410.000,Miguel,recording,switch_hand,7,-0.258249,5.388486,7.637629,0.658637,-0.375881,-0.564238
459724420.000,Miguel,recording,switch_hand,7,0.180115,4.859515,7.048455,0.767394,-0.126115,-0.666817
459724430.000,Miguel,recording,switch_hand,7,1.581412,4.370056,7.260661,0.863412,0.248318,-0.824404
459724440.000,Miguel,recording,switch_hand,7,2.193015,4.315879,7.994222,0.999727,0.681466,-1.089267
459724450.000,Miguel,recording,switch_hand,7,1.693084,4.179593,8.271135,1.129214,1.070873,-1.417139
459724460.000,Miguel,recording,switch_hand,7,0.774920,4.478563,8.459947,1.246406,1.189081,-1.720539
459724470.000,Miguel,recording,switch_hand,7,-0.556209,5.279425,8.464859,1.330202,0.939743,-1.929124
459724480.000,Miguel,recording,switch_hand,7,-2.411451,6.418601,7.883880,1.291969,0.503756,-1.990626
459724490.000,Miguel,recording,switch_hand,7,-3.997722,7.085371,7.160251,1.165973,0.104812,-1.886424
459724500.000,Miguel,recording,switch_hand,7,-5.093931,7.437498,6.193997,1.037176,-0.118503,-1.647633
459724510.000,Miguel,recording,switch_hand,7,-5.734385,7.982343,5.060068,0.915778,-0.169771,-1.333351
459724520.000,Miguel,recording,switch_hand,7,-5.920641,8.664019,3.965496,0.773651,-0.123902,-0.995999
459724530.000,Miguel,recording,switch_hand,7,-5.787344,9.471375,3.035207,0.582024,-0.038637,-0.665673
459724540.000,Miguel,recording,switch_hand,7,-5.353339,9.878744,2.495462,0.325129,0.045224,-0.357956
459724550.000,Miguel,recording,switch_hand,7,-4.262067,9.273109,2.359942,0.015055,0.096851,-0.111884
459724560.000,Miguel,recording,switch_hand,7,-2.525824,8.333624,3.687123,-0.284915,0.163358,0.007487
459724570.000,Miguel,recording,switch_hand,7,-0.461137,7.566876,6.127825,-0.485563,0.319691,-0.034621
459724580.000,Miguel,recording,switch_hand,7,0.948706,6.811293,7.457366,-0.572392,0.434855,-0.214522
459724590.000,Miguel,recording,switch_hand,7,0.973920,6.571333,7.949479,-0.605530,0.324536,-0.458309
459724600.000,Miguel,recording,switch_hand,7,0.063149,7.191099,6.805697,-0.642187,0.013153,-0.667177
459724610.000,Miguel,recording,switch_hand,7,-1.527777,7.038978,6.077298,-0.692365,-0.257378,-0.787022
459724620.000,Miguel,recording,switch_hand,7,-2.950691,6.757925,5.426641,-0.758852,-0.329561,-0.811706
459724630.000,Miguel,recording,switch_hand,7,-3.498040,6.630299,5.579845,-0.848702,-0.294301,-0.747115
459724640.000,Miguel,recording,switch_hand,7,-3.137453,6.410556,5.866085,-0.932303,-0.248597,-0.638508
459724650.000,Miguel,recording,switch_hand,7,-2.495825,6.075342,6.378451,-0.974185,-0.211628,-0.536933
459724660.000,Miguel,recording,switch_hand,7,-1.872098,5.818081,6.918676,-0.958368,-0.185339,-0.461894
459724670.000,Miguel,recording,switch_hand,7,-1.503595,5.591080,7.533605,-0.887043,-0.174730,-0.412131
459724680.000,Miguel,recording,switch_hand,7,-1.715949,5.061782,8.397021,-0.764418,-0.099997,-0.362026
459724690.000,Miguel,recording,switch_hand,7,-2.407335,4.516060,8.977876,-0.577526,0.111339,-0.267139
459724700.000,Miguel,recording,switch_hand,7,-1.801519,5.256205,8.391639,-0.328811,0.283822,-0.155516
459724710.000,Miguel,recording,switch_hand,7,-2.647518,5.532884,8.527752,-0.064058,0.340333,-0.083229
459724720.000,Miguel,recording,switch_hand,7,-2.786623,5.698094,8.204521,0.195267,0.314869,0.015549
459724730.000,Miguel,recording,switch_hand,7,-2.645908,5.858624,7.698413,0.424981,0.141271,0.171525
459724740.000,Miguel,recording,switch_hand,7,-2.537849,6.206947,7.088018,0.578847,-0.100984,0.297574
459724750.000,Miguel,recording,switch_hand,7,-2.626150,6.617223,6.583518,0.650514,-0.302369,0.361457
459724760.000,Miguel,recording,switch_hand,7,-2.785321,6.727379,6.324894,0.650493,-0.439076,0.408107
459724770.000,Miguel,recording,switch_hand,7,-3.010003,6.672453,6.280880,0.596143,-0.492725,0.459665
459724780.000,Miguel,recording,switch_hand,7,-2.846535,6.337987,6.498965,0.539924,-0.512587,0.553748
459724790.000,Miguel,recording,switch_hand,7,-2.362849,6.137713,6.760363,0.521840,-0.617558,0.693412
459724800.000,Miguel,recording,switch_hand,7,-1.893360,6.312974,6.947732,0.543943,-0.804001,0.786020
459724810.000,Miguel,recording,switch_hand,7,-1.621239,6.582810,7.084340,0.600020,-0.985083,0.788495
459724820.000,Miguel,recording,switch_hand,7,-1.494340,6.681229,7.061747,0.658093,-1.108956,0.726505
459724830.000,Miguel,recording,switch_hand,7,-1.351496,6.639125,6.908086,0.690614,-1.172620,0.661199
459724840.000,Miguel,recording,switch_hand,7,-1.034192,6.593921,6.695439,0.685921,-1.205096,0.627671
459724850.000,Miguel,recording,switch_hand,7,-0.730802,6.865127,6.438107,0.629143,-1.203554,0.586465
459724860.000,Miguel,recording,switch_hand,7,-0.622700,7.200573,6.327752,0.523997,-1.129276,0.505139
459724870.000,Miguel,recording,switch_hand,7,-0.524996,7.354055,6.334904,0.394013,-0.985583,0.400392
459724880.000,Miguel,recording,switch_hand,7,-0.475331,7.324775,6.437154,0.265086,-0.822029,0.297402
459724890.000,Miguel,recording,switch_hand,7,-0.391001,7.209529,6.551410,0.152422,-0.675650,0.201123
459724900.000,Miguel,recording,switch_hand,7,-0.365389,7.100806,6.655967,0.060488,-0.555034,0.112167
459724910.000,Miguel,recording,switch_hand,7,-0.451913,7.013707,6.742812,-0.010460,-0.460751,0.038088
459724920.000,Miguel,recording,switch_hand,7,-0.585498,6.943795,6.851089,-0.059033,-0.395423,-0.014035
459724930.000,Miguel,recording,switch_hand,7,-0.760616,6.831901,6.995090,-0.083673,-0.355002,-0.039804
459724940.000,Miguel,recording,switch_hand,7,-0.994457,6.644161,7.270173,-0.085259,-0.324913,-0.032114
459724950.000,Miguel,recording,switch_hand,7,-1.251345,6.479284,7.605599,-0.062579,-0.282478,0.015497
459724960.000,Miguel,recording,switch_hand,7,-1.453523,6.382696,7.912868,-0.009136,-0.221520,0.107898
459724970.000,Miguel,recording,switch_hand,7,-1.480307,6.429382,8.145855,0.076549,-0.165696,0.234664
459724980.000,Miguel,recording,switch_hand,7,-1.225378,6.519359,8.213258,0.186343,-0.132737,0.351118
459724990.000,Miguel,recording,switch_hand,7,-0.968562,6.594105,8.061138,0.305909,-0.107352,0.413204
459725000.000,Miguel,recording,switch_hand,7,-0.932475,6.686486,7.820036,0.426682,-0.097347,0.450605
459725010.000,Miguel,recording,switch_hand,7,-0.769711,6.739585,7.537372,0.543607,-0.150256,0.507743
459725020.000,Miguel,recording,switch_hand,7,-0.642492,6.893927,7.141715,0.636783,-0.259234,0.563175
459725030.000,Miguel,recording,switch_hand,7,-0.759756,7.091044,6.755042,0.687519,-0.361784,0.593815
459725040.000,Miguel,recording,switch_hand,7,-0.969649,7.343919,6.460198,0.688286,-0.421690,0.610524
459725050.000,Miguel,recording,switch_hand,7,-0.976961,7.434389,6.250078,0.645494,-0.442987,0.625913
459725060.000,Miguel,recording,switch_hand,7,-0.690418,7.396903,6.132266,0.578300,-0.448190,0.635726
459725070.000,Miguel,recording,switch_hand,7,-0.278376,7.341140,6.093136,0.509216,-0.458705,0.628792
459725080.000,Miguel,recording,switch_hand,7,0.176215,7.375241,6.043689,0.446891,-0.477112,0.595163
459725090.000,Miguel,recording,switch_hand,7,0.607774,7.445499,5.983867,0.383060,-0.482479,0.525390
459725100.000,Miguel,recording,switch_hand,7,0.801489,7.459080,6.007296,0.315032,-0.452730,0.419931
459725110.000,Miguel,recording,switch_hand,7,0.846530,7.537126,6.022630,0.250719,-0.397254,0.295004
459725120.000,Miguel,recording,switch_hand,7,0.854363,7.575024,6.063857,0.204742,-0.343468,0.168411
459725130.000,Miguel,recording,switch_hand,7,0.940652,7.482896,6.028003,0.184623,-0.311820,0.051972
459725140.000,Miguel,recording,switch_hand,7,0.986632,7.274230,5.916563,0.177096,-0.298953,-0.040365
459725150.000,Miguel,recording,switch_hand,7,0.909692,7.087865,5.735626,0.164827,-0.284228,-0.107058
459725160.000,Miguel,recording,switch_hand,7,0.798899,6.970704,5.508529,0.132472,-0.265652,-0.169702
459725170.000,Miguel,recording,switch_hand,7,0.348214,7.166990,5.188611,0.065848,-0.252256,-0.245294
459725180.000,Miguel,recording,switch_hand,7,-0.418569,7.648518,4.983462,-0.030102,-0.248417,-0.319245
459725190.000,Miguel,recording,switch_hand,7,-1.153971,8.049473,4.992898,-0.129039,-0.277552,-0.362581
459725200.000,Miguel,recording,switch_hand,7,-1.945268,8.025702,5.070594,-0.200372,-0.396440,-0.357088
459725210.000,Miguel,recording,switch_hand,7,-2.822194,7.681980,4.922522,-0.222914,-0.689671,-0.297492
459725220.000,Miguel,recording,switch_hand,8,-4.071654,7.366604,4.375514,-0.196049,-1.242585,-0.175880
459725230.000,Miguel,recording,switch_hand,8,-4.191580,6.759056,4.022772,-0.148650,-2.049280,0.029665
459725240.000,Miguel,recording,switch_hand,8,-3.611768,6.035904,4.166766,-0.143453,-2.704996,0.411712
459725250.000,Miguel,recording,switch_hand,8,1.740967,5.830426,5.334672,-0.477593,-2.062213,1.227660
459725260.000,Miguel,recording,switch_hand,8,4.708252,5.365727,4.312540,-1.283262,-0.641642,1.902436
459725270.000,Miguel,recording,switch_hand,8,4.591756,4.897542,7.741609,-1.831834,0.162340,1.811085
459725280.000,Miguel,recording,switch_hand,8,3.240380,6.758977,10.263643,-1.653183,0.263934,1.525422
459725290.000,Miguel,recording,switch_hand,8,2.645952,8.321143,10.203257,-1.170923,0.054951,1.426355
459725300.000,Miguel,recording,switch_hand,8,2.435922,7.727151,8.270489,-0.685049,-0.039289,1.362666
459725310.000,Miguel,recording,switch_hand,8,4.796050,6.588115,6.846217,-0.336766,-0.064218,1.225819
459725320.000,Miguel,recording,switch_hand,8,5.789528,5.398606,5.844440,-0.224984,-0.091868,0.954773
459725330.000,Miguel,recording,switch_hand,8,6.324254,4.978848,6.203380,-0.179921,-0.020290,0.499137
459725340.000,Miguel,recording,switch_hand,8,6.068781,5.405531,6.848867,-0.099966,0.213891,-0.060437
459725350.000,Miguel,recording,switch_hand,8,4.869322,6.827570,7.732862,-0.001914,0.439455,-0.543621
459725360.000,Miguel,recording,switch_hand,8,3.364196,8.188563,8.696228,0.139075,0.530085,-0.808357
459725370.000,Miguel,recording,switch_hand,8,1.952997,8.977759,9.298826,0.325203,0.522652,-0.827188
459725380.000,Miguel,recording,switch_hand,8,0.917078,9.114206,9.145065,0.518225,0.461364,-0.669559
459725390.000,Miguel,recording,switch_hand,8,0.159860,8.907245,8.318753,0.647381,0.385573,-0.419131
459725400.000,Miguel,recording,switch_hand,8,-0.263882,8.584106,7.411389,0.667980,0.317369,-0.143197
459725410.000,Miguel,recording,switch_hand,8,-0.372513,8.183394,6.760130,0.590882,0.266889,0.111534
459725420.000,Miguel,recording,switch_hand,8,-0.218526,7.840640,6.445008,0.463830,0.257299,0.317301
459725430.000,Miguel,recording,switch_hand,8,0.017567,7.812248,6.385493,0.332611,0.319898,0.473663
459725440.000,Miguel,recording,switch_hand,8,0.467880,8.010202,6.512008,0.229572,0.448357,0.603141
459725450.000,Miguel,recording,switch_hand,8,0.924400,8.081940,6.851652,0.185806,0.619693,0.713298
459725460.000,Miguel,recording,switch_hand,8,1.327953,7.852984,7.230343,0.220863,0.791579,0.794560
459725470.000,Miguel,recording,switch_hand,8,1.637143,7.431669,7.189941,0.309449,0.911640,0.833101
459725480.000,Miguel,recording,switch_hand,8,1.889789,7.007213,6.741818,0.394571,0.974164,0.815164
459725490.000,Miguel,recording,switch_hand,8,2.081017,6.728197,6.183639,0.430449,0.990671,0.740761
459725500.000,Miguel,recording,switch_hand,8,2.193123,6.598911,5.765813,0.404491,0.976226,0.624110
459725510.000,Miguel,recording,switch_hand,8,2.239544,6.596686,5.645879,0.334916,0.956139,0.486458
459725520.000,Miguel,recording,switch_hand,8,2.168567,6.622442,5.726070,0.255790,0.939549,0.348788
459725530.000,Miguel,recording,switch_hand,8,2.028584,6.608335,5.866274,0.193604,0.926614,0.225311
459725540.000,Miguel,recording,switch_hand,8,1.901104,6.618043,5.932347,0.155733,0.923434,0.128132
459725550.000,Miguel,recording,switch_hand,8,1.781139,6.717768,5.967506,0.133556,0.922858,0.064031
459725560.000,Miguel,recording,switch_hand,8,1.567598,6.815593,5.879742,0.107118,0.901872,0.031348
459725570.000,Miguel,recording,switch_hand,8,1.342774,6.804385,5.781042,0.063684,0.852028,0.027477
459725580.000,Miguel,recording,switch_hand,8,1.230570,6.597173,5.763666,0.005734,0.803840,0.041115
459725590.000,Miguel,recording,switch_hand,8,1.038563,6.413552,6.083275,-0.043527,0.807705,0.056158
459725600.000,Miguel,recording,switch_hand,8,0.893291,6.366362,6.505590,-0.051955,0.846431,0.072089
459725610.000,Miguel,recording,switch_hand,8,0.823153,6.460715,6.783515,-0.014168,0.863651,0.096409
459725620.000,Miguel,recording,switch_hand,8,0.869407,6.554196,6.863737,0.045383,0.856857,0.126866
459725630.000,Miguel,recording,switch_hand,8,1.001296,6.646140,6.785037,0.100530,0.845672,0.154432
459725640.000,Miguel,recording,switch_hand,8,1.224410,6.647113,6.615194,0.135577,0.834814,0.174144
459725650.000,Miguel,recording,switch_hand,8,1.395075,6.652583,6.474215,0.141525,0.814878,0.184346
459725660.000,Miguel,recording,switch_hand,8,1.451489,6.659051,6.408034,0.116546,0.769622,0.180336
459725670.000,Miguel,recording,switch_hand,8,1.376400,6.622325,6.354415,0.063723,0.683873,0.163885
459725680.000,Miguel,recording,switch_hand,8,1.236659,6.629151,6.252229,-0.014329,0.558794,0.145751
459725690.000,Miguel,recording,switch_hand,8,1.123968,6.708304,6.236695,-0.113074,0.415345,0.136984
459725700.000,Miguel,recording,switch_hand,8,1.115988,6.813500,6.322436,-0.217086,0.274205,0.140617
459725710.000,Miguel,recording,switch_hand,8,1.242685,6.914107,6.570030,-0.301064,0.152650,0.151305
459725720.000,Miguel,recording,switch_hand,8,1.437493,7.018192,7.016754,-0.338016,0.071362,0.160753
459725730.000,Miguel,recording,switch_hand,8,1.653377,7.083719,7.494408,-0.310507,0.029352,0.160712
459725740.000,Miguel,recording,switch_hand,8,1.732468,7.168285,7.750579,-0.228805,0.000617,0.146042
459725750.000,Miguel,recording,switch_hand,8,1.658399,7.225513,7.770342,-0.132203,-0.025321,0.116292
459725760.000,Miguel,recording,switch_hand,8,1.582460,7.212971,7.666838,-0.055116,-0.044672,0.074153
459725770.000,Miguel,recording,switch_hand,8,1.558365,7.324653,7.637114,-0.004204,-0.072880,0.028858
459725780.000,Miguel,recording,switch_hand,8,1.571076,7.491759,7.620840,0.024620,-0.129781,-0.004012
459725790.000,Miguel,recording,switch_hand,8,1.654230,7.678823,7.594297,0.029262,-0.221923,-0.011742
459725800.000,Miguel,recording,switch_hand,8,1.817163,7.799225,7.512429,0.005602,-0.348668,0.002161
459725810.000,Miguel,recording,switch_hand,8,1.979184,7.841039,7.410729,-0.047192,-0.504608,0.022981
459725820.000,Miguel,recording,switch_hand,8,2.128094,7.776894,7.379446,-0.118478,-0.660230,0.034725
459725830.000,Miguel,recording,switch_hand,8,2.300288,7.599039,7.474228,-0.185473,-0.792532,0.023080
459725840.000,Miguel,recording,switch_hand,8,2.542803,7.417467,7.615690,-0.225261,-0.893367,-0.023384
459725850.000,Miguel,recording,switch_hand,8,2.836584,7.211358,7.779006,-0.220052,-0.930916,-0.111981
459725860.000,Miguel,recording,switch_hand,8,3.084202,6.992297,7.875374,-0.156346,-0.873014,-0.241281
459725870.000,Miguel,recording,switch_hand,8,3.281241,6.920444,7.868899,-0.039253,-0.722594,-0.396629
459725880.000,Miguel,recording,switch_hand,8,3.423201,7.068965,7.725800,0.108266,-0.511475,-0.554778
459725890.000,Miguel,recording,switch_hand,8,3.382822,7.227037,7.492819,0.258460,-0.279404,-0.698241
459725900.000,Miguel,recording,switch_hand,8,3.112505,7.262687,7.163561,0.382558,-0.069743,-0.812761
459725910.000,Miguel,recording,switch_hand,8,2.745444,7.161241,6.774946,0.459078,0.087812,-0.887929
459725920.000,Miguel,recording,switch_hand,8,2.417568,7.048848,6.380037,0.476933,0.188763,-0.924164
459725930.000,Miguel,recording,switch_hand,8,2.141775,6.978580,6.179176,0.446618,0.249179,-0.925532
459725940.000,Miguel,recording,switch_hand,8,2.101231,6.925320,6.227841,0.404341,0.288741,-0.899365
459725950.000,Miguel,recording,switch_hand,8,2.446556,6.893485,6.298953,0.392609,0.336220,-0.864522
459725960.000,Miguel,recording,switch_hand,8,3.340329,6.458626,6.118748,0.432458,0.463713,-0.843371
459725970.000,Miguel,recording,switch_hand,8,4.820913,5.621412,6.089461,0.555842,0.778586,-0.884285
459725980.000,Miguel,recording,switch_hand,8,5.972806,4.917995,5.929185,0.777450,1.375663,-1.059311
459725990.000,Miguel,recording,switch_hand,8,6.009860,5.167840,4.049754,0.833580,1.977981,-1.426719
459726000.000,Miguel,recording,switch_hand,8,5.252317,7.014058,-0.103697,0.171979,1.854681,-2.048706
459726010.000,Miguel,recording,switch_hand,8,4.226627,5.921330,3.287301,-0.791978,1.389885,-2.681652
459726020.000,Miguel,recording,switch_hand,8,2.154525,5.675664,7.998019,-1.107241,1.470081,-3.051675
459726030.000,Miguel,recording,switch_hand,8,-0.238030,6.833828,8.911820,-0.859913,1.847995,-3.278909
459726040.000,Miguel,recording,switch_hand,8,-5.490618,7.235885,7.013802,-0.629372,1.865464,-3.465659
459726050.000,Miguel,recording,switch_hand,8,-11.844852,7.167397,6.856937,-0.493220,1.320653,-3.418924
459726060.000,Miguel,recording,switch_hand,8,-12.279994,7.462329,5.019384,-0.250183,0.642294,-3.008020
459726070.000,Miguel,recording,switch_hand,8,-11.543314,4.983569,3.480730,-0.094441,0.324601,-2.413536
459726080.000,Miguel,recording,switch_hand,8,-10.270234,4.486339,5.033734,0.045095,0.347491,-1.784291
459726090.000,Miguel,recording,switch_hand,8,-8.217214,3.611173,5.205468,0.252991,0.188076,-1.193910
459726100.000,Miguel,recording,switch_hand,8,-6.525188,4.584399,5.229984,0.375555,-0.280058,-0.711996
459726110.000,Miguel,recording,switch_hand,8,-6.443402,5.165955,5.598548,0.477458,-0.737502,-0.316421
459726120.000,Miguel,recording,switch_hand,8,-6.017275,5.949520,5.492410,0.507043,-1.059175,0.043309
459726130.000,Miguel,recording,switch_hand,8,-5.455441,5.546990,5.869183,0.406111,-1.183906,0.373128
459726140.000,Miguel,recording,switch_hand,8,-4.675903,5.391622,6.932004,0.258727,-1.039576,0.644210
459726150.000,Miguel,recording,switch_hand,8,-3.952334,5.477247,7.620648,0.151676,-0.702127,0.824998
459726160.000,Miguel,recording,switch_hand,8,-3.532567,5.827768,8.313841,0.116673,-0.329957,0.910465
459726170.000,Miguel,recording,switch_hand,8,-3.207494,6.491828,8.468237,0.157255,-0.007145,0.910791
459726180.000,Miguel,recording,switch_hand,8,-2.759327,6.987635,8.102635,0.227806,0.255398,0.839983
459726190.000,Miguel,recording,switch_hand,8,-2.316612,7.353399,7.333702,0.267425,0.457593,0.719662
459726200.000,Miguel,recording,switch_hand,8,-2.145881,7.518306,6.626931,0.248282,0.609733,0.587264
459726210.000,Miguel,recording,switch_hand,8,-2.226599,7.671573,6.269375,0.181256,0.716207,0.479388
459726220.000,Miguel,recording,switch_hand,8,-1.986538,7.427388,6.157574,0.098677,0.719139,0.413062
459726230.000,Miguel,recording,switch_hand,8,-1.723198,7.297120,6.084989,0.033094,0.580236,0.358655
459726240.000,Miguel,recording,switch_hand,8,-1.739147,7.371190,6.231413,0.018786,0.353140,0.287571
459726250.000,Miguel,recording,switch_hand,8,-1.871085,7.322227,6.310922,0.068845,0.077532,0.218627
459726260.000,Miguel,recording,switch_hand,8,-2.001114,7.213855,6.219825,0.156840,-0.231686,0.167536
459726270.000,Miguel,recording,switch_hand,8,-2.156334,7.190896,6.091379,0.251254,-0.532658,0.136763
459726280.000,Miguel,recording,switch_hand,8,-2.291213,7.177786,6.000918,0.326741,-0.767860,0.130309
459726290.000,Miguel,recording,switch_hand,8,-2.342028,7.090471,5.919423,0.365616,-0.904574,0.146079
459726300.000,Miguel,recording,switch_hand,8,-2.295875,7.058682,5.867553,0.362813,-0.941090,0.172029
459726310.000,Miguel,recording,switch_hand,8,-2.164072,7.037630,5.848536,0.324589,-0.896225,0.197117
459726320.000,Miguel,recording,switch_hand,8,-1.950375,7.015731,5.821979,0.257925,-0.798239,0.211796
459726330.000,Miguel,recording,switch_hand,8,-1.799446,7.024592,5.804736,0.171345,-0.667470,0.215864
459726340.000,Miguel,recording,switch_hand,8,-1.750684,7.096999,5.858005,0.079600,-0.526000,0.220232
459726350.000,Miguel,recording,switch_hand,8,-1.729643,7.150454,5.948825,-0.003106,-0.404177,0.233602
459726360.000,Miguel,recording,switch_hand,8,-1.649418,7.211054,6.052710,-0.066803,-0.324251,0.252854
459726370.000,Miguel,recording,switch_hand,8,-1.523237,7.288162,6.184865,-0.104081,-0.293808,0.264789
459726380.000,Miguel,recording,switch_hand,8,-1.420027,7.342309,6.313792,-0.114043,-0.310480,0.262565
459726390.000,Miguel,recording,switch_hand,8,-1.388926,7.433345,6.390055,-0.102492,-0.361672,0.249210
459726400.000,Miguel,recording,switch_hand,8,-1.381993,7.475645,6.440466,-0.077054,-0.430231,0.229031
459726410.000,Miguel,recording,switch_hand,8,-1.371462,7.443011,6.486922,-0.045938,-0.499422,0.205658
459726420.000,Miguel,recording,switch_hand,8,-1.376636,7.308863,6.508207,-0.019622,-0.543401,0.186107
459726430.000,Miguel,recording,switch_hand,8,-1.491558,7.119220,6.549391,-0.008946,-0.534309,0.182173
459726440.000,Miguel,recording,switch_hand,8,-1.648769,6.967815,6.629306,-0.017140,-0.468983,0.204462
459726450.000,Miguel,recording,switch_hand,8,-1.787531,6.847255,6.724785,-0.035463,-0.371629,0.252837
459726460.000,Miguel,recording,switch_hand,8,-1.807502,6.751620,6.854986,-0.048932,-0.270195,0.318136
459726470.000,Miguel,recording,switch_hand,8,-1.732486,6.689172,6.942063,-0.046783,-0.186941,0.388281
459726480.000,Miguel,recording,switch_hand,8,-1.643770,6.729638,6.991270,-0.026046,-0.131499,0.453282
459726490.000,Miguel,recording,switch_hand,8,-1.536514,6.839580,6.980893,0.011421,-0.103750,0.508255
459726500.000,Miguel,recording,switch_hand,8,-1.421122,6.957104,6.905441,0.058269,-0.100250,0.551263
459726510.000,Miguel,recording,switch_hand,8,-1.337022,7.057960,6.748850,0.106676,-0.118563,0.583107
459726520.000,Miguel,recording,switch_hand,8,-1.270487,7.155178,6.595542,0.149505,-0.157202,0.603630
459726530.000,Miguel,recording,switch_hand,8,-1.168788,7.299631,6.465533,0.181881,-0.207115,0.612293
459726540.000,Miguel,recording,switch_hand,8,-0.974985,7.436243,6.429991,0.209787,-0.263799,0.614829
459726550.000,Miguel,recording,switch_hand,8,-0.688470,7.644624,6.358328,0.230858,-0.322342,0.605051
459726560.000,Miguel,recording,switch_hand,8,-0.365086,7.672603,6.313437,0.240285,-0.365408,0.569087
459726570.000,Miguel,recording,switch_hand,8,-0.102716,7.776145,6.238733,0.236866,-0.381235,0.504445
459726580.000,Miguel,recording,switch_hand,8,0.036651,7.807111,6.177034,0.218163,-0.367425,0.420478
459726590.000,Miguel,recording,switch_hand,8,0.142806,7.736781,6.082774,0.184091,-0.331523,0.328659
459726600.000,Miguel,recording,switch_hand,8,0.235868,7.643544,5.992547,0.132836,-0.288527,0.231146
459726610.000,Miguel,recording,switch_hand,8,0.267269,7.626118,5.922553,0.070529,-0.244477,0.131944
459726620.000,Miguel,recording,switch_hand,8,0.229215,7.614125,5.908944,0.009036,-0.204370,0.040021
459726630.000,Miguel,recording,switch_hand,8,0.228975,7.748040,5.907554,-0.044341,-0.181940,-0.040887
459726640.000,Miguel,recording,switch_hand,8,0.109251,7.852779,5.833092,-0.087010,-0.179865,-0.110488
459726650.000,Miguel,recording,switch_hand,8,-0.488931,8.104382,5.725609,-0.115113,-0.210224,-0.171439
459726660.000,Miguel,recording,switch_hand,8,-1.800965,8.387149,5.685179,-0.112356,-0.313268,-0.220511
459726670.000,Miguel,recording,switch_hand,8,-3.200987,8.678175,5.757975,-0.049839,-0.603323,-0.217283
459726680.000,Miguel,recording,switch_hand,8,-3.806443,9.283040,5.353053,0.061623,-1.217918,-0.166842
459726690.000,Miguel,recording,switch_hand,8,-4.511693,9.614885,5.047701,0.202386,-2.058799,-0.121077
459726700.000,Miguel,recording,switch_hand,8,-5.170810,7.822850,5.085552,0.411248,-2.925657,-0.042151
459726710.000,Miguel,recording,switch_hand,8,-3.445621,4.805278,4.601065,0.596023,-3.789900,0.114185
459726720.000,Miguel,recording,switch_hand,8,-1.924333,3.034864,2.100200,0.266528,-4.203157,0.440169
459726730.000,Miguel,recording,switch_hand,8,-0.996829,3.541564,-3.884392,-1.089652,-3.520283,1.204716
459726740.000,Miguel,recording,switch_hand,8,4.520943,3.998112,3.117921,-2.615236,-2.442404,2.301626
459726750.000,Miguel,recording,switch_hand,8,5.679499,3.460164,4.942775,-3.292233,-2.028589,3.042364
459726760.000,Miguel,recording,switch_hand,8,7.226125,3.338052,9.062001,-3.193249,-1.872744,3.079429
459726770.000,Miguel,recording,switch_hand,8,7.957967,5.728716,10.195023,-2.487478,-1.311961,2.640310
459726780.000,Miguel,recording,switch_hand,8,8.799599,7.064540,10.553149,-1.451295,-0.536986,1.999222
459726790.000,Miguel,recording,switch_hand,8,7.150161,7.389824,8.423573,-0.600384,0.011976,1.365331
459726800.000,Miguel,recording,switch_hand,8,5.908789,7.549565,5.337225,-0.486775,0.169967,0.883352
459726810.000,Miguel,recording,switch_hand,8,4.314707,6.949978,6.968724,-0.766687,0.165768,0.540072
459726820.000,Miguel,recording,switch_hand,8,3.204621,6.506920,10.464807,-0.647202,0.329321,0.239970
459726830.000,Miguel,recording,switch_hand,8,2.852989,5.772299,11.154310,-0.139008,0.763194,-0.030785
459726840.000,Miguel,recording,switch_hand,8,2.244943,6.217116,10.345563,0.406928,1.315101,-0.214502
459726850.000,Miguel,recording,switch_hand,8,2.160987,7.480261,9.892748,0.845023,1.761967,-0.288925
459726860.000,Miguel,recording,switch_hand,8,1.920794,8.408590,8.927736,1.133239,1.987495,-0.276451
459726870.000,Miguel,recording,switch_hand,8,1.467292,8.653140,7.844637,1.243807,1.998935,-0.188345
459726880.000,Miguel,recording,switch_hand,8,0.949022,8.407029,6.780619,1.171905,1.865535,-0.047742
459726890.000,Miguel,recording,switch_hand,8,0.566604,8.132996,6.083728,0.945161,1.628765,0.103395
459726900.000,Miguel,recording,switch_hand,8,0.275214,7.904970,6.022290,0.629580,1.308806,0.231391
459726910.000,Miguel,recording,switch_hand,8,-0.028790,7.536403,6.285844,0.312831,0.931346,0.324478
459726920.000,Miguel,recording,switch_hand,8,-0.197591,7.087688,6.625860,0.056675,0.535748,0.397140
459726930.000,Miguel,recording,switch_hand,8,-0.107227,6.856868,6.852998,-0.120544,0.172172,0.473789
459726940.000,Miguel,recording,switch_hand,8,0.292433,6.816806,6.988195,-0.219981,-0.091205,0.551879
459726950.000,Miguel,recording,switch_hand,8,0.877655,6.854136,7.110755,-0.248016,-0.191057,0.611898
459726960.000,Miguel,recording,switch_hand,8,1.496624,6.860666,7.443403,-0.204305,-0.112515,0.645569
459726970.000,Miguel,recording,switch_hand,8,2.000042,6.810303,7.747162,-0.085454,0.102728,0.657146
459726980.000,Miguel,recording,switch_hand,8,2.233509,6.682438,7.837266,0.083644,0.374105,0.658031
459726990.000,Miguel,recording,switch_hand,8,2.275915,6.475375,7.651388,0.256958,0.632253,0.649001
459727000.000,Miguel,recording,switch_hand,8,2.267355,6.210071,7.271879,0.391498,0.842473,0.623611
459727010.000,Miguel,recording,switch_hand,8,2.265769,5.990755,6.847926,0.462276,0.990045,0.585898
459727020.000,Miguel,recording,switch_hand,8,2.300732,5.808129,6.530864,0.468891,1.073076,0.541069
459727030.000,Miguel,recording,switch_hand,8,2.418425,5.698688,6.408487,0.426087,1.102925,0.486867
459727040.000,Miguel,recording,switch_hand,8,2.606015,5.636128,6.518062,0.359198,1.090230,0.421435
459727050.000,Miguel,recording,switch_hand,8,2.768661,5.646549,6.698762,0.294590,1.037376,0.349348
459727060.000,Miguel,recording,switch_hand,8,2.860604,5.677828,6.909107,0.246495,0.952431,0.274832
459727070.000,Miguel,recording,switch_hand,8,2.809010,5.714767,7.035025,0.213889,0.847125,0.201706
459727080.000,Miguel,recording,switch_hand,8,2.629989,5.776744,7.102734,0.188794,0.724020,0.136159
459727090.000,Miguel,recording,switch_hand,8,2.473587,5.886117,7.146270,0.167748,0.582475,0.085844
459727100.000,Miguel,recording,switch_hand,8,2.436958,6.034346,7.149611,0.149911,0.433907,0.053992
459727110.000,Miguel,recording,switch_hand,8,2.454090,6.210477,7.203696,0.138096,0.309984,0.032006
459727120.000,Miguel,recording,switch_hand,8,2.508421,6.347566,7.286833,0.142335,0.235680,0.011294
459727130.000,Miguel,recording,switch_hand,8,2.531115,6.413049,7.299222,0.166316,0.208130,-0.010817
459727140.000,Miguel,recording,switch_hand,8,2.563498,6.403367,7.194156,0.200661,0.214297,-0.034370
459727150.000,Miguel,recording,switch_hand,8,2.629577,6.428845,7.063928,0.230529,0.236365,-0.060900
459727160.000,Miguel,recording,switch_hand,8,2.712666,6.529839,6.877422,0.243253,0.251356,-0.092540
459727170.000,Miguel,recording,switch_hand,8,2.749190,6.644508,6.727513,0.232973,0.244875,-0.125501
459727180.000,Miguel,recording,switch_hand,8,2.709046,6.717699,6.599737,0.198382,0.215910,-0.155142
459727190.000,Miguel,recording,switch_hand,8,2.617163,6.763331,6.555897,0.144905,0.174986,-0.181772
459727200.000,Miguel,recording,switch_hand,8,2.605031,6.742896,6.682568,0.085872,0.140291,-0.211143
459727210.000,Miguel,recording,switch_hand,8,2.623828,6.735795,6.901938,0.035679,0.114321,-0.246087
459727220.000,Miguel,recording,switch_hand,8,2.596548,6.706936,7.114225,0.002898,0.088166,-0.285929
459727230.000,Miguel,recording,switch_hand,8,2.476367,6.638413,7.312528,-0.011482,0.061087,-0.327511
459727240.000,Miguel,recording,switch_hand,8,2.321383,6.478587,7.464830,-0.010747,0.031096,-0.367487
459727250.000,Miguel,recording,switch_hand,8,2.182929,6.428912,7.584996,0.000741,-0.004686,-0.406407
459727260.000,Miguel,recording,switch_hand,8,2.083546,6.482394,7.728051,0.019395,-0.044424,-0.442159
459727270.000,Miguel,recording,switch_hand,8,1.972520,6.558969,7.819206,0.045087,-0.088784,-0.472160
459727280.000,Miguel,recording,switch_hand,8,1.889831,6.538302,7.769796,0.075708,-0.135358,-0.498717
459727290.000,Miguel,recording,switch_hand,8,1.844072,6.562871,7.605415,0.099878,-0.175175,-0.526673
459727300.000,Miguel,recording,switch_hand,8,1.823291,6.633470,7.464309,0.108145,-0.211007,-0.559549
459727310.000,Miguel,recording,switch_hand,8,1.778507,6.666749,7.459742,0.100788,-0.265429,-0.600112
459727320.000,Miguel,recording,switch_hand,8,1.636689,6.592118,7.635341,0.085926,-0.362866,-0.649137
459727330.000,Miguel,recording,switch_hand,8,1.328994,6.531258,7.904324,0.079525,-0.489604,-0.693084
459727340.000,Miguel,recording,switch_hand,8,0.858281,6.632401,8.152969,0.097406,-0.599983,-0.700037
459727350.000,Miguel,recording,switch_hand,8,0.551971,6.823033,8.311544,0.146454,-0.670892,-0.642586
459727360.000,Miguel,recording,switch_hand,8,0.673166,6.791878,8.456369,0.234166,-0.704917,-0.529297
459727370.000,Miguel,recording,switch_hand,8,1.200763,6.943692,8.647546,0.365760,-0.685887,-0.440787
459727380.000,Miguel,recording,switch_hand,8,1.681976,7.188702,8.136697,0.490934,-0.618322,-0.421833
459727390.000,Miguel,recording,switch_hand,8,1.909318,7.299503,7.399970,0.556439,-0.557930,-0.437744
459727400.000,Miguel,recording,switch_hand,8,1.930486,7.111959,6.829491,0.565189,-0.517392,-0.480807
459727410.000,Miguel,recording,switch_hand,8,1.766277,6.863675,6.430882,0.540730,-0.466628,-0.546766
459727420.000,Miguel,recording,switch_hand,8,1.556853,6.671838,6.146618,0.511058,-0.420130,-0.608561
459727430.000,Miguel,recording,switch_hand,8,1.576210,6.437618,5.900995,0.506855,-0.378460,-0.663861
459727440.000,Miguel,recording,switch_hand,8,2.401280,6.319617,5.678247,0.572950,-0.253414,-0.761722
459727450.000,Miguel,recording,switch_hand,8,3.665545,6.538099,4.921735,0.711059,0.052395,-0.943699
459727460.000,Miguel,recording,switch_hand,8,4.808102,6.710607,3.998751,0.869537,0.575143,-1.201560
459727470.000,Miguel,recording,switch_hand,8,5.117673,6.855091,3.277269,1.009630,1.288774,-1.504370
459727480.000,Miguel,recording,switch_hand,8,4.810422,6.622617,2.942357,1.125166,2.113354,-1.809845
459727490.000,Miguel,recording,switch_hand,8,5.443460,5.567722,2.418599,1.097684,2.737715,-2.176490
459727500.000,Miguel,recording,switch_hand,8,3.921202,7.122076,-0.943493,0.355366,2.312539,-2.825144
459727510.000,Miguel,recording,switch_hand,8,-1.759507,7.728312,1.743987,-0.829561,1.286469,-3.440258
459727520.000,Miguel,recording,switch_hand,8,-6.700087,6.202440,5.464433,-1.544655,0.958791,-3.484448
459727530.000,Miguel,recording,switch_hand,8,-10.711567,6.932550,5.231991,-1.815409,1.188316,-3.068944
459727540.000,Miguel,recording,switch_hand,8,-10.579661,6.744948,4.115941,-1.915172,1.345666,-2.492239
459727550.000,Miguel,recording,switch_hand,8,-8.317718,5.791028,3.761547,-1.914824,1.164898,-1.930107
459727560.000,Miguel,recording,switch_hand,8,-6.837280,5.257932,3.682179,-1.855066,0.589581,-1.472450
459727570.000,Miguel,recording,switch_hand,8,-6.252735,4.777542,3.438368,-1.843102,-0.257060,-1.122669
459727580.000,Miguel,recording,switch_hand,8,-6.475875,4.857247,3.272234,-1.973988,-0.891811,-0.840611
459727590.000,Miguel,recording,switch_hand,8,-6.207946,5.712583,6.244704,-1.964612,-1.281881,-0.523173
459727600.000,Miguel,recording,switch_hand,8,-5.411718,5.507463,7.307884,-1.704254,-1.753141,-0.167199
459727610.000,Miguel,recording,switch_hand,8,-3.917060,4.269639,8.818305,-1.416223,-2.172020,0.153441
459727620.000,Miguel,recording,switch_hand,8,-1.863445,3.691508,9.085451,-1.111239,-2.416925,0.429584
459727630.000,Miguel,recording,switch_hand,8,-0.712273,3.876909,9.889414,-0.788528,-2.515949,0.622664
459727640.000,Miguel,recording,switch_hand,8,-0.091806,4.228471,10.387811,-0.473692,-2.446260,0.707839
459727650.000,Miguel,recording,switch_hand,8,0.341499,4.989631,10.702504,-0.169799,-2.178711,0.681753
459727660.000,Miguel,recording,switch_hand,8,0.554071,5.978683,10.751284,0.102052,-1.748324,0.537575
459727670.000,Miguel,recording,switch_hand,8,0.564258,6.859375,10.521304,0.299927,-1.256666,0.303151
459727680.000,Miguel,recording,switch_hand,8,0.297799,7.617323,9.893152,0.383176,-0.785723,0.026621
459727690.000,Miguel,recording,switch_hand,8,-0.189111,7.908282,9.348251,0.352742,-0.352423,-0.244413
459727700.000,Miguel,recording,switch_hand,8,-0.758338,7.820814,8.621260,0.235840,0.052626,-0.458779
459727710.000,Miguel,recording,switch_hand,8,-1.136680,7.423554,8.028364,0.055404,0.375100,-0.588816
459727720.000,Miguel,recording,switch_hand,8,-1.519051,6.848143,7.917837,-0.147170,0.542211,-0.636360
459727730.000,Miguel,recording,switch_hand,8,-1.829635,6.308489,8.216550,-0.308837,0.555154,-0.612483
459727740.000,Miguel,recording,switch_hand,8,-2.081421,5.938086,8.703072,-0.373925,0.447416,-0.536011
459727750.000,Miguel,recording,switch_hand,8,-2.196004,5.653088,9.288379,-0.318696,0.257410,-0.428071
459727760.000,Miguel,recording,switch_hand,8,-2.135569,5.367631,9.684372,-0.155339,0.030589,-0.304655
459727770.000,Miguel,recording,switch_hand,8,-2.003418,5.126923,9.817493,0.081915,-0.185729,-0.178084
459727780.000,Miguel,recording,switch_hand,8,-1.894883,5.033682,9.660625,0.354286,-0.354755,-0.050948
459727790.000,Miguel,recording,switch_hand,8,-1.836464,5.106588,9.266945,0.608155,-0.460510,0.072463
459727800.000,Miguel,recording,switch_hand,8,-1.777708,5.263820,8.717307,0.801664,-0.510895,0.184228
459727810.000,Miguel,recording,switch_hand,8,-1.682526,5.430910,8.125716,0.924858,-0.526473,0.281626
459727820.000,Miguel,recording,switch_hand,8,-1.505255,5.627507,7.591576,0.976564,-0.520899,0.359348
459727830.000,Miguel,recording,switch_hand,8,-1.313794,5.863152,7.183194,0.963991,-0.496836,0.412882
459727840.000,Miguel,recording,switch_hand,8,-1.133146,6.074035,6.887467,0.900566,-0.456687,0.442026
459727850.000,Miguel,recording,switch_hand,8,-0.977786,6.234454,6.727248,0.804624,-0.402970,0.450547
459727860.000,Miguel,recording,switch_hand,8,-0.831681,6.345509,6.674495,0.693245,-0.338240,0.444649
459727870.000,Miguel,recording,switch_hand,8,-0.685707,6.340100,6.708314,0.583251,-0.266658,0.428353
459727880.000,Miguel,recording,switch_hand,8,-0.581785,6.351955,6.848983,0.493177,-0.194928,0.405052
459727890.000,Miguel,recording,switch_hand,8,-0.555033,6.380437,6.974397,0.428366,-0.132657,0.379036
459727900.000,Miguel,recording,switch_hand,8,-0.478964,6.353187,7.010334,0.384988,-0.086806,0.350674
459727910.000,Miguel,recording,switch_hand,8,-0.430456,6.383870,7.063289,0.356849,-0.058579,0.317804
459727920.000,Miguel,recording,switch_hand,8,-0.437438,6.421528,7.088838,0.338481,-0.041463,0.282833
459727930.000,Miguel,recording,switch_hand,8,-0.507810,6.432535,7.143055,0.329267,-0.028733,0.250664
459727940.000,Miguel,recording,switch_hand,8,-0.584230,6.433658,7.172145,0.327866,-0.014610,0.227106
459727950.000,Miguel,recording,switch_hand,8,-0.739163,6.407860,7.187128,0.331717,0.007304,0.216090
459727960.000,Miguel,recording,switch_hand,8,-0.960562,6.409735,7.165105,0.337363,0.036606,0.221950
459727970.000,Miguel,recording,switch_hand,8,-1.141907,6.458488,7.096311,0.341331,0.065476,0.246984
459727980.000,Miguel,recording,switch_hand,8,-1.241920,6.535731,7.009888,0.339663,0.085510,0.285049
459727990.000,Miguel,recording,switch_hand,8,-1.212829,6.578524,6.936058,0.330028,0.088211,0.325938
459728000.000,Miguel,recording,switch_hand,8,-1.107537,6.551270,6.918017,0.313868,0.071090,0.360445
459728010.000,Miguel,recording,switch_hand,8,-0.957478,6.553950,6.964717,0.296256,0.042881,0.386472
459728020.000,Miguel,recording,switch_hand,8,-0.816848,6.554298,7.100927,0.283646,0.016320,0.403844
459728030.000,Miguel,recording,switch_hand,8,-0.727559,6.578165,7.211852,0.279882,0.003158,0.414235
459728040.000,Miguel,recording,switch_hand,8,-0.742449,6.606581,7.331811,0.287062,0.008318,0.422979
459728050.000,Miguel,recording,switch_hand,8,-0.776413,6.675923,7.338760,0.304102,0.032307,0.432900
459728060.000,Miguel,recording,switch_hand,8,-0.771559,6.740254,7.272681,0.324657,0.076244,0.443048
459728070.000,Miguel,recording,switch_hand,8,-0.755016,6.803391,7.151650,0.337430,0.135841,0.449614
459728080.000,Miguel,recording,switch_hand,8,-0.711245,6.859465,7.016963,0.335871,0.200775,0.447015
459728090.000,Miguel,recording,switch_hand,8,-0.687436,6.914083,6.857409,0.322760,0.259375,0.432478
459728100.000,Miguel,recording,switch_hand,8,-0.683707,6.975189,6.734188,0.302121,0.301523,0.406701
459728110.000,Miguel,recording,switch_hand,8,-1.038166,7.062994,6.738426,0.287557,0.319205,0.381940
459728120.000,Miguel,recording,switch_hand,8,-1.979323,7.274138,6.825978,0.309886,0.270437,0.377793
459728130.000,Miguel,recording,switch_hand,8,-3.524263,7.408998,6.666091,0.396345,0.068399,0.393143
459728140.000,Miguel,recording,switch_hand,8,-6.117616,6.930645,6.227046,0.537066,-0.361762,0.441326
459728150.000,Miguel,recording,switch_hand,8,-7.791282,7.450026,5.022679,0.675741,-1.111828,0.553055
459728160.000,Miguel,recording,switch_hand,8,-9.340075,8.746290,3.470429,0.753425,-2.243162,0.670631
459728170.000,Miguel,recording,switch_hand,8,-12.184521,8.017273,3.082463,0.808541,-3.384228,0.820544
459728180.000,Miguel,recording,switch_hand,8,-11.388091,5.425701,0.082337,0.468368,-3.502651,1.335411
459728190.000,Miguel,recording,switch_hand,8,-6.491958,2.290058,-8.351419,-1.234842,-1.421200,2.884678
459728200.000,Miguel,recording,switch_hand,8,8.507616,-2.617906,2.840555,-3.042631,0.593128,4.587589
459728210.000,Miguel,recording,switch_hand,8,16.220016,2.078930,6.831527,-3.345794,0.703637,4.725419
459728220.000,Miguel,recording,switch_hand,8,20.509201,8.131628,14.088635,-2.593426,0.252248,3.628450
459728230.000,Miguel,recording,switch_hand,8,14.142535,7.439826,13.282888,-1.414478,-0.319030,2.521949
459728240.000,Miguel,recording,switch_hand,8,8.207892,4.658930,10.423503,-0.490381,-0.820729,1.890381
459728250.000,Miguel,recording,switch_hand,9,4.906415,2.985792,6.020213,-0.161096,-1.090588,1.531453
459728260.000,Miguel,recording,switch_hand,9,5.315690,0.981413,3.841391,-0.326962,-1.094452,1.100388
459728270.000,Miguel,recording,switch_hand,9,6.330123,1.574629,4.472292,-0.709033,-0.864001,0.487041
459728280.000,Miguel,recording,switch_hand,9,6.746756,3.909119,7.149156,-0.982215,-0.488417,-0.163419
459728290.000,Miguel,recording,switch_hand,9,6.626648,6.628824,10.833204,-0.886668,-0.073860,-0.666150
459728300.000,Miguel,recording,switch_hand,9,5.579745,8.007669,12.702222,-0.390893,0.303628,-0.943913
459728310.000,Miguel,recording,switch_hand,9,4.050402,7.969737,12.153703,0.284214,0.649350,-1.035263
459728320.000,Miguel,recording,switch_hand,9,2.600111,7.386277,10.102891,0.853357,0.949022,-1.024699
459728330.000,Miguel,recording,switch_hand,9,1.603562,7.487698,8.172750,1.158603,1.151376,-0.959312
459728340.000,Miguel,recording,switch_hand,9,0.954376,8.081216,6.971512,1.203839,1.230086,-0.845550
459728350.000,Miguel,recording,switch_hand,9,0.484051,8.621975,6.451266,1.080478,1.206499,-0.673642
459728360.000,Miguel,recording,switch_hand,9,0.095061,8.790192,6.353153,0.882195,1.111557,-0.438737
459728370.000,Miguel,recording,switch_hand,9,-0.004765,8.650371,6.361175,0.668519,0.953958,-0.172932
459728380.000,Miguel,recording,switch_hand,9,0.213460,8.430216,6.313736,0.467947,0.752802,0.081216
459728390.000,Miguel,recording,switch_hand,9,0.613784,8.258351,6.187247,0.286291,0.548826,0.298471
459728400.000,Miguel,recording,switch_hand,9,1.041044,8.090715,6.033232,0.123678,0.383544,0.470138
459728410.000,Miguel,recording,switch_hand,9,1.455848,7.822747,5.995273,-0.014304,0.299706,0.592048
459728420.000,Miguel,recording,switch_hand,9,1.874794,7.462166,6.161005,-0.109615,0.338953,0.658684
459728430.000,Miguel,recording,switch_hand,9,2.273265,7.079425,6.547164,-0.138535,0.511733,0.671575
459728440.000,Miguel,recording,switch_hand,9,2.562926,6.832800,6.988775,-0.093149,0.793631,0.643886
459728450.000,Miguel,recording,switch_hand,9,2.715100,6.695015,7.408704,0.015370,1.138219,0.593426
459728460.000,Miguel,recording,switch_hand,9,2.690819,6.569451,7.718929,0.159159,1.478527,0.535259
459728470.000,Miguel,recording,switch_hand,9,2.456647,6.388495,7.836101,0.299986,1.741604,0.485234
459728480.000,Miguel,recording,switch_hand,9,2.151384,6.132674,7.743745,0.399626,1.873774,0.453544
459728490.000,Miguel,recording,switch_hand,9,1.980798,5.856436,7.593025,0.431313,1.853579,0.433699
459728500.000,Miguel,recording,switch_hand,9,1.990746,5.572304,7.456197,0.393884,1.695928,0.408346
459728510.000,Miguel,recording,switch_hand,9,2.056631,5.324084,7.407450,0.310127,1.447027,0.364095
459728520.000,Miguel,recording,switch_hand,9,2.109698,5.113672,7.522162,0.208809,1.154579,0.298864
459728530.000,Miguel,recording,switch_hand,9,2.201212,5.048687,7.776549,0.118959,0.853781,0.219514
459728540.000,Miguel,recording,switch_hand,9,2.320013,5.145221,8.075901,0.067002,0.578429,0.132621
459728550.000,Miguel,recording,switch_hand,9,2.386322,5.299899,8.352377,0.070437,0.361341,0.043381
459728560.000,Miguel,recording,switch_hand,9,2.386869,5.504858,8.518985,0.130372,0.221601,-0.042077
459728570.000,Miguel,recording,switch_hand,9,2.396721,5.768436,8.464884,0.231892,0.158654,-0.116944
459728580.000,Miguel,recording,switch_hand,9,2.399188,6.036204,8.235865,0.350978,0.159656,-0.172226
459728590.000,Miguel,recording,switch_hand,9,2.379021,6.255113,7.847349,0.460184,0.207605,-0.209280
459728600.000,Miguel,recording,switch_hand,9,2.324377,6.274337,7.373682,0.538547,0.282551,-0.240516
459728610.000,Miguel,recording,switch_hand,9,2.213554,6.214472,6.933254,0.569458,0.365189,-0.267825
459728620.000,Miguel,recording,switch_hand,9,2.140286,6.207261,6.657427,0.538301,0.430792,-0.286788
459728630.000,Miguel,recording,switch_hand,9,2.171134,6.250030,6.663377,0.458806,0.445490,-0.312695
459728640.000,Miguel,recording,switch_hand,9,2.128065,6.355015,6.839044,0.365727,0.390477,-0.356026
459728650.000,Miguel,recording,switch_hand,9,1.955218,6.450918,7.083016,0.283247,0.288189,-0.400424
459728660.000,Miguel,recording,switch_hand,9,1.793787,6.592372,7.319883,0.225373,0.176095,-0.429009
459728670.000,Miguel,recording,switch_hand,9,1.623329,6.726029,7.416307,0.194705,0.073564,-0.434717
459728680.000,Miguel,recording,switch_hand,9,1.469151,6.773619,7.380498,0.180453,-0.010990,-0.418805
459728690.000,Miguel,recording,switch_hand,9,1.388065,6.810854,7.247779,0.166178,-0.070701,-0.389556
459728700.000,Miguel,recording,switch_hand,9,1.392491,6.831466,7.137203,0.145925,-0.098320,-0.362044
459728710.000,Miguel,recording,switch_hand,9,1.437356,6.785285,7.119984,0.130506,-0.093689,-0.351570
459728720.000,Miguel,recording,switch_hand,9,1.463921,6.718560,7.187649,0.131802,-0.062354,-0.361059
459728730.000,Miguel,recording,switch_hand,9,1.498472,6.700348,7.239754,0.155212,-0.013066,-0.384839
459728740.000,Miguel,recording,switch_hand,9,1.513271,6.681154,7.208473,0.199181,0.039169,-0.420642
459728750.000,Miguel,recording,switch_hand,9,1.462696,6.685597,7.047818,0.247466,0.079776,-0.465559
459728760.000,Miguel,recording,switch_hand,9,1.344959,6.692707,6.764576,0.279987,0.102085,-0.512516
459728770.000,Miguel,recording,switch_hand,9,1.239691,6.731852,6.506464,0.285472,0.109768,-0.556390
459728780.000,Miguel,recording,switch_hand,9,1.165579,6.757049,6.329612,0.264532,0.108969,-0.594205
459728790.000,Miguel,recording,switch_hand,9,1.091261,6.707837,6.226651,0.224058,0.101797,-0.623836
459728800.000,Miguel,recording,switch_hand,9,1.031210,6.622693,6.139865,0.170332,0.086375,-0.650156
459728810.000,Miguel,recording,switch_hand,9,1.052207,6.586478,6.092835,0.108381,0.056851,-0.683673
459728820.000,Miguel,recording,switch_hand,9,1.065304,6.638649,6.103688,0.043759,0.005535,-0.734201
459728830.000,Miguel,recording,switch_hand,9,0.943530,6.708329,6.157323,-0.017573,-0.073380,-0.802061
459728840.000,Miguel,recording,switch_hand,9,0.711617,6.706158,6.188680,-0.070481,-0.171949,-0.879374
459728850.000,Miguel,recording,switch_hand,9,0.406351,6.649439,6.193063,-0.111770,-0.267313,-0.958523
459728860.000,Miguel,recording,switch_hand,9,0.072140,6.715204,6.281840,-0.138069,-0.335590,-1.029996
459728870.000,Miguel,recording,switch_hand,9,-0.286259,6.897312,6.464513,-0.144264,-0.370714,-1.082446
459728880.000,Miguel,recording,switch_hand,9,-0.740366,7.016296,6.640588,-0.127989,-0.378325,-1.107275
459728890.000,Miguel,recording,switch_hand,9,-1.198355,7.040771,6.779855,-0.091231,-0.357387,-1.099152
459728900.000,Miguel,recording,switch_hand,9,-1.545368,7.078966,6.857870,-0.045792,-0.303093,-1.061549
459728910.000,Miguel,recording,switch_hand,9,-1.823563,7.167822,6.885692,-0.006105,-0.223588,-0.999815
459728920.000,Miguel,recording,switch_hand,9,-1.975334,7.283539,6.906658,0.022600,-0.142630,-0.915121
459728930.000,Miguel,recording,switch_hand,9,-2.059120,7.330077,6.910710,0.037287,-0.075312,-0.813685
459728940.000,Miguel,recording,switch_hand,9,-2.120973,7.320044,6.947014,0.035025,-0.021608,-0.701129
459728950.000,Miguel,recording,switch_hand,9,-2.176999,7.301085,7.004127,0.016543,0.013156,-0.578951
459728960.000,Miguel,recording,switch_hand,9,-2.173098,7.176328,7.112548,-0.009309,0.019200,-0.458738
459728970.000,Miguel,recording,switch_hand,9,-2.099348,6.956448,7.190070,-0.030065,-0.004530,-0.365976
459728980.000,Miguel,recording,switch_hand,9,-2.029977,6.777279,7.235795,-0.042547,-0.045424,-0.320491
459728990.000,Miguel,recording,switch_hand,9,-2.040174,6.718415,7.316495,-0.044951,-0.089970,-0.313603
459729000.000,Miguel,recording,switch_hand,9,-2.116229,6.767342,7.420229,-0.031080,-0.131569,-0.320504
459729010.000,Miguel,recording,switch_hand,9,-2.154480,6.848447,7.497671,0.005340,-0.158128,-0.322744
459729020.000,Miguel,recording,switch_hand,9,-2.219466,6.866209,7.485568,0.065119,-0.154137,-0.306412
459729030.000,Miguel,recording,switch_hand,9,-2.198275,6.888773,7.358086,0.134900,-0.111548,-0.260826
459729040.000,Miguel,recording,switch_hand,9,-2.045624,6.938021,7.145356,0.198488,-0.038107,-0.185558
459729050.000,Miguel,recording,switch_hand,9,-1.684411,7.006395,6.904892,0.241621,0.042584,-0.092329
459729060.000,Miguel,recording,switch_hand,9,-1.237161,7.014819,6.646130,0.253465,0.105252,0.001028
459729070.000,Miguel,recording,switch_hand,9,-0.809219,6.826275,6.440935,0.232012,0.130436,0.074362
459729080.000,Miguel,recording,switch_hand,9,-0.450093,6.509575,6.188017,0.179403,0.106935,0.111910
459729090.000,Miguel,recording,switch_hand,9,-0.090027,6.244260,5.995813,0.098780,0.040994,0.110297
459729100.000,Miguel,recording,switch_hand,9,0.301616,6.172007,5.849585,-0.004853,-0.046192,0.073404
459729110.000,Miguel,recording,switch_hand,9,0.743741,6.231157,5.774107,-0.119935,-0.131600,0.007919
459729120.000,Miguel,recording,switch_hand,9,1.261642,6.334561,5.736155,-0.231524,-0.185324,-0.078494
459729130.000,Miguel,recording,switch_hand,9,2.050906,6.403552,5.694589,-0.326306,-0.180639,-0.187753
459729140.000,Miguel,recording,switch_hand,9,3.314607,6.474950,5.499632,-0.391525,-0.099134,-0.330873
459729150.000,Miguel,recording,switch_hand,9,4.998625,6.517249,5.268593,-0.418866,0.110942,-0.536671
459729160.000,Miguel,recording,switch_hand,9,6.127602,6.141082,5.255679,-0.396814,0.522276,-0.846161
459729170.000,Miguel,recording,switch_hand,9,5.919477,5.456069,5.140545,-0.292540,1.150549,-1.266321
459729180.000,Miguel,recording,switch_hand,9,5.056470,4.588778,4.846889,-0.164220,1.847868,-1.726704
459729190.000,Miguel,recording,switch_hand,9,4.774995,3.571882,3.556712,-0.346693,2.190422,-2.299152
459729200.000,Miguel,recording,switch_hand,9,3.946232,3.294017,2.111920,-1.082544,2.037077,-3.108804
459729210.000,Miguel,recording,switch_hand,9,0.635377,3.731640,5.043029,-1.941373,2.085030,-3.877372
459729220.000,Miguel,recording,switch_hand,9,-7.947334,7.493729,6.637642,-2.434969,2.526337,-4.222310
459729230.000,Miguel,recording,switch_hand,9,-19.251079,9.318130,10.102608,-2.348907,2.812932,-3.758873
459729240.000,Miguel,recording,switch_hand,9,-14.700632,5.824671,10.545809,-1.765403,2.707998,-2.635802
459729250.000,Miguel,recording,switch_hand,9,-11.275557,3.675295,9.256842,-1.219587,2.179242,-1.611790
459729260.000,Miguel,recording,switch_hand,9,-7.517945,2.405927,6.711389,-1.064335,1.394106,-1.007382
459729270.000,Miguel,recording,switch_hand,9,-6.280966,2.240467,5.228771,-1.015240,0.797011,-0.763536
459729280.000,Miguel,recording,switch_hand,9,-6.219933,2.942706,5.296020,-0.865158,0.318216,-0.738237
459729290.000,Miguel,recording,switch_hand,9,-6.372118,3.132681,4.584547,-0.837471,-0.197411,-0.690423
459729300.000,Miguel,recording,switch_hand,9,-7.162127,5.589053,6.114197,-0.797178,-0.629602,-0.432396
459729310.000,Miguel,recording,switch_hand,9,-8.125761,6.241089,7.563071,-0.578615,-1.077112,-0.010370
459729320.000,Miguel,recording,switch_hand,9,-7.455069,6.822564,8.816065,-0.240369,-1.542901,0.425531
459729330.000,Miguel,recording,switch_hand,9,-6.270182,6.595957,9.671178,0.192379,-2.051987,0.756797
459729340.000,Miguel,recording,switch_hand,9,-4.957756,6.336405,9.956514,0.636477,-2.587826,0.911773
459729350.000,Miguel,recording,switch_hand,9,-3.879635,6.021906,9.822308,1.000234,-2.951648,0.911400
459729360.000,Miguel,recording,switch_hand,9,-2.954690,6.042911,8.854137,1.211710,-3.047483,0.839467
459729370.000,Miguel,recording,switch_hand,9,-2.510506,6.095746,8.641695,1.248647,-2.963449,0.761473
459729380.000,Miguel,recording,switch_hand,9,-1.850880,5.981787,8.081066,1.141840,-2.722067,0.688822
459729390.000,Miguel,recording,switch_hand,9,-1.402497,5.852427,8.185805,0.951099,-2.352431,0.607201
459729400.000,Miguel,recording,switch_hand,9,-1.019587,5.656880,8.169728,0.730472,-1.931064,0.505988
459729410.000,Miguel,recording,switch_hand,9,-0.926935,5.514847,8.308422,0.511996,-1.507548,0.389884
459729420.000,Miguel,recording,switch_hand,9,-1.067169,5.500480,8.420324,0.319854,-1.112472,0.275186
459729430.000,Miguel,recording,switch_hand,9,-1.317422,5.563021,8.588835,0.174766,-0.767408,0.182087
459729440.000,Miguel,recording,switch_hand,9,-1.607894,5.565614,8.859883,0.091530,-0.484492,0.124491
459729450.000,Miguel,recording,switch_hand,9,-1.896412,5.498131,9.110934,0.077763,-0.263574,0.111393
459729460.000,Miguel,recording,switch_hand,9,-2.109753,5.387610,9.214741,0.132932,-0.100740,0.149213
459729470.000,Miguel,recording,switch_hand,9,-2.338407,5.295148,9.210321,0.241866,-0.001538,0.229243
459729480.000,Miguel,recording,switch_hand,9,-2.545394,5.291271,9.086987,0.381614,0.028353,0.336221
459729490.000,Miguel,recording,switch_hand,9,-2.750487,5.317788,8.839870,0.534008,0.004187,0.461899
459729500.000,Miguel,recording,switch_hand,9,-2.895030,5.433477,8.454791,0.679922,-0.055546,0.599523
459729510.000,Miguel,recording,switch_hand,9,-2.920477,5.588721,8.051962,0.800938,-0.140003,0.739143
459729520.000,Miguel,recording,switch_hand,9,-2.843897,5.776126,7.656666,0.886733,-0.241262,0.871737
459729530.000,Miguel,recording,switch_hand,9,-2.646785,5.956016,7.362618,0.937294,-0.348206,0.989018
459729540.000,Miguel,recording,switch_hand,9,-2.306176,6.036047,7.145136,0.958001,-0.444416,1.079481
459729550.000,Miguel,recording,switch_hand,9,-1.870275,6.205840,7.138225,0.964781,-0.526594,1.144961
459729560.000,Miguel,recording,switch_hand,9,-1.595819,6.357306,7.112877,0.968319,-0.596122,1.189918
459729570.000,Miguel,recording,switch_hand,9,-1.308303,6.484511,7.129862,0.970207,-0.643897,1.211422
459729580.000,Miguel,recording,switch_hand,9,-1.033197,6.609841,7.146078,0.973444,-0.669043,1.211784
459729590.000,Miguel,recording,switch_hand,9,-0.694253,6.680595,7.089413,0.975439,-0.674389,1.193637
459729600.000,Miguel,recording,switch_hand,9,-0.394759,6.747962,6.973817,0.967775,-0.661911,1.157711
459729610.000,Miguel,recording,switch_hand,9,-0.153841,6.887539,6.860219,0.945267,-0.639925,1.105599
459729620.000,Miguel,recording,switch_hand,9,0.027216,7.031421,6.747277,0.911346,-0.612955,1.040895
459729630.000,Miguel,recording,switch_hand,9,0.161379,7.130043,6.626682,0.870547,-0.582243,0.968587
459729640.000,Miguel,recording,switch_hand,9,0.259153,7.186227,6.524085,0.826210,-0.549738,0.895117
459729650.000,Miguel,recording,switch_hand,9,0.327039,7.198906,6.457047,0.780713,-0.519857,0.829980
459729660.000,Miguel,recording,switch_hand,9,0.358646,7.192514,6.413436,0.734383,-0.494150,0.781073
459729670.000,Miguel,recording,switch_hand,9,0.412034,7.138457,6.473554,0.686801,-0.459764,0.750610
459729680.000,Miguel,recording,switch_hand,9,0.465815,7.088437,6.560743,0.643309,-0.404446,0.736373
459729690.000,Miguel,recording,switch_hand,9,0.529967,7.068808,6.661305,0.610704,-0.333013,0.731333
459729700.000,Miguel,recording,switch_hand,9,0.601103,7.116841,6.662872,0.588582,-0.261132,0.726787
459729710.000,Miguel,recording,switch_hand,9,0.643180,7.229988,6.639649,0.574105,-0.196904,0.717288
459729720.000,Miguel,recording,switch_hand,9,0.703717,7.376884,6.565392,0.565156,-0.135755,0.699910
459729730.000,Miguel,recording,switch_hand,9,0.791622,7.494656,6.472970,0.558482,-0.074560,0.671405
459729740.000,Miguel,recording,switch_hand,9,0.889829,7.570740,6.341041,0.549540,-0.014095,0.625093
459729750.000,Miguel,recording,switch_hand,9,0.967639,7.569517,6.184018,0.534445,0.042756,0.563562
459729760.000,Miguel,recording,switch_hand,9,0.920340,7.488812,6.042699,0.509085,0.099725,0.501173
459729770.000,Miguel,recording,switch_hand,9,0.743299,7.386191,5.897536,0.471540,0.163194,0.455214
459729780.000,Miguel,recording,switch_hand,9,0.399420,7.338561,5.849230,0.424718,0.230499,0.438609
459729790.000,Miguel,recording,switch_hand,9,-0.007985,7.442873,5.868100,0.377034,0.291929,0.445969
459729800.000,Miguel,recording,switch_hand,9,-0.328191,7.631817,5.922004,0.336304,0.338503,0.458993
459729810.000,Miguel,recording,switch_hand,9,-0.655112,7.751334,6.018813,0.304216,0.367406,0.463475
459729820.000,Miguel,recording,switch_hand,9,-1.100444,7.733496,6.130499,0.281206,0.376664,0.465384
459729830.000,Miguel,recording,switch_hand,9,-1.751335,7.657266,6.267546,0.270138,0.361047,0.486397
459729840.000,Miguel,recording,switch_hand,9,-2.449185,7.490214,6.449693,0.272514,0.324940,0.543698
459729850.000,Miguel,recording,switch_hand,9,-2.775515,7.357278,6.437246,0.281074,0.291729,0.633285
459729860.000,Miguel,recording,switch_hand,9,-2.759719,7.323783,6.156327,0.280258,0.268665,0.730815
459729870.000,Miguel,recording,switch_hand,9,-2.775820,7.173728,5.858008,0.259952,0.217635,0.813880
459729880.000,Miguel,recording,switch_hand,9,-2.987974,7.043186,5.562198,0.230543,0.089897,0.889128
459729890.000,Miguel,recording,switch_hand,9,-3.410850,6.955379,5.085275,0.200544,-0.137543,0.979577
459729900.000,Miguel,recording,switch_hand,9,-3.756367,6.868772,4.336302,0.171777,-0.471229,1.088470
459729910.000,Miguel,recording,switch_hand,9,-4.134164,5.678338,3.381975,0.149860,-0.901266,1.178521
459729920.000,Miguel,recording,switch_hand,9,-4.195852,4.545238,2.560414,0.154433,-1.453613,1.262781
459729930.000,Miguel,recording,switch_hand,9,-4.474500,6.014615,2.366905,0.125390,-2.050612,1.591366
459729940.000,Miguel,recording,switch_hand,9,4.305109,6.841916,1.763846,-0.121506,-2.203113,2.395864
459729950.000,Miguel,recording,switch_hand,9,17.446167,9.118378,3.766843,-0.586883,-1.732548,2.843246
459729960.000,Miguel,recording,switch_hand,9,15.269776,9.747284,4.644260,-0.918235,-0.855953,2.339731
459729970.000,Miguel,recording,switch_hand,9,10.321661,8.355257,3.544247,-0.906715,0.199645,1.663865
459729980.000,Miguel,recording,switch_hand,9,6.037193,5.537021,1.685133,-0.825936,0.873677,1.345644
459729990.000,Miguel,recording,switch_hand,9,0.632708,5.112507,1.114526,-1.058858,1.027117,1.296015
459730000.000,Miguel,recording,switch_hand,9,0.059904,4.652706,1.585753,-1.622729,1.055697,1.401428
459730010.000,Miguel,recording,switch_hand,9,2.285433,3.489305,2.445309,-2.358337,1.066370,1.602183
459730020.000,Miguel,recording,switch_hand,9,4.579124,3.007329,5.463086,-3.112257,0.821082,1.722479
459730030.000,Miguel,recording,switch_hand,9,5.640587,4.878909,9.474899,-3.368443,0.424023,1.623251
459730040.000,Miguel,recording,switch_hand,9,6.849139,3.986284,12.252928,-2.961272,0.194170,1.359388
459730050.000,Miguel,recording,switch_hand,9,6.625827,3.359430,13.309052,-2.239480,-0.006683,1.019939
459730060.000,Miguel,recording,switch_hand,9,6.526298,2.944125,12.944251,-1.459392,-0.268332,0.644908
459730070.000,Miguel,recording,switch_hand,9,6.016928,3.681315,11.384770,-0.813355,-0.455852,0.309764
459730080.000,Miguel,recording,switch_hand,9,5.461131,4.948610,10.180026,-0.350276,-0.559298,0.071666
459730090.000,Miguel,recording,switch_hand,9,5.215100,5.848759,9.186451,-0.035461,-0.600849,-0.091488
459730100.000,Miguel,recording,switch_hand,9,4.848427,6.386185,8.399449,0.180976,-0.537071,-0.225523
459730110.000,Miguel,recording,switch_hand,9,4.471094,6.524067,7.879229,0.350624,-0.323851,-0.343721
459730120.000,Miguel,recording,switch_hand,9,4.250436,6.743007,7.751738,0.523741,0.025781,-0.432022
459730130.000,Miguel,recording,switch_hand,9,4.304492,7.133167,7.760989,0.727197,0.457325,-0.484106
459730140.000,Miguel,recording,switch_hand,9,4.228341,7.577921,7.558277,0.937545,0.906676,-0.496912
459730150.000,Miguel,recording,switch_hand,9,3.997968,7.785392,7.067540,1.094621,1.314611,-0.470715
459730160.000,Miguel,recording,switch_hand,9,3.713856,7.719315,6.454432,1.139223,1.621903,-0.420249
459730170.000,Miguel,recording,switch_hand,9,3.452414,7.513467,6.022556,1.042088,1.780628,-0.366935
459730180.000,Miguel,recording,switch_hand,9,3.251242,7.347500,5.930628,0.820257,1.767886,-0.328454
459730190.000,Miguel,recording,switch_hand,9,2.985838,7.240095,6.209159,0.529122,1.600313,-0.309307
459730200.000,Miguel,recording,switch_hand,9,2.542390,7.106815,6.785650,0.235815,1.337750,-0.298498
459730210.000,Miguel,recording,switch_hand,9,2.130473,6.918132,7.467760,-0.004912,1.049414,-0.276634
459730220.000,Miguel,recording,switch_hand,9,1.894087,6.724470,8.045698,-0.161067,0.782223,-0.231785
459730230.000,Miguel,recording,switch_hand,9,1.791679,6.522584,8.360647,-0.226962,0.564879,-0.167024
459730240.000,Miguel,recording,switch_hand,9,1.770313,6.336622,8.506021,-0.216367,0.421557,-0.092109
459730250.000,Miguel,recording,switch_hand,9,1.899979,6.161441,8.558588,-0.142922,0.375327,-0.022408
459730260.000,Miguel,recording,switch_hand,9,2.162798,5.991919,8.559536,-0.017662,0.430915,0.026037
459730270.000,Miguel,recording,switch_hand,9,2.438955,5.925307,8.487204,0.143485,0.561511,0.047324
459730280.000,Miguel,recording,switch_hand,9,2.513810,5.904807,8.283146,0.318158,0.722666,0.046790
459730290.000,Miguel,recording,switch_hand,9,2.407175,5.835766,7.984482,0.478764,0.866027,0.034835
459730300.000,Miguel,recording,switch_hand,9,2.348040,5.702110,7.667521,0.591531,0.943481,0.019786
459730310.000,Miguel,recording,switch_hand,9,2.338931,5.560871,7.479282,0.641375,0.931991,-0.003728
459730320.000,Miguel,recording,switch_hand,9,2.360143,5.500396,7.351905,0.640575,0.841843,-0.043344
459730330.000,Miguel,recording,switch_hand,9,2.376821,5.463644,7.238805,0.604997,0.696636,-0.093574
459730340.000,Miguel,recording,switch_hand,9,2.373562,5.449367,7.121492,0.548302,0.521831,-0.144646
459730350.000,Miguel,recording,switch_hand,9,2.380782,5.480260,6.991727,0.482663,0.344610,-0.193163
459730360.000,Miguel,recording,switch_hand,9,2.393123,5.522743,6.859886,0.417637,0.194637,-0.240426
459730370.000,Miguel,recording,switch_hand,9,2.445266,5.607708,6.752655,0.360059,0.093162,-0.287999
459730380.000,Miguel,recording,switch_hand,9,2.470933,5.663997,6.632130,0.317473,0.048032,-0.339391
459730390.000,Miguel,recording,switch_hand,9,2.436124,5.704601,6.565347,0.294809,0.062353,-0.397067
459730400.000,Miguel,recording,switch_hand,9,2.318380,5.764887,6.554295,0.290196,0.133662,-0.454757
459730410.000,Miguel,recording,switch_hand,9,2.209013,5.923200,6.571719,0.299123,0.241302,-0.502275
459730420.000,Miguel,recording,switch_hand,9,2.068407,6.108344,6.662699,0.319070,0.350524,-0.534402
459730430.000,Miguel,recording,switch_hand,9,1.876776,6.192402,6.738743,0.346775,0.435361,-0.553170
459730440.000,Miguel,recording,switch_hand,9,1.657274,6.171122,6.708871,0.372276,0.489920,-0.562519
459730450.000,Miguel,recording,switch_hand,9,1.415456,6.069399,6.627625,0.382934,0.515421,-0.562675
459730460.000,Miguel,recording,switch_hand,9,1.278171,6.006636,6.507684,0.373750,0.512268,-0.558834
459730470.000,Miguel,recording,switch_hand,9,1.196995,6.105542,6.446079,0.344200,0.478875,-0.555570
459730480.000,Miguel,recording,switch_hand,9,1.136378,6.254135,6.396703,0.293717,0.409541,-0.551470
459730490.000,Miguel,recording,switch_hand,9,1.046145,6.349094,6.347551,0.227198,0.306662,-0.543926
459730500.000,Miguel,recording,switch_hand,9,0.994563,6.457606,6.297779,0.151480,0.188263,-0.531960
459730510.000,Miguel,recording,switch_hand,9,1.004132,6.556923,6.254403,0.071047,0.075044,-0.515439
459730520.000,Miguel,recording,switch_hand,9,1.045311,6.656249,6.248826,-0.006788,-0.015090,-0.499745
459730530.000,Miguel,recording,switch_hand,9,1.137254,6.737086,6.296435,-0.072020,-0.067978,-0.490594
459730540.000,Miguel,recording,switch_hand,9,1.180805,6.833159,6.412084,-0.116771,-0.082843,-0.489281
459730550.000,Miguel,recording,switch_hand,9,1.161682,6.860551,6.550385,-0.137224,-0.064162,-0.493200
459730560.000,Miguel,recording,switch_hand,9,1.132647,6.818806,6.671401,-0.135191,-0.012568,-0.496582
459730570.000,Miguel,recording,switch_hand,9,1.112180,6.867939,6.780891,-0.118186,0.066486,-0.490698
459730580.000,Miguel,recording,switch_hand,9,1.102886,7.037707,6.977747,-0.092423,0.157721,-0.465370
459730590.000,Miguel,recording,switch_hand,9,1.162181,7.150701,7.197020,-0.058924,0.243306,-0.417885
459730600.000,Miguel,recording,switch_hand,9,1.243720,7.135398,7.385919,-0.021611,0.316829,-0.353902
459730610.000,Miguel,recording,switch_hand,9,1.458055,7.018962,7.526890,0.013714,0.386166,-0.291255
459730620.000,Miguel,recording,switch_hand,9,1.937196,6.784497,7.549565,0.044685,0.474825,-0.257134
459730630.000,Miguel,recording,switch_hand,9,2.802736,6.537971,7.448875,0.072207,0.624123,-0.280030
459730640.000,Miguel,recording,switch_hand,9,4.037431,6.269049,7.245631,0.099975,0.889334,-0.379659
459730650.000,Miguel,recording,switch_hand,9,5.245640,5.897911,6.818971,0.117389,1.334803,-0.558009
459730660.000,Miguel,recording,switch_hand,9,6.088285,5.195107,5.806193,0.030121,1.884047,-0.936921
459730670.000,Miguel,recording,switch_hand,9,8.647738,3.679875,4.070737,-0.334005,2.157114,-1.992484
459730680.000,Miguel,recording,switch_hand,9,7.666181,2.992712,6.927480,-0.615174,2.455813,-3.358783
459730690.000,Miguel,recording,switch_hand,9,2.861849,4.411716,8.222272,-0.422964,3.013375,-4.238403
459730700.000,Miguel,recording,switch_hand,9,-1.872380,3.679748,8.269416,0.012196,3.352203,-4.589626
459730710.000,Miguel,recording,switch_hand,9,-4.834424,3.326158,6.396799,0.336105,3.380065,-4.560344
459730720.000,Miguel,recording,switch_hand,9,-6.480576,4.756927,7.025334,0.409848,3.287688,-4.344375
459730730.000,Miguel,recording,switch_hand,9,-8.254126,5.846513,7.180282,0.341768,3.168318,-4.105753
459730740.000,Miguel,recording,switch_hand,9,-12.545585,7.077487,3.871855,0.181711,3.030287,-3.828313
459730750.000,Miguel,recording,switch_hand,9,-17.101408,7.207056,-0.762746,-0.158929,2.879086,-3.303636
459730760.000,Miguel,recording,switch_hand,9,-11.249109,5.512087,-1.714443,-0.775345,2.366170,-2.611541
459730770.000,Miguel,recording,switch_hand,9,-9.931340,4.069646,-1.296703,-1.601776,1.462921,-2.006089
459730780.000,Miguel,recording,switch_hand,9,-8.583294,3.140052,1.185279,-2.282288,0.831701,-1.521964
459730790.000,Miguel,recording,switch_hand,9,-7.969031,2.599923,3.557478,-2.634734,0.482275,-1.093592
459730800.000,Miguel,recording,switch_hand,9,-6.804529,2.606831,6.186827,-2.669048,0.003399,-0.665731
459730810.000,Miguel,recording,switch_hand,9,-6.267746,3.163700,8.893489,-2.339908,-0.710152,-0.212364
459730820.000,Miguel,recording,switch_hand,9,-6.022584,4.172802,10.196836,-1.723883,-1.558446,0.260985
459730830.000,Miguel,recording,switch_hand,9,-6.882404,5.165427,9.901690,-0.930852,-2.200909,0.715714
459730840.000,Miguel,recording,switch_hand,9,-6.678243,6.059283,9.590962,-0.101511,-2.551570,1.077702
459730850.000,Miguel,recording,switch_hand,9,-5.888039,6.431983,8.948583,0.610952,-2.790261,1.282336
459730860.000,Miguel,recording,switch_hand,9,-4.812098,6.629148,7.811442,1.088132,-3.017474,1.325984
459730870.000,Miguel,recording,switch_hand,9,-3.771735,6.712416,6.639718,1.283227,-3.184842,1.231253
459730880.000,Miguel,recording,switch_hand,9,-2.786729,6.655880,6.189145,1.227079,-3.204673,1.047064
459730890.000,Miguel,recording,switch_hand,9,-1.966899,6.504717,6.361478,1.000013,-3.016298,0.831457
459730900.000,Miguel,recording,switch_hand,9,-1.175129,6.509148,6.357241,0.684899,-2.667219,0.618072
459730910.000,Miguel,recording,switch_hand,9,-1.157441,6.441785,7.173591,0.355998,-2.276496,0.421378
459730920.000,Miguel,recording,switch_hand,9,-1.186069,6.384905,7.735745,0.070116,-1.910594,0.247930
459730930.000,Miguel,recording,switch_hand,9,-1.505676,6.414053,8.403556,-0.137339,-1.585322,0.104943
459730940.000,Miguel,recording,switch_hand,9,-1.810224,6.487858,8.981760,-0.251228,-1.305333,0.002223
459730950.000,Miguel,recording,switch_hand,9,-2.017807,6.440366,9.409743,-0.278248,-1.072432,-0.056597
459730960.000,Miguel,recording,switch_hand,9,-2.098467,6.304481,9.668500,-0.239312,-0.885808,-0.081704
459730970.000,Miguel,recording,switch_hand,9,-2.111829,6.145248,9.713820,-0.159648,-0.738929,-0.086133
459730980.000,Miguel,recording,switch_hand,9,-2.164239,5.999270,9.644887,-0.060882,-0.629372,-0.078154
459730990.000,Miguel,recording,switch_hand,9,-2.138256,5.855538,9.465421,0.042168,-0.563592,-0.061431
459731000.000,Miguel,recording,switch_hand,9,-2.103023,5.670756,9.302954,0.142649,-0.551124,-0.036350
459731010.000,Miguel,recording,switch_hand,9,-2.093655,5.513688,9.172327,0.241486,-0.587223,-0.002545
459731020.000,Miguel,recording,switch_hand,9,-2.141404,5.381155,9.004316,0.339912,-0.652824,0.042926
459731030.000,Miguel,recording,switch_hand,9,-2.228827,5.324275,8.852764,0.434944,-0.732065,0.107916
459731040.000,Miguel,recording,switch_hand,9,-2.271668,5.347049,8.741274,0.523592,-0.814502,0.193859
459731050.000,Miguel,recording,switch_hand,9,-2.238229,5.432581,8.634009,0.604618,-0.887913,0.292432
459731060.000,Miguel,recording,switch_hand,9,-2.096883,5.512309,8.508756,0.676005,-0.939868,0.390314
459731070.000,Miguel,recording,switch_hand,9,-1.875482,5.602521,8.276534,0.735162,-0.963195,0.474910
459731080.000,Miguel,recording,switch_hand,9,-1.613166,5.663653,8.105708,0.776959,-0.962705,0.537224
459731090.000,Miguel,recording,switch_hand,9,-1.343466,5.718033,7.914141,0.796864,-0.949674,0.570778
459731100.000,Miguel,recording,switch_hand,9,-1.111918,5.786677,7.768342,0.796890,-0.928722,0.578462
459731110.000,Miguel,recording,switch_hand,9,-1.015614,5.874396,7.681302,0.783011,-0.901621,0.570019
459731120.000,Miguel,recording,switch_hand,9,-0.897777,6.001933,7.721664,0.760296,-0.867790,0.555882
459731130.000,Miguel,recording,switch_hand,9,-0.695842,6.156513,7.711052,0.732945,-0.820025,0.540397
459731140.000,Miguel,recording,switch_hand,9,-0.428362,6.209010,7.718443,0.706303,-0.745848,0.519564
459731150.000,Miguel,recording,switch_hand,9,-0.209877,6.214169,7.637679,0.681264,-0.643381,0.484767
459731160.000,Miguel,recording,switch_hand,9,-0.108612,6.179604,7.585118,0.657491,-0.533823,0.437416
459731170.000,Miguel,recording,switch_hand,9,-0.154726,6.172530,7.539726,0.637482,-0.436457,0.391101
459731180.000,Miguel,recording,switch_hand,9,-0.279910,6.212020,7.435624,0.620695,-0.356472,0.356640
459731190.000,Miguel,recording,switch_hand,9,-0.428911,6.247157,7.325633,0.604478,-0.299502,0.340096
459731200.000,Miguel,recording,switch_hand,9,-0.515270,6.306290,7.274879,0.587751,-0.276307,0.342196
459731210.000,Miguel,recording,switch_hand,9,-0.554562,6.354218,7.287779,0.573875,-0.289634,0.357677
459731220.000,Miguel,recording,switch_hand,9,-0.517423,6.401875,7.323899,0.571497,-0.321328,0.378277
459731230.000,Miguel,recording,switch_hand,9,-0.409692,6.451558,7.346827,0.585665,-0.346376,0.395489
459731240.000,Miguel,recording,switch_hand,9,-0.252240,6.431941,7.292106,0.611988,-0.353571,0.403101
459731250.000,Miguel,recording,switch_hand,9,-0.097106,6.388158,7.181189,0.639853,-0.346520,0.402759
459731260.000,Miguel,recording,switch_hand,9,0.010237,6.361909,6.992871,0.655983,-0.330935,0.401400
459731270.000,Miguel,recording,switch_hand,9,0.055727,6.408298,6.789550,0.652494,-0.309057,0.403309
459731280.000,Miguel,recording,switch_hand,10,0.114508,6.519326,6.628819,0.629766,-0.278921,0.408916
459731290.000,Miguel,recording,switch_hand,10,0.230841,6.632986,6.540002,0.592228,-0.239919,0.413214
459731300.000,Miguel,recording,switch_hand,10,0.346799,6.625501,6.483482,0.547634,-0.193366,0.406980
459731310.000,Miguel,recording,switch_hand,10,0.519222,6.673380,6.509565,0.507328,-0.144112,0.387515
459731320.000,Miguel,recording,switch_hand,10,0.456989,6.794593,6.477224,0.473842,-0.097047,0.364606
459731330.000,Miguel,recording,switch_hand,10,0.372005,6.899664,6.339221,0.441258,-0.055290,0.347376
459731340.000,Miguel,recording,switch_hand,10,0.364322,6.920695,6.283262,0.407472,-0.028008,0.335092
459731350.000,Miguel,recording,switch_hand,10,0.465730,6.935904,6.206466,0.373195,-0.013641,0.323204
459731360.000,Miguel,recording,switch_hand,10,0.548934,6.924224,6.098832,0.338398,-0.000709,0.308377
459731370.000,Miguel,recording,switch_hand,10,0.609932,6.927910,6.022100,0.300960,0.013181,0.289529
459731380.000,Miguel,recording,switch_hand,10,0.634821,6.957378,5.959915,0.257783,0.024415,0.266990
459731390.000,Miguel,recording,switch_hand,10,0.658789,6.929413,5.935730,0.208932,0.031090,0.245212
459731400.000,Miguel,recording,switch_hand,10,0.646636,6.916231,5.933719,0.159966,0.034811,0.228588
459731410.000,Miguel,recording,switch_hand,10,0.638964,6.886684,5.968544,0.116122,0.032869,0.217004
459731420.000,Miguel,recording,switch_hand,10,0.611659,6.921099,6.049880,0.079369,0.019635,0.212525
459731430.000,Miguel,recording,switch_hand,10,0.631332,6.951236,6.072965,0.047213,0.001255,0.216501
459731440.000,Miguel,recording,switch_hand,10,0.738082,6.962697,6.152312,0.018224,-0.011124,0.223239
459731450.000,Miguel,recording,switch_hand,10,0.866754,6.970356,6.240461,-0.007424,-0.015776,0.223558
459731460.000,Miguel,recording,switch_hand,10,1.047257,6.973461,6.340326,-0.032792,-0.015171,0.210051
459731470.000,Miguel,recording,switch_hand,10,1.112376,6.985495,6.428891,-0.055461,-0.011193,0.183347
459731480.000,Miguel,recording,switch_hand,10,1.054726,6.965877,6.552238,-0.068418,-0.006209,0.152379
459731490.000,Miguel,recording,switch_hand,10,0.866440,6.929287,6.677442,-0.068479,-0.000839,0.128161
459731500.000,Miguel,recording,switch_hand,10,0.615846,6.889368,6.769169,-0.056308,0.009176,0.119936
459731510.000,Miguel,recording,switch_hand,10,0.285094,6.861208,6.863941,-0.037067,0.034638,0.134489
459731520.000,Miguel,recording,switch_hand,10,-0.062968,6.927495,6.905938,-0.016542,0.086088,0.173663
459731530.000,Miguel,recording,switch_hand,10,-0.432062,7.084653,6.933350,0.000374,0.160986,0.227872
459731540.000,Miguel,recording,switch_hand,10,-0.791361,7.222773,6.965294,0.007349,0.240397,0.280717
459731550.000,Miguel,recording,switch_hand,10,-1.101466,7.282119,7.058035,0.003172,0.302685,0.322546
459731560.000,Miguel,recording,switch_hand,10,-1.359494,7.190549,7.165515,-0.006558,0.341687,0.354567
459731570.000,Miguel,recording,switch_hand,10,-1.664838,7.034450,7.378108,-0.011705,0.360134,0.383621
459731580.000,Miguel,recording,switch_hand,10,-2.065805,6.823615,7.617679,0.004030,0.354533,0.424063
459731590.000,Miguel,recording,switch_hand,10,-2.521525,6.600191,7.904478,0.050744,0.325584,0.493656
459731600.000,Miguel,recording,switch_hand,10,-2.857654,6.329043,8.087052,0.125771,0.288660,0.601331
459731610.000,Miguel,recording,switch_hand,10,-3.092254,6.026908,8.166697,0.220179,0.250665,0.746530
459731620.000,Miguel,recording,switch_hand,10,-3.216848,5.765062,8.136446,0.321853,0.205940,0.925780
459731630.000,Miguel,recording,switch_hand,10,-3.335843,5.568012,7.973156,0.422295,0.151460,1.183967
459731640.000,Miguel,recording,switch_hand,10,-3.983604,5.559731,7.795836,0.541916,0.053588,1.728188
459731650.000,Miguel,recording,switch_hand,10,-2.815016,5.759893,7.600743,0.749101,-0.228511,2.673318
459731660.000,Miguel,recording,switch_hand,10,10.130536,8.278842,5.339456,1.023109,-0.789769,3.365382
459731670.000,Miguel,recording,switch_hand,10,16.453304,9.725609,3.685820,1.231260,-1.252183,3.016000
459731680.000,Miguel,recording,switch_hand,10,12.341664,6.960143,3.597737,1.281399,-1.413008,2.041447
459731690.000,Miguel,recording,switch_hand,10,5.181044,6.893083,3.573181,1.215808,-1.690169,1.254708
459731700.000,Miguel,recording,switch_hand,10,0.646216,8.139872,4.926310,1.238983,-2.236067,0.915761
459731710.000,Miguel,recording,switch_hand,10,-0.812711,7.842034,7.036917,1.587991,-2.809734,1.043229
459731720.000,Miguel,recording,switch_hand,10,-0.680693,7.430205,6.402118,2.074100,-3.135157,1.431921
459731730.000,Miguel,recording,switch_hand,10,0.277806,6.945622,3.653014,1.972088,-2.829078,1.809154
459731740.000,Miguel,recording,switch_hand,10,3.699756,6.879539,-3.285342,0.545168,-1.606992,2.038546
459731750.000,Miguel,recording,switch_hand,10,6.401056,6.050658,-3.714014,-1.492925,-0.225972,2.023350
459731760.000,Miguel,recording,switch_hand,10,6.752625,5.710405,-2.182562,-2.935634,0.724243,1.725152
459731770.000,Miguel,recording,switch_hand,10,8.488977,6.553773,-0.777951,-3.628056,1.398537,1.238698
459731780.000,Miguel,recording,switch_hand,10,8.703937,7.507173,2.821239,-3.812726,1.637507,0.690513
459731790.000,Miguel,recording,switch_hand,10,6.026074,6.390753,9.782549,-3.745653,1.409629,0.275212
459731800.000,Miguel,recording,switch_hand,10,3.968537,5.158379,12.547098,-3.443480,1.202746,0.111360
459731810.000,Miguel,recording,switch_hand,10,2.848190,4.529503,11.700994,-2.982395,1.386431,0.096360
459731820.000,Miguel,recording,switch_hand,10,2.961349,4.866834,7.865335,-2.584393,1.749626,0.097596
459731830.000,Miguel,recording,switch_hand,10,3.102994,5.531228,5.914544,-2.409234,2.050212,0.055182
459731840.000,Miguel,recording,switch_hand,10,3.079668,5.897829,5.997387,-2.433496,2.134936,0.003808
459731850.000,Miguel,recording,switch_hand,10,2.770631,6.355587,7.028778,-2.443948,1.965977,0.007614
459731860.000,Miguel,recording,switch_hand,10,2.632245,6.462000,9.228996,-2.243419,1.604951,0.099124
459731870.000,Miguel,recording,switch_hand,10,2.591492,6.045073,11.147790,-1.813731,1.182703,0.248353
459731880.000,Miguel,recording,switch_hand,10,2.399981,5.090432,12.210393,-1.269713,0.865060,0.386310
459731890.000,Miguel,recording,switch_hand,10,2.157051,4.016888,11.897314,-0.743674,0.638199,0.465614
459731900.000,Miguel,recording,switch_hand,10,2.051058,3.309643,11.330648,-0.287068,0.383491,0.471151
459731910.000,Miguel,recording,switch_hand,10,2.391648,3.376860,10.479304,0.096519,0.087515,0.397592
459731920.000,Miguel,recording,switch_hand,10,2.814470,3.852835,9.708437,0.392102,-0.165164,0.245302
459731930.000,Miguel,recording,switch_hand,10,3.055973,4.364203,9.095603,0.600464,-0.304898,0.046844
459731940.000,Miguel,recording,switch_hand,10,3.012503,4.759865,8.682203,0.749164,-0.311513,-0.127917
459731950.000,Miguel,recording,switch_hand,10,2.892086,5.039810,8.354327,0.866707,-0.192957,-0.234680
459731960.000,Miguel,recording,switch_hand,10,2.845410,5.346307,7.971578,0.958659,0.017232,-0.281289
459731970.000,Miguel,recording,switch_hand,10,2.793966,5.652135,7.478108,1.008737,0.259579,-0.284109
459731980.000,Miguel,recording,switch_hand,10,2.614848,5.911654,6.960182,0.994948,0.476915,-0.251932
459731990.000,Miguel,recording,switch_hand,10,2.452381,5.966271,6.529536,0.906163,0.643300,-0.202306
459732000.000,Miguel,recording,switch_hand,10,2.373484,5.838662,6.271684,0.760848,0.755449,-0.157547
459732010.000,Miguel,recording,switch_hand,10,2.403037,5.651937,6.282765,0.589181,0.822982,-0.132178
459732020.000,Miguel,recording,switch_hand,10,2.650112,5.472697,6.598053,0.415757,0.860395,-0.140041
459732030.000,Miguel,recording,switch_hand,10,3.031766,5.327973,7.240828,0.276165,0.872458,-0.193626
459732040.000,Miguel,recording,switch_hand,10,3.149571,5.315753,8.101945,0.209056,0.861043,-0.281597
459732050.000,Miguel,recording,switch_hand,10,2.804755,5.384867,8.968960,0.235719,0.820800,-0.365856
459732060.000,Miguel,recording,switch_hand,10,2.252925,5.441851,9.464382,0.343971,0.741869,-0.409882
459732070.000,Miguel,recording,switch_hand,10,1.830381,5.507022,9.470071,0.489367,0.635693,-0.405180
459732080.000,Miguel,recording,switch_hand,10,1.666100,5.589514,9.003436,0.625504,0.531598,-0.364946
459732090.000,Miguel,recording,switch_hand,10,1.675312,5.706729,8.427806,0.727015,0.460532,-0.308784
459732100.000,Miguel,recording,switch_hand,10,1.808820,5.843670,7.953298,0.789664,0.444603,-0.249117
459732110.000,Miguel,recording,switch_hand,10,2.072584,6.029298,7.564183,0.820158,0.487046,-0.190747
459732120.000,Miguel,recording,switch_hand,10,2.321961,6.113098,7.290589,0.831007,0.571578,-0.146805
459732130.000,Miguel,recording,switch_hand,10,2.464344,6.025349,7.128443,0.829013,0.668205,-0.128863
459732140.000,Miguel,recording,switch_hand,10,2.525262,5.906991,7.064850,0.810509,0.746702,-0.135728
459732150.000,Miguel,recording,switch_hand,10,2.480051,5.825032,7.077742,0.773213,0.782964,-0.160344
459732160.000,Miguel,recording,switch_hand,10,2.345457,5.723209,7.083091,0.716939,0.760459,-0.196436
459732170.000,Miguel,recording,switch_hand,10,2.222514,5.632874,7.094333,0.641377,0.681361,-0.243687
459732180.000,Miguel,recording,switch_hand,10,2.154988,5.642542,7.103849,0.553742,0.569325,-0.300917
459732190.000,Miguel,recording,switch_hand,10,2.060968,5.724547,7.213643,0.470604,0.453229,-0.358114
459732200.000,Miguel,recording,switch_hand,10,1.884076,5.853778,7.447886,0.413432,0.364587,-0.404953
459732210.000,Miguel,recording,switch_hand,10,1.634622,5.961441,7.731302,0.399896,0.320842,-0.434064
459732220.000,Miguel,recording,switch_hand,10,1.417621,6.047041,7.905931,0.432755,0.313554,-0.440252
459732230.000,Miguel,recording,switch_hand,10,1.260914,6.139320,7.893463,0.496789,0.326301,-0.425154
459732240.000,Miguel,recording,switch_hand,10,1.213841,6.128588,7.710660,0.562267,0.338728,-0.401076
459732250.000,Miguel,recording,switch_hand,10,1.285059,6.002560,7.421060,0.602269,0.330383,-0.387513
459732260.000,Miguel,recording,switch_hand,10,1.448415,5.926282,7.134162,0.609062,0.296245,-0.398925
459732270.000,Miguel,recording,switch_hand,10,1.583192,5.973833,6.931207,0.584939,0.239351,-0.436730
459732280.000,Miguel,recording,switch_hand,10,1.593206,6.045172,6.706888,0.532917,0.166140,-0.488436
459732290.000,Miguel,recording,switch_hand,10,1.473514,6.130779,6.527240,0.459701,0.089852,-0.538331
459732300.000,Miguel,recording,switch_hand,10,1.306322,6.208004,6.444592,0.378194,0.021244,-0.577192
459732310.000,Miguel,recording,switch_hand,10,1.111699,6.276691,6.463268,0.302821,-0.031347,-0.598441
459732320.000,Miguel,recording,switch_hand,10,0.905284,6.369874,6.513112,0.240992,-0.062475,-0.598008
459732330.000,Miguel,recording,switch_hand,10,0.758661,6.419608,6.568548,0.196237,-0.072415,-0.580691
459732340.000,Miguel,recording,switch_hand,10,0.687817,6.439284,6.603725,0.171678,-0.062386,-0.558577
459732350.000,Miguel,recording,switch_hand,10,0.630333,6.493641,6.636428,0.164631,-0.036605,-0.538583
459732360.000,Miguel,recording,switch_hand,10,0.507485,6.599737,6.626464,0.166654,-0.009470,-0.515006
459732370.000,Miguel,recording,switch_hand,10,0.381624,6.703428,6.524297,0.162832,0.000725,-0.480385
459732380.000,Miguel,recording,switch_hand,10,0.357737,6.791486,6.398879,0.140666,-0.008252,-0.437367
459732390.000,Miguel,recording,switch_hand,10,0.426596,6.795964,6.329322,0.101632,-0.022935,-0.395654
459732400.000,Miguel,recording,switch_hand,10,0.490901,6.769031,6.338670,0.055308,-0.031226,-0.362169
459732410.000,Miguel,recording,switch_hand,10,0.554245,6.709629,6.457295,0.012749,-0.029384,-0.340115
459732420.000,Miguel,recording,switch_hand,10,0.608100,6.661720,6.616103,-0.019584,-0.020195,-0.329485
459732430.000,Miguel,recording,switch_hand,10,0.611067,6.679307,6.813705,-0.038483,-0.012677,-0.326117
459732440.000,Miguel,recording,switch_hand,10,0.564267,6.638181,6.946664,-0.044854,-0.022293,-0.324898
459732450.000,Miguel,recording,switch_hand,10,0.514118,6.658880,7.004382,-0.046262,-0.055150,-0.320183
459732460.000,Miguel,recording,switch_hand,10,0.567002,6.708286,7.037619,-0.046503,-0.095114,-0.311263
459732470.000,Miguel,recording,switch_hand,10,0.686005,6.731828,7.028156,-0.040225,-0.116904,-0.303544
459732480.000,Miguel,recording,switch_hand,10,0.853780,6.706178,7.039634,-0.023145,-0.101142,-0.298225
459732490.000,Miguel,recording,switch_hand,10,1.063255,6.639975,7.100730,0.001674,-0.045294,-0.297421
459732500.000,Miguel,recording,switch_hand,10,1.309115,6.508652,7.179290,0.032641,0.034753,-0.310528
459732510.000,Miguel,recording,switch_hand,10,1.625709,6.294630,7.282101,0.068963,0.122855,-0.347560
459732520.000,Miguel,recording,switch_hand,10,2.102330,5.979123,7.288876,0.097569,0.193475,-0.433220
459732530.000,Miguel,recording,switch_hand,10,2.832097,5.541651,7.105596,0.059623,0.145191,-0.670184
459732540.000,Miguel,recording,switch_hand,10,3.388791,5.510113,6.974083,-0.099493,-0.161447,-1.205733
459732550.000,Miguel,recording,switch_hand,10,2.535351,5.280001,8.518031,-0.169462,-0.539271,-1.888417
459732560.000,Miguel,recording,switch_hand,10,0.948882,5.611463,9.874119,0.104770,-0.580642,-2.393625
459732570.000,Miguel,recording,switch_hand,10,-0.499564,6.808486,8.950611,0.593403,-0.213052,-2.658944
459732580.000,Miguel,recording,switch_hand,10,-3.763814,8.293683,6.510157,0.983183,0.308477,-2.673560
459732590.000,Miguel,recording,switch_hand,10,-8.934453,9.289392,4.009424,1.048361,0.716324,-2.309157
459732600.000,Miguel,recording,switch_hand,10,-5.936472,8.887848,2.393733,0.781470,0.989576,-1.726329
459732610.000,Miguel,recording,switch_hand,10,-2.649755,7.461806,2.460527,0.359431,1.247594,-1.316224
459732620.000,Miguel,recording,switch_hand,10,0.214458,5.941262,3.128410,-0.089546,1.447504,-1.209217
459732630.000,Miguel,recording,switch_hand,10,-0.122806,5.372754,4.382694,-0.528152,1.481562,-1.273889
459732640.000,Miguel,recording,switch_hand,10,-0.675178,6.242393,5.314639,-0.970469,1.308867,-1.352157
459732650.000,Miguel,recording,switch_hand,10,-0.449090,7.392080,5.991631,-1.258240,1.042462,-1.344164
459732660.000,Miguel,recording,switch_hand,10,-2.549190,7.878611,8.901515,-1.080457,0.769978,-1.215456
459732670.000,Miguel,recording,switch_hand,10,-5.248331,7.944950,11.084807,-0.517363,0.410296,-1.073000
459732680.000,Miguel,recording,switch_hand,10,-3.198238,6.574289,10.606987,0.084156,-0.027735,-1.055259
459732690.000,Miguel,recording,switch_hand,10,-3.109409,6.311856,8.399311,0.465684,-0.447570,-1.167796
459732700.000,Miguel,recording,switch_hand,10,-3.594633,6.478451,7.550327,0.531682,-0.709202,-1.278347
459732710.000,Miguel,recording,switch_hand,10,-4.071925,6.321567,7.906521,0.517434,-0.759000,-1.238994
459732720.000,Miguel,recording,switch_hand,10,-4.125220,5.431755,7.175041,0.533956,-0.496904,-1.044597
459732730.000,Miguel,recording,switch_hand,10,-3.564637,6.195573,6.008861,0.478141,-0.115805,-0.778170
459732740.000,Miguel,recording,switch_hand,10,-3.387056,6.860548,6.464260,0.391779,0.074538,-0.521072
459732750.000,Miguel,recording,switch_hand,10,-2.729419,7.289023,6.272976,0.347723,0.145368,-0.336785
459732760.000,Miguel,recording,switch_hand,10,-2.983088,7.033247,6.411060,0.347079,0.182060,-0.220869
459732770.000,Miguel,recording,switch_hand,10,-3.407605,6.884004,6.533471,0.337237,0.197782,-0.123157
459732780.000,Miguel,recording,switch_hand,10,-3.585286,6.995760,6.410912,0.308361,0.166028,-0.012295
459732790.000,Miguel,recording,switch_hand,10,-3.480153,6.806805,6.333813,0.276415,0.117116,0.102551
459732800.000,Miguel,recording,switch_hand,10,-2.970501,6.675641,6.329835,0.242420,0.089219,0.199250
459732810.000,Miguel,recording,switch_hand,10,-2.447134,6.666697,6.237307,0.205034,0.057563,0.259827
459732820.000,Miguel,recording,switch_hand,10,-2.135112,6.802427,6.081090,0.173578,-0.025606,0.281986
459732830.000,Miguel,recording,switch_hand,10,-2.076376,7.055906,6.046942,0.156839,-0.175370,0.275865
459732840.000,Miguel,recording,switch_hand,10,-2.045333,7.256225,5.938750,0.152269,-0.363778,0.253741
459732850.000,Miguel,recording,switch_hand,10,-2.035869,7.352062,5.814859,0.149528,-0.559004,0.233086
459732860.000,Miguel,recording,switch_hand,10,-1.992883,7.266725,5.820357,0.138691,-0.746927,0.227585
459732870.000,Miguel,recording,switch_hand,10,-1.976086,7.077237,5.967043,0.123736,-0.909854,0.244060
459732880.000,Miguel,recording,switch_hand,10,-1.968897,6.903403,6.265788,0.117959,-1.029166,0.283082
459732890.000,Miguel,recording,switch_hand,10,-1.948054,6.843361,6.535328,0.130752,-1.092965,0.338713
459732900.000,Miguel,recording,switch_hand,10,-1.840841,6.875900,6.715453,0.159858,-1.112133,0.396831
459732910.000,Miguel,recording,switch_hand,10,-1.625369,6.935740,6.807419,0.195214,-1.109067,0.439313
459732920.000,Miguel,recording,switch_hand,10,-1.356067,7.004621,6.746005,0.223982,-1.093169,0.452698
459732930.000,Miguel,recording,switch_hand,10,-1.164786,7.032953,6.698048,0.235507,-1.062307,0.436593
459732940.000,Miguel,recording,switch_hand,10,-1.054801,7.064159,6.656388,0.227447,-1.014628,0.402022
459732950.000,Miguel,recording,switch_hand,10,-0.988942,7.101844,6.679846,0.203201,-0.951128,0.358230
459732960.000,Miguel,recording,switch_hand,10,-0.899281,7.101133,6.719461,0.171029,-0.873779,0.306566
459732970.000,Miguel,recording,switch_hand,10,-0.838822,7.102299,6.798720,0.139959,-0.788263,0.246960
459732980.000,Miguel,recording,switch_hand,10,-0.848751,7.128999,6.879849,0.115263,-0.703255,0.185130
459732990.000,Miguel,recording,switch_hand,10,-0.911909,7.096693,6.930123,0.101647,-0.625741,0.129161
459733000.000,Miguel,recording,switch_hand,10,-0.950346,7.022396,6.938168,0.099723,-0.560278,0.081002
459733010.000,Miguel,recording,switch_hand,10,-0.992543,6.997503,6.864495,0.103875,-0.510421,0.038934
459733020.000,Miguel,recording,switch_hand,10,-1.033462,6.979894,6.760329,0.105899,-0.481136,0.003067
459733030.000,Miguel,recording,switch_hand,10,-1.073063,6.985830,6.686641,0.101009,-0.469916,-0.023505
459733040.000,Miguel,recording,switch_hand,10,-1.163428,6.958892,6.682339,0.092048,-0.467252,-0.038548
459733050.000,Miguel,recording,switch_hand,10,-1.287934,6.793115,6.657629,0.083283,-0.463917,-0.044799
459733060.000,Miguel,recording,switch_hand,10,-1.299804,6.696220,6.702225,0.078097,-0.452529,-0.035594
459733070.000,Miguel,recording,switch_hand,10,-1.476469,6.727543,6.819365,0.078405,-0.428053,-0.001006
459733080.000,Miguel,recording,switch_hand,10,-1.518124,6.738477,6.825446,0.080244,-0.391944,0.050499
459733090.000,Miguel,recording,switch_hand,10,-1.561541,6.795511,6.875950,0.083480,-0.356304,0.107669
459733100.000,Miguel,recording,switch_hand,10,-1.530038,6.881945,6.925826,0.095979,-0.332770,0.161830
459733110.000,Miguel,recording,switch_hand,10,-1.433171,6.907719,6.889359,0.120056,-0.326311,0.204035
459733120.000,Miguel,recording,switch_hand,10,-1.282533,6.941394,6.783852,0.147857,-0.335368,0.230818
459733130.000,Miguel,recording,switch_hand,10,-1.127324,6.965259,6.674792,0.170070,-0.359250,0.241985
459733140.000,Miguel,recording,switch_hand,10,-0.970981,7.009269,6.595085,0.182161,-0.393877,0.240681
459733150.000,Miguel,recording,switch_hand,10,-0.895041,7.036897,6.538273,0.182451,-0.426224,0.233688
459733160.000,Miguel,recording,switch_hand,10,-0.875396,6.982746,6.520319,0.170465,-0.445739,0.225563
459733170.000,Miguel,recording,switch_hand,10,-0.774476,7.046650,6.484201,0.149826,-0.450897,0.219861
459733180.000,Miguel,recording,switch_hand,10,-0.781784,7.188987,6.563388,0.124272,-0.438543,0.220409
459733190.000,Miguel,recording,switch_hand,10,-0.702425,7.308913,6.628874,0.097160,-0.410799,0.224088
459733200.000,Miguel,recording,switch_hand,10,-0.619713,7.350266,6.705707,0.075467,-0.376491,0.223611
459733210.000,Miguel,recording,switch_hand,10,-0.526482,7.306493,6.807678,0.065010,-0.337594,0.216618
459733220.000,Miguel,recording,switch_hand,10,-0.485918,7.244667,6.885120,0.066414,-0.293123,0.206538
459733230.000,Miguel,recording,switch_hand,10,-0.473146,7.188918,6.891389,0.073690,-0.242399,0.197946
459733240.000,Miguel,recording,switch_hand,10,-0.505683,7.145972,6.898304,0.082111,-0.189127,0.197096
459733250.000,Miguel,recording,switch_hand,10,-0.580759,7.164663,6.881797,0.090367,-0.138670,0.207343
459733260.000,Miguel,recording,switch_hand,10,-0.620898,7.208820,6.865256,0.100465,-0.098969,0.222364
459733270.000,Miguel,recording,switch_hand,10,-0.607836,7.295455,6.799791,0.111147,-0.078057,0.237291
459733280.000,Miguel,recording,switch_hand,10,-0.557220,7.368291,6.736353,0.118518,-0.077189,0.252942
459733290.000,Miguel,recording,switch_hand,10,-0.489504,7.400294,6.705793,0.122575,-0.088525,0.265899
459733300.000,Miguel,recording,switch_hand,10,-0.431367,7.399066,6.698852,0.126657,-0.101015,0.274363
459733310.000,Miguel,recording,switch_hand,10,-0.393669,7.357719,6.708779,0.135195,-0.109005,0.279365
459733320.000,Miguel,recording,switch_hand,10,-0.385141,7.342144,6.673373,0.148211,-0.112797,0.281847
459733330.000,Miguel,recording,switch_hand,10,-0.381497,7.315220,6.629234,0.162717,-0.115747,0.286413
459733340.000,Miguel,recording,switch_hand,10,-0.414889,7.279676,6.583629,0.174676,-0.117349,0.298244
459733350.000,Miguel,recording,switch_hand,10,-0.438919,7.199628,6.572917,0.183189,-0.117318,0.322754
459733360.000,Miguel,recording,switch_hand,10,-0.440918,7.162300,6.618335,0.192270,-0.115501,0.360524
459733370.000,Miguel,recording,switch_hand,10,-0.416240,7.144079,6.703695,0.208533,-0.108180,0.404718
459733380.000,Miguel,recording,switch_hand,10,-0.372217,7.128004,6.796981,0.235709,-0.094112,0.448577
459733390.000,Miguel,recording,switch_hand,10,-0.327513,7.134306,6.844788,0.271877,-0.077017,0.488524
459733400.000,Miguel,recording,switch_hand,10,-0.359235,7.136281,6.859661,0.312870,-0.067279,0.523971
459733410.000,Miguel,recording,switch_hand,10,-0.436942,7.166816,6.882652,0.358564,-0.076965,0.557173
459733420.000,Miguel,recording,switch_hand,10,-0.507387,7.171828,6.835332,0.409860,-0.112101,0.588337
459733430.000,Miguel,recording,switch_hand,10,-0.608751,7.156035,6.759694,0.458904,-0.171024,0.616731
459733440.000,Miguel,recording,switch_hand,10,-0.740156,7.097928,6.663409,0.491873,-0.240418,0.640854
459733450.000,Miguel,recording,switch_hand,10,-0.891213,7.084836,6.529131,0.496026,-0.301210,0.656453
459733460.000,Miguel,recording,switch_hand,10,-1.348703,7.057963,6.531253,0.471963,-0.358277,0.667947
459733470.000,Miguel,recording,switch_hand,10,-2.329999,7.049440,6.787795,0.451110,-0.446425,0.699305
459733480.000,Miguel,recording,switch_hand,10,-3.346710,6.887248,7.050317,0.480119,-0.616379,0.773127
459733490.000,Miguel,recording,switch_hand,10,-3.677496,6.663747,6.874331,0.589405,-0.977604,0.874034
459733500.000,Miguel,recording,switch_hand,10,-3.741995,6.546504,6.356890,0.763420,-1.593619,0.948773
459733510.000,Miguel,recording,switch_hand,10,-3.479705,6.743785,5.618591,0.950115,-2.394294,0.960335
459733520.000,Miguel,recording,switch_hand,10,-3.642531,6.986394,4.509448,1.080591,-3.223746,0.925626
459733530.000,Miguel,recording,switch_hand,10,-5.650494,5.672127,2.808088,1.015616,-3.701849,1.425182
459733540.000,Miguel,recording,switch_hand,10,3.118762,2.575507,-3.201571,0.340068,-3.568226,3.086463
459733550.000,Miguel,recording,switch_hand,10,35.759003,8.106020,-5.343074,-0.763016,-2.643298,3.435729
459733560.000,Miguel,recording,switch_hand,10,17.871841,11.965947,2.044778,-1.367393,-0.689611,1.828278
459733570.000,Miguel,recording,switch_hand,10,5.092131,11.711152,-0.209211,-1.502786,1.022789,0.844663
459733580.000,Miguel,recording,switch_hand,10,-4.555430,9.134630,-1.246596,-1.771597,1.494791,0.937465
459733590.000,Miguel,recording,switch_hand,10,-1.351808,7.648859,-0.786283,-2.206042,1.675890,1.452158
459733600.000,Miguel,recording,switch_hand,10,3.204804,6.378068,1.241829,-2.792753,2.223364,1.740308
459733610.000,Miguel,recording,switch_hand,10,3.658373,4.911158,4.947067,-3.381177,2.783728,1.687299
459733620.000,Miguel,recording,switch_hand,10,3.517719,5.265903,10.556500,-3.578525,3.073605,1.476882
459733630.000,Miguel,recording,switch_hand,10,2.372779,4.767313,13.339115,-3.374766,3.093077,1.235404
459733640.000,Miguel,recording,switch_hand,10,1.890171,5.350611,14.625964,-2.900755,2.859300,1.065914
459733650.000,Miguel,recording,switch_hand,10,2.094808,5.433846,15.479831,-2.166566,2.417511,0.969966
459733660.000,Miguel,recording,switch_hand,10,2.600298,5.431380,15.354743,-1.259934,1.756797,0.876885
459733670.000,Miguel,recording,switch_hand,10,2.650119,5.628695,13.448581,-0.356277,1.026005,0.770344
459733680.000,Miguel,recording,switch_hand,10,2.622379,5.462804,11.597178,0.356479,0.425725,0.669176
459733690.000,Miguel,recording,switch_hand,10,2.292908,5.248242,9.311147,0.765309,0.027381,0.591708
459733700.000,Miguel,recording,switch_hand,10,2.116459,5.312029,7.623393,0.897721,-0.227141,0.527836
459733710.000,Miguel,recording,switch_hand,10,2.268110,5.643542,6.466913,0.850319,-0.365917,0.449993
459733720.000,Miguel,recording,switch_hand,10,2.631809,6.075986,5.955900,0.703598,-0.397422,0.343469
459733730.000,Miguel,recording,switch_hand,10,2.918138,6.472772,6.044113,0.528246,-0.366261,0.215554
459733740.000,Miguel,recording,switch_hand,10,2.834310,6.667425,6.316385,0.380620,-0.325935,0.094049
459733750.000,Miguel,recording,switch_hand,10,2.488241,6.545854,6.537097,0.275817,-0.301846,0.006833
459733760.000,Miguel,recording,switch_hand,10,2.350568,6.184997,6.475878,0.185383,-0.295520,-0.060073
459733770.000,Miguel,recording,switch_hand,10,2.730923,5.652046,6.326985,0.071900,-0.294361,-0.154133
459733780.000,Miguel,recording,switch_hand,10,2.649181,5.684195,6.698605,-0.037174,-0.237832,-0.267430
459733790.000,Miguel,recording,switch_hand,10,2.405704,5.895926,7.357588,-0.075984,-0.084901,-0.358064
459733800.000,Miguel,recording,switch_hand,10,1.971228,6.126954,8.039734,-0.018956,0.133042,-0.417317
459733810.000,Miguel,recording,switch_hand,10,1.450236,6.181721,8.452022,0.119952,0.377911,-0.444163
459733820.000,Miguel,recording,switch_hand,10,1.038074,6.219071,8.601308,0.304602,0.624105,-0.438329
459733830.000,Miguel,recording,switch_hand,10,0.838313,6.282780,8.526680,0.497713,0.848704,-0.401916
459733840.000,Miguel,recording,switch_hand,10,0.757251,6.358278,8.309323,0.669192,1.026024,-0.338284
459733850.000,Miguel,recording,switch_hand,10,0.682359,6.384424,7.982741,0.797340,1.136905,-0.251365
459733860.000,Miguel,recording,switch_hand,10,0.685884,6.376114,7.496176,0.864301,1.174141,-0.141427
459733870.000,Miguel,recording,switch_hand,10,0.778840,6.399827,6.987821,0.857236,1.142740,-0.015231
459733880.000,Miguel,recording,switch_hand,10,0.963859,6.405004,6.555916,0.773193,1.054143,0.113074
459733890.000,Miguel,recording,switch_hand,10,1.131089,6.342749,6.275063,0.622563,0.920949,0.231893
459733900.000,Miguel,recording,switch_hand,10,1.377560,6.254414,6.137096,0.430326,0.758171,0.330059
459733910.000,Miguel,recording,switch_hand,10,1.661867,6.082819,6.169352,0.230782,0.586515,0.397426
459733920.000,Miguel,recording,switch_hand,10,1.845294,5.916254,6.382025,0.059174,0.441491,0.426266
459733930.000,Miguel,recording,switch_hand,10,1.921516,5.753374,6.785479,-0.053361,0.362198,0.418196
459733940.000,Miguel,recording,switch_hand,10,2.009601,5.705951,7.239007,-0.090915,0.354600,0.386250
459733950.000,Miguel,recording,switch_hand,10,2.187557,5.715705,7.619043,-0.053446,0.393136,0.341195
459733960.000,Miguel,recording,switch_hand,10,2.387977,5.771673,7.847231,0.047574,0.453165,0.288331
459733970.000,Miguel,recording,switch_hand,10,2.499446,5.761904,7.832326,0.175264,0.510365,0.239278
459733980.000,Miguel,recording,switch_hand,10,2.545720,5.711657,7.587806,0.287112,0.538787,0.198514
459733990.000,Miguel,recording,switch_hand,10,2.575381,5.614739,7.307301,0.361702,0.535046,0.151703
459734000.000,Miguel,recording,switch_hand,10,2.563573,5.556893,6.959008,0.388679,0.515150,0.090389
459734010.000,Miguel,recording,switch_hand,10,2.523684,5.504849,6.716609,0.369805,0.491446,0.018984
459734020.000,Miguel,recording,switch_hand,10,2.501732,5.540851,6.627686,0.321794,0.466609,-0.055528
459734030.000,Miguel,recording,switch_hand,10,2.477511,5.628625,6.634664,0.264721,0.439038,-0.123082
459734040.000,Miguel,recording,switch_hand,10,2.372301,5.697958,6.628012,0.208735,0.408979,-0.174446
459734050.000,Miguel,recording,switch_hand,10,2.178406,5.793618,6.719035,0.155702,0.390705,-0.210416
459734060.000,Miguel,recording,switch_hand,10,1.897994,5.935453,6.888295,0.108214,0.393976,-0.232972
459734070.000,Miguel,recording,switch_hand,10,1.600770,6.079255,7.072523,0.070508,0.400425,-0.235450
459734080.000,Miguel,recording,switch_hand,10,1.368171,6.175254,7.213989,0.046763,0.386378,-0.213232
459734090.000,Miguel,recording,switch_hand,10,1.294936,6.195992,7.312804,0.037609,0.348351,-0.173047
459734100.000,Miguel,recording,switch_hand,10,1.354119,6.224694,7.324312,0.039451,0.302949,-0.127956
459734110.000,Miguel,recording,switch_hand,10,1.451877,6.230568,7.271974,0.044389,0.272052,-0.092925
459734120.000,Miguel,recording,switch_hand,10,1.531851,6.252939,7.235749,0.047063,0.269807,-0.081046
459734130.000,Miguel,recording,switch_hand,10,1.599134,6.270646,7.266310,0.052124,0.293999,-0.093212
459734140.000,Miguel,recording,switch_hand,10,1.620982,6.307885,7.327911,0.067940,0.330802,-0.118689
459734150.000,Miguel,recording,switch_hand,10,1.619388,6.318485,7.388027,0.095299,0.361254,-0.145485
459734160.000,Miguel,recording,switch_hand,10,1.575968,6.393334,7.335628,0.119618,0.370326,-0.166044
459734170.000,Miguel,recording,switch_hand,10,1.508609,6.478578,7.242975,0.121350,0.354294,-0.178636
459734180.000,Miguel,recording,switch_hand,10,1.373766,6.562313,7.141823,0.094924,0.313505,-0.185823
459734190.000,Miguel,recording,switch_hand,10,1.261815,6.556608,7.094672,0.048440,0.250966,-0.191829
459734200.000,Miguel,recording,switch_hand,10,1.191584,6.520180,7.142880,-0.004981,0.175955,-0.198196
459734210.000,Miguel,recording,switch_hand,10,1.165350,6.477834,7.155500,-0.053242,0.096604,-0.204510
459734220.000,Miguel,recording,switch_hand,10,1.157545,6.455169,7.151145,-0.092985,0.022840,-0.214933
459734230.000,Miguel,recording,switch_hand,10,1.085655,6.468556,7.180410,-0.123337,-0.024961,-0.234701
459734240.000,Miguel,recording,switch_hand,10,0.922919,6.554712,7.330893,-0.134059,-0.034060,-0.259882
459734250.000,Miguel,recording,switch_hand,10,0.741322,6.600828,7.526429,-0.114382,-0.015523,-0.277872
459734260.000,Miguel,recording,switch_hand,10,0.624406,6.629249,7.611245,-0.064978,0.010127,-0.279362
459734270.000,Miguel,recording,switch_hand,10,0.581760,6.649230,7.586213,0.000827,0.038172,-0.268164
459734280.000,Miguel,recording,switch_hand,10,0.576760,6.723691,7.453918,0.061583,0.075635,-0.254483
459734290.000,Miguel,recording,switch_hand,11,0.540154,6.774650,7.265614,0.096263,0.114711,-0.240653
459734300.000,Miguel,recording,switch_hand,11,0.461077,6.837760,7.127961,0.095794,0.137696,-0.223156
459734310.000,Miguel,recording,switch_hand,11,0.413567,6.853301,7.096335,0.071244,0.139063,-0.201700
459734320.000,Miguel,recording,switch_hand,11,0.369563,6.828656,7.145634,0.040886,0.125350,-0.177740
459734330.000,Miguel,recording,switch_hand,11,0.316309,6.834269,7.235123,0.016006,0.105656,-0.150431
459734340.000,Miguel,recording,switch_hand,11,0.289105,6.798845,7.290044,0.000417,0.085151,-0.119428
459734350.000,Miguel,recording,switch_hand,11,0.335678,6.731920,7.315500,-0.006636,0.062918,-0.088122
459734360.000,Miguel,recording,switch_hand,11,0.449215,6.680750,7.311649,-0.006350,0.037883,-0.063882
459734370.000,Miguel,recording,switch_hand,11,0.526112,6.603745,7.256578,-0.003824,0.017112,-0.052028
459734380.000,Miguel,recording,switch_hand,11,0.550631,6.588954,7.272334,-0.003687,0.008655,-0.052954
459734390.000,Miguel,recording,switch_hand,11,0.521139,6.611685,7.376332,-0.003120,0.010596,-0.063919
459734400.000,Miguel,recording,switch_hand,11,0.466049,6.620716,7.500509,0.004193,0.014020,-0.078552
459734410.000,Miguel,recording,switch_hand,11,0.396562,6.597213,7.554241,0.021273,0.009897,-0.087933
459734420.000,Miguel,recording,switch_hand,11,0.362093,6.542105,7.521100,0.043783,-0.004509,-0.088542
459734430.000,Miguel,recording,switch_hand,11,0.350803,6.541681,7.406737,0.063032,-0.026135,-0.082536
459734440.000,Miguel,recording,switch_hand,11,0.380348,6.521798,7.240978,0.072000,-0.046927,-0.074952
459734450.000,Miguel,recording,switch_hand,11,0.366575,6.491039,7.099394,0.068219,-0.054090,-0.071175
459734460.000,Miguel,recording,switch_hand,11,0.413263,6.520850,7.025793,0.056324,-0.039236,-0.071747
459734470.000,Miguel,recording,switch_hand,11,0.541407,6.593444,7.022900,0.045238,-0.007399,-0.075263
459734480.000,Miguel,recording,switch_hand,11,0.606480,6.595147,7.088407,0.040063,0.024315,-0.080752
459734490.000,Miguel,recording,switch_hand,11,0.636822,6.583345,7.076254,0.040912,0.044275,-0.088700
459734500.000,Miguel,recording,switch_hand,11,0.578190,6.585880,7.084336,0.040817,0.055895,-0.099304
459734510.000,Miguel,recording,switch_hand,11,0.473308,6.634167,7.140837,0.035519,0.064310,-0.109979
459734520.000,Miguel,recording,switch_hand,11,0.334307,6.698235,7.235960,0.029587,0.062822,-0.111480
459734530.000,Miguel,recording,switch_hand,11,0.191779,6.737840,7.325763,0.028780,0.044952,-0.098459
459734540.000,Miguel,recording,switch_hand,11,0.164760,6.681382,7.338509,0.034273,0.013582,-0.076951
459734550.000,Miguel,recording,switch_hand,11,0.253361,6.630710,7.267751,0.040307,-0.021688,-0.055549
459734560.000,Miguel,recording,switch_hand,11,0.403827,6.596345,7.145337,0.039678,-0.046777,-0.041898
459734570.000,Miguel,recording,switch_hand,11,0.520388,6.608564,7.064175,0.031020,-0.056608,-0.041862
459734580.000,Miguel,recording,switch_hand,11,0.546435,6.607927,7.047251,0.020560,-0.055671,-0.053160
459734590.000,Miguel,recording,switch_hand,11,0.475747,6.594559,7.065266,0.014473,-0.051776,-0.064365
459734600.000,Miguel,recording,switch_hand,11,0.406264,6.604247,7.065325,0.013023,-0.049509,-0.067167
459734610.000,Miguel,recording,switch_hand,11,0.435632,6.652641,7.028103,0.012089,-0.038726,-0.061533
459734620.000,Miguel,recording,switch_hand,11,0.479075,6.705064,7.083539,0.010441,-0.008913,-0.053861
459734630.000,Miguel,recording,switch_hand,11,0.478638,6.720182,7.207880,0.013054,0.030373,-0.048555
459734640.000,Miguel,recording,switch_hand,11,0.464872,6.707952,7.344823,0.026415,0.063562,-0.046160
459734650.000,Miguel,recording,switch_hand,11,0.474391,6.669243,7.437661,0.050142,0.087009,-0.047225
459734660.000,Miguel,recording,switch_hand,11,0.493552,6.649451,7.463630,0.079471,0.101908,-0.052551
459734670.000,Miguel,recording,switch_hand,11,0.514637,6.642016,7.465361,0.110869,0.107543,-0.063876
459734680.000,Miguel,recording,switch_hand,11,0.532514,6.640562,7.428418,0.138902,0.101849,-0.080815
459734690.000,Miguel,recording,switch_hand,11,0.484110,6.643120,7.339602,0.160131,0.084643,-0.101032
459734700.000,Miguel,recording,switch_hand,11,0.401525,6.662300,7.174198,0.168547,0.059427,-0.118227
459734710.000,Miguel,recording,switch_hand,11,0.278212,6.728194,7.001018,0.155383,0.029793,-0.124184
459734720.000,Miguel,recording,switch_hand,11,0.208358,6.799661,6.895125,0.122395,-0.001303,-0.115824
459734730.000,Miguel,recording,switch_hand,11,0.215649,6.829618,6.859341,0.082326,-0.026655,-0.099111
459734740.000,Miguel,recording,switch_hand,11,0.232805,6.850635,6.939470,0.049721,-0.036277,-0.082027
459734750.000,Miguel,recording,switch_hand,11,0.262291,6.819814,7.019983,0.032816,-0.028461,-0.067486
459734760.000,Miguel,recording,switch_hand,11,0.292121,6.767029,7.131252,0.033261,-0.011362,-0.057285
459734770.000,Miguel,recording,switch_hand,11,0.321218,6.748646,7.192903,0.048678,0.003377,-0.051158
459734780.000,Miguel,recording,switch_hand,11,0.316073,6.707193,7.160483,0.070746,0.007495,-0.048339
459734790.000,Miguel,recording,switch_hand,11,0.320274,6.693887,7.087134,0.088117,0.005966,-0.050624
459734800.000,Miguel,recording,switch_hand,11,0.346665,6.708067,7.031572,0.095595,0.008573,-0.059755
459734810.000,Miguel,recording,switch_hand,11,0.367764,6.715466,6.991679,0.098633,0.008839,-0.074243
459734820.000,Miguel,recording,switch_hand,11,0.337360,6.675164,6.948246,0.102545,0.002995,-0.088696
459734830.000,Miguel,recording,switch_hand,11,0.247523,6.614024,6.866349,0.104668,0.002499,-0.097921
459734840.000,Miguel,recording,switch_hand,11,0.214159,6.660473,6.785892,0.097967,0.012304,-0.099415
459734850.000,Miguel,recording,switch_hand,11,0.184276,6.733562,6.710612,0.078238,0.022632,-0.094134
459734860.000,Miguel,recording,switch_hand,11,0.123416,6.763332,6.731089,0.048993,0.022698,-0.082763
459734870.000,Miguel,recording,switch_hand,11,0.048371,6.712410,6.752442,0.016317,0.009317,-0.063567
459734880.000,Miguel,recording,switch_hand,11,0.004950,6.630555,6.789972,-0.013168,-0.009296,-0.039155
459734890.000,Miguel,recording,switch_hand,11,0.060378,6.625169,6.900791,-0.032311,-0.017333,-0.019354
459734900.000,Miguel,recording,switch_hand,11,0.133876,6.652160,7.024590,-0.034251,-0.009566,-0.010627
459734910.000,Miguel,recording,switch_hand,11,0.216012,6.637292,7.137118,-0.017165,0.007012,-0.011005
459734920.000,Miguel,recording,switch_hand,11,0.280992,6.619230,7.146524,0.012193,0.024107,-0.017665
459734930.000,Miguel,recording,switch_hand,11,0.316598,6.581434,7.088504,0.042067,0.036745,-0.029730
459734940.000,Miguel,recording,switch_hand,11,0.293745,6.594325,6.963179,0.062993,0.048823,-0.046940
459734950.000,Miguel,recording,switch_hand,11,0.271332,6.618599,6.904886,0.071684,0.066703,-0.068810
459734960.000,Miguel,recording,switch_hand,11,0.234492,6.680204,6.913539,0.070617,0.086801,-0.089923
459734970.000,Miguel,recording,switch_hand,11,0.184973,6.740089,6.923439,0.066242,0.097640,-0.102813
459734980.000,Miguel,recording,switch_hand,11,0.162279,6.794424,6.915309,0.060671,0.092887,-0.103451
459734990.000,Miguel,recording,switch_hand,11,0.167097,6.823094,6.866797,0.050082,0.077661,-0.093583
459735000.000,Miguel,recording,switch_hand,11,0.130757,6.852410,6.847203,0.028011,0.059402,-0.077942
459735010.000,Miguel,recording,switch_hand,11,0.052113,6.882844,6.868086,-0.005817,0.038240,-0.060271
459735020.000,Miguel,recording,switch_hand,11,-0.024004,6.880338,6.958468,-0.040566,0.008462,-0.041977
459735030.000,Miguel,recording,switch_hand,11,-0.030969,6.813525,7.046275,-0.064063,-0.027672,-0.023896
459735040.000,Miguel,recording,switch_hand,11,0.058379,6.766942,7.145052,-0.070318,-0.056416,-0.010755
459735050.000,Miguel,recording,switch_hand,11,0.123559,6.799333,7.199082,-0.059449,-0.066622,-0.007610
459735060.000,Miguel,recording,switch_hand,11,0.154033,6.835061,7.197056,-0.038482,-0.061037,-0.014336
459735070.000,Miguel,recording,switch_hand,11,0.112106,6.835180,7.113098,-0.016602,-0.050387,-0.024690
459735080.000,Miguel,recording,switch_hand,11,0.083408,6.822567,7.007789,-0.000213,-0.043482,-0.031580
459735090.000,Miguel,recording,switch_hand,11,0.073128,6.802924,6.855191,0.002581,-0.042810,-0.033038
459735100.000,Miguel,recording,switch_hand,11,0.068568,6.822740,6.772330,-0.011365,-0.047677,-0.029734
459735110.000,Miguel,recording,switch_hand,11,0.015640,6.800039,6.728962,-0.036187,-0.056257,-0.019934
459735120.000,Miguel,recording,switch_hand,11,-0.029153,6.776419,6.762195,-0.064183,-0.063837,-0.000972
459735130.000,Miguel,recording,switch_hand,11,-0.028245,6.734220,6.806874,-0.088338,-0.064783,0.025467
459735140.000,Miguel,recording,switch_hand,11,0.085835,6.726074,6.907236,-0.100449,-0.052704,0.046970
459735150.000,Miguel,recording,switch_hand,11,0.265287,6.713906,7.073120,-0.094275,-0.025554,0.051463
459735160.000,Miguel,recording,switch_hand,11,0.366501,6.700227,7.216133,-0.069330,0.008136,0.039555
459735170.000,Miguel,recording,switch_hand,11,0.362238,6.689192,7.242231,-0.033817,0.034902,0.020638
459735180.000,Miguel,recording,switch_hand,11,0.295279,6.680889,7.157537,-0.003765,0.048354,0.001015
459735190.000,Miguel,recording,switch_hand,11,0.285598,6.690296,7.057197,0.007799,0.051750,-0.018018
459735200.000,Miguel,recording,switch_hand,11,0.264046,6.720371,7.007609,-0.000137,0.047970,-0.033355
459735210.000,Miguel,recording,switch_hand,11,0.227192,6.787805,7.047850,-0.016260,0.037621,-0.043143
459735220.000,Miguel,recording,switch_hand,11,0.161394,6.810681,7.120347,-0.028116,0.023755,-0.043742
459735230.000,Miguel,recording,switch_hand,11,0.115552,6.841992,7.209216,-0.030229,0.010771,-0.033326
459735240.000,Miguel,recording,switch_hand,11,0.127992,6.868374,7.222705,-0.026257,-0.000255,-0.016514
459735250.000,Miguel,recording,switch_hand,11,0.221486,6.872888,7.184376,-0.021022,-0.006124,-0.001965
459735260.000,Miguel,recording,switch_hand,11,0.328157,6.835192,7.199642,-0.015596,-0.001437,0.002389
459735270.000,Miguel,recording,switch_hand,11,0.317644,6.799062,7.230078,-0.007114,0.008361,-0.003082
459735280.000,Miguel,recording,switch_hand,11,0.295545,6.773325,7.234775,0.006963,0.014218,-0.012405
459735290.000,Miguel,recording,switch_hand,11,0.332701,6.769065,7.228895,0.024206,0.017380,-0.023091
459735300.000,Miguel,recording,switch_hand,11,0.407052,6.779192,7.201669,0.040653,0.020939,-0.036966
459735310.000,Miguel,recording,switch_hand,11,0.396004,6.780168,7.139640,0.049398,0.021498,-0.051317
459735320.000,Miguel,recording,switch_hand,11,0.277418,6.787155,7.092041,0.047743,0.017628,-0.059456
459735330.000,Miguel,recording,switch_hand,11,0.147834,6.821715,7.085555,0.038119,0.008093,-0.057055
459735340.000,Miguel,recording,switch_hand,11,0.095145,6.791849,7.104356,0.025930,-0.008004,-0.044054
459735350.000,Miguel,recording,switch_hand,11,0.141971,6.778310,7.143563,0.019432,-0.023165,-0.025975
459735360.000,Miguel,recording,switch_hand,11,0.259559,6.774133,7.176319,0.021890,-0.028110,-0.010267
459735370.000,Miguel,recording,switch_hand,11,0.373238,6.776834,7.173805,0.030803,-0.022490,0.000288
459735380.000,Miguel,recording,switch_hand,11,0.398358,6.737196,7.183898,0.040272,-0.017134,0.005700
459735390.000,Miguel,recording,switch_hand,11,0.431502,6.633984,7.120060,0.046387,-0.020788,0.005881
459735400.000,Miguel,recording,switch_hand,11,0.519226,6.574075,7.127077,0.051919,-0.026016,-0.002303
459735410.000,Miguel,recording,switch_hand,11,0.600799,6.535638,7.129713,0.059870,-0.025705,-0.020795
459735420.000,Miguel,recording,switch_hand,11,0.684594,6.539632,7.108651,0.070489,-0.021432,-0.048175
459735430.000,Miguel,recording,switch_hand,11,0.754605,6.542912,7.061285,0.082242,-0.011631,-0.079954
459735440.000,Miguel,recording,switch_hand,11,0.800119,6.575420,7.034855,0.091881,0.003451,-0.110748
459735450.000,Miguel,recording,switch_hand,11,0.758535,6.638909,7.064842,0.097993,0.015838,-0.137584
459735460.000,Miguel,recording,switch_hand,11,0.641889,6.669897,7.071226,0.100020,0.014792,-0.154090
459735470.000,Miguel,recording,switch_hand,11,0.538852,6.697530,7.040133,0.094687,-0.001291,-0.156364
459735480.000,Miguel,recording,switch_hand,11,0.538693,6.769627,7.052487,0.082844,-0.025360,-0.148629
459735490.000,Miguel,recording,switch_hand,11,0.572840,6.831247,7.072434,0.069446,-0.049728,-0.138216
459735500.000,Miguel,recording,switch_hand,11,0.661921,6.834617,7.118749,0.059294,-0.068796,-0.130530
459735510.000,Miguel,recording,switch_hand,11,0.776507,6.780513,7.201242,0.057914,-0.078729,-0.129256
459735520.000,Miguel,recording,switch_hand,11,0.893509,6.721241,7.230044,0.068185,-0.078188,-0.135926
459735530.000,Miguel,recording,switch_hand,11,0.970027,6.640178,7.278896,0.090143,-0.068974,-0.152062
459735540.000,Miguel,recording,switch_hand,11,1.024661,6.580152,7.290145,0.120689,-0.051795,-0.174710
459735550.000,Miguel,recording,switch_hand,11,1.063515,6.527072,7.341198,0.157642,-0.027132,-0.193096
459735560.000,Miguel,recording,switch_hand,11,1.129856,6.477461,7.346617,0.201332,0.004273,-0.195188
459735570.000,Miguel,recording,switch_hand,11,1.285074,6.393639,7.358897,0.247745,0.043091,-0.174169
459735580.000,Miguel,recording,switch_hand,11,1.574383,6.253774,7.317286,0.288815,0.087609,-0.135141
459735590.000,Miguel,recording,switch_hand,11,2.080650,5.968430,7.130156,0.317548,0.130027,-0.095439
459735600.000,Miguel,recording,switch_hand,11,2.796225,5.699647,7.016874,0.331749,0.173477,-0.084630
459735610.000,Miguel,recording,switch_hand,11,3.651195,5.344278,6.869192,0.254183,0.108777,-0.266642
459735620.000,Miguel,recording,switch_hand,11,6.829703,3.149721,5.656668,-0.202013,-0.493804,-1.218931
459735630.000,Miguel,recording,switch_hand,11,4.890251,0.455824,10.514279,-0.480220,-0.988037,-2.515092
459735640.000,Miguel,recording,switch_hand,11,-5.267092,2.942206,14.409258,0.246693,-0.798122,-3.105261
459735650.000,Miguel,recording,switch_hand,11,-24.086659,11.173354,13.997433,1.373730,-0.562649,-2.389292
459735660.000,Miguel,recording,switch_hand,11,-16.391948,16.689150,8.311917,1.993612,-0.464747,-0.851621
459735670.000,Miguel,recording,switch_hand,11,-5.328531,14.636778,4.542672,2.006870,-0.500214,0.213624
459735680.000,Miguel,recording,switch_hand,11,0.521986,9.396710,1.960953,1.627409,-0.691090,0.562232
459735690.000,Miguel,recording,switch_hand,11,0.613817,5.172479,1.713452,1.080731,-0.835632,0.564344
459735700.000,Miguel,recording,switch_hand,11,0.814300,4.606643,3.078716,0.610826,-0.866246,0.474849
459735710.000,Miguel,recording,switch_hand,11,1.694110,5.780915,4.708312,0.312515,-0.901243,0.330621
459735720.000,Miguel,recording,switch_hand,11,1.677868,7.324389,5.888062,0.181601,-0.890151,0.177440
459735730.000,Miguel,recording,switch_hand,11,1.357150,8.372753,6.059102,0.164887,-0.656704,0.084636
459735740.000,Miguel,recording,switch_hand,11,1.282355,8.406504,5.699166,0.191249,-0.245317,0.048012
459735750.000,Miguel,recording,switch_hand,11,1.533059,8.681510,4.972969,0.210139,0.175540,0.026354
459735760.000,Miguel,recording,switch_hand,11,1.594713,8.390004,5.274195,0.209704,0.590577,-0.017022
459735770.000,Miguel,recording,switch_hand,11,1.807199,7.848788,5.356886,0.200257,0.985995,-0.108760
459735780.000,Miguel,recording,switch_hand,11,1.786087,7.398182,5.459111,0.189132,1.330329,-0.255308
459735790.000,Miguel,recording,switch_hand,11,1.356442,7.413416,5.577572,0.187849,1.593728,-0.429664
459735800.000,Miguel,recording,switch_hand,11,0.695609,7.468610,5.295911,0.181745,1.736255,-0.581946
459735810.000,Miguel,recording,switch_hand,11,0.480153,7.465655,4.985587,0.148788,1.777471,-0.694542
459735820.000,Miguel,recording,switch_hand,11,0.462204,7.573890,4.957521,0.095946,1.767556,-0.791501
459735830.000,Miguel,recording,switch_hand,11,0.264869,7.441162,4.930227,0.045810,1.720958,-0.878692
459735840.000,Miguel,recording,switch_hand,11,0.083535,6.437269,4.921027,0.007376,1.640746,-0.940065
459735850.000,Miguel,recording,switch_hand,11,-0.590868,5.745562,5.250723,-0.017261,1.575542,-0.960215
459735860.000,Miguel,recording,switch_hand,11,-1.053795,6.509021,6.150859,-0.032267,1.554926,-0.962607
459735870.000,Miguel,recording,switch_hand,11,-1.010985,7.410006,6.667570,-0.078843,1.519125,-1.002757
459735880.000,Miguel,recording,switch_hand,11,-1.071698,7.741898,6.522189,-0.190627,1.500218,-1.092288
459735890.000,Miguel,recording,switch_hand,11,-0.741343,7.701833,5.513065,-0.315374,1.591776,-1.177952
459735900.000,Miguel,recording,switch_hand,11,-0.142402,7.343118,5.114978,-0.354725,1.679352,-1.236089
459735910.000,Miguel,recording,switch_hand,11,-1.275363,7.179682,6.161090,-0.270248,1.497227,-1.332999
459735920.000,Miguel,recording,switch_hand,11,-3.503730,6.678420,6.154317,-0.216837,1.009828,-1.446825
459735930.000,Miguel,recording,switch_hand,11,-5.089081,5.519761,5.025037,-0.313935,0.590751,-1.465832
459735940.000,Miguel,recording,switch_hand,11,-6.125386,5.461761,4.110308,-0.370613,0.496413,-1.360122
459735950.000,Miguel,recording,switch_hand,11,-6.504145,5.654525,4.080274,-0.383873,0.429519,-1.110653
459735960.000,Miguel,recording,switch_hand,11,-6.125221,5.383377,3.837955,-0.496825,0.325343,-0.744445
459735970.000,Miguel,recording,switch_hand,11,-6.462007,5.859825,4.290683,-0.608666,0.379692,-0.304867
459735980.000,Miguel,recording,switch_hand,11,-6.405922,6.502339,4.887915,-0.650082,0.436844,0.200661
459735990.000,Miguel,recording,switch_hand,11,-5.810521,7.027905,5.581727,-0.618259,0.320790,0.684815
459736000.000,Miguel,recording,switch_hand,11,-5.182300,7.671008,6.749624,-0.470635,0.034147,1.045467
459736010.000,Miguel,recording,switch_hand,11,-4.171345,8.127609,7.329940,-0.213001,-0.351168,1.242072
459736020.000,Miguel,recording,switch_hand,11,-2.987369,8.472859,7.490409,0.081575,-0.772755,1.285636
459736030.000,Miguel,recording,switch_hand,11,-1.867929,8.559397,7.260263,0.334777,-1.144472,1.210260
459736040.000,Miguel,recording,switch_hand,11,-0.933056,8.487239,6.912120,0.489631,-1.386007,1.057618
459736050.000,Miguel,recording,switch_hand,11,-0.278299,8.337446,6.616078,0.528443,-1.462017,0.858815
459736060.000,Miguel,recording,switch_hand,11,0.078387,8.150956,6.487534,0.470452,-1.380049,0.636050
459736070.000,Miguel,recording,switch_hand,11,0.118554,8.010501,6.510810,0.356220,-1.182148,0.407282
459736080.000,Miguel,recording,switch_hand,11,-0.133286,7.915692,6.652433,0.230794,-0.925446,0.185227
459736090.000,Miguel,recording,switch_hand,11,-0.523369,7.817709,6.823672,0.127342,-0.665110,-0.018148
459736100.000,Miguel,recording,switch_hand,11,-0.943734,7.723698,6.891006,0.059690,-0.437648,-0.191835
459736110.000,Miguel,recording,switch_hand,11,-1.316029,7.622167,6.808930,0.025881,-0.259696,-0.326183
459736120.000,Miguel,recording,switch_hand,11,-1.587798,7.472325,6.638343,0.014929,-0.133375,-0.411690
459736130.000,Miguel,recording,switch_hand,11,-1.756738,7.206778,6.390149,0.013554,-0.053560,-0.442831
459736140.000,Miguel,recording,switch_hand,11,-1.925662,6.981489,6.173397,0.011187,-0.011051,-0.423555
459736150.000,Miguel,recording,switch_hand,11,-2.170001,6.906610,6.064951,0.009206,-0.000552,-0.360536
459736160.000,Miguel,recording,switch_hand,11,-2.453836,6.983512,6.056387,0.018217,-0.030819,-0.267698
459736170.000,Miguel,recording,switch_hand,11,-2.666499,7.122120,6.069720,0.045395,-0.106100,-0.168561
459736180.000,Miguel,recording,switch_hand,11,-2.739282,7.205785,6.037881,0.089398,-0.216353,-0.081727
459736190.000,Miguel,recording,switch_hand,11,-2.707955,7.265742,5.962715,0.139123,-0.349198,-0.012688
459736200.000,Miguel,recording,switch_hand,11,-2.595699,7.284734,5.827613,0.180589,-0.493087,0.039502
459736210.000,Miguel,recording,switch_hand,11,-2.436214,7.266078,5.645637,0.201208,-0.628840,0.073511
459736220.000,Miguel,recording,switch_hand,11,-2.311659,7.260674,5.511853,0.194503,-0.744518,0.091689
459736230.000,Miguel,recording,switch_hand,11,-2.173379,7.265597,5.459196,0.162746,-0.841380,0.101606
459736240.000,Miguel,recording,switch_hand,11,-2.004889,7.253942,5.566798,0.115671,-0.914419,0.107263
459736250.000,Miguel,recording,switch_hand,11,-1.811909,7.282342,5.757982,0.066993,-0.954271,0.105506
459736260.000,Miguel,recording,switch_hand,11,-1.609059,7.240206,5.994342,0.029414,-0.959970,0.092320
459736270.000,Miguel,recording,switch_hand,11,-1.478336,7.174576,6.216436,0.009366,-0.941917,0.067051
459736280.000,Miguel,recording,switch_hand,11,-1.439807,7.082608,6.394899,0.006079,-0.910424,0.032630
459736290.000,Miguel,recording,switch_hand,11,-1.481126,7.080321,6.511357,0.014359,-0.871754,-0.004178
459736300.000,Miguel,recording,switch_hand,11,-1.570962,7.138642,6.567343,0.025656,-0.823978,-0.038656
459736310.000,Miguel,recording,switch_hand,11,-1.630643,7.193569,6.581535,0.032675,-0.761019,-0.067806
459736320.000,Miguel,recording,switch_hand,11,-1.663262,7.193577,6.561842,0.030093,-0.679479,-0.087748
459736330.000,Miguel,recording,switch_hand,11,-1.673376,7.196012,6.546018,0.015023,-0.578012,-0.098671
459736340.000,Miguel,recording,switch_hand,11,-1.668635,7.176986,6.514365,-0.010667,-0.467103,-0.104384
459736350.000,Miguel,recording,switch_hand,11,-1.619609,7.167183,6.476212,-0.043245,-0.365092,-0.107224
459736360.000,Miguel,recording,switch_hand,11,-1.605894,7.192221,6.438452,-0.075810,-0.285339,-0.104523
459736370.000,Miguel,recording,switch_hand,11,-1.647705,7.287054,6.452623,-0.098805,-0.231682,-0.094175
459736380.000,Miguel,recording,switch_hand,11,-1.687416,7.349805,6.490481,-0.103719,-0.204043,-0.076751
459736390.000,Miguel,recording,switch_hand,11,-1.667049,7.348722,6.531129,-0.088373,-0.200218,-0.053650
459736400.000,Miguel,recording,switch_hand,11,-1.604061,7.262212,6.563120,-0.059306,-0.209478,-0.026869
459736410.000,Miguel,recording,switch_hand,11,-1.561088,7.206974,6.553019,-0.026552,-0.222346,0.003434
459736420.000,Miguel,recording,switch_hand,11,-1.516274,7.208968,6.522401,0.002973,-0.231883,0.037900
459736430.000,Miguel,recording,switch_hand,11,-1.491699,7.209558,6.497825,0.026657,-0.230865,0.077578
459736440.000,Miguel,recording,switch_hand,11,-1.422496,7.223284,6.495194,0.044749,-0.219772,0.120620
459736450.000,Miguel,recording,switch_hand,11,-1.316733,7.282183,6.454430,0.058399,-0.209843,0.161034
459736460.000,Miguel,recording,switch_hand,11,-1.131057,7.372477,6.453019,0.068685,-0.211243,0.191560
459736470.000,Miguel,recording,switch_hand,11,-0.878608,7.445954,6.432342,0.078121,-0.220779,0.204730
459736480.000,Miguel,recording,switch_hand,11,-0.657171,7.501780,6.410042,0.090097,-0.227649,0.196013
459736490.000,Miguel,recording,switch_hand,11,-0.548602,7.552044,6.357722,0.105431,-0.230665,0.165938
459736500.000,Miguel,recording,switch_hand,11,-0.516597,7.571152,6.260601,0.119222,-0.237594,0.119248
459736510.000,Miguel,recording,switch_hand,11,-0.530057,7.607818,6.112382,0.123110,-0.254999,0.062958
459736520.000,Miguel,recording,switch_hand,11,-0.585743,7.609099,5.950498,0.112228,-0.283960,0.005204
459736530.000,Miguel,recording,switch_hand,11,-0.674521,7.621825,5.899889,0.088904,-0.314991,-0.045692
459736540.000,Miguel,recording,switch_hand,11,-0.805885,7.565946,5.913453,0.061078,-0.338248,-0.080720
459736550.000,Miguel,recording,switch_hand,11,-0.894091,7.465237,5.980548,0.032651,-0.351102,-0.094890
459736560.000,Miguel,recording,switch_hand,11,-0.908932,7.394109,6.073821,0.004351,-0.353830,-0.090586
459736570.000,Miguel,recording,switch_hand,11,-0.876722,7.389073,6.210961,-0.019343,-0.344848,-0.075548
459736580.000,Miguel,recording,switch_hand,11,-0.822646,7.390949,6.354500,-0.031187,-0.321545,-0.062035
459736590.000,Miguel,recording,switch_hand,11,-0.798769,7.401865,6.452021,-0.027431,-0.288958,-0.059038
459736600.000,Miguel,recording,switch_hand,11,-0.776285,7.373075,6.493647,-0.014684,-0.259491,-0.069666
459736610.000,Miguel,recording,switch_hand,11,-0.835334,7.346266,6.464376,-0.001200,-0.238144,-0.088834
459736620.000,Miguel,recording,switch_hand,11,-0.927600,7.326989,6.416800,0.007618,-0.220095,-0.107089
459736630.000,Miguel,recording,switch_hand,11,-1.017045,7.293310,6.350165,0.008206,-0.200737,-0.116056
459736640.000,Miguel,recording,switch_hand,11,-1.109808,7.235544,6.328324,-0.001524,-0.178606,-0.111261
459736650.000,Miguel,recording,switch_hand,11,-1.184867,7.188799,6.318619,-0.017275,-0.151894,-0.095072
459736660.000,Miguel,recording,switch_hand,11,-1.243954,7.196466,6.355231,-0.032584,-0.122734,-0.073266
459736670.000,Miguel,recording,switch_hand,11,-1.273365,7.201344,6.394223,-0.044394,-0.098509,-0.052681
459736680.000,Miguel,recording,switch_hand,11,-1.305741,7.209781,6.420004,-0.050676,-0.085325,-0.037124
459736690.000,Miguel,recording,switch_hand,11,-1.347412,7.219457,6.435987,-0.050765,-0.087718,-0.024974
459736700.000,Miguel,recording,switch_hand,11,-1.399419,7.226716,6.460171,-0.045244,-0.105279,-0.011675
459736710.000,Miguel,recording,switch_hand,11,-1.428148,7.218767,6.453041,-0.035107,-0.132288,0.004253
459736720.000,Miguel,recording,switch_hand,11,-1.444102,7.221935,6.471862,-0.023654,-0.159881,0.021559
459736730.000,Miguel,recording,switch_hand,11,-1.414764,7.216902,6.447799,-0.015281,-0.177843,0.037996
459736740.000,Miguel,recording,switch_hand,11,-1.397605,7.193766,6.445533,-0.013671,-0.180784,0.052027
459736750.000,Miguel,recording,switch_hand,11,-1.421942,7.172826,6.459524,-0.018474,-0.170045,0.064117
459736760.000,Miguel,recording,switch_hand,11,-1.490230,7.121207,6.509707,-0.024909,-0.150984,0.076059
459736770.000,Miguel,recording,switch_hand,11,-1.589353,7.061772,6.576688,-0.032205,-0.128157,0.090033
459736780.000,Miguel,recording,switch_hand,11,-1.689265,7.012543,6.598672,-0.039311,-0.106223,0.106770
459736790.000,Miguel,recording,switch_hand,11,-1.780652,7.042423,6.646715,-0.044702,-0.087745,0.127819
459736800.000,Miguel,recording,switch_hand,11,-1.863014,7.046951,6.675334,-0.047266,-0.071425,0.151705
459736810.000,Miguel,recording,switch_hand,11,-1.953966,7.053128,6.728676,-0.046046,-0.053535,0.174572
459736820.000,Miguel,recording,switch_hand,11,-2.024238,7.014522,6.758909,-0.042793,-0.028993,0.196617
459736830.000,Miguel,recording,switch_hand,11,-2.096134,6.969574,6.777343,-0.037342,0.000607,0.218509
459736840.000,Miguel,recording,switch_hand,11,-2.174061,6.993014,6.725099,-0.029501,0.021232,0.237871
459736850.000,Miguel,recording,switch_hand,11,-2.324980,7.005008,6.674956,-0.020375,0.013205,0.252185
459736860.000,Miguel,recording,switch_hand,11,-2.498689,7.005764,6.552770,-0.006100,-0.048547,0.267401
459736870.000,Miguel,recording,switch_hand,11,-2.829352,7.100777,6.530027,0.022149,-0.197571,0.297747
459736880.000,Miguel,recording,switch_hand,11,-3.469515,7.225661,6.471140,0.068826,-0.444357,0.353550
459736890.000,Miguel,recording,switch_hand,11,-4.065110,7.449095,6.307410,0.127116,-0.777133,0.430139
459736900.000,Miguel,recording,switch_hand,11,-4.338438,7.727888,5.847417,0.180882,-1.189189,0.498925
459736910.000,Miguel,recording,switch_hand,11,-4.482254,7.600843,5.089836,0.204964,-1.686313,0.531700
459736920.000,Miguel,recording,switch_hand,11,-4.673542,7.715967,4.607369,0.212394,-2.303148,0.556015
459736930.000,Miguel,recording,switch_hand,11,-4.441201,7.306333,3.857819,0.229441,-3.015169,0.655385
459736940.000,Miguel,recording,switch_hand,11,-5.410353,6.143085,2.338746,0.148219,-3.573907,1.214610
459736950.000,Miguel,recording,switch_hand,11,0.059947,4.549674,-0.094292,-0.237637,-3.729295,2.685565
459736960.000,Miguel,recording,switch_hand,11,16.311122,5.630889,3.246655,-0.550132,-3.215252,3.520123
459736970.000,Miguel,recording,switch_hand,11,13.880551,10.064155,5.375776,-0.389391,-1.948790,2.955746
459736980.000,Miguel,recording,switch_hand,11,7.031670,11.432260,3.539280,-0.295068,-0.575475,2.407920
459736990.000,Miguel,recording,switch_hand,11,-0.665710,10.159110,1.775584,-0.737187,0.311770,2.433681
459737000.000,Miguel,recording,switch_hand,11,-4.405691,6.940369,1.022272,-1.593088,0.873175,2.903406
459737010.000,Miguel,recording,switch_hand,11,-1.920641,3.837243,1.601382,-2.576894,1.316323,3.427408
459737020.000,Miguel,recording,switch_hand,11,3.039059,1.644487,6.032463,-3.239409,1.380660,3.650350
459737030.000,Miguel,recording,switch_hand,11,6.458535,3.698013,10.762832,-3.249126,1.285140,3.438329
459737040.000,Miguel,recording,switch_hand,11,6.815822,2.761773,11.590470,-2.854500,1.373676,2.906910
459737050.000,Miguel,recording,switch_hand,11,8.315401,1.983123,13.451294,-2.279960,1.359527,2.188726
459737060.000,Miguel,recording,switch_hand,11,8.776692,2.637336,14.118448,-1.493307,1.123863,1.387806
459737070.000,Miguel,recording,switch_hand,11,8.905142,3.891803,14.642694,-0.593471,0.838181,0.640974
459737080.000,Miguel,recording,switch_hand,11,7.730336,4.222137,13.230819,0.243249,0.606775,0.035294
459737090.000,Miguel,recording,switch_hand,11,5.997358,4.196703,11.019248,0.835502,0.436340,-0.383258
459737100.000,Miguel,recording,switch_hand,11,4.497118,4.668611,8.797278,1.113187,0.315541,-0.629996
459737110.000,Miguel,recording,switch_hand,11,3.523848,5.454144,7.675177,1.136004,0.215599,-0.756862
459737120.000,Miguel,recording,switch_hand,11,2.754363,6.319958,7.263393,1.016345,0.135263,-0.797575
459737130.000,Miguel,recording,switch_hand,11,2.147789,6.866430,7.339557,0.859092,0.075640,-0.765907
459737140.000,Miguel,recording,switch_hand,11,1.698727,7.264029,7.450505,0.731399,0.039056,-0.673921
459737150.000,Miguel,recording,switch_hand,11,1.463353,7.389002,7.383061,0.652418,0.040312,-0.547828
459737160.000,Miguel,recording,switch_hand,11,1.466145,7.364859,7.193504,0.607822,0.083867,-0.416319
459737170.000,Miguel,recording,switch_hand,11,1.576592,7.345673,6.858346,0.571965,0.156050,-0.298978
459737180.000,Miguel,recording,switch_hand,11,1.756313,7.271608,6.573575,0.523008,0.245679,-0.217233
459737190.000,Miguel,recording,switch_hand,11,2.051731,7.130865,6.417754,0.460486,0.355811,-0.187411
459737200.000,Miguel,recording,switch_hand,11,2.230069,6.952858,6.479207,0.403717,0.492708,-0.204581
459737210.000,Miguel,recording,switch_hand,11,2.199204,6.778266,6.681501,0.372503,0.649612,-0.246102
459737220.000,Miguel,recording,switch_hand,11,2.010144,6.655611,6.942427,0.377733,0.809636,-0.286965
459737230.000,Miguel,recording,switch_hand,11,1.800872,6.508234,7.129887,0.417062,0.953377,-0.314253
459737240.000,Miguel,recording,switch_hand,11,1.672144,6.411144,7.113509,0.472606,1.069126,-0.327897
459737250.000,Miguel,recording,switch_hand,11,1.610960,6.401534,7.004649,0.523325,1.158792,-0.332502
459737260.000,Miguel,recording,switch_hand,11,1.515247,6.415233,6.878349,0.553939,1.224292,-0.328895
459737270.000,Miguel,recording,switch_hand,11,1.338861,6.438203,6.784988,0.555504,1.261723,-0.311600
459737280.000,Miguel,recording,switch_hand,11,1.131055,6.424360,6.778181,0.529358,1.265423,-0.275277
459737290.000,Miguel,recording,switch_hand,11,0.920382,6.336764,6.883364,0.480897,1.224064,-0.223215
459737300.000,Miguel,recording,switch_hand,11,0.778389,6.231655,7.010307,0.418164,1.123902,-0.167074
459737310.000,Miguel,recording,switch_hand,11,0.726251,6.132893,7.098744,0.351046,0.968798,-0.114882
459737320.000,Miguel,recording,switch_hand,11,0.749435,6.078393,7.125502,0.284694,0.781780,-0.070240
459737330.000,Miguel,recording,switch_hand,11,0.854018,6.043909,7.152672,0.224454,0.591084,-0.038041
459737340.000,Miguel,recording,switch_hand,12,1.018695,6.110327,7.227991,0.180740,0.431641,-0.023368
459737350.000,Miguel,recording,switch_hand,12,1.130618,6.192003,7.259043,0.159064,0.319885,-0.022568
459737360.000,Miguel,recording,switch_hand,12,1.204261,6.268577,7.237880,0.157390,0.247443,-0.024736
459737370.000,Miguel,recording,switch_hand,12,1.269854,6.305288,7.185620,0.172139,0.210882,-0.027371
459737380.000,Miguel,recording,switch_hand,12,1.316605,6.292781,7.110964,0.201523,0.216718,-0.035060
459737390.000,Miguel,recording,switch_hand,12,1.387099,6.263149,7.010213,0.240976,0.276777,-0.051178
459737400.000,Miguel,recording,switch_hand,12,1.486435,6.332257,6.989953,0.283401,0.386325,-0.074002
459737410.000,Miguel,recording,switch_hand,12,1.588694,6.472833,7.024802,0.327753,0.513578,-0.099777
459737420.000,Miguel,recording,switch_hand,12,1.605933,6.579589,7.025587,0.370475,0.618610,-0.122729
459737430.000,Miguel,recording,switch_hand,12,1.515709,6.603812,6.965522,0.398666,0.672568,-0.136765
459737440.000,Miguel,recording,switch_hand,12,1.415201,6.608085,6.868071,0.398135,0.669392,-0.141897
459737450.000,Miguel,recording,switch_hand,12,1.318284,6.594007,6.819558,0.362482,0.622130,-0.147821
459737460.000,Miguel,recording,switch_hand,12,1.249270,6.588990,6.792052,0.297086,0.541083,-0.160127
459737470.000,Miguel,recording,switch_hand,12,1.179523,6.580196,6.800047,0.217916,0.429114,-0.175778
459737480.000,Miguel,recording,switch_hand,12,1.152862,6.571363,6.886212,0.141598,0.297338,-0.193488
459737490.000,Miguel,recording,switch_hand,12,1.079016,6.594400,6.954499,0.078347,0.161740,-0.209628
459737500.000,Miguel,recording,switch_hand,12,0.923771,6.620758,7.068611,0.036249,0.042959,-0.220282
459737510.000,Miguel,recording,switch_hand,12,0.782617,6.653529,7.153540,0.018335,-0.043722,-0.223285
459737520.000,Miguel,recording,switch_hand,12,0.727446,6.683505,7.167452,0.023427,-0.101178,-0.218451
459737530.000,Miguel,recording,switch_hand,12,0.785360,6.721305,7.121778,0.049247,-0.133633,-0.210955
459737540.000,Miguel,recording,switch_hand,12,0.923132,6.759752,7.015425,0.086969,-0.144903,-0.207156
459737550.000,Miguel,recording,switch_hand,12,0.999486,6.788592,6.799875,0.121039,-0.135635,-0.210890
459737560.000,Miguel,recording,switch_hand,12,0.944045,6.797688,6.555500,0.136106,-0.102353,-0.221780
459737570.000,Miguel,recording,switch_hand,12,0.871590,6.851207,6.387852,0.125525,-0.055091,-0.236300
459737580.000,Miguel,recording,switch_hand,12,0.803341,6.878188,6.350335,0.096143,-0.015689,-0.249759
459737590.000,Miguel,recording,switch_hand,12,0.775428,6.905442,6.411485,0.061362,0.004714,-0.257877
459737600.000,Miguel,recording,switch_hand,12,0.723274,6.912403,6.517701,0.033037,0.012640,-0.261276
459737610.000,Miguel,recording,switch_hand,12,0.589947,6.960253,6.717914,0.018243,0.022116,-0.260859
459737620.000,Miguel,recording,switch_hand,12,0.425230,6.981756,6.922469,0.021040,0.036564,-0.254663
459737630.000,Miguel,recording,switch_hand,12,0.252676,6.960874,7.042614,0.043627,0.047003,-0.245081
459737640.000,Miguel,recording,switch_hand,12,0.156078,6.911480,7.047862,0.078495,0.051297,-0.237129
459737650.000,Miguel,recording,switch_hand,12,0.057329,6.830182,6.928806,0.108490,0.058759,-0.233337
459737660.000,Miguel,recording,switch_hand,12,-0.018363,6.870567,6.807895,0.120400,0.080295,-0.233121
459737670.000,Miguel,recording,switch_hand,12,-0.040888,6.966638,6.802164,0.117900,0.112729,-0.235003
459737680.000,Miguel,recording,switch_hand,12,-0.017095,7.016037,6.870453,0.118801,0.150858,-0.239611
459737690.000,Miguel,recording,switch_hand,12,0.027594,7.002681,6.981403,0.134388,0.197908,-0.245317
459737700.000,Miguel,recording,switch_hand,12,0.043198,6.984581,7.069697,0.164265,0.251188,-0.250212
459737710.000,Miguel,recording,switch_hand,12,0.050508,6.980034,7.071123,0.201970,0.296269,-0.254998
459737720.000,Miguel,recording,switch_hand,12,0.002696,6.985780,6.966229,0.232277,0.317347,-0.259575
459737730.000,Miguel,recording,switch_hand,12,-0.072296,6.978006,6.819173,0.241555,0.309401,-0.264431
459737740.000,Miguel,recording,switch_hand,12,-0.179777,6.995149,6.703838,0.228731,0.273785,-0.267537
459737750.000,Miguel,recording,switch_hand,12,-0.321518,7.012702,6.670265,0.201054,0.214568,-0.262908
459737760.000,Miguel,recording,switch_hand,12,-0.452701,7.068786,6.673881,0.163883,0.138447,-0.243671
459737770.000,Miguel,recording,switch_hand,12,-0.507582,7.131210,6.639533,0.121404,0.053322,-0.209738
459737780.000,Miguel,recording,switch_hand,12,-0.541391,7.138592,6.554474,0.078309,-0.029930,-0.169627
459737790.000,Miguel,recording,switch_hand,12,-0.515153,7.126158,6.530799,0.041661,-0.090685,-0.132085
459737800.000,Miguel,recording,switch_hand,12,-0.394633,7.127086,6.543572,0.018899,-0.110665,-0.101651
459737810.000,Miguel,recording,switch_hand,12,-0.219570,7.120914,6.548713,0.012336,-0.092377,-0.077465
459737820.000,Miguel,recording,switch_hand,12,-0.053035,7.112773,6.552930,0.021079,-0.052413,-0.059397
459737830.000,Miguel,recording,switch_hand,12,0.068444,7.054130,6.513994,0.037909,-0.007341,-0.050889
459737840.000,Miguel,recording,switch_hand,12,0.105845,6.970258,6.406733,0.049663,0.035254,-0.053039
459737850.000,Miguel,recording,switch_hand,12,0.097402,6.910707,6.280680,0.044911,0.071870,-0.062522
459737860.000,Miguel,recording,switch_hand,12,0.160505,6.964153,6.273920,0.022525,0.094714,-0.077363
459737870.000,Miguel,recording,switch_hand,12,0.199901,7.003977,6.307477,-0.008700,0.097863,-0.096644
459737880.000,Miguel,recording,switch_hand,12,0.161844,7.036994,6.417888,-0.037931,0.086856,-0.114343
459737890.000,Miguel,recording,switch_hand,12,0.064941,7.084251,6.585722,-0.057852,0.071583,-0.121602
459737900.000,Miguel,recording,switch_hand,12,0.009920,7.096675,6.763591,-0.064025,0.054089,-0.117379
459737910.000,Miguel,recording,switch_hand,12,0.012577,7.079603,6.846338,-0.054901,0.036255,-0.107738
459737920.000,Miguel,recording,switch_hand,12,0.060856,7.018126,6.857333,-0.036487,0.028370,-0.097756
459737930.000,Miguel,recording,switch_hand,12,0.145070,6.999446,6.847080,-0.020449,0.038714,-0.091120
459737940.000,Miguel,recording,switch_hand,12,0.272519,7.006182,6.815036,-0.011652,0.061842,-0.090911
459737950.000,Miguel,recording,switch_hand,12,0.409223,7.037034,6.858802,-0.008274,0.087992,-0.097341
459737960.000,Miguel,recording,switch_hand,12,0.457310,7.119269,6.989795,-0.006127,0.109849,-0.104826
459737970.000,Miguel,recording,switch_hand,12,0.419572,7.174059,7.129479,-0.001798,0.114389,-0.106577
459737980.000,Miguel,recording,switch_hand,12,0.358937,7.119556,7.192828,0.006436,0.095214,-0.101667
459737990.000,Miguel,recording,switch_hand,12,0.411959,7.023275,7.153670,0.016096,0.061659,-0.095163
459738000.000,Miguel,recording,switch_hand,12,0.528390,6.953014,7.101354,0.020942,0.024675,-0.092793
459738010.000,Miguel,recording,switch_hand,12,0.614292,6.996707,7.041476,0.019047,-0.012141,-0.096867
459738020.000,Miguel,recording,switch_hand,12,0.666679,7.018211,7.022255,0.013111,-0.047375,-0.107393
459738030.000,Miguel,recording,switch_hand,12,0.710402,6.964567,7.010709,0.008941,-0.070480,-0.125446
459738040.000,Miguel,recording,switch_hand,12,0.623395,6.911265,7.008730,0.012159,-0.063041,-0.146276
459738050.000,Miguel,recording,switch_hand,12,0.489531,6.936699,6.956441,0.027541,-0.013002,-0.151668
459738060.000,Miguel,recording,switch_hand,12,0.306726,7.015370,6.462391,0.050394,0.099776,-0.124660
459738070.000,Miguel,recording,switch_hand,12,1.250300,6.979785,5.403537,0.059734,0.338727,-0.063468
459738080.000,Miguel,recording,switch_hand,12,4.427807,6.137490,4.338859,0.048651,0.816078,-0.015046
459738090.000,Miguel,recording,switch_hand,12,8.589741,4.944689,3.556164,0.054355,1.676819,-0.088792
459738100.000,Miguel,recording,switch_hand,12,10.730762,4.457627,2.980686,0.074616,3.014854,-0.313000
459738110.000,Miguel,recording,switch_hand,12,9.704824,3.276242,2.233838,0.100677,4.595538,-0.616405
459738120.000,Miguel,recording,switch_hand,12,6.913575,2.617952,2.474309,0.188855,6.058270,-0.994475
459738130.000,Miguel,recording,switch_hand,12,4.738929,2.163055,2.473918,0.117985,6.938603,-1.628476
459738140.000,Miguel,recording,switch_hand,12,-3.414465,3.657957,1.897206,-0.865226,6.013553,-2.905021
459738150.000,Miguel,recording,switch_hand,12,-14.479102,4.219913,7.586535,-2.040358,4.297531,-3.982199
459738160.000,Miguel,recording,switch_hand,12,-10.345986,4.562996,4.649229,-2.335835,3.381251,-4.111598
459738170.000,Miguel,recording,switch_hand,12,-12.901974,6.026220,8.357734,-2.006659,2.501160,-3.707059
459738180.000,Miguel,recording,switch_hand,12,-14.647128,8.102750,8.087059,-1.306812,1.308057,-2.981328
459738190.000,Miguel,recording,switch_hand,12,-13.451859,8.030366,7.055453,-0.457613,0.134402,-2.190939
459738200.000,Miguel,recording,switch_hand,12,-12.031088,7.085535,6.037639,0.310326,-0.913470,-1.551239
459738210.000,Miguel,recording,switch_hand,12,-10.187259,5.334062,4.626127,0.699175,-1.729007,-1.096898
459738220.000,Miguel,recording,switch_hand,12,-8.763285,6.019296,6.133453,0.828174,-2.086766,-0.652326
459738230.000,Miguel,recording,switch_hand,12,-7.913052,5.796602,6.109932,0.769313,-2.073327,-0.084146
459738240.000,Miguel,recording,switch_hand,12,-6.787211,6.148390,5.201902,0.447386,-1.758478,0.599454
459738250.000,Miguel,recording,switch_hand,12,-7.334883,7.072820,6.554571,0.069151,-1.360267,1.290443
459738260.000,Miguel,recording,switch_hand,12,-6.515117,6.910969,8.238399,-0.176233,-1.229788,1.811911
459738270.000,Miguel,recording,switch_hand,12,-5.858001,6.763613,10.084695,-0.138398,-1.416752,2.067410
459738280.000,Miguel,recording,switch_hand,12,-5.076800,7.027340,10.747186,0.186277,-1.757372,2.101618
459738290.000,Miguel,recording,switch_hand,12,-4.261725,7.289166,10.155385,0.633829,-2.068985,2.012183
459738300.000,Miguel,recording,switch_hand,12,-3.194270,7.604217,8.759076,1.005695,-2.241879,1.852692
459738310.000,Miguel,recording,switch_hand,12,-2.006279,7.909918,7.322488,1.186685,-2.233996,1.637574
459738320.000,Miguel,recording,switch_hand,12,-0.855779,8.102266,6.210191,1.160423,-2.060917,1.366921
459738330.000,Miguel,recording,switch_hand,12,0.120112,8.046659,5.433550,0.969005,-1.773622,1.034236
459738340.000,Miguel,recording,switch_hand,12,0.725348,7.828842,4.999291,0.671667,-1.433526,0.646359
459738350.000,Miguel,recording,switch_hand,12,0.872142,7.568225,4.875979,0.325434,-1.095727,0.236171
459738360.000,Miguel,recording,switch_hand,12,0.576791,7.337259,5.099818,-0.018554,-0.794129,-0.147097
459738370.000,Miguel,recording,switch_hand,12,0.013235,7.063188,5.585049,-0.310757,-0.540714,-0.458464
459738380.000,Miguel,recording,switch_hand,12,-0.602600,6.772860,6.176801,-0.511522,-0.342070,-0.672284
459738390.000,Miguel,recording,switch_hand,12,-1.120224,6.375005,6.697848,-0.604047,-0.211795,-0.788485
459738400.000,Miguel,recording,switch_hand,12,-1.522567,5.971516,7.087266,-0.595680,-0.169628,-0.826720
459738410.000,Miguel,recording,switch_hand,12,-1.796677,5.673751,7.305501,-0.512271,-0.220667,-0.811332
459738420.000,Miguel,recording,switch_hand,12,-2.032285,5.516596,7.338614,-0.386653,-0.350043,-0.762168
459738430.000,Miguel,recording,switch_hand,12,-2.299126,5.547566,7.269702,-0.248881,-0.531697,-0.688257
459738440.000,Miguel,recording,switch_hand,12,-2.564337,5.728759,7.151517,-0.121880,-0.735011,-0.591053
459738450.000,Miguel,recording,switch_hand,12,-2.767089,5.938512,7.011062,-0.019578,-0.940952,-0.475296
459738460.000,Miguel,recording,switch_hand,12,-2.834085,6.124138,6.864138,0.050937,-1.129333,-0.356519
459738470.000,Miguel,recording,switch_hand,12,-2.783400,6.206730,6.803430,0.088998,-1.285825,-0.248507
459738480.000,Miguel,recording,switch_hand,12,-2.665553,6.182272,6.808450,0.098337,-1.409350,-0.154723
459738490.000,Miguel,recording,switch_hand,12,-2.553078,6.081022,6.888042,0.086153,-1.498880,-0.073344
459738500.000,Miguel,recording,switch_hand,12,-2.459751,6.024929,7.019230,0.063229,-1.560338,-0.001331
459738510.000,Miguel,recording,switch_hand,12,-2.328139,5.960751,7.233572,0.038119,-1.600156,0.060288
459738520.000,Miguel,recording,switch_hand,12,-2.186302,5.909967,7.513253,0.016653,-1.619059,0.112293
459738530.000,Miguel,recording,switch_hand,12,-2.045134,5.852198,7.810010,0.006776,-1.610003,0.159230
459738540.000,Miguel,recording,switch_hand,12,-1.882917,5.837755,8.098009,0.014783,-1.565116,0.202910
459738550.000,Miguel,recording,switch_hand,12,-1.716330,5.828347,8.297702,0.043421,-1.482438,0.241350
459738560.000,Miguel,recording,switch_hand,12,-1.548994,5.795706,8.416581,0.088054,-1.363393,0.273757
459738570.000,Miguel,recording,switch_hand,12,-1.427770,5.811578,8.438436,0.137399,-1.210987,0.302134
459738580.000,Miguel,recording,switch_hand,12,-1.364436,5.845828,8.375727,0.182349,-1.037772,0.327113
459738590.000,Miguel,recording,switch_hand,12,-1.372932,5.927692,8.310624,0.216062,-0.867546,0.348760
459738600.000,Miguel,recording,switch_hand,12,-1.399760,6.021739,8.250252,0.234993,-0.714468,0.370191
459738610.000,Miguel,recording,switch_hand,12,-1.432785,6.124287,8.200804,0.241495,-0.574927,0.394437
459738620.000,Miguel,recording,switch_hand,12,-1.438442,6.223252,8.170489,0.244447,-0.442285,0.418723
459738630.000,Miguel,recording,switch_hand,12,-1.398008,6.301447,8.162334,0.252905,-0.319043,0.435285
459738640.000,Miguel,recording,switch_hand,12,-1.305881,6.430629,8.168118,0.269624,-0.214522,0.440686
459738650.000,Miguel,recording,switch_hand,12,-1.150540,6.534959,8.118602,0.290584,-0.128955,0.435629
459738660.000,Miguel,recording,switch_hand,12,-0.937175,6.555118,7.987750,0.308794,-0.051126,0.419101
459738670.000,Miguel,recording,switch_hand,12,-0.715260,6.584693,7.820509,0.318994,0.028711,0.388742
459738680.000,Miguel,recording,switch_hand,12,-0.492585,6.691345,7.641166,0.323518,0.109789,0.340655
459738690.000,Miguel,recording,switch_hand,12,-0.335461,6.886770,7.405235,0.329461,0.178300,0.272896
459738700.000,Miguel,recording,switch_hand,12,-0.218131,7.015530,7.071706,0.334838,0.216590,0.183459
459738710.000,Miguel,recording,switch_hand,12,-0.093961,6.879597,6.550855,0.318866,0.209209,0.066273
459738720.000,Miguel,recording,switch_hand,12,0.000037,6.908156,6.144228,0.278434,0.142354,-0.061716
459738730.000,Miguel,recording,switch_hand,12,-0.376420,6.961815,5.602613,0.207187,0.024749,-0.183715
459738740.000,Miguel,recording,switch_hand,12,-1.249002,6.271093,4.963269,0.079236,-0.097491,-0.284769
459738750.000,Miguel,recording,switch_hand,12,-2.597382,5.316071,4.772929,-0.013223,-0.266813,-0.328593
459738760.000,Miguel,recording,switch_hand,12,-3.675719,5.903560,5.090395,0.004547,-0.662117,-0.256932
459738770.000,Miguel,recording,switch_hand,12,-4.146379,7.310802,5.333534,0.078961,-1.334540,0.004798
459738780.000,Miguel,recording,switch_hand,12,-2.192047,6.612667,6.578070,0.171718,-1.942168,0.395612
459738790.000,Miguel,recording,switch_hand,12,2.880675,5.591338,7.273588,0.207513,-2.081222,0.757073
459738800.000,Miguel,recording,switch_hand,12,2.141852,4.852818,6.140269,0.104239,-1.952920,1.012942
459738810.000,Miguel,recording,switch_hand,12,3.026294,6.074040,6.720339,-0.069006,-1.825058,1.173383
459738820.000,Miguel,recording,switch_hand,12,2.543503,6.528818,6.690664,-0.186050,-1.634136,1.268193
459738830.000,Miguel,recording,switch_hand,12,2.769369,6.018107,6.596043,-0.225886,-1.400779,1.292565
459738840.000,Miguel,recording,switch_hand,12,3.804945,5.641358,5.904945,-0.259171,-1.139065,1.226340
459738850.000,Miguel,recording,switch_hand,12,4.661616,5.854458,5.094296,-0.359713,-0.829279,1.071565
459738860.000,Miguel,recording,switch_hand,12,4.767986,6.194235,4.744905,-0.540157,-0.456833,0.849081
459738870.000,Miguel,recording,switch_hand,12,4.863389,6.514181,5.101292,-0.755940,0.023518,0.552818
459738880.000,Miguel,recording,switch_hand,12,5.194699,7.155372,6.134797,-0.922297,0.561111,0.161550
459738890.000,Miguel,recording,switch_hand,12,5.142899,7.662132,6.923573,-0.969439,0.936880,-0.285879
459738900.000,Miguel,recording,switch_hand,12,4.114908,7.607822,7.707346,-0.869666,1.055477,-0.673222
459738910.000,Miguel,recording,switch_hand,12,2.493901,7.276300,8.544141,-0.637822,1.026539,-0.879936
459738920.000,Miguel,recording,switch_hand,12,1.075038,6.990203,9.203903,-0.334396,0.972586,-0.878781
459738930.000,Miguel,recording,switch_hand,12,0.172885,6.878474,9.319061,-0.037190,0.944703,-0.741005
459738940.000,Miguel,recording,switch_hand,12,-0.269033,6.883690,8.937727,0.183796,0.901366,-0.550861
459738950.000,Miguel,recording,switch_hand,12,-0.491706,6.911364,8.347720,0.292112,0.785451,-0.357686
459738960.000,Miguel,recording,switch_hand,12,-0.565973,6.928185,7.847525,0.290047,0.584981,-0.181470
459738970.000,Miguel,recording,switch_hand,12,-0.501598,7.019388,7.584588,0.208400,0.332327,-0.022607
459738980.000,Miguel,recording,switch_hand,12,-0.242050,7.208874,7.539830,0.092044,0.073839,0.125233
459738990.000,Miguel,recording,switch_hand,12,0.162111,7.389370,7.669266,-0.016509,-0.147425,0.260898
459739000.000,Miguel,recording,switch_hand,12,0.580070,7.449805,7.839928,-0.084701,-0.299575,0.375243
459739010.000,Miguel,recording,switch_hand,12,0.895640,7.363435,7.892279,-0.100558,-0.365534,0.460282
459739020.000,Miguel,recording,switch_hand,12,1.169090,7.209708,7.981819,-0.072434,-0.341730,0.512624
459739030.000,Miguel,recording,switch_hand,12,1.358970,7.102891,8.150576,-0.009285,-0.239704,0.533979
459739040.000,Miguel,recording,switch_hand,12,1.396680,6.999595,8.326408,0.087109,-0.090408,0.531692
459739050.000,Miguel,recording,switch_hand,12,1.399785,6.831126,8.411227,0.214496,0.071967,0.513664
459739060.000,Miguel,recording,switch_hand,12,1.452792,6.645269,8.374417,0.359937,0.235279,0.485503
459739070.000,Miguel,recording,switch_hand,12,1.666571,6.558222,8.145214,0.499038,0.396642,0.449117
459739080.000,Miguel,recording,switch_hand,12,1.942853,6.544867,7.815404,0.609542,0.541148,0.401746
459739090.000,Miguel,recording,switch_hand,12,2.152864,6.547206,7.471829,0.674060,0.646546,0.339871
459739100.000,Miguel,recording,switch_hand,12,2.263997,6.522040,7.128413,0.684469,0.694417,0.265929
459739110.000,Miguel,recording,switch_hand,12,2.256207,6.442716,6.930912,0.646733,0.676009,0.185191
459739120.000,Miguel,recording,switch_hand,12,2.228073,6.305351,6.794488,0.576105,0.596983,0.102625
459739130.000,Miguel,recording,switch_hand,12,2.201165,6.209301,6.754940,0.492022,0.479486,0.019864
459739140.000,Miguel,recording,switch_hand,12,2.184648,6.122792,6.792035,0.412202,0.357052,-0.063661
459739150.000,Miguel,recording,switch_hand,12,2.080828,6.117298,6.838095,0.350103,0.255426,-0.144364
459739160.000,Miguel,recording,switch_hand,12,1.977357,6.125833,6.835865,0.307792,0.190814,-0.215186
459739170.000,Miguel,recording,switch_hand,12,1.878637,6.111572,6.861676,0.287037,0.180808,-0.274474
459739180.000,Miguel,recording,switch_hand,12,1.773131,6.087844,6.850851,0.292745,0.231468,-0.324353
459739190.000,Miguel,recording,switch_hand,12,1.713270,6.052552,6.783672,0.318707,0.328379,-0.364691
459739200.000,Miguel,recording,switch_hand,12,1.713788,6.066386,6.691127,0.349437,0.444534,-0.397232
459739210.000,Miguel,recording,switch_hand,12,1.736854,6.137836,6.604454,0.371205,0.547274,-0.425202
459739220.000,Miguel,recording,switch_hand,12,1.662574,6.232840,6.654000,0.379811,0.615333,-0.450574
459739230.000,Miguel,recording,switch_hand,12,1.378632,6.367371,6.883304,0.384854,0.642806,-0.473727
459739240.000,Miguel,recording,switch_hand,12,1.113677,6.447251,7.000046,0.395543,0.617286,-0.495403
459739250.000,Miguel,recording,switch_hand,12,0.925860,6.392973,6.996823,0.408701,0.540183,-0.515698
459739260.000,Miguel,recording,switch_hand,12,0.613576,6.282030,6.914607,0.420925,0.448797,-0.531361
459739270.000,Miguel,recording,switch_hand,12,0.299774,6.150901,6.733979,0.428951,0.374687,-0.534320
459739280.000,Miguel,recording,switch_hand,12,-0.010167,6.089208,6.525120,0.422990,0.323473,-0.517598
459739290.000,Miguel,recording,switch_hand,12,-0.154881,6.168203,6.311499,0.395482,0.288195,-0.485565
459739300.000,Miguel,recording,switch_hand,12,-0.137233,6.251027,6.057168,0.354929,0.263202,-0.454937
459739310.000,Miguel,recording,switch_hand,12,0.079138,6.278496,5.866604,0.305943,0.252014,-0.442701
459739320.000,Miguel,recording,switch_hand,12,0.493868,6.278394,5.578468,0.215985,0.252452,-0.458061
459739330.000,Miguel,recording,switch_hand,12,1.062927,5.662726,5.363392,0.092473,0.299699,-0.522903
459739340.000,Miguel,recording,switch_hand,12,1.495394,4.910200,6.431306,0.129774,0.515070,-0.663318
459739350.000,Miguel,recording,switch_hand,12,1.721828,5.315420,6.361559,0.378523,0.919267,-0.871565
459739360.000,Miguel,recording,switch_hand,12,1.445016,5.111498,4.646305,0.554642,1.329552,-1.091146
459739370.000,Miguel,recording,switch_hand,12,0.679995,5.222650,2.539516,0.412152,1.542716,-1.278266
459739380.000,Miguel,recording,switch_hand,12,-0.913176,8.195251,3.158380,-0.020219,1.446311,-1.421658
459739390.000,Miguel,recording,switch_hand,12,-2.982256,10.608282,6.964522,-0.470394,1.070886,-1.485360
459739400.000,Miguel,recording,switch_hand,12,-3.329762,10.507857,7.055869,-0.731906,0.664579,-1.455557
459739410.000,Miguel,recording,switch_hand,12,-4.472146,8.578225,6.068264,-0.891051,0.433900,-1.301858
459739420.000,Miguel,recording,switch_hand,12,-5.352426,7.814453,4.715743,-1.037259,0.330435,-1.018950
459739430.000,Miguel,recording,switch_hand,12,-5.413895,6.464451,4.401401,-1.148005,0.221936,-0.699245
459739440.000,Miguel,recording,switch_hand,12,-4.736509,5.743837,4.894306,-1.218553,0.087152,-0.419585
459739450.000,Miguel,recording,switch_hand,12,-4.798699,4.871331,6.044644,-1.240228,0.029783,-0.153906
459739460.000,Miguel,recording,switch_hand,12,-4.699009,5.187322,6.536817,-1.213247,0.061110,0.164468
459739470.000,Miguel,recording,switch_hand,12,-4.752900,5.476456,7.737098,-1.126451,0.096052,0.530439
459739480.000,Miguel,recording,switch_hand,12,-4.158547,5.750409,8.918871,-0.960709,0.067487,0.884129
459739490.000,Miguel,recording,switch_hand,12,-3.055637,6.027544,9.987714,-0.694416,-0.054000,1.156853
459739500.000,Miguel,recording,switch_hand,12,-1.851696,6.167024,10.607644,-0.332654,-0.229801,1.304622
459739510.000,Miguel,recording,switch_hand,12,-0.807976,6.082634,10.611684,0.091072,-0.405138,1.351073
459739520.000,Miguel,recording,switch_hand,12,-0.086810,6.194447,10.114073,0.508936,-0.548187,1.324500
459739530.000,Miguel,recording,switch_hand,12,0.339456,6.554741,9.228234,0.846714,-0.646430,1.225547
459739540.000,Miguel,recording,switch_hand,12,0.457572,7.074359,8.213972,1.068077,-0.704746,1.071216
459739550.000,Miguel,recording,switch_hand,12,0.383325,7.682413,7.202527,1.158083,-0.741668,0.880812
459739560.000,Miguel,recording,switch_hand,12,0.225703,8.228438,6.325572,1.116392,-0.770044,0.667010
459739570.000,Miguel,recording,switch_hand,12,0.045046,8.536480,5.727373,0.962515,-0.777133,0.439282
459739580.000,Miguel,recording,switch_hand,12,-0.335365,8.691956,5.424912,0.743103,-0.745425,0.221300
459739590.000,Miguel,recording,switch_hand,12,-0.169398,8.407605,5.471951,0.520846,-0.705876,0.065915
459739600.000,Miguel,recording,switch_hand,12,0.130585,8.046556,5.554938,0.318358,-0.696410,-0.025416
459739610.000,Miguel,recording,switch_hand,12,0.238414,7.709384,5.644524,0.125514,-0.690144,-0.120047
459739620.000,Miguel,recording,switch_hand,12,0.225933,7.444575,5.882951,-0.044565,-0.654074,-0.225821
459739630.000,Miguel,recording,switch_hand,12,0.067667,7.175162,6.215582,-0.174296,-0.593197,-0.302873
459739640.000,Miguel,recording,switch_hand,12,-0.109761,6.913442,6.575884,-0.257379,-0.526349,-0.336969
459739650.000,Miguel,recording,switch_hand,12,-0.232709,6.636854,6.864108,-0.292550,-0.466967,-0.335630
459739660.000,Miguel,recording,switch_hand,12,-0.294724,6.390359,7.082859,-0.285081,-0.418711,-0.310811
459739670.000,Miguel,recording,switch_hand,12,-0.380212,6.237185,7.198730,-0.242670,-0.379773,-0.267765
459739680.000,Miguel,recording,switch_hand,12,-0.420188,6.226246,7.294029,-0.177401,-0.349576,-0.209245
459739690.000,Miguel,recording,switch_hand,12,-0.364129,6.308671,7.374222,-0.101213,-0.326380,-0.145054
459739700.000,Miguel,recording,switch_hand,12,-0.257281,6.389329,7.383235,-0.021191,-0.303723,-0.090094
459739710.000,Miguel,recording,switch_hand,12,-0.141469,6.438154,7.281260,0.054286,-0.272592,-0.053359
459739720.000,Miguel,recording,switch_hand,12,-0.116581,6.521075,7.089492,0.114148,-0.230026,-0.033923
459739730.000,Miguel,recording,switch_hand,12,-0.181153,6.636128,6.883266,0.147349,-0.182893,-0.023549
459739740.000,Miguel,recording,switch_hand,12,-0.267151,6.785917,6.658859,0.151478,-0.141088,-0.013928
459739750.000,Miguel,recording,switch_hand,12,-0.327656,6.902873,6.503521,0.130654,-0.112038,-0.003249
459739760.000,Miguel,recording,switch_hand,12,-0.341259,6.972592,6.376795,0.089755,-0.096234,0.006510
459739770.000,Miguel,recording,switch_hand,12,-0.345310,7.006186,6.335494,0.037097,-0.092749,0.013223
459739780.000,Miguel,recording,switch_hand,12,-0.301161,7.062039,6.365882,-0.017736,-0.105873,0.018115
459739790.000,Miguel,recording,switch_hand,12,-0.253873,7.127830,6.520136,-0.065243,-0.138502,0.020970
459739800.000,Miguel,recording,switch_hand,12,-0.167990,7.137185,6.695023,-0.096180,-0.182613,0.016747
459739810.000,Miguel,recording,switch_hand,12,-0.106972,7.118816,6.838859,-0.104365,-0.224909,0.001216
459739820.000,Miguel,recording,switch_hand,12,-0.069070,7.080156,6.910844,-0.098954,-0.266696,-0.024514
459739830.000,Miguel,recording,switch_hand,12,-0.045034,7.106371,6.994010,-0.094854,-0.314815,-0.053950
459739840.000,Miguel,recording,switch_hand,12,-0.006398,7.141201,7.095785,-0.093114,-0.359066,-0.078282
459739850.000,Miguel,recording,switch_hand,12,0.066398,7.093678,7.196884,-0.086140,-0.377086,-0.097132
459739860.000,Miguel,recording,switch_hand,12,0.095543,6.956745,7.227512,-0.069975,-0.360912,-0.117335
459739870.000,Miguel,recording,switch_hand,12,0.085774,6.815861,7.219520,-0.051416,-0.321444,-0.138002
459739880.000,Miguel,recording,switch_hand,12,-0.000868,6.719985,7.184388,-0.040444,-0.271957,-0.150882
459739890.000,Miguel,recording,switch_hand,12,-0.105375,6.683931,7.174293,-0.038668,-0.215377,-0.145645
459739900.000,Miguel,recording,switch_hand,12,-0.194238,6.627729,7.162940,-0.040790,-0.147194,-0.122389
459739910.000,Miguel,recording,switch_hand,12,-0.214927,6.600477,7.159807,-0.040865,-0.072041,-0.090751
459739920.000,Miguel,recording,switch_hand,12,-0.234599,6.588022,7.126913,-0.036525,-0.008338,-0.057001
459739930.000,Miguel,recording,switch_hand,12,-0.225809,6.655778,7.116107,-0.030714,0.028259,-0.023645
459739940.000,Miguel,recording,switch_hand,12,-0.209632,6.745675,7.143011,-0.023251,0.044265,0.009695
459739950.000,Miguel,recording,switch_hand,12,-0.200878,6.838400,7.165173,-0.007974,0.055686,0.041338
459739960.000,Miguel,recording,switch_hand,12,-0.141244,6.877553,7.103594,0.016126,0.064423,0.065302
459739970.000,Miguel,recording,switch_hand,12,-0.089456,6.875703,7.003469,0.044091,0.063002,0.078128
459739980.000,Miguel,recording,switch_hand,12,-0.036576,6.889986,6.889958,0.067949,0.047920,0.081262
459739990.000,Miguel,recording,switch_hand,12,0.017735,6.966099,6.826655,0.079905,0.022154,0.078125
459740000.000,Miguel,recording,switch_hand,12,0.085460,6.988733,6.738440,0.083212,-0.003214,0.071851
459740010.000,Miguel,recording,switch_hand,12,0.168837,6.968428,6.706621,0.084224,-0.016770,0.061159
459740020.000,Miguel,recording,switch_hand,12,0.198103,6.897806,6.581217,0.081709,-0.017347,0.046137
459740030.000,Miguel,recording,switch_hand,12,0.199059,6.886278,6.493693,0.071587,-0.015217,0.029933
459740040.000,Miguel,recording,switch_hand,12,0.159463,6.886134,6.418852,0.050046,-0.022492,0.015332
459740050.000,Miguel,recording,switch_hand,12,0.106790,6.922830,6.428122,0.018391,-0.038164,0.003430
459740060.000,Miguel,recording,switch_hand,12,0.076588,6.992213,6.453705,-0.013790,-0.052656,-0.009109
459740070.000,Miguel,recording,switch_hand,12,0.048566,6.988407,6.533280,-0.038635,-0.064703,-0.024071
459740080.000,Miguel,recording,switch_hand,12,0.021113,6.982459,6.584354,-0.057954,-0.084215,-0.039580
459740090.000,Miguel,recording,switch_hand,12,-0.026862,6.951693,6.648979,-0.075338,-0.115496,-0.051239
459740100.000,Miguel,recording,switch_hand,12,-0.059609,6.936653,6.730722,-0.091468,-0.147788,-0.056075
459740110.000,Miguel,recording,switch_hand,12,-0.047055,6.908851,6.845141,-0.102405,-0.168010,-0.053515
459740120.000,Miguel,recording,switch_hand,12,0.027710,6.872722,6.988010,-0.104079,-0.171548,-0.045206
459740130.000,Miguel,recording,switch_hand,12,0.080878,6.816432,7.058008,-0.096623,-0.165121,-0.038092
459740140.000,Miguel,recording,switch_hand,12,0.117049,6.795063,7.097294,-0.086373,-0.159596,-0.034792
459740150.000,Miguel,recording,switch_hand,12,0.069702,6.842585,7.098000,-0.078432,-0.156417,-0.034138
459740160.000,Miguel,recording,switch_hand,12,0.059772,6.894024,7.135478,-0.073282,-0.150811,-0.034651
459740170.000,Miguel,recording,switch_hand,12,0.045221,6.904564,7.168211,-0.070664,-0.142071,-0.035022
459740180.000,Miguel,recording,switch_hand,12,0.068536,6.855071,7.171894,-0.069829,-0.133744,-0.036285
459740190.000,Miguel,recording,switch_hand,12,0.078073,6.837703,7.181768,-0.070402,-0.129789,-0.038244
459740200.000,Miguel,recording,switch_hand,12,0.029430,6.831344,7.233889,-0.068984,-0.126211,-0.037445
459740210.000,Miguel,recording,switch_hand,12,-0.032959,6.852097,7.307942,-0.060787,-0.114083,-0.030500
459740220.000,Miguel,recording,switch_hand,12,-0.059587,6.852784,7.324847,-0.043593,-0.093508,-0.018424
459740230.000,Miguel,recording,switch_hand,12,-0.043863,6.834705,7.290910,-0.022533,-0.073038,-0.005658
459740240.000,Miguel,recording,switch_hand,12,-0.060116,6.833977,7.231702,-0.005370,-0.059848,0.006074
459740250.000,Miguel,recording,switch_hand,12,-0.083851,6.868219,7.174386,0.007306,-0.051844,0.018429
459740260.000,Miguel,recording,switch_hand,12,-0.089742,6.892685,7.094903,0.016043,-0.046340,0.030862
459740270.000,Miguel,recording,switch_hand,12,-0.078093,6.874675,7.041608,0.018834,-0.046223,0.042548
459740280.000,Miguel,recording,switch_hand,12,-0.063717,6.841928,6.984235,0.017295,-0.048593,0.053824
459740290.000,Miguel,recording,switch_hand,12,-0.084693,6.852528,6.961590,0.015127,-0.047985,0.064358
459740300.000,Miguel,recording,switch_hand,12,-0.091044,6.884409,6.956852,0.013840,-0.043320,0.074216
459740310.000,Miguel,recording,switch_hand,12,-0.085774,6.930848,6.949657,0.010477,-0.037618,0.082482
459740320.000,Miguel,recording,switch_hand,12,-0.112021,6.988451,6.944625,0.003141,-0.034417,0.085963
459740330.000,Miguel,recording,switch_hand,12,-0.158931,7.061552,6.924671,-0.007767,-0.032764,0.085560
459740340.000,Miguel,recording,switch_hand,12,-0.225219,7.103494,6.958797,-0.023030,-0.034009,0.085917
459740350.000,Miguel,recording,switch_hand,12,-0.298375,7.131485,7.042123,-0.037720,-0.040539,0.089248
459740360.000,Miguel,recording,switch_hand,12,-0.338870,7.117736,7.145326,-0.045038,-0.046743,0.095848
459740370.000,Miguel,recording,switch_hand,13,-0.371072,7.063728,7.240552,-0.043227,-0.046344,0.107294
459740380.000,Miguel,recording,switch_hand,13,-0.415290,6.998325,7.279725,-0.034375,-0.037466,0.127411
459740390.000,Miguel,recording,switch_hand,13,-0.494977,6.977892,7.317089,-0.021613,-0.019346,0.157893
459740400.000,Miguel,recording,switch_hand,13,-0.558149,7.011846,7.349164,-0.006708,0.004805,0.198329
459740410.000,Miguel,recording,switch_hand,13,-0.549180,7.012486,7.377954,0.012345,0.026799,0.244211
459740420.000,Miguel,recording,switch_hand,13,-0.498722,6.984413,7.388487,0.036097,0.036891,0.284718
459740430.000,Miguel,recording,switch_hand,13,-0.419324,7.000397,7.381383,0.061110,0.034882,0.311600
459740440.000,Miguel,recording,switch_hand,13,-0.431827,7.035229,7.344002,0.085227,0.030217,0.325247
459740450.000,Miguel,recording,switch_hand,13,-0.485935,7.052373,7.314800,0.103457,0.023426,0.331893
459740460.000,Miguel,recording,switch_hand,13,-0.562986,7.054396,7.280357,0.112459,0.012189,0.338656
459740470.000,Miguel,recording,switch_hand,13,-0.581378,7.063099,7.338540,0.115491,0.000721,0.350182
459740480.000,Miguel,recording,switch_hand,13,-0.540774,7.014379,7.428814,0.120636,-0.003004,0.365961
459740490.000,Miguel,recording,switch_hand,13,-0.467020,6.913867,7.533382,0.135494,0.006403,0.381546
459740500.000,Miguel,recording,switch_hand,13,-0.386537,6.757736,7.597501,0.159496,0.029396,0.394020
459740510.000,Miguel,recording,switch_hand,13,-0.329384,6.631133,7.621854,0.188759,0.065941,0.404933
459740520.000,Miguel,recording,switch_hand,13,-0.349731,6.515523,7.554294,0.221413,0.113685,0.418561
459740530.000,Miguel,recording,switch_hand,13,-0.429896,6.473977,7.485639,0.257051,0.162227,0.440344
459740540.000,Miguel,recording,switch_hand,13,-0.484707,6.432575,7.424862,0.297006,0.197479,0.470986
459740550.000,Miguel,recording,switch_hand,13,-0.482198,6.392891,7.312029,0.341098,0.215528,0.508647
459740560.000,Miguel,recording,switch_hand,13,-0.479983,6.340412,7.136209,0.386790,0.223862,0.552889
459740570.000,Miguel,recording,switch_hand,13,-0.474454,6.278124,6.991364,0.432342,0.220121,0.607947
459740580.000,Miguel,recording,switch_hand,13,-0.482779,6.280790,6.841354,0.485661,0.184358,0.683991
459740590.000,Miguel,recording,switch_hand,13,-0.417174,6.287000,6.567455,0.569609,0.077788,0.782583
459740600.000,Miguel,recording,switch_hand,13,0.020207,6.290157,6.070125,0.700343,-0.147738,0.880656
459740610.000,Miguel,recording,switch_hand,13,0.488368,6.300387,5.306266,0.861398,-0.487530,0.929998
459740620.000,Miguel,recording,switch_hand,13,0.657620,5.991027,4.416576,1.029042,-0.905292,0.918132
459740630.000,Miguel,recording,switch_hand,13,0.057151,5.535658,3.646993,1.163609,-1.398412,0.899654
459740640.000,Miguel,recording,switch_hand,13,-0.862920,5.708794,2.732893,1.218269,-1.958750,0.992040
459740650.000,Miguel,recording,switch_hand,13,-1.225272,5.747733,2.396915,1.094625,-2.373331,1.440726
459740660.000,Miguel,recording,switch_hand,13,6.281130,8.323881,0.536232,0.412665,-1.912564,2.486092
459740670.000,Miguel,recording,switch_hand,13,6.769832,7.684666,-0.336739,-0.743259,-0.797202,3.148279
459740680.000,Miguel,recording,switch_hand,13,7.423010,5.849384,1.625962,-1.612381,-0.013073,2.712264
459740690.000,Miguel,recording,switch_hand,13,7.233610,5.706690,3.487645,-1.964847,0.436628,1.913645
459740700.000,Miguel,recording,switch_hand,13,6.055566,5.928887,6.341909,-2.080523,0.922965,1.272394
459740710.000,Miguel,recording,switch_hand,13,4.012867,5.404756,6.591353,-2.179516,1.482118,0.916024
459740720.000,Miguel,recording,switch_hand,13,3.523531,5.176218,7.213452,-2.350311,1.840437,0.782324
459740730.000,Miguel,recording,switch_hand,13,3.626722,5.041898,7.624828,-2.551867,1.819477,0.713404
459740740.000,Miguel,recording,switch_hand,13,3.996262,5.444281,8.242843,-2.691314,1.459770,0.546901
459740750.000,Miguel,recording,switch_hand,13,4.284570,5.100974,8.556869,-2.739330,0.906182,0.208553
459740760.000,Miguel,recording,switch_hand,13,4.716332,5.039927,9.178020,-2.701707,0.285982,-0.242137
459740770.000,Miguel,recording,switch_hand,13,4.771158,5.279261,11.170374,-2.486501,-0.335913,-0.651790
459740780.000,Miguel,recording,switch_hand,13,3.932577,5.442019,13.317641,-1.999532,-0.852312,-0.879836
459740790.000,Miguel,recording,switch_hand,13,2.967372,5.703679,14.693003,-1.272005,-1.122117,-0.895400
459740800.000,Miguel,recording,switch_hand,13,2.450965,5.908890,14.236016,-0.461171,-1.113410,-0.780553
459740810.000,Miguel,recording,switch_hand,13,2.353074,5.803352,12.486297,0.245620,-0.950079,-0.652627
459740820.000,Miguel,recording,switch_hand,13,2.342911,5.540019,10.475049,0.734626,-0.740484,-0.583962
459740830.000,Miguel,recording,switch_hand,13,2.199740,5.419834,8.891169,0.997792,-0.501056,-0.570903
459740840.000,Miguel,recording,switch_hand,13,2.042618,5.596229,7.924713,1.096246,-0.233927,-0.564089
459740850.000,Miguel,recording,switch_hand,13,1.969352,6.076084,7.378413,1.101187,0.043256,-0.524556
459740860.000,Miguel,recording,switch_hand,13,2.001691,6.632415,7.053197,1.060478,0.291895,-0.444605
459740870.000,Miguel,recording,switch_hand,13,2.029220,6.985204,6.673811,0.991396,0.470194,-0.340173
459740880.000,Miguel,recording,switch_hand,13,1.963880,6.979335,6.260128,0.890252,0.568552,-0.232988
459740890.000,Miguel,recording,switch_hand,13,1.888547,6.782909,5.911833,0.755159,0.616582,-0.139410
459740900.000,Miguel,recording,switch_hand,13,1.830462,6.597950,5.846228,0.600436,0.653233,-0.068050
459740910.000,Miguel,recording,switch_hand,13,1.822690,6.411072,5.977357,0.453380,0.701746,-0.020292
459740920.000,Miguel,recording,switch_hand,13,1.897057,6.304611,6.285122,0.341078,0.774832,0.006987
459740930.000,Miguel,recording,switch_hand,13,1.915251,6.190989,6.668115,0.276153,0.881314,0.019530
459740940.000,Miguel,recording,switch_hand,13,1.871351,6.009051,7.051583,0.255769,1.005473,0.023148
459740950.000,Miguel,recording,switch_hand,13,1.893447,5.885006,7.409013,0.272303,1.107168,0.017275
459740960.000,Miguel,recording,switch_hand,13,1.952504,5.777669,7.645118,0.316682,1.155231,-0.004092
459740970.000,Miguel,recording,switch_hand,13,1.981689,5.657772,7.708962,0.371745,1.143535,-0.046519
459740980.000,Miguel,recording,switch_hand,13,1.915988,5.546910,7.632088,0.415732,1.081590,-0.112463
459740990.000,Miguel,recording,switch_hand,13,1.785531,5.478589,7.587728,0.432386,0.984442,-0.189757
459741000.000,Miguel,recording,switch_hand,13,1.682832,5.495190,7.672506,0.424389,0.864789,-0.264932
459741010.000,Miguel,recording,switch_hand,13,1.598957,5.655960,7.877142,0.412469,0.731405,-0.334081
459741020.000,Miguel,recording,switch_hand,13,1.409483,5.904950,8.113359,0.416418,0.599373,-0.390256
459741030.000,Miguel,recording,switch_hand,13,0.989991,6.087271,8.293815,0.446705,0.484767,-0.419662
459741040.000,Miguel,recording,switch_hand,13,0.574824,6.158772,8.323115,0.501286,0.392963,-0.408378
459741050.000,Miguel,recording,switch_hand,13,0.322032,6.215834,8.222513,0.568660,0.324838,-0.356318
459741060.000,Miguel,recording,switch_hand,13,0.352022,6.357324,7.953452,0.632009,0.281872,-0.280794
459741070.000,Miguel,recording,switch_hand,13,0.587393,6.552645,7.536847,0.673360,0.258806,-0.202485
459741080.000,Miguel,recording,switch_hand,13,0.876834,6.724745,7.108435,0.681879,0.253180,-0.138406
459741090.000,Miguel,recording,switch_hand,13,1.155075,6.859832,6.807312,0.655380,0.271507,-0.098984
459741100.000,Miguel,recording,switch_hand,13,1.394045,6.957900,6.723904,0.604661,0.310107,-0.086287
459741110.000,Miguel,recording,switch_hand,13,1.482592,6.969194,6.758868,0.553811,0.348079,-0.098956
459741120.000,Miguel,recording,switch_hand,13,1.492050,6.907786,6.817915,0.519738,0.373525,-0.131935
459741130.000,Miguel,recording,switch_hand,13,1.427206,6.887329,6.853300,0.503332,0.393572,-0.175553
459741140.000,Miguel,recording,switch_hand,13,1.396827,6.917737,6.877641,0.500784,0.410876,-0.219797
459741150.000,Miguel,recording,switch_hand,13,1.361018,6.940625,6.846522,0.508216,0.418284,-0.262350
459741160.000,Miguel,recording,switch_hand,13,1.296896,6.949833,6.727742,0.517504,0.415058,-0.301653
459741170.000,Miguel,recording,switch_hand,13,1.229116,6.930724,6.533083,0.515295,0.409904,-0.336221
459741180.000,Miguel,recording,switch_hand,13,1.208641,6.938842,6.346857,0.489490,0.406940,-0.368992
459741190.000,Miguel,recording,switch_hand,13,1.215167,6.999981,6.259950,0.439110,0.404797,-0.402795
459741200.000,Miguel,recording,switch_hand,13,1.089103,7.051945,6.311552,0.376607,0.389509,-0.435732
459741210.000,Miguel,recording,switch_hand,13,0.848166,7.017908,6.466633,0.316686,0.343007,-0.462126
459741220.000,Miguel,recording,switch_hand,13,0.581614,6.962906,6.518739,0.266773,0.267725,-0.476870
459741230.000,Miguel,recording,switch_hand,13,0.374363,6.913392,6.552089,0.223943,0.176992,-0.476238
459741240.000,Miguel,recording,switch_hand,13,0.204035,6.943651,6.556173,0.184424,0.078559,-0.460669
459741250.000,Miguel,recording,switch_hand,13,0.116897,7.011597,6.618691,0.151578,-0.028458,-0.430729
459741260.000,Miguel,recording,switch_hand,13,0.117581,7.072500,6.597535,0.126090,-0.141133,-0.386316
459741270.000,Miguel,recording,switch_hand,13,0.174387,7.150048,6.575137,0.106671,-0.232047,-0.334420
459741280.000,Miguel,recording,switch_hand,13,0.195797,7.160810,6.604647,0.094902,-0.279031,-0.278803
459741290.000,Miguel,recording,switch_hand,13,0.306383,7.154513,6.610204,0.095499,-0.283150,-0.220766
459741300.000,Miguel,recording,switch_hand,13,0.408760,7.155659,6.594250,0.104515,-0.248032,-0.167667
459741310.000,Miguel,recording,switch_hand,13,0.574413,7.210120,6.593410,0.111657,-0.187278,-0.127196
459741320.000,Miguel,recording,switch_hand,13,0.746908,7.263341,6.683633,0.116095,-0.123667,-0.106110
459741330.000,Miguel,recording,switch_hand,13,0.814823,7.304570,6.825714,0.126090,-0.070558,-0.104722
459741340.000,Miguel,recording,switch_hand,13,0.789852,7.237747,6.967395,0.151375,-0.030227,-0.116843
459741350.000,Miguel,recording,switch_hand,13,0.732048,7.123455,7.025863,0.190622,0.004252,-0.134147
459741360.000,Miguel,recording,switch_hand,13,0.711530,7.107001,7.041138,0.237041,0.036804,-0.150230
459741370.000,Miguel,recording,switch_hand,13,0.753269,7.188645,7.087435,0.289473,0.060881,-0.161839
459741380.000,Miguel,recording,switch_hand,13,0.741148,7.245805,7.132638,0.349125,0.072916,-0.168556
459741390.000,Miguel,recording,switch_hand,13,0.713739,7.181791,7.050728,0.410747,0.070246,-0.172744
459741400.000,Miguel,recording,switch_hand,13,0.662052,7.076585,6.877279,0.463827,0.057268,-0.179025
459741410.000,Miguel,recording,switch_hand,13,0.638372,7.020986,6.652849,0.497841,0.045915,-0.189738
459741420.000,Miguel,recording,switch_hand,13,0.610919,7.074758,6.427695,0.504199,0.029132,-0.201369
459741430.000,Miguel,recording,switch_hand,13,0.569318,7.107776,6.247391,0.483272,-0.013398,-0.209950
459741440.000,Miguel,recording,switch_hand,13,0.530462,7.087354,6.073927,0.439990,-0.086636,-0.214584
459741450.000,Miguel,recording,switch_hand,13,0.496038,6.996491,5.889677,0.377505,-0.174617,-0.216985
459741460.000,Miguel,recording,switch_hand,13,0.507364,6.907126,5.690397,0.301655,-0.244214,-0.219047
459741470.000,Miguel,recording,switch_hand,13,0.720107,6.762923,5.569059,0.222283,-0.266052,-0.228953
459741480.000,Miguel,recording,switch_hand,13,1.389212,6.788865,5.314871,0.142450,-0.236109,-0.261324
459741490.000,Miguel,recording,switch_hand,13,2.793213,7.131460,5.106636,0.067685,-0.145106,-0.335885
459741500.000,Miguel,recording,switch_hand,13,4.272389,7.185190,5.071165,0.024944,0.060400,-0.478853
459741510.000,Miguel,recording,switch_hand,13,5.526025,6.264374,5.210618,0.084680,0.466542,-0.701264
459741520.000,Miguel,recording,switch_hand,13,6.622054,5.422039,5.065083,0.280847,1.155854,-0.974903
459741530.000,Miguel,recording,switch_hand,13,7.249598,4.688023,4.609833,0.489050,1.965744,-1.285431
459741540.000,Miguel,recording,switch_hand,13,6.076399,5.102627,2.081943,0.220866,2.101118,-1.748703
459741550.000,Miguel,recording,switch_hand,13,3.864749,5.870066,-0.702177,-0.754615,1.234172,-2.387833
459741560.000,Miguel,recording,switch_hand,13,0.973131,3.852441,2.499779,-1.846728,0.187390,-2.881466
459741570.000,Miguel,recording,switch_hand,13,-3.059249,4.001390,2.547965,-2.593643,-0.481420,-3.055257
459741580.000,Miguel,recording,switch_hand,13,-9.839028,6.384861,5.526653,-2.950997,-0.800556,-3.026516
459741590.000,Miguel,recording,switch_hand,13,-10.841384,6.922376,5.487275,-2.961878,-0.769753,-2.865428
459741600.000,Miguel,recording,switch_hand,13,-10.739415,5.775045,8.274508,-2.761461,-0.723826,-2.530381
459741610.000,Miguel,recording,switch_hand,13,-9.071989,4.628251,8.890591,-2.472792,-0.832339,-1.999205
459741620.000,Miguel,recording,switch_hand,13,-9.741053,3.985336,10.320545,-2.103404,-0.593428,-1.323635
459741630.000,Miguel,recording,switch_hand,13,-9.818303,3.376119,11.208740,-1.602525,0.274000,-0.554600
459741640.000,Miguel,recording,switch_hand,13,-8.822447,3.287572,11.226428,-1.076545,1.291090,0.207498
459741650.000,Miguel,recording,switch_hand,13,-7.815936,2.976862,11.198357,-0.673748,1.844179,0.864303
459741660.000,Miguel,recording,switch_hand,13,-6.397322,3.567899,11.086129,-0.375762,1.926917,1.366770
459741670.000,Miguel,recording,switch_hand,13,-5.092074,4.563056,11.602943,-0.083937,1.787840,1.699479
459741680.000,Miguel,recording,switch_hand,13,-3.602575,5.442754,12.025002,0.257779,1.557082,1.866906
459741690.000,Miguel,recording,switch_hand,13,-2.362745,6.127141,12.064009,0.654488,1.286090,1.881878
459741700.000,Miguel,recording,switch_hand,13,-1.636960,6.574358,11.474253,1.071901,1.004374,1.773023
459741710.000,Miguel,recording,switch_hand,13,-1.520309,7.072639,10.282279,1.447778,0.726094,1.591643
459741720.000,Miguel,recording,switch_hand,13,-1.767627,7.527641,8.806467,1.719672,0.463288,1.389611
459741730.000,Miguel,recording,switch_hand,13,-1.980469,7.964317,7.395194,1.855306,0.232952,1.196332
459741740.000,Miguel,recording,switch_hand,13,-2.037763,8.312155,6.186420,1.858097,0.046022,1.013964
459741750.000,Miguel,recording,switch_hand,13,-1.960876,8.492848,5.196751,1.746602,-0.103547,0.835139
459741760.000,Miguel,recording,switch_hand,13,-1.719984,8.441897,4.501671,1.545186,-0.231537,0.656443
459741770.000,Miguel,recording,switch_hand,13,-1.398476,8.250756,4.055504,1.283529,-0.347682,0.474683
459741780.000,Miguel,recording,switch_hand,13,-1.175549,7.944436,3.921438,0.991257,-0.451844,0.297769
459741790.000,Miguel,recording,switch_hand,13,-1.077846,7.562892,4.026010,0.697682,-0.534493,0.145190
459741800.000,Miguel,recording,switch_hand,13,-1.190282,7.135089,4.301109,0.431714,-0.589071,0.033065
459741810.000,Miguel,recording,switch_hand,13,-1.370899,6.774398,4.722708,0.216287,-0.627312,-0.026359
459741820.000,Miguel,recording,switch_hand,13,-1.500826,6.516339,5.204405,0.065511,-0.668322,-0.029967
459741830.000,Miguel,recording,switch_hand,13,-1.580787,6.307419,5.607873,-0.011746,-0.715747,0.008187
459741840.000,Miguel,recording,switch_hand,13,-1.581141,6.197174,5.886383,-0.025547,-0.766759,0.070870
459741850.000,Miguel,recording,switch_hand,13,-1.513939,6.204533,6.082701,-0.002012,-0.820323,0.148011
459741860.000,Miguel,recording,switch_hand,13,-1.395745,6.327872,6.176429,0.036428,-0.867912,0.227426
459741870.000,Miguel,recording,switch_hand,13,-1.251178,6.515985,6.191594,0.075452,-0.898226,0.298743
459741880.000,Miguel,recording,switch_hand,13,-1.064652,6.698018,6.178744,0.103726,-0.906723,0.355171
459741890.000,Miguel,recording,switch_hand,13,-0.886655,6.883274,6.144066,0.115021,-0.900690,0.393354
459741900.000,Miguel,recording,switch_hand,13,-0.713442,7.037328,6.172777,0.112209,-0.889958,0.413465
459741910.000,Miguel,recording,switch_hand,13,-0.571897,7.205590,6.212158,0.101888,-0.876846,0.413116
459741920.000,Miguel,recording,switch_hand,13,-0.453307,7.341065,6.249508,0.089517,-0.861839,0.392526
459741930.000,Miguel,recording,switch_hand,13,-0.351953,7.414706,6.298322,0.074031,-0.845841,0.354231
459741940.000,Miguel,recording,switch_hand,13,-0.296979,7.469457,6.331654,0.052162,-0.824648,0.303290
459741950.000,Miguel,recording,switch_hand,13,-0.256498,7.523079,6.386725,0.024268,-0.794413,0.247764
459741960.000,Miguel,recording,switch_hand,13,-0.273080,7.545861,6.456624,-0.005758,-0.759177,0.194004
459741970.000,Miguel,recording,switch_hand,13,-0.291589,7.537457,6.597438,-0.032777,-0.725939,0.146735
459741980.000,Miguel,recording,switch_hand,13,-0.344115,7.467405,6.712381,-0.051426,-0.697207,0.108496
459741990.000,Miguel,recording,switch_hand,13,-0.328340,7.417313,6.806345,-0.060983,-0.673445,0.079633
459742000.000,Miguel,recording,switch_hand,13,-0.258481,7.376748,6.853076,-0.066115,-0.653970,0.055270
459742010.000,Miguel,recording,switch_hand,13,-0.200583,7.358305,6.911858,-0.070505,-0.632176,0.029994
459742020.000,Miguel,recording,switch_hand,13,-0.167835,7.386016,6.965768,-0.072871,-0.595428,0.005447
459742030.000,Miguel,recording,switch_hand,13,-0.157585,7.337181,6.981832,-0.070968,-0.540485,-0.015639
459742040.000,Miguel,recording,switch_hand,13,-0.177892,7.290675,6.972190,-0.065889,-0.478617,-0.031442
459742050.000,Miguel,recording,switch_hand,13,-0.200448,7.227144,6.969806,-0.060372,-0.423074,-0.037898
459742060.000,Miguel,recording,switch_hand,13,-0.172505,7.233416,6.974388,-0.056170,-0.380466,-0.034206
459742070.000,Miguel,recording,switch_hand,13,-0.122125,7.240251,6.974493,-0.051794,-0.343800,-0.023945
459742080.000,Miguel,recording,switch_hand,13,-0.059200,7.207169,6.939349,-0.044487,-0.300684,-0.013567
459742090.000,Miguel,recording,switch_hand,13,-0.016373,7.154189,6.905457,-0.031963,-0.249628,-0.006564
459742100.000,Miguel,recording,switch_hand,13,-0.008559,7.111344,6.853991,-0.016124,-0.202393,-0.001300
459742110.000,Miguel,recording,switch_hand,13,-0.002423,7.086028,6.784237,-0.002591,-0.171680,0.002608
459742120.000,Miguel,recording,switch_hand,13,-0.011604,7.063194,6.743638,0.006900,-0.155017,0.005810
459742130.000,Miguel,recording,switch_hand,13,-0.022168,7.092165,6.736641,0.017977,-0.140691,0.010659
459742140.000,Miguel,recording,switch_hand,13,-0.037995,7.099862,6.736800,0.033695,-0.128025,0.018344
459742150.000,Miguel,recording,switch_hand,13,-0.048054,7.110353,6.721237,0.049991,-0.127288,0.029309
459742160.000,Miguel,recording,switch_hand,13,-0.050420,7.114133,6.729845,0.064018,-0.141672,0.044411
459742170.000,Miguel,recording,switch_hand,13,-0.038550,7.144119,6.703325,0.076487,-0.161801,0.062344
459742180.000,Miguel,recording,switch_hand,13,0.021718,7.134052,6.667720,0.089157,-0.177705,0.081278
459742190.000,Miguel,recording,switch_hand,13,0.086419,7.152161,6.652472,0.103977,-0.185848,0.096545
459742200.000,Miguel,recording,switch_hand,13,0.143657,7.129120,6.603778,0.121666,-0.186718,0.105338
459742210.000,Miguel,recording,switch_hand,13,0.163421,7.137446,6.508949,0.137997,-0.183429,0.108469
459742220.000,Miguel,recording,switch_hand,13,0.136418,7.175437,6.405562,0.148406,-0.177847,0.108013
459742230.000,Miguel,recording,switch_hand,13,0.104335,7.275456,6.337749,0.150996,-0.173642,0.110396
459742240.000,Miguel,recording,switch_hand,13,0.098145,7.393306,6.284988,0.144775,-0.178164,0.116547
459742250.000,Miguel,recording,switch_hand,13,0.169899,7.474106,6.262471,0.129934,-0.191694,0.120343
459742260.000,Miguel,recording,switch_hand,13,0.309572,7.488862,6.273135,0.108405,-0.208134,0.114169
459742270.000,Miguel,recording,switch_hand,13,0.442115,7.486324,6.283099,0.082704,-0.221437,0.092672
459742280.000,Miguel,recording,switch_hand,13,0.528578,7.457533,6.330041,0.056516,-0.227974,0.055522
459742290.000,Miguel,recording,switch_hand,13,0.544114,7.398651,6.395909,0.034137,-0.225149,0.009786
459742300.000,Miguel,recording,switch_hand,13,0.537891,7.337281,6.429952,0.017675,-0.208752,-0.035981
459742310.000,Miguel,recording,switch_hand,13,0.480470,7.240706,6.423111,0.004492,-0.176585,-0.077432
459742320.000,Miguel,recording,switch_hand,13,0.371050,7.189213,6.403604,-0.008174,-0.132664,-0.108755
459742330.000,Miguel,recording,switch_hand,13,0.228382,7.187135,6.376043,-0.021247,-0.085558,-0.127310
459742340.000,Miguel,recording,switch_hand,13,0.085563,7.185522,6.324216,-0.036159,-0.043961,-0.134360
459742350.000,Miguel,recording,switch_hand,13,-0.023648,7.179190,6.312435,-0.051924,-0.015423,-0.131146
459742360.000,Miguel,recording,switch_hand,13,-0.093632,7.200757,6.317034,-0.065782,-0.004698,-0.121946
459742370.000,Miguel,recording,switch_hand,13,-0.126153,7.181002,6.365098,-0.075594,-0.013164,-0.110143
459742380.000,Miguel,recording,switch_hand,13,-0.146997,7.159631,6.410193,-0.077190,-0.039935,-0.097526
459742390.000,Miguel,recording,switch_hand,13,-0.155777,7.134071,6.430433,-0.070431,-0.078234,-0.089921
459742400.000,Miguel,recording,switch_hand,13,-0.162625,7.111527,6.415799,-0.062133,-0.121145,-0.086936
459742410.000,Miguel,recording,switch_hand,13,-0.189540,7.118658,6.422549,-0.058521,-0.166306,-0.082946
459742420.000,Miguel,recording,switch_hand,13,-0.207229,7.135603,6.454257,-0.058291,-0.209313,-0.075391
459742430.000,Miguel,recording,switch_hand,13,-0.188347,7.145860,6.504545,-0.058387,-0.244680,-0.063843
459742440.000,Miguel,recording,switch_hand,13,-0.149083,7.122565,6.500480,-0.061061,-0.271460,-0.051279
459742450.000,Miguel,recording,switch_hand,13,-0.132881,7.127677,6.528260,-0.065422,-0.291679,-0.039911
459742460.000,Miguel,recording,switch_hand,13,-0.103591,7.162042,6.603936,-0.070815,-0.307171,-0.029346
459742470.000,Miguel,recording,switch_hand,13,-0.085490,7.197484,6.650439,-0.075634,-0.320906,-0.019474
459742480.000,Miguel,recording,switch_hand,13,-0.063652,7.203662,6.703413,-0.078820,-0.333462,-0.010465
459742490.000,Miguel,recording,switch_hand,13,-0.026927,7.219689,6.780395,-0.079125,-0.337899,-0.001774
459742500.000,Miguel,recording,switch_hand,13,0.042596,7.191534,6.826838,-0.074859,-0.329099,0.008791
459742510.000,Miguel,recording,switch_hand,13,0.128320,7.179407,6.857545,-0.067046,-0.309219,0.023582
459742520.000,Miguel,recording,switch_hand,13,0.241165,7.138259,6.903644,-0.055975,-0.282553,0.039701
459742530.000,Miguel,recording,switch_hand,13,0.376647,7.105386,6.903979,-0.043805,-0.253054,0.052958
459742540.000,Miguel,recording,switch_hand,13,0.477452,7.092877,6.896783,-0.032270,-0.220284,0.061660
459742550.000,Miguel,recording,switch_hand,13,0.529720,7.053696,6.874248,-0.021722,-0.183972,0.064366
459742560.000,Miguel,recording,switch_hand,13,0.538640,7.064229,6.837385,-0.014273,-0.149019,0.062657
459742570.000,Miguel,recording,switch_hand,13,0.527917,7.062618,6.805301,-0.011142,-0.119474,0.061327
459742580.000,Miguel,recording,switch_hand,13,0.502015,7.068844,6.773575,-0.010428,-0.093958,0.063513
459742590.000,Miguel,recording,switch_hand,13,0.497108,7.106016,6.756444,-0.008352,-0.068650,0.069274
459742600.000,Miguel,recording,switch_hand,13,0.511276,7.151083,6.788496,-0.003078,-0.041842,0.075390
459742610.000,Miguel,recording,switch_hand,13,0.512972,7.194216,6.838576,0.006146,-0.015813,0.080589
459742620.000,Miguel,recording,switch_hand,13,0.523589,7.213020,6.841847,0.022353,0.007607,0.088449
459742630.000,Miguel,recording,switch_hand,13,0.569596,7.229775,6.836667,0.043231,0.026034,0.100655
459742640.000,Miguel,recording,switch_hand,13,0.622717,7.185754,6.769969,0.064542,0.039804,0.115005
459742650.000,Miguel,recording,switch_hand,13,0.695967,7.181237,6.633560,0.082299,0.050950,0.127738
459742660.000,Miguel,recording,switch_hand,13,0.738019,7.180635,6.459125,0.088879,0.057416,0.136030
459742670.000,Miguel,recording,switch_hand,13,0.750738,7.243909,6.351306,0.079641,0.053130,0.137975
459742680.000,Miguel,recording,switch_hand,13,0.751123,7.318823,6.295235,0.058579,0.035966,0.129573
459742690.000,Miguel,recording,switch_hand,13,0.731489,7.369910,6.307730,0.033578,0.014630,0.110551
459742700.000,Miguel,recording,switch_hand,13,0.692158,7.336368,6.326307,0.010467,-0.003855,0.085191
459742710.000,Miguel,recording,switch_hand,13,0.622386,7.269462,6.367851,-0.008634,-0.016331,0.058120
459742720.000,Miguel,recording,switch_hand,13,0.461325,7.231748,6.412379,-0.024020,-0.023560,0.033902
459742730.000,Miguel,recording,switch_hand,13,0.124278,7.355365,6.501332,-0.035919,-0.032718,0.014013
459742740.000,Miguel,recording,switch_hand,13,-0.352685,7.570858,6.631084,-0.043237,-0.051937,-0.003174
459742750.000,Miguel,recording,switch_hand,13,-0.927896,7.688094,6.729024,-0.048589,-0.092716,-0.013962
459742760.000,Miguel,recording,switch_hand,13,-1.516741,7.721839,6.799121,-0.052151,-0.180773,-0.010568
459742770.000,Miguel,recording,switch_hand,13,-2.165388,7.839781,6.829717,-0.042830,-0.360348,0.007717
459742780.000,Miguel,recording,switch_hand,13,-2.960992,8.037550,6.615389,-0.003394,-0.673674,0.043787
459742790.000,Miguel,recording,switch_hand,13,-3.737825,7.429972,6.247370,0.082167,-1.136004,0.088030
459742800.000,Miguel,recording,switch_hand,13,-4.654083,6.690058,6.234776,0.229570,-1.714306,0.130611
459742810.000,Miguel,recording,switch_hand,13,-5.122877,6.139208,6.215398,0.459639,-2.348179,0.242067
459742820.000,Miguel,recording,switch_hand,13,-3.762303,6.401558,5.237396,0.647187,-2.788131,0.637388
459742830.000,Miguel,recording,switch_hand,13,2.029856,3.467208,4.103473,0.377433,-2.382205,1.628841
459742840.000,Miguel,recording,switch_hand,13,6.886118,2.277512,1.268629,-0.395755,-1.753859,2.471093
459742850.000,Miguel,recording,switch_hand,13,7.980298,5.378915,2.869203,-1.020680,-1.421608,2.321119
459742860.000,Miguel,recording,switch_hand,13,5.743839,8.309119,3.281637,-1.083421,-0.958962,1.770211
459742870.000,Miguel,recording,switch_hand,13,3.995427,8.114895,3.785132,-0.931385,-0.518092,1.491682
459742880.000,Miguel,recording,switch_hand,13,3.399666,6.651890,5.154279,-0.917217,-0.162760,1.531890
459742890.000,Miguel,recording,switch_hand,13,4.559244,4.846827,6.871958,-0.958442,0.032372,1.626005
459742900.000,Miguel,recording,switch_hand,13,4.744659,3.741512,7.493489,-0.948189,0.055130,1.559661
459742910.000,Miguel,recording,switch_hand,13,4.897009,2.913509,8.327039,-0.937270,0.011675,1.308853
459742920.000,Miguel,recording,switch_hand,13,3.770565,4.051902,8.313742,-0.957336,-0.063217,0.920743
459742930.000,Miguel,recording,switch_hand,13,4.307798,6.057823,10.004214,-0.904687,-0.226111,0.443146
459742940.000,Miguel,recording,switch_hand,13,5.064716,8.235636,11.399660,-0.678360,-0.493501,-0.038988
459742950.000,Miguel,recording,switch_hand,13,4.874207,8.915682,11.721275,-0.295450,-0.755677,-0.361925
459742960.000,Miguel,recording,switch_hand,13,3.965293,8.618805,11.035519,0.120049,-0.854286,-0.432029
459742970.000,Miguel,recording,switch_hand,13,3.321196,8.156025,9.750247,0.459622,-0.788928,-0.344959
459742980.000,Miguel,recording,switch_hand,13,3.117089,7.771654,8.117173,0.664207,-0.667380,-0.232644
459742990.000,Miguel,recording,switch_hand,13,3.048741,7.523401,6.588058,0.704139,-0.548304,-0.155780
459743000.000,Miguel,recording,switch_hand,13,3.104702,7.543656,5.534946,0.602994,-0.440397,-0.115276
459743010.000,Miguel,recording,switch_hand,13,3.240598,7.891199,5.100434,0.427375,-0.337908,-0.088302
459743020.000,Miguel,recording,switch_hand,13,3.404028,8.248905,5.108001,0.249195,-0.216624,-0.062560
459743030.000,Miguel,recording,switch_hand,13,3.516054,8.335002,5.264212,0.112458,-0.046046,-0.040629
459743040.000,Miguel,recording,switch_hand,13,3.586399,8.097010,5.464478,0.036900,0.190900,-0.028896
459743050.000,Miguel,recording,switch_hand,13,3.645249,7.818484,5.707964,0.026298,0.493665,-0.032280
459743060.000,Miguel,recording,switch_hand,13,3.623873,7.635213,6.001112,0.072242,0.844173,-0.052507
459743070.000,Miguel,recording,switch_hand,13,3.389153,7.492922,6.292408,0.163179,1.208528,-0.081925
459743080.000,Miguel,recording,switch_hand,13,3.012969,7.324772,6.432664,0.276809,1.544947,-0.105713
459743090.000,Miguel,recording,switch_hand,13,2.616624,7.068492,6.397104,0.382646,1.823555,-0.114298
459743100.000,Miguel,recording,switch_hand,13,2.263135,6.851757,6.270457,0.455946,2.029699,-0.106246
459743110.000,Miguel,recording,switch_hand,13,1.995139,6.703494,6.240507,0.482280,2.157947,-0.085204
459743120.000,Miguel,recording,switch_hand,13,1.781707,6.531639,6.330726,0.458414,2.199867,-0.054015
459743130.000,Miguel,recording,switch_hand,13,1.684218,6.381609,6.484314,0.397344,2.138763,-0.018947
459743140.000,Miguel,recording,switch_hand,13,1.716012,6.263677,6.661819,0.321232,1.971626,0.009851
459743150.000,Miguel,recording,switch_hand,13,1.746313,6.197520,6.869540,0.245301,1.728219,0.026727
459743160.000,Miguel,recording,switch_hand,13,1.705040,6.152588,7.075634,0.175808,1.453473,0.035538
459743170.000,Miguel,recording,switch_hand,13,1.622294,6.097403,7.241663,0.116379,1.176783,0.044508
459743180.000,Miguel,recording,switch_hand,13,1.540938,6.055851,7.351936,0.073161,0.907717,0.054885
459743190.000,Miguel,recording,switch_hand,13,1.494573,6.025136,7.408790,0.052567,0.653404,0.064280
459743200.000,Miguel,recording,switch_hand,13,1.494394,6.073455,7.386290,0.050893,0.428699,0.070081
459743210.000,Miguel,recording,switch_hand,13,1.615665,6.161228,7.292412,0.059651,0.250091,0.069413
459743220.000,Miguel,recording,switch_hand,13,1.786231,6.290553,7.196527,0.078488,0.126621,0.059401
459743230.000,Miguel,recording,switch_hand,13,1.968694,6.407333,7.082807,0.110170,0.060505,0.038256
459743240.000,Miguel,recording,switch_hand,13,2.067266,6.422447,6.916062,0.150787,0.050332,0.011595
459743250.000,Miguel,recording,switch_hand,13,2.121918,6.444341,6.711446,0.190358,0.092553,-0.014361
459743260.000,Miguel,recording,switch_hand,13,2.174861,6.532254,6.521715,0.220536,0.173350,-0.037825
459743270.000,Miguel,recording,switch_hand,13,2.140414,6.655923,6.424217,0.237653,0.267788,-0.056088
459743280.000,Miguel,recording,switch_hand,13,1.994293,6.691842,6.341779,0.241697,0.350408,-0.066272
459743290.000,Miguel,recording,switch_hand,13,1.852839,6.719870,6.291295,0.234574,0.404886,-0.067680
459743300.000,Miguel,recording,switch_hand,13,1.771007,6.780019,6.239785,0.215662,0.432678,-0.060826
459743310.000,Miguel,recording,switch_hand,13,1.745879,6.844721,6.210516,0.181998,0.443223,-0.046820
459743320.000,Miguel,recording,switch_hand,13,1.714271,6.861835,6.207163,0.134107,0.435408,-0.029301
459743330.000,Miguel,recording,switch_hand,13,1.699176,6.872370,6.255146,0.077390,0.401033,-0.011629
459743340.000,Miguel,recording,switch_hand,13,1.632282,6.874205,6.339392,0.019150,0.341522,0.003471
459743350.000,Miguel,recording,switch_hand,13,1.546774,6.859758,6.378243,-0.037083,0.263654,0.016020
459743360.000,Miguel,recording,switch_hand,13,1.475640,6.801134,6.416621,-0.089862,0.177217,0.025475
459743370.000,Miguel,recording,switch_hand,13,1.470748,6.747082,6.500373,-0.132756,0.099064,0.027651
459743380.000,Miguel,recording,switch_hand,13,1.548346,6.702434,6.618934,-0.158460,0.044668,0.019269
459743390.000,Miguel,recording,switch_hand,13,1.669065,6.684847,6.725510,-0.161496,0.017451,-0.000966
459743400.000,Miguel,recording,switch_hand,14,1.811353,6.687219,6.804051,-0.140229,0.016106,-0.032912
459743410.000,Miguel,recording,switch_hand,14,1.909368,6.670962,6.840188,-0.102777,0.043470,-0.072756
459743420.000,Miguel,recording,switch_hand,14,1.885955,6.713220,6.883891,-0.058952,0.094757,-0.115346
459743430.000,Miguel,recording,switch_hand,14,1.796660,6.733333,6.909192,-0.015238,0.154330,-0.156142
459743440.000,Miguel,recording,switch_hand,14,1.644443,6.744623,6.878607,0.024456,0.207190,-0.191174
459743450.000,Miguel,recording,switch_hand,14,1.516226,6.723720,6.835538,0.055576,0.243902,-0.217610
459743460.000,Miguel,recording,switch_hand,14,1.393281,6.712872,6.750037,0.073202,0.258809,-0.234889
459743470.000,Miguel,recording,switch_hand,14,1.311829,6.719978,6.655605,0.074402,0.250651,-0.243941
459743480.000,Miguel,recording,switch_hand,14,1.241963,6.784485,6.576234,0.059053,0.218821,-0.243624
459743490.000,Miguel,recording,switch_hand,14,1.152152,6.854005,6.541044,0.029611,0.164495,-0.235252
459743500.000,Miguel,recording,switch_hand,14,1.089441,6.883481,6.514459,-0.013222,0.097019,-0.221666
459743510.000,Miguel,recording,switch_hand,14,1.035726,6.896550,6.534872,-0.066282,0.027641,-0.204716
459743520.000,Miguel,recording,switch_hand,14,1.003327,6.929174,6.623912,-0.117829,-0.031578,-0.190164
459743530.000,Miguel,recording,switch_hand,14,0.965371,6.940140,6.777146,-0.153935,-0.067342,-0.182432
459743540.000,Miguel,recording,switch_hand,14,0.970500,6.920007,6.951016,-0.166363,-0.072579,-0.178941
459743550.000,Miguel,recording,switch_hand,14,0.994148,6.908647,7.126392,-0.153906,-0.045476,-0.175680
459743560.000,Miguel,recording,switch_hand,14,1.037939,6.926757,7.272860,-0.121215,0.010977,-0.173232
459743570.000,Miguel,recording,switch_hand,14,1.066441,6.976754,7.362308,-0.076602,0.080820,-0.173356
459743580.000,Miguel,recording,switch_hand,14,1.083874,7.063307,7.439310,-0.027505,0.139483,-0.175984
459743590.000,Miguel,recording,switch_hand,14,1.023257,7.124542,7.408061,0.018860,0.169060,-0.183185
459743600.000,Miguel,recording,switch_hand,14,0.848970,7.095034,7.349238,0.054193,0.165758,-0.194443
459743610.000,Miguel,recording,switch_hand,14,0.722427,7.048704,7.237803,0.073838,0.138103,-0.207580
459743620.000,Miguel,recording,switch_hand,14,0.653656,7.008030,7.189059,0.080955,0.101383,-0.219723
459743630.000,Miguel,recording,switch_hand,14,0.632546,7.059572,7.165572,0.084177,0.068326,-0.228901
459743640.000,Miguel,recording,switch_hand,14,0.666159,7.139150,7.187613,0.091760,0.042664,-0.233047
459743650.000,Miguel,recording,switch_hand,14,0.689951,7.188055,7.171263,0.108854,0.024572,-0.226883
459743660.000,Miguel,recording,switch_hand,14,0.714222,7.240433,7.093809,0.132995,0.017497,-0.209085
459743670.000,Miguel,recording,switch_hand,14,0.700280,7.214894,6.980980,0.158090,0.028577,-0.185160
459743680.000,Miguel,recording,switch_hand,14,0.720851,7.067224,6.789633,0.175741,0.057898,-0.163333
459743690.000,Miguel,recording,switch_hand,14,0.827130,7.002655,6.566082,0.175689,0.096647,-0.151288
459743700.000,Miguel,recording,switch_hand,14,1.011133,7.077536,6.478839,0.156131,0.136749,-0.154814
459743710.000,Miguel,recording,switch_hand,14,1.235461,7.205911,6.483387,0.125061,0.171633,-0.171745
459743720.000,Miguel,recording,switch_hand,14,1.499955,7.355719,6.566205,0.094062,0.197620,-0.197678
459743730.000,Miguel,recording,switch_hand,14,1.897649,7.448657,6.760952,0.076046,0.226186,-0.241491
459743740.000,Miguel,recording,switch_hand,14,2.504888,7.531629,6.958842,0.079832,0.270968,-0.324558
459743750.000,Miguel,recording,switch_hand,14,3.204778,7.510770,6.948482,0.103225,0.334253,-0.469804
459743760.000,Miguel,recording,switch_hand,14,3.745984,7.021053,6.549550,0.136084,0.421958,-0.680204
459743770.000,Miguel,recording,switch_hand,14,3.984436,6.362979,6.389332,0.172498,0.569399,-0.936825
459743780.000,Miguel,recording,switch_hand,14,3.762656,5.770669,6.123775,0.217914,0.794299,-1.225532
459743790.000,Miguel,recording,switch_hand,14,3.474126,5.393726,5.574450,0.273661,1.070942,-1.544288
459743800.000,Miguel,recording,switch_hand,14,3.108263,5.143517,4.824691,0.308592,1.351838,-1.872965
459743810.000,Miguel,recording,switch_hand,14,3.329914,3.649945,3.808168,0.224559,1.485231,-2.206683
459743820.000,Miguel,recording,switch_hand,14,2.916012,2.951153,2.855847,-0.080279,1.279491,-2.599695
459743830.000,Miguel,recording,switch_hand,14,-4.420420,4.861841,5.557715,-0.487746,0.783794,-2.915354
459743840.000,Miguel,recording,switch_hand,14,-7.293944,6.963357,7.008446,-0.716007,0.586250,-2.946448
459743850.000,Miguel,recording,switch_hand,14,-3.607956,6.296286,6.456020,-0.638628,0.805094,-2.810967
459743860.000,Miguel,recording,switch_hand,14,-3.170351,6.062538,6.870449,-0.372629,0.931934,-2.687745
459743870.000,Miguel,recording,switch_hand,14,-3.540082,5.132693,6.144920,-0.206640,0.853317,-2.548903
459743880.000,Miguel,recording,switch_hand,14,-5.243425,4.436405,5.367626,-0.379753,0.574118,-2.267370
459743890.000,Miguel,recording,switch_hand,14,-6.217674,4.325321,4.542371,-0.799962,0.008395,-1.713689
459743900.000,Miguel,recording,switch_hand,14,-7.251207,4.524799,4.665601,-1.325438,-0.703784,-0.905142
459743910.000,Miguel,recording,switch_hand,14,-6.442888,5.022073,4.099246,-1.876467,-1.223870,-0.006200
459743920.000,Miguel,recording,switch_hand,14,-6.872115,6.371772,5.373713,-2.278547,-1.424037,0.877697
459743930.000,Miguel,recording,switch_hand,14,-6.687084,7.383824,7.500913,-2.380123,-1.329511,1.655972
459743940.000,Miguel,recording,switch_hand,14,-5.085040,7.485275,10.488955,-2.087362,-1.056582,2.147807
459743950.000,Miguel,recording,switch_hand,14,-2.361051,6.992699,12.638007,-1.432385,-0.829852,2.178969
459743960.000,Miguel,recording,switch_hand,14,-0.458023,7.064593,13.412848,-0.582539,-0.762893,1.764211
459743970.000,Miguel,recording,switch_hand,14,0.013385,7.819690,12.545820,0.223623,-0.816929,1.152466
459743980.000,Miguel,recording,switch_hand,14,-0.487647,8.558216,10.741963,0.785574,-0.874805,0.608660
459743990.000,Miguel,recording,switch_hand,14,-0.613167,8.574743,8.937729,1.030089,-0.844689,0.232623
459744000.000,Miguel,recording,switch_hand,14,-0.183915,8.070613,7.646874,0.996238,-0.732854,-0.009290
459744010.000,Miguel,recording,switch_hand,14,0.239050,7.431726,7.000290,0.773989,-0.591205,-0.175028
459744020.000,Miguel,recording,switch_hand,14,0.400283,6.919262,6.830699,0.463080,-0.450377,-0.297833
459744030.000,Miguel,recording,switch_hand,14,0.214550,6.587756,7.017071,0.153979,-0.313404,-0.390351
459744040.000,Miguel,recording,switch_hand,14,-0.074726,6.425132,7.404652,-0.090392,-0.179356,-0.452366
459744050.000,Miguel,recording,switch_hand,14,-0.349539,6.294542,7.794490,-0.238253,-0.059071,-0.484127
459744060.000,Miguel,recording,switch_hand,14,-0.560068,6.177464,8.114600,-0.280653,0.033131,-0.491181
459744070.000,Miguel,recording,switch_hand,14,-0.738787,6.016288,8.294320,-0.226341,0.092162,-0.479029
459744080.000,Miguel,recording,switch_hand,14,-0.863202,5.863351,8.280685,-0.105021,0.120033,-0.453195
459744090.000,Miguel,recording,switch_hand,14,-0.962439,5.715591,8.082497,0.044316,0.115314,-0.418010
459744100.000,Miguel,recording,switch_hand,14,-1.098802,5.630733,7.742937,0.188296,0.072811,-0.374427
459744110.000,Miguel,recording,switch_hand,14,-1.247115,5.600960,7.394720,0.302299,-0.009056,-0.318263
459744120.000,Miguel,recording,switch_hand,14,-1.397233,5.603777,7.083279,0.374163,-0.121389,-0.243114
459744130.000,Miguel,recording,switch_hand,14,-1.534803,5.654824,6.911999,0.404669,-0.248198,-0.145997
459744140.000,Miguel,recording,switch_hand,14,-1.631794,5.760538,6.841230,0.407740,-0.372888,-0.031608
459744150.000,Miguel,recording,switch_hand,14,-1.622715,5.887416,6.877392,0.397939,-0.485297,0.088590
459744160.000,Miguel,recording,switch_hand,14,-1.468572,5.999206,6.960042,0.387172,-0.580856,0.200910
459744170.000,Miguel,recording,switch_hand,14,-1.260746,6.086081,7.034620,0.383323,-0.658238,0.289654
459744180.000,Miguel,recording,switch_hand,14,-1.033728,6.230307,7.134071,0.386573,-0.723607,0.345895
459744190.000,Miguel,recording,switch_hand,14,-0.831519,6.401643,7.231954,0.394291,-0.781331,0.371356
459744200.000,Miguel,recording,switch_hand,14,-0.620143,6.540777,7.299083,0.401153,-0.825231,0.369122
459744210.000,Miguel,recording,switch_hand,14,-0.417685,6.606746,7.328652,0.398113,-0.846625,0.342689
459744220.000,Miguel,recording,switch_hand,14,-0.280494,6.600999,7.366086,0.381044,-0.840101,0.299816
459744230.000,Miguel,recording,switch_hand,14,-0.245017,6.587441,7.428419,0.355549,-0.805415,0.254053
459744240.000,Miguel,recording,switch_hand,14,-0.317550,6.593621,7.527862,0.329120,-0.749029,0.218045
459744250.000,Miguel,recording,switch_hand,14,-0.402423,6.627582,7.620854,0.306680,-0.679855,0.195757
459744260.000,Miguel,recording,switch_hand,14,-0.427128,6.641338,7.694755,0.292563,-0.606983,0.184350
459744270.000,Miguel,recording,switch_hand,14,-0.395305,6.661093,7.704310,0.286734,-0.536089,0.175790
459744280.000,Miguel,recording,switch_hand,14,-0.361012,6.660646,7.684961,0.285428,-0.466790,0.162732
459744290.000,Miguel,recording,switch_hand,14,-0.323653,6.690494,7.630859,0.286019,-0.400066,0.143558
459744300.000,Miguel,recording,switch_hand,14,-0.265999,6.701183,7.522540,0.284792,-0.337639,0.117193
459744310.000,Miguel,recording,switch_hand,14,-0.207590,6.680954,7.390449,0.279370,-0.279520,0.085491
459744320.000,Miguel,recording,switch_hand,14,-0.192342,6.637415,7.263062,0.265809,-0.227294,0.052999
459744330.000,Miguel,recording,switch_hand,14,-0.196030,6.539692,7.185837,0.242741,-0.181613,0.024868
459744340.000,Miguel,recording,switch_hand,14,-0.269855,6.440776,7.124296,0.213296,-0.140637,0.009863
459744350.000,Miguel,recording,switch_hand,14,-0.381279,6.372376,7.083952,0.181324,-0.100911,0.017756
459744360.000,Miguel,recording,switch_hand,14,-0.481809,6.343844,7.101648,0.153753,-0.066086,0.053944
459744370.000,Miguel,recording,switch_hand,14,-0.518227,6.337828,7.151768,0.137050,-0.041134,0.114544
459744380.000,Miguel,recording,switch_hand,14,-0.475028,6.391289,7.230954,0.136921,-0.024976,0.187670
459744390.000,Miguel,recording,switch_hand,14,-0.357607,6.432372,7.268667,0.157457,-0.015695,0.259972
459744400.000,Miguel,recording,switch_hand,14,-0.220260,6.491025,7.237192,0.197078,-0.012872,0.318412
459744410.000,Miguel,recording,switch_hand,14,-0.051361,6.576311,7.190505,0.245135,-0.021353,0.353596
459744420.000,Miguel,recording,switch_hand,14,0.133529,6.691621,7.088424,0.290814,-0.040107,0.362514
459744430.000,Miguel,recording,switch_hand,14,0.273079,6.817358,6.960202,0.325753,-0.058626,0.347342
459744440.000,Miguel,recording,switch_hand,14,0.377370,6.938787,6.779278,0.344044,-0.073829,0.313245
459744450.000,Miguel,recording,switch_hand,14,0.375458,6.986134,6.649909,0.344540,-0.089134,0.267062
459744460.000,Miguel,recording,switch_hand,14,0.292107,6.899726,6.633721,0.326382,-0.100676,0.221176
459744470.000,Miguel,recording,switch_hand,14,0.114147,6.797861,6.682166,0.295317,-0.097526,0.193210
459744480.000,Miguel,recording,switch_hand,14,-0.085547,6.750154,6.770471,0.263087,-0.074197,0.197260
459744490.000,Miguel,recording,switch_hand,14,-0.237816,6.785134,6.850656,0.236820,-0.036347,0.231710
459744500.000,Miguel,recording,switch_hand,14,-0.284441,6.815776,6.901177,0.217090,0.003294,0.277544
459744510.000,Miguel,recording,switch_hand,14,-0.232552,6.871849,6.917521,0.204059,0.038409,0.315338
459744520.000,Miguel,recording,switch_hand,14,-0.186351,6.939924,6.913577,0.197653,0.068605,0.336969
459744530.000,Miguel,recording,switch_hand,14,-0.129619,7.028398,6.874642,0.197847,0.093740,0.339906
459744540.000,Miguel,recording,switch_hand,14,-0.096646,7.089149,6.772671,0.200554,0.112014,0.325673
459744550.000,Miguel,recording,switch_hand,14,-0.115082,7.133259,6.618556,0.195280,0.119378,0.296789
459744560.000,Miguel,recording,switch_hand,14,-0.234222,7.114996,6.467951,0.174876,0.113097,0.260769
459744570.000,Miguel,recording,switch_hand,14,-0.403450,7.086787,6.349521,0.140688,0.091908,0.234165
459744580.000,Miguel,recording,switch_hand,14,-0.577992,6.970539,6.349592,0.098039,0.056768,0.231475
459744590.000,Miguel,recording,switch_hand,14,-0.721728,6.834664,6.381453,0.052644,0.013287,0.260760
459744600.000,Miguel,recording,switch_hand,14,-0.856443,6.723340,6.493428,0.010892,-0.031219,0.323560
459744610.000,Miguel,recording,switch_hand,14,-0.912768,6.703845,6.634179,-0.019379,-0.066683,0.414967
459744620.000,Miguel,recording,switch_hand,14,-0.800977,6.775082,6.808912,-0.030296,-0.086163,0.525405
459744630.000,Miguel,recording,switch_hand,14,-0.524757,6.890297,7.022625,-0.015149,-0.086027,0.635849
459744640.000,Miguel,recording,switch_hand,14,-0.223278,6.994867,7.188373,0.026739,-0.063225,0.717351
459744650.000,Miguel,recording,switch_hand,14,0.100962,7.088876,7.244581,0.087558,-0.027542,0.751568
459744660.000,Miguel,recording,switch_hand,14,0.321591,7.172490,7.200166,0.157250,0.007729,0.742215
459744670.000,Miguel,recording,switch_hand,14,0.347920,7.276901,7.124210,0.223353,0.028540,0.708595
459744680.000,Miguel,recording,switch_hand,14,0.307071,7.423860,7.036129,0.277132,0.023222,0.676035
459744690.000,Miguel,recording,switch_hand,14,0.350541,7.523998,6.920496,0.317144,-0.000828,0.658239
459744700.000,Miguel,recording,switch_hand,14,0.521654,7.557485,6.788654,0.341539,-0.023012,0.650098
459744710.000,Miguel,recording,switch_hand,14,0.756283,7.543983,6.683377,0.349042,-0.030519,0.636328
459744720.000,Miguel,recording,switch_hand,14,1.020130,7.562447,6.615356,0.342323,-0.024542,0.606417
459744730.000,Miguel,recording,switch_hand,14,1.196057,7.572218,6.583867,0.326785,-0.010687,0.558863
459744740.000,Miguel,recording,switch_hand,14,1.297266,7.542542,6.554515,0.307688,0.006446,0.499624
459744750.000,Miguel,recording,switch_hand,14,1.307608,7.491559,6.510530,0.292513,0.023018,0.435050
459744760.000,Miguel,recording,switch_hand,14,1.326482,7.457108,6.438774,0.288459,0.032020,0.368224
459744770.000,Miguel,recording,switch_hand,14,1.321726,7.345425,6.274252,0.296318,0.024531,0.300959
459744780.000,Miguel,recording,switch_hand,14,1.188586,7.180022,5.793671,0.311527,-0.012007,0.232745
459744790.000,Miguel,recording,switch_hand,14,0.779740,6.636223,4.944292,0.320778,-0.096777,0.161977
459744800.000,Miguel,recording,switch_hand,14,-0.206233,4.939665,3.761465,0.295378,-0.271988,0.069043
459744810.000,Miguel,recording,switch_hand,14,-1.791167,3.597808,2.037382,0.229534,-0.655464,-0.008927
459744820.000,Miguel,recording,switch_hand,14,-4.771115,2.663146,0.906400,0.117630,-1.279768,0.069335
459744830.000,Miguel,recording,switch_hand,14,-4.551479,2.419532,0.431505,-0.025092,-1.936464,0.331932
459744840.000,Miguel,recording,switch_hand,14,-2.988053,1.208233,0.312142,-0.206364,-2.336905,0.659000
459744850.000,Miguel,recording,switch_hand,14,-0.621677,1.143952,-0.769596,-0.730450,-2.284836,1.029345
459744860.000,Miguel,recording,switch_hand,14,1.456985,2.330512,-0.493617,-1.802911,-1.782176,1.515133
459744870.000,Miguel,recording,switch_hand,14,8.179446,6.364920,2.115432,-3.121459,-0.762765,2.031917
459744880.000,Miguel,recording,switch_hand,14,21.747820,12.197360,11.929244,-3.940848,0.757926,2.205378
459744890.000,Miguel,recording,switch_hand,14,9.727466,11.590246,13.612129,-3.664606,1.302705,1.983612
459744900.000,Miguel,recording,switch_hand,14,9.520868,10.966059,21.427953,-2.404749,0.566101,1.673756
459744910.000,Miguel,recording,switch_hand,14,5.530464,7.400709,16.404149,-0.987369,-0.156591,1.470750
459744920.000,Miguel,recording,switch_hand,14,4.441390,4.301768,12.043164,-0.209125,-0.796981,1.379071
459744930.000,Miguel,recording,switch_hand,14,2.530449,2.526721,8.396231,-0.112199,-1.512716,1.231965
459744940.000,Miguel,recording,switch_hand,14,2.160234,2.031114,7.295373,-0.401614,-2.127431,0.955186
459744950.000,Miguel,recording,switch_hand,14,3.022214,2.856639,8.274462,-0.726860,-2.540339,0.561456
459744960.000,Miguel,recording,switch_hand,14,4.761915,5.451188,10.209736,-0.778648,-2.813489,0.099782
459744970.000,Miguel,recording,switch_hand,14,6.465301,7.809292,12.087382,-0.470742,-2.886554,-0.330793
459744980.000,Miguel,recording,switch_hand,14,6.586306,8.864694,12.120357,0.072235,-2.671003,-0.660815
459744990.000,Miguel,recording,switch_hand,14,5.832556,8.772943,10.759836,0.654633,-2.242983,-0.889193
459745000.000,Miguel,recording,switch_hand,14,4.570797,8.167861,8.512344,1.102340,-1.735506,-1.033178
459745010.000,Miguel,recording,switch_hand,14,3.601301,7.747531,6.478451,1.328016,-1.235344,-1.102414
459745020.000,Miguel,recording,switch_hand,14,3.127123,7.834260,5.113387,1.339207,-0.783487,-1.094021
459745030.000,Miguel,recording,switch_hand,14,3.048982,8.309649,4.363688,1.192379,-0.404237,-1.005364
459745040.000,Miguel,recording,switch_hand,14,3.107031,8.713258,4.096504,0.958393,-0.101802,-0.857206
459745050.000,Miguel,recording,switch_hand,14,3.003414,8.805918,4.046775,0.697088,0.142280,-0.679920
459745060.000,Miguel,recording,switch_hand,14,2.663518,8.562800,4.133023,0.447713,0.350507,-0.487757
459745070.000,Miguel,recording,switch_hand,14,2.335119,8.108330,4.418868,0.238207,0.547367,-0.286829
459745080.000,Miguel,recording,switch_hand,14,2.205641,7.675806,4.850787,0.088610,0.747591,-0.086661
459745090.000,Miguel,recording,switch_hand,14,2.244664,7.285031,5.205151,0.004586,0.944186,0.099013
459745100.000,Miguel,recording,switch_hand,14,2.249842,6.891488,5.370910,-0.029506,1.132891,0.264607
459745110.000,Miguel,recording,switch_hand,14,2.371356,6.507907,5.382652,-0.041964,1.317169,0.412355
459745120.000,Miguel,recording,switch_hand,14,2.597013,6.207469,5.373859,-0.056910,1.498524,0.536116
459745130.000,Miguel,recording,switch_hand,14,2.846558,5.991383,5.452180,-0.081874,1.674571,0.624711
459745140.000,Miguel,recording,switch_hand,14,3.125517,5.819556,5.724499,-0.109244,1.830516,0.673687
459745150.000,Miguel,recording,switch_hand,14,3.370631,5.772273,6.120029,-0.129453,1.939871,0.687095
459745160.000,Miguel,recording,switch_hand,14,3.504577,5.774004,6.451227,-0.137101,1.978030,0.675211
459745170.000,Miguel,recording,switch_hand,14,3.506034,5.710041,6.793297,-0.127468,1.945710,0.646651
459745180.000,Miguel,recording,switch_hand,14,3.424822,5.529660,7.044040,-0.098256,1.865336,0.607794
459745190.000,Miguel,recording,switch_hand,14,3.337462,5.331748,7.217738,-0.052058,1.760950,0.562139
459745200.000,Miguel,recording,switch_hand,14,3.300753,5.168196,7.267838,0.001421,1.655277,0.509412
459745210.000,Miguel,recording,switch_hand,14,3.338343,5.110795,7.271520,0.054454,1.563125,0.450482
459745220.000,Miguel,recording,switch_hand,14,3.413857,5.171892,7.355759,0.104792,1.482062,0.388384
459745230.000,Miguel,recording,switch_hand,14,3.428022,5.317330,7.354472,0.146672,1.400561,0.326800
459745240.000,Miguel,recording,switch_hand,14,3.413420,5.396794,7.277679,0.176581,1.308179,0.264355
459745250.000,Miguel,recording,switch_hand,14,3.391453,5.418134,7.188185,0.195590,1.209477,0.196355
459745260.000,Miguel,recording,switch_hand,14,3.384868,5.389089,7.122064,0.202602,1.127367,0.124236
459745270.000,Miguel,recording,switch_hand,14,3.421811,5.341332,7.033985,0.198397,1.072721,0.045813
459745280.000,Miguel,recording,switch_hand,14,3.427705,5.363430,7.007059,0.190123,1.039305,-0.045234
459745290.000,Miguel,recording,switch_hand,14,3.256310,5.431072,7.096996,0.185040,1.022313,-0.143039
459745300.000,Miguel,recording,switch_hand,14,2.967459,5.515710,7.168450,0.181111,1.006829,-0.232151
459745310.000,Miguel,recording,switch_hand,14,2.544632,5.602743,7.114398,0.171933,0.969203,-0.298442
459745320.000,Miguel,recording,switch_hand,14,2.202245,5.689763,7.058618,0.152606,0.904216,-0.335858
459745330.000,Miguel,recording,switch_hand,14,2.034175,5.781642,7.115138,0.126892,0.825085,-0.349129
459745340.000,Miguel,recording,switch_hand,14,2.011779,5.866646,7.215044,0.105305,0.742589,-0.348242
459745350.000,Miguel,recording,switch_hand,14,2.027511,5.893841,7.284109,0.095669,0.665229,-0.344956
459745360.000,Miguel,recording,switch_hand,14,2.081211,5.869127,7.230722,0.100294,0.605782,-0.351211
459745370.000,Miguel,recording,switch_hand,14,2.115748,5.885192,7.142541,0.110741,0.574957,-0.372571
459745380.000,Miguel,recording,switch_hand,14,2.098571,5.981235,7.086098,0.115138,0.571897,-0.405307
459745390.000,Miguel,recording,switch_hand,14,1.977389,6.069031,7.051209,0.110677,0.578911,-0.442197
459745400.000,Miguel,recording,switch_hand,14,1.784477,6.114140,7.095668,0.103045,0.574452,-0.476055
459745410.000,Miguel,recording,switch_hand,14,1.556583,6.102145,7.105086,0.094874,0.551615,-0.501267
459745420.000,Miguel,recording,switch_hand,14,1.407532,6.116341,7.125944,0.086682,0.519923,-0.516050
459745430.000,Miguel,recording,switch_hand,14,1.364041,6.098334,7.139925,0.079124,0.490165,-0.518028
459745440.000,Miguel,recording,switch_hand,14,1.356709,6.059938,7.083645,0.070964,0.467400,-0.505055
459745450.000,Miguel,recording,switch_hand,14,1.388094,6.055720,6.993251,0.061081,0.453385,-0.478913
459745460.000,Miguel,recording,switch_hand,14,1.575117,6.069657,6.997259,0.051941,0.450392,-0.447570
459745470.000,Miguel,recording,switch_hand,14,1.871766,6.132499,7.082122,0.050299,0.460642,-0.425339
459745480.000,Miguel,recording,switch_hand,14,2.205703,6.231121,7.161679,0.059668,0.479084,-0.425553
459745490.000,Miguel,recording,switch_hand,14,2.399289,6.258012,7.155325,0.071161,0.497703,-0.450135
459745500.000,Miguel,recording,switch_hand,14,2.471777,6.190533,7.067461,0.071735,0.515961,-0.494418
459745510.000,Miguel,recording,switch_hand,14,2.422168,6.040979,6.947104,0.056170,0.548404,-0.555695
459745520.000,Miguel,recording,switch_hand,14,2.265220,6.017189,7.075392,0.025592,0.605806,-0.628364
459745530.000,Miguel,recording,switch_hand,14,1.978397,6.330485,7.389483,-0.015872,0.660470,-0.703762
459745540.000,Miguel,recording,switch_hand,14,1.358756,6.573758,7.960490,-0.050029,0.670843,-0.760767
459745550.000,Miguel,recording,switch_hand,14,0.542723,5.768367,8.553535,-0.021305,0.612597,-0.760721
459745560.000,Miguel,recording,switch_hand,14,0.154506,5.222680,9.294238,0.123918,0.519017,-0.722098
459745570.000,Miguel,recording,switch_hand,14,0.948803,5.426946,8.723493,0.315103,0.471589,-0.726693
459745580.000,Miguel,recording,switch_hand,14,1.480558,6.131559,7.722181,0.437643,0.526386,-0.819802
459745590.000,Miguel,recording,switch_hand,14,2.155721,6.331386,6.642236,0.452030,0.630450,-1.009683
459745600.000,Miguel,recording,switch_hand,14,2.827273,6.210838,5.860180,0.346216,0.601419,-1.319373
459745610.000,Miguel,recording,switch_hand,14,2.676981,6.784860,5.826700,0.138836,0.485369,-1.723658
459745620.000,Miguel,recording,switch_hand,14,1.652141,6.986462,6.767842,-0.039581,0.650988,-2.061323
459745630.000,Miguel,recording,switch_hand,14,-0.081849,6.985878,6.572405,-0.097743,1.203505,-2.209355
459745640.000,Miguel,recording,switch_hand,14,-1.685065,5.819075,5.489827,-0.122413,1.869406,-2.169445
459745650.000,Miguel,recording,switch_hand,14,-2.719140,5.080694,4.661162,-0.253068,2.406403,-1.978868
459745660.000,Miguel,recording,switch_hand,14,-3.283193,5.426936,3.659581,-0.598011,2.740022,-1.701737
459745670.000,Miguel,recording,switch_hand,14,-5.034516,5.675995,4.268159,-0.989877,2.822922,-1.375114
459745680.000,Miguel,recording,switch_hand,14,-7.865662,5.822912,7.116517,-1.206159,2.604071,-1.039442
459745690.000,Miguel,recording,switch_hand,14,-7.568825,5.893316,6.968377,-1.279949,2.329738,-0.736741
459745700.000,Miguel,recording,switch_hand,14,-7.694652,7.223425,7.838409,-1.128857,2.051839,-0.441799
459745710.000,Miguel,recording,switch_hand,14,-6.351981,6.504548,7.382494,-0.775948,1.616518,-0.206228
459745720.000,Miguel,recording,switch_hand,14,-5.472747,6.728982,7.309889,-0.421909,1.118384,-0.067355
459745730.000,Miguel,recording,switch_hand,14,-4.826669,6.713075,6.840483,-0.152778,0.596785,0.037008
459745740.000,Miguel,recording,switch_hand,14,-4.740452,6.859627,6.709180,0.005343,0.049252,0.134915
459745750.000,Miguel,recording,switch_hand,14,-4.397934,6.836067,6.853114,0.101014,-0.540946,0.223149
459745760.000,Miguel,recording,switch_hand,14,-4.131965,6.689504,7.323486,0.198212,-1.193819,0.281549
459745770.000,Miguel,recording,switch_hand,14,-3.929480,6.674883,7.742835,0.328247,-1.839538,0.313114
459745780.000,Miguel,recording,switch_hand,14,-3.766951,6.606985,7.969513,0.482551,-2.387129,0.339284
459745790.000,Miguel,recording,switch_hand,14,-3.489398,6.515919,7.935567,0.633133,-2.798635,0.370771
459745800.000,Miguel,recording,switch_hand,14,-2.978459,6.415739,7.658847,0.742753,-3.056659,0.402660
459745810.000,Miguel,recording,switch_hand,14,-2.313587,6.341494,7.385688,0.784613,-3.146969,0.423280
459745820.000,Miguel,recording,switch_hand,14,-1.616107,6.261999,7.150145,0.755277,-3.056299,0.419512
459745830.000,Miguel,recording,switch_hand,14,-0.883757,6.245645,6.720624,0.660186,-2.827527,0.381414
459745840.000,Miguel,recording,switch_hand,14,-0.419106,6.224624,6.583891,0.504332,-2.542012,0.303940
459745850.000,Miguel,recording,switch_hand,14,-0.206791,6.171865,6.628706,0.311548,-2.234887,0.199520
459745860.000,Miguel,recording,switch_hand,14,-0.155046,6.078593,6.898002,0.119205,-1.908436,0.090227
459745870.000,Miguel,recording,switch_hand,14,-0.136844,5.971981,7.212720,-0.043926,-1.574257,-0.011749
459745880.000,Miguel,recording,switch_hand,14,-0.164159,5.877679,7.539570,-0.163804,-1.258572,-0.102388
459745890.000,Miguel,recording,switch_hand,14,-0.231898,5.768255,7.863529,-0.237328,-0.987124,-0.179716
459745900.000,Miguel,recording,switch_hand,14,-0.388012,5.697273,8.142571,-0.264969,-0.760544,-0.236868
459745910.000,Miguel,recording,switch_hand,14,-0.561765,5.713782,8.316729,-0.250815,-0.564953,-0.267876
459745920.000,Miguel,recording,switch_hand,14,-0.671676,5.752946,8.399934,-0.207051,-0.395986,-0.274722
459745930.000,Miguel,recording,switch_hand,14,-0.742787,5.804511,8.317827,-0.150442,-0.255041,-0.264818
459745940.000,Miguel,recording,switch_hand,14,-0.828031,5.898080,8.151320,-0.096402,-0.142440,-0.243876
459745950.000,Miguel,recording,switch_hand,14,-0.956548,6.003992,7.971028,-0.053049,-0.062204,-0.212401
459745960.000,Miguel,recording,switch_hand,14,-1.078000,6.106489,7.794238,-0.020985,-0.023363,-0.171849
459745970.000,Miguel,recording,switch_hand,14,-1.169292,6.193665,7.653108,0.003121,-0.028829,-0.122900
459745980.000,Miguel,recording,switch_hand,14,-1.178679,6.256530,7.548153,0.024244,-0.072307,-0.068279
459745990.000,Miguel,recording,switch_hand,14,-1.143989,6.291417,7.498036,0.045817,-0.141438,-0.013987
459746000.000,Miguel,recording,switch_hand,14,-1.009904,6.278574,7.458544,0.068720,-0.222572,0.033662
459746010.000,Miguel,recording,switch_hand,14,-0.858891,6.216906,7.432546,0.088867,-0.299671,0.070228
459746020.000,Miguel,recording,switch_hand,14,-0.684739,6.185516,7.461314,0.100207,-0.357965,0.096484
459746030.000,Miguel,recording,switch_hand,14,-0.542283,6.207918,7.523607,0.103734,-0.388266,0.115114
459746040.000,Miguel,recording,switch_hand,14,-0.461202,6.237892,7.560336,0.105361,-0.390230,0.127272
459746050.000,Miguel,recording,switch_hand,14,-0.418361,6.260545,7.602288,0.108328,-0.377525,0.132938
459746060.000,Miguel,recording,switch_hand,14,-0.421521,6.272365,7.610214,0.110673,-0.363751,0.135849
459746070.000,Miguel,recording,switch_hand,14,-0.465687,6.298853,7.632440,0.113290,-0.349374,0.143244
459746080.000,Miguel,recording,switch_hand,14,-0.543367,6.287946,7.631536,0.121404,-0.328287,0.160324
459746090.000,Miguel,recording,switch_hand,14,-0.567002,6.237706,7.646713,0.135071,-0.299598,0.186880
459746100.000,Miguel,recording,switch_hand,14,-0.561837,6.231665,7.613078,0.149824,-0.266945,0.218101
459746110.000,Miguel,recording,switch_hand,14,-0.457000,6.296118,7.561543,0.159061,-0.232985,0.246027
459746120.000,Miguel,recording,switch_hand,14,-0.315670,6.370460,7.497080,0.156284,-0.195651,0.262355
459746130.000,Miguel,recording,switch_hand,14,-0.222395,6.444387,7.418214,0.141111,-0.153928,0.264092
459746140.000,Miguel,recording,switch_hand,14,-0.181592,6.500290,7.402687,0.117880,-0.114985,0.256562
459746150.000,Miguel,recording,switch_hand,14,-0.096456,6.550399,7.452954,0.095865,-0.085779,0.246733
459746160.000,Miguel,recording,switch_hand,14,0.022408,6.532806,7.531363,0.083110,-0.063050,0.235641
459746170.000,Miguel,recording,switch_hand,14,0.137629,6.473021,7.544463,0.080202,-0.035901,0.218628
459746180.000,Miguel,recording,switch_hand,14,0.181586,6.415183,7.517544,0.082384,-0.004558,0.198293
459746190.000,Miguel,recording,switch_hand,14,0.138018,6.408771,7.474363,0.083219,0.020619,0.184541
459746200.000,Miguel,recording,switch_hand,14,0.013752,6.418311,7.440931,0.083707,0.037230,0.181123
459746210.000,Miguel,recording,switch_hand,14,-0.053377,6.438569,7.417118,0.087183,0.044209,0.186206
459746220.000,Miguel,recording,switch_hand,14,-0.093529,6.415646,7.421425,0.098519,0.035818,0.194917
459746230.000,Miguel,recording,switch_hand,14,-0.111674,6.437149,7.416887,0.122962,0.006444,0.201231
459746240.000,Miguel,recording,switch_hand,14,-0.084795,6.574463,7.366129,0.163268,-0.054119,0.200196
459746250.000,Miguel,recording,switch_hand,14,-0.046969,6.719645,7.217613,0.210574,-0.152759,0.187442
459746260.000,Miguel,recording,switch_hand,14,0.008275,6.865267,7.015798,0.244593,-0.274655,0.164282
459746270.000,Miguel,recording,switch_hand,14,0.127264,6.892733,6.837191,0.249737,-0.386889,0.130493
459746280.000,Miguel,recording,switch_hand,14,0.362599,6.848539,6.810204,0.232667,-0.464306,0.087394
459746290.000,Miguel,recording,switch_hand,14,0.491884,6.707913,6.994228,0.230686,-0.514027,0.024591
459746300.000,Miguel,recording,switch_hand,14,0.255861,6.223323,7.464768,0.296370,-0.551774,-0.080328
459746310.000,Miguel,recording,switch_hand,14,0.332694,6.679592,8.256588,0.496916,-0.615145,-0.192082
459746320.000,Miguel,recording,switch_hand,14,0.167118,7.131930,8.700164,0.850948,-0.715986,-0.237397
459746330.000,Miguel,recording,switch_hand,14,0.724356,6.902784,8.670987,1.249598,-0.860267,-0.197275
459746340.000,Miguel,recording,switch_hand,14,0.890958,6.347879,8.220873,1.562233,-1.102752,-0.118994
459746350.000,Miguel,recording,switch_hand,14,-1.054480,6.697771,7.070751,1.676204,-1.302323,0.038828
459746360.000,Miguel,recording,switch_hand,14,-2.523199,7.423673,4.772655,1.403612,-0.995732,0.470356
459746370.000,Miguel,recording,switch_hand,14,-0.375764,8.516378,3.428845,0.860124,-0.324746,0.959651
459746380.000,Miguel,recording,switch_hand,14,1.353184,8.243389,4.266556,0.464640,0.111006,1.115518
459746390.000,Miguel,recording,switch_hand,14,2.482882,7.951964,4.929380,0.281194,0.282323,1.043183
459746400.000,Miguel,recording,switch_hand,14,2.428407,6.690897,4.250090,0.030007,0.466067,0.940079
459746410.000,Miguel,recording,switch_hand,14,0.465699,5.412534,1.941492,-0.457012,0.855999,0.860973
459746420.000,Miguel,recording,switch_hand,14,-0.674550,4.806709,0.679796,-1.117792,1.202677,0.873320
459746430.000,Miguel,recording,switch_hand,15,-0.378168,5.138433,1.261613,-1.782524,1.231524,0.989391
459746440.000,Miguel,recording,switch_hand,15,0.786994,6.468728,2.381707,-2.247448,1.216110,1.058320
459746450.000,Miguel,recording,switch_hand,15,1.517667,6.609415,2.822519,-2.604426,1.443555,1.026923
459746460.000,Miguel,recording,switch_hand,15,1.456483,5.590137,3.135163,-3.053266,1.770613,0.972787
459746470.000,Miguel,recording,switch_hand,15,1.383215,5.067442,4.154753,-3.428486,1.967187,0.912988
459746480.000,Miguel,recording,switch_hand,15,1.715688,5.186127,7.722756,-3.472464,1.915697,0.871167
459746490.000,Miguel,recording,switch_hand,15,2.445211,5.362487,12.015043,-3.067464,1.598456,0.852043
459746500.000,Miguel,recording,switch_hand,15,2.458105,5.045569,15.095370,-2.290113,1.259004,0.830137
459746510.000,Miguel,recording,switch_hand,15,1.569850,4.461558,15.312693,-1.399717,1.106080,0.807495
459746520.000,Miguel,recording,switch_hand,15,0.740676,3.992190,13.940758,-0.650069,1.052940,0.771301
459746530.000,Miguel,recording,switch_hand,15,0.131666,3.868191,12.568528,-0.138617,0.944238,0.697157
459746540.000,Miguel,recording,switch_hand,15,-0.150205,3.802806,11.905322,0.180260,0.746594,0.604954
459746550.000,Miguel,recording,switch_hand,15,-0.085156,4.017639,11.670216,0.381201,0.506785,0.532202
459746560.000,Miguel,recording,switch_hand,15,0.431245,4.627605,11.362599,0.508582,0.264180,0.486809
459746570.000,Miguel,recording,switch_hand,15,1.014238,5.281351,10.935090,0.580614,0.035418,0.442094
459746580.000,Miguel,recording,switch_hand,15,1.383355,5.650531,10.304654,0.607024,-0.171150,0.373539
459746590.000,Miguel,recording,switch_hand,15,1.481961,5.758860,9.704328,0.601518,-0.337427,0.284274
459746600.000,Miguel,recording,switch_hand,15,1.438739,5.795805,9.204338,0.584154,-0.434716,0.187376
459746610.000,Miguel,recording,switch_hand,15,1.385429,5.878311,8.822670,0.572941,-0.442353,0.097210
459746620.000,Miguel,recording,switch_hand,15,1.389402,6.128303,8.561697,0.576331,-0.364151,0.030088
459746630.000,Miguel,recording,switch_hand,15,1.371721,6.341666,8.305763,0.596753,-0.222216,-0.012312
459746640.000,Miguel,recording,switch_hand,15,1.347207,6.381756,8.032438,0.624467,-0.045980,-0.028684
459746650.000,Miguel,recording,switch_hand,15,1.312412,6.279513,7.674797,0.639674,0.135604,-0.025872
459746660.000,Miguel,recording,switch_hand,15,1.208984,6.177315,7.479221,0.640276,0.305338,-0.036485
459746670.000,Miguel,recording,switch_hand,15,1.143487,6.228381,7.328847,0.623144,0.432270,-0.059314
459746680.000,Miguel,recording,switch_hand,15,1.075777,6.187597,7.172571,0.571677,0.472951,-0.061445
459746690.000,Miguel,recording,switch_hand,15,0.979247,6.135055,7.078971,0.485946,0.428192,-0.046324
459746700.000,Miguel,recording,switch_hand,15,0.903893,6.003794,7.060608,0.379735,0.333736,-0.026803
459746710.000,Miguel,recording,switch_hand,15,0.818491,5.856839,7.161897,0.272780,0.220942,-0.001797
459746720.000,Miguel,recording,switch_hand,15,0.820435,5.749337,7.328443,0.183746,0.117505,0.026885
459746730.000,Miguel,recording,switch_hand,15,0.893903,5.704821,7.500851,0.123077,0.043894,0.055754
459746740.000,Miguel,recording,switch_hand,15,1.009101,5.648088,7.629040,0.095941,0.009542,0.078637
459746750.000,Miguel,recording,switch_hand,15,1.061839,5.483809,7.671067,0.101819,0.021215,0.086296
459746760.000,Miguel,recording,switch_hand,15,1.022024,5.355261,7.649449,0.128678,0.078861,0.081004
459746770.000,Miguel,recording,switch_hand,15,0.988315,5.377208,7.693725,0.161456,0.163305,0.075277
459746780.000,Miguel,recording,switch_hand,15,1.011504,5.507645,7.705745,0.192579,0.241241,0.077077
459746790.000,Miguel,recording,switch_hand,15,1.088729,5.635184,7.680134,0.214124,0.292231,0.086213
459746800.000,Miguel,recording,switch_hand,15,1.189246,5.633147,7.596127,0.220131,0.317074,0.097019
459746810.000,Miguel,recording,switch_hand,15,1.268440,5.580697,7.525707,0.210052,0.320103,0.102676
459746820.000,Miguel,recording,switch_hand,15,1.395736,5.510136,7.508939,0.187432,0.307918,0.092957
459746830.000,Miguel,recording,switch_hand,15,1.535257,5.461325,7.615666,0.164615,0.279787,0.059817
459746840.000,Miguel,recording,switch_hand,15,1.568464,5.409615,7.671891,0.148804,0.228253,0.003614
459746850.000,Miguel,recording,switch_hand,15,1.505399,5.396800,7.703115,0.136548,0.158671,-0.068631
459746860.000,Miguel,recording,switch_hand,15,1.363547,5.428809,7.730732,0.127482,0.082252,-0.149146
459746870.000,Miguel,recording,switch_hand,15,1.192839,5.507811,7.749838,0.125631,0.007876,-0.230174
459746880.000,Miguel,recording,switch_hand,15,1.067445,5.652698,7.776465,0.134123,-0.050217,-0.302605
459746890.000,Miguel,recording,switch_hand,15,0.942550,5.847440,7.765501,0.148345,-0.081016,-0.355706
459746900.000,Miguel,recording,switch_hand,15,0.876540,5.997277,7.723446,0.163883,-0.087968,-0.386479
459746910.000,Miguel,recording,switch_hand,15,0.821720,6.070539,7.668941,0.181941,-0.072919,-0.402874
459746920.000,Miguel,recording,switch_hand,15,0.791987,6.097310,7.663825,0.204630,-0.035809,-0.415688
459746930.000,Miguel,recording,switch_hand,15,0.736817,6.114840,7.639668,0.230302,0.010576,-0.428440
459746940.000,Miguel,recording,switch_hand,15,0.659100,6.146949,7.598565,0.249824,0.043834,-0.438496
459746950.000,Miguel,recording,switch_hand,15,0.557834,6.139656,7.498455,0.258045,0.050205,-0.450546
459746960.000,Miguel,recording,switch_hand,15,0.445859,6.100370,7.418105,0.254858,0.036984,-0.468369
459746970.000,Miguel,recording,switch_hand,15,0.328072,6.084835,7.353610,0.243600,0.022021,-0.489722
459746980.000,Miguel,recording,switch_hand,15,0.261151,6.143285,7.359335,0.232660,0.018158,-0.511581
459746990.000,Miguel,recording,switch_hand,15,0.246365,6.192070,7.379158,0.230423,0.030537,-0.531212
459747000.000,Miguel,recording,switch_hand,15,0.183630,6.260142,7.460559,0.240184,0.056586,-0.546305
459747010.000,Miguel,recording,switch_hand,15,0.028393,6.298751,7.523386,0.260830,0.083579,-0.554671
459747020.000,Miguel,recording,switch_hand,15,-0.135750,6.327891,7.537762,0.287683,0.096674,-0.553172
459747030.000,Miguel,recording,switch_hand,15,-0.317099,6.341771,7.504245,0.312546,0.090237,-0.540753
459747040.000,Miguel,recording,switch_hand,15,-0.543002,6.277547,7.389944,0.331077,0.065641,-0.521635
459747050.000,Miguel,recording,switch_hand,15,-0.771247,6.221858,7.189862,0.337770,0.029963,-0.498285
459747060.000,Miguel,recording,switch_hand,15,-0.948367,6.302105,6.948014,0.322636,-0.001782,-0.467789
459747070.000,Miguel,recording,switch_hand,15,-0.962021,6.466928,6.793396,0.284686,-0.022924,-0.424221
459747080.000,Miguel,recording,switch_hand,15,-0.860668,6.622600,6.777426,0.238791,-0.031156,-0.373046
459747090.000,Miguel,recording,switch_hand,15,-0.756632,6.682980,6.840274,0.202652,-0.017748,-0.326926
459747100.000,Miguel,recording,switch_hand,15,-0.597702,6.673050,6.891009,0.181298,0.021850,-0.288079
459747110.000,Miguel,recording,switch_hand,15,-0.223115,6.625084,6.937274,0.173484,0.088728,-0.261439
459747120.000,Miguel,recording,switch_hand,15,0.360777,6.591458,7.032383,0.182240,0.183141,-0.264665
459747130.000,Miguel,recording,switch_hand,15,1.255499,6.688131,7.009996,0.211399,0.291731,-0.305573
459747140.000,Miguel,recording,switch_hand,15,2.414920,6.641913,6.627061,0.252680,0.414170,-0.374516
459747150.000,Miguel,recording,switch_hand,15,3.299310,6.183985,6.296323,0.301434,0.643318,-0.487849
459747160.000,Miguel,recording,switch_hand,15,3.667004,5.739610,6.350761,0.377540,1.111342,-0.664421
459747170.000,Miguel,recording,switch_hand,15,3.653125,5.410793,5.524750,0.469604,1.725798,-0.850759
459747180.000,Miguel,recording,switch_hand,15,4.096292,4.793015,4.816606,0.574869,2.284737,-1.033611
459747190.000,Miguel,recording,switch_hand,15,5.156657,3.106315,3.115822,0.604057,2.639851,-1.342366
459747200.000,Miguel,recording,switch_hand,15,5.007905,3.332476,-0.192751,-0.018535,2.201855,-2.005164
459747210.000,Miguel,recording,switch_hand,15,2.763975,4.654359,-1.482236,-1.426927,1.010856,-2.839271
459747220.000,Miguel,recording,switch_hand,15,-3.115804,4.517324,5.435142,-2.778176,-0.120715,-3.327952
459747230.000,Miguel,recording,switch_hand,15,-6.596652,4.409661,8.227293,-3.555933,-0.504340,-3.419946
459747240.000,Miguel,recording,switch_hand,15,-7.210065,5.117720,9.652703,-3.550156,-0.005613,-3.219952
459747250.000,Miguel,recording,switch_hand,15,-11.109128,8.089519,12.308972,-2.818179,0.752910,-2.747989
459747260.000,Miguel,recording,switch_hand,15,-11.342123,7.597323,12.829681,-1.763689,1.183750,-2.182037
459747270.000,Miguel,recording,switch_hand,15,-7.931308,5.330022,10.605179,-0.763439,1.048465,-1.708025
459747280.000,Miguel,recording,switch_hand,15,-6.559073,2.839689,8.678910,-0.102904,0.542665,-1.312062
459747290.000,Miguel,recording,switch_hand,15,-6.148172,2.617514,7.988670,0.277647,0.027613,-0.849790
459747300.000,Miguel,recording,switch_hand,15,-6.207413,2.923055,8.233549,0.532611,-0.337484,-0.303197
459747310.000,Miguel,recording,switch_hand,15,-6.067931,3.343495,8.932075,0.724137,-0.607934,0.221689
459747320.000,Miguel,recording,switch_hand,15,-6.018168,4.358743,9.692442,0.896786,-0.820274,0.651627
459747330.000,Miguel,recording,switch_hand,15,-5.751798,5.350166,10.175567,1.081908,-1.002501,0.978489
459747340.000,Miguel,recording,switch_hand,15,-5.448578,5.872196,10.488767,1.275862,-1.150709,1.196682
459747350.000,Miguel,recording,switch_hand,15,-4.691498,6.253531,10.037873,1.446941,-1.221858,1.298811
459747360.000,Miguel,recording,switch_hand,15,-3.909567,6.659250,9.228235,1.539237,-1.228414,1.304050
459747370.000,Miguel,recording,switch_hand,15,-3.162365,6.970092,8.224097,1.511340,-1.186463,1.240553
459747380.000,Miguel,recording,switch_hand,15,-2.484578,7.179479,7.314497,1.359575,-1.089712,1.125293
459747390.000,Miguel,recording,switch_hand,15,-1.992196,7.317569,6.843281,1.120688,-0.942974,0.978861
459747400.000,Miguel,recording,switch_hand,15,-1.639985,7.265510,6.693196,0.853951,-0.774125,0.822195
459747410.000,Miguel,recording,switch_hand,15,-1.444289,7.082280,6.813261,0.613833,-0.624331,0.670119
459747420.000,Miguel,recording,switch_hand,15,-1.412261,6.799026,7.048400,0.436157,-0.531843,0.534001
459747430.000,Miguel,recording,switch_hand,15,-1.418279,6.471727,7.274437,0.336476,-0.511202,0.425840
459747440.000,Miguel,recording,switch_hand,15,-1.497819,6.177078,7.401324,0.311096,-0.552342,0.353023
459747450.000,Miguel,recording,switch_hand,15,-1.621864,6.034459,7.441278,0.339168,-0.628300,0.315758
459747460.000,Miguel,recording,switch_hand,15,-1.745251,5.961582,7.424826,0.395450,-0.707763,0.307409
459747470.000,Miguel,recording,switch_hand,15,-1.818192,5.914004,7.353446,0.459709,-0.772730,0.319354
459747480.000,Miguel,recording,switch_hand,15,-1.765415,5.852560,7.176334,0.513014,-0.817673,0.341259
459747490.000,Miguel,recording,switch_hand,15,-1.680579,5.810880,6.952866,0.539081,-0.845220,0.364553
459747500.000,Miguel,recording,switch_hand,15,-1.579256,5.752616,6.752431,0.533122,-0.857480,0.389938
459747510.000,Miguel,recording,switch_hand,15,-1.454874,5.748507,6.664687,0.504700,-0.855886,0.420027
459747520.000,Miguel,recording,switch_hand,15,-1.286997,5.755488,6.655255,0.467248,-0.843297,0.453340
459747530.000,Miguel,recording,switch_hand,15,-1.068361,5.780588,6.643732,0.429640,-0.820028,0.481449
459747540.000,Miguel,recording,switch_hand,15,-0.909334,5.881146,6.653682,0.395868,-0.788493,0.497632
459747550.000,Miguel,recording,switch_hand,15,-0.855178,6.004181,6.697811,0.367801,-0.752295,0.502705
459747560.000,Miguel,recording,switch_hand,15,-0.826030,6.148818,6.707823,0.344505,-0.714253,0.500943
459747570.000,Miguel,recording,switch_hand,15,-0.816573,6.282059,6.720585,0.323315,-0.676470,0.497884
459747580.000,Miguel,recording,switch_hand,15,-0.723826,6.388223,6.706192,0.300516,-0.643696,0.494319
459747590.000,Miguel,recording,switch_hand,15,-0.573041,6.492384,6.763594,0.272987,-0.618964,0.486785
459747600.000,Miguel,recording,switch_hand,15,-0.417305,6.615176,6.841857,0.245040,-0.589926,0.475537
459747610.000,Miguel,recording,switch_hand,15,-0.258593,6.732154,6.953479,0.223468,-0.542603,0.460633
459747620.000,Miguel,recording,switch_hand,15,-0.144237,6.833461,7.000683,0.208322,-0.478132,0.439514
459747630.000,Miguel,recording,switch_hand,15,-0.052929,6.885205,7.018298,0.195302,-0.405183,0.411190
459747640.000,Miguel,recording,switch_hand,15,0.019163,6.933988,7.015442,0.181996,-0.331158,0.376244
459747650.000,Miguel,recording,switch_hand,15,0.036276,6.992879,7.009679,0.167540,-0.261905,0.338680
459747660.000,Miguel,recording,switch_hand,15,0.044196,7.051098,7.007561,0.150011,-0.203541,0.302185
459747670.000,Miguel,recording,switch_hand,15,-0.002387,7.120797,7.020657,0.130790,-0.159128,0.269676
459747680.000,Miguel,recording,switch_hand,15,-0.039094,7.203409,7.100671,0.116231,-0.129731,0.244028
459747690.000,Miguel,recording,switch_hand,15,-0.057015,7.254950,7.152580,0.111161,-0.113092,0.225875
459747700.000,Miguel,recording,switch_hand,15,-0.029023,7.215753,7.161414,0.114235,-0.105699,0.214379
459747710.000,Miguel,recording,switch_hand,15,0.012207,7.195155,7.155504,0.122709,-0.106816,0.205540
459747720.000,Miguel,recording,switch_hand,15,0.064951,7.179442,7.122818,0.134916,-0.112387,0.197921
459747730.000,Miguel,recording,switch_hand,15,0.150736,7.176097,7.127098,0.150177,-0.116734,0.193054
459747740.000,Miguel,recording,switch_hand,15,0.257744,7.141816,7.117309,0.169306,-0.118722,0.191282
459747750.000,Miguel,recording,switch_hand,15,0.373471,7.125512,7.119137,0.191518,-0.120904,0.188880
459747760.000,Miguel,recording,switch_hand,15,0.490861,7.155913,7.087613,0.216373,-0.123408,0.178486
459747770.000,Miguel,recording,switch_hand,15,0.563631,7.212554,7.002894,0.243155,-0.125255,0.156412
459747780.000,Miguel,recording,switch_hand,15,0.584428,7.283055,6.888797,0.265935,-0.130411,0.121581
459747790.000,Miguel,recording,switch_hand,15,0.567530,7.446345,6.778444,0.278280,-0.143183,0.074860
459747800.000,Miguel,recording,switch_hand,15,0.480251,7.484246,6.744039,0.281449,-0.162608,0.027387
459747810.000,Miguel,recording,switch_hand,15,0.396141,7.142882,6.646670,0.280197,-0.188563,-0.005208
459747820.000,Miguel,recording,switch_hand,15,0.403340,7.412650,6.700896,0.280858,-0.212103,-0.018893
459747830.000,Miguel,recording,switch_hand,15,0.313704,7.556666,6.621919,0.286238,-0.222799,-0.020021
459747840.000,Miguel,recording,switch_hand,15,0.482473,7.822531,6.405877,0.293913,-0.231045,-0.030495
459747850.000,Miguel,recording,switch_hand,15,0.671927,7.971990,6.185432,0.300705,-0.266587,-0.080791
459747860.000,Miguel,recording,switch_hand,15,0.274483,7.490917,5.814908,0.297260,-0.350454,-0.192179
459747870.000,Miguel,recording,switch_hand,15,-0.100134,7.179874,5.595927,0.297217,-0.505055,-0.330266
459747880.000,Miguel,recording,switch_hand,15,0.032229,7.882614,5.561952,0.310779,-0.758680,-0.395574
459747890.000,Miguel,recording,switch_hand,15,-0.252392,8.474152,5.085564,0.294783,-1.120463,-0.339094
459747900.000,Miguel,recording,switch_hand,15,-0.642826,8.592019,4.711986,0.251056,-1.552599,-0.242218
459747910.000,Miguel,recording,switch_hand,15,-1.051091,8.028467,4.242179,0.168880,-1.921350,-0.154214
459747920.000,Miguel,recording,switch_hand,15,-1.658886,6.572291,3.806564,-0.100470,-1.882987,0.038021
459747930.000,Miguel,recording,switch_hand,15,-1.604589,4.866221,3.753965,-0.624019,-1.242371,0.390084
459747940.000,Miguel,recording,switch_hand,15,-0.475677,4.764614,5.989309,-1.157638,-0.600011,0.740006
459747950.000,Miguel,recording,switch_hand,15,1.420672,5.697589,8.162190,-1.384787,-0.416964,0.939077
459747960.000,Miguel,recording,switch_hand,15,2.454994,6.068951,8.289686,-1.277727,-0.275033,0.998149
459747970.000,Miguel,recording,switch_hand,15,2.213692,6.209783,7.856749,-1.067413,0.073080,1.005336
459747980.000,Miguel,recording,switch_hand,15,1.159869,6.695215,6.675148,-0.891765,0.508933,1.016393
459747990.000,Miguel,recording,switch_hand,15,0.963542,6.824804,6.032148,-0.768288,0.959794,1.019535
459748000.000,Miguel,recording,switch_hand,15,1.817349,6.523802,6.007312,-0.733519,1.288863,1.001864
459748010.000,Miguel,recording,switch_hand,15,2.655978,6.192187,6.674836,-0.742074,1.362717,0.923772
459748020.000,Miguel,recording,switch_hand,15,2.954934,5.759016,7.559146,-0.708028,1.253822,0.757097
459748030.000,Miguel,recording,switch_hand,15,3.400383,4.857571,8.900294,-0.579657,1.146715,0.538342
459748040.000,Miguel,recording,switch_hand,15,3.281567,4.804904,9.635800,-0.354547,1.061889,0.317627
459748050.000,Miguel,recording,switch_hand,15,2.895173,5.231691,9.718615,-0.095828,0.916806,0.122826
459748060.000,Miguel,recording,switch_hand,15,2.381800,5.823840,9.375871,0.113188,0.703547,-0.038567
459748070.000,Miguel,recording,switch_hand,15,1.794584,6.221131,8.949039,0.231267,0.464951,-0.156336
459748080.000,Miguel,recording,switch_hand,15,1.213480,6.435957,8.632012,0.272408,0.235911,-0.216217
459748090.000,Miguel,recording,switch_hand,15,0.839801,6.590284,8.482217,0.275666,0.042021,-0.216895
459748100.000,Miguel,recording,switch_hand,15,0.712002,6.813281,8.450526,0.275708,-0.103124,-0.174991
459748110.000,Miguel,recording,switch_hand,15,0.779263,7.072131,8.375394,0.289922,-0.206876,-0.110933
459748120.000,Miguel,recording,switch_hand,15,0.940409,7.300389,8.146837,0.313943,-0.278720,-0.040491
459748130.000,Miguel,recording,switch_hand,15,1.033025,7.395137,7.792801,0.331431,-0.321022,0.026484
459748140.000,Miguel,recording,switch_hand,15,1.149567,7.370040,7.420693,0.329830,-0.332512,0.085027
459748150.000,Miguel,recording,switch_hand,15,1.312320,7.274314,7.077800,0.306310,-0.311989,0.128897
459748160.000,Miguel,recording,switch_hand,15,1.478958,7.241750,6.861911,0.266126,-0.259908,0.152094
459748170.000,Miguel,recording,switch_hand,15,1.627237,7.162795,6.762821,0.220580,-0.179557,0.153066
459748180.000,Miguel,recording,switch_hand,15,1.730712,7.067742,6.791595,0.181809,-0.079815,0.134292
459748190.000,Miguel,recording,switch_hand,15,1.754136,6.920917,6.968469,0.160320,0.026086,0.103270
459748200.000,Miguel,recording,switch_hand,15,1.694739,6.780248,7.175372,0.162709,0.119270,0.065540
459748210.000,Miguel,recording,switch_hand,15,1.625041,6.625830,7.291428,0.187690,0.178204,0.024863
459748220.000,Miguel,recording,switch_hand,15,1.542048,6.500730,7.273682,0.224796,0.195245,-0.013888
459748230.000,Miguel,recording,switch_hand,15,1.461475,6.435100,7.165511,0.257480,0.180872,-0.048531
459748240.000,Miguel,recording,switch_hand,15,1.395798,6.448852,7.008450,0.274018,0.146394,-0.075478
459748250.000,Miguel,recording,switch_hand,15,1.340725,6.500675,6.839685,0.270984,0.100585,-0.091820
459748260.000,Miguel,recording,switch_hand,15,1.328011,6.545881,6.731146,0.250646,0.055851,-0.097755
459748270.000,Miguel,recording,switch_hand,15,1.328757,6.559317,6.698772,0.220953,0.025085,-0.097646
459748280.000,Miguel,recording,switch_hand,15,1.308286,6.554956,6.728850,0.196465,0.016608,-0.095538
459748290.000,Miguel,recording,switch_hand,15,1.357248,6.506334,6.809750,0.191766,0.037222,-0.096884
459748300.000,Miguel,recording,switch_hand,15,1.501003,6.462479,6.867233,0.214801,0.093647,-0.112138
459748310.000,Miguel,recording,switch_hand,15,1.690917,6.482354,6.850553,0.262731,0.182451,-0.144541
459748320.000,Miguel,recording,switch_hand,15,1.812554,6.580543,6.728812,0.322258,0.292793,-0.185912
459748330.000,Miguel,recording,switch_hand,15,1.859896,6.733407,6.580835,0.375588,0.410504,-0.225815
459748340.000,Miguel,recording,switch_hand,15,1.888371,6.907465,6.424001,0.407975,0.512534,-0.258391
459748350.000,Miguel,recording,switch_hand,15,1.870756,7.013614,6.360455,0.416462,0.578969,-0.282808
459748360.000,Miguel,recording,switch_hand,15,1.820980,7.017471,6.359740,0.404388,0.601716,-0.302390
459748370.000,Miguel,recording,switch_hand,15,1.803681,6.914167,6.389234,0.380005,0.583789,-0.325259
459748380.000,Miguel,recording,switch_hand,15,1.821351,6.802851,6.464957,0.355052,0.540045,-0.358122
459748390.000,Miguel,recording,switch_hand,15,1.817712,6.720768,6.514350,0.335772,0.483854,-0.400622
459748400.000,Miguel,recording,switch_hand,15,1.756649,6.715104,6.504794,0.324548,0.426630,-0.449246
459748410.000,Miguel,recording,switch_hand,15,1.807879,6.774883,6.471863,0.327036,0.395708,-0.504460
459748420.000,Miguel,recording,switch_hand,15,2.033124,6.924594,6.485156,0.359242,0.439121,-0.575950
459748430.000,Miguel,recording,switch_hand,15,2.468834,7.088271,6.346061,0.429518,0.596661,-0.672394
459748440.000,Miguel,recording,switch_hand,15,2.905012,7.180312,6.026358,0.529768,0.884570,-0.794776
459748450.000,Miguel,recording,switch_hand,15,3.408001,6.401899,5.532709,0.645415,1.276865,-0.937165
459748460.000,Miguel,recording,switch_hand,15,4.396355,5.315079,5.091006,0.771583,1.672521,-1.169073
459748470.000,Miguel,recording,switch_hand,15,4.461466,5.893854,4.027510,0.778336,1.860668,-1.584514
459748480.000,Miguel,recording,switch_hand,15,1.596654,7.031649,2.630726,0.360330,1.463302,-2.113455
459748490.000,Miguel,recording,switch_hand,15,-6.076280,8.563686,6.320802,-0.244903,0.730553,-2.339409
459748500.000,Miguel,recording,switch_hand,15,-7.168003,9.198677,8.488568,-0.425870,0.509728,-1.982892
459748510.000,Miguel,recording,switch_hand,15,-5.567259,9.007870,7.386081,-0.299675,0.737578,-1.455335
459748520.000,Miguel,recording,switch_hand,15,-3.024621,7.569810,4.744649,-0.340111,0.974015,-1.197994
459748530.000,Miguel,recording,switch_hand,15,-2.934896,6.512173,4.881266,-0.510895,1.176172,-1.153673
459748540.000,Miguel,recording,switch_hand,15,-4.075837,4.802987,3.667870,-0.749708,1.239560,-1.055807
459748550.000,Miguel,recording,switch_hand,15,-4.571608,4.653009,3.841065,-1.003958,1.061369,-0.781348
459748560.000,Miguel,recording,switch_hand,15,-5.104622,4.225585,4.397977,-1.125330,0.702507,-0.421095
459748570.000,Miguel,recording,switch_hand,15,-5.386894,5.093663,5.477452,-1.138543,0.284398,-0.049427
459748580.000,Miguel,recording,switch_hand,15,-5.312905,5.740012,6.531076,-1.044369,-0.149148,0.319192
459748590.000,Miguel,recording,switch_hand,15,-4.638175,6.234456,7.411292,-0.857204,-0.578872,0.629976
459748600.000,Miguel,recording,switch_hand,15,-3.656743,6.432096,8.147466,-0.599264,-0.971507,0.831473
459748610.000,Miguel,recording,switch_hand,15,-2.578501,6.678467,8.531454,-0.316433,-1.272191,0.915028
459748620.000,Miguel,recording,switch_hand,15,-1.797914,6.923083,8.541788,-0.063355,-1.441921,0.908173
459748630.000,Miguel,recording,switch_hand,15,-1.156178,7.107580,8.179483,0.118964,-1.487554,0.838385
459748640.000,Miguel,recording,switch_hand,15,-0.720261,7.279664,7.878165,0.212355,-1.435514,0.722186
459748650.000,Miguel,recording,switch_hand,15,-0.400379,7.426135,7.589539,0.222878,-1.308320,0.571490
459748660.000,Miguel,recording,switch_hand,15,-0.191764,7.467593,7.472370,0.169787,-1.121066,0.402771
459748670.000,Miguel,recording,switch_hand,15,-0.126954,7.467346,7.468007,0.080646,-0.890953,0.233779
459748680.000,Miguel,recording,switch_hand,15,-0.165682,7.419694,7.504767,-0.015387,-0.642802,0.073737
459748690.000,Miguel,recording,switch_hand,15,-0.354495,7.406545,7.569852,-0.095242,-0.408236,-0.072771
459748700.000,Miguel,recording,switch_hand,15,-0.707601,7.420969,7.646080,-0.147437,-0.221499,-0.196274
459748710.000,Miguel,recording,switch_hand,15,-1.067703,7.422417,7.735474,-0.165713,-0.105908,-0.286459
459748720.000,Miguel,recording,switch_hand,15,-1.393735,7.365337,7.804494,-0.146231,-0.066012,-0.340060
459748730.000,Miguel,recording,switch_hand,15,-1.701277,7.172179,7.860808,-0.094366,-0.093354,-0.358140
459748740.000,Miguel,recording,switch_hand,15,-1.980625,6.887147,7.858709,-0.018287,-0.166150,-0.338809
459748750.000,Miguel,recording,switch_hand,15,-2.197686,6.662710,7.766498,0.069683,-0.259904,-0.279912
459748760.000,Miguel,recording,switch_hand,15,-2.330483,6.568225,7.668812,0.156088,-0.355802,-0.188755
459748770.000,Miguel,recording,switch_hand,15,-2.332125,6.531040,7.554329,0.232907,-0.439207,-0.081896
459748780.000,Miguel,recording,switch_hand,15,-2.222409,6.539372,7.412950,0.293638,-0.499273,0.021451
459748790.000,Miguel,recording,switch_hand,15,-2.070735,6.558035,7.287814,0.336431,-0.532980,0.109069
459748800.000,Miguel,recording,switch_hand,15,-1.894582,6.567987,7.163213,0.361927,-0.544784,0.177256
459748810.000,Miguel,recording,switch_hand,15,-1.742227,6.591959,7.056567,0.370569,-0.538620,0.227294
459748820.000,Miguel,recording,switch_hand,15,-1.629450,6.618474,6.946842,0.360939,-0.515100,0.261384
459748830.000,Miguel,recording,switch_hand,15,-1.536925,6.636642,6.836022,0.333037,-0.475741,0.285369
459748840.000,Miguel,recording,switch_hand,15,-1.429642,6.683663,6.770918,0.290077,-0.424936,0.303349
459748850.000,Miguel,recording,switch_hand,15,-1.260597,6.703326,6.793194,0.233560,-0.361664,0.310695
459748860.000,Miguel,recording,switch_hand,15,-0.974722,6.737554,6.936587,0.180502,-0.290961,0.315552
459748870.000,Miguel,recording,switch_hand,15,-0.819505,6.789305,7.037908,0.142971,-0.209518,0.318467
459748880.000,Miguel,recording,switch_hand,15,-0.653379,6.718673,7.047377,0.120274,-0.113644,0.310265
459748890.000,Miguel,recording,switch_hand,15,-0.564338,6.757739,7.095933,0.114125,-0.028809,0.296694
459748900.000,Miguel,recording,switch_hand,15,-0.568595,6.794035,7.096974,0.122139,0.025450,0.282998
459748910.000,Miguel,recording,switch_hand,15,-0.588715,6.837351,7.065765,0.145420,0.050908,0.276691
459748920.000,Miguel,recording,switch_hand,15,-0.649393,6.930357,6.983115,0.175117,0.057802,0.280581
459748930.000,Miguel,recording,switch_hand,15,-0.645128,6.950603,6.856191,0.197295,0.053908,0.290177
459748940.000,Miguel,recording,switch_hand,15,-0.565853,7.007957,6.741960,0.208076,0.044697,0.298451
459748950.000,Miguel,recording,switch_hand,15,-0.457703,7.035093,6.692117,0.208859,0.038571,0.299388
459748960.000,Miguel,recording,switch_hand,15,-0.365178,7.032800,6.664189,0.203942,0.039331,0.292043
459748970.000,Miguel,recording,switch_hand,15,-0.270048,7.015185,6.667386,0.199018,0.046617,0.273651
459748980.000,Miguel,recording,switch_hand,15,-0.220092,7.003314,6.632032,0.194438,0.058668,0.245329
459748990.000,Miguel,recording,switch_hand,15,-0.249602,7.004462,6.554044,0.186201,0.075822,0.213937
459749000.000,Miguel,recording,switch_hand,15,-0.334382,7.006159,6.499403,0.173040,0.099003,0.186377
459749010.000,Miguel,recording,switch_hand,15,-0.400254,6.981174,6.488871,0.158827,0.128860,0.163248
459749020.000,Miguel,recording,switch_hand,15,-0.260971,7.009014,6.558422,0.158299,0.145094,0.136564
459749030.000,Miguel,recording,switch_hand,15,-0.044276,6.975990,6.538297,0.177628,0.117207,0.080698
459749040.000,Miguel,recording,switch_hand,15,0.112550,6.914477,6.445383,0.215704,0.045493,-0.036916
459749050.000,Miguel,recording,switch_hand,15,-0.354216,6.702394,6.328714,0.280175,-0.058655,-0.246560
459749060.000,Miguel,recording,switch_hand,15,-1.239870,7.263569,6.509416,0.408483,-0.238101,-0.513859
459749070.000,Miguel,recording,switch_hand,15,-2.271596,8.325323,6.361037,0.612398,-0.535882,-0.732962
459749080.000,Miguel,recording,switch_hand,15,-3.331382,8.316042,5.528516,0.830740,-0.948002,-0.842919
459749090.000,Miguel,recording,switch_hand,15,-4.295730,6.928877,4.349222,0.985491,-1.488776,-0.816016
459749100.000,Miguel,recording,switch_hand,15,-4.600820,5.917200,3.086431,0.938292,-1.989972,-0.492829
459749110.000,Miguel,recording,switch_hand,15,-1.085816,6.622428,-0.328393,0.293863,-1.551577,0.570874
459749120.000,Miguel,recording,switch_hand,15,6.750026,6.722230,-0.414900,-0.864938,-0.098997,1.576304
459749130.000,Miguel,recording,switch_hand,15,7.402003,5.621852,1.261673,-1.799358,1.210788,1.386639
459749140.000,Miguel,recording,switch_hand,15,6.386859,6.778410,3.508088,-2.151235,1.860685,0.670999
459749150.000,Miguel,recording,switch_hand,15,2.711657,7.794038,2.832156,-2.309995,1.888975,0.231882
459749160.000,Miguel,recording,switch_hand,15,0.043615,7.888548,4.733358,-2.588570,1.680981,0.118055
459749170.000,Miguel,recording,switch_hand,15,-1.589644,6.722945,8.474308,-2.845027,1.512872,0.260985
459749180.000,Miguel,recording,switch_hand,15,-0.912217,4.801997,11.817031,-2.764643,1.239170,0.469212
459749190.000,Miguel,recording,switch_hand,15,-0.326380,3.603112,13.339938,-2.241964,0.798921,0.572356
459749200.000,Miguel,recording,switch_hand,15,1.184932,3.561825,14.604743,-1.516238,0.260009,0.559996
459749210.000,Miguel,recording,switch_hand,15,0.523243,4.557175,13.176372,-0.783595,-0.224303,0.474658
459749220.000,Miguel,recording,switch_hand,15,0.779177,5.371100,12.298324,-0.203035,-0.516623,0.379545
459749230.000,Miguel,recording,switch_hand,15,1.717583,5.214004,11.066626,0.195935,-0.663504,0.239748
459749240.000,Miguel,recording,switch_hand,15,2.327521,4.874786,10.389155,0.475926,-0.755096,0.037488
459749250.000,Miguel,recording,switch_hand,15,2.327022,5.039852,9.478710,0.666080,-0.787840,-0.171832
459749260.000,Miguel,recording,switch_hand,15,1.995566,5.682829,8.645577,0.761405,-0.769321,-0.333626
459749270.000,Miguel,recording,switch_hand,15,1.695159,6.431390,7.901051,0.766610,-0.724835,-0.427287
459749280.000,Miguel,recording,switch_hand,15,1.324657,7.049206,7.283814,0.700644,-0.664640,-0.457353
459749290.000,Miguel,recording,switch_hand,15,0.913277,7.418908,6.903381,0.588941,-0.594403,-0.429465
459749300.000,Miguel,recording,switch_hand,15,0.489738,7.624029,6.661659,0.461262,-0.516896,-0.349242
459749310.000,Miguel,recording,switch_hand,15,0.196421,7.658358,6.508870,0.340520,-0.423465,-0.228279
459749320.000,Miguel,recording,switch_hand,15,0.053222,7.570127,6.420001,0.236623,-0.296838,-0.091160
459749330.000,Miguel,recording,switch_hand,15,0.093967,7.444720,6.424493,0.154045,-0.121349,0.034446
459749340.000,Miguel,recording,switch_hand,15,0.275952,7.346200,6.511045,0.100196,0.102431,0.131355
459749350.000,Miguel,recording,switch_hand,15,0.455896,7.193498,6.641676,0.077340,0.358853,0.194533
459749360.000,Miguel,recording,switch_hand,15,0.643039,7.017089,6.825079,0.078164,0.617977,0.225099
459749370.000,Miguel,recording,switch_hand,15,0.727512,6.840933,7.093670,0.093697,0.841102,0.224518
459749380.000,Miguel,recording,switch_hand,15,0.603587,6.806633,7.485132,0.119174,0.989504,0.198769
459749390.000,Miguel,recording,switch_hand,15,0.321784,6.654456,7.772507,0.152301,1.032472,0.162299
459749400.000,Miguel,recording,switch_hand,15,-0.015087,6.473593,7.890226,0.185491,0.967502,0.133435
459749410.000,Miguel,recording,switch_hand,15,-0.200823,6.320543,7.844311,0.208009,0.817189,0.119491
459749420.000,Miguel,recording,switch_hand,15,-0.263266,6.292026,7.778570,0.212029,0.623437,0.115854
459749430.000,Miguel,recording,switch_hand,15,-0.248549,6.340898,7.682785,0.199175,0.422502,0.115076
459749440.000,Miguel,recording,switch_hand,15,-0.195779,6.323672,7.580501,0.179011,0.231865,0.112692
459749450.000,Miguel,recording,switch_hand,15,-0.128816,6.274886,7.488882,0.161070,0.070918,0.107455
459749460.000,Miguel,recording,switch_hand,15,0.000891,6.261567,7.410267,0.151569,-0.041965,0.093626
459749470.000,Miguel,recording,switch_hand,16,0.127111,6.295370,7.320801,0.153782,-0.103168,0.072124
459749480.000,Miguel,recording,switch_hand,16,0.168713,6.331786,7.202520,0.165355,-0.115699,0.048829
459749490.000,Miguel,recording,switch_hand,16,0.144017,6.352895,7.124600,0.181162,-0.081161,0.027048
459749500.000,Miguel,recording,switch_hand,16,-0.054171,6.497614,7.207171,0.203441,-0.008882,0.012732
459749510.000,Miguel,recording,switch_hand,16,-0.307423,6.582072,7.275035,0.237186,0.078425,0.016114
459749520.000,Miguel,recording,switch_hand,16,-0.477213,6.591286,7.261528,0.280965,0.159698,0.044572
459749530.000,Miguel,recording,switch_hand,16,-0.474995,6.639975,7.179815,0.323854,0.231804,0.091050
459749540.000,Miguel,recording,switch_hand,16,-0.376854,6.716586,7.085553,0.353299,0.293584,0.141144
459749550.000,Miguel,recording,switch_hand,16,-0.222123,6.669163,6.933620,0.365196,0.331692,0.182990
459749560.000,Miguel,recording,switch_hand,16,-0.068423,6.601687,6.780975,0.358891,0.335780,0.208881
459749570.000,Miguel,recording,switch_hand,16,0.110896,6.605486,6.673725,0.334475,0.311049,0.214574
459749580.000,Miguel,recording,switch_hand,16,0.274884,6.623877,6.604769,0.294503,0.265114,0.199656
459749590.000,Miguel,recording,switch_hand,16,0.357316,6.660010,6.564660,0.244859,0.203285,0.167929
459749600.000,Miguel,recording,switch_hand,16,0.315683,6.668087,6.584062,0.190639,0.133913,0.128643
459749610.000,Miguel,recording,switch_hand,16,0.193887,6.699168,6.682330,0.138535,0.069210,0.092491
459749620.000,Miguel,recording,switch_hand,16,0.161278,6.698421,6.785902,0.099855,0.017896,0.064880
459749630.000,Miguel,recording,switch_hand,16,0.231879,6.736612,6.876509,0.081171,-0.014424,0.047382
459749640.000,Miguel,recording,switch_hand,16,0.330780,6.762719,6.982143,0.081778,-0.018593,0.037043
459749650.000,Miguel,recording,switch_hand,16,0.380814,6.770235,7.073779,0.098469,0.006473,0.028504
459749660.000,Miguel,recording,switch_hand,16,0.427694,6.711998,7.098170,0.126145,0.047155,0.015581
459749670.000,Miguel,recording,switch_hand,16,0.524086,6.615246,7.060458,0.157024,0.083832,-0.006249
459749680.000,Miguel,recording,switch_hand,16,0.583136,6.598234,7.039569,0.180738,0.104179,-0.039829
459749690.000,Miguel,recording,switch_hand,16,0.545834,6.617701,7.108743,0.195781,0.102137,-0.086658
459749700.000,Miguel,recording,switch_hand,16,0.588584,6.680134,7.169995,0.214813,0.079722,-0.143907
459749710.000,Miguel,recording,switch_hand,16,0.820163,6.855459,7.054748,0.251246,0.075203,-0.208414
459749720.000,Miguel,recording,switch_hand,16,1.288220,7.057993,6.811367,0.302311,0.160222,-0.277843
459749730.000,Miguel,recording,switch_hand,16,1.974198,7.263940,6.344205,0.364475,0.392678,-0.358006
459749740.000,Miguel,recording,switch_hand,16,2.784146,7.107543,5.587783,0.442694,0.796639,-0.463592
459749750.000,Miguel,recording,switch_hand,16,3.729412,5.426948,4.976493,0.492921,1.285602,-0.642211
459749760.000,Miguel,recording,switch_hand,16,3.357956,5.305394,4.166294,0.325957,1.549934,-1.027302
459749770.000,Miguel,recording,switch_hand,16,0.992346,6.213842,4.175720,-0.131166,1.431589,-1.507930
459749780.000,Miguel,recording,switch_hand,16,-3.428556,6.538115,6.718875,-0.493152,1.246450,-1.685698
459749790.000,Miguel,recording,switch_hand,16,-6.437642,8.256405,8.426190,-0.466389,1.150486,-1.478358
459749800.000,Miguel,recording,switch_hand,16,-5.734557,8.558771,8.151727,-0.252543,1.018714,-1.103664
459749810.000,Miguel,recording,switch_hand,16,-3.170943,7.522917,6.147906,-0.177374,0.824240,-0.785051
459749820.000,Miguel,recording,switch_hand,16,-1.732675,6.170582,4.045849,-0.403651,0.669127,-0.665718
459749830.000,Miguel,recording,switch_hand,16,-2.060993,5.518626,2.655891,-0.844975,0.595126,-0.703460
459749840.000,Miguel,recording,switch_hand,16,-3.235062,5.160075,3.275311,-1.240742,0.459828,-0.738809
459749850.000,Miguel,recording,switch_hand,16,-4.595266,5.066409,3.895535,-1.509789,0.189362,-0.656758
459749860.000,Miguel,recording,switch_hand,16,-5.263284,5.846072,5.810253,-1.587653,-0.193113,-0.425298
459749870.000,Miguel,recording,switch_hand,16,-5.280456,5.909426,7.100357,-1.423015,-0.659245,-0.110041
459749880.000,Miguel,recording,switch_hand,16,-4.332999,6.054490,8.342593,-1.124125,-1.169055,0.177385
459749890.000,Miguel,recording,switch_hand,16,-3.362997,5.689484,9.398893,-0.743101,-1.634710,0.380669
459749900.000,Miguel,recording,switch_hand,16,-2.521535,5.614152,9.628760,-0.356578,-1.913700,0.493501
459749910.000,Miguel,recording,switch_hand,16,-1.973601,5.561680,9.869204,-0.033956,-1.962893,0.545801
459749920.000,Miguel,recording,switch_hand,16,-1.674615,5.675780,9.605858,0.189493,-1.835221,0.568330
459749930.000,Miguel,recording,switch_hand,16,-1.405131,5.871559,9.365368,0.307047,-1.560227,0.579568
459749940.000,Miguel,recording,switch_hand,16,-1.070463,6.154915,9.014575,0.333056,-1.180490,0.581578
459749950.000,Miguel,recording,switch_hand,16,-0.673955,6.463936,8.820674,0.293735,-0.751466,0.563990
459749960.000,Miguel,recording,switch_hand,16,-0.298617,6.716254,8.667467,0.219022,-0.326287,0.513805
459749970.000,Miguel,recording,switch_hand,16,-0.113646,6.874638,8.537037,0.133304,0.059321,0.423300
459749980.000,Miguel,recording,switch_hand,16,-0.084531,6.905246,8.423057,0.063362,0.365383,0.310038
459749990.000,Miguel,recording,switch_hand,16,-0.197470,7.177822,8.300147,0.024165,0.548955,0.207950
459750000.000,Miguel,recording,switch_hand,16,-0.385446,7.252100,8.153105,0.014234,0.607765,0.126977
459750010.000,Miguel,recording,switch_hand,16,-0.567126,7.143327,8.009539,0.037244,0.569874,0.062675
459750020.000,Miguel,recording,switch_hand,16,-0.720647,7.006318,7.880133,0.092188,0.457021,0.017448
459750030.000,Miguel,recording,switch_hand,16,-0.904760,6.898379,7.681591,0.167497,0.285904,-0.005293
459750040.000,Miguel,recording,switch_hand,16,-1.034514,6.811743,7.418808,0.246964,0.080269,-0.006917
459750050.000,Miguel,recording,switch_hand,16,-1.091852,6.750901,7.175608,0.314889,-0.136645,0.008804
459750060.000,Miguel,recording,switch_hand,16,-1.115403,6.719825,6.973912,0.364040,-0.342399,0.037591
459750070.000,Miguel,recording,switch_hand,16,-1.080567,6.716447,6.830441,0.393799,-0.519022,0.072417
459750080.000,Miguel,recording,switch_hand,16,-1.047468,6.682438,6.767126,0.405041,-0.658299,0.106478
459750090.000,Miguel,recording,switch_hand,16,-0.946548,6.597862,6.746656,0.398753,-0.758821,0.136654
459750100.000,Miguel,recording,switch_hand,16,-0.810267,6.533450,6.780919,0.376428,-0.820632,0.161088
459750110.000,Miguel,recording,switch_hand,16,-0.730746,6.526717,6.851053,0.342695,-0.845192,0.178983
459750120.000,Miguel,recording,switch_hand,16,-0.674859,6.523404,6.956684,0.306632,-0.838135,0.191171
459750130.000,Miguel,recording,switch_hand,16,-0.621483,6.532862,7.047434,0.274720,-0.806069,0.199035
459750140.000,Miguel,recording,switch_hand,16,-0.574581,6.488700,7.096135,0.246413,-0.752922,0.206070
459750150.000,Miguel,recording,switch_hand,16,-0.505274,6.358175,7.099455,0.217609,-0.683938,0.216620
459750160.000,Miguel,recording,switch_hand,16,-0.378297,6.278821,7.105623,0.183147,-0.607478,0.232197
459750170.000,Miguel,recording,switch_hand,16,-0.248187,6.334985,7.175105,0.148614,-0.521573,0.249992
459750180.000,Miguel,recording,switch_hand,16,-0.195717,6.438574,7.297013,0.126421,-0.425275,0.263218
459750190.000,Miguel,recording,switch_hand,16,-0.136386,6.515305,7.394508,0.121008,-0.335784,0.265518
459750200.000,Miguel,recording,switch_hand,16,-0.064960,6.556805,7.479460,0.129422,-0.271822,0.253889
459750210.000,Miguel,recording,switch_hand,16,-0.044325,6.586561,7.465294,0.145682,-0.231917,0.231391
459750220.000,Miguel,recording,switch_hand,16,-0.089991,6.588750,7.424021,0.164029,-0.199510,0.206874
459750230.000,Miguel,recording,switch_hand,16,-0.161105,6.568814,7.330241,0.179578,-0.166962,0.189510
459750240.000,Miguel,recording,switch_hand,16,-0.226596,6.568513,7.250523,0.187756,-0.143475,0.184031
459750250.000,Miguel,recording,switch_hand,16,-0.238333,6.624956,7.197707,0.186869,-0.134264,0.188034
459750260.000,Miguel,recording,switch_hand,16,-0.220026,6.663146,7.214770,0.183126,-0.128036,0.196463
459750270.000,Miguel,recording,switch_hand,16,-0.177956,6.685878,7.236007,0.185304,-0.116024,0.204513
459750280.000,Miguel,recording,switch_hand,16,-0.149733,6.677937,7.242677,0.194059,-0.102742,0.212291
459750290.000,Miguel,recording,switch_hand,16,-0.090340,6.627922,7.207286,0.206820,-0.093814,0.222340
459750300.000,Miguel,recording,switch_hand,16,-0.027115,6.633877,7.119269,0.220756,-0.085885,0.236360
459750310.000,Miguel,recording,switch_hand,16,0.025614,6.660091,7.000320,0.230827,-0.076819,0.253766
459750320.000,Miguel,recording,switch_hand,16,0.032164,6.753216,6.916712,0.234527,-0.072737,0.271165
459750330.000,Miguel,recording,switch_hand,16,0.036558,6.865030,6.880039,0.234615,-0.080496,0.287464
459750340.000,Miguel,recording,switch_hand,16,0.048301,6.955093,6.900311,0.237720,-0.100129,0.299586
459750350.000,Miguel,recording,switch_hand,16,0.094451,6.988756,6.905814,0.246096,-0.124288,0.304036
459750360.000,Miguel,recording,switch_hand,16,0.161564,7.005622,6.901860,0.257171,-0.146947,0.301058
459750370.000,Miguel,recording,switch_hand,16,0.227986,7.041595,6.902791,0.267672,-0.163939,0.291565
459750380.000,Miguel,recording,switch_hand,16,0.311500,7.068485,6.914699,0.274944,-0.168697,0.277304
459750390.000,Miguel,recording,switch_hand,16,0.402360,7.032251,6.921138,0.279826,-0.157497,0.259488
459750400.000,Miguel,recording,switch_hand,16,0.466427,6.921992,6.914249,0.281753,-0.134577,0.239345
459750410.000,Miguel,recording,switch_hand,16,0.474934,6.839957,6.909660,0.279674,-0.105598,0.223006
459750420.000,Miguel,recording,switch_hand,16,0.393425,6.793067,6.917982,0.277696,-0.069042,0.217668
459750430.000,Miguel,recording,switch_hand,16,0.306592,6.792926,6.949604,0.277792,-0.028197,0.226778
459750440.000,Miguel,recording,switch_hand,16,0.257601,6.706127,6.946158,0.279418,0.009606,0.248243
459750450.000,Miguel,recording,switch_hand,16,0.284441,6.782913,6.973631,0.287104,0.041762,0.280585
459750460.000,Miguel,recording,switch_hand,16,0.268181,6.891394,6.953539,0.301743,0.070886,0.321654
459750470.000,Miguel,recording,switch_hand,16,0.393371,6.954672,6.874771,0.319689,0.099091,0.358532
459750480.000,Miguel,recording,switch_hand,16,0.636569,7.052002,6.807705,0.347738,0.111849,0.378211
459750490.000,Miguel,recording,switch_hand,16,1.006249,7.266325,6.695140,0.396713,0.090234,0.366451
459750500.000,Miguel,recording,switch_hand,16,1.423160,7.441159,6.415866,0.465848,0.016610,0.297247
459750510.000,Miguel,recording,switch_hand,16,1.162534,6.607581,5.853873,0.543549,-0.134623,0.135207
459750520.000,Miguel,recording,switch_hand,16,-0.146500,6.018473,5.606517,0.674550,-0.437428,-0.083602
459750530.000,Miguel,recording,switch_hand,16,-2.054245,8.137350,5.753774,0.929299,-0.955907,-0.226974
459750540.000,Miguel,recording,switch_hand,16,-3.798132,9.838375,5.447781,1.249644,-1.671688,-0.203193
459750550.000,Miguel,recording,switch_hand,16,-4.775973,8.531497,4.497355,1.526049,-2.516670,-0.055162
459750560.000,Miguel,recording,switch_hand,16,-3.014768,6.600444,3.794834,1.703004,-3.197522,0.142733
459750570.000,Miguel,recording,switch_hand,16,5.939031,4.097588,7.226497,1.706075,-2.783923,0.469697
459750580.000,Miguel,recording,switch_hand,16,7.507249,4.946080,3.313169,1.206695,-1.423255,1.014870
459750590.000,Miguel,recording,switch_hand,16,6.786886,6.917709,1.926389,0.228948,-0.232450,1.322784
459750600.000,Miguel,recording,switch_hand,16,5.056202,7.648784,1.537487,-0.629833,0.499724,1.175172
459750610.000,Miguel,recording,switch_hand,16,4.478485,8.043120,2.741879,-1.098551,0.860483,0.940886
459750620.000,Miguel,recording,switch_hand,16,3.035628,8.058293,3.632938,-1.328085,1.020127,0.798923
459750630.000,Miguel,recording,switch_hand,16,2.666950,7.354689,4.594016,-1.516314,1.147315,0.792314
459750640.000,Miguel,recording,switch_hand,16,2.204180,6.669859,4.776916,-1.759631,1.349586,0.871821
459750650.000,Miguel,recording,switch_hand,16,1.893815,6.314899,4.944245,-2.041485,1.525996,0.942578
459750660.000,Miguel,recording,switch_hand,16,1.910792,6.277845,7.087756,-2.120694,1.459693,0.930965
459750670.000,Miguel,recording,switch_hand,16,2.044035,6.644950,9.153269,-1.821357,1.209326,0.820322
459750680.000,Miguel,recording,switch_hand,16,2.346906,6.842234,9.947968,-1.327877,0.964618,0.656109
459750690.000,Miguel,recording,switch_hand,16,2.931773,6.750880,9.976411,-0.872570,0.726483,0.486466
459750700.000,Miguel,recording,switch_hand,16,3.421239,6.598311,9.501732,-0.511195,0.503549,0.319862
459750710.000,Miguel,recording,switch_hand,16,3.772701,6.463906,8.983340,-0.227010,0.375809,0.149473
459750720.000,Miguel,recording,switch_hand,16,3.773499,6.356854,8.412072,-0.019083,0.346852,-0.025199
459750730.000,Miguel,recording,switch_hand,16,3.370288,6.386061,7.934622,0.124917,0.357770,-0.198341
459750740.000,Miguel,recording,switch_hand,16,2.811742,6.506963,7.565640,0.223951,0.381140,-0.351988
459750750.000,Miguel,recording,switch_hand,16,2.201724,6.807636,7.243338,0.273530,0.387775,-0.457213
459750760.000,Miguel,recording,switch_hand,16,1.454024,7.356309,6.915722,0.250623,0.325654,-0.481355
459750770.000,Miguel,recording,switch_hand,16,0.821886,7.730422,6.843403,0.158248,0.197670,-0.413197
459750780.000,Miguel,recording,switch_hand,16,0.528194,7.836916,6.887867,0.031186,0.053215,-0.272076
459750790.000,Miguel,recording,switch_hand,16,0.564147,7.746976,6.977084,-0.095702,-0.078168,-0.094086
459750800.000,Miguel,recording,switch_hand,16,0.830818,7.602278,7.007122,-0.203602,-0.184615,0.077706
459750810.000,Miguel,recording,switch_hand,16,1.195852,7.426697,7.016623,-0.284657,-0.256858,0.208016
459750820.000,Miguel,recording,switch_hand,16,1.578534,7.205740,7.075932,-0.333649,-0.278047,0.275141
459750830.000,Miguel,recording,switch_hand,16,1.888407,6.973101,7.274813,-0.341227,-0.238271,0.274764
459750840.000,Miguel,recording,switch_hand,16,2.024627,6.724670,7.473950,-0.298290,-0.153163,0.219833
459750850.000,Miguel,recording,switch_hand,16,2.048072,6.550213,7.581449,-0.212955,-0.042548,0.128471
459750860.000,Miguel,recording,switch_hand,16,2.057644,6.494594,7.566046,-0.109118,0.081348,0.021421
459750870.000,Miguel,recording,switch_hand,16,2.074907,6.572916,7.427553,-0.008271,0.203091,-0.082138
459750880.000,Miguel,recording,switch_hand,16,2.017345,6.721610,7.195669,0.072395,0.305651,-0.165974
459750890.000,Miguel,recording,switch_hand,16,1.919060,6.855318,6.993526,0.123600,0.379316,-0.219548
459750900.000,Miguel,recording,switch_hand,16,1.783296,6.857020,6.802310,0.144092,0.421295,-0.242081
459750910.000,Miguel,recording,switch_hand,16,1.651328,6.779884,6.694175,0.135894,0.435838,-0.239804
459750920.000,Miguel,recording,switch_hand,16,1.508062,6.696354,6.674240,0.108313,0.431004,-0.222894
459750930.000,Miguel,recording,switch_hand,16,1.270437,6.654650,6.874803,0.074973,0.412407,-0.200487
459750940.000,Miguel,recording,switch_hand,16,1.067231,6.563212,7.110095,0.051018,0.379149,-0.174618
459750950.000,Miguel,recording,switch_hand,16,0.910327,6.468920,7.281480,0.046844,0.327612,-0.142763
459750960.000,Miguel,recording,switch_hand,16,0.960441,6.435137,7.286465,0.057450,0.261375,-0.109805
459750970.000,Miguel,recording,switch_hand,16,1.120239,6.478801,7.261694,0.073745,0.193590,-0.088651
459750980.000,Miguel,recording,switch_hand,16,1.267093,6.518535,7.193744,0.090108,0.135653,-0.085484
459750990.000,Miguel,recording,switch_hand,16,1.306051,6.503201,7.081994,0.102658,0.086221,-0.094076
459751000.000,Miguel,recording,switch_hand,16,1.301735,6.463812,6.987967,0.109888,0.043044,-0.105780
459751010.000,Miguel,recording,switch_hand,16,1.278773,6.442512,6.912090,0.112870,0.009642,-0.114934
459751020.000,Miguel,recording,switch_hand,16,1.267574,6.474081,6.863127,0.112700,-0.011683,-0.117365
459751030.000,Miguel,recording,switch_hand,16,1.181535,6.504843,6.810582,0.110115,-0.021739,-0.110401
459751040.000,Miguel,recording,switch_hand,16,1.174672,6.463782,6.711825,0.102112,-0.018596,-0.097144
459751050.000,Miguel,recording,switch_hand,16,1.237647,6.420399,6.587750,0.083953,-0.000332,-0.085489
459751060.000,Miguel,recording,switch_hand,16,1.407259,6.448872,6.512023,0.058635,0.030231,-0.082078
459751070.000,Miguel,recording,switch_hand,16,1.561692,6.457092,6.532813,0.031516,0.069365,-0.091408
459751080.000,Miguel,recording,switch_hand,16,1.678638,6.441993,6.587469,0.009239,0.112470,-0.115933
459751090.000,Miguel,recording,switch_hand,16,1.731178,6.415692,6.673495,-0.001932,0.156015,-0.153824
459751100.000,Miguel,recording,switch_hand,16,1.673602,6.399890,6.783555,-0.001073,0.201157,-0.199242
459751110.000,Miguel,recording,switch_hand,16,1.571410,6.455935,6.939198,0.011935,0.250761,-0.247092
459751120.000,Miguel,recording,switch_hand,16,1.419420,6.518351,7.061742,0.035810,0.298011,-0.291834
459751130.000,Miguel,recording,switch_hand,16,1.228803,6.578805,7.076107,0.062696,0.330624,-0.327789
459751140.000,Miguel,recording,switch_hand,16,1.112190,6.670132,7.041850,0.084326,0.348359,-0.349621
459751150.000,Miguel,recording,switch_hand,16,0.978577,6.767921,7.042324,0.096946,0.353850,-0.353930
459751160.000,Miguel,recording,switch_hand,16,0.901881,6.835999,7.060178,0.101781,0.343780,-0.344529
459751170.000,Miguel,recording,switch_hand,16,0.839835,6.871612,7.133578,0.104048,0.321749,-0.329472
459751180.000,Miguel,recording,switch_hand,16,0.803887,6.894219,7.202080,0.108922,0.295900,-0.314924
459751190.000,Miguel,recording,switch_hand,16,0.851573,6.897155,7.249994,0.119112,0.273998,-0.305097
459751200.000,Miguel,recording,switch_hand,16,0.925940,6.952950,7.273425,0.134420,0.264223,-0.303102
459751210.000,Miguel,recording,switch_hand,16,0.854578,7.040897,7.295012,0.152331,0.269030,-0.308506
459751220.000,Miguel,recording,switch_hand,16,0.728265,7.089526,7.287229,0.171587,0.283028,-0.321995
459751230.000,Miguel,recording,switch_hand,16,0.526876,7.067336,7.255433,0.192852,0.307629,-0.345128
459751240.000,Miguel,recording,switch_hand,16,0.353015,7.087868,7.266622,0.216222,0.356075,-0.375989
459751250.000,Miguel,recording,switch_hand,16,0.187222,7.364003,7.446740,0.244661,0.421537,-0.405071
459751260.000,Miguel,recording,switch_hand,16,-0.062130,7.684160,7.662084,0.286029,0.470061,-0.412145
459751270.000,Miguel,recording,switch_hand,16,-0.340938,7.834451,7.801234,0.343258,0.478337,-0.377364
459751280.000,Miguel,recording,switch_hand,16,-0.552848,7.823719,7.726126,0.404012,0.453126,-0.298333
459751290.000,Miguel,recording,switch_hand,16,-0.614829,7.723198,7.509383,0.448804,0.409525,-0.191652
459751300.000,Miguel,recording,switch_hand,16,-0.496323,7.625664,7.108737,0.465253,0.353736,-0.083108
459751310.000,Miguel,recording,switch_hand,16,-0.044698,7.405615,6.526392,0.448768,0.299310,0.002425
459751320.000,Miguel,recording,switch_hand,16,1.002629,6.396292,5.925308,0.414788,0.288154,0.032285
459751330.000,Miguel,recording,switch_hand,16,2.211845,5.141947,5.695885,0.441459,0.436884,-0.047983
459751340.000,Miguel,recording,switch_hand,16,3.920712,5.585894,5.464741,0.577191,0.839845,-0.283370
459751350.000,Miguel,recording,switch_hand,16,5.029693,5.825097,4.731510,0.761747,1.467069,-0.667886
459751360.000,Miguel,recording,switch_hand,16,4.960321,5.045851,4.004127,0.918598,2.206972,-1.156586
459751370.000,Miguel,recording,switch_hand,16,3.988612,4.432713,2.842231,0.859004,2.788111,-1.728672
459751380.000,Miguel,recording,switch_hand,16,2.427700,5.543058,1.453411,0.249420,2.745764,-2.359788
459751390.000,Miguel,recording,switch_hand,16,0.584359,6.200665,4.530657,-0.608857,2.382271,-2.885164
459751400.000,Miguel,recording,switch_hand,16,-1.122691,5.743021,7.127015,-1.111137,2.210476,-3.185422
459751410.000,Miguel,recording,switch_hand,16,-6.921796,6.683546,8.285164,-1.196672,1.962775,-3.193056
459751420.000,Miguel,recording,switch_hand,16,-11.572691,7.158383,8.862796,-0.965423,1.568826,-2.816563
459751430.000,Miguel,recording,switch_hand,16,-7.628959,5.829157,6.539434,-0.642841,1.138043,-2.209023
459751440.000,Miguel,recording,switch_hand,16,-7.637500,5.685768,5.157015,-0.480410,0.672729,-1.575859
459751450.000,Miguel,recording,switch_hand,16,-7.785569,5.883135,4.561851,-0.540252,0.332906,-0.954437
459751460.000,Miguel,recording,switch_hand,16,-7.563486,6.623228,4.522968,-0.703124,0.197276,-0.328190
459751470.000,Miguel,recording,switch_hand,16,-7.273879,6.083629,5.042450,-0.837998,0.116443,0.265088
459751480.000,Miguel,recording,switch_hand,16,-6.126418,5.636984,5.952953,-0.900982,-0.024836,0.739606
459751490.000,Miguel,recording,switch_hand,16,-5.190241,5.435339,7.013881,-0.837954,-0.238914,1.055230
459751500.000,Miguel,recording,switch_hand,16,-4.141691,5.576672,8.009581,-0.643803,-0.513289,1.221974
459751510.000,Miguel,recording,switch_hand,16,-3.375284,5.907253,8.542035,-0.360101,-0.818684,1.271458
459751520.000,Miguel,recording,switch_hand,16,-2.787515,6.202727,8.680243,-0.050445,-1.080995,1.240231
459751530.000,Miguel,recording,switch_hand,16,-2.395657,6.515972,8.318172,0.226310,-1.223650,1.165078
459751540.000,Miguel,recording,switch_hand,16,-2.008329,6.898485,7.928425,0.420635,-1.249848,1.072416
459751550.000,Miguel,recording,switch_hand,16,-1.573575,7.132750,7.403638,0.509631,-1.190175,0.971618
459751560.000,Miguel,recording,switch_hand,16,-1.125889,7.278462,7.025074,0.506195,-1.061175,0.857323
459751570.000,Miguel,recording,switch_hand,16,-0.767173,7.354407,6.837714,0.437614,-0.889200,0.721004
459751580.000,Miguel,recording,switch_hand,16,-0.572909,7.482732,6.736853,0.332443,-0.697055,0.566117
459751590.000,Miguel,recording,switch_hand,16,-0.510069,7.639681,6.686000,0.212961,-0.506004,0.403462
459751600.000,Miguel,recording,switch_hand,16,-0.584575,7.768669,6.717334,0.098054,-0.343730,0.244951
459751610.000,Miguel,recording,switch_hand,16,-0.808444,7.788964,6.797621,0.004024,-0.227235,0.103087
459751620.000,Miguel,recording,switch_hand,16,-1.053654,7.715755,6.943617,-0.055845,-0.164486,-0.009160
459751630.000,Miguel,recording,switch_hand,16,-1.256172,7.589144,7.076651,-0.074021,-0.156457,-0.086888
459751640.000,Miguel,recording,switch_hand,16,-1.394648,7.441515,7.156856,-0.054895,-0.197296,-0.131986
459751650.000,Miguel,recording,switch_hand,16,-1.502459,7.270317,7.170979,-0.008750,-0.282161,-0.144318
459751660.000,Miguel,recording,switch_hand,16,-1.597748,7.129564,7.147172,0.056545,-0.406427,-0.126675
459751670.000,Miguel,recording,switch_hand,16,-1.686007,7.017280,7.086145,0.129483,-0.549286,-0.085209
459751680.000,Miguel,recording,switch_hand,16,-1.767769,6.934698,7.050001,0.201668,-0.687968,-0.025298
459751690.000,Miguel,recording,switch_hand,16,-1.804805,6.868050,6.970957,0.268719,-0.812110,0.045250
459751700.000,Miguel,recording,switch_hand,16,-1.821197,6.849781,6.874754,0.324605,-0.913031,0.118594
459751710.000,Miguel,recording,switch_hand,16,-1.807682,6.815214,6.761215,0.362393,-0.985414,0.190353
459751720.000,Miguel,recording,switch_hand,16,-1.790200,6.770681,6.653417,0.377126,-1.031745,0.259422
459751730.000,Miguel,recording,switch_hand,16,-1.759209,6.756235,6.576439,0.370980,-1.057729,0.326128
459751740.000,Miguel,recording,switch_hand,16,-1.707680,6.799109,6.558448,0.349229,-1.065523,0.390098
459751750.000,Miguel,recording,switch_hand,16,-1.606115,6.826413,6.546244,0.317937,-1.054071,0.448347
459751760.000,Miguel,recording,switch_hand,16,-1.474218,6.875586,6.561557,0.281548,-1.025168,0.497384
459751770.000,Miguel,recording,switch_hand,16,-1.300173,6.901681,6.627746,0.245498,-0.987081,0.535749
459751780.000,Miguel,recording,switch_hand,16,-1.065907,6.963103,6.748298,0.214944,-0.947932,0.561167
459751790.000,Miguel,recording,switch_hand,16,-0.822481,6.976620,6.896127,0.195164,-0.909507,0.571125
459751800.000,Miguel,recording,switch_hand,16,-0.603899,7.006799,6.996334,0.189206,-0.868076,0.566263
459751810.000,Miguel,recording,switch_hand,16,-0.426951,7.050186,7.088058,0.194776,-0.817060,0.549742
459751820.000,Miguel,recording,switch_hand,16,-0.310598,7.106310,7.154287,0.208292,-0.753595,0.523059
459751830.000,Miguel,recording,switch_hand,16,-0.241909,7.175691,7.147642,0.223554,-0.679397,0.486721
459751840.000,Miguel,recording,switch_hand,16,-0.191159,7.223359,7.110299,0.233487,-0.594635,0.442186
459751850.000,Miguel,recording,switch_hand,16,-0.163199,7.219071,7.029100,0.232264,-0.497960,0.392377
459751860.000,Miguel,recording,switch_hand,16,-0.149296,7.199693,6.926202,0.218814,-0.394952,0.339959
459751870.000,Miguel,recording,switch_hand,16,-0.104361,7.227629,6.818155,0.194773,-0.298361,0.286790
459751880.000,Miguel,recording,switch_hand,16,-0.036395,7.238431,6.713641,0.159981,-0.220474,0.233876
459751890.000,Miguel,recording,switch_hand,16,-0.018360,7.221043,6.618351,0.116316,-0.167543,0.183271
459751900.000,Miguel,recording,switch_hand,16,-0.047306,7.206281,6.605717,0.071521,-0.133862,0.139096
459751910.000,Miguel,recording,switch_hand,16,-0.075156,7.233814,6.621271,0.036256,-0.112820,0.105284
459751920.000,Miguel,recording,switch_hand,16,-0.088965,7.203529,6.663611,0.016663,-0.103838,0.083601
459751930.000,Miguel,recording,switch_hand,16,-0.101579,7.128560,6.675742,0.011721,-0.105635,0.071603
459751940.000,Miguel,recording,switch_hand,16,-0.085801,7.029548,6.555771,0.011209,-0.103853,0.066233
459751950.000,Miguel,recording,switch_hand,16,-0.021254,7.121344,5.896303,-0.015090,-0.080737,0.059836
459751960.000,Miguel,recording,switch_hand,16,-0.328528,7.061383,4.861445,-0.109563,-0.048113,0.030853
459751970.000,Miguel,recording,switch_hand,16,-1.341707,5.955494,3.926780,-0.287701,-0.050787,-0.055033
459751980.000,Miguel,recording,switch_hand,16,-1.931327,5.712979,3.351087,-0.493330,-0.173500,-0.189964
459751990.000,Miguel,recording,switch_hand,16,-3.165455,7.028644,3.619499,-0.658827,-0.506658,-0.279332
459752000.000,Miguel,recording,switch_hand,16,-2.484310,7.249800,3.565978,-0.788407,-1.079135,-0.271349
459752010.000,Miguel,recording,switch_hand,16,-1.609873,6.590031,3.251376,-0.947189,-1.725259,-0.116433
459752020.000,Miguel,recording,switch_hand,16,-0.314412,5.095350,2.218103,-1.296499,-1.807405,0.383490
459752030.000,Miguel,recording,switch_hand,16,3.824333,3.911003,3.266920,-1.932067,-0.970805,1.093814
459752040.000,Miguel,recording,switch_hand,16,3.726287,4.699311,4.739030,-2.612442,-0.213313,1.411924
459752050.000,Miguel,recording,switch_hand,16,3.428480,6.806495,6.623318,-2.822159,-0.208019,1.385610
459752060.000,Miguel,recording,switch_hand,16,2.566014,8.063290,9.544168,-2.456164,-0.460599,1.435889
459752070.000,Miguel,recording,switch_hand,16,2.386306,7.474380,10.822501,-2.001941,-0.500519,1.510845
459752080.000,Miguel,recording,switch_hand,16,2.756414,5.962880,11.631347,-1.703306,-0.176265,1.483366
459752090.000,Miguel,recording,switch_hand,16,3.190937,4.855476,11.747541,-1.409368,0.137564,1.365740
459752100.000,Miguel,recording,switch_hand,16,4.615875,3.248696,12.281316,-1.011470,0.064479,1.178402
459752110.000,Miguel,recording,switch_hand,16,3.905090,3.112743,10.735074,-0.563169,-0.189330,0.860287
459752120.000,Miguel,recording,switch_hand,16,3.894284,3.218139,10.400828,-0.178238,-0.276940,0.444607
459752130.000,Miguel,recording,switch_hand,16,3.947043,4.061976,10.551071,0.128705,-0.165100,0.058493
459752140.000,Miguel,recording,switch_hand,16,3.762658,5.075272,10.795212,0.418429,-0.000545,-0.202420
459752150.000,Miguel,recording,switch_hand,16,3.421329,6.083063,10.342911,0.688215,0.140216,-0.336565
459752160.000,Miguel,recording,switch_hand,16,3.106227,6.561530,9.350012,0.873575,0.241184,-0.399627
459752170.000,Miguel,recording,switch_hand,16,2.511787,6.737897,8.235389,0.932368,0.289909,-0.413966
459752180.000,Miguel,recording,switch_hand,16,1.807559,6.885153,7.416389,0.878276,0.293391,-0.366496
459752190.000,Miguel,recording,switch_hand,16,1.431105,7.053204,7.014558,0.755968,0.277417,-0.237095
459752200.000,Miguel,recording,switch_hand,16,1.314880,7.146940,6.990902,0.630764,0.284077,-0.073295
459752210.000,Miguel,recording,switch_hand,16,1.308000,7.130720,6.898672,0.534655,0.353389,0.058532
459752220.000,Miguel,recording,switch_hand,16,1.284731,7.188775,6.528143,0.434899,0.468980,0.177113
459752230.000,Miguel,recording,switch_hand,16,1.372824,7.110962,6.358881,0.324686,0.594189,0.285730
459752240.000,Miguel,recording,switch_hand,16,1.494813,6.895793,6.417538,0.225332,0.730750,0.354313
459752250.000,Miguel,recording,switch_hand,16,1.633574,6.647205,6.586856,0.147888,0.882585,0.382145
459752260.000,Miguel,recording,switch_hand,16,1.754189,6.457762,6.894464,0.101617,1.041922,0.376300
459752270.000,Miguel,recording,switch_hand,16,1.749705,6.327018,7.286524,0.087269,1.199137,0.343935
459752280.000,Miguel,recording,switch_hand,16,1.700956,6.117018,7.719847,0.092967,1.317558,0.287489
459752290.000,Miguel,recording,switch_hand,16,1.599980,5.760832,8.149970,0.104985,1.336791,0.204072
459752300.000,Miguel,recording,switch_hand,16,1.463470,5.493222,8.547797,0.121915,1.221921,0.098095
459752310.000,Miguel,recording,switch_hand,16,1.313378,5.399723,8.929159,0.148914,0.993336,-0.011026
459752320.000,Miguel,recording,switch_hand,16,1.194101,5.417941,9.233459,0.191671,0.703848,-0.101963
459752330.000,Miguel,recording,switch_hand,16,1.161949,5.476610,9.318709,0.251617,0.397852,-0.167153
459752340.000,Miguel,recording,switch_hand,16,1.150483,5.570380,9.188111,0.322910,0.104737,-0.212892
459752350.000,Miguel,recording,switch_hand,16,1.191326,5.627209,8.790401,0.390846,-0.150219,-0.248176
459752360.000,Miguel,recording,switch_hand,16,1.203640,5.667738,8.248558,0.440303,-0.339168,-0.282875
459752370.000,Miguel,recording,switch_hand,16,1.137958,5.688648,7.731653,0.466874,-0.437893,-0.321056
459752380.000,Miguel,recording,switch_hand,16,1.059654,5.876058,7.395699,0.479519,-0.439887,-0.352499
459752390.000,Miguel,recording,switch_hand,16,0.969820,6.084193,7.169278,0.489433,-0.358855,-0.366543
459752400.000,Miguel,recording,switch_hand,16,0.935222,6.261282,6.981688,0.500123,-0.218942,-0.362398
459752410.000,Miguel,recording,switch_hand,16,0.933763,6.353158,6.817932,0.512159,-0.040022,-0.345905
459752420.000,Miguel,recording,switch_hand,16,0.942686,6.384247,6.697415,0.521466,0.157352,-0.323438
459752430.000,Miguel,recording,switch_hand,16,0.957979,6.383353,6.604418,0.524741,0.347499,-0.301507
459752440.000,Miguel,recording,switch_hand,16,0.997732,6.341473,6.570233,0.522492,0.511535,-0.287699
459752450.000,Miguel,recording,switch_hand,16,1.003590,6.335036,6.567750,0.513777,0.640645,-0.284334
459752460.000,Miguel,recording,switch_hand,16,0.973752,6.348329,6.597094,0.498264,0.727422,-0.289477
459752470.000,Miguel,recording,switch_hand,16,0.923181,6.353521,6.656948,0.479154,0.765664,-0.304663
459752480.000,Miguel,recording,switch_hand,16,0.893646,6.345992,6.714117,0.461217,0.759897,-0.331329
459752490.000,Miguel,recording,switch_hand,17,0.814693,6.357353,6.782132,0.446849,0.720812,-0.366571
459752500.000,Miguel,recording,switch_hand,17,0.722733,6.429334,6.883831,0.437235,0.658691,-0.402958
459752510.000,Miguel,recording,switch_hand,17,0.623680,6.505257,6.932440,0.434348,0.578061,-0.432507
459752520.000,Miguel,recording,switch_hand,17,0.561852,6.627097,6.939607,0.435841,0.485177,-0.451922
459752530.000,Miguel,recording,switch_hand,17,0.532743,6.773005,6.900089,0.437256,0.396296,-0.461123
459752540.000,Miguel,recording,switch_hand,17,0.569179,6.896914,6.841399,0.431977,0.320770,-0.461859
459752550.000,Miguel,recording,switch_hand,17,0.628099,6.985718,6.717702,0.414395,0.258760,-0.459337
459752560.000,Miguel,recording,switch_hand,17,0.680250,7.053199,6.663895,0.385062,0.213628,-0.460627
459752570.000,Miguel,recording,switch_hand,17,0.703031,7.074848,6.709610,0.354066,0.190710,-0.466442
459752580.000,Miguel,recording,switch_hand,17,0.700725,7.089688,6.852494,0.334604,0.189676,-0.471932
459752590.000,Miguel,recording,switch_hand,17,0.760647,7.078388,7.036108,0.333902,0.208438,-0.476993
459752600.000,Miguel,recording,switch_hand,17,1.031303,7.036225,7.172003,0.352764,0.247472,-0.490769
459752610.000,Miguel,recording,switch_hand,17,1.552577,6.974278,7.368275,0.392231,0.316680,-0.528197
459752620.000,Miguel,recording,switch_hand,17,2.343790,6.796172,7.512315,0.456446,0.416309,-0.610896
459752630.000,Miguel,recording,switch_hand,17,3.680117,6.510994,7.275400,0.542523,0.532191,-0.770808
459752640.000,Miguel,recording,switch_hand,17,5.119299,6.145635,6.934635,0.642608,0.697109,-1.034380
459752650.000,Miguel,recording,switch_hand,17,5.751481,5.563973,6.547502,0.753808,0.956008,-1.398266
459752660.000,Miguel,recording,switch_hand,17,5.036534,4.734699,5.942579,0.874769,1.297473,-1.813828
459752670.000,Miguel,recording,switch_hand,17,3.511988,3.956510,4.989279,1.001715,1.675406,-2.205998
459752680.000,Miguel,recording,switch_hand,17,2.361731,2.453212,3.804845,1.106850,2.005630,-2.517054
459752690.000,Miguel,recording,switch_hand,17,0.875830,2.075101,2.003765,1.019432,2.057724,-2.855916
459752700.000,Miguel,recording,switch_hand,17,-0.646988,2.716310,0.002462,0.440534,1.596374,-3.418945
459752710.000,Miguel,recording,switch_hand,17,-3.815960,2.399383,2.006472,-0.403664,1.050802,-3.932683
459752720.000,Miguel,recording,switch_hand,17,-13.735420,6.051072,3.542186,-1.055734,0.693273,-3.958552
459752730.000,Miguel,recording,switch_hand,17,-20.365836,8.536893,4.539156,-1.306145,0.490527,-3.262148
459752740.000,Miguel,recording,switch_hand,17,-13.520453,7.668925,4.313343,-1.195972,0.316641,-2.135268
459752750.000,Miguel,recording,switch_hand,17,-10.339937,7.537942,3.695389,-1.068450,-0.083955,-1.192155
459752760.000,Miguel,recording,switch_hand,17,-7.682976,5.891144,2.453933,-1.119207,-0.614838,-0.598452
459752770.000,Miguel,recording,switch_hand,17,-6.217116,4.956186,1.812498,-1.365645,-1.299733,-0.263547
459752780.000,Miguel,recording,switch_hand,17,-6.135444,4.035602,3.082589,-1.824140,-2.332013,-0.028252
459752790.000,Miguel,recording,switch_hand,17,-4.223152,3.028460,3.886340,-2.441453,-3.381752,0.197849
459752800.000,Miguel,recording,switch_hand,17,-2.366276,3.474575,4.569246,-3.056085,-3.966779,0.461601
459752810.000,Miguel,recording,switch_hand,17,-2.416449,3.155585,6.807750,-3.597101,-3.927061,0.765741
459752820.000,Miguel,recording,switch_hand,17,-0.851063,3.574356,6.774200,-4.016968,-3.424663,1.055372
459752830.000,Miguel,recording,switch_hand,17,-3.614027,4.602745,12.212688,-4.151285,-2.934672,1.316930
459752840.000,Miguel,recording,switch_hand,17,-2.934341,5.028424,13.945810,-3.922269,-2.328209,1.460660
459752850.000,Miguel,recording,switch_hand,17,-1.952852,5.218835,15.188044,-3.374324,-1.324052,1.362646
459752860.000,Miguel,recording,switch_hand,17,-1.247740,5.472495,17.016547,-2.573154,-0.195593,1.029593
459752870.000,Miguel,recording,switch_hand,17,-0.353348,5.286726,16.645625,-1.675748,0.684517,0.586655
459752880.000,Miguel,recording,switch_hand,17,-0.068750,4.902897,14.920833,-0.868749,1.178698,0.185902
459752890.000,Miguel,recording,switch_hand,17,-0.351879,4.650092,12.742631,-0.253281,1.346873,-0.078062
459752900.000,Miguel,recording,switch_hand,17,-0.870133,4.528569,11.084531,0.164948,1.287722,-0.183822
459752910.000,Miguel,recording,switch_hand,17,-1.555089,4.633758,10.160891,0.439338,1.025266,-0.162890
459752920.000,Miguel,recording,switch_hand,17,-2.352514,4.822184,9.770039,0.640328,0.601621,-0.071058
459752930.000,Miguel,recording,switch_hand,17,-2.901766,5.004902,9.682251,0.827828,0.121027,0.046569
459752940.000,Miguel,recording,switch_hand,17,-3.225704,5.128290,9.741453,1.034439,-0.322136,0.166756
459752950.000,Miguel,recording,switch_hand,17,-3.313257,5.129614,9.776725,1.256607,-0.690863,0.282395
459752960.000,Miguel,recording,switch_hand,17,-2.973461,5.125555,9.687382,1.481571,-0.982208,0.397319
459752970.000,Miguel,recording,switch_hand,17,-2.562641,5.141557,9.528174,1.697797,-1.218878,0.513378
459752980.000,Miguel,recording,switch_hand,17,-2.331939,5.122066,9.282863,1.885227,-1.426775,0.620361
459752990.000,Miguel,recording,switch_hand,17,-2.194205,5.030901,9.220056,2.034716,-1.605492,0.707523
459753000.000,Miguel,recording,switch_hand,17,-1.911484,4.991695,9.199796,2.151771,-1.732468,0.775636
459753010.000,Miguel,recording,switch_hand,17,-1.563014,5.053760,9.129182,2.240720,-1.783904,0.829178
459753020.000,Miguel,recording,switch_hand,17,-1.098782,5.134521,8.893357,2.296892,-1.751570,0.866778
459753030.000,Miguel,recording,switch_hand,17,-0.681935,5.183297,8.489016,2.309498,-1.641547,0.884451
459753040.000,Miguel,recording,switch_hand,17,-0.416862,5.293796,8.047597,2.270244,-1.483376,0.883843
459753050.000,Miguel,recording,switch_hand,17,-0.297406,5.524720,7.583046,2.177233,-1.308437,0.871747
459753060.000,Miguel,recording,switch_hand,17,-0.183572,5.786221,7.138731,2.038011,-1.127238,0.853684
459753070.000,Miguel,recording,switch_hand,17,-0.085290,6.040437,6.763578,1.859133,-0.944219,0.829785
459753080.000,Miguel,recording,switch_hand,17,0.130763,6.219229,6.480710,1.656200,-0.778590,0.797454
459753090.000,Miguel,recording,switch_hand,17,0.365964,6.351488,6.313109,1.448871,-0.649320,0.756007
459753100.000,Miguel,recording,switch_hand,17,0.570940,6.428456,6.306507,1.250322,-0.556012,0.708241
459753110.000,Miguel,recording,switch_hand,17,0.655988,6.520921,6.339542,1.074379,-0.479558,0.655911
459753120.000,Miguel,recording,switch_hand,17,0.761819,6.448335,6.398614,0.921990,-0.397134,0.599149
459753130.000,Miguel,recording,switch_hand,17,0.884563,6.188319,6.483485,0.790226,-0.297948,0.546075
459753140.000,Miguel,recording,switch_hand,17,0.896454,5.996102,6.592903,0.679422,-0.192083,0.512821
459753150.000,Miguel,recording,switch_hand,17,0.701908,5.975428,6.657740,0.591459,-0.099512,0.507418
459753160.000,Miguel,recording,switch_hand,17,0.442510,6.106430,6.704849,0.529059,-0.023085,0.525318
459753170.000,Miguel,recording,switch_hand,17,0.272538,6.300219,6.723848,0.493825,0.044318,0.555741
459753180.000,Miguel,recording,switch_hand,17,0.183084,6.469145,6.743412,0.484991,0.102375,0.585045
459753190.000,Miguel,recording,switch_hand,17,0.147852,6.603163,6.771786,0.501005,0.139538,0.600783
459753200.000,Miguel,recording,switch_hand,17,0.158974,6.681765,6.777043,0.536497,0.145770,0.598143
459753210.000,Miguel,recording,switch_hand,17,0.047413,6.691662,6.725422,0.582741,0.120069,0.581738
459753220.000,Miguel,recording,switch_hand,17,-0.217709,6.649369,6.672538,0.635019,0.063413,0.565155
459753230.000,Miguel,recording,switch_hand,17,-0.607895,6.603041,6.714260,0.694247,-0.022596,0.569012
459753240.000,Miguel,recording,switch_hand,17,-1.305047,6.610164,6.837293,0.767163,-0.143774,0.611627
459753250.000,Miguel,recording,switch_hand,17,-2.242368,6.635029,6.962363,0.865569,-0.326682,0.706630
459753260.000,Miguel,recording,switch_hand,17,-3.300264,6.713497,6.984669,0.997468,-0.576686,0.852186
459753270.000,Miguel,recording,switch_hand,17,-4.428269,5.956944,6.708154,1.154886,-0.841438,1.020640
459753280.000,Miguel,recording,switch_hand,17,-3.652038,6.069437,6.452098,1.319085,-1.119252,1.233580
459753290.000,Miguel,recording,switch_hand,17,0.665426,7.749558,5.567775,1.345861,-1.238703,1.606046
459753300.000,Miguel,recording,switch_hand,17,6.439926,10.237551,4.152594,1.036471,-1.073892,1.876036
459753310.000,Miguel,recording,switch_hand,17,3.877603,9.021537,2.167028,0.427632,-0.622614,1.729432
459753320.000,Miguel,recording,switch_hand,17,2.122634,8.996886,0.271482,-0.351302,0.183986,1.468044
459753330.000,Miguel,recording,switch_hand,17,1.957900,8.212773,0.081720,-1.178114,1.056511,1.340673
459753340.000,Miguel,recording,switch_hand,17,2.575101,7.172541,1.678881,-1.849628,1.290256,1.407918
459753350.000,Miguel,recording,switch_hand,17,2.873761,6.323502,5.947982,-2.012060,0.492037,1.794465
459753360.000,Miguel,recording,switch_hand,17,4.295786,7.166612,6.020984,-1.762657,-0.174098,2.179881
459753370.000,Miguel,recording,switch_hand,17,5.215242,5.848117,5.945573,-1.605107,0.145648,2.265915
459753380.000,Miguel,recording,switch_hand,17,4.520718,3.922874,7.252211,-1.521480,0.519011,2.214574
459753390.000,Miguel,recording,switch_hand,17,4.267059,3.529006,7.330560,-1.389168,0.581150,2.103429
459753400.000,Miguel,recording,switch_hand,17,5.214709,3.984285,7.477851,-1.222004,0.678628,1.889418
459753410.000,Miguel,recording,switch_hand,17,6.103150,4.540410,7.978855,-0.969553,0.822017,1.569001
459753420.000,Miguel,recording,switch_hand,17,6.408446,5.192580,8.302103,-0.661789,0.957133,1.168729
459753430.000,Miguel,recording,switch_hand,17,6.029926,5.177198,8.728342,-0.344602,1.035437,0.731034
459753440.000,Miguel,recording,switch_hand,17,5.496161,5.267426,8.724886,-0.031994,1.046712,0.302179
459753450.000,Miguel,recording,switch_hand,17,4.952126,5.283158,8.634965,0.254259,1.091402,-0.077181
459753460.000,Miguel,recording,switch_hand,17,4.137752,5.198950,8.281214,0.491118,1.191566,-0.367758
459753470.000,Miguel,recording,switch_hand,17,3.432440,5.567148,7.683468,0.648068,1.269465,-0.537870
459753480.000,Miguel,recording,switch_hand,17,2.952135,6.398526,7.100104,0.687638,1.261854,-0.588115
459753490.000,Miguel,recording,switch_hand,17,2.612549,7.034390,6.856985,0.606770,1.121522,-0.566205
459753500.000,Miguel,recording,switch_hand,17,2.190175,7.145711,6.798894,0.438428,0.861203,-0.511492
459753510.000,Miguel,recording,switch_hand,17,1.718827,6.833023,6.768696,0.228662,0.545130,-0.424443
459753520.000,Miguel,recording,switch_hand,17,1.521053,6.638593,7.094261,0.031114,0.247494,-0.301570
459753530.000,Miguel,recording,switch_hand,17,1.615544,6.671341,7.505305,-0.108307,0.006469,-0.154757
459753540.000,Miguel,recording,switch_hand,17,1.907042,6.799564,7.751849,-0.176455,-0.165592,-0.005499
459753550.000,Miguel,recording,switch_hand,17,2.256359,6.787315,7.769217,-0.184439,-0.253349,0.119792
459753560.000,Miguel,recording,switch_hand,17,2.608002,6.592064,7.660370,-0.146563,-0.238751,0.196451
459753570.000,Miguel,recording,switch_hand,17,3.045939,6.460955,7.653068,-0.070850,-0.118696,0.218547
459753580.000,Miguel,recording,switch_hand,17,3.587190,6.415367,7.881864,0.044997,0.085939,0.192527
459753590.000,Miguel,recording,switch_hand,17,3.938085,6.441450,8.049585,0.197969,0.329540,0.131729
459753600.000,Miguel,recording,switch_hand,17,4.029086,6.409898,8.032259,0.361514,0.559130,0.053008
459753610.000,Miguel,recording,switch_hand,17,3.837171,6.328934,7.875983,0.500505,0.734813,-0.028622
459753620.000,Miguel,recording,switch_hand,17,3.534753,6.205128,7.731471,0.590181,0.824835,-0.103047
459753630.000,Miguel,recording,switch_hand,17,3.246787,6.065084,7.594140,0.622085,0.814277,-0.166750
459753640.000,Miguel,recording,switch_hand,17,3.079788,5.873434,7.439371,0.599833,0.726238,-0.220088
459753650.000,Miguel,recording,switch_hand,17,3.048280,5.798031,7.298925,0.536928,0.602544,-0.270363
459753660.000,Miguel,recording,switch_hand,17,3.171411,5.856911,7.287473,0.457760,0.477043,-0.326498
459753670.000,Miguel,recording,switch_hand,17,3.319653,5.988944,7.424414,0.387784,0.366526,-0.386947
459753680.000,Miguel,recording,switch_hand,17,3.382671,6.070137,7.565559,0.342373,0.270292,-0.444952
459753690.000,Miguel,recording,switch_hand,17,3.463607,6.064151,7.561791,0.322013,0.189809,-0.503516
459753700.000,Miguel,recording,switch_hand,17,3.525967,6.029661,7.506789,0.319938,0.133752,-0.572824
459753710.000,Miguel,recording,switch_hand,17,3.524806,5.964904,7.375159,0.329605,0.106284,-0.657603
459753720.000,Miguel,recording,switch_hand,17,3.332456,6.002018,7.341702,0.347204,0.101856,-0.751188
459753730.000,Miguel,recording,switch_hand,17,2.918702,6.166446,7.469761,0.376083,0.099399,-0.833357
459753740.000,Miguel,recording,switch_hand,17,2.449786,6.389334,7.552200,0.418445,0.072570,-0.883730
459753750.000,Miguel,recording,switch_hand,17,2.158760,6.477673,7.443420,0.468740,0.029794,-0.904587
459753760.000,Miguel,recording,switch_hand,17,2.056313,6.486618,7.203064,0.518361,0.001729,-0.910926
459753770.000,Miguel,recording,switch_hand,17,2.073025,6.584856,6.873962,0.555403,-0.001593,-0.903782
459753780.000,Miguel,recording,switch_hand,17,2.151203,6.907349,6.585621,0.572743,0.010062,-0.882379
459753790.000,Miguel,recording,switch_hand,17,2.222281,7.064798,6.269870,0.568751,0.030154,-0.863049
459753800.000,Miguel,recording,switch_hand,17,2.329550,6.834181,5.741641,0.539161,0.076744,-0.860642
459753810.000,Miguel,recording,switch_hand,17,2.858024,6.415350,5.241315,0.498463,0.186571,-0.886287
459753820.000,Miguel,recording,switch_hand,17,4.509677,5.354482,4.510026,0.485692,0.445188,-0.987255
459753830.000,Miguel,recording,switch_hand,17,6.775530,4.426307,3.901444,0.544905,1.015361,-1.234973
459753840.000,Miguel,recording,switch_hand,17,8.188033,2.414176,2.656488,0.652450,1.899222,-1.624036
459753850.000,Miguel,recording,switch_hand,17,7.179047,1.446704,1.288179,0.686420,2.772904,-2.110887
459753860.000,Miguel,recording,switch_hand,17,6.488346,2.853979,-0.447884,0.323040,3.098996,-2.814499
459753870.000,Miguel,recording,switch_hand,17,4.398004,6.867133,-0.779252,-0.722527,2.742001,-3.829492
459753880.000,Miguel,recording,switch_hand,17,-0.510728,6.781052,3.600000,-1.911657,2.634364,-4.650405
459753890.000,Miguel,recording,switch_hand,17,-5.890135,7.480278,2.972667,-2.793305,3.250020,-4.950996
459753900.000,Miguel,recording,switch_hand,17,-10.380470,10.136453,2.427504,-3.311832,3.912035,-5.057498
459753910.000,Miguel,recording,switch_hand,17,-15.090436,9.913176,2.288628,-3.551222,3.858048,-4.971521
459753920.000,Miguel,recording,switch_hand,17,-13.418891,6.112503,2.948029,-3.805298,3.141137,-4.556373
459753930.000,Miguel,recording,switch_hand,17,-10.308253,3.273645,4.608302,-3.921311,2.459574,-3.967866
459753940.000,Miguel,recording,switch_hand,17,-8.846048,1.076089,5.783202,-3.892372,1.896218,-3.339824
459753950.000,Miguel,recording,switch_hand,17,-7.761863,-0.390716,6.678035,-3.888280,1.204664,-2.731373
459753960.000,Miguel,recording,switch_hand,17,-7.033249,-0.597832,7.147266,-3.856864,0.359753,-2.176270
459753970.000,Miguel,recording,switch_hand,17,-7.550593,0.507506,8.387530,-3.689625,-0.623256,-1.617597
459753980.000,Miguel,recording,switch_hand,17,-8.265689,1.666689,9.603186,-3.362582,-1.819191,-1.029940
459753990.000,Miguel,recording,switch_hand,17,-7.682202,2.091472,9.036373,-3.023023,-3.146338,-0.482113
459754000.000,Miguel,recording,switch_hand,17,-6.428452,1.386236,7.158451,-2.871045,-4.171039,-0.022846
459754010.000,Miguel,recording,switch_hand,17,-5.080677,1.872534,5.634134,-2.920690,-4.561958,0.332223
459754020.000,Miguel,recording,switch_hand,17,-4.222943,2.512910,7.156872,-3.000460,-4.407894,0.553202
459754030.000,Miguel,recording,switch_hand,17,-3.152422,3.031165,9.479251,-2.942973,-4.016984,0.611736
459754040.000,Miguel,recording,switch_hand,17,-2.110694,2.931600,13.152979,-2.639112,-3.629854,0.508557
459754050.000,Miguel,recording,switch_hand,17,-1.155961,1.897788,15.070635,-2.112450,-3.172982,0.311982
459754060.000,Miguel,recording,switch_hand,17,-1.539939,0.492608,15.131771,-1.542207,-2.544505,0.153877
459754070.000,Miguel,recording,switch_hand,17,-2.416867,-0.245410,14.702599,-1.031993,-1.793502,0.130913
459754080.000,Miguel,recording,switch_hand,17,-2.867750,-0.193755,15.653788,-0.477590,-1.001561,0.234533
459754090.000,Miguel,recording,switch_hand,17,-2.977843,0.114532,16.079514,0.178194,-0.362707,0.393286
459754100.000,Miguel,recording,switch_hand,17,-2.768275,0.278648,15.100380,0.822232,-0.021382,0.528513
459754110.000,Miguel,recording,switch_hand,17,-2.368369,0.592394,13.310814,1.329756,0.057946,0.601559
459754120.000,Miguel,recording,switch_hand,17,-2.103467,0.958319,11.679167,1.658163,-0.041596,0.627823
459754130.000,Miguel,recording,switch_hand,17,-2.107081,1.163665,10.526666,1.829320,-0.258318,0.636231
459754140.000,Miguel,recording,switch_hand,17,-2.080155,1.326712,9.635346,1.887237,-0.525176,0.644281
459754150.000,Miguel,recording,switch_hand,17,-2.056829,1.566348,9.083348,1.869474,-0.782981,0.660405
459754160.000,Miguel,recording,switch_hand,17,-2.045221,1.903113,8.916998,1.806808,-0.999568,0.686891
459754170.000,Miguel,recording,switch_hand,17,-1.903105,2.275952,9.063217,1.739779,-1.151355,0.718502
459754180.000,Miguel,recording,switch_hand,17,-1.663027,2.563474,9.267348,1.700690,-1.216934,0.746452
459754190.000,Miguel,recording,switch_hand,17,-1.181648,2.722384,9.056650,1.676056,-1.179164,0.752624
459754200.000,Miguel,recording,switch_hand,17,-0.350649,2.876365,8.719232,1.633012,-1.065997,0.711946
459754210.000,Miguel,recording,switch_hand,17,0.069025,3.159347,8.661745,1.578151,-0.940056,0.627304
459754220.000,Miguel,recording,switch_hand,17,0.049884,3.502528,8.778758,1.538708,-0.833533,0.532195
459754230.000,Miguel,recording,switch_hand,17,-0.192819,3.766030,8.752204,1.521075,-0.752318,0.455550
459754240.000,Miguel,recording,switch_hand,17,-0.473343,3.891785,8.548250,1.509425,-0.697665,0.410520
459754250.000,Miguel,recording,switch_hand,17,-0.670558,3.867671,8.272190,1.484674,-0.661392,0.400939
459754260.000,Miguel,recording,switch_hand,17,-0.756992,3.784894,8.018451,1.441939,-0.631959,0.424421
459754270.000,Miguel,recording,switch_hand,17,-0.742135,3.807850,7.766350,1.383413,-0.620234,0.468795
459754280.000,Miguel,recording,switch_hand,17,-0.616933,3.978561,7.747392,1.328257,-0.667944,0.515181
459754290.000,Miguel,recording,switch_hand,17,-0.482258,4.181267,8.103121,1.309801,-0.809684,0.548763
459754300.000,Miguel,recording,switch_hand,17,-0.419783,4.386568,8.481443,1.350109,-1.024418,0.567842
459754310.000,Miguel,recording,switch_hand,17,-0.248725,4.398835,8.675896,1.438460,-1.259533,0.572106
459754320.000,Miguel,recording,switch_hand,17,-0.093947,4.263797,8.535554,1.540770,-1.461789,0.565501
459754330.000,Miguel,recording,switch_hand,17,0.146526,4.340692,8.372477,1.642208,-1.611912,0.578069
459754340.000,Miguel,recording,switch_hand,17,0.036338,4.532692,8.182444,1.735764,-1.731788,0.627133
459754350.000,Miguel,recording,switch_hand,17,-0.908048,4.885168,8.106398,1.818465,-1.853074,0.713371
459754360.000,Miguel,recording,switch_hand,17,-1.657855,4.821674,8.236136,1.918570,-2.021026,0.838673
459754370.000,Miguel,recording,switch_hand,17,-1.535001,4.324734,8.178718,2.067382,-2.266143,0.988659
459754380.000,Miguel,recording,switch_hand,17,-0.999209,4.209344,7.724089,2.234976,-2.565413,1.132417
459754390.000,Miguel,recording,switch_hand,17,0.102417,3.767926,6.958545,2.284759,-2.691826,1.240796
459754400.000,Miguel,recording,switch_hand,17,6.123286,4.874176,7.672440,2.076128,-2.286537,1.278773
459754410.000,Miguel,recording,switch_hand,17,6.169493,6.441834,8.322802,1.790408,-1.609926,1.173065
459754420.000,Miguel,recording,switch_hand,17,2.289614,6.646796,5.906767,1.570768,-1.131809,1.026288
459754430.000,Miguel,recording,switch_hand,17,1.363653,6.409676,4.986063,1.353679,-0.881527,1.032575
459754440.000,Miguel,recording,switch_hand,17,2.756762,6.537453,4.316092,1.135927,-0.797940,1.143801
459754450.000,Miguel,recording,switch_hand,17,4.037234,6.729592,3.790089,0.857782,-0.764279,1.211470
459754460.000,Miguel,recording,switch_hand,17,5.535744,6.733627,3.425806,0.516359,-0.699889,1.166154
459754470.000,Miguel,recording,switch_hand,17,6.392907,6.709713,3.647233,0.191034,-0.607459,1.001475
459754480.000,Miguel,recording,switch_hand,17,6.388646,6.084398,4.297046,-0.047418,-0.481210,0.764489
459754490.000,Miguel,recording,switch_hand,17,5.537583,5.735489,5.058992,-0.141240,-0.329842,0.526115
459754500.000,Miguel,recording,switch_hand,17,4.875765,5.716236,5.915777,-0.101997,-0.130268,0.344806
459754510.000,Miguel,recording,switch_hand,17,4.554873,5.876878,6.391107,-0.001643,0.138666,0.250604
459754520.000,Miguel,recording,switch_hand,17,4.454057,6.172425,6.486125,0.108999,0.426792,0.218762
459754530.000,Miguel,recording,switch_hand,17,4.561731,6.492760,6.527110,0.196794,0.691958,0.194011
459754540.000,Miguel,recording,switch_hand,17,4.505864,6.633256,6.554332,0.255834,0.928415,0.129787
459754550.000,Miguel,recording,switch_hand,17,4.153213,6.943317,6.896816,0.306102,1.163823,0.017050
459754560.000,Miguel,recording,switch_hand,17,3.756540,7.048400,7.210369,0.372457,1.378930,-0.100499
459754570.000,Miguel,recording,switch_hand,17,3.230113,7.035966,7.490439,0.471115,1.547606,-0.175416
459754580.000,Miguel,recording,switch_hand,17,2.894118,7.194319,7.692459,0.590074,1.692553,-0.195046
459754590.000,Miguel,recording,switch_hand,17,2.743120,7.273001,7.645281,0.699563,1.812816,-0.171534
459754600.000,Miguel,recording,switch_hand,17,2.822726,7.134251,7.541998,0.780972,1.887270,-0.136278
459754610.000,Miguel,recording,switch_hand,17,3.029725,6.902805,7.435029,0.824438,1.895071,-0.127758
459754620.000,Miguel,recording,switch_hand,17,3.083942,6.890224,7.538790,0.828395,1.825739,-0.159716
459754630.000,Miguel,recording,switch_hand,17,3.126480,6.777126,7.653986,0.799368,1.675645,-0.215424
459754640.000,Miguel,recording,switch_hand,17,3.014415,6.653679,7.866017,0.759738,1.463672,-0.280165
459754650.000,Miguel,recording,switch_hand,17,3.115917,6.584495,8.114937,0.740377,1.237017,-0.350166
459754660.000,Miguel,recording,switch_hand,17,3.172323,6.630690,8.210042,0.752196,1.031179,-0.419837
459754670.000,Miguel,recording,switch_hand,17,3.234556,6.780288,8.050454,0.782752,0.860367,-0.481619
459754680.000,Miguel,recording,switch_hand,17,3.391369,6.966335,7.780802,0.811489,0.732862,-0.534567
459754690.000,Miguel,recording,switch_hand,17,3.553075,7.082114,7.514542,0.832893,0.665724,-0.588266
459754700.000,Miguel,recording,switch_hand,17,3.755668,7.082420,7.400400,0.859605,0.680299,-0.656420
459754710.000,Miguel,recording,switch_hand,17,3.859003,6.952011,7.290904,0.902599,0.768151,-0.733997
459754720.000,Miguel,recording,switch_hand,17,3.720932,6.739526,7.158120,0.958004,0.882457,-0.800191
459754730.000,Miguel,recording,switch_hand,17,3.524910,7.062260,7.165646,1.016091,0.979655,-0.856566
459754740.000,Miguel,recording,switch_hand,17,3.456932,7.348116,6.863452,1.050014,1.015189,-0.893265
459754750.000,Miguel,recording,switch_hand,17,3.145370,7.467854,6.590571,1.034958,0.958236,-0.884744
459754760.000,Miguel,recording,switch_hand,17,2.922326,7.333449,6.337698,0.970871,0.847193,-0.844178
459754770.000,Miguel,recording,switch_hand,17,3.366710,7.035051,5.950190,0.869675,0.741434,-0.813702
459754780.000,Miguel,recording,switch_hand,17,4.811822,6.488110,5.413091,0.765627,0.696043,-0.854693
459754790.000,Miguel,recording,switch_hand,17,5.878118,5.655928,5.076321,0.707684,0.760296,-1.014120
459754800.000,Miguel,recording,switch_hand,17,5.810930,4.172017,4.372188,0.733595,0.946970,-1.269504
459754810.000,Miguel,recording,switch_hand,17,4.668441,3.330259,3.896153,0.853721,1.347402,-1.566093
459754820.000,Miguel,recording,switch_hand,17,3.570429,2.986757,3.240155,1.020287,2.022130,-1.853948
459754830.000,Miguel,recording,switch_hand,17,2.720328,2.990388,2.696280,1.182981,2.830993,-2.108845
459754840.000,Miguel,recording,switch_hand,17,2.376371,1.979955,2.264344,1.328845,3.632569,-2.345583
459754850.000,Miguel,recording,switch_hand,17,2.015333,1.496717,0.922656,1.240941,4.079967,-2.672833
459754860.000,Miguel,recording,switch_hand,17,-0.155023,4.602917,-2.519912,0.359285,3.430031,-3.317909
459754870.000,Miguel,recording,switch_hand,17,-2.165244,4.492997,1.537396,-0.852744,2.369342,-4.006456
459754880.000,Miguel,recording,switch_hand,17,-3.969974,4.312793,1.372651,-1.559688,1.778401,-4.397165
459754890.000,Miguel,recording,switch_hand,17,-14.299050,6.966923,4.600253,-1.783450,1.184308,-4.434919
459754900.000,Miguel,recording,switch_hand,17,-15.052778,6.692599,6.912069,-1.628660,0.622359,-4.036422
459754910.000,Miguel,recording,switch_hand,17,-9.111091,4.864642,5.183120,-1.381359,0.101059,-3.387160
459754920.000,Miguel,recording,switch_hand,17,-11.318233,7.071141,6.726380,-1.227535,-0.518143,-2.632111
459754930.000,Miguel,recording,switch_hand,17,-10.051637,8.322718,5.314837,-1.124440,-0.925681,-1.779573
459754940.000,Miguel,recording,switch_hand,17,-10.112507,8.731313,5.237187,-1.058338,-0.907153,-0.861195
459754950.000,Miguel,recording,switch_hand,17,-10.341588,8.064104,6.317118,-0.971596,-0.584323,0.063151
459754960.000,Miguel,recording,switch_hand,17,-8.536629,6.837497,7.401171,-0.805460,-0.328649,0.856077
459754970.000,Miguel,recording,switch_hand,17,-7.011530,5.783382,8.832298,-0.550270,-0.436595,1.396283
459754980.000,Miguel,recording,switch_hand,17,-5.601891,5.382048,9.910065,-0.196935,-0.843421,1.685475
459754990.000,Miguel,recording,switch_hand,17,-4.784530,5.910300,10.207400,0.237010,-1.252550,1.784453
459755000.000,Miguel,recording,switch_hand,17,-4.193130,6.924578,9.683430,0.663414,-1.468138,1.755360
459755010.000,Miguel,recording,switch_hand,17,-3.541503,7.946274,8.651796,0.968553,-1.474281,1.642702
459755020.000,Miguel,recording,switch_hand,17,-2.863935,8.773694,7.505806,1.089953,-1.327911,1.464017
459755030.000,Miguel,recording,switch_hand,17,-2.211209,9.241385,6.624089,1.036409,-1.089391,1.225952
459755040.000,Miguel,recording,switch_hand,17,-1.647876,9.406191,6.023470,0.848759,-0.809850,0.928051
459755050.000,Miguel,recording,switch_hand,17,-1.293541,9.219916,5.668260,0.585899,-0.543150,0.586909
459755060.000,Miguel,recording,switch_hand,17,-1.488768,8.326253,5.485202,0.319032,-0.323405,0.241758
459755070.000,Miguel,recording,switch_hand,17,-1.903414,8.002918,5.820110,0.125888,-0.200763,-0.038303
459755080.000,Miguel,recording,switch_hand,17,-1.993620,8.362932,6.230870,0.030043,-0.225639,-0.186808
459755090.000,Miguel,recording,switch_hand,17,-2.739609,8.754495,6.396591,-0.012125,-0.327250,-0.215583
459755100.000,Miguel,recording,switch_hand,17,-3.333658,8.681837,6.368089,-0.008763,-0.404884,-0.171089
459755110.000,Miguel,recording,switch_hand,17,-3.710859,8.169804,6.623454,0.054890,-0.487070,-0.082667
459755120.000,Miguel,recording,switch_hand,17,-3.893376,7.612866,6.973564,0.173312,-0.654169,0.036913
459755130.000,Miguel,recording,switch_hand,17,-3.838522,7.200175,7.194912,0.333063,-0.902533,0.179812
459755140.000,Miguel,recording,switch_hand,17,-3.737159,6.970574,7.287482,0.517358,-1.161309,0.336065
459755150.000,Miguel,recording,switch_hand,17,-3.675593,6.866026,7.307563,0.709200,-1.366542,0.498655
459755160.000,Miguel,recording,switch_hand,17,-3.534314,6.761593,7.166516,0.888670,-1.489355,0.661679
459755170.000,Miguel,recording,switch_hand,17,-3.247561,6.755282,6.832637,1.028831,-1.528172,0.811973
459755180.000,Miguel,recording,switch_hand,17,-2.906786,6.885605,6.389111,1.105060,-1.500045,0.925657
459755190.000,Miguel,recording,switch_hand,17,-2.544735,7.062796,5.985849,1.109555,-1.426511,0.989182
459755200.000,Miguel,recording,switch_hand,17,-2.244416,7.235778,5.733964,1.050824,-1.322890,1.011152
459755210.000,Miguel,recording,switch_hand,17,-2.019671,7.359198,5.641345,0.948005,-1.193207,1.006130
459755220.000,Miguel,recording,switch_hand,17,-1.710384,7.362036,5.570306,0.821683,-1.027568,0.985014
459755230.000,Miguel,recording,switch_hand,17,-1.404086,7.266791,5.566488,0.687557,-0.825340,0.954639
459755240.000,Miguel,recording,switch_hand,17,-1.173888,7.190846,5.636233,0.558043,-0.613946,0.916404
459755250.000,Miguel,recording,switch_hand,17,-0.952742,7.206786,5.731820,0.441980,-0.421448,0.866952
459755260.000,Miguel,recording,switch_hand,17,-0.725218,7.330568,5.797684,0.342434,-0.248727,0.799755
459755270.000,Miguel,recording,switch_hand,17,-0.580147,7.389834,5.854059,0.261918,-0.092563,0.710966
459755280.000,Miguel,recording,switch_hand,17,-0.619689,7.486916,5.914799,0.207923,0.032412,0.599030
459755290.000,Miguel,recording,switch_hand,17,-0.767793,7.561292,5.922741,0.185326,0.110431,0.468244
459755300.000,Miguel,recording,switch_hand,17,-1.106683,7.419232,5.765650,0.187871,0.122539,0.330421
459755310.000,Miguel,recording,switch_hand,17,-1.713682,7.199480,5.419194,0.215033,0.044782,0.217103
459755320.000,Miguel,recording,switch_hand,17,-2.698296,7.190181,5.085118,0.268553,-0.144961,0.178563
459755330.000,Miguel,recording,switch_hand,17,-3.615176,6.650476,4.534551,0.319962,-0.441733,0.232340
459755340.000,Miguel,recording,switch_hand,17,-4.575464,5.452519,3.801120,0.359463,-0.818080,0.367562
459755350.000,Miguel,recording,switch_hand,17,-4.396214,5.410167,3.072258,0.410121,-1.294463,0.599279
459755360.000,Miguel,recording,switch_hand,17,-3.301184,5.164345,2.370335,0.356743,-1.805477,1.001858
459755370.000,Miguel,recording,switch_hand,17,2.506795,5.648464,0.701045,-0.141118,-1.874431,1.741997
459755380.000,Miguel,recording,switch_hand,17,10.104690,8.269997,3.278243,-0.951868,-1.585068,2.321901
459755390.000,Miguel,recording,switch_hand,17,8.295092,9.171023,5.291290,-1.387491,-1.528036,2.099901
459755400.000,Miguel,recording,switch_hand,17,8.376198,9.928498,5.748994,-1.182248,-1.614988,1.430919
459755410.000,Miguel,recording,switch_hand,17,4.269864,8.830739,4.278825,-0.773710,-1.467464,0.868222
459755420.000,Miguel,recording,switch_hand,17,2.242183,7.144529,2.841819,-0.631846,-1.041668,0.581635
459755430.000,Miguel,recording,switch_hand,17,1.516983,6.422848,2.079816,-0.800002,-0.651696,0.523555
459755440.000,Miguel,recording,switch_hand,17,1.434007,6.496550,1.767144,-1.156382,-0.561721,0.568144
459755450.000,Miguel,recording,switch_hand,17,2.306155,6.687715,1.976480,-1.600747,-0.686352,0.588972
459755460.000,Miguel,recording,switch_hand,17,3.533320,6.532747,2.805618,-2.041626,-0.762565,0.533934
459755470.000,Miguel,recording,switch_hand,17,3.991074,6.902161,4.260913,-2.378083,-0.707177,0.447407
459755480.000,Miguel,recording,switch_hand,17,4.031323,7.654513,5.846831,-2.560391,-0.521932,0.398387
459755490.000,Miguel,recording,switch_hand,17,3.955485,7.910534,7.785471,-2.565757,-0.170184,0.394876
459755500.000,Miguel,recording,switch_hand,17,3.145460,6.806100,11.036756,-2.303914,0.194271,0.426547
459755510.000,Miguel,recording,switch_hand,17,1.497571,6.156327,11.700747,-1.757808,0.465789,0.493086
459755520.000,Miguel,recording,switch_hand,17,1.371834,5.736665,12.161550,-1.071706,0.820244,0.552693
459755530.000,Miguel,recording,switch_hand,17,1.925546,5.821178,12.105956,-0.375100,1.199115,0.548762
459755540.000,Miguel,recording,switch_hand,18,2.586596,6.136145,11.240415,0.216143,1.406414,0.465974
459755550.000,Miguel,recording,switch_hand,18,2.703138,6.461407,9.822120,0.591446,1.420796,0.329214
459755560.000,Miguel,recording,switch_hand,18,2.670596,6.664215,8.870852,0.744275,1.244741,0.182650
459755570.000,Miguel,recording,switch_hand,18,2.548058,6.798387,8.322693,0.734352,0.922699,0.063376
459755580.000,Miguel,recording,switch_hand,18,2.402257,6.903546,8.051286,0.636905,0.536337,-0.015534
459755590.000,Miguel,recording,switch_hand,18,2.303829,6.948960,7.860462,0.510278,0.149765,-0.053513
459755600.000,Miguel,recording,switch_hand,18,2.201600,7.007409,7.634863,0.385402,-0.192946,-0.060111
459755610.000,Miguel,recording,switch_hand,18,2.197866,6.973904,7.404150,0.286425,-0.440523,-0.057995
459755620.000,Miguel,recording,switch_hand,18,2.178142,6.918080,7.148119,0.227706,-0.556862,-0.067190
459755630.000,Miguel,recording,switch_hand,18,2.236064,6.857193,6.923217,0.211043,-0.541170,-0.091903
459755640.000,Miguel,recording,switch_hand,18,2.329562,6.872033,6.772427,0.239133,-0.391666,-0.128248
459755650.000,Miguel,recording,switch_hand,18,2.524332,6.999657,6.854386,0.319184,-0.116624,-0.170958
459755660.000,Miguel,recording,switch_hand,18,2.571626,7.095855,6.972025,0.446779,0.231837,-0.214694
459755670.000,Miguel,recording,switch_hand,18,2.393499,7.089232,6.808668,0.586835,0.580448,-0.253913
459755680.000,Miguel,recording,switch_hand,18,2.099589,6.972539,6.446003,0.690936,0.868830,-0.284612
459755690.000,Miguel,recording,switch_hand,18,1.860560,6.821202,6.084851,0.727968,1.051972,-0.308579
459755700.000,Miguel,recording,switch_hand,18,1.717241,6.688651,5.841177,0.695711,1.114002,-0.329412
459755710.000,Miguel,recording,switch_hand,18,1.531177,6.687608,5.813362,0.611893,1.068034,-0.342176
459755720.000,Miguel,recording,switch_hand,18,1.300445,6.824654,5.953893,0.499222,0.938816,-0.336745
459755730.000,Miguel,recording,switch_hand,18,1.014307,6.947244,6.243373,0.380937,0.748212,-0.309269
459755740.000,Miguel,recording,switch_hand,18,0.769986,6.983487,6.498482,0.278236,0.522632,-0.261719
459755750.000,Miguel,recording,switch_hand,18,0.639914,6.917572,6.638906,0.204228,0.305993,-0.202689
459755760.000,Miguel,recording,switch_hand,18,0.708321,6.845770,6.657622,0.161965,0.146465,-0.148787
459755770.000,Miguel,recording,switch_hand,18,0.974561,6.877798,6.833966,0.160549,0.086800,-0.116916
459755780.000,Miguel,recording,switch_hand,18,1.285802,7.016052,7.183048,0.222599,0.134736,-0.112444
459755790.000,Miguel,recording,switch_hand,18,1.517115,7.160315,7.350596,0.347696,0.253465,-0.128412
459755800.000,Miguel,recording,switch_hand,18,1.643635,7.253690,7.247706,0.497060,0.404837,-0.156340
459755810.000,Miguel,recording,switch_hand,18,1.643188,7.363878,7.039249,0.627734,0.550430,-0.188778
459755820.000,Miguel,recording,switch_hand,18,1.479748,7.467836,6.820737,0.712700,0.645999,-0.212602
459755830.000,Miguel,recording,switch_hand,18,1.266705,7.520496,6.562483,0.740828,0.665045,-0.217188
459755840.000,Miguel,recording,switch_hand,18,1.164071,7.592195,6.363705,0.713665,0.606395,-0.202334
459755850.000,Miguel,recording,switch_hand,18,1.136094,7.682943,6.252112,0.642456,0.482492,-0.174452
459755860.000,Miguel,recording,switch_hand,18,1.221652,7.623216,6.200542,0.542728,0.313027,-0.146801
459755870.000,Miguel,recording,switch_hand,18,1.409887,7.526847,6.236566,0.436402,0.134501,-0.136234
459755880.000,Miguel,recording,switch_hand,18,1.646859,7.407902,6.340189,0.349703,-0.016001,-0.150187
459755890.000,Miguel,recording,switch_hand,18,1.906844,7.324839,6.406832,0.301165,-0.113530,-0.180958
459755900.000,Miguel,recording,switch_hand,18,2.250736,7.296169,6.377791,0.294104,-0.147115,-0.219155
459755910.000,Miguel,recording,switch_hand,18,3.034946,7.288619,6.176613,0.321024,-0.112132,-0.274415
459755920.000,Miguel,recording,switch_hand,18,4.609409,7.082708,5.960777,0.386873,0.030196,-0.388965
459755930.000,Miguel,recording,switch_hand,18,6.410035,6.666197,5.732433,0.507163,0.322297,-0.618777
459755940.000,Miguel,recording,switch_hand,18,7.932813,5.864241,4.989312,0.679920,0.778028,-0.973646
459755950.000,Miguel,recording,switch_hand,18,9.003670,4.297904,4.069553,0.900425,1.374468,-1.424058
459755960.000,Miguel,recording,switch_hand,18,8.646448,3.452138,3.585853,1.175975,2.180847,-1.969723
459755970.000,Miguel,recording,switch_hand,18,7.062307,2.485994,2.990432,1.477282,3.239352,-2.551428
459755980.000,Miguel,recording,switch_hand,18,5.485412,1.563041,2.285335,1.772560,4.345604,-3.062855
459755990.000,Miguel,recording,switch_hand,18,4.606154,1.644412,1.688492,1.978077,5.211700,-3.528991
459756000.000,Miguel,recording,switch_hand,18,3.206067,2.797244,-0.200966,1.710760,5.179736,-4.182126
459756010.000,Miguel,recording,switch_hand,18,-0.709525,4.234150,0.147447,0.978642,4.205933,-4.832939
459756020.000,Miguel,recording,switch_hand,18,-19.994300,8.577130,0.603364,0.058772,2.591900,-4.774992
459756030.000,Miguel,recording,switch_hand,18,-33.994348,13.420195,-1.290779,-0.770968,1.220408,-3.572305
459756040.000,Miguel,recording,switch_hand,18,-16.504718,10.728087,1.467866,-1.188078,0.319681,-1.879099
459756050.000,Miguel,recording,switch_hand,18,-17.098520,9.999196,1.512527,-1.340139,-0.490850,-0.554960
459756060.000,Miguel,recording,switch_hand,18,-10.649662,7.063248,3.614282,-1.560201,-0.856031,0.225015
459756070.000,Miguel,recording,switch_hand,18,-6.539251,5.977799,6.040136,-1.818383,-0.729204,0.525585
459756080.000,Miguel,recording,switch_hand,18,-3.991834,4.288331,9.311715,-1.858765,-0.258312,0.553075
459756090.000,Miguel,recording,switch_hand,18,-2.641240,3.635290,10.564458,-1.688321,0.240227,0.496180
459756100.000,Miguel,recording,switch_hand,18,-3.166799,3.828173,10.640871,-1.388581,0.798890,0.496269
459756110.000,Miguel,recording,switch_hand,18,-4.547508,4.986118,10.870538,-0.982237,1.396805,0.578698
459756120.000,Miguel,recording,switch_hand,18,-6.529652,6.299838,10.579990,-0.509609,1.922256,0.717053
459756130.000,Miguel,recording,switch_hand,18,-7.211584,7.020321,9.117853,-0.071451,2.351704,0.870424
459756140.000,Miguel,recording,switch_hand,18,-7.196590,7.284783,7.175338,0.224143,2.675089,1.000736
459756150.000,Miguel,recording,switch_hand,18,-6.540595,7.388644,5.478263,0.343008,2.872016,1.082618
459756160.000,Miguel,recording,switch_hand,18,-5.791326,7.375982,4.214923,0.328447,2.950432,1.110963
459756170.000,Miguel,recording,switch_hand,18,-5.606778,7.623529,3.515758,0.253983,2.964034,1.121856
459756180.000,Miguel,recording,switch_hand,18,-5.339205,7.573584,3.111921,0.166658,2.949227,1.147402
459756190.000,Miguel,recording,switch_hand,18,-4.897655,6.970178,2.844725,0.080404,2.899025,1.195720
459756200.000,Miguel,recording,switch_hand,18,-4.638013,6.829053,2.909760,-0.016079,2.748750,1.263053
459756210.000,Miguel,recording,switch_hand,18,-4.648015,7.021755,3.283842,-0.132974,2.462176,1.329325
459756220.000,Miguel,recording,switch_hand,18,-4.236461,7.509952,4.228698,-0.243269,2.098947,1.392160
459756230.000,Miguel,recording,switch_hand,18,-3.913029,7.987540,5.147420,-0.302918,1.761099,1.439115
459756240.000,Miguel,recording,switch_hand,18,-3.667105,8.041178,5.599342,-0.271094,1.591633,1.439072
459756250.000,Miguel,recording,switch_hand,18,-3.001069,7.625856,5.317980,-0.146231,1.635113,1.359622
459756260.000,Miguel,recording,switch_hand,18,-2.881501,7.420659,4.963138,0.029781,1.794668,1.177218
459756270.000,Miguel,recording,switch_hand,18,-2.458949,6.949034,4.655630,0.220009,1.982638,0.941476
459756280.000,Miguel,recording,switch_hand,18,-2.939246,7.358022,4.345468,0.382538,2.090036,0.708506
459756290.000,Miguel,recording,switch_hand,18,-3.890575,7.882338,3.871594,0.464812,2.014017,0.492074
459756300.000,Miguel,recording,switch_hand,18,-3.890790,7.516788,3.417594,0.469707,1.802712,0.302993
459756310.000,Miguel,recording,switch_hand,18,-4.320659,7.518157,2.972337,0.433448,1.550824,0.139726
459756320.000,Miguel,recording,switch_hand,18,-4.956740,7.795006,2.585900,0.370018,1.281735,0.015947
459756330.000,Miguel,recording,switch_hand,18,-5.364515,7.829412,2.356910,0.279542,0.983927,-0.048649
459756340.000,Miguel,recording,switch_hand,18,-5.176328,7.293938,2.307764,0.167876,0.676254,-0.055472
459756350.000,Miguel,recording,switch_hand,18,-5.211729,7.266568,2.338088,0.065128,0.433889,-0.019861
459756360.000,Miguel,recording,switch_hand,18,-5.290764,7.308362,2.155386,-0.004460,0.309549,0.039085
459756370.000,Miguel,recording,switch_hand,18,-4.977932,6.934567,1.886239,-0.057555,0.254629,0.083752
459756380.000,Miguel,recording,switch_hand,18,-4.443524,6.465980,1.783391,-0.132011,0.191101,0.088725
459756390.000,Miguel,recording,switch_hand,18,-3.085204,6.556069,1.969599,-0.268417,0.217484,0.089576
459756400.000,Miguel,recording,switch_hand,18,0.183101,6.780995,2.476498,-0.501681,0.607909,0.095511
459756410.000,Miguel,recording,switch_hand,18,2.152751,6.232727,3.059766,-0.809285,1.350613,-0.029770
459756420.000,Miguel,recording,switch_hand,18,0.564790,5.387097,3.353711,-1.127109,2.113352,-0.398552
459756430.000,Miguel,recording,switch_hand,18,-2.132707,5.891384,3.389413,-1.404135,2.772357,-0.937621
459756440.000,Miguel,recording,switch_hand,18,-3.644258,6.865846,3.531152,-1.622345,3.412249,-1.516430
459756450.000,Miguel,recording,switch_hand,18,-2.384028,6.724580,3.623138,-1.785070,3.935232,-2.103352
459756460.000,Miguel,recording,switch_hand,18,-4.252854,6.515453,2.249067,-1.900510,4.116832,-2.663398
459756470.000,Miguel,recording,switch_hand,18,-2.741086,5.825635,2.359049,-1.971766,3.991035,-3.124131
459756480.000,Miguel,recording,switch_hand,18,-3.375333,5.842695,2.178319,-2.010156,3.726339,-3.450889
459756490.000,Miguel,recording,switch_hand,18,-4.540318,6.517306,2.821008,-2.031029,3.410111,-3.599223
459756500.000,Miguel,recording,switch_hand,18,-7.036791,7.428757,3.061969,-2.032512,3.093188,-3.559514
459756510.000,Miguel,recording,switch_hand,18,-8.969204,8.145584,2.989906,-2.017456,2.787436,-3.363825
459756520.000,Miguel,recording,switch_hand,18,-10.189645,8.457204,2.627892,-1.990946,2.478659,-3.076500
459756530.000,Miguel,recording,switch_hand,18,-10.119286,7.577851,2.355555,-1.962476,2.113879,-2.796888
459756540.000,Miguel,recording,switch_hand,18,-8.983504,6.364287,2.149778,-1.933616,1.660107,-2.614488
459756550.000,Miguel,recording,switch_hand,18,-8.822593,5.574813,2.325307,-1.887823,1.139820,-2.534741
459756560.000,Miguel,recording,switch_hand,18,-9.788064,5.498465,2.716599,-1.802134,0.599569,-2.473597
459756570.000,Miguel,recording,switch_hand,18,-11.328356,6.670720,3.238972,-1.664973,0.085969,-2.312821
459756580.000,Miguel,recording,switch_hand,18,-11.634103,7.751483,3.180310,-1.507969,-0.381884,-1.995508
459756590.000,Miguel,recording,switch_hand,18,-10.349349,7.388938,2.960796,-1.387766,-0.857591,-1.598916
459756600.000,Miguel,recording,switch_hand,18,-9.302461,6.534570,3.133102,-1.310624,-1.401490,-1.238715
459756610.000,Miguel,recording,switch_hand,18,-8.316017,5.502127,3.997057,-1.223729,-2.014757,-0.981613
459756620.000,Miguel,recording,switch_hand,18,-7.539661,4.840338,5.441593,-1.054549,-2.630416,-0.851553
459756630.000,Miguel,recording,switch_hand,18,-7.555251,4.431828,6.315855,-0.776383,-3.132334,-0.829578
459756640.000,Miguel,recording,switch_hand,18,-7.810287,4.045583,6.507704,-0.438641,-3.492227,-0.858691
459756650.000,Miguel,recording,switch_hand,18,-7.988241,3.916429,6.294131,-0.127726,-3.802824,-0.886024
459756660.000,Miguel,recording,switch_hand,18,-7.732185,3.596549,5.729549,0.087776,-4.114376,-0.909728
459756670.000,Miguel,recording,switch_hand,18,-6.856634,2.774168,4.915534,0.189511,-4.356290,-0.962465
459756680.000,Miguel,recording,switch_hand,18,-5.915614,2.117602,3.677322,0.165259,-4.488554,-1.046421
459756690.000,Miguel,recording,switch_hand,18,-5.617049,1.551016,3.281515,0.012125,-4.551932,-1.122126
459756700.000,Miguel,recording,switch_hand,18,-5.835678,1.196905,3.300094,-0.259892,-4.639628,-1.146114
459756710.000,Miguel,recording,switch_hand,18,-6.267025,1.217934,3.191423,-0.608817,-4.746626,-1.081414
459756720.000,Miguel,recording,switch_hand,18,-7.032952,1.651033,3.971051,-0.947508,-4.789733,-0.913584
459756730.000,Miguel,recording,switch_hand,18,-7.071985,1.615039,5.541132,-1.215641,-4.883598,-0.682283
459756740.000,Miguel,recording,switch_hand,18,-6.055937,1.406419,6.695105,-1.398011,-5.131851,-0.448820
459756750.000,Miguel,recording,switch_hand,18,-4.927733,1.478996,7.120330,-1.495560,-5.414665,-0.263254
459756760.000,Miguel,recording,switch_hand,18,-4.121769,1.820902,7.377128,-1.514235,-5.629304,-0.151614
459756770.000,Miguel,recording,switch_hand,18,-3.095890,2.273329,7.883115,-1.463774,-5.810228,-0.104529
459756780.000,Miguel,recording,switch_hand,18,-2.220832,2.599008,8.552717,-1.353410,-6.030296,-0.100619
459756790.000,Miguel,recording,switch_hand,18,-1.457072,2.437569,9.941925,-1.112840,-6.078706,-0.139207
459756800.000,Miguel,recording,switch_hand,18,3.606836,1.606086,20.546113,-0.396903,-4.730542,-0.276019
459756810.000,Miguel,recording,switch_hand,18,-0.352126,1.149368,22.436333,0.594406,-2.473299,-0.410795
459756820.000,Miguel,recording,switch_hand,18,-5.551256,2.769538,12.290553,1.277570,-1.224871,-0.444134
459756830.000,Miguel,recording,switch_hand,18,-3.554637,3.708988,9.365655,1.640994,-1.096858,-0.463535
459756840.000,Miguel,recording,switch_hand,18,-1.663970,2.837513,9.412880,1.853596,-1.400584,-0.540811
459756850.000,Miguel,recording,switch_hand,18,-1.064020,2.224604,9.640025,2.004971,-1.634726,-0.677655
459756860.000,Miguel,recording,switch_hand,18,-1.031710,2.783846,10.617560,2.122204,-1.683997,-0.782565
459756870.000,Miguel,recording,switch_hand,18,-2.145284,3.686596,9.619630,2.200576,-1.683919,-0.779712
459756880.000,Miguel,recording,switch_hand,18,-2.489267,4.226329,8.761297,2.224129,-1.776882,-0.692903
459756890.000,Miguel,recording,switch_hand,18,-2.623436,4.303531,8.240841,2.172981,-2.012011,-0.607061
459756900.000,Miguel,recording,switch_hand,18,-2.029520,3.875252,9.627279,2.035108,-2.302249,-0.582082
459756910.000,Miguel,recording,switch_hand,18,-1.971571,3.886816,10.479486,1.848936,-2.548255,-0.584328
459756920.000,Miguel,recording,switch_hand,18,-2.486105,4.838874,10.817677,1.673727,-2.816223,-0.536963
459756930.000,Miguel,recording,switch_hand,18,-1.966679,5.089417,10.620810,1.537215,-3.178417,-0.427888
459756940.000,Miguel,recording,switch_hand,18,-0.970580,4.527692,9.812586,1.442370,-3.582665,-0.305914
459756950.000,Miguel,recording,switch_hand,18,-0.243718,4.030236,9.009772,1.338171,-3.919982,-0.205379
459756960.000,Miguel,recording,switch_hand,18,-0.102675,3.711189,7.476825,1.061487,-3.942431,-0.110534
459756970.000,Miguel,recording,switch_hand,18,-0.120682,3.836731,7.069108,0.577325,-3.545444,0.010458
459756980.000,Miguel,recording,switch_hand,18,-0.027090,3.919821,8.169679,0.087805,-3.019080,0.153476
459756990.000,Miguel,recording,switch_hand,18,0.060844,3.883906,9.340708,-0.249590,-2.659919,0.294178
459757000.000,Miguel,recording,switch_hand,18,-0.083172,3.838337,10.596879,-0.405433,-2.529853,0.406881
459757010.000,Miguel,recording,switch_hand,18,-0.278167,3.663923,11.575976,-0.404359,-2.505859,0.472312
459757020.000,Miguel,recording,switch_hand,18,-0.213574,3.199524,12.197452,-0.286150,-2.442153,0.511536
459757030.000,Miguel,recording,switch_hand,18,0.470444,2.805690,12.512339,-0.092955,-2.287409,0.553490
459757040.000,Miguel,recording,switch_hand,18,1.343009,2.719697,12.233778,0.145446,-2.119147,0.590552
459757050.000,Miguel,recording,switch_hand,18,2.010842,2.998772,11.435591,0.415882,-2.079907,0.615150
459757060.000,Miguel,recording,switch_hand,18,2.440489,3.478019,10.826449,0.716578,-2.180393,0.623242
459757070.000,Miguel,recording,switch_hand,18,2.519280,3.890471,10.399715,1.042020,-2.299956,0.584847
459757080.000,Miguel,recording,switch_hand,18,2.016425,4.117136,10.098571,1.378482,-2.374174,0.504412
459757090.000,Miguel,recording,switch_hand,18,1.151052,3.980755,9.510557,1.686008,-2.433811,0.460355
459757100.000,Miguel,recording,switch_hand,18,0.037458,3.794005,8.766083,1.877536,-2.451146,0.549333
459757110.000,Miguel,recording,switch_hand,18,-0.546162,3.699803,7.617692,1.862870,-2.271840,0.808514
459757120.000,Miguel,recording,switch_hand,18,-0.471988,3.803418,6.710873,1.632322,-1.784486,1.176708
459757130.000,Miguel,recording,switch_hand,18,0.010549,4.024417,6.550301,1.331028,-1.273153,1.543268
459757140.000,Miguel,recording,switch_hand,18,1.335616,4.054947,5.914445,1.122852,-1.062815,1.822335
459757150.000,Miguel,recording,switch_hand,18,4.114642,4.625231,4.455308,0.936350,-0.917416,1.956572
459757160.000,Miguel,recording,switch_hand,18,5.927630,5.623203,3.813608,0.674147,-0.814268,1.937755
459757170.000,Miguel,recording,switch_hand,18,6.111886,5.155629,4.620878,0.518323,-0.844487,1.791162
459757180.000,Miguel,recording,switch_hand,18,5.672715,3.737540,5.314384,0.571133,-0.647960,1.571261
459757190.000,Miguel,recording,switch_hand,18,5.155728,2.968954,5.938860,0.732316,-0.109965,1.379212
459757200.000,Miguel,recording,switch_hand,18,5.361171,3.526812,6.635837,0.965459,0.576116,1.239692
459757210.000,Miguel,recording,switch_hand,18,5.921301,3.974929,7.269861,1.226630,1.234385,1.101619
459757220.000,Miguel,recording,switch_hand,18,6.299462,3.920936,8.174527,1.462004,1.641401,0.948467
459757230.000,Miguel,recording,switch_hand,18,6.050651,4.592272,7.393140,1.642959,1.790732,0.798116
459757240.000,Miguel,recording,switch_hand,18,5.505428,4.678334,7.296394,1.727436,1.855275,0.680524
459757250.000,Miguel,recording,switch_hand,18,4.703971,4.652784,6.940867,1.708646,1.834175,0.629995
459757260.000,Miguel,recording,switch_hand,18,4.388851,4.445185,6.758407,1.601062,1.698542,0.645948
459757270.000,Miguel,recording,switch_hand,18,4.545694,4.312594,6.381692,1.413496,1.503294,0.679493
459757280.000,Miguel,recording,switch_hand,18,5.111435,4.257398,6.284793,1.176011,1.337180,0.675478
459757290.000,Miguel,recording,switch_hand,18,5.752425,4.343958,6.405181,0.937123,1.242143,0.605577
459757300.000,Miguel,recording,switch_hand,18,6.331799,4.537553,6.656919,0.754597,1.219350,0.480484
459757310.000,Miguel,recording,switch_hand,18,6.661920,4.769150,7.091629,0.665057,1.254314,0.332885
459757320.000,Miguel,recording,switch_hand,18,6.530704,4.934403,7.483490,0.665004,1.321054,0.194775
459757330.000,Miguel,recording,switch_hand,18,6.214481,4.970359,7.704319,0.731669,1.398814,0.084420
459757340.000,Miguel,recording,switch_hand,18,5.829494,4.829792,7.817053,0.836899,1.481995,-0.001632
459757350.000,Miguel,recording,switch_hand,18,5.517832,4.696967,7.834215,0.951378,1.555674,-0.072913
459757360.000,Miguel,recording,switch_hand,18,5.307709,4.702507,7.587727,1.043046,1.579308,-0.133256
459757370.000,Miguel,recording,switch_hand,18,5.283896,4.918349,7.288990,1.079423,1.527324,-0.186822
459757380.000,Miguel,recording,switch_hand,18,5.246674,5.139594,7.091705,1.041551,1.403306,-0.239491
459757390.000,Miguel,recording,switch_hand,18,5.157127,5.260529,7.047850,0.937872,1.215386,-0.294845
459757400.000,Miguel,recording,switch_hand,18,4.990263,5.220289,7.075525,0.796171,0.981949,-0.353305
459757410.000,Miguel,recording,switch_hand,18,4.828265,5.128868,7.132487,0.648516,0.741329,-0.411800
459757420.000,Miguel,recording,switch_hand,18,4.765396,5.171899,7.209491,0.522088,0.531414,-0.465629
459757430.000,Miguel,recording,switch_hand,18,4.831642,5.367469,7.288313,0.432413,0.372325,-0.518208
459757440.000,Miguel,recording,switch_hand,18,4.910403,5.540179,7.340327,0.386514,0.276210,-0.580077
459757450.000,Miguel,recording,switch_hand,18,4.832945,5.678893,7.324417,0.380464,0.239436,-0.648755
459757460.000,Miguel,recording,switch_hand,18,4.714076,5.803928,7.187570,0.397891,0.240188,-0.711037
459757470.000,Miguel,recording,switch_hand,18,4.597973,5.910228,7.051283,0.423735,0.262201,-0.762886
459757480.000,Miguel,recording,switch_hand,18,4.470798,6.033637,6.901875,0.445786,0.295821,-0.808355
459757490.000,Miguel,recording,switch_hand,18,4.301675,6.128904,6.784999,0.455037,0.335524,-0.847681
459757500.000,Miguel,recording,switch_hand,18,4.166121,6.243720,6.778132,0.449195,0.375291,-0.880667
459757510.000,Miguel,recording,switch_hand,18,4.120263,6.311728,6.863159,0.433038,0.407065,-0.915648
459757520.000,Miguel,recording,switch_hand,18,4.220684,6.376197,7.098411,0.419567,0.433770,-0.962273
459757530.000,Miguel,recording,switch_hand,18,4.201974,6.382563,7.422382,0.427054,0.459486,-1.021710
459757540.000,Miguel,recording,switch_hand,18,3.978887,6.297050,7.579473,0.460799,0.477616,-1.082246
459757550.000,Miguel,recording,switch_hand,18,3.632449,6.548915,7.691530,0.506192,0.483225,-1.116181
459757560.000,Miguel,recording,switch_hand,18,3.264173,7.001120,7.826641,0.552160,0.466009,-1.102129
459757570.000,Miguel,recording,switch_hand,18,2.897238,7.166712,7.764079,0.595533,0.417891,-1.045965
459757580.000,Miguel,recording,switch_hand,18,2.623605,6.981639,7.556412,0.628817,0.377070,-0.971672
459757590.000,Miguel,recording,switch_hand,18,2.596908,6.827001,7.336856,0.648349,0.383804,-0.899400
459757600.000,Miguel,recording,switch_hand,18,2.851409,6.758058,7.204239,0.661677,0.433869,-0.842383
459757610.000,Miguel,recording,switch_hand,18,3.357413,6.607318,7.090004,0.678414,0.516087,-0.820118
459757620.000,Miguel,recording,switch_hand,18,4.118229,6.296612,6.820722,0.705983,0.631359,-0.854767
459757630.000,Miguel,recording,switch_hand,18,4.680429,5.922443,6.473252,0.752903,0.800572,-0.955226
459757640.000,Miguel,recording,switch_hand,18,5.186303,5.468164,5.966402,0.830829,1.078647,-1.104342
459757650.000,Miguel,recording,switch_hand,18,5.812943,4.703319,5.232172,0.950734,1.506924,-1.275601
459757660.000,Miguel,recording,switch_hand,18,6.296498,3.412014,4.240240,1.099812,2.042648,-1.445359
459757670.000,Miguel,recording,switch_hand,18,5.540006,2.574320,3.034290,1.251936,2.717793,-1.603729
459757680.000,Miguel,recording,switch_hand,18,5.116665,2.316456,2.409905,1.395113,3.589941,-1.761997
459757690.000,Miguel,recording,switch_hand,18,4.980636,1.571932,1.931428,1.436552,4.416784,-2.010606
459757700.000,Miguel,recording,switch_hand,18,2.670376,3.765076,-1.286052,0.858667,4.433199,-2.613555
459757710.000,Miguel,recording,switch_hand,18,-0.216005,5.558341,-0.809082,-0.317865,3.686875,-3.593832
459757720.000,Miguel,recording,switch_hand,18,-7.042168,5.051587,4.095317,-1.214382,3.107429,-4.369997
459757730.000,Miguel,recording,switch_hand,18,-10.005792,4.944343,5.221254,-1.485499,2.941059,-4.603466
459757740.000,Miguel,recording,switch_hand,18,-8.609855,4.936696,4.162830,-1.367139,2.616665,-4.478924
459757750.000,Miguel,recording,switch_hand,18,-8.799491,4.397172,5.452896,-1.079044,1.636146,-4.136484
459757760.000,Miguel,recording,switch_hand,18,-9.533084,4.712789,6.222425,-0.752164,0.114054,-3.653549
459757770.000,Miguel,recording,switch_hand,18,-8.553050,3.894257,5.564867,-0.602735,-1.401794,-3.136947
459757780.000,Miguel,recording,switch_hand,18,-6.909506,3.155928,4.325058,-0.767348,-2.465658,-2.603828
459757790.000,Miguel,recording,switch_hand,18,-5.654353,2.799134,3.925958,-1.139231,-2.928400,-1.991570
459757800.000,Miguel,recording,switch_hand,18,-7.696086,3.828355,5.912618,-1.441425,-2.522468,-1.318617
459757810.000,Miguel,recording,switch_hand,18,-9.544250,6.728188,7.284028,-1.380385,-1.242902,-0.635157
459757820.000,Miguel,recording,switch_hand,18,-10.820367,8.578080,9.854538,-0.975882,0.259452,0.013044
459757830.000,Miguel,recording,switch_hand,18,-8.945286,8.134540,10.228205,-0.518093,1.110687,0.522809
459757840.000,Miguel,recording,switch_hand,18,-6.889435,6.978336,9.449675,-0.179227,1.131275,0.766537
459757850.000,Miguel,recording,switch_hand,18,-5.234201,6.377401,8.322689,0.057233,0.766386,0.727839
459757860.000,Miguel,recording,switch_hand,18,-4.262877,6.337634,7.091372,0.180612,0.377727,0.537937
459757870.000,Miguel,recording,switch_hand,18,-4.005946,6.526074,6.147561,0.154649,0.078141,0.338888
459757880.000,Miguel,recording,switch_hand,18,-3.926413,6.813585,5.580629,0.007542,-0.117021,0.181803
459757890.000,Miguel,recording,switch_hand,18,-3.920673,6.986364,5.455890,-0.195297,-0.210255,0.067177
459757900.000,Miguel,recording,switch_hand,18,-3.872784,7.059795,5.605857,-0.393773,-0.245619,-0.018713
459757910.000,Miguel,recording,switch_hand,18,-3.898914,7.062799,5.921148,-0.551351,-0.292845,-0.087828
459757920.000,Miguel,recording,switch_hand,18,-3.965834,7.070262,6.284060,-0.649293,-0.396453,-0.142068
459757930.000,Miguel,recording,switch_hand,18,-4.052675,7.126120,6.675906,-0.682835,-0.560340,-0.175117
459757940.000,Miguel,recording,switch_hand,18,-4.032946,7.078032,7.042677,-0.658426,-0.772999,-0.181871
459757950.000,Miguel,recording,switch_hand,18,-3.882695,7.039343,7.438101,-0.577817,-1.004368,-0.162807
459757960.000,Miguel,recording,switch_hand,18,-3.531119,6.820245,7.780989,-0.443466,-1.227901,-0.124433
459757970.000,Miguel,recording,switch_hand,18,-3.129554,6.538066,7.965796,-0.269496,-1.448175,-0.078764
459757980.000,Miguel,recording,switch_hand,18,-2.892168,6.220976,8.039692,-0.077432,-1.683831,-0.031745
459757990.000,Miguel,recording,switch_hand,18,-2.858247,5.949840,8.054896,0.107945,-1.936905,0.022705
459758000.000,Miguel,recording,switch_hand,18,-2.981516,5.692721,8.036174,0.265567,-2.177814,0.094492
459758010.000,Miguel,recording,switch_hand,18,-3.100024,5.549054,7.975072,0.379833,-2.368399,0.188856
459758020.000,Miguel,recording,switch_hand,18,-3.185818,5.498792,8.000587,0.450393,-2.480185,0.303818
459758030.000,Miguel,recording,switch_hand,18,-3.212553,5.459288,8.085108,0.489168,-2.509640,0.429250
459758040.000,Miguel,recording,switch_hand,18,-3.073392,5.462041,8.259346,0.509110,-2.471260,0.548664
459758050.000,Miguel,recording,switch_hand,18,-2.718505,5.471214,8.430574,0.522000,-2.373448,0.645663
459758060.000,Miguel,recording,switch_hand,18,-2.161303,5.488683,8.563894,0.532982,-2.224258,0.705567
459758070.000,Miguel,recording,switch_hand,18,-1.590937,5.502556,8.567104,0.539077,-2.035253,0.721157
459758080.000,Miguel,recording,switch_hand,18,-1.071463,5.509706,8.501655,0.534657,-1.820456,0.695202
459758090.000,Miguel,recording,switch_hand,18,-0.665691,5.580159,8.422295,0.516803,-1.602676,0.632774
459758100.000,Miguel,recording,switch_hand,18,-0.393346,5.645627,8.258989,0.481655,-1.398993,0.539007
459758110.000,Miguel,recording,switch_hand,18,-0.271858,5.682526,8.095478,0.429522,-1.213400,0.425305
459758120.000,Miguel,recording,switch_hand,18,-0.336005,5.705279,7.902262,0.362952,-1.039801,0.310900
459758130.000,Miguel,recording,switch_hand,18,-0.505331,5.573819,7.759193,0.272588,-0.859509,0.219593
459758140.000,Miguel,recording,switch_hand,18,-0.778561,5.343711,7.838370,0.164175,-0.668452,0.179531
459758150.000,Miguel,recording,switch_hand,18,-1.152396,5.183002,8.164162,0.073432,-0.479169,0.204286
459758160.000,Miguel,recording,switch_hand,18,-1.481069,5.174485,8.543127,0.032490,-0.300572,0.282189
459758170.000,Miguel,recording,switch_hand,18,-1.722415,5.225131,8.802675,0.052222,-0.146423,0.390525
459758180.000,Miguel,recording,switch_hand,18,-1.732653,5.320197,8.880408,0.122969,-0.033256,0.503847
459758190.000,Miguel,recording,switch_hand,18,-1.652853,5.457514,8.758122,0.219783,0.026940,0.604348
459758200.000,Miguel,recording,switch_hand,18,-1.581631,5.612701,8.533405,0.318581,0.036662,0.686290
459758210.000,Miguel,recording,switch_hand,18,-1.456041,5.850973,8.312810,0.405225,0.012428,0.746305
459758220.000,Miguel,recording,switch_hand,18,-1.180747,6.145738,8.066432,0.468656,-0.028026,0.771797
459758230.000,Miguel,recording,switch_hand,18,-0.854926,6.451023,7.875858,0.501859,-0.069335,0.752013
459758240.000,Miguel,recording,switch_hand,18,-0.680673,6.617676,7.702196,0.513164,-0.108114,0.702134
459758250.000,Miguel,recording,switch_hand,18,-0.698306,6.692077,7.681122,0.524255,-0.170594,0.648867
459758260.000,Miguel,recording,switch_hand,18,-0.805073,6.907447,7.793285,0.551015,-0.293690,0.589014
459758270.000,Miguel,recording,switch_hand,18,-1.166588,7.171958,7.756617,0.593919,-0.486530,0.514477
459758280.000,Miguel,recording,switch_hand,18,-2.480855,7.319687,7.575526,0.646167,-0.761332,0.454110
459758290.000,Miguel,recording,switch_hand,18,-4.319619,7.163775,7.400492,0.708265,-1.155180,0.459998
459758300.000,Miguel,recording,switch_hand,18,-5.432233,6.584311,7.063449,0.792269,-1.703819,0.571501
459758310.000,Miguel,recording,switch_hand,18,-5.744043,6.441672,6.758849,0.908383,-2.396198,0.776896
459758320.000,Miguel,recording,switch_hand,18,-4.961907,4.978116,5.719287,1.054142,-3.162654,0.992076
459758330.000,Miguel,recording,switch_hand,18,-3.374687,3.725059,4.082330,1.222610,-3.937597,1.140793
459758340.000,Miguel,recording,switch_hand,18,-1.814233,0.982003,2.024675,1.294820,-4.508041,1.285025
459758350.000,Miguel,recording,switch_hand,18,-0.139057,0.632115,-1.494218,0.783271,-3.893080,1.767141
459758360.000,Miguel,recording,switch_hand,18,13.216694,3.378578,-1.905125,-0.418686,-1.532500,2.751054
459758370.000,Miguel,recording,switch_hand,18,10.589422,3.396909,-2.012214,-1.600931,0.523228,3.611625
459758380.000,Miguel,recording,switch_hand,18,6.341409,2.940674,-1.199659,-2.556031,1.251370,3.936430
459758390.000,Miguel,recording,switch_hand,18,7.770601,3.753632,0.005371,-3.415860,1.660850,3.875967
459758400.000,Miguel,recording,switch_hand,18,9.837440,5.083804,1.875601,-4.215432,2.075934,3.511360
459758410.000,Miguel,recording,switch_hand,18,6.966777,4.659942,2.085722,-5.115665,2.494264,2.891226
459758420.000,Miguel,recording,switch_hand,18,8.688712,3.960228,4.058996,-6.038664,2.736384,2.073586
459758430.000,Miguel,recording,switch_hand,18,7.280991,2.550842,6.076804,-6.787505,2.934917,1.157227
459758440.000,Miguel,recording,switch_hand,18,5.545301,1.564404,9.404186,-7.191521,3.394492,0.243229
459758450.000,Miguel,recording,switch_hand,18,3.413864,0.621651,12.263997,-7.181241,4.165831,-0.574257
459758460.000,Miguel,recording,switch_hand,18,1.286897,0.224136,14.428599,-6.795637,5.079771,-1.231094
459758470.000,Miguel,recording,switch_hand,18,-0.492604,0.147539,15.510132,-6.092458,5.839116,-1.662379
459758480.000,Miguel,recording,switch_hand,18,-2.848094,0.095138,17.663701,-4.879539,5.720138,-1.595868
459758490.000,Miguel,recording,switch_hand,18,-6.087772,1.253283,22.584405,-2.944278,4.139675,-0.763991
459758500.000,Miguel,recording,switch_hand,18,-4.632986,2.194440,19.985575,-0.929868,2.130411,0.277245
459758510.000,Miguel,recording,switch_hand,18,-2.740041,1.810710,16.576824,0.444299,0.955257,0.863830
459758520.000,Miguel,recording,switch_hand,18,-2.234912,0.954743,14.019913,1.255045,0.503379,1.058029
459758530.000,Miguel,recording,switch_hand,18,-1.486706,0.634654,12.109765,1.704624,0.284001,1.077113
459758540.000,Miguel,recording,switch_hand,18,-0.719230,0.710094,10.950036,1.882992,0.038856,1.044780
459758550.000,Miguel,recording,switch_hand,19,-0.374042,1.148864,10.371202,1.858997,-0.300162,1.011578
459758560.000,Miguel,recording,switch_hand,19,-0.230302,1.658432,10.225190,1.692069,-0.709854,0.983122
459758570.000,Miguel,recording,switch_hand,19,-0.023414,2.035441,10.254905,1.438536,-1.127212,0.947040
459758580.000,Miguel,recording,switch_hand,19,0.426623,2.184945,10.373250,1.147224,-1.469815,0.887684
459758590.000,Miguel,recording,switch_hand,19,0.960814,2.218237,10.465812,0.860738,-1.647649,0.791431
459758600.000,Miguel,recording,switch_hand,19,1.450694,2.229361,10.499500,0.608228,-1.609036,0.652066
459758610.000,Miguel,recording,switch_hand,19,1.860755,2.166275,10.385511,0.404373,-1.379734,0.472565
459758620.000,Miguel,recording,switch_hand,19,2.036632,1.995591,10.129437,0.261262,-1.049863,0.273938
459758630.000,Miguel,recording,switch_hand,19,1.784578,1.654473,9.934305,0.202065,-0.733066,0.110271
459758640.000,Miguel,recording,switch_hand,19,1.203912,1.265470,10.169611,0.264749,-0.506365,0.049238
459758650.000,Miguel,recording,switch_hand,19,0.960822,1.431706,10.640386,0.461441,-0.329280,0.083420
459758660.000,Miguel,recording,switch_hand,19,1.223449,1.861355,10.567054,0.733759,-0.097761,0.122614
459758670.000,Miguel,recording,switch_hand,19,1.477445,1.992580,10.258802,1.015236,0.179044,0.111812
459758680.000,Miguel,recording,switch_hand,19,1.357592,1.863619,9.783021,1.275084,0.407675,0.065791
459758690.000,Miguel,recording,switch_hand,19,1.255184,1.783512,9.451443,1.499504,0.544364,0.008664
459758700.000,Miguel,recording,switch_hand,19,1.276553,1.889305,9.255943,1.678659,0.602184,-0.053080
459758710.000,Miguel,recording,switch_hand,19,1.350978,2.107234,9.161223,1.804272,0.604211,-0.119337
459758720.000,Miguel,recording,switch_hand,19,1.334050,2.389977,8.986817,1.870639,0.566456,-0.184909
459758730.000,Miguel,recording,switch_hand,19,1.164394,2.639971,8.717873,1.873698,0.506978,-0.241719
459758740.000,Miguel,recording,switch_hand,19,0.977597,2.828621,8.370606,1.813858,0.431441,-0.284830
459758750.000,Miguel,recording,switch_hand,19,0.775711,2.999159,7.934029,1.688899,0.330165,-0.311098
459758760.000,Miguel,recording,switch_hand,19,0.640051,3.170624,7.445410,1.498237,0.199086,-0.321488
459758770.000,Miguel,recording,switch_hand,19,0.593982,3.326645,6.978299,1.245418,0.051929,-0.318853
459758780.000,Miguel,recording,switch_hand,19,0.608630,3.475207,6.669678,0.940306,-0.080993,-0.306884
459758790.000,Miguel,recording,switch_hand,19,0.629851,3.612049,6.620535,0.605394,-0.161176,-0.290342
459758800.000,Miguel,recording,switch_hand,19,0.575836,3.763484,6.889207,0.276745,-0.168452,-0.271974
459758810.000,Miguel,recording,switch_hand,19,0.532860,3.839869,7.363860,-0.001795,-0.124127,-0.252456
459758820.000,Miguel,recording,switch_hand,19,0.542277,3.810268,8.017606,-0.192747,-0.055770,-0.228059
459758830.000,Miguel,recording,switch_hand,19,0.569975,3.701961,8.742910,-0.280857,0.039439,-0.195314
459758840.000,Miguel,recording,switch_hand,19,0.520750,3.668945,9.416835,-0.259475,0.148413,-0.158730
459758850.000,Miguel,recording,switch_hand,19,0.509560,3.766096,9.848525,-0.135160,0.225814,-0.129529
459758860.000,Miguel,recording,switch_hand,19,0.492963,3.765986,9.966605,0.059416,0.254224,-0.118581
459758870.000,Miguel,recording,switch_hand,19,0.578407,3.631195,9.893920,0.284641,0.264724,-0.130581
459758880.000,Miguel,recording,switch_hand,19,0.713414,3.610724,9.799121,0.515817,0.312637,-0.164755
459758890.000,Miguel,recording,switch_hand,19,0.836280,3.688626,9.713451,0.737675,0.429081,-0.212529
459758900.000,Miguel,recording,switch_hand,19,0.900256,3.826926,9.466176,0.928701,0.587889,-0.260262
459758910.000,Miguel,recording,switch_hand,19,0.804997,4.040083,9.200795,1.069877,0.734988,-0.298494
459758920.000,Miguel,recording,switch_hand,19,0.627422,4.290632,8.965484,1.150606,0.828150,-0.323679
459758930.000,Miguel,recording,switch_hand,19,0.316397,4.496966,8.794635,1.169720,0.848840,-0.336184
459758940.000,Miguel,recording,switch_hand,19,0.036010,4.650622,8.807699,1.139418,0.797266,-0.338073
459758950.000,Miguel,recording,switch_hand,19,-0.197780,4.759173,8.890875,1.079706,0.685197,-0.328436
459758960.000,Miguel,recording,switch_hand,19,-0.339338,4.846178,8.926910,1.009896,0.530127,-0.307042
459758970.000,Miguel,recording,switch_hand,19,-0.411952,4.903196,8.847330,0.938200,0.352618,-0.274100
459758980.000,Miguel,recording,switch_hand,19,-0.444973,4.922082,8.637021,0.864427,0.188595,-0.235510
459758990.000,Miguel,recording,switch_hand,19,-0.364637,4.878049,8.409683,0.792549,0.070889,-0.205247
459759000.000,Miguel,recording,switch_hand,19,-0.206574,4.796819,8.294260,0.732266,0.012072,-0.195809
459759010.000,Miguel,recording,switch_hand,19,-0.003981,4.824705,8.291814,0.694375,0.007842,-0.211423
459759020.000,Miguel,recording,switch_hand,19,0.120561,4.906975,8.350018,0.685050,0.037217,-0.247161
459759030.000,Miguel,recording,switch_hand,19,0.123022,5.013706,8.380918,0.699407,0.073219,-0.291392
459759040.000,Miguel,recording,switch_hand,19,0.016672,5.135776,8.323934,0.722542,0.094512,-0.331569
459759050.000,Miguel,recording,switch_hand,19,-0.125627,5.216678,8.144614,0.739475,0.103160,-0.359474
459759060.000,Miguel,recording,switch_hand,19,-0.280791,5.280478,7.978327,0.742847,0.118569,-0.370193
459759070.000,Miguel,recording,switch_hand,19,-0.484046,5.283057,7.959233,0.739518,0.153337,-0.365744
459759080.000,Miguel,recording,switch_hand,19,-0.604471,5.352275,8.037152,0.743973,0.201928,-0.350720
459759090.000,Miguel,recording,switch_hand,19,-0.641309,5.375983,8.066017,0.760667,0.256504,-0.330537
459759100.000,Miguel,recording,switch_hand,19,-0.536077,5.380437,8.083284,0.790575,0.324092,-0.311974
459759110.000,Miguel,recording,switch_hand,19,-0.361110,5.354830,8.100412,0.838189,0.413435,-0.304590
459759120.000,Miguel,recording,switch_hand,19,-0.059698,5.336277,8.121704,0.903901,0.524968,-0.320300
459759130.000,Miguel,recording,switch_hand,19,0.647530,5.223592,8.198695,0.989009,0.659213,-0.375833
459759140.000,Miguel,recording,switch_hand,19,1.462235,4.998489,8.311122,1.106209,0.836239,-0.495044
459759150.000,Miguel,recording,switch_hand,19,1.955234,4.737230,8.333216,1.278358,1.098903,-0.685679
459759160.000,Miguel,recording,switch_hand,19,2.108512,4.411528,8.168969,1.520223,1.486249,-0.915417
459759170.000,Miguel,recording,switch_hand,19,2.100809,3.715600,7.693952,1.813344,1.987524,-1.115411
459759180.000,Miguel,recording,switch_hand,19,1.476745,3.272200,6.986341,2.160152,2.555425,-1.247560
459759190.000,Miguel,recording,switch_hand,19,1.387417,3.036043,6.486546,2.536033,3.038661,-1.345427
459759200.000,Miguel,recording,switch_hand,19,1.900890,2.832163,3.963077,2.607716,2.962600,-1.556442
459759210.000,Miguel,recording,switch_hand,19,1.089228,4.512361,-0.839250,1.765647,1.778462,-2.092332
459759220.000,Miguel,recording,switch_hand,19,-1.886355,4.918597,4.228564,0.550419,0.648980,-2.615567
459759230.000,Miguel,recording,switch_hand,19,-8.267414,6.302477,4.632411,-0.211360,0.572896,-2.744518
459759240.000,Miguel,recording,switch_hand,19,-11.934989,7.193307,4.721183,-0.622079,0.789993,-2.547162
459759250.000,Miguel,recording,switch_hand,19,-9.363691,6.772359,2.834300,-0.848797,0.847387,-2.131348
459759260.000,Miguel,recording,switch_hand,19,-8.477112,6.972720,2.096682,-1.120867,0.671242,-1.651207
459759270.000,Miguel,recording,switch_hand,19,-8.014489,7.340573,2.322510,-1.522331,0.642727,-1.236645
459759280.000,Miguel,recording,switch_hand,19,-7.144467,6.835364,4.249128,-1.800642,1.023807,-0.878452
459759290.000,Miguel,recording,switch_hand,19,-6.706350,6.210530,4.259197,-1.934898,1.438522,-0.544619
459759300.000,Miguel,recording,switch_hand,19,-6.501961,5.166084,5.624503,-2.050139,1.557952,-0.266443
459759310.000,Miguel,recording,switch_hand,19,-6.229943,5.194779,6.902873,-2.026413,1.343509,-0.038891
459759320.000,Miguel,recording,switch_hand,19,-6.047342,5.125755,8.839536,-1.797691,0.892058,0.142861
459759330.000,Miguel,recording,switch_hand,19,-5.577760,4.976175,10.423654,-1.369833,0.319214,0.283269
459759340.000,Miguel,recording,switch_hand,19,-4.923592,4.730183,11.408941,-0.796032,-0.252192,0.385582
459759350.000,Miguel,recording,switch_hand,19,-4.442306,4.540362,11.832198,-0.161120,-0.734833,0.471666
459759360.000,Miguel,recording,switch_hand,19,-4.201554,4.460949,11.512875,0.447078,-1.097438,0.555614
459759370.000,Miguel,recording,switch_hand,19,-4.279849,4.507248,10.855312,0.965445,-1.345724,0.650714
459759380.000,Miguel,recording,switch_hand,19,-4.554546,4.945785,9.914163,1.358978,-1.504161,0.766177
459759390.000,Miguel,recording,switch_hand,19,-4.752524,5.488150,8.898963,1.613264,-1.601202,0.885014
459759400.000,Miguel,recording,switch_hand,19,-4.720036,6.055999,7.937807,1.735921,-1.644856,0.973608
459759410.000,Miguel,recording,switch_hand,19,-4.450455,6.531323,7.149278,1.748778,-1.628100,1.009730
459759420.000,Miguel,recording,switch_hand,19,-3.949659,6.724022,6.564723,1.668860,-1.597450,1.007191
459759430.000,Miguel,recording,switch_hand,19,-3.520594,6.889722,6.032137,1.498609,-1.611332,0.977274
459759440.000,Miguel,recording,switch_hand,19,-3.193254,7.019370,5.717868,1.260347,-1.629689,0.920105
459759450.000,Miguel,recording,switch_hand,19,-2.896888,7.095749,5.731237,1.001918,-1.602687,0.856174
459759460.000,Miguel,recording,switch_hand,19,-2.646230,7.078686,5.966794,0.757134,-1.553524,0.801782
459759470.000,Miguel,recording,switch_hand,19,-2.491454,6.993652,6.342051,0.549865,-1.514789,0.762354
459759480.000,Miguel,recording,switch_hand,19,-2.366103,6.831159,6.747890,0.401420,-1.491800,0.741746
459759490.000,Miguel,recording,switch_hand,19,-2.248685,6.664261,7.072859,0.317473,-1.487207,0.741150
459759500.000,Miguel,recording,switch_hand,19,-2.136805,6.583575,7.343980,0.292946,-1.506347,0.756050
459759510.000,Miguel,recording,switch_hand,19,-1.941748,6.610429,7.569022,0.320457,-1.541941,0.779024
459759520.000,Miguel,recording,switch_hand,19,-1.627106,6.661860,7.767873,0.390263,-1.574764,0.797361
459759530.000,Miguel,recording,switch_hand,19,-1.291963,6.671392,7.847246,0.489132,-1.585228,0.796737
459759540.000,Miguel,recording,switch_hand,19,-0.999099,6.652595,7.792156,0.594215,-1.565835,0.771016
459759550.000,Miguel,recording,switch_hand,19,-0.788052,6.691368,7.605850,0.684537,-1.526321,0.724432
459759560.000,Miguel,recording,switch_hand,19,-0.673606,6.763654,7.360631,0.748404,-1.481867,0.664203
459759570.000,Miguel,recording,switch_hand,19,-0.703953,6.864088,7.124305,0.779373,-1.438249,0.598317
459759580.000,Miguel,recording,switch_hand,19,-0.798781,6.973181,6.912893,0.779735,-1.392808,0.535889
459759590.000,Miguel,recording,switch_hand,19,-0.864745,7.088197,6.779813,0.754776,-1.340864,0.484382
459759600.000,Miguel,recording,switch_hand,19,-0.820925,7.192901,6.682764,0.710445,-1.274958,0.446818
459759610.000,Miguel,recording,switch_hand,19,-0.691004,7.277507,6.637243,0.653000,-1.188297,0.416163
459759620.000,Miguel,recording,switch_hand,19,-0.515431,7.323480,6.611075,0.587478,-1.080447,0.383690
459759630.000,Miguel,recording,switch_hand,19,-0.369267,7.326047,6.598757,0.517758,-0.954789,0.347163
459759640.000,Miguel,recording,switch_hand,19,-0.229267,7.321212,6.602868,0.446677,-0.820184,0.309942
459759650.000,Miguel,recording,switch_hand,19,-0.157087,7.358223,6.617817,0.380051,-0.689735,0.275815
459759660.000,Miguel,recording,switch_hand,19,-0.114297,7.405996,6.676975,0.321894,-0.575656,0.244258
459759670.000,Miguel,recording,switch_hand,19,-0.061633,7.477375,6.778970,0.276203,-0.481848,0.213730
459759680.000,Miguel,recording,switch_hand,19,-0.044745,7.508834,6.918873,0.248134,-0.399049,0.184022
459759690.000,Miguel,recording,switch_hand,19,-0.060392,7.480711,7.049824,0.239340,-0.313105,0.157434
459759700.000,Miguel,recording,switch_hand,19,-0.136164,7.494187,7.140691,0.249536,-0.221412,0.136915
459759710.000,Miguel,recording,switch_hand,19,-0.160996,7.519805,7.172259,0.278528,-0.140631,0.119870
459759720.000,Miguel,recording,switch_hand,19,-0.148705,7.602071,7.137192,0.322687,-0.086739,0.099706
459759730.000,Miguel,recording,switch_hand,19,-0.150746,7.612515,7.049558,0.376015,-0.060291,0.074999
459759740.000,Miguel,recording,switch_hand,19,-0.199954,7.582026,6.837100,0.427686,-0.052123,0.054194
459759750.000,Miguel,recording,switch_hand,19,-0.289248,7.535414,6.620358,0.464179,-0.052593,0.045668
459759760.000,Miguel,recording,switch_hand,19,-0.392407,7.512704,6.400320,0.479502,-0.053004,0.053520
459759770.000,Miguel,recording,switch_hand,19,-0.402429,7.554701,6.196430,0.476172,-0.051143,0.073320
459759780.000,Miguel,recording,switch_hand,19,-0.288639,7.643323,6.037846,0.461585,-0.057017,0.086978
459759790.000,Miguel,recording,switch_hand,19,-0.157838,7.712616,5.904743,0.440452,-0.085162,0.080595
459759800.000,Miguel,recording,switch_hand,19,-0.070954,7.560079,5.760255,0.414447,-0.136871,0.053894
459759810.000,Miguel,recording,switch_hand,19,-0.118817,7.538810,5.786577,0.393280,-0.192304,0.025791
459759820.000,Miguel,recording,switch_hand,19,-0.286334,7.360842,5.868736,0.388002,-0.240884,0.019589
459759830.000,Miguel,recording,switch_hand,19,-0.323396,7.319090,5.866173,0.400235,-0.298017,0.027647
459759840.000,Miguel,recording,switch_hand,19,-0.280776,7.325005,5.798616,0.437233,-0.378672,0.027366
459759850.000,Miguel,recording,switch_hand,19,-0.200501,7.405419,5.685986,0.502053,-0.486117,0.012970
459759860.000,Miguel,recording,switch_hand,19,-0.148646,7.445120,5.413618,0.574263,-0.599638,-0.015106
459759870.000,Miguel,recording,switch_hand,19,-0.021317,7.519900,4.745740,0.628552,-0.694244,-0.045845
459759880.000,Miguel,recording,switch_hand,19,0.095708,7.374819,4.083076,0.645391,-0.808327,-0.045669
459759890.000,Miguel,recording,switch_hand,19,-0.213593,6.928363,3.667658,0.617310,-0.998674,0.022435
459759900.000,Miguel,recording,switch_hand,19,-0.195988,6.769116,3.369632,0.521523,-1.168928,0.209993
459759910.000,Miguel,recording,switch_hand,19,1.947966,7.282473,3.406846,0.218777,-0.893613,0.572065
459759920.000,Miguel,recording,switch_hand,19,3.785500,7.491618,3.545115,-0.364909,-0.122441,0.875296
459759930.000,Miguel,recording,switch_hand,19,1.713138,7.287165,3.588661,-0.980895,0.545153,0.846540
459759940.000,Miguel,recording,switch_hand,19,-0.053924,7.767118,4.676710,-1.288018,0.896311,0.678994
459759950.000,Miguel,recording,switch_hand,19,-1.646688,8.032758,3.784065,-1.367512,1.075808,0.681545
459759960.000,Miguel,recording,switch_hand,19,-2.698233,7.940096,2.360388,-1.518854,1.166109,0.873728
459759970.000,Miguel,recording,switch_hand,19,-2.383974,7.760103,1.760993,-1.860084,1.292531,1.136917
459759980.000,Miguel,recording,switch_hand,19,-1.517796,6.903064,2.814029,-2.363355,1.568971,1.405452
459759990.000,Miguel,recording,switch_hand,19,-0.565450,5.331962,3.942206,-2.909128,1.897374,1.644029
459760000.000,Miguel,recording,switch_hand,19,0.365272,4.678189,5.008492,-3.334580,2.052264,1.810712
459760010.000,Miguel,recording,switch_hand,19,1.079714,4.089395,6.062376,-3.570287,1.974381,1.860840
459760020.000,Miguel,recording,switch_hand,19,2.027674,3.671973,7.420907,-3.672219,1.673764,1.788855
459760030.000,Miguel,recording,switch_hand,19,2.644963,3.649690,8.759946,-3.652222,1.132510,1.628648
459760040.000,Miguel,recording,switch_hand,19,2.663308,4.081881,10.301467,-3.474604,0.436798,1.435655
459760050.000,Miguel,recording,switch_hand,19,2.538572,4.343002,11.816049,-3.106184,-0.240032,1.252519
459760060.000,Miguel,recording,switch_hand,19,2.322300,4.406364,12.633707,-2.566148,-0.764726,1.096651
459760070.000,Miguel,recording,switch_hand,19,2.154552,4.295525,12.769041,-1.926525,-1.039312,0.970110
459760080.000,Miguel,recording,switch_hand,19,2.228907,4.216017,12.539323,-1.270600,-0.998552,0.862781
459760090.000,Miguel,recording,switch_hand,19,2.441648,4.259306,12.429240,-0.632220,-0.669628,0.753610
459760100.000,Miguel,recording,switch_hand,19,2.736381,4.409161,12.046609,-0.039769,-0.223096,0.630503
459760110.000,Miguel,recording,switch_hand,19,2.959232,4.632723,11.453122,0.463501,0.202985,0.497121
459760120.000,Miguel,recording,switch_hand,19,3.008458,4.762971,10.622430,0.849242,0.575742,0.362137
459760130.000,Miguel,recording,switch_hand,19,2.917901,4.883944,9.664495,1.091217,0.854970,0.240188
459760140.000,Miguel,recording,switch_hand,19,2.796352,5.053195,8.815909,1.183454,1.005639,0.139231
459760150.000,Miguel,recording,switch_hand,19,2.650657,5.253805,8.131948,1.142660,1.020338,0.055606
459760160.000,Miguel,recording,switch_hand,19,2.487059,5.454498,7.621553,1.000735,0.917286,-0.014809
459760170.000,Miguel,recording,switch_hand,19,2.239864,5.601093,7.265457,0.792565,0.733926,-0.070997
459760180.000,Miguel,recording,switch_hand,19,1.938442,5.711655,7.106511,0.549546,0.512892,-0.109157
459760190.000,Miguel,recording,switch_hand,19,1.587544,5.756765,7.176446,0.304366,0.292558,-0.126257
459760200.000,Miguel,recording,switch_hand,19,1.275030,5.753695,7.416022,0.091927,0.106476,-0.119422
459760210.000,Miguel,recording,switch_hand,19,1.033370,5.702884,7.831324,-0.059251,-0.018216,-0.090267
459760220.000,Miguel,recording,switch_hand,19,0.863411,5.623358,8.338103,-0.126610,-0.057809,-0.044391
459760230.000,Miguel,recording,switch_hand,19,0.852062,5.551872,8.869245,-0.097986,-0.003159,0.014349
459760240.000,Miguel,recording,switch_hand,19,0.967840,5.465125,9.259034,0.017949,0.124955,0.079376
459760250.000,Miguel,recording,switch_hand,19,1.222903,5.420422,9.422411,0.196363,0.289198,0.134913
459760260.000,Miguel,recording,switch_hand,19,1.490958,5.341780,9.303024,0.396062,0.454968,0.166787
459760270.000,Miguel,recording,switch_hand,19,1.661940,5.262739,8.843024,0.562880,0.583312,0.174680
459760280.000,Miguel,recording,switch_hand,19,1.806064,5.203824,8.308390,0.657608,0.643293,0.161662
459760290.000,Miguel,recording,switch_hand,19,1.926229,5.136051,7.896463,0.671554,0.629833,0.126690
459760300.000,Miguel,recording,switch_hand,19,2.063846,5.048659,7.713671,0.618710,0.545589,0.067173
459760310.000,Miguel,recording,switch_hand,19,2.218066,5.038888,7.765983,0.530523,0.401792,-0.015800
459760320.000,Miguel,recording,switch_hand,19,2.309357,5.120123,7.978634,0.443382,0.231620,-0.113310
459760330.000,Miguel,recording,switch_hand,19,2.306734,5.240539,8.174432,0.380111,0.071468,-0.209895
459760340.000,Miguel,recording,switch_hand,19,2.251803,5.334648,8.241054,0.345736,-0.060029,-0.292932
459760350.000,Miguel,recording,switch_hand,19,2.152994,5.408498,8.193916,0.333483,-0.154893,-0.360004
459760360.000,Miguel,recording,switch_hand,19,2.062348,5.482498,8.139495,0.333970,-0.207270,-0.414146
459760370.000,Miguel,recording,switch_hand,19,1.956608,5.535254,8.088793,0.341758,-0.218524,-0.456526
459760380.000,Miguel,recording,switch_hand,19,1.850716,5.590367,8.122173,0.362441,-0.194699,-0.490344
459760390.000,Miguel,recording,switch_hand,19,1.773089,5.668289,8.194243,0.402231,-0.133995,-0.518584
459760400.000,Miguel,recording,switch_hand,19,1.656015,5.764973,8.262384,0.458655,-0.040613,-0.536843
459760410.000,Miguel,recording,switch_hand,19,1.602435,5.878695,8.265870,0.526076,0.061600,-0.542097
459760420.000,Miguel,recording,switch_hand,19,1.573579,5.984130,8.235302,0.592824,0.154629,-0.538319
459760430.000,Miguel,recording,switch_hand,19,1.542194,6.106057,8.175504,0.648214,0.232087,-0.533194
459760440.000,Miguel,recording,switch_hand,19,1.436433,6.133349,8.103625,0.689361,0.285565,-0.529664
459760450.000,Miguel,recording,switch_hand,19,1.316142,6.151304,7.996711,0.716349,0.308204,-0.526367
459760460.000,Miguel,recording,switch_hand,19,1.236688,6.155495,7.901695,0.731754,0.301417,-0.525798
459760470.000,Miguel,recording,switch_hand,19,1.266489,6.236970,7.825494,0.738973,0.271562,-0.532942
459760480.000,Miguel,recording,switch_hand,19,1.361142,6.385983,7.687775,0.737574,0.224517,-0.552773
459760490.000,Miguel,recording,switch_hand,19,1.455749,6.555142,7.502372,0.717386,0.165672,-0.587428
459760500.000,Miguel,recording,switch_hand,19,1.566828,6.667402,7.286920,0.668846,0.096121,-0.638981
459760510.000,Miguel,recording,switch_hand,19,1.599661,6.812213,7.249856,0.600988,0.024483,-0.715345
459760520.000,Miguel,recording,switch_hand,19,1.396137,6.859673,7.360190,0.530267,-0.023454,-0.812038
459760530.000,Miguel,recording,switch_hand,19,0.949815,6.892978,7.652904,0.476116,-0.039449,-0.903209
459760540.000,Miguel,recording,switch_hand,19,0.430508,6.898778,7.960201,0.459944,-0.043018,-0.963788
459760550.000,Miguel,recording,switch_hand,19,-0.058717,6.859900,8.271377,0.490298,-0.044451,-0.982061
459760560.000,Miguel,recording,switch_hand,19,-0.365942,6.787420,8.430800,0.563025,-0.038853,-0.960233
459760570.000,Miguel,recording,switch_hand,19,-0.572292,6.654856,8.418227,0.669178,-0.020044,-0.910018
459760580.000,Miguel,recording,switch_hand,19,-0.647246,6.537077,8.188359,0.793985,0.017649,-0.844872
459760590.000,Miguel,recording,switch_hand,19,-0.598476,6.419901,7.770574,0.916545,0.077949,-0.778880
459760600.000,Miguel,recording,switch_hand,19,-0.330313,6.414279,7.228611,1.018900,0.155535,-0.724568
459760610.000,Miguel,recording,switch_hand,19,0.466506,6.504663,6.583589,1.091928,0.244972,-0.698221
459760620.000,Miguel,recording,switch_hand,19,1.678258,6.584124,5.885543,1.134838,0.353641,-0.722109
459760630.000,Miguel,recording,switch_hand,19,3.184275,6.194550,5.046992,1.142108,0.477450,-0.799382
459760640.000,Miguel,recording,switch_hand,19,4.227319,5.732037,4.351134,1.153403,0.673432,-0.960630
459760650.000,Miguel,recording,switch_hand,19,4.267527,5.276549,3.667698,1.194869,1.027623,-1.226749
459760660.000,Miguel,recording,switch_hand,19,3.705938,4.697503,3.367076,1.265653,1.476534,-1.538986
459760670.000,Miguel,recording,switch_hand,19,3.542188,3.408009,3.559216,1.413979,1.822556,-1.821222
459760680.000,Miguel,recording,switch_hand,19,2.804880,3.292834,2.966337,1.458977,1.841769,-2.108789
459760690.000,Miguel,recording,switch_hand,19,-1.049869,7.206581,-0.938013,0.783715,0.988953,-2.556280
459760700.000,Miguel,recording,switch_hand,19,-5.121070,9.446852,-0.835703,-0.367737,-0.147108,-2.942718
459760710.000,Miguel,recording,switch_hand,19,-9.091745,8.430317,2.811618,-1.098710,-0.324310,-2.906135
459760720.000,Miguel,recording,switch_hand,19,-12.191059,9.434423,3.490615,-1.371805,-0.080322,-2.520316
459760730.000,Miguel,recording,switch_hand,19,-9.954549,8.576835,2.662047,-1.531277,-0.202830,-2.061893
459760740.000,Miguel,recording,switch_hand,19,-7.008502,6.174897,2.810485,-1.681644,-0.501975,-1.732299
459760750.000,Miguel,recording,switch_hand,19,-5.859220,4.551917,3.632698,-1.779033,-0.689484,-1.520410
459760760.000,Miguel,recording,switch_hand,19,-5.547418,3.924040,4.918345,-1.817896,-0.802215,-1.273736
459760770.000,Miguel,recording,switch_hand,19,-5.559961,2.632893,5.374128,-1.846046,-0.948381,-0.907814
459760780.000,Miguel,recording,switch_hand,19,-5.674969,2.538993,6.342559,-1.865573,-1.119930,-0.436030
459760790.000,Miguel,recording,switch_hand,19,-5.686766,2.779113,7.939272,-1.799950,-1.278813,0.098333
459760800.000,Miguel,recording,switch_hand,19,-5.109640,3.356580,9.816281,-1.606814,-1.365419,0.624346
459760810.000,Miguel,recording,switch_hand,19,-3.808045,4.227769,10.800786,-1.266657,-1.391162,1.064223
459760820.000,Miguel,recording,switch_hand,19,-2.557352,4.797678,11.665084,-0.806825,-1.420632,1.339326
459760830.000,Miguel,recording,switch_hand,19,-1.626813,5.505544,11.901722,-0.293679,-1.442287,1.413955
459760840.000,Miguel,recording,switch_hand,19,-0.934145,6.222015,11.984551,0.218367,-1.448341,1.309203
459760850.000,Miguel,recording,switch_hand,19,-0.732737,6.851779,11.503054,0.671028,-1.427981,1.079917
459760860.000,Miguel,recording,switch_hand,19,-0.713332,7.239190,10.622901,1.000246,-1.331304,0.801343
459760870.000,Miguel,recording,switch_hand,19,-0.858598,7.368438,9.369551,1.155467,-1.142089,0.538780
459760880.000,Miguel,recording,switch_hand,19,-1.005497,7.289499,8.328207,1.132627,-0.883707,0.329166
459760890.000,Miguel,recording,switch_hand,19,-1.183670,7.197238,7.578759,0.976193,-0.600294,0.178749
459760900.000,Miguel,recording,switch_hand,19,-1.411664,7.177354,7.212578,0.755914,-0.331926,0.080577
459760910.000,Miguel,recording,switch_hand,19,-1.680346,7.166672,7.111270,0.534243,-0.116198,0.025382
459760920.000,Miguel,recording,switch_hand,19,-1.952674,7.206283,7.236989,0.355267,0.013578,0.003755
459760930.000,Miguel,recording,switch_hand,19,-2.142068,7.258786,7.429983,0.243587,0.044568,0.007256
459760940.000,Miguel,recording,switch_hand,19,-2.218761,7.238861,7.595882,0.205299,-0.014025,0.030637
459760950.000,Miguel,recording,switch_hand,19,-2.173812,7.158982,7.677449,0.233071,-0.146211,0.067199
459760960.000,Miguel,recording,switch_hand,19,-2.033055,7.028829,7.646273,0.304151,-0.321251,0.108307
459760970.000,Miguel,recording,switch_hand,19,-1.864478,6.866409,7.548549,0.391828,-0.501492,0.149341
459760980.000,Miguel,recording,switch_hand,19,-1.695093,6.778370,7.414585,0.476783,-0.661900,0.187064
459760990.000,Miguel,recording,switch_hand,19,-1.585907,6.739636,7.245123,0.546791,-0.785665,0.220902
459761000.000,Miguel,recording,switch_hand,19,-1.491740,6.718532,7.098766,0.597100,-0.866012,0.250066
459761010.000,Miguel,recording,switch_hand,19,-1.426273,6.706674,6.957244,0.624804,-0.905378,0.271349
459761020.000,Miguel,recording,switch_hand,19,-1.354126,6.693256,6.780438,0.625072,-0.911715,0.283039
459761030.000,Miguel,recording,switch_hand,19,-1.304505,6.700612,6.644259,0.594463,-0.892881,0.289540
459761040.000,Miguel,recording,switch_hand,19,-1.252770,6.736157,6.573043,0.538998,-0.852377,0.298464
459761050.000,Miguel,recording,switch_hand,19,-1.203628,6.755200,6.577069,0.472618,-0.796198,0.312912
459761060.000,Miguel,recording,switch_hand,19,-1.070743,6.771248,6.667918,0.408346,-0.736593,0.330619
459761070.000,Miguel,recording,switch_hand,19,-0.825529,6.771909,6.821918,0.355448,-0.679745,0.344269
459761080.000,Miguel,recording,switch_hand,19,-0.543785,6.778035,6.958689,0.317603,-0.616506,0.346707
459761090.000,Miguel,recording,switch_hand,19,-0.396585,6.774865,7.039540,0.293126,-0.537237,0.337324
459761100.000,Miguel,recording,switch_hand,19,-0.353191,6.813684,7.059809,0.278793,-0.451137,0.322224
459761110.000,Miguel,recording,switch_hand,19,-0.331074,6.856826,7.045757,0.268175,-0.374441,0.307510
459761120.000,Miguel,recording,switch_hand,19,-0.323460,6.863551,7.019146,0.256079,-0.315908,0.298702
459761130.000,Miguel,recording,switch_hand,19,-0.371235,6.809216,7.039625,0.245198,-0.270965,0.301464
459761140.000,Miguel,recording,switch_hand,19,-0.439765,6.820937,7.091774,0.242760,-0.231404,0.319618
459761150.000,Miguel,recording,switch_hand,19,-0.469665,6.823669,7.173114,0.254916,-0.201483,0.352919
459761160.000,Miguel,recording,switch_hand,19,-0.391481,6.849444,7.250035,0.284130,-0.187238,0.392445
459761170.000,Miguel,recording,switch_hand,19,-0.217407,6.834443,7.256543,0.327611,-0.186208,0.425974
459761180.000,Miguel,recording,switch_hand,19,-0.039434,6.837484,7.170808,0.378232,-0.192270,0.447695
459761190.000,Miguel,recording,switch_hand,19,0.036863,6.899844,7.065054,0.429916,-0.202566,0.459294
459761200.000,Miguel,recording,switch_hand,19,0.038715,7.001448,6.895400,0.476939,-0.218260,0.465081
459761210.000,Miguel,recording,switch_hand,19,0.039684,7.090232,6.722575,0.514248,-0.241801,0.469410
459761220.000,Miguel,recording,switch_hand,19,0.024726,7.164862,6.558583,0.541789,-0.271280,0.474900
459761230.000,Miguel,recording,switch_hand,19,0.044077,7.206170,6.400635,0.559545,-0.298101,0.479982
459761240.000,Miguel,recording,switch_hand,19,0.051991,7.239085,6.222984,0.563784,-0.311703,0.481885
459761250.000,Miguel,recording,switch_hand,19,0.057095,7.311813,6.035435,0.551331,-0.309875,0.481316
459761260.000,Miguel,recording,switch_hand,19,0.016170,7.420787,5.909419,0.522558,-0.299925,0.477868
459761270.000,Miguel,recording,switch_hand,19,-0.278846,7.589498,5.865634,0.484174,-0.299594,0.476172
459761280.000,Miguel,recording,switch_hand,19,-0.872412,7.810603,6.002195,0.452509,-0.341271,0.493444
459761290.000,Miguel,recording,switch_hand,19,-1.622118,7.974102,6.203861,0.451383,-0.472026,0.537904
459761300.000,Miguel,recording,switch_hand,19,-2.180365,8.079001,6.452296,0.512488,-0.748401,0.599793
459761310.000,Miguel,recording,switch_hand,19,-2.571319,7.773707,6.678753,0.649719,-1.142346,0.643347
459761320.000,Miguel,recording,switch_hand,19,-2.279435,7.385680,6.745199,0.863835,-1.563927,0.651196
459761330.000,Miguel,recording,switch_hand,19,-1.436818,7.987625,6.368225,1.120808,-2.004594,0.606183
459761340.000,Miguel,recording,switch_hand,19,-1.901302,8.110398,5.722510,1.361957,-2.442721,0.474700
459761350.000,Miguel,recording,switch_hand,19,-3.570663,6.813566,5.040832,1.608163,-2.865213,0.308904
459761360.000,Miguel,recording,switch_hand,19,-5.402074,6.501482,4.353488,1.868634,-3.470284,0.237075
459761370.000,Miguel,recording,switch_hand,19,-5.749358,5.217675,3.067093,1.982544,-4.313648,0.383043
459761380.000,Miguel,recording,switch_hand,19,-3.809607,2.442485,-0.538418,1.495874,-4.395619,0.981698
459761390.000,Miguel,recording,switch_hand,19,0.292190,1.674213,-5.796590,-0.063964,-2.271691,2.358978
459761400.000,Miguel,recording,switch_hand,19,8.457363,2.434809,1.363461,-1.762826,0.489870,3.752344
459761410.000,Miguel,recording,switch_hand,19,11.256074,3.380058,1.862081,-2.787863,1.970790,4.318043
459761420.000,Miguel,recording,switch_hand,19,7.346463,5.308847,4.104860,-3.324864,2.494144,4.163455
459761430.000,Miguel,recording,switch_hand,19,12.533877,9.361642,9.381165,-3.033961,2.205885,3.589804
459761440.000,Miguel,recording,switch_hand,19,14.278890,12.036284,13.521938,-1.881774,1.327024,2.875964
459761450.000,Miguel,recording,switch_hand,19,11.875168,10.259187,12.498984,-0.537054,0.389851,2.142600
459761460.000,Miguel,recording,switch_hand,19,8.398741,6.781797,8.088418,0.272079,-0.150246,1.592334
459761470.000,Miguel,recording,switch_hand,19,6.525166,5.037423,6.479763,0.519992,-0.329818,1.246454
459761480.000,Miguel,recording,switch_hand,19,5.232255,4.739884,6.190146,0.583743,-0.255685,0.984435
459761490.000,Miguel,recording,switch_hand,19,4.723661,4.438406,5.579970,0.563536,0.050326,0.756002
459761500.000,Miguel,recording,switch_hand,19,5.877933,4.905587,5.218374,0.485374,0.436345,0.501382
459761510.000,Miguel,recording,switch_hand,19,7.381466,5.632726,5.835834,0.462269,0.806743,0.140175
459761520.000,Miguel,recording,switch_hand,19,8.234989,6.248824,6.479603,0.574914,1.115108,-0.308499
459761530.000,Miguel,recording,switch_hand,19,8.064425,6.699007,6.760647,0.804106,1.347791,-0.753163
459761540.000,Miguel,recording,switch_hand,19,7.157605,6.867024,6.487948,1.070457,1.539208,-1.126222
459761550.000,Miguel,recording,switch_hand,19,5.876140,7.005154,5.935312,1.291384,1.703949,-1.382299
459761560.000,Miguel,recording,switch_hand,19,4.452473,7.353348,5.352287,1.410820,1.825995,-1.498398
459761570.000,Miguel,recording,switch_hand,19,3.087359,7.838217,4.927471,1.411898,1.869564,-1.467867
459761580.000,Miguel,recording,switch_hand,19,1.942961,8.173523,4.710247,1.311027,1.803568,-1.303316
459761590.000,Miguel,recording,switch_hand,20,1.082986,8.125665,4.427701,1.129567,1.619281,-1.038819
459761600.000,Miguel,recording,switch_hand,20,0.744771,7.946681,4.136631,0.872236,1.332555,-0.718036
459761610.000,Miguel,recording,switch_hand,20,0.961945,7.809594,3.981039,0.536388,0.951407,-0.381696
459761620.000,Miguel,recording,switch_hand,20,1.444223,7.767612,4.000667,0.133214,0.459426,-0.051636
459761630.000,Miguel,recording,switch_hand,20,1.942761,7.625208,4.182139,-0.313156,-0.148226,0.248954
459761640.000,Miguel,recording,switch_hand,20,2.369481,7.257102,4.416640,-0.771724,-0.829663,0.484038
459761650.000,Miguel,recording,switch_hand,20,2.827852,6.719988,4.607230,-1.207453,-1.495900,0.640331
459761660.000,Miguel,recording,switch_hand,20,3.375541,6.320671,4.831608,-1.585519,-2.046595,0.732238
459761670.000,Miguel,recording,switch_hand,20,4.041318,6.233315,5.281828,-1.861623,-2.400952,0.776245
459761680.000,Miguel,recording,switch_hand,20,4.890490,6.414151,6.210893,-1.974728,-2.505730,0.768490
459761690.000,Miguel,recording,switch_hand,20,5.650592,6.635404,7.364366,-1.874059,-2.352883,0.698297
459761700.000,Miguel,recording,switch_hand,20,6.096585,6.595091,8.143322,-1.563534,-1.989119,0.568339
459761710.000,Miguel,recording,switch_hand,20,6.271044,6.428050,8.375359,-1.110578,-1.486691,0.386498
459761720.000,Miguel,recording,switch_hand,20,6.192666,6.230458,8.098508,-0.612188,-0.916438,0.162420
459761730.000,Miguel,recording,switch_hand,20,5.921502,6.110422,7.445105,-0.158440,-0.344732,-0.084212
459761740.000,Miguel,recording,switch_hand,20,5.451581,6.030703,6.560490,0.191182,0.177650,-0.324964
459761750.000,Miguel,recording,switch_hand,20,5.027323,6.188656,5.840755,0.416358,0.619147,-0.538709
459761760.000,Miguel,recording,switch_hand,20,4.540972,6.418886,5.338896,0.524952,0.964327,-0.709287
459761770.000,Miguel,recording,switch_hand,20,3.980634,6.697396,5.039034,0.537754,1.212780,-0.822244
459761780.000,Miguel,recording,switch_hand,20,3.398701,6.912141,4.876377,0.477773,1.363660,-0.875795
459761790.000,Miguel,recording,switch_hand,20,2.821339,7.048582,4.708859,0.357241,1.418289,-0.874788
459761800.000,Miguel,recording,switch_hand,20,2.307759,7.104259,4.566501,0.191056,1.398870,-0.828525
459761810.000,Miguel,recording,switch_hand,20,1.846847,7.154541,4.540335,-0.001636,1.336184,-0.750166
459761820.000,Miguel,recording,switch_hand,20,1.469939,7.133651,4.735133,-0.205530,1.245515,-0.649480
459761830.000,Miguel,recording,switch_hand,20,1.232593,7.124792,5.114248,-0.395204,1.131434,-0.533594
459761840.000,Miguel,recording,switch_hand,20,1.121165,7.125949,5.676301,-0.540657,1.002265,-0.410063
459761850.000,Miguel,recording,switch_hand,20,1.088798,7.012693,6.182143,-0.624337,0.874677,-0.286169
459761860.000,Miguel,recording,switch_hand,20,1.139372,6.828342,6.588611,-0.647536,0.768854,-0.170124
459761870.000,Miguel,recording,switch_hand,20,1.296608,6.672231,6.782872,-0.623428,0.698463,-0.073063
459761880.000,Miguel,recording,switch_hand,20,1.586165,6.533833,6.828048,-0.571053,0.667044,-0.008131
459761890.000,Miguel,recording,switch_hand,20,1.881088,6.455427,6.827177,-0.507112,0.672220,0.013978
459761900.000,Miguel,recording,switch_hand,20,2.034540,6.470670,6.950109,-0.435122,0.707883,-0.004761
459761910.000,Miguel,recording,switch_hand,20,1.990579,6.538524,7.095101,-0.349448,0.761607,-0.052131
459761920.000,Miguel,recording,switch_hand,20,1.924476,6.555742,7.282435,-0.245024,0.818560,-0.112561
459761930.000,Miguel,recording,switch_hand,20,1.880582,6.573881,7.367194,-0.122730,0.869257,-0.168886
459761940.000,Miguel,recording,switch_hand,20,1.826305,6.544389,7.222991,0.000906,0.915453,-0.209110
459761950.000,Miguel,recording,switch_hand,20,1.748436,6.566918,6.951698,0.099867,0.962391,-0.230500
459761960.000,Miguel,recording,switch_hand,20,1.690130,6.635685,6.582844,0.151088,1.006838,-0.233593
459761970.000,Miguel,recording,switch_hand,20,1.628781,6.723128,6.261349,0.141754,1.039801,-0.220902
459761980.000,Miguel,recording,switch_hand,20,1.579567,6.766969,6.069532,0.075020,1.044759,-0.203018
459761990.000,Miguel,recording,switch_hand,20,1.467646,6.764105,5.976139,-0.039081,1.003871,-0.191678
459762000.000,Miguel,recording,switch_hand,20,1.388299,6.688244,5.996541,-0.189935,0.912885,-0.194457
459762010.000,Miguel,recording,switch_hand,20,1.380251,6.554224,6.073790,-0.367366,0.781312,-0.217778
459762020.000,Miguel,recording,switch_hand,20,1.512404,6.469006,6.305412,-0.552966,0.632318,-0.263130
459762030.000,Miguel,recording,switch_hand,20,1.576289,6.466815,6.800693,-0.708859,0.493879,-0.325071
459762040.000,Miguel,recording,switch_hand,20,1.484272,6.539479,7.623545,-0.794088,0.399488,-0.389094
459762050.000,Miguel,recording,switch_hand,20,1.527881,6.489472,8.023422,-0.786341,0.408387,-0.438707
459762060.000,Miguel,recording,switch_hand,20,1.685735,5.990753,8.282509,-0.688604,0.521247,-0.474458
459762070.000,Miguel,recording,switch_hand,20,1.640087,6.006716,8.573745,-0.517520,0.685287,-0.519774
459762080.000,Miguel,recording,switch_hand,20,1.466987,6.479644,8.500481,-0.334866,0.832087,-0.581312
459762090.000,Miguel,recording,switch_hand,20,1.392443,6.624873,8.087791,-0.203049,0.914576,-0.633601
459762100.000,Miguel,recording,switch_hand,20,1.384406,6.674174,7.783662,-0.116761,0.975708,-0.665870
459762110.000,Miguel,recording,switch_hand,20,1.407560,6.650875,7.769775,-0.052757,1.065544,-0.695427
459762120.000,Miguel,recording,switch_hand,20,1.321125,6.467615,7.684696,-0.008459,1.174255,-0.738455
459762130.000,Miguel,recording,switch_hand,20,1.285348,6.324612,7.535333,0.004955,1.270642,-0.794884
459762140.000,Miguel,recording,switch_hand,20,1.229815,6.111331,7.440045,-0.013603,1.355295,-0.860162
459762150.000,Miguel,recording,switch_hand,20,1.206677,5.855969,7.282518,-0.054207,1.459480,-0.941855
459762160.000,Miguel,recording,switch_hand,20,1.373532,5.881711,6.956354,-0.126870,1.628385,-1.058962
459762170.000,Miguel,recording,switch_hand,20,1.427265,5.948209,6.623808,-0.258820,1.873870,-1.201188
459762180.000,Miguel,recording,switch_hand,20,0.946382,6.161978,6.850708,-0.432797,2.151520,-1.328217
459762190.000,Miguel,recording,switch_hand,20,0.339663,6.783415,7.462666,-0.600079,2.449412,-1.425090
459762200.000,Miguel,recording,switch_hand,20,-0.053302,7.030979,7.603009,-0.739155,2.793366,-1.497435
459762210.000,Miguel,recording,switch_hand,20,-0.215967,6.825972,6.866299,-0.861006,3.134670,-1.557011
459762220.000,Miguel,recording,switch_hand,20,-0.440374,6.011890,5.897396,-0.993708,3.365710,-1.612881
459762230.000,Miguel,recording,switch_hand,20,-0.868499,4.360949,5.300165,-1.144083,3.449355,-1.639943
459762240.000,Miguel,recording,switch_hand,20,-2.108880,3.962710,6.191674,-1.271884,3.438156,-1.587617
459762250.000,Miguel,recording,switch_hand,20,-3.508704,3.973170,7.238083,-1.336343,3.324318,-1.431187
459762260.000,Miguel,recording,switch_hand,20,-4.775014,4.032202,8.071031,-1.330700,2.999117,-1.199113
459762270.000,Miguel,recording,switch_hand,20,-5.533189,4.223800,8.753022,-1.251487,2.399466,-0.951978
459762280.000,Miguel,recording,switch_hand,20,-5.873366,4.892398,9.087191,-1.097247,1.611428,-0.752806
459762290.000,Miguel,recording,switch_hand,20,-6.181804,5.514948,8.600721,-0.915833,0.867380,-0.624438
459762300.000,Miguel,recording,switch_hand,20,-6.495091,6.407263,7.992921,-0.643304,0.447124,-0.496627
459762310.000,Miguel,recording,switch_hand,20,-6.231682,6.576867,7.874019,-0.222108,0.192998,-0.300818
459762320.000,Miguel,recording,switch_hand,20,-5.281579,5.640605,6.389410,0.179015,-0.318380,-0.098879
459762330.000,Miguel,recording,switch_hand,20,-5.246081,5.017238,6.868179,0.461484,-1.115275,0.067050
459762340.000,Miguel,recording,switch_hand,20,-5.263019,4.969637,6.982592,0.671088,-1.926758,0.242679
459762350.000,Miguel,recording,switch_hand,20,-5.218742,4.865034,7.448167,0.841868,-2.568354,0.444026
459762360.000,Miguel,recording,switch_hand,20,-4.917996,4.761594,7.824414,0.969162,-2.996436,0.643595
459762370.000,Miguel,recording,switch_hand,20,-4.624837,4.727986,8.163315,1.040406,-3.172309,0.820156
459762380.000,Miguel,recording,switch_hand,20,-4.216911,4.992975,8.405885,1.058908,-3.085151,0.968497
459762390.000,Miguel,recording,switch_hand,20,-3.715620,5.322802,8.488750,1.028688,-2.780121,1.077405
459762400.000,Miguel,recording,switch_hand,20,-3.132764,5.666506,8.503332,0.951014,-2.344553,1.134481
459762410.000,Miguel,recording,switch_hand,20,-2.540506,6.029831,8.459703,0.836537,-1.858902,1.133884
459762420.000,Miguel,recording,switch_hand,20,-2.018766,6.327592,8.471463,0.709077,-1.377232,1.080853
459762430.000,Miguel,recording,switch_hand,20,-1.567850,6.530290,8.500701,0.593908,-0.938739,0.986486
459762440.000,Miguel,recording,switch_hand,20,-1.255587,6.638575,8.550806,0.512082,-0.571454,0.863520
459762450.000,Miguel,recording,switch_hand,20,-1.065475,6.675479,8.550665,0.476400,-0.294151,0.725749
459762460.000,Miguel,recording,switch_hand,20,-1.014179,6.695867,8.450964,0.483766,-0.120316,0.588438
459762470.000,Miguel,recording,switch_hand,20,-1.059051,6.654524,8.217383,0.516727,-0.043281,0.463733
459762480.000,Miguel,recording,switch_hand,20,-1.149318,6.602110,7.915475,0.555195,-0.038353,0.362686
459762490.000,Miguel,recording,switch_hand,20,-1.247953,6.515400,7.646995,0.592675,-0.093113,0.299631
459762500.000,Miguel,recording,switch_hand,20,-1.299358,6.533013,7.380813,0.624970,-0.203088,0.265592
459762510.000,Miguel,recording,switch_hand,20,-1.340104,6.558665,7.197643,0.653659,-0.346201,0.243545
459762520.000,Miguel,recording,switch_hand,20,-1.382259,6.632563,7.048541,0.686765,-0.499255,0.231170
459762530.000,Miguel,recording,switch_hand,20,-1.399405,6.663803,6.864971,0.717742,-0.651750,0.224739
459762540.000,Miguel,recording,switch_hand,20,-1.360543,6.653431,6.696053,0.735553,-0.794220,0.221764
459762550.000,Miguel,recording,switch_hand,20,-1.292977,6.647228,6.503333,0.731381,-0.909405,0.221909
459762560.000,Miguel,recording,switch_hand,20,-1.198359,6.657449,6.411791,0.703351,-0.982796,0.225396
459762570.000,Miguel,recording,switch_hand,20,-1.067293,6.669983,6.427518,0.657507,-1.012431,0.231438
459762580.000,Miguel,recording,switch_hand,20,-0.870071,6.653492,6.501182,0.603837,-1.004330,0.237154
459762590.000,Miguel,recording,switch_hand,20,-0.652616,6.617849,6.583538,0.552733,-0.964692,0.238222
459762600.000,Miguel,recording,switch_hand,20,-0.502445,6.586749,6.637578,0.509065,-0.903135,0.234781
459762610.000,Miguel,recording,switch_hand,20,-0.435578,6.629147,6.659596,0.468573,-0.831138,0.231339
459762620.000,Miguel,recording,switch_hand,20,-0.375662,6.658142,6.711399,0.426066,-0.752721,0.232481
459762630.000,Miguel,recording,switch_hand,20,-0.301365,6.693164,6.741843,0.381343,-0.666621,0.240004
459762640.000,Miguel,recording,switch_hand,20,-0.224617,6.743421,6.807278,0.340485,-0.578997,0.250187
459762650.000,Miguel,recording,switch_hand,20,-0.165916,6.769229,6.863836,0.310363,-0.496517,0.259033
459762660.000,Miguel,recording,switch_hand,20,-0.108705,6.797032,6.927179,0.293408,-0.421896,0.265393
459762670.000,Miguel,recording,switch_hand,20,-0.015119,6.852366,6.908575,0.288445,-0.361062,0.268192
459762680.000,Miguel,recording,switch_hand,20,0.014240,6.895756,6.879008,0.291717,-0.317647,0.266175
459762690.000,Miguel,recording,switch_hand,20,0.030691,6.959987,6.837331,0.299467,-0.295610,0.262377
459762700.000,Miguel,recording,switch_hand,20,0.083062,6.982227,6.776383,0.309674,-0.297532,0.257931
459762710.000,Miguel,recording,switch_hand,20,0.169554,7.026371,6.743023,0.321134,-0.318453,0.249446
459762720.000,Miguel,recording,switch_hand,20,0.249392,7.024477,6.711581,0.331105,-0.344649,0.235857
459762730.000,Miguel,recording,switch_hand,20,0.299574,7.026771,6.643206,0.336581,-0.361232,0.219342
459762740.000,Miguel,recording,switch_hand,20,0.329201,7.025869,6.575683,0.335453,-0.366517,0.205629
459762750.000,Miguel,recording,switch_hand,20,0.334309,7.022434,6.519721,0.326084,-0.368232,0.197896
459762760.000,Miguel,recording,switch_hand,20,0.302644,7.019585,6.500880,0.312788,-0.371058,0.196152
459762770.000,Miguel,recording,switch_hand,20,0.279214,7.011016,6.542536,0.305059,-0.375638,0.199024
459762780.000,Miguel,recording,switch_hand,20,0.287097,7.004905,6.566895,0.307021,-0.382528,0.204799
459762790.000,Miguel,recording,switch_hand,20,0.289809,6.980281,6.519966,0.316086,-0.391647,0.214961
459762800.000,Miguel,recording,switch_hand,20,0.265878,6.975173,6.457937,0.327218,-0.401327,0.231733
459762810.000,Miguel,recording,switch_hand,20,0.293498,7.017266,6.383528,0.332903,-0.408547,0.256226
459762820.000,Miguel,recording,switch_hand,20,0.409138,7.049034,6.312152,0.329260,-0.407774,0.286037
459762830.000,Miguel,recording,switch_hand,20,0.583459,7.030746,6.263626,0.317281,-0.394669,0.313648
459762840.000,Miguel,recording,switch_hand,20,0.710217,6.987520,6.235960,0.300141,-0.373381,0.333937
459762850.000,Miguel,recording,switch_hand,20,0.817094,6.992908,6.259108,0.282084,-0.351273,0.347244
459762860.000,Miguel,recording,switch_hand,20,0.893467,7.030645,6.289174,0.269038,-0.331151,0.354194
459762870.000,Miguel,recording,switch_hand,20,0.955154,7.065207,6.314915,0.264362,-0.313763,0.354881
459762880.000,Miguel,recording,switch_hand,20,1.014787,7.076446,6.318718,0.266664,-0.303052,0.350187
459762890.000,Miguel,recording,switch_hand,20,1.040251,7.094687,6.326923,0.275297,-0.301764,0.342463
459762900.000,Miguel,recording,switch_hand,20,1.107784,7.094798,6.257037,0.286676,-0.304887,0.333861
459762910.000,Miguel,recording,switch_hand,20,1.228852,7.094108,6.160553,0.296821,-0.308480,0.321797
459762920.000,Miguel,recording,switch_hand,20,1.302504,7.097911,6.081263,0.301929,-0.316413,0.302588
459762930.000,Miguel,recording,switch_hand,20,1.279610,7.111335,6.042519,0.301087,-0.329808,0.283214
459762940.000,Miguel,recording,switch_hand,20,1.216092,7.149490,6.047192,0.299640,-0.346123,0.273306
459762950.000,Miguel,recording,switch_hand,20,1.116630,7.150298,6.060259,0.301918,-0.366282,0.276640
459762960.000,Miguel,recording,switch_hand,20,1.079147,7.147834,6.094954,0.307552,-0.390642,0.291913
459762970.000,Miguel,recording,switch_hand,20,1.082987,7.125922,6.147238,0.316246,-0.414863,0.313535
459762980.000,Miguel,recording,switch_hand,20,1.123010,7.077751,6.169660,0.327586,-0.426336,0.337427
459762990.000,Miguel,recording,switch_hand,20,1.207538,7.064382,6.147248,0.337635,-0.416780,0.362112
459763000.000,Miguel,recording,switch_hand,20,1.250122,7.054146,6.123303,0.344270,-0.391317,0.388070
459763010.000,Miguel,recording,switch_hand,20,1.252857,7.074112,6.067153,0.348582,-0.359537,0.416699
459763020.000,Miguel,recording,switch_hand,20,1.303834,7.110940,6.016325,0.354693,-0.330394,0.445289
459763030.000,Miguel,recording,switch_hand,20,1.435519,7.144050,5.932646,0.366963,-0.314582,0.465042
459763040.000,Miguel,recording,switch_hand,20,1.554861,7.181088,5.770034,0.380663,-0.318108,0.465931
459763050.000,Miguel,recording,switch_hand,20,1.674354,7.347189,5.575151,0.388721,-0.339308,0.438372
459763060.000,Miguel,recording,switch_hand,20,1.603897,7.483564,5.342407,0.389043,-0.374398,0.370037
459763070.000,Miguel,recording,switch_hand,20,0.645455,7.418935,5.307385,0.396217,-0.418068,0.275556
459763080.000,Miguel,recording,switch_hand,20,-0.690940,7.507188,5.387345,0.446576,-0.530118,0.228171
459763090.000,Miguel,recording,switch_hand,20,-1.416003,8.418762,5.076534,0.533264,-0.802223,0.278431
459763100.000,Miguel,recording,switch_hand,20,-2.821933,8.048459,4.563123,0.583517,-1.200186,0.435475
459763110.000,Miguel,recording,switch_hand,20,-0.695731,7.183622,3.660866,0.459264,-1.381912,0.880135
459763120.000,Miguel,recording,switch_hand,20,8.891681,8.025162,2.532686,0.033449,-0.952217,1.449685
459763130.000,Miguel,recording,switch_hand,20,8.510805,7.898690,3.665729,-0.415630,-0.344643,1.499626
459763140.000,Miguel,recording,switch_hand,20,8.686399,7.542965,3.464039,-0.596698,0.026997,1.111567
459763150.000,Miguel,recording,switch_hand,20,5.210120,6.726349,2.705133,-0.695306,0.371178,0.832502
459763160.000,Miguel,recording,switch_hand,20,3.522416,6.884113,1.288263,-0.972080,0.743645,0.763584
459763170.000,Miguel,recording,switch_hand,20,2.346805,6.627408,0.875950,-1.499143,0.988093,0.797008
459763180.000,Miguel,recording,switch_hand,20,1.448961,6.214868,2.763650,-2.162625,0.910304,0.886162
459763190.000,Miguel,recording,switch_hand,20,1.455185,5.608826,4.626505,-2.629502,0.653332,0.981735
459763200.000,Miguel,recording,switch_hand,20,2.620276,5.431825,6.535476,-2.766999,0.403870,0.985461
459763210.000,Miguel,recording,switch_hand,20,3.136540,5.815398,6.593784,-2.704805,0.312416,0.870892
459763220.000,Miguel,recording,switch_hand,20,3.100038,6.235769,6.870410,-2.589910,0.419936,0.728293
459763230.000,Miguel,recording,switch_hand,20,3.323427,6.241042,7.186156,-2.560355,0.562059,0.638223
459763240.000,Miguel,recording,switch_hand,20,2.890730,6.096078,7.845801,-2.550057,0.632803,0.604390
459763250.000,Miguel,recording,switch_hand,20,2.695129,5.931549,7.735055,-2.464189,0.542336,0.617816
459763260.000,Miguel,recording,switch_hand,20,3.153909,5.724920,8.976640,-2.298743,0.372235,0.645841
459763270.000,Miguel,recording,switch_hand,20,3.343891,5.454529,10.017285,-2.066111,0.251239,0.656608
459763280.000,Miguel,recording,switch_hand,20,3.303122,5.127438,10.707412,-1.771296,0.160894,0.659129
459763290.000,Miguel,recording,switch_hand,20,2.867238,5.126215,10.912269,-1.430729,0.082730,0.672029
459763300.000,Miguel,recording,switch_hand,20,2.859717,4.991930,11.066064,-1.054787,0.066817,0.679548
459763310.000,Miguel,recording,switch_hand,20,3.131086,4.845829,11.162986,-0.654346,0.135297,0.648626
459763320.000,Miguel,recording,switch_hand,20,3.644845,4.749550,10.767349,-0.262135,0.274716,0.558682
459763330.000,Miguel,recording,switch_hand,20,4.181513,4.729349,10.405111,0.090861,0.472801,0.403084
459763340.000,Miguel,recording,switch_hand,20,4.514911,4.767867,10.036356,0.397721,0.708951,0.193152
459763350.000,Miguel,recording,switch_hand,20,4.573331,4.771264,9.780801,0.665101,0.948119,-0.045441
459763360.000,Miguel,recording,switch_hand,20,4.423746,4.812438,9.499699,0.896237,1.152768,-0.285843
459763370.000,Miguel,recording,switch_hand,20,4.097409,4.907242,9.157866,1.083391,1.302571,-0.500100
459763380.000,Miguel,recording,switch_hand,20,3.660875,5.069912,8.761435,1.212612,1.387481,-0.666569
459763390.000,Miguel,recording,switch_hand,20,3.199006,5.230954,8.327003,1.273612,1.405118,-0.778221
459763400.000,Miguel,recording,switch_hand,20,2.771083,5.364505,7.953623,1.267376,1.362613,-0.839773
459763410.000,Miguel,recording,switch_hand,20,2.376250,5.482210,7.665429,1.203697,1.272190,-0.862631
459763420.000,Miguel,recording,switch_hand,20,1.964920,5.617368,7.532652,1.098846,1.148931,-0.857065
459763430.000,Miguel,recording,switch_hand,20,1.644311,5.704367,7.551220,0.975684,1.009945,-0.833499
459763440.000,Miguel,recording,switch_hand,20,1.500134,5.785468,7.724023,0.863679,0.875739,-0.799705
459763450.000,Miguel,recording,switch_hand,20,1.431894,5.910618,7.951397,0.787922,0.760252,-0.756718
459763460.000,Miguel,recording,switch_hand,20,1.334414,6.048946,8.110355,0.757610,0.663826,-0.703619
459763470.000,Miguel,recording,switch_hand,20,1.210743,6.094894,8.116880,0.765928,0.578530,-0.640352
459763480.000,Miguel,recording,switch_hand,20,1.151926,6.082482,7.946440,0.788738,0.489491,-0.571965
459763490.000,Miguel,recording,switch_hand,20,1.217653,6.015399,7.618587,0.798587,0.394089,-0.513502
459763500.000,Miguel,recording,switch_hand,20,1.309796,6.013796,7.281378,0.783037,0.302986,-0.477441
459763510.000,Miguel,recording,switch_hand,20,1.343647,6.062894,7.070049,0.745432,0.224642,-0.464005
459763520.000,Miguel,recording,switch_hand,20,1.383927,6.136785,6.988620,0.699124,0.169751,-0.468836
459763530.000,Miguel,recording,switch_hand,20,1.476302,6.239047,6.968705,0.660340,0.143883,-0.483935
459763540.000,Miguel,recording,switch_hand,20,1.564638,6.274693,6.981445,0.640869,0.150179,-0.507756
459763550.000,Miguel,recording,switch_hand,20,1.654839,6.328728,7.108604,0.649440,0.194304,-0.546028
459763560.000,Miguel,recording,switch_hand,20,1.621225,6.409119,7.235196,0.688431,0.264751,-0.591934
459763570.000,Miguel,recording,switch_hand,20,1.423025,6.460892,7.221583,0.744239,0.335905,-0.629269
459763580.000,Miguel,recording,switch_hand,20,1.094169,6.536446,7.079912,0.792405,0.386865,-0.644845
459763590.000,Miguel,recording,switch_hand,20,0.687778,6.624627,6.830175,0.807474,0.398680,-0.629788
459763600.000,Miguel,recording,switch_hand,20,0.381298,6.749719,6.522040,0.774716,0.363011,-0.585810
459763610.000,Miguel,recording,switch_hand,20,0.196868,6.835174,6.280646,0.696814,0.289724,-0.527237
459763620.000,Miguel,recording,switch_hand,20,0.190810,6.888514,6.138400,0.589829,0.200476,-0.470842
459763630.000,Miguel,recording,switch_hand,20,0.329053,6.862683,6.080913,0.474580,0.120808,-0.427774
459763640.000,Miguel,recording,switch_hand,20,0.542216,6.875833,6.137740,0.372844,0.072719,-0.404198
459763650.000,Miguel,recording,switch_hand,20,0.774429,6.877857,6.265453,0.299411,0.063933,-0.399235
459763660.000,Miguel,recording,switch_hand,20,0.874726,6.869478,6.453781,0.257066,0.084755,-0.405743
459763670.000,Miguel,recording,switch_hand,20,0.880548,6.920401,6.585496,0.242347,0.118225,-0.416629
459763680.000,Miguel,recording,switch_hand,20,0.776269,6.928723,6.668381,0.244387,0.149257,-0.427669
459763690.000,Miguel,recording,switch_hand,20,0.586652,6.934853,6.669143,0.251854,0.167705,-0.436689
459763700.000,Miguel,recording,switch_hand,20,0.500683,6.948893,6.665716,0.258521,0.173908,-0.443257
459763710.000,Miguel,recording,switch_hand,20,0.508448,6.993294,6.678247,0.265659,0.183549,-0.454546
459763720.000,Miguel,recording,switch_hand,20,0.646642,7.007058,6.750962,0.282285,0.218991,-0.482448
459763730.000,Miguel,recording,switch_hand,20,0.801459,7.027587,6.841777,0.313645,0.290159,-0.530414
459763740.000,Miguel,recording,switch_hand,20,0.974745,7.075404,6.901811,0.358076,0.386359,-0.588535
459763750.000,Miguel,recording,switch_hand,20,1.155488,7.167146,6.937453,0.406599,0.489558,-0.647200
459763760.000,Miguel,recording,switch_hand,20,1.606404,7.293308,6.896139,0.446253,0.596918,-0.711707
459763770.000,Miguel,recording,switch_hand,20,2.559870,7.317552,6.768786,0.469216,0.724807,-0.806380
459763780.000,Miguel,recording,switch_hand,20,3.642579,7.380888,6.727314,0.477730,0.897077,-0.959608
459763790.000,Miguel,recording,switch_hand,20,4.758832,7.231968,6.699833,0.466198,1.110378,-1.220383
459763800.000,Miguel,recording,switch_hand,20,5.953631,6.541163,6.277100,0.359404,1.241761,-1.766238
459763810.000,Miguel,recording,switch_hand,20,7.052905,4.895501,6.055591,0.155241,1.296391,-2.637084
459763820.000,Miguel,recording,switch_hand,20,4.494791,4.584240,7.275559,0.121328,1.450929,-3.444017
459763830.000,Miguel,recording,switch_hand,20,1.613530,5.002484,7.691201,0.410672,1.773699,-3.923499
459763840.000,Miguel,recording,switch_hand,20,-0.977813,5.854074,7.095357,0.820976,2.279660,-4.148428
459763850.000,Miguel,recording,switch_hand,20,-2.281698,5.038729,5.209409,1.116894,2.817530,-4.200575
459763860.000,Miguel,recording,switch_hand,20,-3.259208,5.734185,4.017000,1.231187,3.115453,-4.173447
459763870.000,Miguel,recording,switch_hand,20,-3.599369,6.909851,3.687036,1.247279,2.959933,-4.194892
459763880.000,Miguel,recording,switch_hand,20,-5.674998,6.750167,2.485785,1.216991,2.462501,-4.289501
459763890.000,Miguel,recording,switch_hand,20,-12.879327,6.156944,-2.780560,0.977208,2.138322,-4.228186
459763900.000,Miguel,recording,switch_hand,20,-13.470784,5.467533,-3.420697,0.378924,1.730538,-3.831811
459763910.000,Miguel,recording,switch_hand,20,-10.441553,4.399006,-2.639529,-0.515982,0.808764,-3.261309
459763920.000,Miguel,recording,switch_hand,20,-7.883647,3.662732,-2.251223,-1.564323,-0.231755,-2.769528
459763930.000,Miguel,recording,switch_hand,20,-6.099145,3.536794,-0.855058,-2.596410,-1.057730,-2.457160
459763940.000,Miguel,recording,switch_hand,20,-5.247278,3.683983,1.827375,-3.484021,-1.743587,-2.280742
459763950.000,Miguel,recording,switch_hand,20,-5.739182,3.496996,2.895740,-4.261640,-2.522752,-2.146069
459763960.000,Miguel,recording,switch_hand,20,-4.978107,2.127187,4.152237,-4.996461,-3.338552,-2.020517
459763970.000,Miguel,recording,switch_hand,20,-4.074289,1.647449,6.076562,-5.558099,-4.078477,-1.892734
459763980.000,Miguel,recording,switch_hand,20,-4.255152,2.107692,7.271377,-5.839858,-4.750230,-1.715292
459763990.000,Miguel,recording,switch_hand,20,-4.829361,1.179298,9.069130,-5.883565,-5.156927,-1.507604
459764000.000,Miguel,recording,switch_hand,20,-4.890527,1.017634,10.770044,-5.703214,-5.138790,-1.296976
459764010.000,Miguel,recording,switch_hand,20,-4.162898,1.873121,11.355340,-5.307245,-4.879132,-1.046735
459764020.000,Miguel,recording,switch_hand,20,-5.182705,1.438450,13.821278,-4.746151,-4.513113,-0.727259
459764030.000,Miguel,recording,switch_hand,20,-4.425149,0.976182,14.227499,-4.088532,-3.981758,-0.354078
459764040.000,Miguel,recording,switch_hand,20,-3.584960,0.175097,14.449185,-3.379424,-3.277939,0.038314
459764050.000,Miguel,recording,switch_hand,20,-2.888563,-0.446806,14.500672,-2.674684,-2.485554,0.410788
459764060.000,Miguel,recording,switch_hand,20,-2.350072,-0.888956,14.036533,-2.024924,-1.692361,0.730633
459764070.000,Miguel,recording,switch_hand,20,-1.955989,-0.929373,13.652988,-1.424792,-0.920659,0.952138
459764080.000,Miguel,recording,switch_hand,20,-1.373383,-1.083567,13.336158,-0.841949,-0.229280,0.942596
459764090.000,Miguel,recording,switch_hand,20,-0.688033,-0.294641,13.410613,-0.273997,0.200645,0.594505
459764100.000,Miguel,recording,switch_hand,20,-1.717334,1.544057,13.002789,0.221519,0.228977,0.089306
459764110.000,Miguel,recording,switch_hand,20,-3.337926,2.496362,12.081808,0.611597,-0.008176,-0.252685
459764120.000,Miguel,recording,switch_hand,20,-3.687426,1.877797,10.908439,0.901481,-0.307557,-0.356462
459764130.000,Miguel,recording,switch_hand,20,-2.954703,0.679070,10.198573,1.101029,-0.623251,-0.352900
459764140.000,Miguel,recording,switch_hand,20,-2.551876,0.128730,10.184933,1.237636,-0.950639,-0.339199
459764150.000,Miguel,recording,switch_hand,20,-2.781580,0.257280,10.536966,1.345185,-1.229519,-0.320758
459764160.000,Miguel,recording,switch_hand,20,-2.950996,0.584448,10.713781,1.442066,-1.388558,-0.280626
459764170.000,Miguel,recording,switch_hand,20,-2.940835,0.658445,10.872726,1.539678,-1.388952,-0.217302
459764180.000,Miguel,recording,switch_hand,20,-2.831154,0.531851,11.127468,1.656128,-1.233971,-0.139590
459764190.000,Miguel,recording,switch_hand,20,-2.722988,0.384643,11.252453,1.797693,-0.986654,-0.050929
459764200.000,Miguel,recording,switch_hand,20,-2.576616,0.332268,11.099511,1.946096,-0.741583,0.050608
459764210.000,Miguel,recording,switch_hand,20,-2.409726,0.442320,10.732958,2.073506,-0.563844,0.166765
459764220.000,Miguel,recording,switch_hand,20,-2.350578,0.699458,10.284541,2.159484,-0.472487,0.296974
459764230.000,Miguel,recording,switch_hand,20,-2.417746,0.952463,9.895636,2.196926,-0.461651,0.436893
459764240.000,Miguel,recording,switch_hand,20,-2.369349,1.156875,9.606749,2.192008,-0.508635,0.580597
459764250.000,Miguel,recording,switch_hand,20,-2.150037,1.381215,9.329506,2.158092,-0.576957,0.721366
459764260.000,Miguel,recording,switch_hand,20,-1.945767,1.570011,9.029663,2.102262,-0.643849,0.852397
459764270.000,Miguel,recording,switch_hand,20,-1.687841,1.759873,8.744405,2.031956,-0.704966,0.966539
459764280.000,Miguel,recording,switch_hand,20,-1.488078,2.000175,8.569195,1.960243,-0.768913,1.061424
459764290.000,Miguel,recording,switch_hand,20,-1.398302,2.317227,8.624325,1.905242,-0.841951,1.138283
459764300.000,Miguel,recording,switch_hand,20,-1.265931,2.655422,8.813704,1.886754,-0.915533,1.196101
459764310.000,Miguel,recording,switch_hand,20,-1.195839,2.962651,9.011123,1.917313,-0.981816,1.236091
459764320.000,Miguel,recording,switch_hand,20,-1.191368,3.218198,9.013892,1.990070,-1.043556,1.260300
459764330.000,Miguel,recording,switch_hand,20,-1.138601,3.441775,8.772819,2.074504,-1.101908,1.270024
459764340.000,Miguel,recording,switch_hand,20,-1.150647,3.713301,8.393817,2.140280,-1.157572,1.268600
459764350.000,Miguel,recording,switch_hand,20,-1.274131,3.970786,8.094927,2.175293,-1.206757,1.262886
459764360.000,Miguel,recording,switch_hand,20,-1.495149,4.104598,7.967236,2.178496,-1.229776,1.269066
459764370.000,Miguel,recording,switch_hand,20,-1.856423,4.012381,7.948969,2.160007,-1.220297,1.311238
459764380.000,Miguel,recording,switch_hand,20,-2.185252,3.856149,8.002763,2.146242,-1.210026,1.404670
459764390.000,Miguel,recording,switch_hand,20,-2.386326,3.917288,7.841830,2.173825,-1.270056,1.547018
459764400.000,Miguel,recording,switch_hand,20,-2.447054,4.083959,7.330633,2.239792,-1.478438,1.719737
459764410.000,Miguel,recording,switch_hand,20,-2.819840,3.891657,6.544528,2.235588,-1.736183,1.978987
459764420.000,Miguel,recording,switch_hand,20,1.964686,4.781607,5.283440,1.903887,-1.659840,2.571868
459764430.000,Miguel,recording,switch_hand,20,18.405954,8.717546,4.272031,1.362569,-1.882574,2.719061
459764440.000,Miguel,recording,switch_hand,20,18.979661,12.150209,3.527416,1.068329,-2.377220,1.650479
459764450.000,Miguel,recording,switch_hand,20,5.466866,10.167668,7.297682,1.175564,-2.179016,0.607692
459764460.000,Miguel,recording,switch_hand,20,-4.053122,6.633024,7.457135,1.471138,-1.776496,0.541763
459764470.000,Miguel,recording,switch_hand,20,-3.434294,5.043512,6.236599,1.587527,-1.524611,0.957194
459764480.000,Miguel,recording,switch_hand,20,-0.080412,4.726877,3.531975,1.351040,-1.143756,1.340560
459764490.000,Miguel,recording,switch_hand,20,2.776345,4.691074,0.917013,0.826162,-0.681683,1.566165
459764500.000,Miguel,recording,switch_hand,20,5.715832,5.107338,-0.184171,0.126926,-0.262880,1.641138
459764510.000,Miguel,recording,switch_hand,20,6.709053,4.519553,-0.937168,-0.693936,0.255783,1.560651
459764520.000,Miguel,recording,switch_hand,20,6.087781,4.375215,0.499271,-1.611527,0.867770,1.333054
459764530.000,Miguel,recording,switch_hand,20,4.432164,5.073556,6.863153,-2.414271,1.121429,1.082716
459764540.000,Miguel,recording,switch_hand,20,2.818668,5.825081,12.422836,-2.537449,0.781328,0.961013
459764550.000,Miguel,recording,switch_hand,20,2.945494,7.013610,15.409457,-1.752708,0.447691,0.901103
459764560.000,Miguel,recording,switch_hand,20,3.702771,6.416650,13.867020,-0.646095,0.472970,0.776891
459764570.000,Miguel,recording,switch_hand,20,2.917318,5.463680,11.998456,0.193330,0.439316,0.675985
459764580.000,Miguel,recording,switch_hand,20,3.104580,5.135639,10.177934,0.710924,0.262947,0.669475
459764590.000,Miguel,recording,switch_hand,20,3.878677,4.905994,8.346690,0.999878,0.145538,0.663448
459764600.000,Miguel,recording,switch_hand,20,4.826280,4.735757,7.825023,1.097279,0.057985,0.582884
459764610.000,Miguel,recording,switch_hand,20,4.584276,5.226866,8.223113,1.104034,-0.049216,0.464534
459764620.000,Miguel,recording,switch_hand,20,3.923652,5.632842,8.700486,1.122986,-0.169867,0.371599