timestamp_ms,user_name,phase,action_label,segment_index,acc_x,acc_y,acc_z,gyro_x,gyro_y,gyro_z
478997670.000,Miguel,recording,knock_twice_left,1,-0.550514,7.691577,5.611139,0.328366,-0.220494,-0.066238
478997680.000,Miguel,recording,knock_twice_left,1,-0.377079,7.882366,5.138304,0.310984,-0.337317,-0.060097
478997690.000,Miguel,recording,knock_twice_left,1,-0.200679,7.978706,4.917126,0.217178,-0.419708,-0.059809
478997700.000,Miguel,recording,knock_twice_left,1,-0.072684,7.979702,5.036166,0.069432,-0.455985,-0.063906
478997710.000,Miguel,recording,knock_twice_left,1,0.100214,7.942818,5.335703,-0.093352,-0.449939,-0.080114
478997720.000,Miguel,recording,knock_twice_left,1,0.264602,7.793467,5.693238,-0.237726,-0.400210,-0.121884
478997730.000,Miguel,recording,knock_twice_left,1,0.388735,7.539131,5.972364,-0.345525,-0.302142,-0.186709
478997740.000,Miguel,recording,knock_twice_left,1,0.424925,7.778115,6.363322,-0.403872,-0.180920,-0.251298
478997750.000,Miguel,recording,knock_twice_left,1,0.588932,7.784968,6.665512,-0.418284,-0.071790,-0.311158
478997760.000,Miguel,recording,knock_twice_left,1,0.716526,7.743980,7.016678,-0.400187,0.028288,-0.381321
478997770.000,Miguel,recording,knock_twice_left,1,0.641645,7.688477,7.336673,-0.343180,0.142070,-0.460941
478997780.000,Miguel,recording,knock_twice_left,1,0.264742,7.412410,7.563533,-0.244902,0.259085,-0.532909
478997790.000,Miguel,recording,knock_twice_left,1,-0.327947,6.975385,7.629745,-0.121838,0.326516,-0.569545
478997800.000,Miguel,recording,knock_twice_left,1,-0.714524,7.077551,7.575985,-0.001466,0.316311,-0.545716
478997810.000,Miguel,recording,knock_twice_left,1,-1.188998,7.342550,7.527046,0.098795,0.293294,-0.463755
478997820.000,Miguel,recording,knock_twice_left,1,-1.177960,7.266401,7.500399,0.181042,0.341269,-0.357495
478997830.000,Miguel,recording,knock_twice_left,1,-1.192399,6.818731,7.175618,0.244256,0.446090,-0.268205
478997840.000,Miguel,recording,knock_twice_left,1,-1.349147,6.702526,6.660346,0.276993,0.531233,-0.206800
478997850.000,Miguel,recording,knock_twice_left,1,-1.762700,6.884243,6.356782,0.278450,0.551174,-0.153294
478997860.000,Miguel,recording,knock_twice_left,1,-2.068323,7.048844,6.106655,0.261755,0.515304,-0.097140
478997870.000,Miguel,recording,knock_twice_left,1,-2.166945,7.184743,6.001058,0.243590,0.461625,-0.051927
478997880.000,Miguel,recording,knock_twice_left,1,-2.173835,7.154021,6.143932,0.236506,0.416535,-0.029135
478997890.000,Miguel,recording,knock_twice_left,1,-2.093556,7.018817,6.268446,0.239186,0.378884,-0.022390
478997900.000,Miguel,recording,knock_twice_left,1,-1.860034,6.863316,6.429012,0.241111,0.354336,-0.022521
478997910.000,Miguel,recording,knock_twice_left,1,-1.602681,6.835262,6.502015,0.237906,0.353168,-0.027106
478997920.000,Miguel,recording,knock_twice_left,1,-1.475273,6.936295,6.471873,0.238253,0.362615,-0.034452
478997930.000,Miguel,recording,knock_twice_left,1,-1.472517,7.187833,6.498668,0.245696,0.374499,-0.037295
478997940.000,Miguel,recording,knock_twice_left,1,-1.465310,7.411079,6.319606,0.242150,0.406407,-0.027538
478997950.000,Miguel,recording,knock_twice_left,1,-1.401875,7.527454,6.183467,0.218862,0.468554,-0.005819
478997960.000,Miguel,recording,knock_twice_left,1,-1.483429,7.520938,6.114414,0.179452,0.543380,0.021833
478997970.000,Miguel,recording,knock_twice_left,1,-1.566534,7.514660,5.919368,0.116199,0.612123,0.047465
478997980.000,Miguel,recording,knock_twice_left,1,-1.278768,7.758237,5.766735,0.026161,0.651275,0.054065
478997990.000,Miguel,recording,knock_twice_left,1,-0.947549,7.887161,5.597849,-0.075205,0.630174,0.022538
478998000.000,Miguel,recording,knock_twice_left,1,-0.731015,7.811129,5.441522,-0.165614,0.533013,-0.051233
478998010.000,Miguel,recording,knock_twice_left,1,-0.619876,7.687356,5.276951,-0.227138,0.347151,-0.157282
478998020.000,Miguel,recording,knock_twice_left,1,-0.723364,7.651251,5.543204,-0.242320,0.065830,-0.282077
478998030.000,Miguel,recording,knock_twice_left,1,-0.958712,7.581487,6.062077,-0.199928,-0.263802,-0.407475
478998040.000,Miguel,recording,knock_twice_left,1,-1.230110,7.527004,6.694889,-0.106182,-0.539698,-0.508417
478998050.000,Miguel,recording,knock_twice_left,1,-1.510275,7.315934,6.988616,0.012239,-0.683734,-0.564179
478998060.000,Miguel,recording,knock_twice_left,1,-1.750697,6.917413,6.954239,0.105676,-0.696126,-0.561560
478998070.000,Miguel,recording,knock_twice_left,1,-2.305389,6.450797,6.519653,0.122785,-0.615513,-0.478850
478998080.000,Miguel,recording,knock_twice_left,1,-2.990850,6.367822,6.050826,0.066147,-0.483480,-0.311011
478998090.000,Miguel,recording,knock_twice_left,1,-3.006358,6.482231,5.953465,-0.020311,-0.375434,-0.103868
478998100.000,Miguel,recording,knock_twice_left,1,-2.874501,6.725761,5.650994,-0.108329,-0.344328,0.092593
478998110.000,Miguel,recording,knock_twice_left,1,-2.643297,6.898422,5.535625,-0.186629,-0.361392,0.259443
478998120.000,Miguel,recording,knock_twice_left,1,-2.461415,7.087806,5.524934,-0.241343,-0.373074,0.385314
478998130.000,Miguel,recording,knock_twice_left,1,-2.138355,7.306158,5.929152,-0.251340,-0.339130,0.464144
478998140.000,Miguel,recording,knock_twice_left,1,-1.864156,7.359743,6.314726,-0.215408,-0.245283,0.512909
478998150.000,Miguel,recording,knock_twice_left,1,-1.626243,7.354155,6.584605,-0.152649,-0.114039,0.554025
478998160.000,Miguel,recording,knock_twice_left,1,-1.624632,7.336547,6.823323,-0.072710,0.022996,0.599632
478998170.000,Miguel,recording,knock_twice_left,1,-1.769327,7.320478,6.861223,0.021564,0.141843,0.650639
478998180.000,Miguel,recording,knock_twice_left,1,-1.271323,7.212862,6.722885,0.120114,0.218749,0.684697
478998190.000,Miguel,recording,knock_twice_left,1,-0.953790,7.016797,6.657760,0.210159,0.249399,0.679450
478998200.000,Miguel,recording,knock_twice_left,1,-0.517397,6.886813,6.674870,0.284418,0.256496,0.632868
478998210.000,Miguel,recording,knock_twice_left,1,-0.354714,6.948339,6.725580,0.346055,0.263050,0.547329
478998220.000,Miguel,recording,knock_twice_left,1,-0.387799,7.028732,6.719804,0.397630,0.271443,0.429938
478998230.000,Miguel,recording,knock_twice_left,1,-0.674654,7.295187,6.746237,0.433476,0.272781,0.304047
478998240.000,Miguel,recording,knock_twice_left,1,-1.048046,7.612010,6.648652,0.445913,0.258973,0.198134
478998250.000,Miguel,recording,knock_twice_left,1,-1.374831,7.732722,6.351836,0.426999,0.218819,0.125331
478998260.000,Miguel,recording,knock_twice_left,1,-1.366849,7.409950,6.068681,0.386629,0.143310,0.079434
478998270.000,Miguel,recording,knock_twice_left,1,-1.398442,7.403520,5.803682,0.342886,0.039984,0.052456
478998280.000,Miguel,recording,knock_twice_left,1,-1.408969,7.538952,5.736384,0.303339,-0.069227,0.040017
478998290.000,Miguel,recording,knock_twice_left,1,-1.360442,7.448850,5.754391,0.276382,-0.166101,0.030386
478998300.000,Miguel,recording,knock_twice_left,1,-1.383879,7.403152,5.755800,0.263708,-0.238430,0.017429
478998310.000,Miguel,recording,knock_twice_left,1,-1.514242,7.494976,5.667194,0.250987,-0.271093,0.007604
478998320.000,Miguel,recording,knock_twice_left,1,-1.618334,7.685140,5.605490,0.226168,-0.261595,0.004544
478998330.000,Miguel,recording,knock_twice_left,1,-1.576868,7.722907,5.635613,0.192317,-0.235461,0.004295
478998340.000,Miguel,recording,knock_twice_left,1,-1.397147,7.722382,5.612337,0.152695,-0.228622,-0.000091
478998350.000,Miguel,recording,knock_twice_left,1,-1.184051,7.646676,5.558775,0.104099,-0.257143,-0.011773
478998360.000,Miguel,recording,knock_twice_left,1,-0.983107,7.660991,5.587363,0.048304,-0.307066,-0.027856
478998370.000,Miguel,recording,knock_twice_left,1,-0.767648,7.690241,5.694756,-0.006018,-0.348606,-0.046190
478998380.000,Miguel,recording,knock_twice_left,1,-0.572026,7.737584,5.740104,-0.052827,-0.360806,-0.068290
478998390.000,Miguel,recording,knock_twice_left,1,-0.538385,7.802659,5.712703,-0.098157,-0.350065,-0.091699
478998400.000,Miguel,recording,knock_twice_left,1,-0.560392,7.902787,5.641695,-0.152694,-0.337349,-0.107788
478998410.000,Miguel,recording,knock_twice_left,1,-0.653104,7.922046,5.739218,-0.214315,-0.333196,-0.109728
478998420.000,Miguel,recording,knock_twice_left,1,-0.683154,7.823509,5.960185,-0.264989,-0.336477,-0.099787
478998430.000,Miguel,recording,knock_twice_left,1,-0.663881,7.716231,6.244852,-0.288950,-0.349952,-0.085947
478998440.000,Miguel,recording,knock_twice_left,1,-0.737374,7.682619,6.463387,-0.280461,-0.376025,-0.071402
478998450.000,Miguel,recording,knock_twice_left,1,-0.745804,7.673914,6.672213,-0.239575,-0.398703,-0.056212
478998460.000,Miguel,recording,knock_twice_left,1,-0.744278,7.639219,6.743708,-0.176813,-0.399983,-0.042368
478998470.000,Miguel,recording,knock_twice_left,1,-0.722265,7.602227,6.702554,-0.109194,-0.377981,-0.028292
478998480.000,Miguel,recording,knock_twice_left,1,-0.690059,7.545494,6.551653,-0.048633,-0.340452,-0.012625
478998490.000,Miguel,recording,knock_twice_left,1,-0.640336,7.574824,6.407680,-0.002205,-0.301062,0.002082
478998500.000,Miguel,recording,knock_twice_left,1,-0.583745,7.584378,6.314171,0.027276,-0.267865,0.013936
478998510.000,Miguel,recording,knock_twice_left,1,-0.558175,7.566673,6.190800,0.042326,-0.239510,0.021805
478998520.000,Miguel,recording,knock_twice_left,1,-0.548727,7.537408,6.147407,0.047892,-0.218617,0.026516
478998530.000,Miguel,recording,knock_twice_left,1,-0.606568,7.617981,6.132662,0.050391,-0.207148,0.032330
478998540.000,Miguel,recording,knock_twice_left,1,-0.677360,7.647846,6.167175,0.055987,-0.196840,0.043140
478998550.000,Miguel,recording,knock_twice_left,1,-0.707527,7.649507,6.221351,0.068089,-0.184050,0.057714
478998560.000,Miguel,recording,knock_twice_left,1,-0.641605,7.575934,6.183126,0.082877,-0.172090,0.072836
478998570.000,Miguel,recording,knock_twice_left,1,-0.575033,7.501799,6.028267,0.091197,-0.157439,0.086613
478998580.000,Miguel,recording,knock_twice_left,1,-0.492275,7.523475,5.936643,0.087802,-0.134601,0.098609
478998590.000,Miguel,recording,knock_twice_left,1,-0.484236,7.553114,5.879458,0.075920,-0.101404,0.108547
478998600.000,Miguel,recording,knock_twice_left,1,-0.434652,7.604388,5.892537,0.061344,-0.056015,0.115007
478998610.000,Miguel,recording,knock_twice_left,1,-0.428257,7.662553,5.820308,0.044132,-0.003768,0.118390
478998620.000,Miguel,recording,knock_twice_left,1,-0.414381,7.686028,5.692390,0.018047,0.037328,0.120712
478998630.000,Miguel,recording,knock_twice_left,1,-0.422867,7.681874,5.660688,-0.016641,0.050088,0.120477
478998640.000,Miguel,recording,knock_twice_left,1,-0.497123,7.665424,5.880274,-0.043485,0.037057,0.114703
478998650.000,Miguel,recording,knock_twice_left,1,-0.624864,7.593975,6.074822,-0.048427,0.018565,0.106979
478998660.000,Miguel,recording,knock_twice_left,1,-0.737764,7.498524,6.177329,-0.030837,0.012715,0.102453
478998670.000,Miguel,recording,knock_twice_left,1,-0.875436,7.580371,6.374492,0.005185,0.030322,0.100256
478998680.000,Miguel,recording,knock_twice_left,1,-1.051538,7.797759,6.554464,0.049120,0.072598,0.099953
478998690.000,Miguel,recording,knock_twice_left,1,-1.122155,7.764367,6.565936,0.089311,0.119022,0.105930
478998700.000,Miguel,recording,knock_twice_left,1,-1.075718,7.580153,6.600528,0.125830,0.152445,0.120470
478998710.000,Miguel,recording,knock_twice_left,1,-0.775610,7.517020,6.319266,0.149047,0.173594,0.132252
478998720.000,Miguel,recording,knock_twice_left,1,-0.271439,7.393986,5.825184,0.131087,0.182918,0.115429
478998730.000,Miguel,recording,knock_twice_left,1,0.027165,7.403107,5.300059,0.072278,0.183833,0.059436
478998740.000,Miguel,recording,knock_twice_left,1,-0.027976,7.703107,5.521872,0.024451,0.188492,-0.013443
478998750.000,Miguel,recording,knock_twice_left,1,-0.339925,8.136518,5.556175,0.021454,0.204389,-0.074535
478998760.000,Miguel,recording,knock_twice_left,1,-0.716997,8.285885,5.614037,0.039237,0.218543,-0.105307
478998770.000,Miguel,recording,knock_twice_left,1,-0.903195,8.318263,5.762979,0.023635,0.169261,-0.095767
478998780.000,Miguel,recording,knock_twice_left,1,-1.520618,8.594525,5.885297,-0.081832,-0.031375,-0.047237
478998790.000,Miguel,recording,knock_twice_left,1,-1.894981,8.594705,5.987360,-0.276967,-0.366837,0.022670
478998800.000,Miguel,recording,knock_twice_left,1,-2.009399,8.447139,6.319911,-0.501227,-0.715887,0.097123
478998810.000,Miguel,recording,knock_twice_left,1,-2.059374,8.221322,6.830057,-0.685666,-0.999946,0.177182
478998820.000,Miguel,recording,knock_twice_left,1,-1.801869,8.157612,7.420004,-0.781645,-1.203372,0.255982
478998830.000,Miguel,recording,knock_twice_left,1,-1.434333,8.144791,7.920187,-0.777836,-1.310749,0.316212
478998840.000,Miguel,recording,knock_twice_left,1,-1.173227,8.069473,8.079218,-0.690982,-1.306862,0.353641
478998850.000,Miguel,recording,knock_twice_left,1,-0.930342,7.935541,8.133081,-0.537643,-1.199821,0.377513
478998860.000,Miguel,recording,knock_twice_left,1,-0.721397,7.825736,8.065361,-0.328667,-1.005369,0.399297
478998870.000,Miguel,recording,knock_twice_left,1,-0.488657,7.761385,7.792894,-0.084643,-0.726466,0.423240
478998880.000,Miguel,recording,knock_twice_left,1,-0.215623,7.777148,7.423057,0.159547,-0.371143,0.445613
478998890.000,Miguel,recording,knock_twice_left,1,0.028014,7.757594,7.069819,0.372851,0.016989,0.459188
478998900.000,Miguel,recording,knock_twice_left,1,0.139474,7.711858,6.664051,0.538395,0.366210,0.460148
478998910.000,Miguel,recording,knock_twice_left,1,0.135623,7.481150,6.359809,0.648737,0.617072,0.447012
478998920.000,Miguel,recording,knock_twice_left,1,0.067858,7.259026,6.096713,0.704098,0.753258,0.420051
478998930.000,Miguel,recording,knock_twice_left,1,-0.040634,7.140831,6.003336,0.716729,0.794748,0.382569
478998940.000,Miguel,recording,knock_twice_left,1,-0.057434,7.074560,6.092361,0.709861,0.771533,0.340635
478998950.000,Miguel,recording,knock_twice_left,1,-0.070790,7.025105,6.226459,0.704183,0.708703,0.302563
478998960.000,Miguel,recording,knock_twice_left,1,-0.133271,7.090863,6.268664,0.710188,0.623354,0.275733
478998970.000,Miguel,recording,knock_twice_left,1,-0.198506,7.236541,6.189570,0.727816,0.530373,0.264177
478998980.000,Miguel,recording,knock_twice_left,1,-0.180129,7.423014,5.960874,0.747002,0.450317,0.268457
478998990.000,Miguel,recording,knock_twice_left,1,-0.084830,7.685976,5.627218,0.756714,0.403024,0.286256
478999000.000,Miguel,recording,knock_twice_left,1,0.046813,7.933627,5.445153,0.754003,0.388741,0.311760
478999010.000,Miguel,recording,knock_twice_left,1,0.232080,8.017943,5.157721,0.741189,0.392675,0.337577
478999020.000,Miguel,recording,knock_twice_left,1,0.365005,8.053275,4.971077,0.717122,0.401299,0.358347
478999030.000,Miguel,recording,knock_twice_left,1,0.296396,7.981644,4.635392,0.671908,0.405217,0.377881
478999040.000,Miguel,recording,knock_twice_left,1,0.199248,7.775671,4.410445,0.600726,0.398062,0.403666
478999050.000,Miguel,recording,knock_twice_left,1,0.299443,7.683528,4.351755,0.516231,0.376145,0.429287
478999060.000,Miguel,recording,knock_twice_left,1,0.525421,7.669085,4.424072,0.439092,0.349018,0.439730
478999070.000,Miguel,recording,knock_twice_left,1,0.789073,7.673500,4.519652,0.384475,0.348617,0.427034
478999080.000,Miguel,recording,knock_twice_left,1,0.998013,7.697563,4.666716,0.357013,0.401286,0.390665
478999090.000,Miguel,recording,knock_twice_left,1,1.079888,7.701681,4.908141,0.357264,0.498324,0.336405
478999100.000,Miguel,recording,knock_twice_left,1,1.057762,7.632066,5.072171,0.383951,0.612130,0.275884
478999110.000,Miguel,recording,knock_twice_left,1,0.984880,7.580347,5.141796,0.430085,0.722261,0.221296
478999120.000,Miguel,recording,knock_twice_left,1,0.910785,7.505319,5.122282,0.485634,0.819107,0.179225
478999130.000,Miguel,recording,knock_twice_left,1,0.873962,7.540878,5.126453,0.539859,0.895358,0.149223
478999140.000,Miguel,recording,knock_twice_left,1,0.797794,7.646787,5.012111,0.576319,0.938347,0.128100
478999150.000,Miguel,recording,knock_twice_left,1,0.679411,7.764023,4.751997,0.578680,0.935358,0.113621
478999160.000,Miguel,recording,knock_twice_left,1,0.567792,7.772395,4.574135,0.540644,0.883308,0.102793
478999170.000,Miguel,recording,knock_twice_left,1,0.471332,7.744264,4.393094,0.462182,0.789461,0.089947
478999180.000,Miguel,recording,knock_twice_left,1,0.379621,7.807237,4.303320,0.348260,0.669146,0.072496
478999190.000,Miguel,recording,knock_twice_left,1,0.194710,7.939448,4.336027,0.213265,0.541262,0.054888
478999200.000,Miguel,recording,knock_twice_left,1,0.070880,8.042010,4.480587,0.078955,0.423568,0.044787
478999210.000,Miguel,recording,knock_twice_left,1,0.014593,8.148951,4.650376,-0.037360,0.331255,0.048122
478999220.000,Miguel,recording,knock_twice_left,1,0.037645,8.319549,4.811265,-0.126738,0.272466,0.064705
478999230.000,Miguel,recording,knock_twice_left,1,0.050657,8.430348,5.071421,-0.183972,0.241267,0.090516
478999240.000,Miguel,recording,knock_twice_left,1,0.097999,8.435132,5.290593,-0.209927,0.222107,0.120077
478999250.000,Miguel,recording,knock_twice_left,1,0.187385,8.381576,5.512157,-0.209618,0.200591,0.144548
478999260.000,Miguel,recording,knock_twice_left,1,0.234191,8.369326,5.677466,-0.190784,0.171398,0.158575
478999270.000,Miguel,recording,knock_twice_left,1,0.313247,8.349990,5.732415,-0.164531,0.130252,0.162009
478999280.000,Miguel,recording,knock_twice_left,1,0.444052,8.328792,5.845760,-0.137195,0.066408,0.151591
478999290.000,Miguel,recording,knock_twice_left,1,0.476047,8.305323,5.915347,-0.107368,-0.011900,0.124230
478999300.000,Miguel,recording,knock_twice_left,1,0.310292,8.207919,5.970269,-0.071644,-0.078041,0.089996
478999310.000,Miguel,recording,knock_twice_left,1,0.194437,8.097609,6.018164,-0.028197,-0.119143,0.064648
478999320.000,Miguel,recording,knock_twice_left,1,0.146553,8.135596,5.961564,0.021483,-0.138484,0.050814
478999330.000,Miguel,recording,knock_twice_left,1,0.146392,8.188970,5.824173,0.071310,-0.143247,0.042303
478999340.000,Miguel,recording,knock_twice_left,1,0.150160,8.237012,5.573875,0.112121,-0.143673,0.035014
478999350.000,Miguel,recording,knock_twice_left,1,0.125774,8.214152,5.396432,0.136751,-0.147753,0.027394
478999360.000,Miguel,recording,knock_twice_left,1,0.153804,8.194136,5.209872,0.144138,-0.153208,0.019361
478999370.000,Miguel,recording,knock_twice_left,1,0.211526,8.220809,5.144373,0.140401,-0.152758,0.011357
478999380.000,Miguel,recording,knock_twice_left,1,0.243017,8.286431,5.132615,0.135279,-0.138814,0.003487
478999390.000,Miguel,recording,knock_twice_left,1,0.303999,8.340360,5.067741,0.131861,-0.103603,-0.004011
478999400.000,Miguel,recording,knock_twice_left,1,0.312657,8.381443,4.988398,0.127706,-0.046149,-0.011525
478999410.000,Miguel,recording,knock_twice_left,1,0.241616,8.406820,5.002381,0.122152,0.020056,-0.018689
478999420.000,Miguel,recording,knock_twice_left,1,0.053767,8.415481,4.999367,0.114012,0.071794,-0.020229
478999430.000,Miguel,recording,knock_twice_left,1,-0.098616,8.343571,4.990824,0.103790,0.092445,-0.010253
478999440.000,Miguel,recording,knock_twice_left,1,-0.112231,8.308440,4.980804,0.093677,0.081290,0.008116
478999450.000,Miguel,recording,knock_twice_left,1,-0.080083,8.295773,4.945926,0.083366,0.050238,0.026176
478999460.000,Miguel,recording,knock_twice_left,1,0.025413,8.309022,4.880846,0.070996,0.017745,0.037330
478999470.000,Miguel,recording,knock_twice_left,1,0.086010,8.362405,4.858873,0.056579,-0.003302,0.038681
478999480.000,Miguel,recording,knock_twice_left,1,0.049270,8.419002,4.901139,0.041279,-0.013518,0.033226
478999490.000,Miguel,recording,knock_twice_left,1,-0.052466,8.358854,4.918391,0.026922,-0.020482,0.030131
478999500.000,Miguel,recording,knock_twice_left,1,-0.137128,8.304944,4.962924,0.012598,-0.029505,0.036752
478999510.000,Miguel,recording,knock_twice_left,1,-0.191065,8.270597,4.931322,-0.005931,-0.042874,0.053368
478999520.000,Miguel,recording,knock_twice_left,1,-0.137756,8.198609,4.880999,-0.029279,-0.064415,0.074580
478999530.000,Miguel,recording,knock_twice_left,1,0.023859,8.205369,4.874400,-0.053190,-0.092008,0.091114
478999540.000,Miguel,recording,knock_twice_left,1,0.237929,8.214350,4.872954,-0.071735,-0.114919,0.095172
478999550.000,Miguel,recording,knock_twice_left,1,0.343925,8.251278,4.920650,-0.083985,-0.126898,0.084919
478999560.000,Miguel,recording,knock_twice_left,1,0.404597,8.251250,4.924097,-0.092481,-0.127644,0.065752
478999570.000,Miguel,recording,knock_twice_left,1,0.389073,8.284243,4.887338,-0.098342,-0.119114,0.045164
478999580.000,Miguel,recording,knock_twice_left,1,0.355598,8.313201,4.898462,-0.103523,-0.104747,0.029197
478999590.000,Miguel,recording,knock_twice_left,1,0.291508,8.294587,4.892769,-0.109426,-0.087339,0.020913
478999600.000,Miguel,recording,knock_twice_left,1,0.254954,8.269416,4.923747,-0.114675,-0.069009,0.017544
478999610.000,Miguel,recording,knock_twice_left,1,0.372910,8.202819,4.995366,-0.115823,-0.049788,0.014992
478999620.000,Miguel,recording,knock_twice_left,1,0.372751,8.263587,5.107662,-0.110138,-0.029385,0.008199
478999630.000,Miguel,recording,knock_twice_left,1,0.357868,8.243725,5.153374,-0.098595,-0.009919,-0.004306
478999640.000,Miguel,recording,knock_twice_left,1,0.323454,8.239708,5.215231,-0.083363,0.006842,-0.018068
478999650.000,Miguel,recording,knock_twice_left,1,0.273248,8.220251,5.237083,-0.067143,0.018683,-0.030378
478999660.000,Miguel,recording,knock_twice_left,1,0.217422,8.197106,5.253965,-0.052059,0.022288,-0.037529
478999670.000,Miguel,recording,knock_twice_left,1,0.177375,8.210877,5.208748,-0.038967,0.016147,-0.037647
478999680.000,Miguel,recording,knock_twice_left,1,0.184938,8.195029,5.166267,-0.030042,0.000991,-0.034258
478999690.000,Miguel,recording,knock_twice_left,1,0.240295,8.153423,5.101614,-0.027082,-0.018234,-0.031922
478999700.000,Miguel,recording,knock_twice_left,1,0.280748,8.182322,5.095365,-0.028481,-0.033803,-0.034719
478999710.000,Miguel,recording,knock_twice_left,1,0.253488,8.194587,5.108993,-0.029728,-0.042627,-0.041584
478999720.000,Miguel,recording,knock_twice_left,1,0.146236,8.190574,5.096180,-0.027628,-0.043704,-0.047692
478999730.000,Miguel,recording,knock_twice_left,1,0.135157,8.242509,5.109662,-0.023455,-0.034405,-0.049939
478999740.000,Miguel,recording,knock_twice_left,1,0.052747,8.238264,5.128734,-0.017819,-0.018973,-0.047707
478999750.000,Miguel,recording,knock_twice_left,1,-0.005010,8.254446,5.208145,-0.006383,-0.010464,-0.041238
478999760.000,Miguel,recording,knock_twice_left,1,-0.050204,8.255852,5.278943,0.012975,-0.017796,-0.030713
478999770.000,Miguel,recording,knock_twice_left,1,-0.025242,8.248387,5.279685,0.036368,-0.037514,-0.017549
478999780.000,Miguel,recording,knock_twice_left,1,-0.108971,8.342380,5.271325,0.061361,-0.066755,-0.006781
478999790.000,Miguel,recording,knock_twice_left,1,-0.143901,8.283769,5.136883,0.084440,-0.106440,-0.002670
478999800.000,Miguel,recording,knock_twice_left,1,0.116346,8.052024,4.620551,0.087201,-0.129318,-0.008679
478999810.000,Miguel,recording,knock_twice_left,1,0.593750,8.026121,4.233790,0.055004,-0.088548,-0.029972
478999820.000,Miguel,recording,knock_twice_left,1,2.034875,7.944245,4.292280,0.012038,0.021937,-0.079985
478999830.000,Miguel,recording,knock_twice_left,1,1.723059,8.489955,5.086417,-0.009601,0.136942,-0.181827
478999840.000,Miguel,recording,knock_twice_left,1,0.397334,8.698513,5.018387,-0.027650,0.180510,-0.293472
478999850.000,Miguel,recording,knock_twice_left,1,-0.677434,8.215063,4.870247,-0.068053,0.162474,-0.331022
478999860.000,Miguel,recording,knock_twice_left,1,-1.321393,8.359720,5.117415,-0.115606,0.143740,-0.281702
478999870.000,Miguel,recording,knock_twice_left,1,-1.441874,8.444870,5.442775,-0.145122,0.136254,-0.176575
478999880.000,Miguel,recording,knock_twice_left,1,-1.304378,8.494557,5.531912,-0.148433,0.102006,-0.038906
478999890.000,Miguel,recording,knock_twice_left,1,-1.227205,8.241335,5.406082,-0.140616,0.017938,0.105929
478999900.000,Miguel,recording,knock_twice_left,1,-0.524103,8.211324,5.147246,-0.147188,-0.088744,0.209694
478999910.000,Miguel,recording,knock_twice_left,1,0.214255,8.268686,4.905922,-0.179561,-0.175406,0.235179
478999920.000,Miguel,recording,knock_twice_left,1,0.574501,8.231067,4.881664,-0.225463,-0.226398,0.195839
478999930.000,Miguel,recording,knock_twice_left,1,0.605121,8.317627,5.040474,-0.259840,-0.251147,0.130368
478999940.000,Miguel,recording,knock_twice_left,1,0.276185,8.529518,5.485967,-0.257295,-0.260956,0.074578
478999950.000,Miguel,recording,knock_twice_left,1,-0.124424,8.322205,5.872916,-0.206252,-0.250491,0.051961
478999960.000,Miguel,recording,knock_twice_left,1,-0.168096,8.025015,5.990066,-0.120102,-0.202350,0.063658
478999970.000,Miguel,recording,knock_twice_left,1,0.017045,8.017747,5.989064,-0.022492,-0.121034,0.086430
478999980.000,Miguel,recording,knock_twice_left,1,0.894848,7.853716,5.707047,0.069798,-0.042489,0.082377
478999990.000,Miguel,recording,knock_twice_left,1,1.995225,7.919621,5.606388,0.142908,0.008905,0.002174
479000000.000,Miguel,recording,knock_twice_left,1,1.688462,8.231752,5.383897,0.175312,0.035933,-0.152901
479000010.000,Miguel,recording,knock_twice_left,1,0.865916,8.037366,4.947583,0.154316,0.056434,-0.302160
479000020.000,Miguel,recording,knock_twice_left,1,-0.339280,8.124215,4.844265,0.096292,0.077724,-0.372929
479000030.000,Miguel,recording,knock_twice_left,1,-0.833268,8.416665,4.935550,0.029341,0.097005,-0.351237
479000040.000,Miguel,recording,knock_twice_left,1,-1.223867,8.580181,5.071815,-0.025145,0.114487,-0.259886
479000050.000,Miguel,recording,knock_twice_left,1,-1.245463,8.522891,5.308521,-0.054334,0.118781,-0.132613
479000060.000,Miguel,recording,knock_twice_left,1,-0.930131,8.437924,5.475400,-0.057856,0.095111,-0.004717
479000070.000,Miguel,recording,knock_twice_left,1,-0.500445,8.271916,5.422218,-0.048231,0.043182,0.096173
479000080.000,Miguel,recording,knock_twice_left,1,-0.121389,8.078281,5.204091,-0.045091,-0.019315,0.152392
479000090.000,Miguel,recording,knock_twice_left,1,0.444778,8.234808,5.025313,-0.060926,-0.068239,0.153016
479000100.000,Miguel,recording,knock_twice_left,1,0.650538,8.219503,4.917880,-0.091045,-0.095740,0.107547
479000110.000,Miguel,recording,knock_twice_left,1,0.596220,8.158814,4.918342,-0.121740,-0.108525,0.046531
479000120.000,Miguel,recording,knock_twice_left,1,0.500710,8.088844,5.014412,-0.140166,-0.103605,-0.006523
479000130.000,Miguel,recording,knock_twice_left,1,0.311670,8.091721,5.276817,-0.136439,-0.074268,-0.045906
479000140.000,Miguel,recording,knock_twice_left,1,0.197515,8.026654,5.449827,-0.110463,-0.023719,-0.072489
479000150.000,Miguel,recording,knock_twice_left,1,0.084382,8.001622,5.570635,-0.070299,0.037418,-0.087652
479000160.000,Miguel,recording,knock_twice_left,1,0.044446,7.968054,5.640501,-0.022517,0.095663,-0.095878
479000170.000,Miguel,recording,knock_twice_left,1,0.011008,7.980057,5.566549,0.024984,0.138005,-0.102657
479000180.000,Miguel,recording,knock_twice_left,1,-0.047673,7.944563,5.498280,0.062810,0.158327,-0.110299
479000190.000,Miguel,recording,knock_twice_left,1,-0.107121,7.911361,5.428150,0.085431,0.160173,-0.119097
479000200.000,Miguel,recording,knock_twice_left,1,-0.145438,7.988443,5.277965,0.089995,0.149728,-0.127063
479000210.000,Miguel,recording,knock_twice_left,1,-0.185627,8.062595,5.135385,0.076435,0.127059,-0.131215
479000220.000,Miguel,recording,knock_twice_left,1,-0.270801,8.007342,5.111116,0.050162,0.088841,-0.130230
479000230.000,Miguel,recording,knock_twice_left,1,-0.301160,8.019530,4.960802,0.013328,0.045923,-0.123825
479000240.000,Miguel,recording,knock_twice_left,1,-0.195038,8.086077,4.769664,-0.036141,0.015971,-0.114592
479000250.000,Miguel,recording,knock_twice_left,1,-0.157655,8.255114,4.660552,-0.096637,0.003652,-0.105669
479000260.000,Miguel,recording,knock_twice_left,1,-0.140681,8.358590,4.508782,-0.165368,0.007349,-0.095368
479000270.000,Miguel,recording,knock_twice_left,1,-0.103183,8.419308,4.442075,-0.239077,0.021758,-0.083871
479000280.000,Miguel,recording,knock_twice_left,1,0.002514,8.387883,4.489225,-0.315163,0.036041,-0.078118
479000290.000,Miguel,recording,knock_twice_left,1,0.032505,8.201912,4.532231,-0.391082,0.035725,-0.085084
479000300.000,Miguel,recording,knock_twice_left,1,0.178664,8.113906,4.828565,-0.451640,0.004696,-0.111880
479000310.000,Miguel,recording,knock_twice_left,1,0.539262,8.355655,5.342019,-0.479822,-0.077390,-0.153381
479000320.000,Miguel,recording,knock_twice_left,1,0.251773,8.227272,5.834954,-0.464073,-0.218982,-0.190324
479000330.000,Miguel,recording,knock_twice_left,1,0.460039,8.252159,6.441140,-0.385385,-0.352758,-0.237952
479000340.000,Miguel,recording,knock_twice_left,1,0.204930,8.144988,6.554062,-0.255504,-0.367402,-0.302820
479000350.000,Miguel,recording,knock_twice_left,1,-0.343001,7.755086,6.436134,-0.112428,-0.255826,-0.336580
479000360.000,Miguel,recording,knock_twice_left,1,-0.726403,7.524241,6.321286,0.026615,-0.108927,-0.311837
479000370.000,Miguel,recording,knock_twice_left,1,-0.815833,7.637683,6.139618,0.150939,0.011775,-0.251649
479000380.000,Miguel,recording,knock_twice_left,1,-0.786388,7.750136,5.771930,0.234736,0.092251,-0.182800
479000390.000,Miguel,recording,knock_twice_left,1,-0.594258,7.876345,5.416826,0.261254,0.117401,-0.116215
479000400.000,Miguel,recording,knock_twice_left,1,-0.406549,8.123293,5.098785,0.240345,0.074726,-0.062536
479000410.000,Miguel,recording,knock_twice_left,1,-0.224862,8.377284,4.849092,0.183005,-0.013308,-0.029909
479000420.000,Miguel,recording,knock_twice_left,1,-0.230300,8.411651,4.665397,0.096076,-0.105257,-0.014501
479000430.000,Miguel,recording,knock_twice_left,1,-0.388151,8.358476,4.637768,-0.007846,-0.176568,-0.000398
479000440.000,Miguel,recording,knock_twice_left,1,-0.513791,8.260467,4.685895,-0.115081,-0.224937,0.025848
479000450.000,Miguel,recording,knock_twice_left,1,-0.558831,8.279940,4.802517,-0.214736,-0.260008,0.063845
479000460.000,Miguel,recording,knock_twice_left,1,-0.650975,8.296115,4.964024,-0.297457,-0.293534,0.108697
479000470.000,Miguel,recording,knock_twice_left,1,-0.688760,8.189024,5.162992,-0.355929,-0.327707,0.159932
479000480.000,Miguel,recording,knock_twice_left,1,-0.549858,8.085119,5.435381,-0.383807,-0.353190,0.213418
479000490.000,Miguel,recording,knock_twice_left,1,-0.391140,8.025587,5.721139,-0.375926,-0.360731,0.258683
479000500.000,Miguel,recording,knock_twice_left,1,-0.266064,7.996983,5.959357,-0.329110,-0.354013,0.286165
479000510.000,Miguel,recording,knock_twice_left,1,-0.135070,7.951421,6.223538,-0.244610,-0.346382,0.289001
479000520.000,Miguel,recording,knock_twice_left,1,0.003241,7.952174,6.291623,-0.140088,-0.346853,0.268572
479000530.000,Miguel,recording,knock_twice_left,1,0.108418,7.983959,6.203503,-0.036698,-0.354858,0.233984
479000540.000,Miguel,recording,knock_twice_left,1,0.177209,8.000281,5.961798,0.055102,-0.356948,0.198985
479000550.000,Miguel,recording,knock_twice_left,1,0.047417,8.069051,5.612186,0.128542,-0.334037,0.177301
479000560.000,Miguel,recording,knock_twice_left,1,0.020637,8.084576,5.430377,0.179368,-0.276326,0.172922
479000570.000,Miguel,recording,knock_twice_left,1,0.035248,8.040111,5.189361,0.200443,-0.183753,0.180929
479000580.000,Miguel,recording,knock_twice_left,1,0.086080,8.060947,4.965085,0.190761,-0.070195,0.190313
479000590.000,Miguel,recording,knock_twice_left,1,0.143981,8.079454,4.984252,0.164954,0.035969,0.189054
479000600.000,Miguel,recording,knock_twice_left,1,0.174436,8.078365,5.022483,0.136262,0.114718,0.170961
479000610.000,Miguel,recording,knock_twice_left,1,0.149341,8.067317,4.980445,0.104349,0.162262,0.136699
479000620.000,Miguel,recording,knock_twice_left,1,0.132980,8.145959,4.948738,0.064769,0.181426,0.091383
479000630.000,Miguel,recording,knock_twice_left,1,-0.030920,8.173201,4.879867,0.013006,0.179448,0.048214
479000640.000,Miguel,recording,knock_twice_left,1,-0.270387,8.037159,4.773139,-0.058577,0.171009,0.033087
479000650.000,Miguel,recording,knock_twice_left,1,-0.418939,7.957293,4.731975,-0.149071,0.167416,0.066639
479000660.000,Miguel,recording,knock_twice_left,2,-0.114100,8.029211,5.078365,-0.231830,0.149028,0.130816
479000670.000,Miguel,recording,knock_twice_left,2,0.306851,7.999191,5.514401,-0.273998,0.096028,0.181712
479000680.000,Miguel,recording,knock_twice_left,2,0.471241,7.970131,5.787872,-0.273729,0.034534,0.201372
479000690.000,Miguel,recording,knock_twice_left,2,0.371543,7.681210,5.812200,-0.259512,0.008866,0.204986
479000700.000,Miguel,recording,knock_twice_left,2,0.238945,7.439209,5.701145,-0.263566,0.033434,0.209532
479000710.000,Miguel,recording,knock_twice_left,2,0.123442,7.232908,5.619431,-0.302596,0.079363,0.218128
479000720.000,Miguel,recording,knock_twice_left,2,0.240620,7.240506,5.543297,-0.375130,0.093855,0.229158
479000730.000,Miguel,recording,knock_twice_left,2,0.474406,7.491962,5.555584,-0.469719,0.028148,0.239816
479000740.000,Miguel,recording,knock_twice_left,2,0.789324,7.778988,5.602893,-0.571909,-0.139007,0.239866
479000750.000,Miguel,recording,knock_twice_left,2,1.032752,7.873687,5.714739,-0.664298,-0.380574,0.221545
479000760.000,Miguel,recording,knock_twice_left,2,1.094740,7.841716,5.742286,-0.736917,-0.624160,0.193842
479000770.000,Miguel,recording,knock_twice_left,2,1.074952,7.668328,5.794050,-0.796100,-0.787766,0.173477
479000780.000,Miguel,recording,knock_twice_left,2,1.044357,7.562385,5.813958,-0.857103,-0.829254,0.169784
479000790.000,Miguel,recording,knock_twice_left,2,1.065953,7.744622,6.030921,-0.922750,-0.777016,0.184732
479000800.000,Miguel,recording,knock_twice_left,2,1.104383,7.958896,6.559218,-0.966089,-0.697443,0.219965
479000810.000,Miguel,recording,knock_twice_left,2,1.129991,7.998205,7.175799,-0.957520,-0.634458,0.279502
479000820.000,Miguel,recording,knock_twice_left,2,1.172857,7.981363,7.641994,-0.902990,-0.604995,0.367748
479000830.000,Miguel,recording,knock_twice_left,2,1.149450,8.004527,7.958212,-0.822292,-0.664991,0.490523
479000840.000,Miguel,recording,knock_twice_left,2,1.183001,7.477540,8.137305,-0.715326,-0.899102,0.634863
479000850.000,Miguel,recording,knock_twice_left,2,1.500336,6.709462,8.195902,-0.584106,-1.303148,0.742271
479000860.000,Miguel,recording,knock_twice_left,2,2.177358,6.235721,7.833364,-0.465037,-1.767275,0.742524
479000870.000,Miguel,recording,knock_twice_left,2,2.821756,6.106718,7.246025,-0.410032,-2.155397,0.608069
479000880.000,Miguel,recording,knock_twice_left,2,3.237209,6.249768,6.439720,-0.455309,-2.340801,0.359418
479000890.000,Miguel,recording,knock_twice_left,2,3.249239,6.711794,5.837641,-0.599303,-2.263432,0.042827
479000900.000,Miguel,recording,knock_twice_left,2,2.928681,7.247424,5.933819,-0.773422,-1.985049,-0.287445
479000910.000,Miguel,recording,knock_twice_left,2,2.263927,7.443982,6.557479,-0.884827,-1.622499,-0.558048
479000920.000,Miguel,recording,knock_twice_left,2,1.202826,7.127124,6.999889,-0.890350,-1.249618,-0.683430
479000930.000,Miguel,recording,knock_twice_left,2,0.349295,6.585108,7.659681,-0.793491,-0.889149,-0.641452
479000940.000,Miguel,recording,knock_twice_left,2,0.145314,6.446972,7.730345,-0.641777,-0.542103,-0.488578
479000950.000,Miguel,recording,knock_twice_left,2,0.312281,6.570107,7.246339,-0.498727,-0.228396,-0.288913
479000960.000,Miguel,recording,knock_twice_left,2,0.951673,6.930659,7.533247,-0.357951,-0.010279,-0.106595
479000970.000,Miguel,recording,knock_twice_left,2,1.542305,6.990597,7.433479,-0.202891,0.095129,0.014713
479000980.000,Miguel,recording,knock_twice_left,2,2.010961,7.075975,7.097529,-0.062508,0.148465,0.077321
479000990.000,Miguel,recording,knock_twice_left,2,2.394287,7.172141,7.036877,0.055901,0.208690,0.091341
479001000.000,Miguel,recording,knock_twice_left,2,2.519676,7.161271,6.996562,0.161442,0.293405,0.079171
479001010.000,Miguel,recording,knock_twice_left,2,2.552984,7.220250,6.885393,0.247232,0.379850,0.072702
479001020.000,Miguel,recording,knock_twice_left,2,2.415362,7.355856,6.592330,0.296355,0.427277,0.089572
479001030.000,Miguel,recording,knock_twice_left,2,2.233344,7.197141,6.362339,0.303261,0.407962,0.127645
479001040.000,Miguel,recording,knock_twice_left,2,2.152145,6.880905,6.336265,0.280825,0.331761,0.164084
479001050.000,Miguel,recording,knock_twice_left,2,2.058116,6.516555,6.120989,0.233371,0.247440,0.176338
479001060.000,Miguel,recording,knock_twice_left,2,1.969321,6.290486,5.868634,0.151456,0.204109,0.166367
479001070.000,Miguel,recording,knock_twice_left,2,1.841261,6.373877,5.942195,0.057909,0.208256,0.149521
479001080.000,Miguel,recording,knock_twice_left,2,1.841402,6.724750,6.292929,0.007063,0.221730,0.137011
479001090.000,Miguel,recording,knock_twice_left,2,1.904423,6.857327,6.451422,0.017679,0.218691,0.131836
479001100.000,Miguel,recording,knock_twice_left,2,2.039992,6.873010,6.467386,0.066977,0.214914,0.126507
479001110.000,Miguel,recording,knock_twice_left,2,2.275011,6.745884,6.457725,0.132616,0.234218,0.109749
479001120.000,Miguel,recording,knock_twice_left,2,2.521513,6.752324,6.345107,0.197456,0.293530,0.073239
479001130.000,Miguel,recording,knock_twice_left,2,2.667054,6.843827,6.262835,0.255414,0.398649,0.013889
479001140.000,Miguel,recording,knock_twice_left,2,2.605278,6.918130,6.476105,0.319000,0.531730,-0.062546
479001150.000,Miguel,recording,knock_twice_left,2,2.378957,6.890682,6.813503,0.405654,0.657660,-0.141252
479001160.000,Miguel,recording,knock_twice_left,2,1.953012,6.735023,6.944564,0.517198,0.752865,-0.205110
479001170.000,Miguel,recording,knock_twice_left,2,1.624233,6.646487,6.769320,0.627095,0.808721,-0.244961
479001180.000,Miguel,recording,knock_twice_left,2,1.456604,6.750623,6.328498,0.701862,0.829762,-0.269428
479001190.000,Miguel,recording,knock_twice_left,2,1.377403,7.005674,6.079012,0.728296,0.836467,-0.289454
479001200.000,Miguel,recording,knock_twice_left,2,1.274595,7.204973,6.138182,0.720552,0.841723,-0.303292
479001210.000,Miguel,recording,knock_twice_left,2,1.142189,7.336692,6.302249,0.702627,0.840675,-0.302868
479001220.000,Miguel,recording,knock_twice_left,2,0.949068,7.425304,6.412456,0.691095,0.829794,-0.285061
479001230.000,Miguel,recording,knock_twice_left,2,0.798713,7.539226,6.497742,0.694008,0.818928,-0.257330
479001240.000,Miguel,recording,knock_twice_left,2,0.578164,7.618095,6.582305,0.713842,0.825333,-0.226441
479001250.000,Miguel,recording,knock_twice_left,2,0.313213,7.650791,6.526551,0.749963,0.865982,-0.186771
479001260.000,Miguel,recording,knock_twice_left,2,0.174416,7.701226,6.421678,0.799218,0.944769,-0.132285
479001270.000,Miguel,recording,knock_twice_left,2,0.208966,7.744106,6.262331,0.856958,1.047106,-0.070289
479001280.000,Miguel,recording,knock_twice_left,2,0.374841,7.834267,5.939928,0.910979,1.156084,-0.014584
479001290.000,Miguel,recording,knock_twice_left,2,0.579783,7.926860,5.684860,0.945169,1.263535,0.024308
479001300.000,Miguel,recording,knock_twice_left,2,0.723973,7.964801,5.312404,0.946023,1.357052,0.043312
479001310.000,Miguel,recording,knock_twice_left,2,0.754408,8.077412,5.118136,0.907335,1.410597,0.046828
479001320.000,Miguel,recording,knock_twice_left,2,0.599389,8.157596,5.154867,0.837970,1.397176,0.043680
479001330.000,Miguel,recording,knock_twice_left,2,0.318444,8.066248,5.311685,0.752366,1.307905,0.043262
479001340.000,Miguel,recording,knock_twice_left,2,0.074772,7.990497,5.432182,0.655814,1.153934,0.052158
479001350.000,Miguel,recording,knock_twice_left,2,-0.086249,7.885122,5.513605,0.552160,0.953096,0.071751
479001360.000,Miguel,recording,knock_twice_left,2,-0.133078,7.858111,5.605138,0.449912,0.715403,0.096189
479001370.000,Miguel,recording,knock_twice_left,2,-0.083028,7.904243,5.618627,0.356044,0.452888,0.113493
479001380.000,Miguel,recording,knock_twice_left,2,0.055889,7.887330,5.625779,0.279192,0.203831,0.115928
479001390.000,Miguel,recording,knock_twice_left,2,0.296938,7.888533,5.518685,0.223672,0.009344,0.103582
479001400.000,Miguel,recording,knock_twice_left,2,0.483957,7.983372,5.434039,0.186194,-0.114572,0.080406
479001410.000,Miguel,recording,knock_twice_left,2,0.531137,8.162020,5.422682,0.166155,-0.169227,0.055700
479001420.000,Miguel,recording,knock_twice_left,2,0.530348,8.244660,5.456659,0.164771,-0.160772,0.040035
479001430.000,Miguel,recording,knock_twice_left,2,0.538860,8.300006,5.522199,0.182695,-0.098211,0.033614
479001440.000,Miguel,recording,knock_twice_left,2,0.533221,8.320846,5.581615,0.223158,-0.000904,0.029897
479001450.000,Miguel,recording,knock_twice_left,2,0.411939,8.313426,5.708281,0.288818,0.110346,0.028151
479001460.000,Miguel,recording,knock_twice_left,2,0.257990,8.266435,5.637853,0.366499,0.232366,0.032323
479001470.000,Miguel,recording,knock_twice_left,2,0.109225,8.345976,5.417983,0.432225,0.366779,0.045100
479001480.000,Miguel,recording,knock_twice_left,2,0.047017,8.417178,5.395370,0.475488,0.495780,0.067738
479001490.000,Miguel,recording,knock_twice_left,2,0.044342,8.340992,5.351893,0.496817,0.591255,0.097903
479001500.000,Miguel,recording,knock_twice_left,2,0.202906,8.243671,5.263910,0.498166,0.632439,0.122786
479001510.000,Miguel,recording,knock_twice_left,2,0.373496,8.158375,5.180275,0.479327,0.620660,0.131145
479001520.000,Miguel,recording,knock_twice_left,2,0.022214,7.964823,4.960746,0.437500,0.583465,0.133906
479001530.000,Miguel,recording,knock_twice_left,2,0.067585,7.940005,5.036461,0.381162,0.541179,0.142211
479001540.000,Miguel,recording,knock_twice_left,2,0.364143,8.178129,4.966614,0.324532,0.486301,0.142096
479001550.000,Miguel,recording,knock_twice_left,2,0.687049,8.446166,4.873271,0.268195,0.417214,0.123672
479001560.000,Miguel,recording,knock_twice_left,2,0.621609,8.426379,4.667603,0.202227,0.342850,0.100925
479001570.000,Miguel,recording,knock_twice_left,2,0.443673,8.261341,4.402067,0.115217,0.261770,0.090905
479001580.000,Miguel,recording,knock_twice_left,2,0.412687,8.182748,4.239022,0.004620,0.165728,0.089289
479001590.000,Miguel,recording,knock_twice_left,2,0.554180,8.231838,4.288770,-0.115559,0.050539,0.076376
479001600.000,Miguel,recording,knock_twice_left,2,0.588075,8.256949,4.518010,-0.223855,-0.073171,0.045389
479001610.000,Miguel,recording,knock_twice_left,2,0.564084,8.088618,4.762857,-0.303272,-0.177781,0.006467
479001620.000,Miguel,recording,knock_twice_left,2,0.536204,8.009746,5.085206,-0.343438,-0.234600,-0.031776
479001630.000,Miguel,recording,knock_twice_left,2,0.531747,8.028730,5.438330,-0.337376,-0.241731,-0.066764
479001640.000,Miguel,recording,knock_twice_left,2,0.400927,8.117550,5.696999,-0.288671,-0.219743,-0.093928
479001650.000,Miguel,recording,knock_twice_left,2,0.203892,8.093965,5.719806,-0.219399,-0.183371,-0.105543
479001660.000,Miguel,recording,knock_twice_left,2,0.147769,8.086296,5.650303,-0.154180,-0.140586,-0.101866
479001670.000,Miguel,recording,knock_twice_left,2,0.238807,8.135149,5.496473,-0.107566,-0.107756,-0.096534
479001680.000,Miguel,recording,knock_twice_left,2,0.300053,8.137938,5.421549,-0.085935,-0.105015,-0.101378
479001690.000,Miguel,recording,knock_twice_left,2,0.267136,8.164936,5.368755,-0.087064,-0.137384,-0.116763
479001700.000,Miguel,recording,knock_twice_left,2,0.232961,8.124312,5.329861,-0.105115,-0.191480,-0.135336
479001710.000,Miguel,recording,knock_twice_left,2,0.210751,8.177546,5.283956,-0.135257,-0.248391,-0.149929
479001720.000,Miguel,recording,knock_twice_left,2,0.159596,8.234292,5.211585,-0.173925,-0.296858,-0.156269
479001730.000,Miguel,recording,knock_twice_left,2,0.084231,8.277845,5.141053,-0.218739,-0.339262,-0.150578
479001740.000,Miguel,recording,knock_twice_left,2,0.003704,8.304190,5.066799,-0.271183,-0.386137,-0.132993
479001750.000,Miguel,recording,knock_twice_left,2,-0.087815,8.318444,4.962748,-0.334270,-0.444751,-0.108079
479001760.000,Miguel,recording,knock_twice_left,2,-0.106388,8.328713,4.993460,-0.405085,-0.512489,-0.078177
479001770.000,Miguel,recording,knock_twice_left,2,-0.046337,8.299119,5.141940,-0.470628,-0.582520,-0.046977
479001780.000,Miguel,recording,knock_twice_left,2,0.098055,8.172268,5.379582,-0.513817,-0.643315,-0.021407
479001790.000,Miguel,recording,knock_twice_left,2,0.244469,8.070526,5.561148,-0.525732,-0.673741,-0.003548
479001800.000,Miguel,recording,knock_twice_left,2,0.416098,8.008588,5.706327,-0.505434,-0.658462,0.007623
479001810.000,Miguel,recording,knock_twice_left,2,0.551887,7.986297,5.840454,-0.455126,-0.603714,0.011000
479001820.000,Miguel,recording,knock_twice_left,2,0.571171,7.963627,5.976699,-0.381746,-0.526944,0.008344
479001830.000,Miguel,recording,knock_twice_left,2,0.558234,7.931313,5.942832,-0.296238,-0.437115,0.005719
479001840.000,Miguel,recording,knock_twice_left,2,0.596365,7.934535,6.036608,-0.204300,-0.337296,0.004224
479001850.000,Miguel,recording,knock_twice_left,2,0.641895,7.884562,6.116378,-0.105890,-0.235823,-0.001423
479001860.000,Miguel,recording,knock_twice_left,2,0.714162,7.837350,6.078890,-0.006960,-0.140616,-0.016208
479001870.000,Miguel,recording,knock_twice_left,2,0.750096,7.768852,5.914182,0.080274,-0.055848,-0.039988
479001880.000,Miguel,recording,knock_twice_left,2,0.724410,7.818483,5.708748,0.144521,0.013073,-0.067193
479001890.000,Miguel,recording,knock_twice_left,2,0.650625,7.883295,5.547725,0.181343,0.059919,-0.090695
479001900.000,Miguel,recording,knock_twice_left,2,0.564083,7.960840,5.450333,0.194490,0.083384,-0.105556
479001910.000,Miguel,recording,knock_twice_left,2,0.515557,7.967436,5.376718,0.189546,0.087930,-0.110311
479001920.000,Miguel,recording,knock_twice_left,2,0.508287,7.943203,5.310653,0.170584,0.078970,-0.107199
479001930.000,Miguel,recording,knock_twice_left,2,0.560942,7.960239,5.307980,0.141163,0.060096,-0.103122
479001940.000,Miguel,recording,knock_twice_left,2,0.585867,8.021000,5.371359,0.107165,0.032295,-0.103708
479001950.000,Miguel,recording,knock_twice_left,2,0.560636,8.059097,5.460955,0.077849,-0.000795,-0.108725
479001960.000,Miguel,recording,knock_twice_left,2,0.472141,8.062001,5.555900,0.060181,-0.026388,-0.115302
479001970.000,Miguel,recording,knock_twice_left,2,0.400718,8.050784,5.651134,0.056419,-0.033591,-0.119016
479001980.000,Miguel,recording,knock_twice_left,2,0.380535,8.056818,5.705894,0.067935,-0.023546,-0.117650
479001990.000,Miguel,recording,knock_twice_left,2,0.387798,8.048656,5.790897,0.096560,0.001046,-0.114442
479002000.000,Miguel,recording,knock_twice_left,2,0.360170,8.025105,5.901552,0.142646,0.041773,-0.111515
479002010.000,Miguel,recording,knock_twice_left,2,0.383157,8.000641,5.964752,0.202123,0.097251,-0.109064
479002020.000,Miguel,recording,knock_twice_left,2,0.476899,8.012774,5.924964,0.266743,0.161503,-0.111096
479002030.000,Miguel,recording,knock_twice_left,2,0.528553,8.041873,5.823491,0.326393,0.226134,-0.120328
479002040.000,Miguel,recording,knock_twice_left,2,0.548466,8.089560,5.702505,0.372071,0.278616,-0.131748
479002050.000,Miguel,recording,knock_twice_left,2,0.418107,8.121921,5.516667,0.396245,0.305174,-0.138959
479002060.000,Miguel,recording,knock_twice_left,2,0.338910,8.150120,5.300839,0.394860,0.297072,-0.141189
479002070.000,Miguel,recording,knock_twice_left,2,0.261430,8.182965,5.148255,0.370708,0.257445,-0.139612
479002080.000,Miguel,recording,knock_twice_left,2,0.162628,8.201191,5.068348,0.330381,0.201771,-0.134905
479002090.000,Miguel,recording,knock_twice_left,2,0.067008,8.252018,4.982573,0.280394,0.146668,-0.127357
479002100.000,Miguel,recording,knock_twice_left,2,-0.029246,8.306640,4.940241,0.228393,0.103510,-0.117413
479002110.000,Miguel,recording,knock_twice_left,2,-0.129496,8.359534,4.891122,0.180786,0.082446,-0.104570
479002120.000,Miguel,recording,knock_twice_left,2,-0.162996,8.375076,4.837671,0.138680,0.088107,-0.086451
479002130.000,Miguel,recording,knock_twice_left,2,-0.164763,8.357059,4.900044,0.104647,0.113610,-0.062545
479002140.000,Miguel,recording,knock_twice_left,2,-0.171467,8.342221,5.063047,0.085259,0.143493,-0.035096
479002150.000,Miguel,recording,knock_twice_left,2,-0.166813,8.301982,5.147417,0.079298,0.163165,-0.007902
479002160.000,Miguel,recording,knock_twice_left,2,-0.090550,8.252953,5.138501,0.077265,0.167868,0.016220
479002170.000,Miguel,recording,knock_twice_left,2,-0.062196,8.219268,5.176570,0.072227,0.154800,0.033305
479002180.000,Miguel,recording,knock_twice_left,2,0.006986,8.184094,5.264320,0.065009,0.118566,0.041255
479002190.000,Miguel,recording,knock_twice_left,2,0.062922,8.114312,5.277218,0.056625,0.063530,0.041020
479002200.000,Miguel,recording,knock_twice_left,2,0.108653,8.127241,5.284104,0.044885,0.005180,0.034067
479002210.000,Miguel,recording,knock_twice_left,2,0.044579,8.186362,5.292088,0.033715,-0.045476,0.026333
479002220.000,Miguel,recording,knock_twice_left,2,-0.076257,8.230529,5.300552,0.028917,-0.088397,0.025544
479002230.000,Miguel,recording,knock_twice_left,2,-0.092312,8.246984,5.328841,0.033782,-0.120245,0.033003
479002240.000,Miguel,recording,knock_twice_left,2,0.006075,8.266234,5.307091,0.048433,-0.128333,0.041008
479002250.000,Miguel,recording,knock_twice_left,2,0.136125,8.264480,5.248675,0.069110,-0.107966,0.044548
479002260.000,Miguel,recording,knock_twice_left,2,0.255883,8.252965,5.249203,0.091211,-0.070516,0.044026
479002270.000,Miguel,recording,knock_twice_left,2,0.387206,8.240533,5.183702,0.112052,-0.028557,0.035529
479002280.000,Miguel,recording,knock_twice_left,2,0.418388,8.229474,5.171048,0.131231,0.009905,0.017153
479002290.000,Miguel,recording,knock_twice_left,2,0.368692,8.210829,5.234776,0.149017,0.036777,-0.003928
479002300.000,Miguel,recording,knock_twice_left,2,0.252624,8.262278,5.249878,0.165689,0.047811,-0.019137
479002310.000,Miguel,recording,knock_twice_left,2,0.110995,8.332803,5.244070,0.179658,0.041771,-0.024871
479002320.000,Miguel,recording,knock_twice_left,2,0.027491,8.340487,5.155917,0.186578,0.020260,-0.021134
479002330.000,Miguel,recording,knock_twice_left,2,0.014418,8.358711,4.997821,0.181994,-0.010067,-0.011841
479002340.000,Miguel,recording,knock_twice_left,2,0.108735,8.282809,4.837548,0.163876,-0.040009,-0.004654
479002350.000,Miguel,recording,knock_twice_left,2,0.234040,8.224828,4.688622,0.132358,-0.063338,-0.006098
479002360.000,Miguel,recording,knock_twice_left,2,0.366504,8.185502,4.578547,0.090493,-0.078874,-0.020210
479002370.000,Miguel,recording,knock_twice_left,2,0.438307,8.179027,4.537999,0.043774,-0.088788,-0.045796
479002380.000,Miguel,recording,knock_twice_left,2,0.414805,8.257731,4.501910,-0.002976,-0.096604,-0.074567
479002390.000,Miguel,recording,knock_twice_left,2,0.283671,8.322301,4.446845,-0.050199,-0.103109,-0.097062
479002400.000,Miguel,recording,knock_twice_left,2,0.128497,8.273644,4.385515,-0.099290,-0.108757,-0.108669
479002410.000,Miguel,recording,knock_twice_left,2,0.093425,8.199515,4.343862,-0.148591,-0.114012,-0.112913
479002420.000,Miguel,recording,knock_twice_left,2,0.195764,7.978007,4.257426,-0.197263,-0.113128,-0.123148
479002430.000,Miguel,recording,knock_twice_left,2,0.399031,7.856862,4.254327,-0.244190,-0.096477,-0.153606
479002440.000,Miguel,recording,knock_twice_left,2,0.571251,7.949660,4.330693,-0.285156,-0.061426,-0.206167
479002450.000,Miguel,recording,knock_twice_left,2,0.705736,8.046022,4.428223,-0.316314,-0.014813,-0.271129
479002460.000,Miguel,recording,knock_twice_left,2,0.617964,8.226415,4.609659,-0.338553,0.037494,-0.336947
479002470.000,Miguel,recording,knock_twice_left,2,0.300846,8.169744,4.817644,-0.356359,0.097682,-0.389094
479002480.000,Miguel,recording,knock_twice_left,2,-0.173527,8.186931,4.957165,-0.375996,0.156095,-0.405787
479002490.000,Miguel,recording,knock_twice_left,2,-0.462574,8.202516,5.169601,-0.401137,0.178115,-0.379811
479002500.000,Miguel,recording,knock_twice_left,2,-0.598075,8.282450,5.216179,-0.438500,0.135073,-0.327096
479002510.000,Miguel,recording,knock_twice_left,2,-0.644939,8.333942,5.204736,-0.499105,0.026965,-0.263535
479002520.000,Miguel,recording,knock_twice_left,2,-0.659009,8.327276,5.318855,-0.581226,-0.132339,-0.198592
479002530.000,Miguel,recording,knock_twice_left,2,-0.641154,8.232372,5.577405,-0.666080,-0.323880,-0.136453
479002540.000,Miguel,recording,knock_twice_left,2,-0.579843,8.156485,5.911680,-0.732282,-0.518698,-0.078452
479002550.000,Miguel,recording,knock_twice_left,2,-0.481553,8.190952,6.236218,-0.762656,-0.682007,-0.026553
479002560.000,Miguel,recording,knock_twice_left,2,-0.359291,8.196672,6.512413,-0.748848,-0.791798,0.021791
479002570.000,Miguel,recording,knock_twice_left,2,-0.230807,8.170251,6.757752,-0.694643,-0.845592,0.069405
479002580.000,Miguel,recording,knock_twice_left,2,-0.095095,8.085694,6.834422,-0.609493,-0.851292,0.114044
479002590.000,Miguel,recording,knock_twice_left,2,0.039813,8.014727,6.789490,-0.505549,-0.821077,0.150176
479002600.000,Miguel,recording,knock_twice_left,2,0.220899,7.970762,6.788214,-0.390213,-0.764444,0.172034
479002610.000,Miguel,recording,knock_twice_left,2,0.336912,7.933425,6.786646,-0.263772,-0.689271,0.180264
479002620.000,Miguel,recording,knock_twice_left,2,0.549353,7.834924,6.631870,-0.134244,-0.594417,0.176172
479002630.000,Miguel,recording,knock_twice_left,2,0.700452,7.773485,6.492435,-0.015036,-0.471039,0.154160
479002640.000,Miguel,recording,knock_twice_left,2,0.792541,7.740693,6.405814,0.090101,-0.328956,0.116397
479002650.000,Miguel,recording,knock_twice_left,2,0.846152,7.737659,6.292315,0.185739,-0.190769,0.074035
479002660.000,Miguel,recording,knock_twice_left,2,0.879438,7.804033,6.178962,0.272223,-0.065951,0.032293
479002670.000,Miguel,recording,knock_twice_left,2,0.767926,7.836122,6.004577,0.343615,0.041214,-0.006047
479002680.000,Miguel,recording,knock_twice_left,2,0.620974,7.798585,5.779712,0.394044,0.123914,-0.034759
479002690.000,Miguel,recording,knock_twice_left,2,0.585583,7.846112,5.553533,0.416873,0.186139,-0.051778
479002700.000,Miguel,recording,knock_twice_left,2,0.481988,7.988295,5.377008,0.409301,0.232470,-0.055324
479002710.000,Miguel,recording,knock_twice_left,2,0.288595,8.103116,5.283007,0.375293,0.254200,-0.039667
479002720.000,Miguel,recording,knock_twice_left,2,0.106499,8.115723,5.266891,0.322545,0.241601,-0.007564
479002730.000,Miguel,recording,knock_twice_left,2,0.138822,8.078632,5.369408,0.259529,0.192301,0.025709
479002740.000,Miguel,recording,knock_twice_left,2,0.097378,7.895428,5.367727,0.190877,0.107114,0.046601
479002750.000,Miguel,recording,knock_twice_left,2,0.160015,7.837138,5.249979,0.113978,-0.003003,0.048499
479002760.000,Miguel,recording,knock_twice_left,2,0.283724,7.974011,5.280220,0.032533,-0.117536,0.031994
479002770.000,Miguel,recording,knock_twice_left,2,0.404382,8.059536,5.457478,-0.031462,-0.221189,0.010621
479002780.000,Miguel,recording,knock_twice_left,2,0.315540,8.035879,5.677260,-0.057469,-0.297866,-0.000413
479002790.000,Miguel,recording,knock_twice_left,2,0.260009,7.996367,5.706060,-0.048056,-0.328556,-0.000121
479002800.000,Miguel,recording,knock_twice_left,2,0.443962,7.950139,5.556836,-0.020583,-0.308917,-0.000241
479002810.000,Miguel,recording,knock_twice_left,2,0.661344,7.964098,5.387974,0.010990,-0.247082,-0.012536
479002820.000,Miguel,recording,knock_twice_left,2,0.750183,7.969102,5.286711,0.039506,-0.156852,-0.039749
479002830.000,Miguel,recording,knock_twice_left,2,0.589559,7.857861,4.957286,0.052045,-0.055302,-0.071868
479002840.000,Miguel,recording,knock_twice_left,2,0.713243,7.664096,4.602439,0.034132,0.036716,-0.098799
479002850.000,Miguel,recording,knock_twice_left,2,1.758268,7.474319,4.318799,-0.013304,0.110027,-0.139455
479002860.000,Miguel,recording,knock_twice_left,2,2.884832,7.522478,4.591611,-0.076495,0.187410,-0.243295
479002870.000,Miguel,recording,knock_twice_left,2,0.882479,8.254427,5.629936,-0.130924,0.236788,-0.378928
479002880.000,Miguel,recording,knock_twice_left,2,-0.070609,7.944176,5.566772,-0.157524,0.219494,-0.421952
479002890.000,Miguel,recording,knock_twice_left,2,-1.539598,8.196222,6.398912,-0.143297,0.180972,-0.334827
479002900.000,Miguel,recording,knock_twice_left,2,-1.793699,8.321296,6.719532,-0.083501,0.145898,-0.161011
479002910.000,Miguel,recording,knock_twice_left,2,-1.813865,8.319719,6.669971,-0.002299,0.092108,0.054120
479002920.000,Miguel,recording,knock_twice_left,2,-1.093560,8.215676,6.233690,0.063053,0.018406,0.248075
479002930.000,Miguel,recording,knock_twice_left,2,-0.197092,7.953024,5.683763,0.090521,-0.061761,0.368411
479002940.000,Miguel,recording,knock_twice_left,2,0.476486,7.861647,5.123878,0.073875,-0.137659,0.399725
479002950.000,Miguel,recording,knock_twice_left,2,1.036559,7.873446,4.607839,0.011263,-0.181422,0.356540
479002960.000,Miguel,recording,knock_twice_left,2,1.228935,8.129695,4.410463,-0.085161,-0.177836,0.266679
479002970.000,Miguel,recording,knock_twice_left,2,1.161019,8.317513,4.731630,-0.179178,-0.146700,0.165218
479002980.000,Miguel,recording,knock_twice_left,2,0.908680,7.940569,5.186265,-0.232481,-0.107356,0.086675
479002990.000,Miguel,recording,knock_twice_left,2,0.945032,7.577960,5.459507,-0.239748,-0.049819,0.034825
479003000.000,Miguel,recording,knock_twice_left,2,1.589546,7.348197,5.577114,-0.218323,0.029899,-0.034068
479003010.000,Miguel,recording,knock_twice_left,2,2.016933,7.287160,5.634089,-0.182934,0.110066,-0.160468
479003020.000,Miguel,recording,knock_twice_left,2,1.924853,7.229518,5.606669,-0.146073,0.174937,-0.327194
479003030.000,Miguel,recording,knock_twice_left,2,1.167630,7.440742,5.621048,-0.115282,0.232223,-0.476192
479003040.000,Miguel,recording,knock_twice_left,2,0.179702,7.701420,5.798564,-0.083822,0.298222,-0.556833
479003050.000,Miguel,recording,knock_twice_left,2,-0.659683,7.950173,6.059829,-0.040520,0.373857,-0.549543
479003060.000,Miguel,recording,knock_twice_left,2,-1.405799,8.177275,6.156645,0.011468,0.446086,-0.458198
479003070.000,Miguel,recording,knock_twice_left,2,-1.758272,8.242159,6.139010,0.058393,0.499661,-0.302743
479003080.000,Miguel,recording,knock_twice_left,2,-1.479034,8.292631,6.060205,0.090923,0.523189,-0.124737
479003090.000,Miguel,recording,knock_twice_left,2,-0.746774,8.224881,6.022875,0.106465,0.504203,0.026943
479003100.000,Miguel,recording,knock_twice_left,2,-0.208186,8.226686,5.795867,0.099399,0.419193,0.120289
479003110.000,Miguel,recording,knock_twice_left,2,0.257500,8.166942,5.447717,0.054775,0.276980,0.148348
479003120.000,Miguel,recording,knock_twice_left,2,0.533567,8.180180,5.325500,-0.030172,0.121468,0.121389
479003130.000,Miguel,recording,knock_twice_left,2,0.509446,8.129942,5.462497,-0.126401,-0.017324,0.067079
479003140.000,Miguel,recording,knock_twice_left,2,0.241770,8.107529,5.696088,-0.201583,-0.122410,0.021309
479003150.000,Miguel,recording,knock_twice_left,2,0.079340,7.995032,5.933183,-0.244236,-0.181483,-0.001031
479003160.000,Miguel,recording,knock_twice_left,2,0.052838,7.964137,6.166726,-0.251513,-0.193045,-0.010150
479003170.000,Miguel,recording,knock_twice_left,2,0.054434,7.906511,6.446346,-0.221559,-0.172339,-0.018596
479003180.000,Miguel,recording,knock_twice_left,2,-0.003369,7.769952,6.674057,-0.155058,-0.139011,-0.027164
479003190.000,Miguel,recording,knock_twice_left,2,-0.047701,7.688674,6.762053,-0.061779,-0.102720,-0.033573
479003200.000,Miguel,recording,knock_twice_left,2,-0.065371,7.711835,6.571072,0.036759,-0.064159,-0.039658
479003210.000,Miguel,recording,knock_twice_left,2,0.007086,7.789726,6.261517,0.118997,-0.023253,-0.048246
479003220.000,Miguel,recording,knock_twice_left,2,0.048172,7.887931,5.897846,0.173825,0.018126,-0.059632
479003230.000,Miguel,recording,knock_twice_left,2,0.022555,7.953395,5.695449,0.202581,0.060971,-0.069678
479003240.000,Miguel,recording,knock_twice_left,2,-0.165452,7.959809,5.556975,0.211065,0.104897,-0.069951
479003250.000,Miguel,recording,knock_twice_left,2,-0.234781,7.956717,5.432438,0.201351,0.146251,-0.055390
479003260.000,Miguel,recording,knock_twice_left,2,-0.203386,8.018661,5.386140,0.176570,0.182109,-0.033435
479003270.000,Miguel,recording,knock_twice_left,2,-0.079593,8.043664,5.424278,0.145835,0.203975,-0.016719
479003280.000,Miguel,recording,knock_twice_left,2,0.002999,7.999811,5.500671,0.119309,0.204726,-0.011604
479003290.000,Miguel,recording,knock_twice_left,2,0.066454,7.934319,5.615827,0.105351,0.192872,-0.017684
479003300.000,Miguel,recording,knock_twice_left,2,0.010538,7.936763,5.731491,0.108532,0.186728,-0.029121
479003310.000,Miguel,recording,knock_twice_left,2,-0.140021,7.956106,5.777567,0.127729,0.192153,-0.035642
479003320.000,Miguel,recording,knock_twice_left,2,-0.190683,7.961519,5.732633,0.155363,0.202884,-0.032660
479003330.000,Miguel,recording,knock_twice_left,2,-0.144198,8.006238,5.584404,0.179407,0.216610,-0.027646
479003340.000,Miguel,recording,knock_twice_left,2,-0.123000,8.007492,5.371486,0.190032,0.230921,-0.026783
479003350.000,Miguel,recording,knock_twice_left,2,-0.204422,8.002550,5.225362,0.183558,0.238686,-0.025652
479003360.000,Miguel,recording,knock_twice_left,2,-0.369008,8.010954,5.204894,0.162772,0.235220,-0.017272
479003370.000,Miguel,recording,knock_twice_left,2,-0.514190,8.004810,5.267438,0.133202,0.218901,0.002459
479003380.000,Miguel,recording,knock_twice_left,2,-0.556541,7.982813,5.298354,0.097542,0.188009,0.032536
479003390.000,Miguel,recording,knock_twice_left,2,-0.544569,8.015045,5.336724,0.056356,0.141204,0.067352
479003400.000,Miguel,recording,knock_twice_left,2,-0.567290,8.062039,5.453127,0.016502,0.073358,0.104611
479003410.000,Miguel,recording,knock_twice_left,2,-0.556963,8.044614,5.704557,-0.010654,-0.014896,0.143843
479003420.000,Miguel,recording,knock_twice_left,2,-0.416733,8.013716,5.818980,-0.022663,-0.100911,0.177063
479003430.000,Miguel,recording,knock_twice_left,2,-0.214526,7.991889,5.781027,-0.025103,-0.164108,0.195254
479003440.000,Miguel,recording,knock_twice_left,2,-0.022305,7.985899,5.693142,-0.023967,-0.203528,0.195930
479003450.000,Miguel,recording,knock_twice_left,2,0.162230,8.031592,5.547418,-0.024927,-0.219321,0.181287
479003460.000,Miguel,recording,knock_twice_left,2,0.200870,8.116447,5.488867,-0.031037,-0.210768,0.160008
479003470.000,Miguel,recording,knock_twice_left,2,0.097368,8.177847,5.609674,-0.034636,-0.186603,0.145776
479003480.000,Miguel,recording,knock_twice_left,2,-0.079908,8.182747,5.784628,-0.025216,-0.161886,0.148807
479003490.000,Miguel,recording,knock_twice_left,2,-0.124588,8.158928,5.899144,-0.006042,-0.143857,0.165937
479003500.000,Miguel,recording,knock_twice_left,2,-0.046964,8.136014,5.829936,0.012500,-0.132999,0.183301
479003510.000,Miguel,recording,knock_twice_left,2,0.116712,8.089863,5.741516,0.022504,-0.132520,0.189822
479003520.000,Miguel,recording,knock_twice_left,2,0.219881,8.043463,5.574595,0.020861,-0.140610,0.182742
479003530.000,Miguel,recording,knock_twice_left,2,0.271920,8.039991,5.500533,0.010244,-0.144664,0.166090
479003540.000,Miguel,recording,knock_twice_left,2,0.292489,8.016573,5.460115,-0.002914,-0.132010,0.147506
479003550.000,Miguel,recording,knock_twice_left,2,0.262042,8.017815,5.587031,-0.009333,-0.102161,0.133468
479003560.000,Miguel,recording,knock_twice_left,2,0.159441,7.992783,5.714091,-0.002021,-0.065782,0.126295
479003570.000,Miguel,recording,knock_twice_left,2,0.212002,7.964876,5.779796,0.017237,-0.029271,0.121806
479003580.000,Miguel,recording,knock_twice_left,2,0.329807,7.914393,5.794809,0.043582,0.008504,0.111696
479003590.000,Miguel,recording,knock_twice_left,2,0.502955,7.873787,5.754076,0.074780,0.049127,0.090302
479003600.000,Miguel,recording,knock_twice_left,2,0.607910,7.890741,5.673747,0.108941,0.091664,0.057299
479003610.000,Miguel,recording,knock_twice_left,2,0.627341,7.928169,5.611489,0.143011,0.131353,0.017006
479003620.000,Miguel,recording,knock_twice_left,2,0.485204,7.950936,5.499553,0.172512,0.164127,-0.021141
479003630.000,Miguel,recording,knock_twice_left,2,0.296993,7.943850,5.383787,0.195025,0.189783,-0.046671
479003640.000,Miguel,recording,knock_twice_left,2,0.193578,7.922405,5.264297,0.211408,0.211198,-0.057074
479003650.000,Miguel,recording,knock_twice_left,2,0.202295,7.913574,5.080204,0.219233,0.233633,-0.058737
479003660.000,Miguel,recording,knock_twice_left,2,0.263817,7.952382,4.842630,0.210795,0.260676,-0.059367
479003670.000,Miguel,recording,knock_twice_left,2,0.296699,7.993814,4.675568,0.180895,0.285503,-0.064034
479003680.000,Miguel,recording,knock_twice_left,2,0.275463,8.035858,4.639714,0.133297,0.293893,-0.075050
479003690.000,Miguel,recording,knock_twice_left,2,0.138620,8.045170,4.709484,0.076915,0.276019,-0.090268
479003700.000,Miguel,recording,knock_twice_left,3,0.002171,7.998413,4.825385,0.020936,0.236711,-0.101952
479003710.000,Miguel,recording,knock_twice_left,3,-0.134757,7.983309,4.900576,-0.030802,0.189065,-0.101834
479003720.000,Miguel,recording,knock_twice_left,3,-0.221542,8.010559,4.960148,-0.078111,0.140119,-0.087308
479003730.000,Miguel,recording,knock_twice_left,3,-0.279700,8.028907,5.160104,-0.117618,0.090367,-0.061713
479003740.000,Miguel,recording,knock_twice_left,3,-0.267119,7.961750,5.362127,-0.143614,0.040678,-0.030767
479003750.000,Miguel,recording,knock_twice_left,3,-0.188323,7.927615,5.538547,-0.154513,-0.005115,-0.001133
479003760.000,Miguel,recording,knock_twice_left,3,-0.143006,7.912769,5.627370,-0.156219,-0.044384,0.023625
479003770.000,Miguel,recording,knock_twice_left,3,-0.076106,7.954653,5.680748,-0.154275,-0.076397,0.041847
479003780.000,Miguel,recording,knock_twice_left,3,0.012191,7.995386,5.735056,-0.149469,-0.100319,0.051050
479003790.000,Miguel,recording,knock_twice_left,3,0.099469,8.047000,5.757989,-0.140454,-0.112634,0.052504
479003800.000,Miguel,recording,knock_twice_left,3,0.186304,8.116874,5.746482,-0.127465,-0.109258,0.049502
479003810.000,Miguel,recording,knock_twice_left,3,0.234843,8.113635,5.776906,-0.111727,-0.092418,0.044026
479003820.000,Miguel,recording,knock_twice_left,3,0.222664,8.083109,5.767642,-0.094401,-0.068273,0.035798
479003830.000,Miguel,recording,knock_twice_left,3,0.246904,8.042366,5.759333,-0.076259,-0.042194,0.024757
479003840.000,Miguel,recording,knock_twice_left,3,0.253782,8.042802,5.778035,-0.055775,-0.018875,0.013081
479003850.000,Miguel,recording,knock_twice_left,3,0.231347,8.061823,5.775471,-0.032556,0.004066,0.002569
479003860.000,Miguel,recording,knock_twice_left,3,0.181502,8.065325,5.749682,-0.010048,0.030323,-0.005173
479003870.000,Miguel,recording,knock_twice_left,3,0.050212,8.060983,5.762763,0.010426,0.050262,-0.006873
479003880.000,Miguel,recording,knock_twice_left,3,-0.063807,7.999377,5.768345,0.027839,0.054207,-0.003262
479003890.000,Miguel,recording,knock_twice_left,3,-0.034722,8.003721,5.693526,0.039353,0.045235,0.001830
479003900.000,Miguel,recording,knock_twice_left,3,0.046506,7.978213,5.628468,0.043886,0.032117,0.005673
479003910.000,Miguel,recording,knock_twice_left,3,0.137043,7.979953,5.568402,0.042146,0.023058,0.006289
479003920.000,Miguel,recording,knock_twice_left,3,0.181312,7.973162,5.517712,0.036186,0.019998,0.003900
479003930.000,Miguel,recording,knock_twice_left,3,0.130556,7.987633,5.567362,0.031075,0.016436,0.000335
479003940.000,Miguel,recording,knock_twice_left,3,0.047812,7.950068,5.631117,0.031793,0.007252,-0.003204
479003950.000,Miguel,recording,knock_twice_left,3,0.045671,7.987365,5.664999,0.038512,-0.001334,-0.006544
479003960.000,Miguel,recording,knock_twice_left,3,0.057985,8.018480,5.639508,0.049329,-0.001210,-0.009677
479003970.000,Miguel,recording,knock_twice_left,3,0.067240,8.035476,5.586147,0.060801,0.006284,-0.012651
479003980.000,Miguel,recording,knock_twice_left,3,0.112214,8.029808,5.478052,0.071156,0.016713,-0.017165
479003990.000,Miguel,recording,knock_twice_left,3,0.092906,8.035186,5.432473,0.079396,0.028776,-0.025040
479004000.000,Miguel,recording,knock_twice_left,3,0.063172,7.978304,5.345443,0.081652,0.042129,-0.033697
479004010.000,Miguel,recording,knock_twice_left,3,0.007508,7.986939,5.256457,0.075514,0.056397,-0.039744
479004020.000,Miguel,recording,knock_twice_left,3,-0.014861,7.993031,5.216691,0.061772,0.070454,-0.043743
479004030.000,Miguel,recording,knock_twice_left,3,-0.017135,7.957545,5.158159,0.045794,0.086391,-0.049670
479004040.000,Miguel,recording,knock_twice_left,3,0.023369,7.932797,5.276266,0.038214,0.114874,-0.059700
479004050.000,Miguel,recording,knock_twice_left,3,-0.027113,7.961302,5.501767,0.049825,0.163345,-0.069621
479004060.000,Miguel,recording,knock_twice_left,3,-0.185054,7.990532,5.675884,0.082712,0.222860,-0.072372
479004070.000,Miguel,recording,knock_twice_left,3,-0.207371,8.038079,5.708137,0.126608,0.277277,-0.068042
479004080.000,Miguel,recording,knock_twice_left,3,-0.183630,8.095491,5.689364,0.167846,0.316447,-0.064933
479004090.000,Miguel,recording,knock_twice_left,3,-0.207358,8.084461,5.632968,0.197662,0.335956,-0.064581
479004100.000,Miguel,recording,knock_twice_left,3,-0.205303,8.100255,5.457599,0.210328,0.335262,-0.062580
479004110.000,Miguel,recording,knock_twice_left,3,-0.190707,8.194254,5.309036,0.201483,0.317353,-0.059749
479004120.000,Miguel,recording,knock_twice_left,3,-0.152011,8.235227,5.220138,0.173548,0.285925,-0.058673
479004130.000,Miguel,recording,knock_twice_left,3,-0.169121,8.277848,5.196831,0.134204,0.243266,-0.059264
479004140.000,Miguel,recording,knock_twice_left,3,-0.216779,8.219517,5.180720,0.092062,0.195441,-0.059190
479004150.000,Miguel,recording,knock_twice_left,3,-0.285347,8.197645,5.196173,0.053082,0.154769,-0.056320
479004160.000,Miguel,recording,knock_twice_left,3,-0.287972,8.194708,5.267005,0.020564,0.129560,-0.049794
479004170.000,Miguel,recording,knock_twice_left,3,-0.308421,8.198375,5.336823,-0.002027,0.117609,-0.040664
479004180.000,Miguel,recording,knock_twice_left,3,-0.337334,8.179734,5.452778,-0.011622,0.111712,-0.031980
479004190.000,Miguel,recording,knock_twice_left,3,-0.384190,8.133759,5.574774,-0.006034,0.105563,-0.023356
479004200.000,Miguel,recording,knock_twice_left,3,-0.412927,8.097997,5.692436,0.012964,0.097580,-0.012347
479004210.000,Miguel,recording,knock_twice_left,3,-0.410135,8.082458,5.736244,0.041171,0.093302,-0.000098
479004220.000,Miguel,recording,knock_twice_left,3,-0.362478,8.089093,5.693770,0.072103,0.095542,0.012453
479004230.000,Miguel,recording,knock_twice_left,3,-0.355789,8.101060,5.585224,0.097375,0.097170,0.023493
479004240.000,Miguel,recording,knock_twice_left,3,-0.286284,8.130245,5.477432,0.110713,0.092478,0.030077
479004250.000,Miguel,recording,knock_twice_left,3,-0.249405,8.137237,5.340514,0.109597,0.084445,0.032485
479004260.000,Miguel,recording,knock_twice_left,3,-0.221802,8.183269,5.250613,0.096289,0.075611,0.031260
479004270.000,Miguel,recording,knock_twice_left,3,-0.193527,8.171172,5.224842,0.076858,0.064951,0.025202
479004280.000,Miguel,recording,knock_twice_left,3,-0.179387,8.200274,5.223898,0.057620,0.056421,0.014559
479004290.000,Miguel,recording,knock_twice_left,3,-0.243569,8.186891,5.251491,0.043226,0.056965,0.004316
479004300.000,Miguel,recording,knock_twice_left,3,-0.300634,8.171700,5.280594,0.038701,0.068467,-0.002406
479004310.000,Miguel,recording,knock_twice_left,3,-0.339463,8.193828,5.333644,0.045301,0.090349,-0.005195
479004320.000,Miguel,recording,knock_twice_left,3,-0.355855,8.161022,5.345914,0.057343,0.120638,-0.002981
479004330.000,Miguel,recording,knock_twice_left,3,-0.369904,8.168393,5.328836,0.068169,0.150505,0.002883
479004340.000,Miguel,recording,knock_twice_left,3,-0.388513,8.184928,5.327915,0.074433,0.166578,0.010521
479004350.000,Miguel,recording,knock_twice_left,3,-0.366511,8.162911,5.287430,0.075253,0.161803,0.017031
479004360.000,Miguel,recording,knock_twice_left,3,-0.311593,8.148171,5.277516,0.070778,0.140416,0.018303
479004370.000,Miguel,recording,knock_twice_left,3,-0.275427,8.128896,5.229941,0.062364,0.112179,0.013732
479004380.000,Miguel,recording,knock_twice_left,3,-0.275647,8.154817,5.181320,0.051483,0.086159,0.007133
479004390.000,Miguel,recording,knock_twice_left,3,-0.331290,8.183020,5.148314,0.042505,0.071326,0.002589
479004400.000,Miguel,recording,knock_twice_left,3,-0.334538,8.146882,5.051707,0.040037,0.077066,0.000813
479004410.000,Miguel,recording,knock_twice_left,3,-0.325826,8.139853,5.037108,0.041835,0.105752,-0.001282
479004420.000,Miguel,recording,knock_twice_left,3,-0.307552,8.144328,4.993990,0.043829,0.146002,-0.005044
479004430.000,Miguel,recording,knock_twice_left,3,-0.335289,8.144415,4.956254,0.042562,0.179286,-0.009581
479004440.000,Miguel,recording,knock_twice_left,3,-0.324614,8.121709,4.900440,0.034627,0.195807,-0.016271
479004450.000,Miguel,recording,knock_twice_left,3,-0.303069,8.074416,4.808093,0.015903,0.196778,-0.026212
479004460.000,Miguel,recording,knock_twice_left,3,-0.360829,8.050962,4.695061,-0.018369,0.184823,-0.038467
479004470.000,Miguel,recording,knock_twice_left,3,-0.362573,8.018327,4.612495,-0.068220,0.162328,-0.051905
479004480.000,Miguel,recording,knock_twice_left,3,-0.389098,8.032966,4.599187,-0.128794,0.134981,-0.066447
479004490.000,Miguel,recording,knock_twice_left,3,-0.406259,8.056681,4.596547,-0.194176,0.111021,-0.079708
479004500.000,Miguel,recording,knock_twice_left,3,-0.469046,8.074382,4.699335,-0.255909,0.090379,-0.086179
479004510.000,Miguel,recording,knock_twice_left,3,-0.492883,8.012806,4.825209,-0.305078,0.069431,-0.084984
479004520.000,Miguel,recording,knock_twice_left,3,-0.531261,7.984344,4.960368,-0.339580,0.050598,-0.080077
479004530.000,Miguel,recording,knock_twice_left,3,-0.621846,7.976959,5.084770,-0.361751,0.033942,-0.071658
479004540.000,Miguel,recording,knock_twice_left,3,-0.744880,7.931131,5.190403,-0.372086,0.019267,-0.056904
479004550.000,Miguel,recording,knock_twice_left,3,-0.752719,7.998247,5.256409,-0.372867,0.014343,-0.036779
479004560.000,Miguel,recording,knock_twice_left,3,-0.655057,8.106308,5.337964,-0.366520,0.029565,-0.014780
479004570.000,Miguel,recording,knock_twice_left,3,-0.556360,8.210110,5.535929,-0.348320,0.066216,0.005260
479004580.000,Miguel,recording,knock_twice_left,3,-0.532446,8.178903,5.827751,-0.311655,0.114124,0.021580
479004590.000,Miguel,recording,knock_twice_left,3,-0.500982,8.090988,6.082756,-0.256806,0.162233,0.034149
479004600.000,Miguel,recording,knock_twice_left,3,-0.462883,8.044349,6.202393,-0.190132,0.203052,0.040183
479004610.000,Miguel,recording,knock_twice_left,3,-0.420371,8.018663,6.254117,-0.117861,0.230412,0.038728
479004620.000,Miguel,recording,knock_twice_left,3,-0.383556,8.033045,6.241220,-0.046255,0.247731,0.031753
479004630.000,Miguel,recording,knock_twice_left,3,-0.404757,8.037980,6.111470,0.014235,0.266178,0.022399
479004640.000,Miguel,recording,knock_twice_left,3,-0.435356,8.051067,5.979735,0.056059,0.285532,0.014917
479004650.000,Miguel,recording,knock_twice_left,3,-0.473750,8.054165,5.957906,0.081766,0.294415,0.008803
479004660.000,Miguel,recording,knock_twice_left,3,-0.454565,8.084293,5.937258,0.097122,0.288377,-0.000498
479004670.000,Miguel,recording,knock_twice_left,3,-0.508392,8.077352,5.915442,0.106494,0.276594,-0.014654
479004680.000,Miguel,recording,knock_twice_left,3,-0.537125,8.058005,5.955098,0.118309,0.276267,-0.030733
479004690.000,Miguel,recording,knock_twice_left,3,-0.527088,8.094322,5.973045,0.141295,0.303298,-0.045204
479004700.000,Miguel,recording,knock_twice_left,3,-0.479329,8.137505,5.961881,0.177907,0.360770,-0.058984
479004710.000,Miguel,recording,knock_twice_left,3,-0.443700,8.175558,5.898338,0.224892,0.437309,-0.074056
479004720.000,Miguel,recording,knock_twice_left,3,-0.441916,8.147533,5.789228,0.271768,0.513857,-0.089660
479004730.000,Miguel,recording,knock_twice_left,3,-0.511161,8.136826,5.659459,0.306716,0.568292,-0.105131
479004740.000,Miguel,recording,knock_twice_left,3,-0.658750,8.112849,5.563547,0.324864,0.583920,-0.118064
479004750.000,Miguel,recording,knock_twice_left,3,-0.831869,8.115975,5.452360,0.326853,0.561137,-0.124667
479004760.000,Miguel,recording,knock_twice_left,3,-1.022863,8.122577,5.308071,0.312682,0.513797,-0.122550
479004770.000,Miguel,recording,knock_twice_left,3,-1.133685,8.162385,5.135628,0.280445,0.454244,-0.109705
479004780.000,Miguel,recording,knock_twice_left,3,-1.233591,8.254098,5.017648,0.230123,0.383845,-0.086094
479004790.000,Miguel,recording,knock_twice_left,3,-1.335534,8.306814,4.914017,0.164712,0.294797,-0.054865
479004800.000,Miguel,recording,knock_twice_left,3,-1.423798,8.307635,4.890502,0.089909,0.184068,-0.019984
479004810.000,Miguel,recording,knock_twice_left,3,-1.400187,8.305756,4.869340,0.012785,0.061909,0.014448
479004820.000,Miguel,recording,knock_twice_left,3,-1.368238,8.295416,4.939621,-0.061453,-0.058290,0.045790
479004830.000,Miguel,recording,knock_twice_left,3,-1.366846,8.340897,4.982038,-0.129278,-0.168541,0.075628
479004840.000,Miguel,recording,knock_twice_left,3,-1.363612,8.358786,5.097724,-0.187046,-0.263065,0.104392
479004850.000,Miguel,recording,knock_twice_left,3,-1.336409,8.312711,5.178335,-0.235533,-0.337348,0.130468
479004860.000,Miguel,recording,knock_twice_left,3,-1.355807,8.350397,5.133463,-0.280714,-0.393623,0.153947
479004870.000,Miguel,recording,knock_twice_left,3,-1.362127,8.273275,5.231928,-0.322704,-0.446505,0.175063
479004880.000,Miguel,recording,knock_twice_left,3,-1.324010,8.208173,5.302466,-0.362160,-0.508859,0.196081
479004890.000,Miguel,recording,knock_twice_left,3,-1.158713,8.164869,5.276639,-0.402690,-0.581651,0.217190
479004900.000,Miguel,recording,knock_twice_left,3,-0.987628,8.143461,5.416401,-0.437788,-0.661123,0.233317
479004910.000,Miguel,recording,knock_twice_left,3,-0.876641,8.058251,5.535719,-0.456503,-0.736457,0.243203
479004920.000,Miguel,recording,knock_twice_left,3,-0.730296,7.967879,5.664666,-0.453167,-0.788413,0.247747
479004930.000,Miguel,recording,knock_twice_left,3,-0.608277,7.951648,5.783043,-0.427435,-0.798389,0.245335
479004940.000,Miguel,recording,knock_twice_left,3,-0.496087,7.937193,5.730531,-0.385476,-0.755730,0.238195
479004950.000,Miguel,recording,knock_twice_left,3,-0.358068,7.941994,5.716054,-0.330689,-0.660582,0.228981
479004960.000,Miguel,recording,knock_twice_left,3,-0.215587,7.902816,5.785440,-0.260144,-0.520633,0.215800
479004970.000,Miguel,recording,knock_twice_left,3,-0.104477,7.860882,5.860162,-0.177458,-0.350160,0.197381
479004980.000,Miguel,recording,knock_twice_left,3,-0.037704,7.835482,5.895408,-0.090767,-0.171895,0.173992
479004990.000,Miguel,recording,knock_twice_left,3,0.051396,7.805814,5.926230,-0.006749,-0.011988,0.146201
479005000.000,Miguel,recording,knock_twice_left,3,0.077885,7.808016,5.864737,0.065141,0.108869,0.116462
479005010.000,Miguel,recording,knock_twice_left,3,0.000623,7.805054,5.714723,0.114265,0.181889,0.089197
479005020.000,Miguel,recording,knock_twice_left,3,-0.055736,7.829320,5.595115,0.136684,0.207100,0.068112
479005030.000,Miguel,recording,knock_twice_left,3,-0.128793,7.856142,5.431929,0.133125,0.191655,0.054442
479005040.000,Miguel,recording,knock_twice_left,3,-0.144836,7.928386,5.360158,0.107525,0.150491,0.047291
479005050.000,Miguel,recording,knock_twice_left,3,-0.190387,7.964201,5.346119,0.069723,0.099244,0.045791
479005060.000,Miguel,recording,knock_twice_left,3,-0.250499,7.952104,5.402067,0.031095,0.049770,0.050038
479005070.000,Miguel,recording,knock_twice_left,3,-0.244851,7.953743,5.491648,0.002032,0.013802,0.058751
479005080.000,Miguel,recording,knock_twice_left,3,-0.245899,7.944319,5.607573,-0.012127,-0.000879,0.070109
479005090.000,Miguel,recording,knock_twice_left,3,-0.212407,7.930140,5.584752,-0.014742,0.004799,0.081998
479005100.000,Miguel,recording,knock_twice_left,3,-0.162821,7.944535,5.652904,-0.008708,0.023509,0.091217
479005110.000,Miguel,recording,knock_twice_left,3,-0.121318,7.942009,5.726343,0.007859,0.047198,0.096470
479005120.000,Miguel,recording,knock_twice_left,3,-0.120340,7.922800,5.851361,0.034791,0.072660,0.098689
479005130.000,Miguel,recording,knock_twice_left,3,-0.157710,7.905415,5.861606,0.066470,0.099668,0.099511
479005140.000,Miguel,recording,knock_twice_left,3,-0.149817,7.929535,5.812287,0.096174,0.125939,0.100042
479005150.000,Miguel,recording,knock_twice_left,3,-0.133807,7.958611,5.720440,0.117038,0.147055,0.098370
479005160.000,Miguel,recording,knock_twice_left,3,-0.087156,7.944464,5.493938,0.122671,0.164912,0.090395
479005170.000,Miguel,recording,knock_twice_left,3,0.042081,7.936651,5.426118,0.114466,0.189767,0.074331
479005180.000,Miguel,recording,knock_twice_left,3,0.147135,7.894021,5.379217,0.101209,0.231319,0.049059
479005190.000,Miguel,recording,knock_twice_left,3,0.252101,7.895621,5.378653,0.091593,0.296389,0.012040
479005200.000,Miguel,recording,knock_twice_left,3,0.389704,7.892942,5.415544,0.091776,0.391977,-0.037380
479005210.000,Miguel,recording,knock_twice_left,3,0.414578,7.927020,5.502496,0.108284,0.516821,-0.095307
479005220.000,Miguel,recording,knock_twice_left,3,0.266448,7.943545,5.760467,0.148370,0.651538,-0.150902
479005230.000,Miguel,recording,knock_twice_left,3,-0.007764,7.949464,5.997374,0.212217,0.766375,-0.192280
479005240.000,Miguel,recording,knock_twice_left,3,-0.247783,8.012381,6.086661,0.285326,0.835650,-0.215050
479005250.000,Miguel,recording,knock_twice_left,3,-0.446012,8.049285,5.923641,0.343527,0.847354,-0.221252
479005260.000,Miguel,recording,knock_twice_left,3,-0.573809,8.141073,5.630780,0.367516,0.801481,-0.212492
479005270.000,Miguel,recording,knock_twice_left,3,-0.750633,8.205188,5.317267,0.350161,0.701799,-0.190628
479005280.000,Miguel,recording,knock_twice_left,3,-0.912889,8.245797,5.007857,0.293089,0.557588,-0.159088
479005290.000,Miguel,recording,knock_twice_left,3,-1.037785,8.187784,4.833098,0.205393,0.389268,-0.122335
479005300.000,Miguel,recording,knock_twice_left,3,-1.040542,8.151209,4.743034,0.100891,0.220366,-0.086179
479005310.000,Miguel,recording,knock_twice_left,3,-0.990296,8.134092,4.695133,-0.008093,0.067919,-0.054967
479005320.000,Miguel,recording,knock_twice_left,3,-0.882213,8.145570,4.727778,-0.109867,-0.058689,-0.031452
479005330.000,Miguel,recording,knock_twice_left,3,-0.771583,8.184675,4.810314,-0.194444,-0.154684,-0.015794
479005340.000,Miguel,recording,knock_twice_left,3,-0.761025,8.153098,4.975971,-0.254538,-0.215758,-0.004263
479005350.000,Miguel,recording,knock_twice_left,3,-0.805063,8.079907,5.253124,-0.281110,-0.241104,0.008192
479005360.000,Miguel,recording,knock_twice_left,3,-0.763902,8.020629,5.565869,-0.267732,-0.233806,0.020761
479005370.000,Miguel,recording,knock_twice_left,3,-0.670972,7.989952,5.704416,-0.219685,-0.199325,0.028372
479005380.000,Miguel,recording,knock_twice_left,3,-0.653640,7.951619,5.786901,-0.151075,-0.147920,0.030092
479005390.000,Miguel,recording,knock_twice_left,3,-0.623152,7.910517,5.709553,-0.076382,-0.090963,0.029216
479005400.000,Miguel,recording,knock_twice_left,3,-0.584869,7.936862,5.645868,-0.008221,-0.038338,0.026098
479005410.000,Miguel,recording,knock_twice_left,3,-0.556277,7.969980,5.476730,0.043751,-0.001405,0.019269
479005420.000,Miguel,recording,knock_twice_left,3,-0.561399,8.018947,5.357886,0.074986,0.011076,0.009197
479005430.000,Miguel,recording,knock_twice_left,3,-0.573588,8.053140,5.240846,0.085031,0.000361,-0.001142
479005440.000,Miguel,recording,knock_twice_left,3,-0.641274,8.068550,5.159452,0.076740,-0.024553,-0.007043
479005450.000,Miguel,recording,knock_twice_left,3,-0.645181,8.057409,5.122912,0.055926,-0.051322,-0.007357
479005460.000,Miguel,recording,knock_twice_left,3,-0.622085,8.073574,5.142700,0.030716,-0.073428,-0.003658
479005470.000,Miguel,recording,knock_twice_left,3,-0.585668,8.120681,5.226521,0.010311,-0.094254,0.002019
479005480.000,Miguel,recording,knock_twice_left,3,-0.584320,8.126508,5.292457,-0.001939,-0.116231,0.008114
479005490.000,Miguel,recording,knock_twice_left,3,-0.622385,8.106453,5.306495,-0.011602,-0.136773,0.015452
479005500.000,Miguel,recording,knock_twice_left,3,-0.707831,8.101120,5.304595,-0.022922,-0.159560,0.027070
479005510.000,Miguel,recording,knock_twice_left,3,-0.752057,8.091245,5.309964,-0.035928,-0.194242,0.045093
479005520.000,Miguel,recording,knock_twice_left,3,-0.767468,8.092990,5.237482,-0.053727,-0.241228,0.067066
479005530.000,Miguel,recording,knock_twice_left,3,-0.732953,8.112473,5.164371,-0.079195,-0.291566,0.089032
479005540.000,Miguel,recording,knock_twice_left,3,-0.633688,8.027325,5.182920,-0.108226,-0.336560,0.110012
479005550.000,Miguel,recording,knock_twice_left,3,-0.541077,8.011606,5.254321,-0.133900,-0.372201,0.127233
479005560.000,Miguel,recording,knock_twice_left,3,-0.522641,7.998235,5.387701,-0.150200,-0.399339,0.138514
479005570.000,Miguel,recording,knock_twice_left,3,-0.526458,8.023819,5.525732,-0.150498,-0.419899,0.148224
479005580.000,Miguel,recording,knock_twice_left,3,-0.503074,7.968376,5.628246,-0.132722,-0.430143,0.160298
479005590.000,Miguel,recording,knock_twice_left,3,-0.433718,7.927682,5.726330,-0.102554,-0.422954,0.172914
479005600.000,Miguel,recording,knock_twice_left,3,-0.309461,7.930088,5.716524,-0.069431,-0.400536,0.183297
479005610.000,Miguel,recording,knock_twice_left,3,-0.199189,7.972343,5.625546,-0.041706,-0.372709,0.188280
479005620.000,Miguel,recording,knock_twice_left,3,-0.106355,8.055751,5.560415,-0.026745,-0.347367,0.183927
479005630.000,Miguel,recording,knock_twice_left,3,-0.089171,8.081377,5.424369,-0.030381,-0.332303,0.170832
479005640.000,Miguel,recording,knock_twice_left,3,-0.117358,8.084361,5.285654,-0.055789,-0.333105,0.154606
479005650.000,Miguel,recording,knock_twice_left,3,-0.155013,8.113006,5.144684,-0.101086,-0.347987,0.141725
479005660.000,Miguel,recording,knock_twice_left,3,-0.191592,8.126734,5.175525,-0.156740,-0.370892,0.136201
479005670.000,Miguel,recording,knock_twice_left,3,-0.213819,8.164186,5.254839,-0.212415,-0.394781,0.139543
479005680.000,Miguel,recording,knock_twice_left,3,-0.186020,8.208598,5.319633,-0.262387,-0.413273,0.151004
479005690.000,Miguel,recording,knock_twice_left,3,-0.209674,8.244427,5.423286,-0.302547,-0.428214,0.166998
479005700.000,Miguel,recording,knock_twice_left,3,-0.204421,8.206138,5.571953,-0.328067,-0.442425,0.182705
479005710.000,Miguel,recording,knock_twice_left,3,-0.158633,8.136114,5.740826,-0.336170,-0.447680,0.194075
479005720.000,Miguel,recording,knock_twice_left,3,-0.108089,8.080086,5.816403,-0.330429,-0.434204,0.201272
479005730.000,Miguel,recording,knock_twice_left,3,-0.046224,8.042997,5.794862,-0.319806,-0.403701,0.206880
479005740.000,Miguel,recording,knock_twice_left,3,0.082729,8.077876,5.778024,-0.311339,-0.368035,0.208811
479005750.000,Miguel,recording,knock_twice_left,3,0.134797,8.132560,5.895095,-0.300480,-0.338405,0.205493
479005760.000,Miguel,recording,knock_twice_left,3,0.124735,8.043364,6.078139,-0.277061,-0.316439,0.201572
479005770.000,Miguel,recording,knock_twice_left,3,0.124170,7.919391,6.245892,-0.238062,-0.295627,0.200927
479005780.000,Miguel,recording,knock_twice_left,3,0.191547,7.825400,6.372365,-0.185185,-0.271614,0.202007
479005790.000,Miguel,recording,knock_twice_left,3,0.336502,7.774388,6.475425,-0.121012,-0.247824,0.198743
479005800.000,Miguel,recording,knock_twice_left,3,0.427577,7.675818,6.426997,-0.054326,-0.233514,0.185980
479005810.000,Miguel,recording,knock_twice_left,3,0.491327,7.599237,6.233780,-0.000808,-0.233754,0.161933
479005820.000,Miguel,recording,knock_twice_left,3,0.498498,7.563439,6.029377,0.031000,-0.243442,0.124972
479005830.000,Miguel,recording,knock_twice_left,3,0.538764,7.534040,5.927929,0.046124,-0.247214,0.077654
479005840.000,Miguel,recording,knock_twice_left,3,0.578629,7.602772,5.874432,0.056695,-0.220965,0.030648
479005850.000,Miguel,recording,knock_twice_left,3,0.515691,7.734207,5.966123,0.074757,-0.155052,-0.004127
479005860.000,Miguel,recording,knock_twice_left,3,0.426331,7.803421,6.090651,0.108171,-0.072294,-0.020377
479005870.000,Miguel,recording,knock_twice_left,3,0.441130,7.805473,6.094986,0.154370,-0.005013,-0.021699
479005880.000,Miguel,recording,knock_twice_left,3,0.516089,7.852251,5.991829,0.196354,0.028628,-0.021449
479005890.000,Miguel,recording,knock_twice_left,3,0.527517,7.872631,5.743617,0.215196,0.022265,-0.026789
479005900.000,Miguel,recording,knock_twice_left,3,0.530585,7.880790,5.497140,0.203472,-0.020004,-0.036766
479005910.000,Miguel,recording,knock_twice_left,3,0.410274,7.922242,5.503806,0.169501,-0.087966,-0.050143
479005920.000,Miguel,recording,knock_twice_left,3,0.125577,7.922997,5.642472,0.132934,-0.177612,-0.060926
479005930.000,Miguel,recording,knock_twice_left,3,0.020112,7.846985,5.651561,0.105739,-0.272561,-0.063306
479005940.000,Miguel,recording,knock_twice_left,3,0.094490,7.833781,5.418608,0.080047,-0.334221,-0.060443
479005950.000,Miguel,recording,knock_twice_left,3,0.418942,7.744745,5.291003,0.050321,-0.369646,-0.059901
479005960.000,Miguel,recording,knock_twice_left,3,2.266993,7.420252,4.728088,0.016109,-0.404167,-0.090977
479005970.000,Miguel,recording,knock_twice_left,3,2.761513,7.550948,5.129540,-0.039327,-0.387753,-0.211892
479005980.000,Miguel,recording,knock_twice_left,3,2.339752,8.044983,4.948292,-0.116429,-0.354211,-0.397409
479005990.000,Miguel,recording,knock_twice_left,3,0.903552,7.880486,5.363541,-0.187137,-0.335149,-0.530082
479006000.000,Miguel,recording,knock_twice_left,3,-0.163396,8.125620,6.053648,-0.213695,-0.260745,-0.549976
479006010.000,Miguel,recording,knock_twice_left,3,-1.120020,8.395995,6.894175,-0.157772,-0.139073,-0.454071
479006020.000,Miguel,recording,knock_twice_left,3,-1.683872,8.383669,7.246574,-0.019313,-0.007479,-0.256051
479006030.000,Miguel,recording,knock_twice_left,3,-1.613995,8.311468,7.323315,0.153579,0.101528,-0.011879
479006040.000,Miguel,recording,knock_twice_left,3,-1.101995,7.858355,6.809572,0.304112,0.151316,0.208184
479006050.000,Miguel,recording,knock_twice_left,3,0.066930,7.821765,5.848418,0.385807,0.154829,0.334280
479006060.000,Miguel,recording,knock_twice_left,3,1.065079,7.940872,4.878375,0.372833,0.149434,0.332640
479006070.000,Miguel,recording,knock_twice_left,3,1.356437,7.989532,4.411299,0.276677,0.131259,0.243239
479006080.000,Miguel,recording,knock_twice_left,3,1.289193,8.136986,4.551543,0.140334,0.071932,0.127723
479006090.000,Miguel,recording,knock_twice_left,3,1.046128,8.418144,5.138010,0.024960,-0.037615,0.028393
479006100.000,Miguel,recording,knock_twice_left,3,0.466903,8.123138,6.016087,-0.019599,-0.172054,-0.026951
479006110.000,Miguel,recording,knock_twice_left,3,0.096718,7.731772,6.203928,0.005873,-0.297690,-0.025206
479006120.000,Miguel,recording,knock_twice_left,3,0.693385,7.317677,5.640330,0.048241,-0.401942,-0.002738
479006130.000,Miguel,recording,knock_twice_left,3,2.024296,7.260131,4.708765,0.037637,-0.453511,-0.048056
479006140.000,Miguel,recording,knock_twice_left,3,2.345521,7.672079,4.351584,-0.047658,-0.442309,-0.195195
479006150.000,Miguel,recording,knock_twice_left,3,1.967005,7.655301,4.345283,-0.162665,-0.385661,-0.370318
479006160.000,Miguel,recording,knock_twice_left,3,0.779171,7.769118,4.873164,-0.252452,-0.271742,-0.485283
479006170.000,Miguel,recording,knock_twice_left,3,-0.238296,8.113841,5.476596,-0.282456,-0.103041,-0.498017
479006180.000,Miguel,recording,knock_twice_left,3,-1.025386,8.429263,6.116443,-0.238056,0.089284,-0.405239
479006190.000,Miguel,recording,knock_twice_left,3,-1.387548,8.352381,6.755800,-0.124690,0.268183,-0.239559
479006200.000,Miguel,recording,knock_twice_left,3,-1.187225,8.204012,6.998508,0.031138,0.404337,-0.054950
479006210.000,Miguel,recording,knock_twice_left,3,-0.623953,8.041275,6.820540,0.189845,0.472405,0.099581
479006220.000,Miguel,recording,knock_twice_left,3,0.069746,7.966586,6.183747,0.306671,0.453919,0.194444
479006230.000,Miguel,recording,knock_twice_left,3,0.650745,7.810404,5.362617,0.342014,0.368702,0.219172
479006240.000,Miguel,recording,knock_twice_left,3,1.109578,7.724120,4.794625,0.284946,0.267793,0.175141
479006250.000,Miguel,recording,knock_twice_left,3,1.392356,7.896248,4.587548,0.163247,0.167783,0.080247
479006260.000,Miguel,recording,knock_twice_left,3,1.235358,8.036913,4.671235,0.020969,0.060079,-0.029059
479006270.000,Miguel,recording,knock_twice_left,3,0.945552,8.038603,4.997840,-0.105619,-0.041265,-0.118793
479006280.000,Miguel,recording,knock_twice_left,3,0.710057,7.986258,5.403621,-0.193561,-0.113485,-0.175815
479006290.000,Miguel,recording,knock_twice_left,3,0.505430,7.952952,5.849792,-0.233488,-0.149560,-0.204201
479006300.000,Miguel,recording,knock_twice_left,3,0.337907,7.900770,6.194192,-0.226403,-0.163213,-0.213514
479006310.000,Miguel,recording,knock_twice_left,3,0.171097,7.856422,6.389242,-0.182056,-0.171492,-0.211831
479006320.000,Miguel,recording,knock_twice_left,3,0.086070,7.845719,6.418493,-0.117211,-0.180543,-0.202938
479006330.000,Miguel,recording,knock_twice_left,3,0.080190,7.856042,6.282730,-0.049537,-0.185067,-0.189766
479006340.000,Miguel,recording,knock_twice_left,3,0.137633,7.999317,6.110624,0.009453,-0.175634,-0.175022
479006350.000,Miguel,recording,knock_twice_left,3,0.052394,8.144649,5.977065,0.054380,-0.157342,-0.155807
479006360.000,Miguel,recording,knock_twice_left,3,-0.088561,8.156048,5.819151,0.083931,-0.145031,-0.126325
479006370.000,Miguel,recording,knock_twice_left,3,-0.038806,8.087859,5.655207,0.098841,-0.139395,-0.090843
479006380.000,Miguel,recording,knock_twice_left,3,0.131539,8.048824,5.505816,0.098769,-0.132135,-0.063131
479006390.000,Miguel,recording,knock_twice_left,3,0.329491,8.042589,5.442383,0.085408,-0.125304,-0.052549
479006400.000,Miguel,recording,knock_twice_left,3,0.412958,8.070619,5.432633,0.062684,-0.127802,-0.057158
479006410.000,Miguel,recording,knock_twice_left,3,0.400301,8.025570,5.372714,0.035128,-0.141395,-0.068072
479006420.000,Miguel,recording,knock_twice_left,3,0.379032,7.919419,5.411598,0.008372,-0.158145,-0.079889
479006430.000,Miguel,recording,knock_twice_left,3,0.391740,7.910500,5.429813,-0.015133,-0.170338,-0.093110
479006440.000,Miguel,recording,knock_twice_left,3,0.358999,7.934179,5.446491,-0.033162,-0.177745,-0.107566
479006450.000,Miguel,recording,knock_twice_left,3,0.309600,7.934293,5.510979,-0.041895,-0.183129,-0.120158
479006460.000,Miguel,recording,knock_twice_left,3,0.267878,7.874850,5.593236,-0.040283,-0.183238,-0.128597
479006470.000,Miguel,recording,knock_twice_left,3,0.245272,7.860971,5.698913,-0.029336,-0.172241,-0.132273
479006480.000,Miguel,recording,knock_twice_left,3,0.161687,7.889690,5.818481,-0.009735,-0.153518,-0.132700
479006490.000,Miguel,recording,knock_twice_left,3,0.140827,7.870616,5.820459,0.016312,-0.135753,-0.130910
479006500.000,Miguel,recording,knock_twice_left,3,0.181560,7.910123,5.778704,0.042106,-0.121182,-0.126908
479006510.000,Miguel,recording,knock_twice_left,3,0.196539,7.962841,5.686350,0.059997,-0.111852,-0.121688
479006520.000,Miguel,recording,knock_twice_left,3,0.148972,8.006006,5.665908,0.065120,-0.116360,-0.115186
479006530.000,Miguel,recording,knock_twice_left,3,0.112033,8.015824,5.555416,0.057416,-0.138908,-0.106702
479006540.000,Miguel,recording,knock_twice_left,3,0.108460,7.986721,5.495218,0.040045,-0.172740,-0.097091
479006550.000,Miguel,recording,knock_twice_left,3,0.189368,7.953885,5.412179,0.016444,-0.206764,-0.089705
479006560.000,Miguel,recording,knock_twice_left,3,0.290597,7.981462,5.380967,-0.009880,-0.228997,-0.088974
479006570.000,Miguel,recording,knock_twice_left,3,0.248440,8.057964,5.442112,-0.035190,-0.233554,-0.093293
479006580.000,Miguel,recording,knock_twice_left,3,0.051149,8.041347,5.577528,-0.051707,-0.226448,-0.091124
479006590.000,Miguel,recording,knock_twice_left,3,-0.007378,7.986049,5.747400,-0.052646,-0.212160,-0.076196
479006600.000,Miguel,recording,knock_twice_left,3,0.053435,8.014016,5.824971,-0.039303,-0.191437,-0.056070
479006610.000,Miguel,recording,knock_twice_left,3,0.170292,8.004578,5.846258,-0.019188,-0.172852,-0.040380
479006620.000,Miguel,recording,knock_twice_left,3,0.257422,7.976704,5.863770,0.000592,-0.166334,-0.032723
479006630.000,Miguel,recording,knock_twice_left,3,0.323012,7.940614,5.878440,0.018936,-0.172783,-0.033273
479006640.000,Miguel,recording,knock_twice_left,3,0.398390,7.901763,5.801212,0.034626,-0.184854,-0.041778
479006650.000,Miguel,recording,knock_twice_left,3,0.453735,7.896647,5.760213,0.044056,-0.191907,-0.056758
479006660.000,Miguel,recording,knock_twice_left,3,0.457741,7.930854,5.645178,0.046867,-0.189330,-0.074693
479006670.000,Miguel,recording,knock_twice_left,3,0.405283,7.950137,5.629050,0.045325,-0.178902,-0.091864
479006680.000,Miguel,recording,knock_twice_left,3,0.309509,7.975543,5.661033,0.042761,-0.163058,-0.103669
479006690.000,Miguel,recording,knock_twice_left,3,0.168371,7.955387,5.688106,0.044358,-0.145671,-0.105558
479006700.000,Miguel,recording,knock_twice_left,3,0.156688,7.940550,5.715521,0.050540,-0.130034,-0.098950
479006710.000,Miguel,recording,knock_twice_left,3,0.183974,7.979364,5.682979,0.055661,-0.116337,-0.088685
479006720.000,Miguel,recording,knock_twice_left,3,0.186247,7.998721,5.628242,0.054317,-0.106522,-0.075984
479006730.000,Miguel,recording,knock_twice_left,4,0.156895,8.019331,5.624958,0.046074,-0.108391,-0.061069
479006740.000,Miguel,recording,knock_twice_left,4,0.159544,7.982388,5.739874,0.038019,-0.127613,-0.047142
479006750.000,Miguel,recording,knock_twice_left,4,0.289285,7.923871,5.733811,0.036782,-0.155405,-0.037922
479006760.000,Miguel,recording,knock_twice_left,4,0.413724,7.952959,5.681425,0.039286,-0.173486,-0.036297
479006770.000,Miguel,recording,knock_twice_left,4,0.468930,7.995809,5.610168,0.041525,-0.174973,-0.041079
479006780.000,Miguel,recording,knock_twice_left,4,0.456213,7.983293,5.631473,0.047243,-0.166385,-0.047367
479006790.000,Miguel,recording,knock_twice_left,4,0.491424,7.955038,5.615133,0.059903,-0.149446,-0.054384
479006800.000,Miguel,recording,knock_twice_left,4,0.534004,7.956076,5.590838,0.076425,-0.120143,-0.064696
479006810.000,Miguel,recording,knock_twice_left,4,0.531793,7.949780,5.507557,0.092341,-0.080838,-0.076781
479006820.000,Miguel,recording,knock_twice_left,4,0.557870,7.948287,5.461426,0.106794,-0.036593,-0.088837
479006830.000,Miguel,recording,knock_twice_left,4,0.585431,7.888535,5.470105,0.120140,0.009270,-0.103329
479006840.000,Miguel,recording,knock_twice_left,4,0.608125,7.843370,5.497895,0.132944,0.051219,-0.120950
479006850.000,Miguel,recording,knock_twice_left,4,0.542622,7.894641,5.481157,0.143257,0.083577,-0.138904
479006860.000,Miguel,recording,knock_twice_left,4,0.430894,7.980633,5.381453,0.144744,0.099647,-0.150752
479006870.000,Miguel,recording,knock_twice_left,4,0.237445,7.999028,5.350270,0.135327,0.092465,-0.151516
479006880.000,Miguel,recording,knock_twice_left,4,0.175155,7.959695,5.368864,0.121152,0.064494,-0.142918
479006890.000,Miguel,recording,knock_twice_left,4,0.162652,7.935348,5.344119,0.108871,0.030771,-0.129908
479006900.000,Miguel,recording,knock_twice_left,4,0.192102,7.950596,5.284447,0.099726,0.009641,-0.117384
479006910.000,Miguel,recording,knock_twice_left,4,0.243210,7.951840,5.188840,0.094381,0.014710,-0.109834
479006920.000,Miguel,recording,knock_twice_left,4,0.306052,7.938215,5.124309,0.094334,0.053245,-0.110900
479006930.000,Miguel,recording,knock_twice_left,4,0.369659,7.936751,5.127317,0.101482,0.126051,-0.120645
479006940.000,Miguel,recording,knock_twice_left,4,0.452793,7.922225,5.181489,0.120013,0.225280,-0.136991
479006950.000,Miguel,recording,knock_twice_left,4,0.428232,7.950988,5.220427,0.147520,0.332437,-0.155564
479006960.000,Miguel,recording,knock_twice_left,4,0.288392,7.985189,5.159547,0.171748,0.424097,-0.168976
479006970.000,Miguel,recording,knock_twice_left,4,0.103575,7.995110,5.147803,0.182223,0.480738,-0.172502
479006980.000,Miguel,recording,knock_twice_left,4,0.062387,8.004333,5.169333,0.177454,0.492777,-0.168259
479006990.000,Miguel,recording,knock_twice_left,4,-0.044391,8.015831,5.183897,0.160167,0.464200,-0.160616
479007000.000,Miguel,recording,knock_twice_left,4,-0.129661,8.058862,5.219482,0.134357,0.405881,-0.150015
479007010.000,Miguel,recording,knock_twice_left,4,-0.219572,8.067018,5.294289,0.103919,0.321006,-0.135043
479007020.000,Miguel,recording,knock_twice_left,4,-0.291510,8.048494,5.326129,0.070536,0.214380,-0.115260
479007030.000,Miguel,recording,knock_twice_left,4,-0.254377,8.048134,5.301816,0.035058,0.103895,-0.093397
479007040.000,Miguel,recording,knock_twice_left,4,-0.201330,8.051142,5.306267,-0.001237,0.004657,-0.075336
479007050.000,Miguel,recording,knock_twice_left,4,-0.192753,8.120575,5.264978,-0.038062,-0.078936,-0.060691
479007060.000,Miguel,recording,knock_twice_left,4,-0.146956,8.149290,5.244619,-0.075619,-0.142886,-0.045259
479007070.000,Miguel,recording,knock_twice_left,4,-0.093063,8.159876,5.285085,-0.109622,-0.184749,-0.031283
479007080.000,Miguel,recording,knock_twice_left,4,-0.076035,8.130298,5.453819,-0.133609,-0.211772,-0.020970
479007090.000,Miguel,recording,knock_twice_left,4,-0.048576,8.132832,5.543812,-0.145671,-0.231972,-0.012125
479007100.000,Miguel,recording,knock_twice_left,4,-0.030067,8.128789,5.643101,-0.149314,-0.249349,-0.003009
479007110.000,Miguel,recording,knock_twice_left,4,0.023251,8.149750,5.751021,-0.148475,-0.270451,0.006771
479007120.000,Miguel,recording,knock_twice_left,4,0.164097,8.078104,5.816367,-0.142494,-0.299555,0.013968
479007130.000,Miguel,recording,knock_twice_left,4,0.369267,8.031806,5.927935,-0.130901,-0.331260,0.014647
479007140.000,Miguel,recording,knock_twice_left,4,0.482718,8.051647,6.062169,-0.112739,-0.356836,0.010972
479007150.000,Miguel,recording,knock_twice_left,4,0.578524,8.204846,6.195988,-0.082874,-0.371234,0.004915
479007160.000,Miguel,recording,knock_twice_left,4,0.644724,8.225125,6.303325,-0.037655,-0.372607,-0.007322
479007170.000,Miguel,recording,knock_twice_left,4,0.685294,8.178647,6.281966,0.019771,-0.354487,-0.026944
479007180.000,Miguel,recording,knock_twice_left,4,0.577043,8.146100,6.222891,0.082118,-0.309765,-0.046696
479007190.000,Miguel,recording,knock_twice_left,4,0.436416,8.156114,6.043984,0.137974,-0.246340,-0.055341
479007200.000,Miguel,recording,knock_twice_left,4,0.288926,8.225530,5.677892,0.171115,-0.174284,-0.042310
479007210.000,Miguel,recording,knock_twice_left,4,0.245345,8.405050,5.322787,0.171644,-0.098949,-0.005419
479007220.000,Miguel,recording,knock_twice_left,4,0.297482,8.564609,5.130313,0.141924,-0.032524,0.046394
479007230.000,Miguel,recording,knock_twice_left,4,0.326690,8.674027,5.059370,0.084862,0.008818,0.106942
479007240.000,Miguel,recording,knock_twice_left,4,0.152501,8.595597,5.001778,0.003805,0.000886,0.179559
479007250.000,Miguel,recording,knock_twice_left,4,0.026855,8.291751,4.958203,-0.093957,-0.076146,0.258807
479007260.000,Miguel,recording,knock_twice_left,4,0.094836,8.067029,4.831078,-0.206547,-0.213864,0.319935
479007270.000,Miguel,recording,knock_twice_left,4,0.221959,7.838709,4.810012,-0.329399,-0.384709,0.338066
479007280.000,Miguel,recording,knock_twice_left,4,0.438715,7.508894,4.980322,-0.441569,-0.561697,0.306334
479007290.000,Miguel,recording,knock_twice_left,4,0.713163,7.324707,5.310013,-0.512728,-0.717142,0.233539
479007300.000,Miguel,recording,knock_twice_left,4,0.865999,7.372995,5.546976,-0.528262,-0.810908,0.137261
479007310.000,Miguel,recording,knock_twice_left,4,0.858969,7.576691,5.485475,-0.501365,-0.800122,0.042386
479007320.000,Miguel,recording,knock_twice_left,4,0.723856,7.707501,5.496961,-0.449554,-0.677491,-0.029039
479007330.000,Miguel,recording,knock_twice_left,4,0.618539,7.646796,5.680903,-0.380766,-0.492718,-0.068081
479007340.000,Miguel,recording,knock_twice_left,4,0.513449,7.685946,5.818511,-0.307738,-0.322670,-0.072235
479007350.000,Miguel,recording,knock_twice_left,4,0.413701,7.852420,5.879741,-0.246751,-0.230335,-0.047652
479007360.000,Miguel,recording,knock_twice_left,4,0.354352,7.806982,6.017321,-0.203799,-0.243586,-0.016679
479007370.000,Miguel,recording,knock_twice_left,4,0.388181,7.701498,6.042299,-0.175857,-0.347208,0.001658
479007380.000,Miguel,recording,knock_twice_left,4,0.422705,7.541169,5.945672,-0.151638,-0.490454,0.002819
479007390.000,Miguel,recording,knock_twice_left,4,0.568355,7.620975,5.926531,-0.112019,-0.601124,-0.017274
479007400.000,Miguel,recording,knock_twice_left,4,0.686648,7.748796,5.951424,-0.050514,-0.616118,-0.055401
479007410.000,Miguel,recording,knock_twice_left,4,0.736650,7.887767,5.692242,0.015139,-0.524915,-0.093037
479007420.000,Miguel,recording,knock_twice_left,4,0.848818,7.816624,5.610735,0.065415,-0.373080,-0.126765
479007430.000,Miguel,recording,knock_twice_left,4,0.943221,7.670661,5.619629,0.090093,-0.228789,-0.163743
479007440.000,Miguel,recording,knock_twice_left,4,0.949011,7.806243,5.540295,0.083069,-0.164661,-0.183095
479007450.000,Miguel,recording,knock_twice_left,4,1.043360,8.047149,5.647124,0.060543,-0.230659,-0.185579
479007460.000,Miguel,recording,knock_twice_left,4,0.937171,8.018192,5.557819,0.035094,-0.384528,-0.191526
479007470.000,Miguel,recording,knock_twice_left,4,0.664128,8.142975,5.167943,-0.004881,-0.530072,-0.184584
479007480.000,Miguel,recording,knock_twice_left,4,0.626185,8.195293,5.227709,-0.044052,-0.610602,-0.162885
479007490.000,Miguel,recording,knock_twice_left,4,0.669242,8.249713,5.351389,-0.057659,-0.602727,-0.142289
479007500.000,Miguel,recording,knock_twice_left,4,0.662990,8.385272,5.695250,-0.039784,-0.507304,-0.124243
479007510.000,Miguel,recording,knock_twice_left,4,0.671803,8.346512,6.091679,0.011389,-0.362225,-0.102589
479007520.000,Miguel,recording,knock_twice_left,4,0.473509,8.117775,6.163504,0.076698,-0.226349,-0.063220
479007530.000,Miguel,recording,knock_twice_left,4,0.307536,7.789297,5.913226,0.119420,-0.152194,-0.002891
479007540.000,Miguel,recording,knock_twice_left,4,0.422616,7.857724,5.589430,0.110656,-0.168706,0.059443
479007550.000,Miguel,recording,knock_twice_left,4,0.432212,7.652582,4.940290,0.032534,-0.270051,0.110029
479007560.000,Miguel,recording,knock_twice_left,4,0.420630,7.578061,4.344182,-0.123609,-0.422529,0.151655
479007570.000,Miguel,recording,knock_twice_left,4,0.556927,7.775768,4.145737,-0.339119,-0.582944,0.177304
479007580.000,Miguel,recording,knock_twice_left,4,0.844885,8.072335,4.425174,-0.567647,-0.718068,0.175646
479007590.000,Miguel,recording,knock_twice_left,4,1.007510,8.039501,4.791820,-0.769640,-0.804525,0.154724
479007600.000,Miguel,recording,knock_twice_left,4,1.007196,8.011907,5.205483,-0.926425,-0.819572,0.131839
479007610.000,Miguel,recording,knock_twice_left,4,0.933743,7.997553,5.663927,-1.036069,-0.758379,0.117341
479007620.000,Miguel,recording,knock_twice_left,4,0.795037,7.825750,5.865943,-1.110581,-0.644575,0.115462
479007630.000,Miguel,recording,knock_twice_left,4,0.755522,7.608571,6.145549,-1.158953,-0.513291,0.123843
479007640.000,Miguel,recording,knock_twice_left,4,0.778958,7.462323,6.394841,-1.183081,-0.382722,0.136764
479007650.000,Miguel,recording,knock_twice_left,4,0.870613,7.246331,6.488601,-1.182222,-0.236019,0.150712
479007660.000,Miguel,recording,knock_twice_left,4,0.954443,6.837714,6.609261,-1.154652,-0.034533,0.157153
479007670.000,Miguel,recording,knock_twice_left,4,0.964556,6.585622,6.524171,-1.110959,0.246087,0.146763
479007680.000,Miguel,recording,knock_twice_left,4,0.996734,6.460081,6.392688,-1.068463,0.589948,0.121428
479007690.000,Miguel,recording,knock_twice_left,4,1.133669,6.339897,6.146220,-1.047341,0.942940,0.093626
479007700.000,Miguel,recording,knock_twice_left,4,1.073837,6.632585,5.949871,-1.059107,1.221608,0.073464
479007710.000,Miguel,recording,knock_twice_left,4,1.203853,6.810474,6.257672,-1.071933,1.343416,0.056231
479007720.000,Miguel,recording,knock_twice_left,4,1.220725,7.086774,6.427488,-1.061375,1.265837,0.038986
479007730.000,Miguel,recording,knock_twice_left,4,1.305912,7.415117,6.468649,-1.034598,1.000403,0.020464
479007740.000,Miguel,recording,knock_twice_left,4,1.371995,7.515301,6.821929,-0.982540,0.600414,-0.018323
479007750.000,Miguel,recording,knock_twice_left,4,1.369518,7.317452,7.338255,-0.887284,0.148658,-0.094887
479007760.000,Miguel,recording,knock_twice_left,4,1.213819,7.125239,7.418539,-0.763463,-0.252214,-0.194719
479007770.000,Miguel,recording,knock_twice_left,4,0.852274,6.871427,7.329177,-0.658580,-0.510927,-0.278401
479007780.000,Miguel,recording,knock_twice_left,4,0.434868,6.653545,7.180555,-0.591763,-0.583494,-0.324987
479007790.000,Miguel,recording,knock_twice_left,4,0.327209,6.357659,7.154654,-0.548653,-0.474183,-0.347070
479007800.000,Miguel,recording,knock_twice_left,4,0.559223,6.313066,7.382116,-0.518256,-0.235100,-0.353696
479007810.000,Miguel,recording,knock_twice_left,4,0.762072,6.131350,7.588698,-0.479501,0.057731,-0.345555
479007820.000,Miguel,recording,knock_twice_left,4,0.782611,5.950442,7.467149,-0.426871,0.340892,-0.319613
479007830.000,Miguel,recording,knock_twice_left,4,0.621515,5.951002,7.114821,-0.386554,0.588755,-0.268941
479007840.000,Miguel,recording,knock_twice_left,4,0.183897,6.171827,6.572625,-0.387345,0.809249,-0.190692
479007850.000,Miguel,recording,knock_twice_left,4,-0.115722,6.270042,6.613156,-0.444766,0.993097,-0.086992
479007860.000,Miguel,recording,knock_twice_left,4,-0.071888,6.709582,6.841237,-0.550672,1.099818,0.023045
479007870.000,Miguel,recording,knock_twice_left,4,0.125255,6.913010,7.317951,-0.666267,1.073664,0.112917
479007880.000,Miguel,recording,knock_twice_left,4,0.332646,6.882191,7.971284,-0.743066,0.881777,0.165042
479007890.000,Miguel,recording,knock_twice_left,4,0.487709,6.699683,8.140817,-0.766308,0.548474,0.173973
479007900.000,Miguel,recording,knock_twice_left,4,0.544583,6.488511,8.394951,-0.744537,0.141338,0.143261
479007910.000,Miguel,recording,knock_twice_left,4,0.530677,6.299457,8.449713,-0.692904,-0.261689,0.084520
479007920.000,Miguel,recording,knock_twice_left,4,0.433929,6.083289,8.115356,-0.636117,-0.581869,0.016137
479007930.000,Miguel,recording,knock_twice_left,4,0.467111,6.044614,7.699642,-0.599724,-0.757131,-0.047477
479007940.000,Miguel,recording,knock_twice_left,4,0.609131,5.854806,7.390148,-0.600541,-0.762745,-0.104791
479007950.000,Miguel,recording,knock_twice_left,4,0.785938,5.847449,7.271159,-0.642798,-0.629482,-0.146886
479007960.000,Miguel,recording,knock_twice_left,4,0.856907,5.904690,7.651421,-0.689883,-0.442624,-0.151551
479007970.000,Miguel,recording,knock_twice_left,4,0.682436,5.841865,8.427004,-0.683501,-0.285943,-0.108143
479007980.000,Miguel,recording,knock_twice_left,4,0.427250,5.632675,8.988951,-0.604073,-0.191984,-0.026135
479007990.000,Miguel,recording,knock_twice_left,4,0.260784,5.375169,9.230974,-0.469800,-0.154507,0.075306
479008000.000,Miguel,recording,knock_twice_left,4,0.141656,5.066897,9.195036,-0.310538,-0.158998,0.174702
479008010.000,Miguel,recording,knock_twice_left,4,0.210971,4.991757,9.030995,-0.153496,-0.198486,0.255455
479008020.000,Miguel,recording,knock_twice_left,4,0.303282,5.112360,8.881968,-0.014668,-0.273848,0.311463
479008030.000,Miguel,recording,knock_twice_left,4,0.431906,5.434682,8.361985,0.091352,-0.381173,0.344570
479008040.000,Miguel,recording,knock_twice_left,4,0.582806,5.768287,7.696986,0.144769,-0.519958,0.361991
479008050.000,Miguel,recording,knock_twice_left,4,0.795803,5.921958,7.235289,0.143605,-0.692508,0.367715
479008060.000,Miguel,recording,knock_twice_left,4,1.064105,6.021264,7.266609,0.113135,-0.887935,0.361134
479008070.000,Miguel,recording,knock_twice_left,4,1.219610,6.057858,7.576312,0.088741,-1.097014,0.345310
479008080.000,Miguel,recording,knock_twice_left,4,1.228188,5.879190,7.865400,0.090643,-1.278690,0.326994
479008090.000,Miguel,recording,knock_twice_left,4,1.411596,5.639898,8.078290,0.075048,-1.259110,0.313209
479008100.000,Miguel,recording,knock_twice_left,4,1.796040,5.520186,7.375066,-0.030224,-0.883713,0.309016
479008110.000,Miguel,recording,knock_twice_left,4,2.004482,5.748040,6.743178,-0.176482,-0.353719,0.308266
479008120.000,Miguel,recording,knock_twice_left,4,2.049321,5.956041,7.422723,-0.254480,0.000633,0.304175
479008130.000,Miguel,recording,knock_twice_left,4,1.938803,5.683305,7.642777,-0.260501,0.137784,0.296125
479008140.000,Miguel,recording,knock_twice_left,4,1.790010,5.414037,8.015251,-0.231525,0.172225,0.278338
479008150.000,Miguel,recording,knock_twice_left,4,1.680242,5.327629,8.620414,-0.168820,0.155534,0.249793
479008160.000,Miguel,recording,knock_twice_left,4,1.659264,5.165581,8.893693,-0.077478,0.095254,0.214423
479008170.000,Miguel,recording,knock_twice_left,4,1.757993,5.045590,8.751450,0.020042,0.016336,0.168439
479008180.000,Miguel,recording,knock_twice_left,4,1.931039,5.087847,8.522114,0.101564,-0.044148,0.103497
479008190.000,Miguel,recording,knock_twice_left,4,2.154487,5.144923,8.240522,0.162331,-0.062770,0.016194
479008200.000,Miguel,recording,knock_twice_left,4,2.376122,5.251191,8.126649,0.225667,-0.029625,-0.087268
479008210.000,Miguel,recording,knock_twice_left,4,2.418238,5.387066,8.419435,0.329910,0.065597,-0.190677
479008220.000,Miguel,recording,knock_twice_left,4,2.232619,5.485953,8.883721,0.500881,0.230903,-0.273677
479008230.000,Miguel,recording,knock_twice_left,4,1.784976,5.624762,9.221521,0.740340,0.450673,-0.317364
479008240.000,Miguel,recording,knock_twice_left,4,1.179216,6.062438,9.345081,1.018341,0.687162,-0.304410
479008250.000,Miguel,recording,knock_twice_left,4,0.602964,6.300028,8.816229,1.276595,0.891552,-0.231539
479008260.000,Miguel,recording,knock_twice_left,4,0.503428,6.429246,8.141473,1.472911,1.014644,-0.121687
479008270.000,Miguel,recording,knock_twice_left,4,0.753883,6.546068,7.914153,1.611222,1.039457,-0.012051
479008280.000,Miguel,recording,knock_twice_left,4,1.075680,6.489643,7.953582,1.716137,0.995387,0.068338
479008290.000,Miguel,recording,knock_twice_left,4,1.260461,6.178718,7.971965,1.802053,0.922488,0.103912
479008300.000,Miguel,recording,knock_twice_left,4,1.522341,5.835117,7.835081,1.876361,0.832586,0.085044
479008310.000,Miguel,recording,knock_twice_left,4,1.795136,5.794898,7.692829,1.941853,0.721739,0.011819
479008320.000,Miguel,recording,knock_twice_left,4,1.953777,5.963828,7.314262,1.985190,0.602466,-0.107887
479008330.000,Miguel,recording,knock_twice_left,4,1.909012,6.305049,6.840677,1.984487,0.504248,-0.258257
479008340.000,Miguel,recording,knock_twice_left,4,1.670938,6.708656,6.436453,1.928208,0.445898,-0.405542
479008350.000,Miguel,recording,knock_twice_left,4,1.104187,6.916482,6.072872,1.818284,0.403557,-0.516785
479008360.000,Miguel,recording,knock_twice_left,4,0.620393,7.010319,5.598057,1.662289,0.331483,-0.578040
479008370.000,Miguel,recording,knock_twice_left,4,0.347339,7.269455,5.430184,1.471517,0.213935,-0.595169
479008380.000,Miguel,recording,knock_twice_left,4,0.186307,7.559068,5.332961,1.267676,0.065921,-0.587857
479008390.000,Miguel,recording,knock_twice_left,4,0.055577,7.742500,5.379434,1.072316,-0.090330,-0.567805
479008400.000,Miguel,recording,knock_twice_left,4,-0.062811,7.820309,5.322830,0.890799,-0.240036,-0.531212
479008410.000,Miguel,recording,knock_twice_left,4,-0.167667,7.786933,5.290680,0.725085,-0.379182,-0.475568
479008420.000,Miguel,recording,knock_twice_left,4,-0.108995,7.692863,5.260948,0.581663,-0.495229,-0.411716
479008430.000,Miguel,recording,knock_twice_left,4,0.000792,7.766102,5.276388,0.461014,-0.567593,-0.352893
479008440.000,Miguel,recording,knock_twice_left,4,0.099281,7.766751,5.396388,0.363673,-0.600017,-0.303216
479008450.000,Miguel,recording,knock_twice_left,4,0.263687,7.732620,5.547516,0.295626,-0.613728,-0.266530
479008460.000,Miguel,recording,knock_twice_left,4,0.532007,7.572492,5.581547,0.258279,-0.606598,-0.251809
479008470.000,Miguel,recording,knock_twice_left,4,0.760442,7.474044,5.697714,0.247839,-0.559416,-0.264032
479008480.000,Miguel,recording,knock_twice_left,4,0.882790,7.592487,5.767697,0.254561,-0.476246,-0.293159
479008490.000,Miguel,recording,knock_twice_left,4,0.873524,7.753157,5.770627,0.262837,-0.394026,-0.319670
479008500.000,Miguel,recording,knock_twice_left,4,0.676371,7.829958,5.623330,0.257066,-0.348057,-0.331818
479008510.000,Miguel,recording,knock_twice_left,4,0.435950,7.832266,5.456417,0.227743,-0.347277,-0.330452
479008520.000,Miguel,recording,knock_twice_left,4,0.241836,7.822557,5.372117,0.179908,-0.388599,-0.322711
479008530.000,Miguel,recording,knock_twice_left,4,0.123582,7.799602,5.408499,0.126613,-0.465300,-0.314746
479008540.000,Miguel,recording,knock_twice_left,4,0.130823,7.707267,5.548343,0.081155,-0.554387,-0.311376
479008550.000,Miguel,recording,knock_twice_left,4,0.328924,7.637853,5.652371,0.056432,-0.612291,-0.316666
479008560.000,Miguel,recording,knock_twice_left,4,0.634837,7.708863,5.782590,0.058788,-0.601626,-0.330647
479008570.000,Miguel,recording,knock_twice_left,4,0.850014,7.872847,5.814711,0.085738,-0.526039,-0.351493
479008580.000,Miguel,recording,knock_twice_left,4,1.037682,7.918850,5.734045,0.129100,-0.419775,-0.375644
479008590.000,Miguel,recording,knock_twice_left,4,0.996201,8.049215,5.515834,0.173986,-0.302590,-0.395816
479008600.000,Miguel,recording,knock_twice_left,4,0.764669,8.195774,5.314991,0.206116,-0.173785,-0.403375
479008610.000,Miguel,recording,knock_twice_left,4,0.445199,8.201143,5.193991,0.220667,-0.034559,-0.393276
479008620.000,Miguel,recording,knock_twice_left,4,0.256664,8.079229,5.265999,0.223790,0.109661,-0.369050
479008630.000,Miguel,recording,knock_twice_left,4,0.253353,7.970866,5.453334,0.231906,0.245802,-0.344109
479008640.000,Miguel,recording,knock_twice_left,4,0.357773,7.985855,5.674998,0.255126,0.353753,-0.333855
479008650.000,Miguel,recording,knock_twice_left,4,0.379671,7.984528,5.778184,0.289124,0.424675,-0.341586
479008660.000,Miguel,recording,knock_twice_left,4,0.422407,7.982177,5.770987,0.321948,0.458337,-0.361389
479008670.000,Miguel,recording,knock_twice_left,4,0.459055,7.960745,5.670981,0.341560,0.460719,-0.389016
479008680.000,Miguel,recording,knock_twice_left,4,0.414286,8.078792,5.480630,0.340919,0.447286,-0.418574
479008690.000,Miguel,recording,knock_twice_left,4,0.234990,8.212130,5.274322,0.314911,0.429188,-0.436157
479008700.000,Miguel,recording,knock_twice_left,4,-0.086364,8.411513,5.113563,0.258333,0.398930,-0.425026
479008710.000,Miguel,recording,knock_twice_left,4,-0.424839,8.507306,4.973778,0.172028,0.327284,-0.377976
479008720.000,Miguel,recording,knock_twice_left,4,-0.699014,8.429987,4.984965,0.067703,0.199968,-0.304027
479008730.000,Miguel,recording,knock_twice_left,4,-0.881725,8.374493,5.105355,-0.035141,0.049442,-0.218803
479008740.000,Miguel,recording,knock_twice_left,4,-0.979920,8.349694,5.229918,-0.116140,-0.075001,-0.130771
479008750.000,Miguel,recording,knock_twice_left,4,-0.903930,8.315087,5.402971,-0.162033,-0.140850,-0.043488
479008760.000,Miguel,recording,knock_twice_left,4,-0.762945,8.292428,5.564486,-0.168862,-0.144077,0.035365
479008770.000,Miguel,recording,knock_twice_left,4,-0.551568,8.272121,5.727403,-0.140086,-0.106494,0.097787
479008780.000,Miguel,recording,knock_twice_left,4,-0.377451,8.180773,5.774030,-0.088525,-0.051344,0.142533
479008790.000,Miguel,recording,knock_twice_left,4,-0.215671,8.148187,5.655024,-0.038515,0.002525,0.172239
479008800.000,Miguel,recording,knock_twice_left,4,-0.103129,8.063905,5.489175,-0.012571,0.025790,0.188435
479008810.000,Miguel,recording,knock_twice_left,4,-0.000041,8.015432,5.341228,-0.016154,-0.002107,0.191799
479008820.000,Miguel,recording,knock_twice_left,4,0.031700,7.942400,5.250868,-0.043494,-0.068059,0.184415
479008830.000,Miguel,recording,knock_twice_left,4,0.035189,7.920495,5.241544,-0.084412,-0.140148,0.172330
479008840.000,Miguel,recording,knock_twice_left,4,0.103094,7.885738,5.273726,-0.125109,-0.193303,0.161573
479008850.000,Miguel,recording,knock_twice_left,4,0.174789,7.928824,5.388605,-0.152381,-0.218586,0.149660
479008860.000,Miguel,recording,knock_twice_left,4,0.205290,7.966264,5.562212,-0.157744,-0.220711,0.132416
479008870.000,Miguel,recording,knock_twice_left,4,0.133410,8.005878,5.715901,-0.138668,-0.207895,0.114071
479008880.000,Miguel,recording,knock_twice_left,4,0.112609,7.935401,5.761671,-0.098712,-0.176270,0.100332
479008890.000,Miguel,recording,knock_twice_left,4,0.187893,7.976168,5.776236,-0.044817,-0.119337,0.089579
479008900.000,Miguel,recording,knock_twice_left,4,0.328451,7.985003,5.732090,0.015110,-0.044994,0.076712
479008910.000,Miguel,recording,knock_twice_left,4,0.362673,7.967290,5.693154,0.075644,0.037690,0.059838
479008920.000,Miguel,recording,knock_twice_left,4,0.394420,7.968686,5.595238,0.133280,0.128840,0.040350
479008930.000,Miguel,recording,knock_twice_left,4,0.394162,7.955351,5.546799,0.181996,0.217922,0.020496
479008940.000,Miguel,recording,knock_twice_left,4,0.244597,7.984246,5.596094,0.217936,0.279859,0.003104
479008950.000,Miguel,recording,knock_twice_left,4,0.047171,8.006276,5.658738,0.243104,0.296902,-0.007954
479008960.000,Miguel,recording,knock_twice_left,4,-0.116336,7.971108,5.670968,0.260848,0.275279,-0.007145
479008970.000,Miguel,recording,knock_twice_left,4,-0.281516,8.125698,5.535436,0.267848,0.238017,0.009346
479008980.000,Miguel,recording,knock_twice_left,4,-0.318373,8.155937,5.160404,0.252846,0.199137,0.040272
479008990.000,Miguel,recording,knock_twice_left,4,0.046622,7.992007,4.572915,0.204899,0.159172,0.070959
479009000.000,Miguel,recording,knock_twice_left,4,1.567424,7.810036,4.232073,0.128220,0.119924,0.058185
479009010.000,Miguel,recording,knock_twice_left,4,1.475472,8.349342,4.693593,0.031886,0.095525,-0.024564
479009020.000,Miguel,recording,knock_twice_left,4,0.749948,8.133747,4.564265,-0.075634,0.091244,-0.124103
479009030.000,Miguel,recording,knock_twice_left,4,-0.319722,8.067945,5.396886,-0.154421,0.098555,-0.166856
479009040.000,Miguel,recording,knock_twice_left,4,-0.983146,8.376307,6.001040,-0.170985,0.118846,-0.127331
479009050.000,Miguel,recording,knock_twice_left,4,-1.372267,8.442208,6.240466,-0.140481,0.133536,-0.022126
479009060.000,Miguel,recording,knock_twice_left,4,-1.158825,8.394970,5.984253,-0.100143,0.111613,0.105654
479009070.000,Miguel,recording,knock_twice_left,4,-0.744369,8.243067,5.669543,-0.080269,0.046184,0.214202
479009080.000,Miguel,recording,knock_twice_left,4,-0.237042,7.931886,5.383221,-0.087433,-0.050836,0.274969
479009090.000,Miguel,recording,knock_twice_left,4,0.457374,7.947679,5.284924,-0.110003,-0.147925,0.271099
479009100.000,Miguel,recording,knock_twice_left,4,0.828887,8.131440,5.421071,-0.126675,-0.213403,0.215237
479009110.000,Miguel,recording,knock_twice_left,4,0.622890,8.221568,5.532126,-0.117658,-0.230782,0.149187
479009120.000,Miguel,recording,knock_twice_left,4,0.316881,7.865370,5.542818,-0.078064,-0.189607,0.103975
479009130.000,Miguel,recording,knock_twice_left,4,0.553900,7.617205,5.468853,-0.015240,-0.095359,0.073830
479009140.000,Miguel,recording,knock_twice_left,4,1.126687,7.634880,5.305885,0.052765,0.016650,0.025186
479009150.000,Miguel,recording,knock_twice_left,4,2.031832,7.610653,4.941704,0.095795,0.119531,-0.079467
479009160.000,Miguel,recording,knock_twice_left,4,1.793082,7.619289,4.750933,0.091876,0.208094,-0.236688
479009170.000,Miguel,recording,knock_twice_left,4,0.784770,7.654397,4.544304,0.044047,0.279859,-0.382192
479009180.000,Miguel,recording,knock_twice_left,4,-0.424799,8.033743,4.766427,-0.020606,0.347605,-0.445691
479009190.000,Miguel,recording,knock_twice_left,4,-1.279662,8.515550,5.450193,-0.061367,0.420051,-0.400925
479009200.000,Miguel,recording,knock_twice_left,4,-1.894647,8.585251,6.148819,-0.052071,0.458365,-0.264718
479009210.000,Miguel,recording,knock_twice_left,4,-1.936670,8.324352,6.406396,-0.007450,0.413037,-0.085132
479009220.000,Miguel,recording,knock_twice_left,4,-1.346433,8.214658,6.203153,0.030512,0.282564,0.076041
479009230.000,Miguel,recording,knock_twice_left,4,-0.694773,8.029413,5.828405,0.033179,0.099800,0.182803
479009240.000,Miguel,recording,knock_twice_left,4,-0.023209,7.983311,5.391732,-0.005637,-0.090113,0.221018
479009250.000,Miguel,recording,knock_twice_left,4,0.657824,8.233107,4.996195,-0.082420,-0.231828,0.191777
479009260.000,Miguel,recording,knock_twice_left,4,0.849278,8.378662,4.952905,-0.172724,-0.290199,0.125853
479009270.000,Miguel,recording,knock_twice_left,4,0.752801,8.346689,5.254259,-0.238792,-0.274528,0.056983
479009280.000,Miguel,recording,knock_twice_left,4,0.520717,8.102854,5.661760,-0.260705,-0.208468,0.001047
479009290.000,Miguel,recording,knock_twice_left,4,0.347539,7.972456,6.032650,-0.237301,-0.109819,-0.042192
479009300.000,Miguel,recording,knock_twice_left,4,0.171389,7.952460,6.359333,-0.173930,-0.001156,-0.075272
479009310.000,Miguel,recording,knock_twice_left,4,-0.058670,7.939049,6.623288,-0.080358,0.090364,-0.095339
479009320.000,Miguel,recording,knock_twice_left,4,-0.212574,7.924124,6.676469,0.028162,0.150961,-0.098939
479009330.000,Miguel,recording,knock_twice_left,4,-0.288823,7.950916,6.518077,0.131054,0.182463,-0.088134
479009340.000,Miguel,recording,knock_twice_left,4,-0.260342,8.032946,6.193416,0.209580,0.188005,-0.073438
479009350.000,Miguel,recording,knock_twice_left,4,-0.171617,8.054039,5.806137,0.252337,0.170419,-0.064093
479009360.000,Miguel,recording,knock_twice_left,4,-0.167311,8.110708,5.500517,0.258435,0.139619,-0.059344
479009370.000,Miguel,recording,knock_twice_left,4,-0.297716,8.206472,5.364705,0.239185,0.103454,-0.050867
479009380.000,Miguel,recording,knock_twice_left,4,-0.373966,8.202740,5.209543,0.205860,0.065298,-0.032507
479009390.000,Miguel,recording,knock_twice_left,4,-0.293142,8.197816,5.150859,0.165539,0.032313,-0.010432
479009400.000,Miguel,recording,knock_twice_left,4,-0.187933,8.207203,5.105092,0.124868,0.012644,0.004706
479009410.000,Miguel,recording,knock_twice_left,4,-0.112687,8.156739,5.042326,0.087867,0.010269,0.009259
479009420.000,Miguel,recording,knock_twice_left,4,-0.045507,8.124382,5.089676,0.059371,0.024955,0.003861
479009430.000,Miguel,recording,knock_twice_left,4,-0.015437,8.089218,5.206240,0.045831,0.051723,-0.008508
479009440.000,Miguel,recording,knock_twice_left,4,-0.085921,8.026251,5.285357,0.048524,0.085463,-0.021444
479009450.000,Miguel,recording,knock_twice_left,4,-0.141959,8.006539,5.318315,0.063740,0.125469,-0.029906
479009460.000,Miguel,recording,knock_twice_left,4,-0.197590,7.999565,5.263545,0.084140,0.169259,-0.033267
479009470.000,Miguel,recording,knock_twice_left,4,-0.201404,7.907401,5.204361,0.101012,0.208481,-0.034560
479009480.000,Miguel,recording,knock_twice_left,4,-0.186123,7.877913,5.140519,0.110414,0.236016,-0.038750
479009490.000,Miguel,recording,knock_twice_left,4,-0.188223,7.905641,5.070541,0.111007,0.246844,-0.045783
479009500.000,Miguel,recording,knock_twice_left,4,-0.180762,7.962788,4.974160,0.101195,0.239184,-0.050031
479009510.000,Miguel,recording,knock_twice_left,4,-0.199497,8.031491,4.897712,0.080042,0.219768,-0.051135
479009520.000,Miguel,recording,knock_twice_left,4,-0.169313,8.013649,4.803765,0.045447,0.194702,-0.054182
479009530.000,Miguel,recording,knock_twice_left,4,-0.186087,7.994870,4.764308,-0.004327,0.162611,-0.060545
479009540.000,Miguel,recording,knock_twice_left,4,-0.191024,8.048989,4.712419,-0.068924,0.118235,-0.066574
479009550.000,Miguel,recording,knock_twice_left,4,-0.200425,8.098784,4.677126,-0.148399,0.053204,-0.071594
479009560.000,Miguel,recording,knock_twice_left,4,-0.169619,8.041202,4.704028,-0.239573,-0.050513,-0.076957
479009570.000,Miguel,recording,knock_twice_left,4,-0.174948,8.237293,4.861227,-0.326859,-0.215306,-0.073467
479009580.000,Miguel,recording,knock_twice_left,4,-0.174720,8.587903,5.203358,-0.388416,-0.404349,-0.054960
479009590.000,Miguel,recording,knock_twice_left,4,-0.300654,8.430142,5.377984,-0.420345,-0.500607,-0.032470
479009600.000,Miguel,recording,knock_twice_left,4,-0.571178,8.068778,5.605791,-0.424724,-0.461295,-0.009718
479009610.000,Miguel,recording,knock_twice_left,4,-0.689039,7.841921,6.068333,-0.387838,-0.362526,0.021543
479009620.000,Miguel,recording,knock_twice_left,4,-0.572707,7.903949,6.344679,-0.303669,-0.264704,0.059881
479009630.000,Miguel,recording,knock_twice_left,4,-0.342798,8.053318,6.386562,-0.190971,-0.174188,0.093686
479009640.000,Miguel,recording,knock_twice_left,4,-0.171547,8.085480,6.230711,-0.078286,-0.080852,0.113763
479009650.000,Miguel,recording,knock_twice_left,4,-0.150185,8.051393,5.990127,0.013294,0.016239,0.121470
479009660.000,Miguel,recording,knock_twice_left,4,-0.126506,7.983589,5.873184,0.076662,0.103396,0.122400
479009670.000,Miguel,recording,knock_twice_left,4,-0.050012,7.980261,5.739653,0.114505,0.169385,0.116982
479009680.000,Miguel,recording,knock_twice_left,4,-0.005900,8.042103,5.624308,0.132162,0.223188,0.104798
479009690.000,Miguel,recording,knock_twice_left,4,-0.031149,8.164912,5.552869,0.135568,0.277918,0.090007
479009700.000,Miguel,recording,knock_twice_left,4,-0.165944,8.148994,5.521445,0.130601,0.330940,0.078498
479009710.000,Miguel,recording,knock_twice_left,4,-0.237500,8.032119,5.576781,0.126993,0.371467,0.070582
479009720.000,Miguel,recording,knock_twice_left,4,-0.261954,7.967429,5.637671,0.129546,0.393892,0.061880
479009730.000,Miguel,recording,knock_twice_left,4,-0.237624,7.968371,5.582810,0.131063,0.398655,0.051195
479009740.000,Miguel,recording,knock_twice_left,4,-0.208658,8.060775,5.581268,0.127389,0.381716,0.040484
479009750.000,Miguel,recording,knock_twice_left,4,-0.210039,8.076542,5.534114,0.119265,0.341048,0.031119
479009760.000,Miguel,recording,knock_twice_left,4,-0.271043,8.091523,5.454346,0.106685,0.286583,0.024427
479009770.000,Miguel,recording,knock_twice_left,5,-0.329319,8.110615,5.371386,0.089100,0.224530,0.022333
479009780.000,Miguel,recording,knock_twice_left,5,-0.370633,8.111758,5.359442,0.063683,0.148902,0.023686
479009790.000,Miguel,recording,knock_twice_left,5,-0.452892,8.064242,5.294428,0.024400,0.052333,0.027032
479009800.000,Miguel,recording,knock_twice_left,5,-0.484277,7.980623,5.275386,-0.030128,-0.071193,0.031238
479009810.000,Miguel,recording,knock_twice_left,5,-0.464890,7.940437,5.367425,-0.091986,-0.220617,0.033386
479009820.000,Miguel,recording,knock_twice_left,5,-0.420063,8.004902,5.422674,-0.152332,-0.372971,0.034026
479009830.000,Miguel,recording,knock_twice_left,5,-0.369515,8.065205,5.554045,-0.201718,-0.497118,0.036536
479009840.000,Miguel,recording,knock_twice_left,5,-0.357015,8.058070,5.617431,-0.231304,-0.574240,0.043037
479009850.000,Miguel,recording,knock_twice_left,5,-0.369338,8.014650,5.641351,-0.239572,-0.596007,0.053413
479009860.000,Miguel,recording,knock_twice_left,5,-0.361326,8.041352,5.594579,-0.230356,-0.566214,0.067338
479009870.000,Miguel,recording,knock_twice_left,5,-0.373043,8.054632,5.591888,-0.208459,-0.502286,0.085625
479009880.000,Miguel,recording,knock_twice_left,5,-0.370992,8.046832,5.582120,-0.179031,-0.425357,0.106099
479009890.000,Miguel,recording,knock_twice_left,5,-0.353421,8.023491,5.661745,-0.147365,-0.350406,0.124889
479009900.000,Miguel,recording,knock_twice_left,5,-0.316248,8.017669,5.663904,-0.115222,-0.277795,0.142358
479009910.000,Miguel,recording,knock_twice_left,5,-0.240004,8.047985,5.734954,-0.081425,-0.201610,0.157766
479009920.000,Miguel,recording,knock_twice_left,5,-0.138074,7.999324,5.712823,-0.050217,-0.129196,0.164288
479009930.000,Miguel,recording,knock_twice_left,5,-0.047257,7.932950,5.760594,-0.027690,-0.085711,0.155079
479009940.000,Miguel,recording,knock_twice_left,5,-0.009580,7.990998,5.838460,-0.016024,-0.099052,0.127626
479009950.000,Miguel,recording,knock_twice_left,5,-0.026716,7.998003,5.917596,-0.017300,-0.179849,0.083942
479009960.000,Miguel,recording,knock_twice_left,5,-0.075470,8.144670,5.934625,-0.029419,-0.300856,0.033565
479009970.000,Miguel,recording,knock_twice_left,5,-0.264859,8.411474,6.006198,-0.044108,-0.406121,-0.004953
479009980.000,Miguel,recording,knock_twice_left,5,-0.517136,8.556356,5.988601,-0.049943,-0.452009,-0.011742
479009990.000,Miguel,recording,knock_twice_left,5,-0.674290,8.484602,5.969779,-0.035046,-0.432125,0.016375
479010000.000,Miguel,recording,knock_twice_left,5,-0.676487,8.376855,5.906979,0.002915,-0.364511,0.062660
479010010.000,Miguel,recording,knock_twice_left,5,-0.578683,8.300085,5.742892,0.054067,-0.256251,0.112787
479010020.000,Miguel,recording,knock_twice_left,5,-0.486768,8.268831,5.516719,0.103557,-0.098867,0.164678
479010030.000,Miguel,recording,knock_twice_left,5,-0.435331,8.232642,5.458977,0.143194,0.095519,0.218432
479010040.000,Miguel,recording,knock_twice_left,5,-0.325520,8.147877,5.393165,0.174396,0.283303,0.268018
479010050.000,Miguel,recording,knock_twice_left,5,-0.241069,8.013733,5.218579,0.196463,0.434139,0.303251
479010060.000,Miguel,recording,knock_twice_left,5,-0.087058,7.890913,5.090264,0.206560,0.552520,0.315006
479010070.000,Miguel,recording,knock_twice_left,5,0.042466,7.908191,4.922819,0.199404,0.659205,0.307010
479010080.000,Miguel,recording,knock_twice_left,5,0.049183,7.949546,4.758312,0.166092,0.764111,0.296480
479010090.000,Miguel,recording,knock_twice_left,5,-0.039900,8.014092,4.587151,0.101968,0.849383,0.296723
479010100.000,Miguel,recording,knock_twice_left,5,-0.107194,8.056400,4.550140,0.007510,0.887575,0.308216
479010110.000,Miguel,recording,knock_twice_left,5,-0.121864,8.038707,4.635144,-0.111529,0.860074,0.323121
479010120.000,Miguel,recording,knock_twice_left,5,-0.145493,7.988059,4.729578,-0.247778,0.767029,0.337514
479010130.000,Miguel,recording,knock_twice_left,5,-0.190728,7.876495,4.894721,-0.394176,0.626471,0.355116
479010140.000,Miguel,recording,knock_twice_left,5,-0.233680,7.809461,5.102786,-0.537363,0.456224,0.375748
479010150.000,Miguel,recording,knock_twice_left,5,-0.202314,7.781604,5.415591,-0.658993,0.272616,0.395706
479010160.000,Miguel,recording,knock_twice_left,5,-0.279307,7.739668,5.773076,-0.748404,0.093509,0.416720
479010170.000,Miguel,recording,knock_twice_left,5,-0.254642,7.561299,6.056185,-0.807539,-0.073257,0.440277
479010180.000,Miguel,recording,knock_twice_left,5,-0.031996,7.282747,6.300420,-0.843616,-0.238350,0.458874
479010190.000,Miguel,recording,knock_twice_left,5,0.414206,7.190303,6.429844,-0.863793,-0.404404,0.460138
479010200.000,Miguel,recording,knock_twice_left,5,0.826304,7.306896,6.508640,-0.870984,-0.542187,0.439873
479010210.000,Miguel,recording,knock_twice_left,5,1.022651,7.427289,6.668172,-0.860940,-0.620332,0.406411
479010220.000,Miguel,recording,knock_twice_left,5,1.032843,7.374622,6.816438,-0.825192,-0.630285,0.373765
479010230.000,Miguel,recording,knock_twice_left,5,0.954992,7.297122,7.103660,-0.755473,-0.577116,0.351833
479010240.000,Miguel,recording,knock_twice_left,5,0.968769,7.242959,7.304255,-0.650924,-0.475423,0.341672
479010250.000,Miguel,recording,knock_twice_left,5,1.109177,7.186817,7.499540,-0.520855,-0.351992,0.335531
479010260.000,Miguel,recording,knock_twice_left,5,1.204764,7.195969,7.552916,-0.381291,-0.230529,0.323960
479010270.000,Miguel,recording,knock_twice_left,5,1.208333,7.228219,7.426540,-0.247185,-0.116265,0.308392
479010280.000,Miguel,recording,knock_twice_left,5,1.148311,7.262671,7.370732,-0.121582,-0.003795,0.297000
479010290.000,Miguel,recording,knock_twice_left,5,1.146139,7.356054,7.237026,-0.005971,0.112366,0.293940
479010300.000,Miguel,recording,knock_twice_left,5,1.196577,7.437797,6.986891,0.090771,0.234778,0.296724
479010310.000,Miguel,recording,knock_twice_left,5,1.165035,7.503969,6.839110,0.162367,0.350276,0.300577
479010320.000,Miguel,recording,knock_twice_left,5,1.025372,7.399512,6.621153,0.205926,0.437366,0.305024
479010330.000,Miguel,recording,knock_twice_left,5,0.970443,7.362740,6.452093,0.223861,0.494128,0.309126
479010340.000,Miguel,recording,knock_twice_left,5,0.945105,7.387384,6.501131,0.229494,0.536009,0.311469
479010350.000,Miguel,recording,knock_twice_left,5,0.912984,7.380268,6.680488,0.244590,0.576568,0.315335
479010360.000,Miguel,recording,knock_twice_left,5,0.875222,7.319828,6.822590,0.289418,0.627860,0.323062
479010370.000,Miguel,recording,knock_twice_left,5,0.938311,7.268644,6.848294,0.364595,0.703093,0.329487
479010380.000,Miguel,recording,knock_twice_left,5,1.056126,7.270838,6.671399,0.448945,0.802319,0.323480
479010390.000,Miguel,recording,knock_twice_left,5,1.088318,7.287891,6.498395,0.524359,0.911839,0.300013
479010400.000,Miguel,recording,knock_twice_left,5,0.983745,7.305692,6.313051,0.583053,1.017154,0.266081
479010410.000,Miguel,recording,knock_twice_left,5,0.776791,7.316454,6.132139,0.621944,1.112154,0.233160
479010420.000,Miguel,recording,knock_twice_left,5,0.686015,7.353470,6.069265,0.648536,1.193722,0.207604
479010430.000,Miguel,recording,knock_twice_left,5,0.593657,7.409662,6.167118,0.675613,1.257785,0.187415
479010440.000,Miguel,recording,knock_twice_left,5,0.515575,7.531942,6.247968,0.708532,1.308445,0.170472
479010450.000,Miguel,recording,knock_twice_left,5,0.368915,7.630872,6.165252,0.738715,1.351521,0.160525
479010460.000,Miguel,recording,knock_twice_left,5,0.124837,7.747686,5.959113,0.751805,1.384923,0.165852
479010470.000,Miguel,recording,knock_twice_left,5,-0.102982,7.862209,5.788856,0.738763,1.401064,0.191169
479010480.000,Miguel,recording,knock_twice_left,5,-0.138813,7.907542,5.699265,0.700595,1.388369,0.231499
479010490.000,Miguel,recording,knock_twice_left,5,-0.053795,7.930255,5.782213,0.652582,1.336625,0.274759
479010500.000,Miguel,recording,knock_twice_left,5,0.103573,7.878930,5.885630,0.611607,1.251728,0.306036
479010510.000,Miguel,recording,knock_twice_left,5,0.238351,7.847388,5.988494,0.584419,1.154115,0.315195
479010520.000,Miguel,recording,knock_twice_left,5,0.168386,7.881563,6.121483,0.573811,1.062797,0.304487
479010530.000,Miguel,recording,knock_twice_left,5,-0.000591,7.962242,6.169111,0.580970,0.990537,0.287957
479010540.000,Miguel,recording,knock_twice_left,5,-0.161451,7.992167,6.167481,0.606236,0.946459,0.281021
479010550.000,Miguel,recording,knock_twice_left,5,-0.235776,8.103480,6.113631,0.647260,0.934966,0.289632
479010560.000,Miguel,recording,knock_twice_left,5,-0.335471,8.169293,5.975868,0.692928,0.952253,0.313209
479010570.000,Miguel,recording,knock_twice_left,5,-0.405715,8.209829,5.747499,0.728649,0.983022,0.346013
479010580.000,Miguel,recording,knock_twice_left,5,-0.383586,8.143255,5.522675,0.742184,0.998858,0.375484
479010590.000,Miguel,recording,knock_twice_left,5,-0.286375,8.050441,5.267116,0.725307,0.973688,0.390012
479010600.000,Miguel,recording,knock_twice_left,5,-0.112348,8.079048,5.033893,0.677621,0.904197,0.384962
479010610.000,Miguel,recording,knock_twice_left,5,0.038182,8.230042,4.840923,0.604516,0.805608,0.365589
479010620.000,Miguel,recording,knock_twice_left,5,0.069001,8.347807,4.717291,0.515501,0.695911,0.344281
479010630.000,Miguel,recording,knock_twice_left,5,0.035196,8.359899,4.657290,0.423148,0.591076,0.330190
479010640.000,Miguel,recording,knock_twice_left,5,0.007943,8.317065,4.812276,0.343633,0.499977,0.323431
479010650.000,Miguel,recording,knock_twice_left,5,-0.004215,8.269901,4.980197,0.291091,0.424968,0.319578
479010660.000,Miguel,recording,knock_twice_left,5,-0.102251,8.248850,5.101055,0.267240,0.368905,0.316946
479010670.000,Miguel,recording,knock_twice_left,5,-0.162316,8.245860,5.162161,0.265414,0.333516,0.318312
479010680.000,Miguel,recording,knock_twice_left,5,-0.233007,8.286407,5.097872,0.278124,0.318542,0.326166
479010690.000,Miguel,recording,knock_twice_left,5,-0.300640,8.365424,4.987159,0.297430,0.324475,0.339183
479010700.000,Miguel,recording,knock_twice_left,5,-0.351406,8.428378,4.875888,0.317990,0.351654,0.356559
479010710.000,Miguel,recording,knock_twice_left,5,-0.381986,8.427727,4.779282,0.338663,0.396374,0.380112
479010720.000,Miguel,recording,knock_twice_left,5,-0.333336,8.433534,4.660913,0.358094,0.449895,0.407184
479010730.000,Miguel,recording,knock_twice_left,5,-0.173371,8.472513,4.570161,0.371423,0.501159,0.428006
479010740.000,Miguel,recording,knock_twice_left,5,-0.031194,8.532232,4.492162,0.374285,0.541372,0.433887
479010750.000,Miguel,recording,knock_twice_left,5,0.049760,8.536456,4.410574,0.367713,0.566112,0.427009
479010760.000,Miguel,recording,knock_twice_left,5,0.012765,8.533523,4.367644,0.353528,0.571069,0.419267
479010770.000,Miguel,recording,knock_twice_left,5,-0.053341,8.530112,4.332162,0.334223,0.554479,0.416230
479010780.000,Miguel,recording,knock_twice_left,5,-0.082510,8.468887,4.214830,0.310941,0.532269,0.414129
479010790.000,Miguel,recording,knock_twice_left,5,0.006343,8.419302,4.051726,0.276227,0.531169,0.409024
479010800.000,Miguel,recording,knock_twice_left,5,0.110073,8.464149,3.898357,0.224190,0.556494,0.400190
479010810.000,Miguel,recording,knock_twice_left,5,0.169274,8.512821,3.824030,0.159521,0.588984,0.389764
479010820.000,Miguel,recording,knock_twice_left,5,0.207423,8.566772,3.797032,0.089328,0.612789,0.379605
479010830.000,Miguel,recording,knock_twice_left,5,0.181592,8.535818,3.848542,0.018195,0.625531,0.373340
479010840.000,Miguel,recording,knock_twice_left,5,0.132987,8.427104,3.971563,-0.045489,0.626975,0.375240
479010850.000,Miguel,recording,knock_twice_left,5,0.219069,8.227430,4.113004,-0.090063,0.617505,0.383747
479010860.000,Miguel,recording,knock_twice_left,5,0.399915,8.091381,4.211729,-0.112121,0.610394,0.390257
479010870.000,Miguel,recording,knock_twice_left,5,0.628496,8.044515,4.190207,-0.118535,0.627317,0.385182
479010880.000,Miguel,recording,knock_twice_left,5,0.806943,8.036251,4.122673,-0.119290,0.676008,0.365212
479010890.000,Miguel,recording,knock_twice_left,5,0.893158,8.049932,3.999813,-0.121797,0.746098,0.333571
479010900.000,Miguel,recording,knock_twice_left,5,0.871129,8.119283,3.859013,-0.130426,0.820721,0.297799
479010910.000,Miguel,recording,knock_twice_left,5,0.803538,8.086153,3.755248,-0.148850,0.885673,0.263673
479010920.000,Miguel,recording,knock_twice_left,5,0.768693,8.018431,3.606435,-0.182962,0.929857,0.231199
479010930.000,Miguel,recording,knock_twice_left,5,0.791346,8.049194,3.504162,-0.239405,0.940845,0.195929
479010940.000,Miguel,recording,knock_twice_left,5,0.789464,8.111123,3.435685,-0.325091,0.904049,0.154660
479010950.000,Miguel,recording,knock_twice_left,5,0.715865,8.124842,3.402930,-0.444191,0.806048,0.110367
479010960.000,Miguel,recording,knock_twice_left,5,0.654738,8.122748,3.578387,-0.581773,0.647350,0.065469
479010970.000,Miguel,recording,knock_twice_left,5,0.559558,8.134642,3.944257,-0.714729,0.442502,0.020560
479010980.000,Miguel,recording,knock_twice_left,5,0.324657,8.109132,4.420149,-0.827978,0.213347,-0.020479
479010990.000,Miguel,recording,knock_twice_left,5,0.030928,8.101139,4.915027,-0.907362,-0.010106,-0.050978
479011000.000,Miguel,recording,knock_twice_left,5,-0.113649,8.122343,5.388621,-0.942739,-0.194173,-0.063285
479011010.000,Miguel,recording,knock_twice_left,5,-0.175920,8.202217,5.771648,-0.931480,-0.315890,-0.054486
479011020.000,Miguel,recording,knock_twice_left,5,-0.230265,8.303969,5.949061,-0.880983,-0.377226,-0.027914
479011030.000,Miguel,recording,knock_twice_left,5,-0.307974,8.328070,5.912858,-0.807869,-0.395334,0.010626
479011040.000,Miguel,recording,knock_twice_left,5,-0.301261,8.326609,5.767982,-0.729420,-0.383108,0.054678
479011050.000,Miguel,recording,knock_twice_left,5,-0.180835,8.358709,5.720947,-0.655457,-0.336538,0.099094
479011060.000,Miguel,recording,knock_twice_left,5,-0.043553,8.363167,5.771472,-0.583891,-0.248715,0.136395
479011070.000,Miguel,recording,knock_twice_left,5,0.211546,8.259247,5.970678,-0.506278,-0.137980,0.155346
479011080.000,Miguel,recording,knock_twice_left,5,0.387068,8.091437,6.143444,-0.420191,-0.037182,0.150568
479011090.000,Miguel,recording,knock_twice_left,5,0.451398,8.021762,6.130920,-0.336293,0.042906,0.127589
479011100.000,Miguel,recording,knock_twice_left,5,0.455820,8.018873,6.005699,-0.268870,0.111455,0.098544
479011110.000,Miguel,recording,knock_twice_left,5,0.419087,8.071675,5.950666,-0.222440,0.169870,0.076056
479011120.000,Miguel,recording,knock_twice_left,5,0.283849,8.054710,6.033207,-0.189334,0.202241,0.065992
479011130.000,Miguel,recording,knock_twice_left,5,0.151521,8.026496,6.275791,-0.157955,0.185908,0.064854
479011140.000,Miguel,recording,knock_twice_left,5,0.228047,7.993687,6.366418,-0.123003,0.120759,0.064479
479011150.000,Miguel,recording,knock_twice_left,5,0.429645,7.991787,6.425329,-0.083765,0.035597,0.053603
479011160.000,Miguel,recording,knock_twice_left,5,0.609206,7.988690,6.386471,-0.037657,-0.037121,0.026388
479011170.000,Miguel,recording,knock_twice_left,5,0.634824,7.889917,6.289482,0.016136,-0.079332,-0.010772
479011180.000,Miguel,recording,knock_twice_left,5,0.651679,7.861914,6.096255,0.071445,-0.087819,-0.048662
479011190.000,Miguel,recording,knock_twice_left,5,0.645341,7.892420,5.810058,0.115804,-0.068271,-0.083465
479011200.000,Miguel,recording,knock_twice_left,5,0.548088,8.066308,5.663623,0.140501,-0.031944,-0.112195
479011210.000,Miguel,recording,knock_twice_left,5,0.339593,8.089306,5.631359,0.149055,0.008007,-0.128711
479011220.000,Miguel,recording,knock_twice_left,5,0.181193,8.078874,5.693710,0.152416,0.040731,-0.133782
479011230.000,Miguel,recording,knock_twice_left,5,0.110663,8.093031,5.655928,0.156034,0.058841,-0.137303
479011240.000,Miguel,recording,knock_twice_left,5,0.097097,8.090479,5.524093,0.158527,0.064748,-0.145086
479011250.000,Miguel,recording,knock_twice_left,5,0.005653,8.121283,5.459820,0.162183,0.070659,-0.151885
479011260.000,Miguel,recording,knock_twice_left,5,-0.127556,8.159000,5.455024,0.172973,0.082255,-0.149451
479011270.000,Miguel,recording,knock_twice_left,5,-0.175657,8.187513,5.528652,0.195627,0.096291,-0.136553
479011280.000,Miguel,recording,knock_twice_left,5,-0.211900,8.174273,5.549588,0.228367,0.111701,-0.115998
479011290.000,Miguel,recording,knock_twice_left,5,-0.218152,8.092746,5.438530,0.260989,0.128358,-0.089720
479011300.000,Miguel,recording,knock_twice_left,5,-0.162159,8.033431,5.329536,0.283711,0.136619,-0.064017
479011310.000,Miguel,recording,knock_twice_left,5,-0.041065,7.985402,5.128739,0.288644,0.123581,-0.047754
479011320.000,Miguel,recording,knock_twice_left,5,0.125302,8.018416,4.895489,0.266131,0.086681,-0.045458
479011330.000,Miguel,recording,knock_twice_left,5,0.287226,8.052631,4.669693,0.211216,0.028199,-0.058406
479011340.000,Miguel,recording,knock_twice_left,5,0.200298,8.159132,4.523610,0.127203,-0.053496,-0.078172
479011350.000,Miguel,recording,knock_twice_left,5,-0.129003,8.271651,4.333839,0.017589,-0.155883,-0.084341
479011360.000,Miguel,recording,knock_twice_left,5,-0.481613,8.297313,4.143461,-0.116776,-0.264373,-0.061026
479011370.000,Miguel,recording,knock_twice_left,5,-0.528496,8.170556,4.068710,-0.269903,-0.365986,-0.013036
479011380.000,Miguel,recording,knock_twice_left,5,-0.234211,8.034840,4.357578,-0.423868,-0.456276,0.035032
479011390.000,Miguel,recording,knock_twice_left,5,0.198769,7.994306,4.890538,-0.551447,-0.531509,0.061688
479011400.000,Miguel,recording,knock_twice_left,5,0.567320,7.919900,5.495067,-0.630597,-0.591451,0.064344
479011410.000,Miguel,recording,knock_twice_left,5,0.758253,7.926318,6.024006,-0.652231,-0.637292,0.052833
479011420.000,Miguel,recording,knock_twice_left,5,0.781055,7.950196,6.432227,-0.619908,-0.667870,0.036390
479011430.000,Miguel,recording,knock_twice_left,5,0.657361,7.991386,6.705406,-0.549073,-0.688832,0.021406
479011440.000,Miguel,recording,knock_twice_left,5,0.467430,7.980556,6.688440,-0.462309,-0.707469,0.015571
479011450.000,Miguel,recording,knock_twice_left,5,0.383382,8.050505,6.576893,-0.379913,-0.722913,0.018369
479011460.000,Miguel,recording,knock_twice_left,5,0.270754,8.165445,6.450589,-0.312432,-0.729175,0.025183
479011470.000,Miguel,recording,knock_twice_left,5,0.092100,8.176100,6.428671,-0.257189,-0.721119,0.040461
479011480.000,Miguel,recording,knock_twice_left,5,-0.051101,8.184708,6.476323,-0.201813,-0.700163,0.067306
479011490.000,Miguel,recording,knock_twice_left,5,-0.125980,8.164299,6.388470,-0.141623,-0.671913,0.103403
479011500.000,Miguel,recording,knock_twice_left,5,0.044216,8.113286,6.097578,-0.085583,-0.639423,0.140283
479011510.000,Miguel,recording,knock_twice_left,5,0.425778,8.060915,5.886526,-0.040517,-0.606538,0.158317
479011520.000,Miguel,recording,knock_twice_left,5,0.761837,8.037363,5.767330,-0.004345,-0.576350,0.140943
479011530.000,Miguel,recording,knock_twice_left,5,0.919762,7.964617,5.642577,0.026356,-0.540401,0.092332
479011540.000,Miguel,recording,knock_twice_left,5,0.868331,7.968104,5.574089,0.052709,-0.487663,0.034932
479011550.000,Miguel,recording,knock_twice_left,5,0.652721,7.920022,5.611100,0.077872,-0.416730,-0.011719
479011560.000,Miguel,recording,knock_twice_left,5,0.485204,7.909529,5.639455,0.107595,-0.330777,-0.041012
479011570.000,Miguel,recording,knock_twice_left,5,0.509144,7.897810,5.717390,0.148098,-0.231957,-0.056851
479011580.000,Miguel,recording,knock_twice_left,5,0.575623,7.893083,5.777956,0.200013,-0.125440,-0.069171
479011590.000,Miguel,recording,knock_twice_left,5,0.613773,7.831010,5.722543,0.255041,-0.024630,-0.082663
479011600.000,Miguel,recording,knock_twice_left,5,0.656412,7.786793,5.512797,0.300888,0.060601,-0.096635
479011610.000,Miguel,recording,knock_twice_left,5,0.696226,7.959026,5.281110,0.326273,0.127386,-0.113561
479011620.000,Miguel,recording,knock_twice_left,5,0.605428,8.073251,5.008054,0.323022,0.169073,-0.132654
479011630.000,Miguel,recording,knock_twice_left,5,0.463701,8.132341,4.604938,0.285259,0.184833,-0.147023
479011640.000,Miguel,recording,knock_twice_left,5,0.417459,8.166356,4.483799,0.216945,0.187650,-0.155705
479011650.000,Miguel,recording,knock_twice_left,5,0.315701,8.208315,4.551131,0.132715,0.187690,-0.159840
479011660.000,Miguel,recording,knock_twice_left,5,0.227534,8.183404,4.749188,0.051500,0.183454,-0.154832
479011670.000,Miguel,recording,knock_twice_left,5,0.121370,8.177432,5.040495,-0.010724,0.172225,-0.137683
479011680.000,Miguel,recording,knock_twice_left,5,0.097238,8.142543,5.255845,-0.050686,0.156209,-0.111209
479011690.000,Miguel,recording,knock_twice_left,5,0.187870,8.101209,5.422119,-0.071945,0.138876,-0.084449
479011700.000,Miguel,recording,knock_twice_left,5,0.330490,8.040721,5.609649,-0.073396,0.120926,-0.069751
479011710.000,Miguel,recording,knock_twice_left,5,0.503601,7.972010,5.847469,-0.050397,0.103008,-0.072996
479011720.000,Miguel,recording,knock_twice_left,5,0.523899,7.951687,5.997589,-0.005232,0.087590,-0.089698
479011730.000,Miguel,recording,knock_twice_left,5,0.404354,8.012383,6.044553,0.050435,0.072009,-0.108976
479011740.000,Miguel,recording,knock_twice_left,5,0.175825,8.048221,5.843611,0.099522,0.050518,-0.118689
479011750.000,Miguel,recording,knock_twice_left,5,0.092945,8.074691,5.655052,0.129219,0.022283,-0.114002
479011760.000,Miguel,recording,knock_twice_left,5,0.142853,8.122986,5.477970,0.136387,-0.010901,-0.101286
479011770.000,Miguel,recording,knock_twice_left,5,0.273005,8.106700,5.191511,0.119784,-0.043901,-0.089635
479011780.000,Miguel,recording,knock_twice_left,5,0.439353,8.097724,5.080346,0.084382,-0.069778,-0.086261
479011790.000,Miguel,recording,knock_twice_left,5,0.473327,8.073003,5.181353,0.044953,-0.086661,-0.096203
479011800.000,Miguel,recording,knock_twice_left,5,0.438905,8.005335,5.303050,0.016497,-0.093425,-0.117410
479011810.000,Miguel,recording,knock_twice_left,5,0.321742,7.999248,5.475194,0.007107,-0.084125,-0.139868
479011820.000,Miguel,recording,knock_twice_left,5,0.217459,8.059550,5.574300,0.016583,-0.057179,-0.152177
479011830.000,Miguel,recording,knock_twice_left,5,0.070305,8.076404,5.671290,0.040594,-0.022655,-0.150324
479011840.000,Miguel,recording,knock_twice_left,5,-0.005735,8.076428,5.647671,0.070494,0.004823,-0.138329
479011850.000,Miguel,recording,knock_twice_left,5,-0.010208,8.043611,5.564851,0.093247,0.016249,-0.122116
479011860.000,Miguel,recording,knock_twice_left,5,0.035523,8.060020,5.415012,0.099683,0.011401,-0.109087
479011870.000,Miguel,recording,knock_twice_left,5,0.071753,8.102970,5.214252,0.088861,-0.001931,-0.103186
479011880.000,Miguel,recording,knock_twice_left,5,0.055319,8.157246,5.110858,0.065515,-0.010243,-0.101181
479011890.000,Miguel,recording,knock_twice_left,5,0.041685,8.201078,5.074267,0.036799,-0.003630,-0.097718
479011900.000,Miguel,recording,knock_twice_left,5,0.053292,8.198170,5.133855,0.010667,0.015903,-0.092714
479011910.000,Miguel,recording,knock_twice_left,5,0.082163,8.194676,5.236008,-0.008412,0.039842,-0.088242
479011920.000,Miguel,recording,knock_twice_left,5,0.046324,8.234676,5.354162,-0.021270,0.061421,-0.081691
479011930.000,Miguel,recording,knock_twice_left,5,-0.037302,8.246652,5.428263,-0.031549,0.071258,-0.068771
479011940.000,Miguel,recording,knock_twice_left,5,-0.095640,8.217699,5.435780,-0.042011,0.059413,-0.049188
479011950.000,Miguel,recording,knock_twice_left,5,-0.225175,8.227469,5.709990,-0.046400,0.025639,-0.026105
479011960.000,Miguel,recording,knock_twice_left,5,-0.439360,8.221333,6.059618,-0.031835,-0.033917,0.002102
479011970.000,Miguel,recording,knock_twice_left,5,-0.515375,8.131576,6.092327,0.001909,-0.124986,0.035043
479011980.000,Miguel,recording,knock_twice_left,5,-0.193232,7.997697,5.651923,0.032785,-0.217301,0.058024
479011990.000,Miguel,recording,knock_twice_left,5,0.313615,7.973437,5.147730,0.039455,-0.251641,0.058195
479012000.000,Miguel,recording,knock_twice_left,5,1.377102,7.883670,4.864168,0.028702,-0.208657,0.033190
479012010.000,Miguel,recording,knock_twice_left,5,2.510392,7.674506,5.070352,0.022806,-0.129438,-0.037606
479012020.000,Miguel,recording,knock_twice_left,5,0.723285,8.319029,5.642997,0.015590,-0.048623,-0.147256
479012030.000,Miguel,recording,knock_twice_left,5,0.304098,8.298238,4.993840,-0.016572,0.028775,-0.215382
479012040.000,Miguel,recording,knock_twice_left,5,-1.023007,8.187257,5.763523,-0.046111,0.099509,-0.193511
479012050.000,Miguel,recording,knock_twice_left,5,-1.365466,8.367219,6.198476,-0.032363,0.152515,-0.097283
479012060.000,Miguel,recording,knock_twice_left,5,-1.433199,8.274635,6.129948,0.011939,0.159549,0.040564
479012070.000,Miguel,recording,knock_twice_left,5,-0.834673,8.171272,5.698667,0.047480,0.101480,0.169666
479012080.000,Miguel,recording,knock_twice_left,5,-0.200360,7.914850,5.148711,0.043013,-0.002960,0.245239
479012090.000,Miguel,recording,knock_twice_left,5,0.517719,7.884114,4.641289,-0.012074,-0.104414,0.249175
479012100.000,Miguel,recording,knock_twice_left,5,1.029752,8.138291,4.465080,-0.103025,-0.162793,0.193696
479012110.000,Miguel,recording,knock_twice_left,5,1.095430,8.336034,4.739542,-0.190211,-0.176789,0.113328
479012120.000,Miguel,recording,knock_twice_left,5,0.690758,8.239381,5.417655,-0.230719,-0.166696,0.046536
479012130.000,Miguel,recording,knock_twice_left,5,0.227449,7.866582,5.832756,-0.210967,-0.148306,0.015377
479012140.000,Miguel,recording,knock_twice_left,5,0.205532,7.659116,6.133954,-0.143528,-0.132874,0.015512
479012150.000,Miguel,recording,knock_twice_left,5,0.792026,7.458523,6.081387,-0.047434,-0.144119,0.014600
479012160.000,Miguel,recording,knock_twice_left,5,1.941112,7.267104,5.738693,0.041911,-0.177868,-0.046678
479012170.000,Miguel,recording,knock_twice_left,5,1.989248,7.850259,5.450467,0.081456,-0.194729,-0.189792
479012180.000,Miguel,recording,knock_twice_left,5,1.277107,7.885678,4.943719,0.058897,-0.157881,-0.343092
479012190.000,Miguel,recording,knock_twice_left,5,-0.166092,8.081469,5.075871,0.004962,-0.065402,-0.413523
479012200.000,Miguel,recording,knock_twice_left,5,-1.286743,8.394661,5.356412,-0.037337,0.049412,-0.359724
479012210.000,Miguel,recording,knock_twice_left,5,-1.771630,8.502560,5.728427,-0.046177,0.154189,-0.203885
479012220.000,Miguel,recording,knock_twice_left,5,-1.583101,8.426798,5.893421,-0.027479,0.215947,-0.012701
479012230.000,Miguel,recording,knock_twice_left,5,-0.861112,8.207136,5.679327,-0.006625,0.221453,0.148881
479012240.000,Miguel,recording,knock_twice_left,5,-0.008054,8.011569,5.337788,-0.009041,0.186734,0.245731
479012250.000,Miguel,recording,knock_twice_left,5,0.683037,7.832697,4.974914,-0.045629,0.121357,0.267559
479012260.000,Miguel,recording,knock_twice_left,5,1.280957,8.000254,4.523265,-0.120789,0.043516,0.219534
479012270.000,Miguel,recording,knock_twice_left,5,1.588639,8.122010,4.372307,-0.229341,-0.008090,0.122502
479012280.000,Miguel,recording,knock_twice_left,5,1.441131,8.071172,4.558114,-0.346618,-0.020528,0.011068
479012290.000,Miguel,recording,knock_twice_left,5,0.944192,7.833973,5.054826,-0.442205,-0.015841,-0.082727
479012300.000,Miguel,recording,knock_twice_left,5,0.352881,7.748582,5.589238,-0.498345,-0.014754,-0.141771
479012310.000,Miguel,recording,knock_twice_left,5,-0.067968,7.682023,6.005564,-0.511512,-0.023144,-0.160428
479012320.000,Miguel,recording,knock_twice_left,5,-0.243713,7.704900,6.280834,-0.487725,-0.036554,-0.143446
479012330.000,Miguel,recording,knock_twice_left,5,-0.295782,7.771048,6.396525,-0.434899,-0.045330,-0.105355
479012340.000,Miguel,recording,knock_twice_left,5,-0.273276,7.762627,6.668129,-0.354815,-0.045627,-0.061998
479012350.000,Miguel,recording,knock_twice_left,5,-0.131867,7.748448,6.654753,-0.254821,-0.038806,-0.022064
479012360.000,Miguel,recording,knock_twice_left,5,0.090725,7.831926,6.485322,-0.151771,-0.021799,0.007578
479012370.000,Miguel,recording,knock_twice_left,5,0.365856,7.924543,6.378468,-0.058014,0.000949,0.018324
479012380.000,Miguel,recording,knock_twice_left,5,0.409601,7.972174,6.378034,0.021380,0.003575,0.011101
479012390.000,Miguel,recording,knock_twice_left,5,0.287339,7.800311,6.185185,0.076091,-0.028951,-0.003046
479012400.000,Miguel,recording,knock_twice_left,5,0.181845,7.776618,5.886906,0.094051,-0.080555,-0.014519
479012410.000,Miguel,recording,knock_twice_left,5,0.213096,7.912071,5.728946,0.079234,-0.137026,-0.023524
479012420.000,Miguel,recording,knock_twice_left,5,0.226326,7.984765,5.697412,0.048820,-0.197849,-0.031735
479012430.000,Miguel,recording,knock_twice_left,5,0.299960,7.926033,5.825501,0.021664,-0.253756,-0.033824
479012440.000,Miguel,recording,knock_twice_left,5,0.346934,7.916990,5.784384,0.003471,-0.284783,-0.030213
479012450.000,Miguel,recording,knock_twice_left,5,0.418851,7.923779,5.770341,-0.009918,-0.289834,-0.030752
479012460.000,Miguel,recording,knock_twice_left,5,0.506584,7.942715,5.896197,-0.016724,-0.295570,-0.042441
479012470.000,Miguel,recording,knock_twice_left,5,0.577358,7.972420,6.049637,-0.013586,-0.320859,-0.064316
479012480.000,Miguel,recording,knock_twice_left,5,0.582395,7.918099,6.112791,-0.001544,-0.359725,-0.090828
479012490.000,Miguel,recording,knock_twice_left,5,0.638085,7.927039,6.125340,0.019358,-0.415879,-0.123460
479012500.000,Miguel,recording,knock_twice_left,5,0.973588,7.959227,6.304251,0.051267,-0.500153,-0.175582
479012510.000,Miguel,recording,knock_twice_left,5,1.073936,7.927384,6.298077,0.089748,-0.583075,-0.246879
479012520.000,Miguel,recording,knock_twice_left,5,0.869674,7.746069,6.141537,0.124482,-0.616216,-0.313283
479012530.000,Miguel,recording,knock_twice_left,5,0.710730,7.661738,5.991122,0.149312,-0.587625,-0.353475
479012540.000,Miguel,recording,knock_twice_left,5,0.579774,7.698691,5.857513,0.166126,-0.527909,-0.363848
479012550.000,Miguel,recording,knock_twice_left,5,0.524845,7.864927,5.731226,0.178814,-0.474787,-0.354065
479012560.000,Miguel,recording,knock_twice_left,5,0.544690,8.056268,5.564365,0.185132,-0.431586,-0.337767
479012570.000,Miguel,recording,knock_twice_left,5,0.488292,8.173524,5.432621,0.179505,-0.376143,-0.323752
479012580.000,Miguel,recording,knock_twice_left,5,0.388498,8.240459,5.503291,0.165925,-0.302762,-0.312802
479012590.000,Miguel,recording,knock_twice_left,5,0.181561,8.118583,5.572289,0.152817,-0.214195,-0.295696
479012600.000,Miguel,recording,knock_twice_left,5,-0.144535,7.960491,5.549935,0.143374,-0.112138,-0.257734
479012610.000,Miguel,recording,knock_twice_left,5,-0.269029,7.996490,5.569718,0.141648,-0.017140,-0.193097
479012620.000,Miguel,recording,knock_twice_left,5,-0.245270,8.049229,5.595878,0.147149,0.043802,-0.109228
479012630.000,Miguel,recording,knock_twice_left,5,-0.178623,8.102995,5.549222,0.147081,0.067831,-0.016933
479012640.000,Miguel,recording,knock_twice_left,5,-0.157015,8.076847,5.366489,0.125330,0.069405,0.072325
479012650.000,Miguel,recording,knock_twice_left,5,-0.191082,7.943768,5.192100,0.074991,0.057620,0.149893
479012660.000,Miguel,recording,knock_twice_left,5,-0.226519,7.824616,4.969235,-0.000093,0.033550,0.214703
479012670.000,Miguel,recording,knock_twice_left,5,-0.119658,7.843582,4.904870,-0.089995,-0.010868,0.264691
479012680.000,Miguel,recording,knock_twice_left,5,0.041308,7.789696,4.821883,-0.183453,-0.085182,0.297123
479012690.000,Miguel,recording,knock_twice_left,5,0.312252,7.831664,5.128223,-0.262992,-0.200712,0.306479
479012700.000,Miguel,recording,knock_twice_left,5,0.487060,7.795549,5.695722,-0.311717,-0.345948,0.285486
479012710.000,Miguel,recording,knock_twice_left,5,0.563973,7.641169,5.777431,-0.335818,-0.473532,0.244739
479012720.000,Miguel,recording,knock_twice_left,5,0.606685,7.601859,5.972934,-0.337729,-0.550477,0.202181
479012730.000,Miguel,recording,knock_twice_left,5,0.655244,7.691720,6.085216,-0.302745,-0.567992,0.168518
479012740.000,Miguel,recording,knock_twice_left,5,0.790513,7.931105,6.200640,-0.229922,-0.512841,0.148811
479012750.000,Miguel,recording,knock_twice_left,5,0.840235,8.116275,6.113854,-0.137347,-0.375256,0.140115
479012760.000,Miguel,recording,knock_twice_left,5,0.883778,8.213767,6.185421,-0.036502,-0.178084,0.134881
479012770.000,Miguel,recording,knock_twice_left,5,0.912424,8.113335,6.337972,0.074326,0.038458,0.126521
479012780.000,Miguel,recording,knock_twice_left,5,0.868617,8.008456,6.341749,0.190463,0.239674,0.112558
479012790.000,Miguel,recording,knock_twice_left,5,0.947367,7.993419,6.417073,0.303282,0.390199,0.090220
479012800.000,Miguel,recording,knock_twice_left,6,0.950864,7.863614,6.325280,0.399254,0.477041,0.061984
479012810.000,Miguel,recording,knock_twice_left,6,1.007213,7.931934,6.239136,0.463682,0.498860,0.033960
479012820.000,Miguel,recording,knock_twice_left,6,0.994565,8.052020,6.120179,0.495050,0.443875,0.007293
479012830.000,Miguel,recording,knock_twice_left,6,0.977276,8.208974,6.136752,0.506944,0.311368,-0.018426
479012840.000,Miguel,recording,knock_twice_left,6,0.850894,8.108536,6.010936,0.507381,0.131354,-0.041251
479012850.000,Miguel,recording,knock_twice_left,6,0.723614,7.905216,5.764824,0.487339,-0.049067,-0.059500
479012860.000,Miguel,recording,knock_twice_left,6,0.543772,7.759104,5.489664,0.440994,-0.199780,-0.073683
479012870.000,Miguel,recording,knock_twice_left,6,0.380848,7.659287,5.277566,0.374511,-0.307207,-0.082348
479012880.000,Miguel,recording,knock_twice_left,6,0.246631,7.598992,5.068802,0.296561,-0.362646,-0.079883
479012890.000,Miguel,recording,knock_twice_left,6,0.189520,7.652021,4.902487,0.212043,-0.365240,-0.061449
479012900.000,Miguel,recording,knock_twice_left,6,0.303578,7.808769,4.772619,0.124603,-0.328298,-0.030471
479012910.000,Miguel,recording,knock_twice_left,6,0.367802,8.017300,4.772749,0.040638,-0.277106,0.004148
479012920.000,Miguel,recording,knock_twice_left,6,0.398407,8.091169,4.751303,-0.031698,-0.231057,0.037838
479012930.000,Miguel,recording,knock_twice_left,6,0.411493,8.004949,4.786025,-0.085737,-0.183995,0.073529
479012940.000,Miguel,recording,knock_twice_left,6,0.346034,7.906674,4.778479,-0.122066,-0.115986,0.113823
479012950.000,Miguel,recording,knock_twice_left,6,0.386198,7.889374,4.758868,-0.147153,-0.024232,0.157023
479012960.000,Miguel,recording,knock_twice_left,6,0.515043,7.952122,4.927318,-0.164239,0.068337,0.196789
479012970.000,Miguel,recording,knock_twice_left,6,0.676675,7.928426,5.085359,-0.176239,0.137686,0.222297
479012980.000,Miguel,recording,knock_twice_left,6,0.801021,7.864931,5.172864,-0.190580,0.172680,0.227250
479012990.000,Miguel,recording,knock_twice_left,6,0.848194,7.741425,5.265288,-0.211444,0.164118,0.213373
479013000.000,Miguel,recording,knock_twice_left,6,0.901660,7.596005,5.382327,-0.234939,0.108577,0.184768
479013010.000,Miguel,recording,knock_twice_left,6,0.938939,7.557898,5.498315,-0.254178,0.018277,0.146491
479013020.000,Miguel,recording,knock_twice_left,6,0.939953,7.569499,5.620289,-0.262616,-0.080759,0.104667
479013030.000,Miguel,recording,knock_twice_left,6,0.973375,7.522244,5.717168,-0.255483,-0.157094,0.060034
479013040.000,Miguel,recording,knock_twice_left,6,0.939624,7.540421,5.758419,-0.233837,-0.189652,0.008069
479013050.000,Miguel,recording,knock_twice_left,6,0.916889,7.554415,5.666531,-0.203803,-0.170787,-0.051348
479013060.000,Miguel,recording,knock_twice_left,6,0.947202,7.524716,5.578020,-0.167633,-0.098235,-0.118056
479013070.000,Miguel,recording,knock_twice_left,6,1.056239,7.254517,5.482957,-0.125456,0.018112,-0.199600
479013080.000,Miguel,recording,knock_twice_left,6,1.274286,6.810814,5.271693,-0.083263,0.159772,-0.309086
479013090.000,Miguel,recording,knock_twice_left,6,1.552805,6.604249,4.988700,-0.055806,0.318118,-0.458923
479013100.000,Miguel,recording,knock_twice_left,6,1.683615,6.781204,4.782057,-0.049906,0.481743,-0.649392
479013110.000,Miguel,recording,knock_twice_left,6,1.557192,7.090570,4.797680,-0.061542,0.620980,-0.856513
479013120.000,Miguel,recording,knock_twice_left,6,1.134069,7.582402,4.685798,-0.098330,0.694269,-1.037345
479013130.000,Miguel,recording,knock_twice_left,6,0.535760,7.851636,4.770929,-0.166751,0.659327,-1.157167
479013140.000,Miguel,recording,knock_twice_left,6,-0.155686,8.120958,4.801918,-0.261151,0.512095,-1.193065
479013150.000,Miguel,recording,knock_twice_left,6,-0.681239,8.643350,5.010091,-0.369734,0.300836,-1.130873
479013160.000,Miguel,recording,knock_twice_left,6,-0.970978,8.841607,5.318525,-0.474991,0.083393,-0.988351
479013170.000,Miguel,recording,knock_twice_left,6,-0.956911,8.775643,5.633155,-0.560510,-0.103943,-0.812448
479013180.000,Miguel,recording,knock_twice_left,6,-0.822155,8.511140,6.001053,-0.610974,-0.249627,-0.646053
479013190.000,Miguel,recording,knock_twice_left,6,-0.698025,8.165146,6.322230,-0.620804,-0.355036,-0.511109
479013200.000,Miguel,recording,knock_twice_left,6,-0.617861,7.971086,6.431467,-0.600186,-0.422851,-0.409145
479013210.000,Miguel,recording,knock_twice_left,6,-0.612748,8.016616,6.555312,-0.558669,-0.460878,-0.325625
479013220.000,Miguel,recording,knock_twice_left,6,-0.681976,8.216588,6.593159,-0.501717,-0.478617,-0.242712
479013230.000,Miguel,recording,knock_twice_left,6,-0.688113,8.398310,6.488778,-0.441043,-0.474094,-0.146482
479013240.000,Miguel,recording,knock_twice_left,6,-0.672165,8.542686,6.374321,-0.386195,-0.435943,-0.035700
479013250.000,Miguel,recording,knock_twice_left,6,-0.490282,8.423030,6.415614,-0.333380,-0.355503,0.074502
479013260.000,Miguel,recording,knock_twice_left,6,-0.303133,8.198758,6.513014,-0.271538,-0.229795,0.168934
479013270.000,Miguel,recording,knock_twice_left,6,-0.222516,7.988950,6.766619,-0.193578,-0.066695,0.243443
479013280.000,Miguel,recording,knock_twice_left,6,-0.150762,7.777229,6.944887,-0.102784,0.107977,0.299117
479013290.000,Miguel,recording,knock_twice_left,6,-0.147445,7.638137,7.129665,-0.006766,0.263658,0.340989
479013300.000,Miguel,recording,knock_twice_left,6,-0.212162,7.547262,7.164099,0.087207,0.372526,0.380470
479013310.000,Miguel,recording,knock_twice_left,6,-0.185634,7.592814,7.154124,0.170053,0.416611,0.417316
479013320.000,Miguel,recording,knock_twice_left,6,-0.015848,7.642037,7.128268,0.237126,0.397770,0.436443
479013330.000,Miguel,recording,knock_twice_left,6,0.206762,7.619632,7.082868,0.292123,0.334351,0.432273
479013340.000,Miguel,recording,knock_twice_left,6,0.389888,7.681071,7.059959,0.341262,0.256788,0.412661
479013350.000,Miguel,recording,knock_twice_left,6,0.484357,7.682996,7.077747,0.390182,0.192223,0.388149
479013360.000,Miguel,recording,knock_twice_left,6,0.452004,7.640532,7.081968,0.445631,0.145495,0.366254
479013370.000,Miguel,recording,knock_twice_left,6,0.424855,7.638644,6.993832,0.511523,0.109106,0.348066
479013380.000,Miguel,recording,knock_twice_left,6,0.381686,7.594148,6.752946,0.579238,0.088122,0.329537
479013390.000,Miguel,recording,knock_twice_left,6,0.373100,7.487004,6.274254,0.627895,0.096523,0.305866
479013400.000,Miguel,recording,knock_twice_left,6,0.448159,7.558876,5.746523,0.640306,0.140400,0.273982
479013410.000,Miguel,recording,knock_twice_left,6,0.542514,7.749817,5.424408,0.620901,0.214628,0.232915
479013420.000,Miguel,recording,knock_twice_left,6,0.598073,7.898035,5.396556,0.592823,0.311006,0.185657
479013430.000,Miguel,recording,knock_twice_left,6,0.673524,7.997649,5.400967,0.571372,0.428776,0.140260
479013440.000,Miguel,recording,knock_twice_left,6,0.749079,8.145032,5.380810,0.553251,0.565843,0.104846
479013450.000,Miguel,recording,knock_twice_left,6,0.705467,8.290965,5.423755,0.533412,0.696801,0.084612
479013460.000,Miguel,recording,knock_twice_left,6,0.420824,8.315821,5.613217,0.516366,0.776059,0.084176
479013470.000,Miguel,recording,knock_twice_left,6,0.044487,8.122698,5.621340,0.502294,0.768444,0.106870
479013480.000,Miguel,recording,knock_twice_left,6,-0.163070,7.974426,5.454150,0.478284,0.674233,0.146837
479013490.000,Miguel,recording,knock_twice_left,6,-0.180823,7.826399,5.238910,0.433128,0.519467,0.186210
479013500.000,Miguel,recording,knock_twice_left,6,-0.059723,7.769610,5.000785,0.363628,0.337575,0.209194
479013510.000,Miguel,recording,knock_twice_left,6,0.221466,7.753283,4.870771,0.274262,0.165969,0.210828
479013520.000,Miguel,recording,knock_twice_left,6,0.400946,7.823012,4.936981,0.182867,0.033791,0.191308
479013530.000,Miguel,recording,knock_twice_left,6,0.440715,7.817421,5.093904,0.110958,-0.048719,0.157081
479013540.000,Miguel,recording,knock_twice_left,6,0.400871,7.808062,5.393303,0.071609,-0.079058,0.121636
479013550.000,Miguel,recording,knock_twice_left,6,0.361932,7.751375,5.597256,0.067573,-0.058215,0.098442
479013560.000,Miguel,recording,knock_twice_left,6,0.356155,7.809091,5.552930,0.086326,0.000525,0.091197
479013570.000,Miguel,recording,knock_twice_left,6,0.440555,7.830949,5.428977,0.109040,0.074257,0.092667
479013580.000,Miguel,recording,knock_twice_left,6,0.629807,7.902979,5.203205,0.124257,0.143827,0.089619
479013590.000,Miguel,recording,knock_twice_left,6,0.767750,7.994380,5.196016,0.130489,0.196439,0.064180
479013600.000,Miguel,recording,knock_twice_left,6,0.790308,8.035124,5.276204,0.131725,0.226694,0.010237
479013610.000,Miguel,recording,knock_twice_left,6,0.667150,8.112556,5.364527,0.131159,0.241063,-0.058156
479013620.000,Miguel,recording,knock_twice_left,6,0.499291,8.104779,5.579137,0.135729,0.246523,-0.125938
479013630.000,Miguel,recording,knock_twice_left,6,0.322527,8.070972,5.744647,0.154744,0.243110,-0.186081
479013640.000,Miguel,recording,knock_twice_left,6,0.098726,8.136504,5.808228,0.189854,0.228275,-0.233024
479013650.000,Miguel,recording,knock_twice_left,6,-0.129745,8.209428,5.775742,0.232247,0.201247,-0.263980
479013660.000,Miguel,recording,knock_twice_left,6,-0.366546,8.377404,5.452818,0.262590,0.170432,-0.280888
479013670.000,Miguel,recording,knock_twice_left,6,-0.554920,8.549770,5.053276,0.257969,0.144826,-0.287772
479013680.000,Miguel,recording,knock_twice_left,6,-0.797413,8.715654,4.659293,0.210382,0.118008,-0.290065
479013690.000,Miguel,recording,knock_twice_left,6,-1.016657,8.835035,4.527951,0.131714,0.078180,-0.292256
479013700.000,Miguel,recording,knock_twice_left,6,-1.295639,8.879423,4.551132,0.039719,0.025947,-0.289565
479013710.000,Miguel,recording,knock_twice_left,6,-1.588728,8.887652,4.773396,-0.047809,-0.026573,-0.269835
479013720.000,Miguel,recording,knock_twice_left,6,-1.882460,8.833487,5.087198,-0.111984,-0.072883,-0.225242
479013730.000,Miguel,recording,knock_twice_left,6,-2.063976,8.679538,5.397139,-0.139678,-0.120211,-0.155337
479013740.000,Miguel,recording,knock_twice_left,6,-2.035915,8.492806,5.574929,-0.129984,-0.176362,-0.066635
479013750.000,Miguel,recording,knock_twice_left,6,-1.845887,8.326492,5.573767,-0.093128,-0.238008,0.025983
479013760.000,Miguel,recording,knock_twice_left,6,-1.497303,8.224605,5.525864,-0.044222,-0.292706,0.105554
479013770.000,Miguel,recording,knock_twice_left,6,-1.113268,8.118446,5.369216,0.003063,-0.332418,0.161949
479013780.000,Miguel,recording,knock_twice_left,6,-0.650080,7.962768,5.172398,0.040104,-0.358645,0.192532
479013790.000,Miguel,recording,knock_twice_left,6,-0.177613,7.814044,4.980892,0.064980,-0.371743,0.196995
479013800.000,Miguel,recording,knock_twice_left,6,0.214603,7.724291,4.933615,0.082677,-0.369200,0.172823
479013810.000,Miguel,recording,knock_twice_left,6,0.532539,7.646703,4.870091,0.099267,-0.349588,0.123020
479013820.000,Miguel,recording,knock_twice_left,6,0.728019,7.692081,4.760532,0.113090,-0.311232,0.058242
479013830.000,Miguel,recording,knock_twice_left,6,0.830514,7.705276,4.657078,0.118768,-0.257388,-0.010492
479013840.000,Miguel,recording,knock_twice_left,6,0.891796,7.744883,4.570912,0.112607,-0.196766,-0.074220
479013850.000,Miguel,recording,knock_twice_left,6,0.928678,7.852269,4.401314,0.086760,-0.134998,-0.127246
479013860.000,Miguel,recording,knock_twice_left,6,0.930983,8.052702,4.219755,0.034830,-0.081506,-0.166782
479013870.000,Miguel,recording,knock_twice_left,6,0.876918,8.162639,4.141939,-0.037986,-0.048677,-0.193026
479013880.000,Miguel,recording,knock_twice_left,6,0.743628,8.231478,4.251636,-0.119758,-0.038494,-0.207936
479013890.000,Miguel,recording,knock_twice_left,6,0.536793,8.224292,4.372424,-0.201290,-0.043106,-0.213375
479013900.000,Miguel,recording,knock_twice_left,6,0.359032,8.172255,4.503856,-0.278442,-0.054739,-0.209556
479013910.000,Miguel,recording,knock_twice_left,6,0.159468,8.126036,4.682182,-0.347660,-0.071737,-0.196568
479013920.000,Miguel,recording,knock_twice_left,6,0.071310,8.155639,4.846145,-0.406332,-0.095496,-0.175658
479013930.000,Miguel,recording,knock_twice_left,6,0.057903,8.158560,5.043467,-0.452829,-0.125953,-0.149743
479013940.000,Miguel,recording,knock_twice_left,6,0.146788,8.129494,5.227896,-0.487433,-0.159772,-0.125148
479013950.000,Miguel,recording,knock_twice_left,6,0.160474,8.051286,5.445704,-0.510638,-0.194734,-0.106930
479013960.000,Miguel,recording,knock_twice_left,6,0.100733,8.021302,5.722038,-0.520920,-0.232521,-0.093634
479013970.000,Miguel,recording,knock_twice_left,6,0.020841,8.053679,5.945318,-0.517337,-0.278423,-0.078837
479013980.000,Miguel,recording,knock_twice_left,6,-0.119162,8.021105,6.123429,-0.498799,-0.337303,-0.058218
479013990.000,Miguel,recording,knock_twice_left,6,-0.120594,7.956196,6.166186,-0.468139,-0.402395,-0.031994
479014000.000,Miguel,recording,knock_twice_left,6,-0.055628,7.901604,6.178576,-0.429346,-0.453261,-0.005657
479014010.000,Miguel,recording,knock_twice_left,6,0.102700,7.862743,6.234222,-0.381050,-0.471861,0.012127
479014020.000,Miguel,recording,knock_twice_left,6,0.326489,7.832305,6.203619,-0.322493,-0.452974,0.016544
479014030.000,Miguel,recording,knock_twice_left,6,0.561483,7.805485,6.160917,-0.256877,-0.399775,0.004476
479014040.000,Miguel,recording,knock_twice_left,6,0.629209,7.790146,6.096941,-0.190313,-0.323280,-0.023982
479014050.000,Miguel,recording,knock_twice_left,6,0.581964,7.748992,6.063269,-0.128331,-0.239735,-0.060550
479014060.000,Miguel,recording,knock_twice_left,6,0.466311,7.741515,6.056866,-0.072246,-0.162075,-0.094189
479014070.000,Miguel,recording,knock_twice_left,6,0.324449,7.785009,5.958083,-0.025459,-0.098732,-0.116020
479014080.000,Miguel,recording,knock_twice_left,6,0.273222,7.843268,5.877473,0.007677,-0.053800,-0.124350
479014090.000,Miguel,recording,knock_twice_left,6,0.273108,7.879223,5.812598,0.029954,-0.023592,-0.126162
479014100.000,Miguel,recording,knock_twice_left,6,0.333500,7.855088,5.827791,0.046878,-0.000932,-0.128088
479014110.000,Miguel,recording,knock_twice_left,6,0.343749,7.825734,5.790063,0.058552,0.014770,-0.133675
479014120.000,Miguel,recording,knock_twice_left,6,0.416777,7.834372,5.684336,0.060505,0.018329,-0.146356
479014130.000,Miguel,recording,knock_twice_left,6,0.521474,7.877905,5.591867,0.050650,0.011336,-0.169980
479014140.000,Miguel,recording,knock_twice_left,6,0.566731,7.975209,5.554234,0.033154,0.008553,-0.201687
479014150.000,Miguel,recording,knock_twice_left,6,0.627371,8.075052,5.634001,0.018553,0.031414,-0.231292
479014160.000,Miguel,recording,knock_twice_left,6,0.734792,8.202853,5.877728,0.020678,0.093248,-0.257708
479014170.000,Miguel,recording,knock_twice_left,6,0.796261,8.173713,6.172756,0.048085,0.189163,-0.285425
479014180.000,Miguel,recording,knock_twice_left,6,0.778413,8.121497,6.417199,0.099273,0.300136,-0.313352
479014190.000,Miguel,recording,knock_twice_left,6,0.679000,8.062349,6.620506,0.167422,0.399580,-0.339484
479014200.000,Miguel,recording,knock_twice_left,6,0.557839,7.975848,6.683167,0.242906,0.463257,-0.364284
479014210.000,Miguel,recording,knock_twice_left,6,0.358422,7.853440,6.557783,0.315100,0.476516,-0.392946
479014220.000,Miguel,recording,knock_twice_left,6,0.112065,7.738232,6.529667,0.381305,0.437422,-0.433292
479014230.000,Miguel,recording,knock_twice_left,6,-0.252026,7.643381,6.513140,0.444272,0.360905,-0.485345
479014240.000,Miguel,recording,knock_twice_left,6,-0.566652,7.575746,6.363577,0.503290,0.269551,-0.537078
479014250.000,Miguel,recording,knock_twice_left,6,-0.968020,7.636749,6.218564,0.555925,0.188228,-0.573394
479014260.000,Miguel,recording,knock_twice_left,6,-1.305563,7.796590,6.065067,0.599411,0.137542,-0.579992
479014270.000,Miguel,recording,knock_twice_left,6,-1.533524,7.980993,5.824381,0.629943,0.117335,-0.548489
479014280.000,Miguel,recording,knock_twice_left,6,-1.551297,8.170151,5.509103,0.645025,0.111954,-0.483519
479014290.000,Miguel,recording,knock_twice_left,6,-1.394082,8.469221,5.191876,0.642856,0.112800,-0.402886
479014300.000,Miguel,recording,knock_twice_left,6,-1.264025,8.713573,4.963575,0.619897,0.117725,-0.328072
479014310.000,Miguel,recording,knock_twice_left,6,-1.300151,8.759969,4.776029,0.575798,0.115563,-0.266408
479014320.000,Miguel,recording,knock_twice_left,6,-1.347018,8.677413,4.626092,0.514333,0.094537,-0.211907
479014330.000,Miguel,recording,knock_twice_left,6,-1.450335,8.645927,4.481899,0.436410,0.054689,-0.160807
479014340.000,Miguel,recording,knock_twice_left,6,-1.542142,8.531233,4.373838,0.345668,0.001079,-0.114163
479014350.000,Miguel,recording,knock_twice_left,6,-1.604303,8.418366,4.427845,0.253128,-0.064915,-0.072914
479014360.000,Miguel,recording,knock_twice_left,6,-1.601820,8.253151,4.606057,0.172211,-0.138107,-0.038596
479014370.000,Miguel,recording,knock_twice_left,6,-1.481782,8.154533,4.735907,0.112976,-0.203742,-0.013893
479014380.000,Miguel,recording,knock_twice_left,6,-1.357724,8.249585,4.831534,0.075514,-0.252606,0.001320
479014390.000,Miguel,recording,knock_twice_left,6,-1.291887,8.360803,4.833626,0.054538,-0.289611,0.012244
479014400.000,Miguel,recording,knock_twice_left,6,-1.326323,8.366707,4.770076,0.044542,-0.324872,0.023367
479014410.000,Miguel,recording,knock_twice_left,6,-1.366287,8.281001,4.635832,0.035553,-0.362230,0.035033
479014420.000,Miguel,recording,knock_twice_left,6,-1.401349,8.211611,4.475773,0.016249,-0.399376,0.047192
479014430.000,Miguel,recording,knock_twice_left,6,-1.360904,8.176588,4.298130,-0.017564,-0.434456,0.061530
479014440.000,Miguel,recording,knock_twice_left,6,-1.285092,8.227966,4.210259,-0.063401,-0.460948,0.080148
479014450.000,Miguel,recording,knock_twice_left,6,-1.127942,8.350053,4.174067,-0.117093,-0.466581,0.102531
479014460.000,Miguel,recording,knock_twice_left,6,-0.991483,8.398841,4.260377,-0.169026,-0.446400,0.124305
479014470.000,Miguel,recording,knock_twice_left,6,-0.814068,8.400570,4.458034,-0.205331,-0.408313,0.140906
479014480.000,Miguel,recording,knock_twice_left,6,-0.661912,8.299163,4.643110,-0.219727,-0.364673,0.146257
479014490.000,Miguel,recording,knock_twice_left,6,-0.528698,8.259851,4.779781,-0.215574,-0.322523,0.134556
479014500.000,Miguel,recording,knock_twice_left,6,-0.521490,8.267401,4.878068,-0.199716,-0.286498,0.111124
479014510.000,Miguel,recording,knock_twice_left,6,-0.575317,8.182331,4.916541,-0.178109,-0.262083,0.090210
479014520.000,Miguel,recording,knock_twice_left,6,-0.630306,8.215821,4.917714,-0.155353,-0.245249,0.083890
479014530.000,Miguel,recording,knock_twice_left,6,-0.616176,8.294616,4.865587,-0.136573,-0.220619,0.095954
479014540.000,Miguel,recording,knock_twice_left,6,-0.519381,8.365919,4.846265,-0.124622,-0.176128,0.119849
479014550.000,Miguel,recording,knock_twice_left,6,-0.419475,8.341515,4.877923,-0.116287,-0.115285,0.144967
479014560.000,Miguel,recording,knock_twice_left,6,-0.339931,8.243066,5.048514,-0.106549,-0.055188,0.162221
479014570.000,Miguel,recording,knock_twice_left,6,-0.231477,8.152908,5.121011,-0.094176,-0.011259,0.165307
479014580.000,Miguel,recording,knock_twice_left,6,-0.140693,8.117457,5.130754,-0.082585,0.012504,0.152335
479014590.000,Miguel,recording,knock_twice_left,6,-0.131714,8.147878,5.167429,-0.074904,0.018596,0.127362
479014600.000,Miguel,recording,knock_twice_left,6,-0.191730,8.145934,5.155343,-0.071143,0.010198,0.100972
479014610.000,Miguel,recording,knock_twice_left,6,-0.218056,8.092551,5.084596,-0.072804,-0.008993,0.082732
479014620.000,Miguel,recording,knock_twice_left,6,-0.184986,8.148232,5.022246,-0.082787,-0.034166,0.071203
479014630.000,Miguel,recording,knock_twice_left,6,-0.163322,8.232925,5.015958,-0.100699,-0.063786,0.060467
479014640.000,Miguel,recording,knock_twice_left,6,-0.221692,8.229445,5.101361,-0.120822,-0.100574,0.051129
479014650.000,Miguel,recording,knock_twice_left,6,-0.287516,8.221327,5.184546,-0.136469,-0.141634,0.046542
479014660.000,Miguel,recording,knock_twice_left,6,-0.357913,8.140406,5.217645,-0.147059,-0.178004,0.047190
479014670.000,Miguel,recording,knock_twice_left,6,-0.408612,8.113042,5.209281,-0.157327,-0.206380,0.052380
479014680.000,Miguel,recording,knock_twice_left,6,-0.384170,8.090961,5.161220,-0.171919,-0.231109,0.060926
479014690.000,Miguel,recording,knock_twice_left,6,-0.306157,8.168929,5.073240,-0.192961,-0.256333,0.070914
479014700.000,Miguel,recording,knock_twice_left,6,-0.225038,8.251798,5.053382,-0.219562,-0.277141,0.081770
479014710.000,Miguel,recording,knock_twice_left,6,-0.179423,8.309949,5.092102,-0.247357,-0.282428,0.095296
479014720.000,Miguel,recording,knock_twice_left,6,-0.175511,8.314073,5.311483,-0.265442,-0.267783,0.112954
479014730.000,Miguel,recording,knock_twice_left,6,-0.121475,8.233559,5.559008,-0.257671,-0.236019,0.129893
479014740.000,Miguel,recording,knock_twice_left,6,-0.040019,8.103876,5.764322,-0.219556,-0.186026,0.137554
479014750.000,Miguel,recording,knock_twice_left,6,0.183743,8.017485,5.817065,-0.162616,-0.115022,0.131756
479014760.000,Miguel,recording,knock_twice_left,6,0.344177,8.050082,5.823397,-0.101589,-0.035369,0.112669
479014770.000,Miguel,recording,knock_twice_left,6,0.418773,8.079686,5.775343,-0.050267,0.028080,0.087026
479014780.000,Miguel,recording,knock_twice_left,6,0.367238,8.105253,5.646783,-0.020874,0.055837,0.063128
479014790.000,Miguel,recording,knock_twice_left,6,0.471090,8.042046,5.455741,-0.022496,0.041233,0.040425
479014800.000,Miguel,recording,knock_twice_left,6,0.560665,8.033626,5.325288,-0.057706,-0.009905,0.012376
479014810.000,Miguel,recording,knock_twice_left,6,0.727840,8.024109,5.286266,-0.117328,-0.083900,-0.027862
479014820.000,Miguel,recording,knock_twice_left,6,0.806978,8.051836,5.328802,-0.184251,-0.165878,-0.082073
479014830.000,Miguel,recording,knock_twice_left,6,0.755643,7.977835,5.506040,-0.241938,-0.241988,-0.145181
479014840.000,Miguel,recording,knock_twice_left,6,0.545306,7.936554,5.787873,-0.274247,-0.300878,-0.204888
479014850.000,Miguel,recording,knock_twice_left,6,0.251981,7.858661,6.127234,-0.266550,-0.340757,-0.248226
479014860.000,Miguel,recording,knock_twice_left,6,-0.123074,7.809085,6.359414,-0.215932,-0.366699,-0.269825
479014870.000,Miguel,recording,knock_twice_left,6,-0.399853,7.875895,6.395490,-0.134344,-0.376288,-0.267512
479014880.000,Miguel,recording,knock_twice_left,6,-0.323080,8.080024,6.280084,-0.037370,-0.353478,-0.244543
479014890.000,Miguel,recording,knock_twice_left,6,-0.541348,8.082435,6.175881,0.062072,-0.295237,-0.213260
479014900.000,Miguel,recording,knock_twice_left,6,-0.650306,7.852713,5.746917,0.144999,-0.220987,-0.178910
479014910.000,Miguel,recording,knock_twice_left,6,-0.412950,7.815439,5.266661,0.191457,-0.132704,-0.144879
479014920.000,Miguel,recording,knock_twice_left,6,0.273026,7.852834,4.971287,0.198658,-0.025907,-0.115047
479014930.000,Miguel,recording,knock_twice_left,6,1.596914,7.674284,4.752712,0.177685,0.089241,-0.113213
479014940.000,Miguel,recording,knock_twice_left,6,0.695178,8.354014,5.414711,0.139916,0.179714,-0.179419
479014950.000,Miguel,recording,knock_twice_left,6,0.428457,8.500964,5.028669,0.087501,0.161850,-0.268392
479014960.000,Miguel,recording,knock_twice_left,6,-0.961491,8.282580,5.300152,0.017023,0.056706,-0.298953
479014970.000,Miguel,recording,knock_twice_left,6,-1.352771,8.334400,5.464387,-0.052764,-0.011557,-0.243943
479014980.000,Miguel,recording,knock_twice_left,6,-1.959335,7.990390,6.156581,-0.073384,-0.052172,-0.103378
479014990.000,Miguel,recording,knock_twice_left,6,-1.727638,7.824712,6.222319,-0.033727,-0.152575,0.068159
479015000.000,Miguel,recording,knock_twice_left,6,-0.657604,7.978598,5.787268,0.010825,-0.285128,0.175964
479015010.000,Miguel,recording,knock_twice_left,6,0.026100,7.812295,5.262858,0.011368,-0.366009,0.181409
479015020.000,Miguel,recording,knock_twice_left,6,0.505153,7.838765,4.955262,-0.029836,-0.376078,0.120499
479015030.000,Miguel,recording,knock_twice_left,6,0.628625,8.069892,4.970998,-0.084854,-0.337847,0.033168
479015040.000,Miguel,recording,knock_twice_left,6,0.485790,8.416383,5.165260,-0.127904,-0.286162,-0.055887
479015050.000,Miguel,recording,knock_twice_left,6,-0.000324,8.362128,5.510645,-0.139809,-0.247397,-0.115932
479015060.000,Miguel,recording,knock_twice_left,6,-0.364956,8.079660,5.715595,-0.120876,-0.214705,-0.127230
479015070.000,Miguel,recording,knock_twice_left,6,-0.486201,7.864952,5.850202,-0.080078,-0.205139,-0.093030
479015080.000,Miguel,recording,knock_twice_left,6,0.971762,7.164994,5.401286,-0.032626,-0.237915,-0.049051
479015090.000,Miguel,recording,knock_twice_left,6,1.641110,7.540981,5.530253,-0.011105,-0.225219,-0.090599
479015100.000,Miguel,recording,knock_twice_left,6,1.911027,8.155862,5.388618,-0.023532,-0.172701,-0.250697
479015110.000,Miguel,recording,knock_twice_left,6,0.937570,8.076170,5.625959,-0.051995,-0.147120,-0.434185
479015120.000,Miguel,recording,knock_twice_left,6,-0.485083,8.081214,5.777821,-0.075204,-0.119485,-0.539388
479015130.000,Miguel,recording,knock_twice_left,6,-1.612412,8.133319,6.210812,-0.069766,-0.079547,-0.515901
479015140.000,Miguel,recording,knock_twice_left,6,-2.018887,8.091422,6.271746,-0.029258,-0.029962,-0.376048
479015150.000,Miguel,recording,knock_twice_left,6,-1.967798,8.138016,6.241538,0.033626,0.033320,-0.181347
479015160.000,Miguel,recording,knock_twice_left,6,-1.337435,8.095207,6.097676,0.104912,0.106907,0.001396
479015170.000,Miguel,recording,knock_twice_left,6,-0.653200,7.984073,5.942830,0.175131,0.163306,0.128932
479015180.000,Miguel,recording,knock_twice_left,6,-0.029681,8.000475,5.434631,0.222976,0.163547,0.187476
479015190.000,Miguel,recording,knock_twice_left,6,0.490302,7.990749,4.737221,0.210506,0.125105,0.176863
479015200.000,Miguel,recording,knock_twice_left,6,1.006244,8.153058,4.436456,0.126581,0.100358,0.096818
479015210.000,Miguel,recording,knock_twice_left,6,0.874313,8.081983,4.497069,0.008022,0.079864,-0.026398
479015220.000,Miguel,recording,knock_twice_left,6,0.522040,7.953277,4.712314,-0.106932,0.036845,-0.139796
479015230.000,Miguel,recording,knock_twice_left,6,0.073328,7.932913,5.022632,-0.201292,-0.007272,-0.213958
479015240.000,Miguel,recording,knock_twice_left,6,-0.246896,7.924027,5.466575,-0.264624,-0.027807,-0.249642
479015250.000,Miguel,recording,knock_twice_left,6,-0.477406,7.877525,5.910289,-0.286417,-0.029934,-0.255144
479015260.000,Miguel,recording,knock_twice_left,6,-0.613492,7.825184,6.267442,-0.261617,-0.030400,-0.241761
479015270.000,Miguel,recording,knock_twice_left,6,-0.661899,7.838251,6.360871,-0.202510,-0.034730,-0.220015
479015280.000,Miguel,recording,knock_twice_left,6,-0.605469,7.989741,6.349061,-0.129204,-0.038230,-0.193888
479015290.000,Miguel,recording,knock_twice_left,6,-0.679538,8.144291,6.385075,-0.051594,-0.041149,-0.161631
479015300.000,Miguel,recording,knock_twice_left,6,-0.831115,8.131511,6.414412,0.026438,-0.049986,-0.120928
479015310.000,Miguel,recording,knock_twice_left,6,-0.828737,8.085196,6.264108,0.096873,-0.064281,-0.074968
479015320.000,Miguel,recording,knock_twice_left,6,-0.657831,8.070067,5.954418,0.145969,-0.075791,-0.033797
479015330.000,Miguel,recording,knock_twice_left,6,-0.447805,8.138461,5.643063,0.162227,-0.081542,-0.006735
479015340.000,Miguel,recording,knock_twice_left,6,-0.265929,8.183037,5.403376,0.147586,-0.086320,0.003888
479015350.000,Miguel,recording,knock_twice_left,6,-0.174888,8.220835,5.319220,0.113380,-0.091508,0.003249
479015360.000,Miguel,recording,knock_twice_left,6,-0.198693,8.171405,5.361344,0.073372,-0.094767,-0.001790
479015370.000,Miguel,recording,knock_twice_left,6,-0.255722,8.085034,5.479582,0.039711,-0.099042,-0.006796
479015380.000,Miguel,recording,knock_twice_left,6,-0.308200,8.007613,5.564797,0.018028,-0.107569,-0.011354
479015390.000,Miguel,recording,knock_twice_left,6,-0.345231,8.014124,5.602108,0.007778,-0.117202,-0.017190
479015400.000,Miguel,recording,knock_twice_left,6,-0.372608,8.024704,5.663069,0.005975,-0.122430,-0.020642
479015410.000,Miguel,recording,knock_twice_left,6,-0.434019,8.015878,5.667946,0.013276,-0.120534,-0.016213
479015420.000,Miguel,recording,knock_twice_left,6,-0.534684,7.987809,5.748906,0.033477,-0.116003,-0.003218
479015430.000,Miguel,recording,knock_twice_left,6,-0.548892,7.923657,5.740888,0.065771,-0.115109,0.014700
479015440.000,Miguel,recording,knock_twice_left,6,-0.478674,7.898215,5.670060,0.100515,-0.114789,0.030795
479015450.000,Miguel,recording,knock_twice_left,6,-0.428957,7.943922,5.507689,0.124926,-0.108200,0.041688
479015460.000,Miguel,recording,knock_twice_left,6,-0.368821,7.983572,5.352628,0.133605,-0.094741,0.048686
479015470.000,Miguel,recording,knock_twice_left,6,-0.295163,7.989540,5.292592,0.131381,-0.080142,0.052994
479015480.000,Miguel,recording,knock_twice_left,6,-0.248757,7.980866,5.266296,0.125581,-0.070484,0.056490
479015490.000,Miguel,recording,knock_twice_left,6,-0.241311,8.016526,5.260252,0.117580,-0.064431,0.060791
479015500.000,Miguel,recording,knock_twice_left,6,-0.269417,8.037743,5.284054,0.105645,-0.058221,0.067076
479015510.000,Miguel,recording,knock_twice_left,6,-0.219306,8.067527,5.323133,0.091553,-0.055482,0.076180
479015520.000,Miguel,recording,knock_twice_left,6,-0.114985,8.073754,5.295484,0.076622,-0.062053,0.083527
479015530.000,Miguel,recording,knock_twice_left,6,0.091909,8.060887,5.246896,0.059585,-0.077594,0.079190
479015540.000,Miguel,recording,knock_twice_left,6,0.278404,8.027053,5.186424,0.037817,-0.095758,0.058644
479015550.000,Miguel,recording,knock_twice_left,6,0.280445,8.007821,5.075030,0.008367,-0.109664,0.028503
479015560.000,Miguel,recording,knock_twice_left,6,0.188548,8.008310,5.060773,-0.030078,-0.115259,-0.001125
479015570.000,Miguel,recording,knock_twice_left,6,-0.024921,8.011462,5.150822,-0.072283,-0.117648,-0.020843
479015580.000,Miguel,recording,knock_twice_left,6,-0.138234,7.986079,5.295765,-0.108337,-0.125551,-0.024346
479015590.000,Miguel,recording,knock_twice_left,6,-0.184910,8.007041,5.485702,-0.132651,-0.137216,-0.013665
479015600.000,Miguel,recording,knock_twice_left,6,-0.181171,8.010276,5.633621,-0.142047,-0.148243,0.004448
479015610.000,Miguel,recording,knock_twice_left,6,-0.166731,7.981319,5.784428,-0.134238,-0.162944,0.023737
479015620.000,Miguel,recording,knock_twice_left,6,-0.095476,7.925315,5.860591,-0.112523,-0.183724,0.037084
479015630.000,Miguel,recording,knock_twice_left,6,-0.037365,7.939064,5.889309,-0.082696,-0.204256,0.039643
479015640.000,Miguel,recording,knock_twice_left,6,-0.019616,8.005522,5.820315,-0.050660,-0.216176,0.035352
479015650.000,Miguel,recording,knock_twice_left,6,-0.091212,8.125551,5.741408,-0.022896,-0.211337,0.034343
479015660.000,Miguel,recording,knock_twice_left,6,-0.227933,8.151710,5.706452,-0.001180,-0.192914,0.044617
479015670.000,Miguel,recording,knock_twice_left,6,-0.246155,8.129182,5.702020,0.014715,-0.173767,0.064275
479015680.000,Miguel,recording,knock_twice_left,6,-0.128916,8.128125,5.628419,0.023401,-0.158905,0.081201
479015690.000,Miguel,recording,knock_twice_left,6,0.014434,8.106901,5.592412,0.025983,-0.148948,0.084590
479015700.000,Miguel,recording,knock_twice_left,6,0.099365,8.086505,5.617753,0.027980,-0.144422,0.075087
479015710.000,Miguel,recording,knock_twice_left,6,0.146876,8.113679,5.621019,0.033370,-0.139947,0.060717
479015720.000,Miguel,recording,knock_twice_left,6,0.069819,8.079832,5.624306,0.040698,-0.127359,0.047758
479015730.000,Miguel,recording,knock_twice_left,6,0.001815,8.112862,5.626061,0.049478,-0.107308,0.039995
479015740.000,Miguel,recording,knock_twice_left,6,-0.080847,8.086258,5.661758,0.061687,-0.089282,0.040218
479015750.000,Miguel,recording,knock_twice_left,6,-0.096080,8.057187,5.676272,0.076009,-0.079813,0.047021
479015760.000,Miguel,recording,knock_twice_left,6,-0.011142,8.006647,5.603827,0.087048,-0.079580,0.054094
479015770.000,Miguel,recording,knock_twice_left,6,0.088831,7.963475,5.471157,0.090208,-0.085835,0.056384
479015780.000,Miguel,recording,knock_twice_left,6,0.207386,7.916800,5.330742,0.083337,-0.096628,0.053341
479015790.000,Miguel,recording,knock_twice_left,6,0.256560,7.861725,5.232661,0.066465,-0.112144,0.045433
479015800.000,Miguel,recording,knock_twice_left,6,0.342588,7.829591,5.132854,0.041249,-0.129710,0.031843
479015810.000,Miguel,recording,knock_twice_left,6,0.380549,7.813660,5.042425,0.009291,-0.144195,0.013021
479015820.000,Miguel,recording,knock_twice_left,6,0.320141,7.870242,5.012060,-0.026664,-0.150934,-0.006160
479015830.000,Miguel,recording,knock_twice_left,6,0.133470,7.909438,5.052348,-0.060495,-0.146506,-0.017187
479015840.000,Miguel,recording,knock_twice_left,6,0.081107,7.941290,5.113430,-0.088159,-0.129203,-0.014497
479015850.000,Miguel,recording,knock_twice_left,7,0.083536,8.009850,5.145606,-0.111251,-0.100498,-0.000505
479015860.000,Miguel,recording,knock_twice_left,7,0.132048,8.051762,5.302158,-0.128393,-0.069910,0.018364
479015870.000,Miguel,recording,knock_twice_left,7,0.171107,8.005006,5.527259,-0.132271,-0.053260,0.036381
479015880.000,Miguel,recording,knock_twice_left,7,0.236422,7.896139,5.662264,-0.120668,-0.058502,0.048105
479015890.000,Miguel,recording,knock_twice_left,7,0.275495,7.886462,5.637974,-0.102804,-0.074102,0.049335
479015900.000,Miguel,recording,knock_twice_left,7,0.304336,7.885693,5.568114,-0.086104,-0.081145,0.042655
479015910.000,Miguel,recording,knock_twice_left,7,0.243681,7.936189,5.470722,-0.072476,-0.065487,0.037011
479015920.000,Miguel,recording,knock_twice_left,7,0.171880,8.051857,5.376035,-0.066884,-0.019477,0.040224
479015930.000,Miguel,recording,knock_twice_left,7,0.076737,8.097640,5.400636,-0.069693,0.045853,0.054352
479015940.000,Miguel,recording,knock_twice_left,7,0.109983,8.083007,5.534612,-0.071044,0.102614,0.074227
479015950.000,Miguel,recording,knock_twice_left,7,0.208702,8.037877,5.696875,-0.063514,0.132561,0.089910
479015960.000,Miguel,recording,knock_twice_left,7,0.261767,7.997992,5.740289,-0.050581,0.137730,0.096612
479015970.000,Miguel,recording,knock_twice_left,7,0.254960,7.990616,5.693564,-0.041202,0.127652,0.099493
479015980.000,Miguel,recording,knock_twice_left,7,0.281879,8.023096,5.596163,-0.044431,0.108080,0.103776
479015990.000,Miguel,recording,knock_twice_left,7,0.302816,8.093282,5.452228,-0.064917,0.081614,0.109627
479016000.000,Miguel,recording,knock_twice_left,7,0.314791,8.114105,5.324439,-0.100785,0.058798,0.116815
479016010.000,Miguel,recording,knock_twice_left,7,0.305843,8.012658,5.328501,-0.145927,0.055952,0.126571
479016020.000,Miguel,recording,knock_twice_left,7,0.360351,7.952364,5.323801,-0.196057,0.075860,0.135919
479016030.000,Miguel,recording,knock_twice_left,7,0.503123,7.880354,5.372932,-0.248901,0.098980,0.135391
479016040.000,Miguel,recording,knock_twice_left,7,0.679232,7.864474,5.372007,-0.300009,0.103708,0.117708
479016050.000,Miguel,recording,knock_twice_left,7,0.835794,7.844493,5.430695,-0.347526,0.090368,0.082465
479016060.000,Miguel,recording,knock_twice_left,7,0.824308,7.822572,5.486381,-0.395385,0.066751,0.038519
479016070.000,Miguel,recording,knock_twice_left,7,0.611778,7.749169,5.410181,-0.448747,0.030520,0.001407
479016080.000,Miguel,recording,knock_twice_left,7,0.404977,7.612430,5.350310,-0.506302,-0.016418,-0.020362
479016090.000,Miguel,recording,knock_twice_left,7,0.271070,7.586136,5.514579,-0.557642,-0.063775,-0.033052
479016100.000,Miguel,recording,knock_twice_left,7,0.258950,7.580139,5.816351,-0.586657,-0.105711,-0.044336
479016110.000,Miguel,recording,knock_twice_left,7,0.245939,7.505860,6.335614,-0.576954,-0.144786,-0.055477
479016120.000,Miguel,recording,knock_twice_left,7,0.175720,7.362175,6.779155,-0.523194,-0.190509,-0.067544
479016130.000,Miguel,recording,knock_twice_left,7,0.172533,7.307427,6.931380,-0.436445,-0.244992,-0.080149
479016140.000,Miguel,recording,knock_twice_left,7,0.213317,7.400039,6.878174,-0.339330,-0.296644,-0.089116
479016150.000,Miguel,recording,knock_twice_left,7,0.339038,7.521852,6.743673,-0.252995,-0.334736,-0.091859
479016160.000,Miguel,recording,knock_twice_left,7,0.442775,7.616660,6.606124,-0.183513,-0.357744,-0.092738
479016170.000,Miguel,recording,knock_twice_left,7,0.441417,7.717889,6.496815,-0.125958,-0.371368,-0.096565
479016180.000,Miguel,recording,knock_twice_left,7,0.364893,7.725898,6.346787,-0.074441,-0.376847,-0.101988
479016190.000,Miguel,recording,knock_twice_left,7,0.261593,7.726479,6.179551,-0.027149,-0.363039,-0.103969
479016200.000,Miguel,recording,knock_twice_left,7,0.241129,7.749270,5.952785,0.010846,-0.309957,-0.099338
479016210.000,Miguel,recording,knock_twice_left,7,0.242559,7.799046,5.842918,0.032636,-0.205282,-0.088180
479016220.000,Miguel,recording,knock_twice_left,7,0.213207,7.807838,5.801006,0.037681,-0.058091,-0.071758
479016230.000,Miguel,recording,knock_twice_left,7,0.178283,7.786583,5.998061,0.033226,0.102484,-0.050758
479016240.000,Miguel,recording,knock_twice_left,7,0.132532,7.737383,6.171905,0.030344,0.236586,-0.024936
479016250.000,Miguel,recording,knock_twice_left,7,0.127437,7.798791,6.383897,0.037756,0.317214,0.004941
479016260.000,Miguel,recording,knock_twice_left,7,0.049174,7.797785,6.404294,0.053992,0.343820,0.034307
479016270.000,Miguel,recording,knock_twice_left,7,0.024161,7.801725,6.336325,0.065749,0.323785,0.055271
479016280.000,Miguel,recording,knock_twice_left,7,0.075683,7.740100,6.089741,0.060959,0.257808,0.061573
479016290.000,Miguel,recording,knock_twice_left,7,0.222497,7.633774,5.929258,0.037437,0.150016,0.048609
479016300.000,Miguel,recording,knock_twice_left,7,0.430233,7.551152,5.686780,-0.008018,0.014918,0.003795
479016310.000,Miguel,recording,knock_twice_left,7,0.067187,6.881917,5.386594,-0.089242,-0.129986,-0.064501
479016320.000,Miguel,recording,knock_twice_left,7,0.024706,7.211917,5.331863,-0.208760,-0.286999,-0.108438
479016330.000,Miguel,recording,knock_twice_left,7,0.434170,7.604884,5.471965,-0.332929,-0.472146,-0.129140
479016340.000,Miguel,recording,knock_twice_left,7,0.614988,7.739496,5.717725,-0.434176,-0.661336,-0.157175
479016350.000,Miguel,recording,knock_twice_left,7,0.581902,7.608182,5.871543,-0.515871,-0.798972,-0.178597
479016360.000,Miguel,recording,knock_twice_left,7,0.425699,7.554133,5.970371,-0.577550,-0.856626,-0.178172
479016370.000,Miguel,recording,knock_twice_left,7,0.302719,7.603197,6.203113,-0.600098,-0.832743,-0.158122
479016380.000,Miguel,recording,knock_twice_left,7,0.269918,7.503574,6.461867,-0.565794,-0.726807,-0.124742
479016390.000,Miguel,recording,knock_twice_left,7,0.194493,7.530572,6.562438,-0.483852,-0.530070,-0.086962
479016400.000,Miguel,recording,knock_twice_left,7,0.263330,7.597442,6.591766,-0.377820,-0.240054,-0.051468
479016410.000,Miguel,recording,knock_twice_left,7,0.244111,7.651116,6.811185,-0.259192,0.111571,-0.015969
479016420.000,Miguel,recording,knock_twice_left,7,0.299162,7.569089,7.079466,-0.125848,0.466663,0.024281
479016430.000,Miguel,recording,knock_twice_left,7,0.447782,7.469081,7.290192,0.017756,0.747682,0.063607
479016440.000,Miguel,recording,knock_twice_left,7,0.743870,7.281927,7.821560,0.165157,0.866625,0.083702
479016450.000,Miguel,recording,knock_twice_left,7,0.635134,7.182962,7.727063,0.319549,0.807586,0.071857
479016460.000,Miguel,recording,knock_twice_left,7,0.423694,7.196923,7.449012,0.451773,0.645394,0.044887
479016470.000,Miguel,recording,knock_twice_left,7,0.086104,7.313925,6.844762,0.521533,0.478662,0.036837
479016480.000,Miguel,recording,knock_twice_left,7,-0.189202,7.429392,6.446824,0.531122,0.357002,0.060373
479016490.000,Miguel,recording,knock_twice_left,7,-0.301071,7.515390,6.145159,0.503231,0.265938,0.102307
479016500.000,Miguel,recording,knock_twice_left,7,-0.156954,7.611819,6.029884,0.454992,0.180944,0.141413
479016510.000,Miguel,recording,knock_twice_left,7,0.079072,7.650043,5.951699,0.395075,0.094224,0.161496
479016520.000,Miguel,recording,knock_twice_left,7,0.343310,7.700539,5.857001,0.328313,0.015273,0.157646
479016530.000,Miguel,recording,knock_twice_left,7,0.535952,7.732819,5.801651,0.259588,-0.045318,0.135964
479016540.000,Miguel,recording,knock_twice_left,7,0.626810,7.763299,5.831901,0.197903,-0.086014,0.105161
479016550.000,Miguel,recording,knock_twice_left,7,0.653409,7.711938,5.844815,0.151909,-0.108431,0.072847
479016560.000,Miguel,recording,knock_twice_left,7,0.624432,7.735405,5.917354,0.125329,-0.108383,0.044933
479016570.000,Miguel,recording,knock_twice_left,7,0.607765,7.720294,5.967749,0.114866,-0.078508,0.022524
479016580.000,Miguel,recording,knock_twice_left,7,0.526386,7.656948,5.972773,0.113366,-0.023473,0.005001
479016590.000,Miguel,recording,knock_twice_left,7,0.437167,7.604720,5.948424,0.116495,0.038430,-0.007337
479016600.000,Miguel,recording,knock_twice_left,7,0.317129,7.550773,5.972760,0.123808,0.090041,-0.011662
479016610.000,Miguel,recording,knock_twice_left,7,0.030896,7.428638,5.942516,0.133697,0.125420,0.002175
479016620.000,Miguel,recording,knock_twice_left,7,-0.264951,7.294516,5.866544,0.140677,0.150587,0.041365
479016630.000,Miguel,recording,knock_twice_left,7,0.040316,7.613655,5.936795,0.145878,0.169361,0.085790
479016640.000,Miguel,recording,knock_twice_left,7,0.365793,7.822162,6.025437,0.154665,0.177485,0.113434
479016650.000,Miguel,recording,knock_twice_left,7,0.365036,7.640984,5.872446,0.160546,0.173499,0.134463
479016660.000,Miguel,recording,knock_twice_left,7,0.543302,7.584379,5.812428,0.153519,0.155869,0.153213
479016670.000,Miguel,recording,knock_twice_left,7,0.797133,7.669182,5.853669,0.138105,0.120023,0.154192
479016680.000,Miguel,recording,knock_twice_left,7,0.906548,7.617520,5.937474,0.126460,0.069445,0.135932
479016690.000,Miguel,recording,knock_twice_left,7,0.860531,7.457437,5.934045,0.121912,0.019257,0.112427
479016700.000,Miguel,recording,knock_twice_left,7,0.873512,7.344697,5.919707,0.121755,-0.010305,0.092010
479016710.000,Miguel,recording,knock_twice_left,7,1.040117,7.443736,5.771117,0.121108,-0.008007,0.068521
479016720.000,Miguel,recording,knock_twice_left,7,1.142893,7.628672,5.625821,0.111503,0.022548,0.034510
479016730.000,Miguel,recording,knock_twice_left,7,1.155352,7.733291,5.496316,0.089610,0.070107,-0.007382
479016740.000,Miguel,recording,knock_twice_left,7,1.121278,7.725720,5.588907,0.064317,0.119115,-0.050833
479016750.000,Miguel,recording,knock_twice_left,7,1.034519,7.606519,5.743461,0.045925,0.151347,-0.090305
479016760.000,Miguel,recording,knock_twice_left,7,0.892328,7.536127,5.939058,0.036815,0.153318,-0.119874
479016770.000,Miguel,recording,knock_twice_left,7,0.737331,7.505593,6.000502,0.033582,0.124780,-0.135950
479016780.000,Miguel,recording,knock_twice_left,7,0.576808,7.515908,5.984403,0.032182,0.081274,-0.138466
479016790.000,Miguel,recording,knock_twice_left,7,0.473000,7.511763,5.980781,0.031933,0.042962,-0.129911
479016800.000,Miguel,recording,knock_twice_left,7,0.414219,7.535086,5.983700,0.034268,0.017776,-0.111607
479016810.000,Miguel,recording,knock_twice_left,7,0.457628,7.596540,5.956123,0.044400,0.007073,-0.088516
479016820.000,Miguel,recording,knock_twice_left,7,0.558455,7.619336,5.929100,0.061512,0.016351,-0.071685
479016830.000,Miguel,recording,knock_twice_left,7,0.674505,7.643482,5.813310,0.076533,0.048682,-0.069838
479016840.000,Miguel,recording,knock_twice_left,7,0.733515,7.659969,5.818177,0.086869,0.096331,-0.087688
479016850.000,Miguel,recording,knock_twice_left,7,0.669249,7.635235,5.865317,0.095383,0.142093,-0.122538
479016860.000,Miguel,recording,knock_twice_left,7,0.531446,7.651391,5.886084,0.102356,0.171620,-0.163012
479016870.000,Miguel,recording,knock_twice_left,7,0.373732,7.712908,5.845646,0.105241,0.184082,-0.195197
479016880.000,Miguel,recording,knock_twice_left,7,0.217993,7.763585,5.751694,0.101019,0.183795,-0.212213
479016890.000,Miguel,recording,knock_twice_left,7,0.013348,7.804659,5.850853,0.094435,0.171221,-0.216972
479016900.000,Miguel,recording,knock_twice_left,7,-0.188537,7.798920,5.903992,0.093561,0.151936,-0.210280
479016910.000,Miguel,recording,knock_twice_left,7,-0.322983,7.786686,5.875020,0.097862,0.138862,-0.191232
479016920.000,Miguel,recording,knock_twice_left,7,-0.417205,7.815683,5.871199,0.104029,0.142085,-0.166816
479016930.000,Miguel,recording,knock_twice_left,7,-0.428171,7.900306,5.926621,0.115372,0.164457,-0.144169
479016940.000,Miguel,recording,knock_twice_left,7,-0.488181,8.002377,5.923717,0.134157,0.205591,-0.124578
479016950.000,Miguel,recording,knock_twice_left,7,-0.555063,8.097659,5.897202,0.156361,0.264186,-0.106938
479016960.000,Miguel,recording,knock_twice_left,7,-0.598912,8.138665,5.869838,0.179090,0.333030,-0.089697
479016970.000,Miguel,recording,knock_twice_left,7,-0.613653,8.186592,5.833690,0.201519,0.398464,-0.069975
479016980.000,Miguel,recording,knock_twice_left,7,-0.573841,8.223896,5.855029,0.221698,0.444252,-0.046955
479016990.000,Miguel,recording,knock_twice_left,7,-0.537334,8.239083,5.881079,0.238672,0.455308,-0.024921
479017000.000,Miguel,recording,knock_twice_left,7,-0.515119,8.176451,5.890854,0.251506,0.428219,-0.007742
479017010.000,Miguel,recording,knock_twice_left,7,-0.484563,8.129942,5.793385,0.256226,0.373760,0.001463
479017020.000,Miguel,recording,knock_twice_left,7,-0.459567,8.153641,5.625810,0.246796,0.301891,-0.000372
479017030.000,Miguel,recording,knock_twice_left,7,-0.499107,8.193140,5.579399,0.220638,0.213496,-0.012670
479017040.000,Miguel,recording,knock_twice_left,7,-0.673286,8.225059,5.488068,0.182416,0.107498,-0.026960
479017050.000,Miguel,recording,knock_twice_left,7,-0.938335,8.117164,5.428640,0.139904,-0.018403,-0.030979
479017060.000,Miguel,recording,knock_twice_left,7,-1.063210,8.057161,5.313011,0.094674,-0.159733,-0.021335
479017070.000,Miguel,recording,knock_twice_left,7,-1.045650,8.042764,5.119704,0.041661,-0.297178,-0.006286
479017080.000,Miguel,recording,knock_twice_left,7,-0.971825,8.096337,4.915977,-0.020587,-0.413664,0.005753
479017090.000,Miguel,recording,knock_twice_left,7,-0.868590,8.136475,4.752098,-0.089745,-0.501819,0.014171
479017100.000,Miguel,recording,knock_twice_left,7,-0.810171,8.195183,4.584420,-0.163671,-0.559301,0.022527
479017110.000,Miguel,recording,knock_twice_left,7,-0.807696,8.175762,4.449958,-0.243583,-0.588716,0.034611
479017120.000,Miguel,recording,knock_twice_left,7,-0.847005,8.178216,4.369528,-0.331627,-0.594656,0.056400
479017130.000,Miguel,recording,knock_twice_left,7,-0.711077,8.190628,4.413416,-0.423415,-0.580116,0.089611
479017140.000,Miguel,recording,knock_twice_left,7,-0.509365,8.106808,4.649764,-0.505616,-0.543567,0.122641
479017150.000,Miguel,recording,knock_twice_left,7,-0.280031,7.951765,5.124905,-0.557817,-0.478951,0.140594
479017160.000,Miguel,recording,knock_twice_left,7,-0.036905,7.770353,5.625403,-0.558623,-0.386811,0.138632
479017170.000,Miguel,recording,knock_twice_left,7,0.124995,7.633219,6.060220,-0.499920,-0.271788,0.118399
479017180.000,Miguel,recording,knock_twice_left,7,0.226437,7.558757,6.300792,-0.396882,-0.135327,0.082595
479017190.000,Miguel,recording,knock_twice_left,7,0.239001,7.545962,6.396898,-0.272837,0.010811,0.037674
479017200.000,Miguel,recording,knock_twice_left,7,0.195266,7.604569,6.367061,-0.143937,0.147248,-0.008663
479017210.000,Miguel,recording,knock_twice_left,7,0.113753,7.659775,6.251749,-0.023632,0.261352,-0.050687
479017220.000,Miguel,recording,knock_twice_left,7,0.077664,7.793318,6.056342,0.076242,0.353843,-0.082640
479017230.000,Miguel,recording,knock_twice_left,7,0.072542,7.953016,5.846385,0.147259,0.430952,-0.100862
479017240.000,Miguel,recording,knock_twice_left,7,-0.021772,8.077571,5.606749,0.182467,0.490334,-0.103600
479017250.000,Miguel,recording,knock_twice_left,7,-0.207040,8.120438,5.463237,0.182016,0.519316,-0.088701
479017260.000,Miguel,recording,knock_twice_left,7,-0.436117,8.097420,5.460648,0.150918,0.504742,-0.058494
479017270.000,Miguel,recording,knock_twice_left,7,-0.563250,8.090128,5.466031,0.093843,0.447533,-0.018863
479017280.000,Miguel,recording,knock_twice_left,7,-0.617921,8.132243,5.516982,0.018539,0.361281,0.025869
479017290.000,Miguel,recording,knock_twice_left,7,-0.599397,8.203957,5.680339,-0.059506,0.265442,0.069887
479017300.000,Miguel,recording,knock_twice_left,7,-0.506069,8.180774,6.059207,-0.115340,0.185912,0.103485
479017310.000,Miguel,recording,knock_twice_left,7,-0.341751,8.047015,6.510720,-0.124537,0.153680,0.115372
479017320.000,Miguel,recording,knock_twice_left,7,-0.202470,7.912703,6.830799,-0.075126,0.189058,0.101474
479017330.000,Miguel,recording,knock_twice_left,7,-0.148530,7.867316,7.019511,0.023481,0.284250,0.072573
479017340.000,Miguel,recording,knock_twice_left,7,-0.226679,7.920085,6.987120,0.145536,0.413072,0.045762
479017350.000,Miguel,recording,knock_twice_left,7,-0.402993,7.981130,6.822344,0.264164,0.542351,0.032037
479017360.000,Miguel,recording,knock_twice_left,7,-0.524580,8.015982,6.597244,0.359981,0.641884,0.032910
479017370.000,Miguel,recording,knock_twice_left,7,-0.617422,8.073250,6.396053,0.419693,0.695924,0.045226
479017380.000,Miguel,recording,knock_twice_left,7,-0.809974,8.118695,6.110481,0.434789,0.699135,0.065464
479017390.000,Miguel,recording,knock_twice_left,7,-0.891564,8.189662,5.958162,0.410606,0.649615,0.087986
479017400.000,Miguel,recording,knock_twice_left,7,-0.932808,8.249663,5.844774,0.362688,0.554577,0.104694
479017410.000,Miguel,recording,knock_twice_left,7,-0.910683,8.300364,5.806610,0.304195,0.437535,0.114181
479017420.000,Miguel,recording,knock_twice_left,7,-1.029560,8.358035,5.733862,0.244676,0.326264,0.125409
479017430.000,Miguel,recording,knock_twice_left,7,-1.091762,8.348446,5.752386,0.194554,0.237631,0.148238
479017440.000,Miguel,recording,knock_twice_left,7,-1.163493,8.359671,5.833442,0.163280,0.176406,0.186520
479017450.000,Miguel,recording,knock_twice_left,7,-1.143740,8.304344,5.867389,0.149921,0.144443,0.237419
479017460.000,Miguel,recording,knock_twice_left,7,-1.015138,8.250233,5.810785,0.143192,0.137857,0.290656
479017470.000,Miguel,recording,knock_twice_left,7,-0.752261,8.179680,5.703136,0.133740,0.143187,0.332501
479017480.000,Miguel,recording,knock_twice_left,7,-0.503958,8.110042,5.678303,0.119835,0.148525,0.354912
479017490.000,Miguel,recording,knock_twice_left,7,-0.326711,7.955898,5.687892,0.103958,0.148334,0.358917
479017500.000,Miguel,recording,knock_twice_left,7,-0.197723,7.858557,5.694786,0.090422,0.138280,0.350009
479017510.000,Miguel,recording,knock_twice_left,7,-0.090245,7.776537,5.802709,0.083293,0.113725,0.333371
479017520.000,Miguel,recording,knock_twice_left,7,0.031886,7.738883,5.895824,0.084918,0.073944,0.311335
479017530.000,Miguel,recording,knock_twice_left,7,0.148351,7.776526,5.895722,0.093478,0.026621,0.284374
479017540.000,Miguel,recording,knock_twice_left,7,0.236715,7.834522,5.772643,0.102843,-0.016273,0.255122
479017550.000,Miguel,recording,knock_twice_left,7,0.262915,7.892959,5.649939,0.107762,-0.047403,0.228889
479017560.000,Miguel,recording,knock_twice_left,7,0.309700,7.874031,5.636231,0.110510,-0.065643,0.206735
479017570.000,Miguel,recording,knock_twice_left,7,0.369994,7.924695,5.613125,0.118449,-0.068028,0.186620
479017580.000,Miguel,recording,knock_twice_left,7,0.354006,7.895018,5.608552,0.133983,-0.049527,0.170108
479017590.000,Miguel,recording,knock_twice_left,7,0.389591,7.924889,5.520473,0.153965,-0.013277,0.159319
479017600.000,Miguel,recording,knock_twice_left,7,0.467907,7.923646,5.524750,0.176656,0.029996,0.151258
479017610.000,Miguel,recording,knock_twice_left,7,0.581889,7.887110,5.508127,0.203209,0.069995,0.139700
479017620.000,Miguel,recording,knock_twice_left,7,0.621226,7.855718,5.471057,0.230548,0.098960,0.124308
479017630.000,Miguel,recording,knock_twice_left,7,0.586862,7.805675,5.496730,0.254423,0.109974,0.108762
479017640.000,Miguel,recording,knock_twice_left,7,0.442613,7.820712,5.476902,0.274090,0.097509,0.097017
479017650.000,Miguel,recording,knock_twice_left,7,0.351964,7.796308,5.369957,0.286249,0.065955,0.093575
479017660.000,Miguel,recording,knock_twice_left,7,0.334342,7.853378,5.206319,0.285602,0.031945,0.099275
479017670.000,Miguel,recording,knock_twice_left,7,0.363876,7.902283,5.041193,0.269845,0.006153,0.111534
479017680.000,Miguel,recording,knock_twice_left,7,0.433339,7.883566,4.924723,0.241650,-0.015061,0.125841
479017690.000,Miguel,recording,knock_twice_left,7,0.555245,7.845064,4.846752,0.206940,-0.034830,0.135186
479017700.000,Miguel,recording,knock_twice_left,7,0.689687,7.857254,4.762798,0.169654,-0.050385,0.133475
479017710.000,Miguel,recording,knock_twice_left,7,0.804939,7.836227,4.765910,0.132059,-0.059679,0.119373
479017720.000,Miguel,recording,knock_twice_left,7,0.916644,7.829846,4.771564,0.098049,-0.060749,0.094379
479017730.000,Miguel,recording,knock_twice_left,7,0.964768,7.859008,4.818957,0.071300,-0.053326,0.061443
479017740.000,Miguel,recording,knock_twice_left,7,0.921600,7.863681,4.828482,0.051961,-0.041587,0.025626
479017750.000,Miguel,recording,knock_twice_left,7,0.870812,7.886320,4.846043,0.037419,-0.026754,-0.009195
479017760.000,Miguel,recording,knock_twice_left,7,0.771059,7.941518,4.922725,0.027351,-0.009390,-0.040844
479017770.000,Miguel,recording,knock_twice_left,7,0.617512,7.965389,4.995490,0.022508,0.005401,-0.064944
479017780.000,Miguel,recording,knock_twice_left,7,0.478787,8.001881,5.065192,0.021286,0.017148,-0.078195
479017790.000,Miguel,recording,knock_twice_left,7,0.331215,8.046261,5.127205,0.021735,0.026471,-0.081622
479017800.000,Miguel,recording,knock_twice_left,7,0.203067,8.072923,5.242343,0.024401,0.029951,-0.077333
479017810.000,Miguel,recording,knock_twice_left,7,0.166432,8.061112,5.305715,0.030066,0.027426,-0.068684
479017820.000,Miguel,recording,knock_twice_left,7,0.170563,8.090666,5.292752,0.033204,0.018957,-0.060031
479017830.000,Miguel,recording,knock_twice_left,7,0.109756,8.147003,5.200109,0.027897,-0.000735,-0.053824
479017840.000,Miguel,recording,knock_twice_left,7,0.106201,8.142085,5.089838,0.012651,-0.031751,-0.049875
479017850.000,Miguel,recording,knock_twice_left,7,0.162257,8.200885,5.007841,-0.011652,-0.063603,-0.048696
479017860.000,Miguel,recording,knock_twice_left,7,0.140480,8.208923,4.975470,-0.040381,-0.087853,-0.050074
479017870.000,Miguel,recording,knock_twice_left,7,0.072942,8.229551,5.052046,-0.066400,-0.104201,-0.050477
479017880.000,Miguel,recording,knock_twice_left,7,-0.032338,8.195547,5.167018,-0.082995,-0.116301,-0.047408
479017890.000,Miguel,recording,knock_twice_left,7,0.016728,8.198487,5.251044,-0.086597,-0.119779,-0.043508
479017900.000,Miguel,recording,knock_twice_left,7,0.037390,8.226153,5.342705,-0.076872,-0.103336,-0.043425
479017910.000,Miguel,recording,knock_twice_left,7,-0.049092,8.255182,5.504301,-0.051105,-0.072329,-0.044975
479017920.000,Miguel,recording,knock_twice_left,7,-0.125315,8.188428,5.676913,-0.008912,-0.043212,-0.043434
479017930.000,Miguel,recording,knock_twice_left,7,-0.070952,8.162636,5.618642,0.039165,-0.018227,-0.042013
479017940.000,Miguel,recording,knock_twice_left,7,-0.003922,8.188161,5.497618,0.079350,0.008155,-0.045529
479017950.000,Miguel,recording,knock_twice_left,7,0.059737,8.262001,5.344672,0.103999,0.030222,-0.052181
479017960.000,Miguel,recording,knock_twice_left,7,0.063766,8.285891,5.217611,0.112192,0.036738,-0.058712
479017970.000,Miguel,recording,knock_twice_left,7,-0.002539,8.280729,5.167347,0.105115,0.026016,-0.062789
479017980.000,Miguel,recording,knock_twice_left,7,-0.069541,8.293785,5.129602,0.088149,0.004221,-0.061974
479017990.000,Miguel,recording,knock_twice_left,7,-0.124980,8.334480,5.212775,0.071641,-0.025154,-0.055766
479018000.000,Miguel,recording,knock_twice_left,7,-0.127654,8.335547,5.285046,0.062584,-0.061375,-0.047861
479018010.000,Miguel,recording,knock_twice_left,7,-0.159384,8.303440,5.414513,0.064419,-0.099724,-0.042904
479018020.000,Miguel,recording,knock_twice_left,7,-0.202559,8.243912,5.441673,0.078688,-0.134510,-0.038645
479018030.000,Miguel,recording,knock_twice_left,7,-0.363235,8.280236,5.493332,0.104890,-0.165557,-0.030015
479018040.000,Miguel,recording,knock_twice_left,7,-0.429653,8.372121,5.408520,0.140143,-0.190672,-0.011331
479018050.000,Miguel,recording,knock_twice_left,7,-0.413345,8.467711,5.261277,0.176232,-0.198894,0.018713
479018060.000,Miguel,recording,knock_twice_left,7,-0.485941,8.428650,5.049861,0.206194,-0.191983,0.051989
479018070.000,Miguel,recording,knock_twice_left,7,-0.303632,8.090648,4.622712,0.218031,-0.172073,0.076126
479018080.000,Miguel,recording,knock_twice_left,7,0.101332,8.048205,4.181766,0.196946,-0.128023,0.084919
479018090.000,Miguel,recording,knock_twice_left,7,1.782398,7.962085,3.877511,0.150567,-0.054157,0.071222
479018100.000,Miguel,recording,knock_twice_left,7,1.976963,8.124312,4.285492,0.090660,0.033917,-0.007932
479018110.000,Miguel,recording,knock_twice_left,7,0.325125,8.987351,4.539100,0.014136,0.055464,-0.135617
479018120.000,Miguel,recording,knock_twice_left,7,-0.579317,8.594002,4.449813,-0.076628,0.011316,-0.194774
479018130.000,Miguel,recording,knock_twice_left,7,-2.134735,8.824308,5.291144,-0.143079,-0.016686,-0.121679
479018140.000,Miguel,recording,knock_twice_left,7,-2.642515,8.945197,6.172447,-0.135578,-0.043470,0.068145
479018150.000,Miguel,recording,knock_twice_left,7,-2.275881,8.719951,6.159663,-0.062249,-0.102381,0.316215
479018160.000,Miguel,recording,knock_twice_left,7,-1.300437,8.237785,5.591513,0.015140,-0.170377,0.531226
479018170.000,Miguel,recording,knock_twice_left,7,-0.118763,7.804925,4.695096,0.041365,-0.225397,0.642147
479018180.000,Miguel,recording,knock_twice_left,7,0.944440,7.723627,3.919996,-0.006063,-0.273479,0.620459
479018190.000,Miguel,recording,knock_twice_left,7,1.661260,8.076947,3.407084,-0.125077,-0.311265,0.481539
479018200.000,Miguel,recording,knock_twice_left,7,1.847547,8.487513,3.305008,-0.282832,-0.319259,0.287538
479018210.000,Miguel,recording,knock_twice_left,7,1.375352,8.805519,3.890870,-0.420301,-0.289890,0.115512
479018220.000,Miguel,recording,knock_twice_left,7,0.707271,8.301912,4.593045,-0.491619,-0.232194,0.019981
479018230.000,Miguel,recording,knock_twice_left,7,0.352759,7.864521,5.206089,-0.492858,-0.154245,0.007274
479018240.000,Miguel,recording,knock_twice_left,7,1.296566,7.269337,5.523733,-0.444751,-0.087831,0.021203
479018250.000,Miguel,recording,knock_twice_left,7,1.929028,7.326688,5.750855,-0.384464,-0.068650,-0.037044
479018260.000,Miguel,recording,knock_twice_left,7,2.086762,7.939810,5.379776,-0.360074,-0.093910,-0.194974
479018270.000,Miguel,recording,knock_twice_left,7,0.916048,7.843992,5.229750,-0.387532,-0.119154,-0.356615
479018280.000,Miguel,recording,knock_twice_left,7,-0.453990,8.132523,5.453519,-0.427633,-0.118458,-0.417625
479018290.000,Miguel,recording,knock_twice_left,7,-1.566569,8.443020,5.974480,-0.432399,-0.104449,-0.342115
479018300.000,Miguel,recording,knock_twice_left,7,-1.862271,8.526387,6.259117,-0.395717,-0.078120,-0.160393
479018310.000,Miguel,recording,knock_twice_left,7,-1.583335,8.605795,6.185065,-0.342302,-0.051749,0.061235
479018320.000,Miguel,recording,knock_twice_left,7,-0.807874,8.423846,5.823101,-0.303201,-0.054597,0.254731
479018330.000,Miguel,recording,knock_twice_left,7,0.163982,8.283928,5.143673,-0.316579,-0.102397,0.379827
479018340.000,Miguel,recording,knock_twice_left,7,0.994117,8.176608,4.112342,-0.422916,-0.195188,0.427553
479018350.000,Miguel,recording,knock_twice_left,7,1.578216,8.004208,3.471774,-0.633202,-0.317318,0.397505
479018360.000,Miguel,recording,knock_twice_left,7,2.033842,8.054817,3.388834,-0.915919,-0.453579,0.300038
479018370.000,Miguel,recording,knock_twice_left,7,1.935105,7.936067,3.966595,-1.203889,-0.607039,0.168131
479018380.000,Miguel,recording,knock_twice_left,7,1.396714,7.568751,5.158116,-1.415852,-0.776756,0.051110
479018390.000,Miguel,recording,knock_twice_left,7,0.938691,7.318230,6.086840,-1.512722,-0.923115,-0.015088
479018400.000,Miguel,recording,knock_twice_left,7,0.817947,7.277133,6.701779,-1.507610,-0.989472,-0.034944
479018410.000,Miguel,recording,knock_twice_left,7,0.805651,7.198452,7.227311,-1.418697,-0.968053,-0.036112
479018420.000,Miguel,recording,knock_twice_left,7,0.919005,6.979249,7.709798,-1.260211,-0.895768,-0.040366
479018430.000,Miguel,recording,knock_twice_left,7,0.952957,6.766943,7.924903,-1.060754,-0.800578,-0.051727
479018440.000,Miguel,recording,knock_twice_left,7,1.017520,6.710133,7.835870,-0.856252,-0.689287,-0.062596
479018450.000,Miguel,recording,knock_twice_left,7,1.019688,6.623540,7.712780,-0.670082,-0.564757,-0.067611
479018460.000,Miguel,recording,knock_twice_left,7,1.079764,6.761724,7.563341,-0.510756,-0.441645,-0.070430
479018470.000,Miguel,recording,knock_twice_left,7,1.190832,7.004141,7.304501,-0.382245,-0.347659,-0.076084
479018480.000,Miguel,recording,knock_twice_left,7,1.258149,7.146008,6.848371,-0.299943,-0.300582,-0.079301
479018490.000,Miguel,recording,knock_twice_left,7,1.297394,7.095837,6.223248,-0.293792,-0.308160,-0.077958
479018500.000,Miguel,recording,knock_twice_left,7,1.606287,6.933806,5.675429,-0.380448,-0.404498,-0.092960
479018510.000,Miguel,recording,knock_twice_left,7,2.184482,7.108877,5.473248,-0.545432,-0.626872,-0.161699
479018520.000,Miguel,recording,knock_twice_left,7,2.329768,6.979906,5.598872,-0.755057,-0.941862,-0.288839
479018530.000,Miguel,recording,knock_twice_left,7,2.100190,6.136118,5.758652,-0.988713,-1.264412,-0.424274
479018540.000,Miguel,recording,knock_twice_left,7,1.957230,5.557547,5.535698,-1.246138,-1.529565,-0.533266
479018550.000,Miguel,recording,knock_twice_left,7,2.119494,5.402283,5.222469,-1.511060,-1.698029,-0.638829
479018560.000,Miguel,recording,knock_twice_left,7,2.373285,5.469619,5.288263,-1.748782,-1.743957,-0.767090
479018570.000,Miguel,recording,knock_twice_left,7,2.366724,5.680398,5.486712,-1.948967,-1.675721,-0.896003
479018580.000,Miguel,recording,knock_twice_left,7,2.064439,5.739411,5.759158,-2.129284,-1.542706,-0.982341
479018590.000,Miguel,recording,knock_twice_left,7,1.709677,5.898372,6.164337,-2.295030,-1.410737,-1.006400
479018600.000,Miguel,recording,knock_twice_left,7,1.391212,5.949598,6.674367,-2.428585,-1.340307,-0.975759
479018610.000,Miguel,recording,knock_twice_left,7,1.288324,5.625062,7.368563,-2.512411,-1.359056,-0.918095
479018620.000,Miguel,recording,knock_twice_left,7,1.418617,4.988286,7.741684,-2.541362,-1.439562,-0.870134
479018630.000,Miguel,recording,knock_twice_left,7,1.618939,4.873980,8.326463,-2.495657,-1.521347,-0.853201
479018640.000,Miguel,recording,knock_twice_left,7,1.964944,5.016233,9.270031,-2.329634,-1.540877,-0.861254
479018650.000,Miguel,recording,knock_twice_left,7,2.244731,5.462364,10.291774,-2.008466,-1.443193,-0.872949
479018660.000,Miguel,recording,knock_twice_left,7,2.228572,5.999232,10.930496,-1.541849,-1.202276,-0.857166
479018670.000,Miguel,recording,knock_twice_left,7,1.886017,6.289080,10.835598,-1.001112,-0.837422,-0.783554
479018680.000,Miguel,recording,knock_twice_left,7,1.534747,6.276557,9.969800,-0.500568,-0.400332,-0.653701
479018690.000,Miguel,recording,knock_twice_left,7,1.333467,6.197102,8.805493,-0.132064,0.043847,-0.496672
479018700.000,Miguel,recording,knock_twice_left,7,1.172532,6.110348,8.132948,0.080739,0.414031,-0.334390
479018710.000,Miguel,recording,knock_twice_left,7,1.064095,5.908920,8.088020,0.157601,0.621715,-0.176466
479018720.000,Miguel,recording,knock_twice_left,7,1.220987,5.609567,7.766219,0.116110,0.622962,-0.044171
479018730.000,Miguel,recording,knock_twice_left,7,1.549800,5.334398,7.668020,-0.023566,0.429126,0.033188
479018740.000,Miguel,recording,knock_twice_left,7,2.028616,4.662838,7.668038,-0.220173,0.081027,0.043973
479018750.000,Miguel,recording,knock_twice_left,7,2.942253,4.369791,8.316797,-0.414600,-0.358817,-0.005654
479018760.000,Miguel,recording,knock_twice_left,7,3.147387,5.469879,8.963384,-0.554906,-0.808044,-0.092225
479018770.000,Miguel,recording,knock_twice_left,7,2.700068,5.175767,8.858892,-0.634915,-1.169522,-0.174653
479018780.000,Miguel,recording,knock_twice_left,7,2.345290,5.188293,9.042148,-0.634924,-1.367171,-0.218657
479018790.000,Miguel,recording,knock_twice_left,7,2.023301,4.406593,10.084409,-0.462492,-1.346489,-0.229735
479018800.000,Miguel,recording,knock_twice_left,7,2.098351,4.775686,11.682011,-0.091918,-1.043872,-0.223695
479018810.000,Miguel,recording,knock_twice_left,7,1.901052,5.889052,10.162426,0.333685,-0.513042,-0.165071
479018820.000,Miguel,recording,knock_twice_left,7,1.172872,6.038673,9.082777,0.671108,0.059888,-0.044388
479018830.000,Miguel,recording,knock_twice_left,7,0.321160,5.258198,6.970408,0.870241,0.619207,0.102991
479018840.000,Miguel,recording,knock_twice_left,7,0.338922,6.060014,6.339059,0.915411,1.121530,0.284630
479018850.000,Miguel,recording,knock_twice_left,7,1.206080,6.090057,7.173452,0.853821,1.300858,0.487071
479018860.000,Miguel,recording,knock_twice_left,7,1.405096,5.790558,6.563505,0.720871,1.095030,0.636758
479018870.000,Miguel,recording,knock_twice_left,7,1.616229,4.414065,6.374920,0.507621,0.774005,0.688823
479018880.000,Miguel,recording,knock_twice_left,8,1.291372,3.893952,6.531127,0.268168,0.487937,0.667919
479018890.000,Miguel,recording,knock_twice_left,8,1.130423,3.355009,7.465740,0.084076,0.209953,0.617375
479018900.000,Miguel,recording,knock_twice_left,8,1.144098,3.819832,8.067819,-0.021847,-0.093699,0.571962
479018910.000,Miguel,recording,knock_twice_left,8,1.473798,4.838469,8.469392,-0.074164,-0.399941,0.558773
479018920.000,Miguel,recording,knock_twice_left,8,1.852527,5.833990,8.480518,-0.094329,-0.630767,0.577787
479018930.000,Miguel,recording,knock_twice_left,8,2.185643,6.091516,8.052406,-0.085789,-0.722346,0.597394
479018940.000,Miguel,recording,knock_twice_left,8,2.648406,5.806454,7.807828,-0.043941,-0.673811,0.580515
479018950.000,Miguel,recording,knock_twice_left,8,3.018973,5.614577,7.941286,0.025832,-0.535848,0.525561
479018960.000,Miguel,recording,knock_twice_left,8,2.990995,5.484901,7.617286,0.093393,-0.383372,0.463625
479018970.000,Miguel,recording,knock_twice_left,8,2.748862,5.407433,6.987991,0.111107,-0.265176,0.425397
479018980.000,Miguel,recording,knock_twice_left,8,2.493285,5.510007,6.439045,0.041569,-0.181107,0.424935
479018990.000,Miguel,recording,knock_twice_left,8,2.219568,5.709986,5.915067,-0.118355,-0.122284,0.459256
479019000.000,Miguel,recording,knock_twice_left,8,1.943032,5.796491,5.722022,-0.333554,-0.086895,0.524735
479019010.000,Miguel,recording,knock_twice_left,8,1.869485,5.827075,6.178819,-0.543487,-0.054379,0.618100
479019020.000,Miguel,recording,knock_twice_left,8,2.165671,5.893948,6.926274,-0.684215,0.018095,0.720667
479019030.000,Miguel,recording,knock_twice_left,8,2.693773,5.715484,8.272165,-0.736423,0.097387,0.801791
479019040.000,Miguel,recording,knock_twice_left,8,2.900065,5.210623,9.547352,-0.723983,0.065189,0.831552
479019050.000,Miguel,recording,knock_twice_left,8,3.044253,4.377544,10.438189,-0.612541,-0.041591,0.785286
479019060.000,Miguel,recording,knock_twice_left,8,2.794611,3.906919,10.138665,-0.386331,-0.093144,0.683571
479019070.000,Miguel,recording,knock_twice_left,8,2.490028,4.241268,9.889494,-0.115429,-0.066694,0.603551
479019080.000,Miguel,recording,knock_twice_left,8,2.362429,4.512311,9.144065,0.143508,0.013510,0.585349
479019090.000,Miguel,recording,knock_twice_left,8,2.556629,4.732218,8.638388,0.354911,0.124573,0.605924
479019100.000,Miguel,recording,knock_twice_left,8,2.867457,4.708502,8.190498,0.491832,0.263353,0.631838
479019110.000,Miguel,recording,knock_twice_left,8,2.945232,4.541672,7.742481,0.537641,0.423302,0.640754
479019120.000,Miguel,recording,knock_twice_left,8,2.856169,4.419419,7.081789,0.484460,0.577329,0.623642
479019130.000,Miguel,recording,knock_twice_left,8,2.923455,4.410289,6.662175,0.348964,0.710734,0.579989
479019140.000,Miguel,recording,knock_twice_left,8,3.064019,4.536766,6.858854,0.171094,0.830010,0.511536
479019150.000,Miguel,recording,knock_twice_left,8,2.861811,4.182560,7.154510,-0.015306,0.929191,0.428384
479019160.000,Miguel,recording,knock_twice_left,8,3.243407,4.803914,7.644671,-0.189239,0.956013,0.361879
479019170.000,Miguel,recording,knock_twice_left,8,3.057525,4.592657,7.944634,-0.329637,0.868655,0.320955
479019180.000,Miguel,recording,knock_twice_left,8,2.999681,4.338845,8.619365,-0.417281,0.706278,0.284817
479019190.000,Miguel,recording,knock_twice_left,8,2.631200,3.655498,9.157017,-0.445805,0.532839,0.250334
479019200.000,Miguel,recording,knock_twice_left,8,2.226801,3.360515,9.454212,-0.424765,0.380419,0.238779
479019210.000,Miguel,recording,knock_twice_left,8,1.587291,3.329426,9.340623,-0.369144,0.252676,0.278102
479019220.000,Miguel,recording,knock_twice_left,8,0.912619,3.714302,8.873776,-0.281788,0.151292,0.380955
479019230.000,Miguel,recording,knock_twice_left,8,0.701223,4.150955,8.622782,-0.135667,0.139779,0.516644
479019240.000,Miguel,recording,knock_twice_left,8,1.161755,3.570787,8.537066,0.112748,0.321204,0.617046
479019250.000,Miguel,recording,knock_twice_left,8,1.854088,3.929275,9.274791,0.464358,0.720468,0.650916
479019260.000,Miguel,recording,knock_twice_left,8,2.825202,4.144919,9.591874,0.809766,1.364353,0.628936
479019270.000,Miguel,recording,knock_twice_left,8,4.069387,5.351987,8.532117,0.979110,2.212921,0.569212
479019280.000,Miguel,recording,knock_twice_left,8,4.576465,6.449600,8.795063,0.962849,2.897106,0.509198
479019290.000,Miguel,recording,knock_twice_left,8,3.276795,5.982844,8.897152,0.884122,3.057036,0.500247
479019300.000,Miguel,recording,knock_twice_left,8,2.191480,5.634131,8.679936,0.787188,2.707927,0.549368
479019310.000,Miguel,recording,knock_twice_left,8,1.509111,5.128363,8.297660,0.664461,2.104142,0.585702
479019320.000,Miguel,recording,knock_twice_left,8,0.968337,5.135738,8.649902,0.527807,1.487962,0.541606
479019330.000,Miguel,recording,knock_twice_left,8,0.750753,5.296836,8.724969,0.400032,0.933907,0.427094
479019340.000,Miguel,recording,knock_twice_left,8,0.495386,5.524415,8.715220,0.289085,0.406719,0.307396
479019350.000,Miguel,recording,knock_twice_left,8,0.424053,5.466974,8.339145,0.173010,-0.112490,0.238191
479019360.000,Miguel,recording,knock_twice_left,8,0.383273,5.170631,7.832479,0.025462,-0.575973,0.229769
479019370.000,Miguel,recording,knock_twice_left,8,0.605091,4.751012,7.469358,-0.149338,-0.948798,0.252754
479019380.000,Miguel,recording,knock_twice_left,8,0.978532,4.449344,7.358930,-0.322789,-1.237779,0.270802
479019390.000,Miguel,recording,knock_twice_left,8,1.357031,4.335170,7.290379,-0.472125,-1.430763,0.269526
479019400.000,Miguel,recording,knock_twice_left,8,1.530365,4.436785,7.446174,-0.586828,-1.499504,0.256811
479019410.000,Miguel,recording,knock_twice_left,8,1.562407,4.541448,7.628089,-0.664240,-1.445898,0.252514
479019420.000,Miguel,recording,knock_twice_left,8,1.829668,4.624285,7.930621,-0.701614,-1.303920,0.272958
479019430.000,Miguel,recording,knock_twice_left,8,1.940341,4.681418,8.413160,-0.686296,-1.117953,0.319742
479019440.000,Miguel,recording,knock_twice_left,8,2.138293,4.602610,8.876106,-0.609275,-0.955261,0.381906
479019450.000,Miguel,recording,knock_twice_left,8,2.253926,4.319235,9.127237,-0.484260,-0.880755,0.441245
479019460.000,Miguel,recording,knock_twice_left,8,2.301868,3.973902,9.010568,-0.343589,-0.890631,0.479389
479019470.000,Miguel,recording,knock_twice_left,8,2.396236,3.862818,8.824456,-0.220326,-0.921756,0.490784
479019480.000,Miguel,recording,knock_twice_left,8,2.750382,3.723597,8.440101,-0.130092,-0.925298,0.476421
479019490.000,Miguel,recording,knock_twice_left,8,3.077283,3.892241,8.236852,-0.064951,-0.884845,0.438315
479019500.000,Miguel,recording,knock_twice_left,8,3.368688,4.177118,8.286442,-0.006618,-0.778562,0.386774
479019510.000,Miguel,recording,knock_twice_left,8,3.625688,4.510109,8.393039,0.057865,-0.589580,0.330757
479019520.000,Miguel,recording,knock_twice_left,8,3.568397,4.683666,8.321985,0.134104,-0.341543,0.277398
479019530.000,Miguel,recording,knock_twice_left,8,3.475164,4.569267,8.436044,0.226123,-0.068603,0.241498
479019540.000,Miguel,recording,knock_twice_left,8,3.317494,4.498076,8.534463,0.335734,0.200628,0.233660
479019550.000,Miguel,recording,knock_twice_left,8,3.363250,4.624287,8.799107,0.459695,0.431544,0.245028
479019560.000,Miguel,recording,knock_twice_left,8,3.640623,4.832127,8.844936,0.586783,0.611767,0.250630
479019570.000,Miguel,recording,knock_twice_left,8,3.924678,4.780166,8.904692,0.704338,0.766309,0.226506
479019580.000,Miguel,recording,knock_twice_left,8,4.109862,4.547939,8.999741,0.815780,0.915829,0.161829
479019590.000,Miguel,recording,knock_twice_left,8,4.103927,4.274853,8.926699,0.929803,1.042424,0.061768
479019600.000,Miguel,recording,knock_twice_left,8,3.912789,4.299884,8.648846,1.035100,1.122589,-0.056449
479019610.000,Miguel,recording,knock_twice_left,8,3.601609,4.439401,8.453570,1.109797,1.150836,-0.169263
479019620.000,Miguel,recording,knock_twice_left,8,3.160639,4.687383,8.356766,1.139601,1.121584,-0.253599
479019630.000,Miguel,recording,knock_twice_left,8,2.704714,4.774491,8.294658,1.117361,1.013867,-0.299273
479019640.000,Miguel,recording,knock_twice_left,8,2.382886,4.800897,8.297291,1.041537,0.804198,-0.313132
479019650.000,Miguel,recording,knock_twice_left,8,2.173954,5.005061,8.241706,0.921041,0.520504,-0.308007
479019660.000,Miguel,recording,knock_twice_left,8,2.130402,5.328989,8.217982,0.775479,0.228672,-0.291920
479019670.000,Miguel,recording,knock_twice_left,8,2.045420,5.478440,8.203909,0.633386,-0.027337,-0.269122
479019680.000,Miguel,recording,knock_twice_left,8,2.082659,5.466972,8.165754,0.518587,-0.224503,-0.245272
479019690.000,Miguel,recording,knock_twice_left,8,2.304928,5.500194,8.115978,0.443423,-0.341170,-0.230695
479019700.000,Miguel,recording,knock_twice_left,8,2.638718,5.522087,8.023536,0.414456,-0.358538,-0.234495
479019710.000,Miguel,recording,knock_twice_left,8,2.796540,5.531155,8.019516,0.432077,-0.281727,-0.256080
479019720.000,Miguel,recording,knock_twice_left,8,2.781422,5.578563,8.043718,0.487026,-0.143020,-0.285037
479019730.000,Miguel,recording,knock_twice_left,8,2.672776,5.752050,7.975460,0.559268,0.018323,-0.311344
479019740.000,Miguel,recording,knock_twice_left,8,2.697752,5.794071,8.071630,0.631920,0.167427,-0.335777
479019750.000,Miguel,recording,knock_twice_left,8,2.681248,5.729589,8.173379,0.701107,0.277795,-0.366707
479019760.000,Miguel,recording,knock_twice_left,8,2.555515,5.602419,8.251096,0.766437,0.335413,-0.405697
479019770.000,Miguel,recording,knock_twice_left,8,2.324056,5.507908,8.177657,0.825079,0.344605,-0.446702
479019780.000,Miguel,recording,knock_twice_left,8,2.136128,5.490355,8.017504,0.872438,0.324632,-0.483674
479019790.000,Miguel,recording,knock_twice_left,8,1.872244,5.675762,7.685996,0.898408,0.292783,-0.505729
479019800.000,Miguel,recording,knock_twice_left,8,1.642095,6.041976,7.275884,0.890532,0.257091,-0.499821
479019810.000,Miguel,recording,knock_twice_left,8,1.441322,6.387490,6.906734,0.844850,0.218425,-0.465385
479019820.000,Miguel,recording,knock_twice_left,8,1.372755,6.575940,6.650550,0.767800,0.175705,-0.414753
479019830.000,Miguel,recording,knock_twice_left,8,1.402238,6.611896,6.501762,0.672643,0.132776,-0.362054
479019840.000,Miguel,recording,knock_twice_left,8,1.389730,6.480063,6.474099,0.576046,0.097893,-0.317468
479019850.000,Miguel,recording,knock_twice_left,8,1.388647,6.327720,6.649095,0.497557,0.077840,-0.287164
479019860.000,Miguel,recording,knock_twice_left,8,1.440071,6.316052,6.821500,0.451855,0.074597,-0.270840
479019870.000,Miguel,recording,knock_twice_left,8,1.457571,6.366197,6.848809,0.435774,0.090939,-0.261510
479019880.000,Miguel,recording,knock_twice_left,8,1.584356,6.417586,6.775691,0.438026,0.132222,-0.254712
479019890.000,Miguel,recording,knock_twice_left,8,1.651517,6.513223,6.742259,0.449830,0.190341,-0.248560
479019900.000,Miguel,recording,knock_twice_left,8,1.430824,6.606310,6.671982,0.459894,0.241365,-0.236790
479019910.000,Miguel,recording,knock_twice_left,8,1.248731,6.685599,6.507492,0.453478,0.267876,-0.213853
479019920.000,Miguel,recording,knock_twice_left,8,1.230782,6.713635,6.357951,0.422901,0.267626,-0.184189
479019930.000,Miguel,recording,knock_twice_left,8,1.199394,6.695392,6.431873,0.377034,0.248116,-0.157472
479019940.000,Miguel,recording,knock_twice_left,8,1.163503,6.674599,6.556170,0.336246,0.223752,-0.137446
479019950.000,Miguel,recording,knock_twice_left,8,1.093717,6.642240,6.877759,0.319975,0.205983,-0.120778
479019960.000,Miguel,recording,knock_twice_left,8,1.058766,6.635113,7.111571,0.337407,0.196411,-0.104007
479019970.000,Miguel,recording,knock_twice_left,8,1.119754,6.600554,7.129406,0.381148,0.196921,-0.089400
479019980.000,Miguel,recording,knock_twice_left,8,1.240319,6.659727,6.982070,0.430173,0.210816,-0.081633
479019990.000,Miguel,recording,knock_twice_left,8,1.271111,6.744555,6.681833,0.462306,0.233206,-0.081465
479020000.000,Miguel,recording,knock_twice_left,8,1.267193,6.867215,6.401971,0.463106,0.248567,-0.082708
479020010.000,Miguel,recording,knock_twice_left,8,1.197731,6.914460,6.177472,0.426721,0.243043,-0.079664
479020020.000,Miguel,recording,knock_twice_left,8,1.174393,6.975687,5.963297,0.355694,0.216623,-0.075466
479020030.000,Miguel,recording,knock_twice_left,8,1.213008,7.030991,5.937928,0.263262,0.176779,-0.075995
479020040.000,Miguel,recording,knock_twice_left,8,1.184100,7.055853,6.076573,0.169631,0.134434,-0.083155
479020050.000,Miguel,recording,knock_twice_left,8,1.081816,6.966560,6.287780,0.093069,0.104091,-0.091997
479020060.000,Miguel,recording,knock_twice_left,8,0.912661,6.969009,6.544672,0.047087,0.095075,-0.092918
479020070.000,Miguel,recording,knock_twice_left,8,0.873797,7.075086,6.811396,0.036563,0.102686,-0.080091
479020080.000,Miguel,recording,knock_twice_left,8,0.888232,7.146063,6.910289,0.053303,0.115690,-0.055103
479020090.000,Miguel,recording,knock_twice_left,8,0.884435,7.160286,6.920417,0.081031,0.124035,-0.025314
479020100.000,Miguel,recording,knock_twice_left,8,0.876552,7.104798,6.806448,0.102315,0.121597,0.001485
479020110.000,Miguel,recording,knock_twice_left,8,0.883313,7.024991,6.683984,0.107524,0.112707,0.020166
479020120.000,Miguel,recording,knock_twice_left,8,0.901772,7.033685,6.665241,0.100443,0.107068,0.028845
479020130.000,Miguel,recording,knock_twice_left,8,0.915123,7.086900,6.754178,0.093366,0.110371,0.029776
479020140.000,Miguel,recording,knock_twice_left,8,1.022557,7.062577,6.846154,0.098092,0.127046,0.025539
479020150.000,Miguel,recording,knock_twice_left,8,1.112502,7.006417,6.942021,0.120952,0.160543,0.016285
479020160.000,Miguel,recording,knock_twice_left,8,1.222975,6.945527,7.011603,0.162251,0.207359,0.000295
479020170.000,Miguel,recording,knock_twice_left,8,1.341976,6.869588,6.953245,0.214688,0.258415,-0.022339
479020180.000,Miguel,recording,knock_twice_left,8,1.389932,6.898957,6.845364,0.262999,0.304702,-0.047570
479020190.000,Miguel,recording,knock_twice_left,8,1.333909,6.945621,6.564354,0.287189,0.335317,-0.070908
479020200.000,Miguel,recording,knock_twice_left,8,1.195036,7.031309,6.328609,0.268749,0.335413,-0.086495
479020210.000,Miguel,recording,knock_twice_left,8,0.939187,7.053765,6.203406,0.206289,0.294369,-0.088200
479020220.000,Miguel,recording,knock_twice_left,8,0.638391,7.047533,6.368409,0.123839,0.212032,-0.075288
479020230.000,Miguel,recording,knock_twice_left,8,0.581108,7.047221,6.486577,0.046427,0.102827,-0.052902
479020240.000,Miguel,recording,knock_twice_left,8,0.633658,7.067878,6.686742,-0.012751,-0.003625,-0.029077
479020250.000,Miguel,recording,knock_twice_left,8,0.701874,7.073551,6.847548,-0.042104,-0.085679,-0.009669
479020260.000,Miguel,recording,knock_twice_left,8,0.824962,7.018338,6.937858,-0.036600,-0.135160,0.002805
479020270.000,Miguel,recording,knock_twice_left,8,0.911276,6.927369,6.937556,-0.002452,-0.144591,0.005211
479020280.000,Miguel,recording,knock_twice_left,8,0.998135,6.920922,6.867881,0.049393,-0.112665,-0.002950
479020290.000,Miguel,recording,knock_twice_left,8,1.127427,7.007197,6.727966,0.109051,-0.044810,-0.016640
479020300.000,Miguel,recording,knock_twice_left,8,1.181668,7.064625,6.540101,0.166410,0.050263,-0.031300
479020310.000,Miguel,recording,knock_twice_left,8,1.134874,7.091492,6.311380,0.206703,0.153371,-0.044329
479020320.000,Miguel,recording,knock_twice_left,8,1.068928,7.098691,6.184670,0.218433,0.237593,-0.054840
479020330.000,Miguel,recording,knock_twice_left,8,1.073423,7.150507,6.128844,0.201994,0.285039,-0.063069
479020340.000,Miguel,recording,knock_twice_left,8,1.022555,7.174634,6.132003,0.162912,0.291786,-0.069337
479020350.000,Miguel,recording,knock_twice_left,8,0.971625,7.100998,6.148086,0.107551,0.262671,-0.074532
479020360.000,Miguel,recording,knock_twice_left,8,0.925884,7.062901,6.206530,0.045755,0.208050,-0.079606
479020370.000,Miguel,recording,knock_twice_left,8,0.957001,7.121524,6.237518,-0.012973,0.144805,-0.085416
479020380.000,Miguel,recording,knock_twice_left,8,0.974382,7.120325,6.369535,-0.062013,0.089703,-0.092406
479020390.000,Miguel,recording,knock_twice_left,8,0.887076,7.095112,6.510830,-0.096003,0.046048,-0.097780
479020400.000,Miguel,recording,knock_twice_left,8,0.677634,7.064860,6.684966,-0.113197,0.005324,-0.095788
479020410.000,Miguel,recording,knock_twice_left,8,0.616256,7.123733,6.748446,-0.118148,-0.039407,-0.082039
479020420.000,Miguel,recording,knock_twice_left,8,0.624502,7.189492,6.809457,-0.117791,-0.087735,-0.059837
479020430.000,Miguel,recording,knock_twice_left,8,0.753301,7.193314,6.786129,-0.115951,-0.132231,-0.039270
479020440.000,Miguel,recording,knock_twice_left,8,0.889012,7.117252,6.743190,-0.112359,-0.162275,-0.029383
479020450.000,Miguel,recording,knock_twice_left,8,1.050159,7.025093,6.707557,-0.104829,-0.169156,-0.034191
479020460.000,Miguel,recording,knock_twice_left,8,1.224146,6.980781,6.691414,-0.090210,-0.150459,-0.052199
479020470.000,Miguel,recording,knock_twice_left,8,1.306108,6.958805,6.758516,-0.065209,-0.111453,-0.081498
479020480.000,Miguel,recording,knock_twice_left,8,1.220286,6.916815,6.829649,-0.030215,-0.065584,-0.116600
479020490.000,Miguel,recording,knock_twice_left,8,1.129996,6.927761,6.824019,0.008330,-0.026186,-0.148840
479020500.000,Miguel,recording,knock_twice_left,8,1.011422,6.991346,6.744549,0.042212,0.003740,-0.173564
479020510.000,Miguel,recording,knock_twice_left,8,0.839760,7.087738,6.678447,0.065366,0.022749,-0.186879
479020520.000,Miguel,recording,knock_twice_left,8,0.699641,7.112280,6.604028,0.074675,0.028797,-0.185992
479020530.000,Miguel,recording,knock_twice_left,8,0.582048,7.080435,6.528921,0.072003,0.026327,-0.173399
479020540.000,Miguel,recording,knock_twice_left,8,0.525693,7.123803,6.537881,0.062428,0.020815,-0.153128
479020550.000,Miguel,recording,knock_twice_left,8,0.553934,7.173541,6.513175,0.051116,0.015302,-0.128033
479020560.000,Miguel,recording,knock_twice_left,8,0.586862,7.213690,6.488449,0.038932,0.010930,-0.101830
479020570.000,Miguel,recording,knock_twice_left,8,0.650899,7.222179,6.464618,0.025059,0.005205,-0.079674
479020580.000,Miguel,recording,knock_twice_left,8,0.689083,7.178499,6.457722,0.010892,-0.003544,-0.066312
479020590.000,Miguel,recording,knock_twice_left,8,0.768497,7.139811,6.398321,-0.005520,-0.013140,-0.060995
479020600.000,Miguel,recording,knock_twice_left,8,0.738482,7.117273,6.369999,-0.027573,-0.021633,-0.058673
479020610.000,Miguel,recording,knock_twice_left,8,0.769918,7.114076,6.355126,-0.052502,-0.028872,-0.056662
479020620.000,Miguel,recording,knock_twice_left,8,0.701770,7.060520,6.418599,-0.073621,-0.033477,-0.054579
479020630.000,Miguel,recording,knock_twice_left,8,0.686676,7.064681,6.557150,-0.084599,-0.029210,-0.052471
479020640.000,Miguel,recording,knock_twice_left,8,0.641995,7.087300,6.735329,-0.078776,-0.011859,-0.049519
479020650.000,Miguel,recording,knock_twice_left,8,0.678767,7.086660,6.885767,-0.052001,0.015702,-0.044264
479020660.000,Miguel,recording,knock_twice_left,8,0.638701,7.050052,6.951970,-0.007533,0.046541,-0.036485
479020670.000,Miguel,recording,knock_twice_left,8,0.649778,7.020989,6.893337,0.041189,0.071148,-0.028925
479020680.000,Miguel,recording,knock_twice_left,8,0.782173,7.045770,6.709401,0.077260,0.087236,-0.028993
479020690.000,Miguel,recording,knock_twice_left,8,0.831519,7.088576,6.544233,0.092226,0.097695,-0.039084
479020700.000,Miguel,recording,knock_twice_left,8,0.829990,7.099933,6.437448,0.086920,0.100773,-0.051992
479020710.000,Miguel,recording,knock_twice_left,8,0.787772,7.132202,6.357319,0.066974,0.097170,-0.060293
479020720.000,Miguel,recording,knock_twice_left,8,0.653301,7.128222,6.430255,0.039526,0.088882,-0.062882
479020730.000,Miguel,recording,knock_twice_left,8,0.635196,7.156115,6.452886,0.010598,0.074665,-0.062362
479020740.000,Miguel,recording,knock_twice_left,8,0.668567,7.179520,6.561997,-0.014118,0.056250,-0.061283
479020750.000,Miguel,recording,knock_twice_left,8,0.640289,7.192176,6.625606,-0.031094,0.036007,-0.060447
479020760.000,Miguel,recording,knock_twice_left,8,0.595277,7.193291,6.638570,-0.043674,0.017191,-0.057463
479020770.000,Miguel,recording,knock_twice_left,8,0.575722,7.182725,6.639003,-0.055708,0.005269,-0.050770
479020780.000,Miguel,recording,knock_twice_left,8,0.406668,7.197413,6.760958,-0.064679,-0.004501,-0.039605
479020790.000,Miguel,recording,knock_twice_left,8,0.346938,7.146080,6.829528,-0.064866,-0.024755,-0.026177
479020800.000,Miguel,recording,knock_twice_left,8,0.506561,7.085103,6.826718,-0.054802,-0.048333,-0.016170
479020810.000,Miguel,recording,knock_twice_left,8,0.535454,7.109082,6.829965,-0.042445,-0.056213,-0.010874
479020820.000,Miguel,recording,knock_twice_left,8,0.568272,7.185600,6.795596,-0.033322,-0.049473,-0.007500
479020830.000,Miguel,recording,knock_twice_left,8,0.649604,7.236558,6.804640,-0.024207,-0.038752,-0.004024
479020840.000,Miguel,recording,knock_twice_left,8,0.520203,7.198507,6.858608,-0.013739,-0.031932,-0.001311
479020850.000,Miguel,recording,knock_twice_left,8,0.533553,7.122135,6.840479,-0.005292,-0.034284,-0.001306
479020860.000,Miguel,recording,knock_twice_left,8,0.600018,7.094548,6.831151,0.001054,-0.041004,-0.007258
479020870.000,Miguel,recording,knock_twice_left,8,0.698377,7.085266,6.808212,0.009029,-0.043237,-0.020019
479020880.000,Miguel,recording,knock_twice_left,8,0.670742,7.120063,6.807503,0.021156,-0.038275,-0.033465
479020890.000,Miguel,recording,knock_twice_left,8,0.632306,7.141426,6.860419,0.039025,-0.030402,-0.041036
479020900.000,Miguel,recording,knock_twice_left,8,0.500648,7.140712,6.860477,0.060867,-0.025853,-0.041910
479020910.000,Miguel,recording,knock_twice_left,8,0.482515,7.144773,6.731001,0.077025,-0.027395,-0.038356
479020920.000,Miguel,recording,knock_twice_left,8,0.545712,7.184804,6.630667,0.080252,-0.033031,-0.034350
479020930.000,Miguel,recording,knock_twice_left,8,0.560190,7.209126,6.573724,0.073203,-0.040690,-0.032837
479020940.000,Miguel,recording,knock_twice_left,8,0.470633,7.169261,6.634067,0.062012,-0.051930,-0.030879
479020950.000,Miguel,recording,knock_twice_left,8,0.465636,7.157632,6.630497,0.051344,-0.065429,-0.024442
479020960.000,Miguel,recording,knock_twice_left,8,0.475641,7.184505,6.669602,0.042855,-0.077980,-0.013732
479020970.000,Miguel,recording,knock_twice_left,8,0.554326,7.191618,6.635073,0.036122,-0.090474,-0.003611
479020980.000,Miguel,recording,knock_twice_left,8,0.659833,7.138321,6.580066,0.029314,-0.101367,-0.000007
479020990.000,Miguel,recording,knock_twice_left,8,0.720199,7.123678,6.535437,0.021850,-0.106863,-0.004403
479021000.000,Miguel,recording,knock_twice_left,8,0.654165,7.123408,6.589897,0.016604,-0.106967,-0.011446
479021010.000,Miguel,recording,knock_twice_left,8,0.525929,7.197728,6.701537,0.019067,-0.104844,-0.011253
479021020.000,Miguel,recording,knock_twice_left,8,0.280156,7.312651,6.855649,0.035756,-0.101106,0.005497
479021030.000,Miguel,recording,knock_twice_left,8,0.060412,7.401072,6.948524,0.071620,-0.096776,0.039169
479021040.000,Miguel,recording,knock_twice_left,8,0.122603,7.261190,6.930746,0.123311,-0.099740,0.076494
479021050.000,Miguel,recording,knock_twice_left,8,0.500790,7.051554,6.556116,0.172031,-0.105026,0.095467
479021060.000,Miguel,recording,knock_twice_left,8,1.008096,7.019576,6.222015,0.194258,-0.102195,0.075994
479021070.000,Miguel,recording,knock_twice_left,8,2.365277,6.829556,5.560472,0.169223,-0.084832,-0.005412
479021080.000,Miguel,recording,knock_twice_left,8,3.767239,6.597320,5.055888,0.088532,-0.013401,-0.158428
479021090.000,Miguel,recording,knock_twice_left,8,0.805014,6.999598,6.191264,-0.012082,0.084762,-0.313963
479021100.000,Miguel,recording,knock_twice_left,8,0.894952,7.320081,5.773869,-0.090375,0.120038,-0.372913
479021110.000,Miguel,recording,knock_twice_left,8,-1.084396,7.612688,6.781242,-0.132416,0.104433,-0.304645
479021120.000,Miguel,recording,knock_twice_left,8,-1.146565,7.978739,6.967536,-0.130107,0.078044,-0.136146
479021130.000,Miguel,recording,knock_twice_left,8,-1.288423,7.766769,7.344094,-0.086012,0.037013,0.074521
479021140.000,Miguel,recording,knock_twice_left,8,-0.510107,7.355606,7.363591,-0.022409,-0.027557,0.252389
479021150.000,Miguel,recording,knock_twice_left,8,0.369809,7.106058,6.846574,0.022221,-0.116137,0.335486
479021160.000,Miguel,recording,knock_twice_left,8,1.271107,6.921877,6.142969,0.013410,-0.192295,0.307406
479021170.000,Miguel,recording,knock_twice_left,8,1.710948,6.785287,5.621930,-0.047997,-0.212411,0.201099
479021180.000,Miguel,recording,knock_twice_left,8,1.777462,6.996470,5.628335,-0.124434,-0.161537,0.070489
479021190.000,Miguel,recording,knock_twice_left,8,1.420645,7.421345,6.078513,-0.168702,-0.051009,-0.035079
479021200.000,Miguel,recording,knock_twice_left,8,0.747710,7.525940,6.778366,-0.146875,0.073596,-0.082989
479021210.000,Miguel,recording,knock_twice_left,8,0.098648,7.186778,7.280074,-0.061039,0.166376,-0.068696
479021220.000,Miguel,recording,knock_twice_left,8,-0.038494,7.016388,7.387131,0.049942,0.195379,-0.025882
479021230.000,Miguel,recording,knock_twice_left,8,0.818535,6.666385,6.692173,0.121019,0.144582,-0.021425
479021240.000,Miguel,recording,knock_twice_left,8,2.834518,6.437379,5.280950,0.091237,0.086960,-0.112779
479021250.000,Miguel,recording,knock_twice_left,8,1.595583,6.578881,5.713675,-0.024147,0.079298,-0.269679
479021260.000,Miguel,recording,knock_twice_left,8,1.489823,6.790288,5.486963,-0.153804,0.074437,-0.394319
479021270.000,Miguel,recording,knock_twice_left,8,-0.189481,7.110543,6.495207,-0.242220,0.056192,-0.416643
479021280.000,Miguel,recording,knock_twice_left,8,-0.579556,7.710602,6.988596,-0.265709,0.036068,-0.323549
479021290.000,Miguel,recording,knock_twice_left,8,-1.186499,7.742140,7.549691,-0.225744,0.008559,-0.149542
479021300.000,Miguel,recording,knock_twice_left,8,-0.935628,7.635719,7.794439,-0.140385,-0.023740,0.041428
479021310.000,Miguel,recording,knock_twice_left,8,-0.314227,7.337928,7.597859,-0.044432,-0.057929,0.195149
479021320.000,Miguel,recording,knock_twice_left,8,0.275113,6.926389,7.210517,0.032171,-0.088264,0.284731
479021330.000,Miguel,recording,knock_twice_left,8,1.114691,6.667163,6.773997,0.073801,-0.114413,0.295050
479021340.000,Miguel,recording,knock_twice_left,8,1.995666,6.944423,6.166213,0.065178,-0.132151,0.219514
479021350.000,Miguel,recording,knock_twice_left,8,2.277738,7.022107,5.843915,0.001838,-0.116872,0.081377
479021360.000,Miguel,recording,knock_twice_left,8,1.930878,6.990722,5.758949,-0.095785,-0.069532,-0.067878
479021370.000,Miguel,recording,knock_twice_left,8,1.435943,7.012333,5.911687,-0.196824,-0.013652,-0.188175
479021380.000,Miguel,recording,knock_twice_left,8,0.901204,7.070292,6.302517,-0.275970,0.042344,-0.263051
479021390.000,Miguel,recording,knock_twice_left,8,0.354795,7.092790,6.844870,-0.315042,0.085998,-0.288503
479021400.000,Miguel,recording,knock_twice_left,8,0.045430,7.077426,7.202533,-0.307618,0.101268,-0.271140
479021410.000,Miguel,recording,knock_twice_left,8,-0.104997,7.026053,7.492924,-0.258256,0.092216,-0.226982
479021420.000,Miguel,recording,knock_twice_left,8,-0.211736,6.971598,7.739254,-0.175165,0.070462,-0.173021
479021430.000,Miguel,recording,knock_twice_left,8,-0.126895,6.938542,7.792292,-0.071586,0.035783,-0.122126
479021440.000,Miguel,recording,knock_twice_left,8,0.094004,6.985166,7.577236,0.031315,-0.003992,-0.082898
479021450.000,Miguel,recording,knock_twice_left,8,0.297358,7.084527,7.263471,0.111805,-0.028875,-0.054821
479021460.000,Miguel,recording,knock_twice_left,8,0.366431,7.133849,6.871384,0.158487,-0.033844,-0.030725
479021470.000,Miguel,recording,knock_twice_left,8,0.362871,7.188238,6.557161,0.169730,-0.027350,-0.008374
479021480.000,Miguel,recording,knock_twice_left,8,0.290505,7.249464,6.306309,0.147847,-0.017238,0.012083
479021490.000,Miguel,recording,knock_twice_left,8,0.328568,7.269586,6.148104,0.099414,-0.009688,0.030830
479021500.000,Miguel,recording,knock_twice_left,8,0.404073,7.242860,6.062249,0.035953,-0.006580,0.044700
479021510.000,Miguel,recording,knock_twice_left,8,0.562421,7.200821,6.101196,-0.031429,-0.003147,0.048348
479021520.000,Miguel,recording,knock_twice_left,8,0.584820,7.114656,6.186013,-0.093983,0.000963,0.039303
479021530.000,Miguel,recording,knock_twice_left,8,0.582041,7.056039,6.258754,-0.146594,-0.000582,0.022315
479021540.000,Miguel,recording,knock_twice_left,8,0.532730,7.029237,6.312808,-0.188184,-0.009600,0.004874
479021550.000,Miguel,recording,knock_twice_left,8,0.502407,6.986464,6.353592,-0.220460,-0.019760,-0.005896
479021560.000,Miguel,recording,knock_twice_left,8,0.367630,6.985389,6.435459,-0.245393,-0.023777,-0.002373
479021570.000,Miguel,recording,knock_twice_left,8,0.051090,6.941810,6.571640,-0.263208,-0.032017,0.018771
479021580.000,Miguel,recording,knock_twice_left,8,0.032779,6.892561,6.590327,-0.276853,-0.061987,0.049564
479021590.000,Miguel,recording,knock_twice_left,8,0.175450,6.871857,6.511421,-0.292224,-0.106234,0.074420
479021600.000,Miguel,recording,knock_twice_left,8,0.375211,6.887253,6.450737,-0.313470,-0.141858,0.087660
479021610.000,Miguel,recording,knock_twice_left,8,0.411175,6.848770,6.408560,-0.338060,-0.154762,0.093754
479021620.000,Miguel,recording,knock_twice_left,8,0.429028,6.838349,6.497010,-0.357033,-0.142158,0.096905
479021630.000,Miguel,recording,knock_twice_left,8,0.466989,6.869618,6.629987,-0.360476,-0.109100,0.100515
479021640.000,Miguel,recording,knock_twice_left,8,0.460509,6.869572,6.719336,-0.346535,-0.062932,0.107742
479021650.000,Miguel,recording,knock_twice_left,8,0.446317,6.896730,6.650063,-0.326676,-0.010647,0.123578
479021660.000,Miguel,recording,knock_twice_left,8,0.485429,7.115767,6.451938,-0.321248,0.042777,0.153524
479021670.000,Miguel,recording,knock_twice_left,8,0.445075,7.163698,6.321978,-0.347270,0.090664,0.191570
479021680.000,Miguel,recording,knock_twice_left,8,0.493819,6.905209,6.223891,-0.406301,0.116581,0.222259
479021690.000,Miguel,recording,knock_twice_left,8,0.574372,6.610577,6.226138,-0.490770,0.110220,0.235630
479021700.000,Miguel,recording,knock_twice_left,8,0.716186,6.501473,6.256617,-0.591122,0.080721,0.228269
479021710.000,Miguel,recording,knock_twice_left,8,0.790678,6.423470,6.353020,-0.696161,0.040858,0.206764
479021720.000,Miguel,recording,knock_twice_left,8,0.868086,6.437439,6.482823,-0.798627,-0.002470,0.188285
479021730.000,Miguel,recording,knock_twice_left,8,0.728202,6.490597,6.586654,-0.895456,-0.045317,0.182849
479021740.000,Miguel,recording,knock_twice_left,8,0.755733,6.343077,6.669415,-0.986758,-0.083325,0.188446
479021750.000,Miguel,recording,knock_twice_left,8,0.782611,6.233413,6.667528,-1.077416,-0.114621,0.201922
479021760.000,Miguel,recording,knock_twice_left,8,0.774090,6.200128,6.705423,-1.171253,-0.146673,0.219213
479021770.000,Miguel,recording,knock_twice_left,8,0.803275,6.079989,6.596344,-1.271699,-0.193399,0.232015
479021780.000,Miguel,recording,knock_twice_left,8,0.801998,5.862499,6.575389,-1.383946,-0.264761,0.236560
479021790.000,Miguel,recording,knock_twice_left,8,0.827688,5.615669,6.578034,-1.512242,-0.366697,0.232737
479021800.000,Miguel,recording,knock_twice_left,8,0.981621,5.320107,6.425999,-1.668394,-0.494007,0.216874
479021810.000,Miguel,recording,knock_twice_left,8,1.213967,5.174242,6.410036,-1.859548,-0.619090,0.185093
479021820.000,Miguel,recording,knock_twice_left,8,1.513724,4.971690,6.630514,-2.065134,-0.715841,0.137561
479021830.000,Miguel,recording,knock_twice_left,8,1.812376,4.888044,6.944313,-2.252057,-0.771271,0.083601
479021840.000,Miguel,recording,knock_twice_left,8,2.054887,4.873089,7.332795,-2.394676,-0.771038,0.032675
479021850.000,Miguel,recording,knock_twice_left,8,2.220885,4.643883,7.994011,-2.469171,-0.704495,-0.017485
479021860.000,Miguel,recording,knock_twice_left,8,2.094547,4.260657,8.806635,-2.450590,-0.578911,-0.065006
479021870.000,Miguel,recording,knock_twice_left,8,1.637280,3.860326,9.767337,-2.323771,-0.417745,-0.092698
479021880.000,Miguel,recording,knock_twice_left,8,1.243590,3.682391,10.525235,-2.094649,-0.245256,-0.084042
479021890.000,Miguel,recording,knock_twice_left,8,0.974267,3.889898,10.937288,-1.797564,-0.075932,-0.034344
479021900.000,Miguel,recording,knock_twice_left,8,0.802491,4.185433,10.943205,-1.482690,0.087124,0.046199
479021910.000,Miguel,recording,knock_twice_left,8,0.696668,4.244434,10.626812,-1.193096,0.251388,0.141013
479021920.000,Miguel,recording,knock_twice_left,9,0.755584,4.313316,10.236575,-0.953776,0.424223,0.238015
479021930.000,Miguel,recording,knock_twice_left,9,1.005996,4.268851,9.972130,-0.769100,0.598155,0.323367
479021940.000,Miguel,recording,knock_twice_left,9,1.340842,4.178226,9.986224,-0.633771,0.754949,0.384210
479021950.000,Miguel,recording,knock_twice_left,9,1.567453,4.101621,10.050303,-0.550597,0.873415,0.423096
479021960.000,Miguel,recording,knock_twice_left,9,1.499512,3.970671,9.928235,-0.532243,0.937463,0.452572
479021970.000,Miguel,recording,knock_twice_left,9,1.410872,3.751640,9.731691,-0.583605,0.942495,0.476819
479021980.000,Miguel,recording,knock_twice_left,9,1.256637,3.643812,9.594228,-0.688743,0.894459,0.490679
479021990.000,Miguel,recording,knock_twice_left,9,1.086776,3.511026,9.645302,-0.809531,0.801533,0.489898
479022000.000,Miguel,recording,knock_twice_left,9,0.955377,3.469859,9.766408,-0.910210,0.672821,0.467072
479022010.000,Miguel,recording,knock_twice_left,9,1.239190,3.572948,9.966499,-0.986778,0.512495,0.401679
479022020.000,Miguel,recording,knock_twice_left,9,1.426910,3.122242,9.890937,-1.053295,0.323595,0.272528
479022030.000,Miguel,recording,knock_twice_left,9,1.549975,2.375612,9.762972,-1.113527,0.120162,0.078465
479022040.000,Miguel,recording,knock_twice_left,9,1.601838,2.031635,9.767547,-1.157196,-0.079161,-0.162913
479022050.000,Miguel,recording,knock_twice_left,9,1.662268,1.906917,9.809315,-1.171132,-0.259271,-0.424133
479022060.000,Miguel,recording,knock_twice_left,9,1.868253,2.010749,10.112318,-1.142039,-0.406361,-0.674508
479022070.000,Miguel,recording,knock_twice_left,9,1.795190,2.324571,10.371500,-1.057955,-0.502460,-0.888859
479022080.000,Miguel,recording,knock_twice_left,9,1.603951,2.539841,10.453779,-0.913599,-0.539553,-1.054812
479022090.000,Miguel,recording,knock_twice_left,9,1.455371,2.473977,10.488964,-0.714166,-0.542860,-1.177268
479022100.000,Miguel,recording,knock_twice_left,9,1.463775,2.387290,10.570153,-0.485924,-0.570673,-1.258949
479022110.000,Miguel,recording,knock_twice_left,9,1.254428,2.677043,10.059570,-0.272034,-0.655428,-1.274077
479022120.000,Miguel,recording,knock_twice_left,9,0.588675,2.495757,9.763760,-0.109373,-0.785962,-1.187268
479022130.000,Miguel,recording,knock_twice_left,9,0.021724,2.506425,9.713440,-0.003454,-0.899078,-0.990296
479022140.000,Miguel,recording,knock_twice_left,9,-0.504310,2.355946,9.800104,0.055575,-0.928056,-0.697141
479022150.000,Miguel,recording,knock_twice_left,9,-0.639497,2.094091,9.458995,0.081257,-0.866578,-0.350456
479022160.000,Miguel,recording,knock_twice_left,9,-0.316734,2.435049,9.596142,0.098169,-0.755009,-0.019614
479022170.000,Miguel,recording,knock_twice_left,9,0.284204,2.632546,9.558241,0.124573,-0.666038,0.243213
479022180.000,Miguel,recording,knock_twice_left,9,0.888793,2.893643,9.363101,0.163219,-0.649498,0.425913
479022190.000,Miguel,recording,knock_twice_left,9,1.309561,3.215601,9.357304,0.212163,-0.698629,0.545361
479022200.000,Miguel,recording,knock_twice_left,9,1.785326,3.434909,9.372026,0.278066,-0.772075,0.621377
479022210.000,Miguel,recording,knock_twice_left,9,2.179482,3.595941,9.381533,0.365411,-0.829583,0.669556
479022220.000,Miguel,recording,knock_twice_left,9,2.257791,3.622546,9.136331,0.461771,-0.855212,0.703220
479022230.000,Miguel,recording,knock_twice_left,9,2.455525,3.144724,8.998368,0.542377,-0.855272,0.713491
479022240.000,Miguel,recording,knock_twice_left,9,2.803244,2.447011,9.141298,0.574936,-0.846369,0.656960
479022250.000,Miguel,recording,knock_twice_left,9,2.853528,1.521970,8.825246,0.524488,-0.848217,0.494058
479022260.000,Miguel,recording,knock_twice_left,9,2.859794,1.101326,8.296783,0.380940,-0.876363,0.238498
479022270.000,Miguel,recording,knock_twice_left,9,2.989661,1.134432,7.832172,0.166913,-0.932554,-0.057603
479022280.000,Miguel,recording,knock_twice_left,9,3.112671,1.635224,7.553507,-0.071788,-0.986605,-0.335880
479022290.000,Miguel,recording,knock_twice_left,9,3.068980,2.204610,7.710068,-0.275182,-0.974768,-0.548085
479022300.000,Miguel,recording,knock_twice_left,9,2.864936,2.593949,8.191202,-0.398952,-0.844085,-0.669413
479022310.000,Miguel,recording,knock_twice_left,9,2.471248,2.492631,8.407353,-0.438712,-0.605900,-0.693841
479022320.000,Miguel,recording,knock_twice_left,9,1.749831,2.386650,8.705323,-0.406998,-0.320924,-0.636578
479022330.000,Miguel,recording,knock_twice_left,9,1.425881,2.379737,9.145303,-0.304962,-0.050572,-0.535799
479022340.000,Miguel,recording,knock_twice_left,9,1.209442,2.399625,9.655930,-0.140147,0.148561,-0.421989
479022350.000,Miguel,recording,knock_twice_left,9,1.350200,2.841203,10.087517,0.059900,0.241316,-0.278763
479022360.000,Miguel,recording,knock_twice_left,9,1.182819,2.876465,10.023962,0.272676,0.267400,-0.094337
479022370.000,Miguel,recording,knock_twice_left,9,0.945375,3.080495,9.895676,0.489217,0.327317,0.102140
479022380.000,Miguel,recording,knock_twice_left,9,1.089302,3.130988,9.438938,0.695080,0.510235,0.277367
479022390.000,Miguel,recording,knock_twice_left,9,0.901605,3.562533,9.210394,0.859585,0.839215,0.424328
479022400.000,Miguel,recording,knock_twice_left,9,1.461796,3.676329,8.819647,0.945186,1.223487,0.572347
479022410.000,Miguel,recording,knock_twice_left,9,1.755547,3.340018,8.151545,0.946952,1.502221,0.714279
479022420.000,Miguel,recording,knock_twice_left,9,1.852008,3.575650,8.137146,0.891312,1.596399,0.794728
479022430.000,Miguel,recording,knock_twice_left,9,1.910010,3.389790,7.919183,0.787972,1.557289,0.794643
479022440.000,Miguel,recording,knock_twice_left,9,2.086681,3.186640,7.899698,0.635960,1.465332,0.732960
479022450.000,Miguel,recording,knock_twice_left,9,2.220576,3.076557,8.101474,0.460428,1.344441,0.629340
479022460.000,Miguel,recording,knock_twice_left,9,2.174351,2.963881,8.341093,0.299429,1.170253,0.502883
479022470.000,Miguel,recording,knock_twice_left,9,1.879129,2.906164,8.526480,0.167992,0.937622,0.372962
479022480.000,Miguel,recording,knock_twice_left,9,1.397057,2.782272,8.691600,0.053392,0.693749,0.253112
479022490.000,Miguel,recording,knock_twice_left,9,1.024436,2.646117,8.910220,-0.056183,0.494256,0.150342
479022500.000,Miguel,recording,knock_twice_left,9,0.952450,2.551778,9.137591,-0.145027,0.353836,0.068602
479022510.000,Miguel,recording,knock_twice_left,9,0.998944,2.649889,9.463583,-0.180217,0.258828,0.005380
479022520.000,Miguel,recording,knock_twice_left,9,0.967208,2.732853,9.850476,-0.127146,0.224226,-0.040402
479022530.000,Miguel,recording,knock_twice_left,9,0.715873,2.731495,10.546443,0.046105,0.295048,-0.055011
479022540.000,Miguel,recording,knock_twice_left,9,0.374032,2.844990,10.967733,0.331551,0.469598,-0.017765
479022550.000,Miguel,recording,knock_twice_left,9,0.223148,3.071719,10.966556,0.658208,0.678792,0.077496
479022560.000,Miguel,recording,knock_twice_left,9,-0.039886,3.289042,10.587775,0.949490,0.847812,0.215538
479022570.000,Miguel,recording,knock_twice_left,9,-0.241405,3.351731,9.923536,1.161197,0.941950,0.369634
479022580.000,Miguel,recording,knock_twice_left,9,-0.176802,3.555068,9.263679,1.279303,0.980459,0.507441
479022590.000,Miguel,recording,knock_twice_left,9,0.042859,3.995269,9.139586,1.329268,1.010307,0.597006
479022600.000,Miguel,recording,knock_twice_left,9,0.240091,4.124132,9.274006,1.368024,1.055506,0.623550
479022610.000,Miguel,recording,knock_twice_left,9,0.422060,3.894045,9.596407,1.447124,1.113044,0.598383
479022620.000,Miguel,recording,knock_twice_left,9,0.120152,3.600985,9.938334,1.574322,1.178134,0.547216
479022630.000,Miguel,recording,knock_twice_left,9,-0.332790,3.936992,9.930596,1.705773,1.238901,0.505749
479022640.000,Miguel,recording,knock_twice_left,9,-0.144840,4.312064,9.567748,1.773602,1.260576,0.508794
479022650.000,Miguel,recording,knock_twice_left,9,0.367941,4.369928,9.104687,1.741958,1.200547,0.549307
479022660.000,Miguel,recording,knock_twice_left,9,0.628173,4.360416,8.687530,1.631642,1.030125,0.576070
479022670.000,Miguel,recording,knock_twice_left,9,0.813508,4.562263,8.478515,1.489780,0.741524,0.544527
479022680.000,Miguel,recording,knock_twice_left,9,0.968013,4.525598,8.542008,1.356565,0.355348,0.445743
479022690.000,Miguel,recording,knock_twice_left,9,1.132740,4.413892,8.471428,1.246342,-0.071334,0.300700
479022700.000,Miguel,recording,knock_twice_left,9,0.866892,4.374135,8.232357,1.147953,-0.454406,0.138788
479022710.000,Miguel,recording,knock_twice_left,9,0.424812,4.531076,8.104241,1.037858,-0.724890,-0.011026
479022720.000,Miguel,recording,knock_twice_left,9,0.245902,4.673792,7.821596,0.894042,-0.862199,-0.116630
479022730.000,Miguel,recording,knock_twice_left,9,0.305467,4.878742,7.447816,0.713359,-0.902978,-0.153006
479022740.000,Miguel,recording,knock_twice_left,9,0.471320,5.191424,7.314284,0.517594,-0.928316,-0.117424
479022750.000,Miguel,recording,knock_twice_left,9,0.500576,5.559782,7.231072,0.330068,-1.013681,-0.031773
479022760.000,Miguel,recording,knock_twice_left,9,0.732859,5.805386,7.096455,0.149931,-1.181720,0.067193
479022770.000,Miguel,recording,knock_twice_left,9,1.163008,5.792357,6.911938,-0.032514,-1.391289,0.137595
479022780.000,Miguel,recording,knock_twice_left,9,1.610621,5.612733,6.936614,-0.211382,-1.566465,0.147277
479022790.000,Miguel,recording,knock_twice_left,9,2.017287,5.308446,7.139395,-0.361181,-1.644215,0.088278
479022800.000,Miguel,recording,knock_twice_left,9,2.414951,5.247653,7.821154,-0.440254,-1.582067,-0.023431
479022810.000,Miguel,recording,knock_twice_left,9,2.453468,5.316771,9.002574,-0.394720,-1.342853,-0.151698
479022820.000,Miguel,recording,knock_twice_left,9,2.055091,5.339659,10.182497,-0.170890,-0.940872,-0.248392
479022830.000,Miguel,recording,knock_twice_left,9,1.757276,5.458899,10.765073,0.233322,-0.481015,-0.282621
479022840.000,Miguel,recording,knock_twice_left,9,1.677276,5.745023,10.589812,0.708187,-0.074510,-0.264759
479022850.000,Miguel,recording,knock_twice_left,9,1.757787,5.870154,9.744449,1.107721,0.246162,-0.231269
479022860.000,Miguel,recording,knock_twice_left,9,1.914803,5.918739,8.663437,1.349813,0.475835,-0.213040
479022870.000,Miguel,recording,knock_twice_left,9,2.021314,5.908982,7.862678,1.421289,0.605718,-0.223827
479022880.000,Miguel,recording,knock_twice_left,9,2.104436,5.721395,7.437087,1.365934,0.656706,-0.267020
479022890.000,Miguel,recording,knock_twice_left,9,2.226651,5.720025,7.540862,1.252244,0.666566,-0.342906
479022900.000,Miguel,recording,knock_twice_left,9,2.355998,5.900462,7.918116,1.143581,0.658240,-0.443550
479022910.000,Miguel,recording,knock_twice_left,9,2.333140,6.085305,8.369226,1.081155,0.639344,-0.547896
479022920.000,Miguel,recording,knock_twice_left,9,2.089205,6.145995,8.696620,1.076077,0.618783,-0.634931
479022930.000,Miguel,recording,knock_twice_left,9,1.536602,5.974693,8.891928,1.116881,0.592292,-0.693854
479022940.000,Miguel,recording,knock_twice_left,9,1.153398,5.850842,8.862239,1.180612,0.536478,-0.722985
479022950.000,Miguel,recording,knock_twice_left,9,0.899556,5.989898,8.618582,1.241805,0.439364,-0.722438
479022960.000,Miguel,recording,knock_twice_left,9,0.548784,6.172690,8.330743,1.285744,0.310678,-0.690354
479022970.000,Miguel,recording,knock_twice_left,9,0.460617,6.278911,7.995741,1.306338,0.165495,-0.637077
479022980.000,Miguel,recording,knock_twice_left,9,0.460729,6.436118,7.380561,1.292768,0.029034,-0.590348
479022990.000,Miguel,recording,knock_twice_left,9,0.617845,6.448486,6.948330,1.245115,-0.072339,-0.573518
479023000.000,Miguel,recording,knock_twice_left,9,0.835257,6.333460,6.898005,1.188768,-0.136818,-0.589258
479023010.000,Miguel,recording,knock_twice_left,9,0.871638,6.443756,6.811439,1.146836,-0.174794,-0.627625
479023020.000,Miguel,recording,knock_twice_left,9,0.820331,6.702884,6.614191,1.121319,-0.188770,-0.675004
479023030.000,Miguel,recording,knock_twice_left,9,0.768709,7.001509,6.419657,1.103480,-0.177778,-0.712622
479023040.000,Miguel,recording,knock_twice_left,9,0.603125,7.308316,6.151533,1.080494,-0.145140,-0.721999
479023050.000,Miguel,recording,knock_twice_left,9,0.391509,7.477488,5.871179,1.039312,-0.104896,-0.696011
479023060.000,Miguel,recording,knock_twice_left,9,0.233241,7.483380,5.555977,0.971589,-0.080518,-0.643298
479023070.000,Miguel,recording,knock_twice_left,9,0.122601,7.533056,5.385955,0.875894,-0.088128,-0.581154
479023080.000,Miguel,recording,knock_twice_left,9,-0.123267,7.521098,5.223350,0.757451,-0.132866,-0.519513
479023090.000,Miguel,recording,knock_twice_left,9,-0.303197,7.508132,5.193935,0.626895,-0.215098,-0.460608
479023100.000,Miguel,recording,knock_twice_left,9,-0.390025,7.424329,5.226032,0.495111,-0.329640,-0.407154
479023110.000,Miguel,recording,knock_twice_left,9,-0.374467,7.367840,5.213707,0.365754,-0.461766,-0.358301
479023120.000,Miguel,recording,knock_twice_left,9,-0.378844,7.449709,5.166361,0.239037,-0.593089,-0.308190
479023130.000,Miguel,recording,knock_twice_left,9,-0.392807,7.529551,5.084299,0.117533,-0.706025,-0.250470
479023140.000,Miguel,recording,knock_twice_left,9,-0.433203,7.524897,5.079326,0.005063,-0.796269,-0.180552
479023150.000,Miguel,recording,knock_twice_left,9,-0.365757,7.546946,5.150991,-0.097725,-0.877070,-0.099970
479023160.000,Miguel,recording,knock_twice_left,9,-0.268652,7.526299,5.102442,-0.197985,-0.954511,-0.018237
479023170.000,Miguel,recording,knock_twice_left,9,-0.117971,7.417890,4.976706,-0.305159,-1.019471,0.048422
479023180.000,Miguel,recording,knock_twice_left,9,0.059643,7.428802,5.005945,-0.414419,-1.055056,0.085405
479023190.000,Miguel,recording,knock_twice_left,9,0.160199,7.374125,5.349718,-0.502794,-1.044684,0.095022
479023200.000,Miguel,recording,knock_twice_left,9,0.146256,7.409801,5.900213,-0.542125,-0.984499,0.092850
479023210.000,Miguel,recording,knock_twice_left,9,0.279770,7.395223,6.388903,-0.514619,-0.877169,0.089556
479023220.000,Miguel,recording,knock_twice_left,9,0.504132,7.279412,6.689896,-0.423711,-0.721264,0.082704
479023230.000,Miguel,recording,knock_twice_left,9,0.710101,7.259515,6.819151,-0.286773,-0.520073,0.066739
479023240.000,Miguel,recording,knock_twice_left,9,0.810281,7.275250,6.906604,-0.122695,-0.293218,0.043752
479023250.000,Miguel,recording,knock_twice_left,9,0.831655,7.330783,6.886717,0.048301,-0.073969,0.019122
479023260.000,Miguel,recording,knock_twice_left,9,0.866000,7.338176,6.746055,0.202597,0.112362,-0.003956
479023270.000,Miguel,recording,knock_twice_left,9,0.769389,7.359890,6.481506,0.320280,0.252959,-0.024310
479023280.000,Miguel,recording,knock_twice_left,9,0.536665,7.321307,6.242996,0.391686,0.333516,-0.042384
479023290.000,Miguel,recording,knock_twice_left,9,0.469670,7.208381,5.916053,0.413564,0.350072,-0.061771
479023300.000,Miguel,recording,knock_twice_left,9,0.542549,7.246571,5.606595,0.385762,0.323743,-0.086859
479023310.000,Miguel,recording,knock_twice_left,9,0.561129,7.423123,5.479378,0.318185,0.280045,-0.113220
479023320.000,Miguel,recording,knock_twice_left,9,0.341200,7.484336,5.459354,0.228622,0.230418,-0.127284
479023330.000,Miguel,recording,knock_twice_left,9,0.145054,7.506992,5.575843,0.134666,0.178374,-0.119174
479023340.000,Miguel,recording,knock_twice_left,9,0.025968,7.540670,5.837549,0.051779,0.122009,-0.091609
479023350.000,Miguel,recording,knock_twice_left,9,0.036891,7.681736,6.013828,-0.014707,0.059333,-0.052741
479023360.000,Miguel,recording,knock_twice_left,9,0.011071,7.685464,6.124605,-0.068991,-0.004768,-0.006940
479023370.000,Miguel,recording,knock_twice_left,9,0.029597,7.611997,6.228072,-0.113747,-0.063644,0.042086
479023380.000,Miguel,recording,knock_twice_left,9,0.200282,7.533024,6.286119,-0.146960,-0.114407,0.086085
479023390.000,Miguel,recording,knock_twice_left,9,0.398232,7.510897,6.348114,-0.167817,-0.153744,0.115403
479023400.000,Miguel,recording,knock_twice_left,9,0.530301,7.541060,6.404279,-0.175618,-0.176163,0.127502
479023410.000,Miguel,recording,knock_twice_left,9,0.565336,7.563547,6.524718,-0.164449,-0.178667,0.129941
479023420.000,Miguel,recording,knock_twice_left,9,0.602569,7.512674,6.615102,-0.131972,-0.160212,0.131917
479023430.000,Miguel,recording,knock_twice_left,9,0.645273,7.450426,6.566910,-0.085648,-0.122449,0.134459
479023440.000,Miguel,recording,knock_twice_left,9,0.774968,7.371625,6.468293,-0.036878,-0.070432,0.131563
479023450.000,Miguel,recording,knock_twice_left,9,0.857633,7.302068,6.373033,0.006283,-0.005907,0.118782
479023460.000,Miguel,recording,knock_twice_left,9,0.910126,7.222409,6.387367,0.042595,0.068880,0.097134
479023470.000,Miguel,recording,knock_twice_left,9,0.991694,7.241205,6.422191,0.074624,0.147306,0.068638
479023480.000,Miguel,recording,knock_twice_left,9,0.980121,7.294988,6.438928,0.103997,0.221971,0.036518
479023490.000,Miguel,recording,knock_twice_left,9,0.929188,7.368483,6.444564,0.128866,0.282250,0.007816
479023500.000,Miguel,recording,knock_twice_left,9,0.850668,7.348588,6.390394,0.144358,0.318561,-0.012538
479023510.000,Miguel,recording,knock_twice_left,9,0.794015,7.349228,6.286545,0.144873,0.329282,-0.025728
479023520.000,Miguel,recording,knock_twice_left,9,0.628880,7.440339,6.231054,0.129433,0.318275,-0.028426
479023530.000,Miguel,recording,knock_twice_left,9,0.305184,7.502469,6.345352,0.107238,0.284030,-0.012389
479023540.000,Miguel,recording,knock_twice_left,9,-0.020802,7.581808,6.439271,0.087903,0.220396,0.025097
479023550.000,Miguel,recording,knock_twice_left,9,-0.031543,7.644851,6.363639,0.068556,0.134119,0.077175
479023560.000,Miguel,recording,knock_twice_left,9,0.091438,7.671373,6.225513,0.041311,0.046398,0.128455
479023570.000,Miguel,recording,knock_twice_left,9,0.086021,7.672858,6.151874,0.006756,-0.027037,0.169453
479023580.000,Miguel,recording,knock_twice_left,9,0.012223,7.694333,6.126322,-0.025263,-0.076176,0.206928
479023590.000,Miguel,recording,knock_twice_left,9,-0.408239,7.733292,6.240359,-0.043564,-0.088271,0.255539
479023600.000,Miguel,recording,knock_twice_left,9,-0.860950,7.736097,6.326812,-0.040577,-0.061408,0.326638
479023610.000,Miguel,recording,knock_twice_left,9,-0.969931,7.766106,6.308652,-0.016253,-0.003263,0.419060
479023620.000,Miguel,recording,knock_twice_left,9,-0.755758,7.822482,6.137395,0.018621,0.082796,0.519733
479023630.000,Miguel,recording,knock_twice_left,9,-0.471683,7.909565,5.926316,0.049280,0.190466,0.615297
479023640.000,Miguel,recording,knock_twice_left,9,-0.158941,7.906571,5.777880,0.066431,0.302325,0.694893
479023650.000,Miguel,recording,knock_twice_left,9,0.071922,7.831367,5.594539,0.066203,0.404848,0.750662
479023660.000,Miguel,recording,knock_twice_left,9,0.143462,7.635710,5.503041,0.050644,0.498544,0.781587
479023670.000,Miguel,recording,knock_twice_left,9,0.302697,7.322746,5.557086,0.028917,0.583561,0.787003
479023680.000,Miguel,recording,knock_twice_left,9,0.640574,7.183270,5.598495,0.006869,0.657975,0.769100
479023690.000,Miguel,recording,knock_twice_left,9,0.961434,7.198015,5.681770,-0.015941,0.720440,0.735382
479023700.000,Miguel,recording,knock_twice_left,9,1.179552,7.216617,5.942614,-0.036011,0.757500,0.692774
479023710.000,Miguel,recording,knock_twice_left,9,1.291363,7.077531,6.203097,-0.048805,0.752726,0.642105
479023720.000,Miguel,recording,knock_twice_left,9,1.620645,6.924185,6.368797,-0.055039,0.706263,0.576466
479023730.000,Miguel,recording,knock_twice_left,9,1.937042,6.895005,6.535336,-0.059382,0.626203,0.491081
479023740.000,Miguel,recording,knock_twice_left,9,2.257742,6.860855,6.659775,-0.066135,0.511316,0.386488
479023750.000,Miguel,recording,knock_twice_left,9,2.512067,6.860215,6.679049,-0.078300,0.364715,0.264878
479023760.000,Miguel,recording,knock_twice_left,9,2.608154,6.853067,6.601711,-0.099417,0.206699,0.131344
479023770.000,Miguel,recording,knock_twice_left,9,2.526794,6.886671,6.559581,-0.127585,0.065539,-0.001224
479023780.000,Miguel,recording,knock_twice_left,9,2.255127,7.000056,6.638444,-0.152206,-0.036415,-0.113209
479023790.000,Miguel,recording,knock_twice_left,9,1.695104,7.080789,6.783798,-0.162197,-0.087778,-0.183850
479023800.000,Miguel,recording,knock_twice_left,9,1.265171,7.189156,6.915984,-0.155267,-0.093385,-0.203749
479023810.000,Miguel,recording,knock_twice_left,9,1.085604,7.387418,7.028168,-0.135048,-0.072984,-0.184361
479023820.000,Miguel,recording,knock_twice_left,9,1.010071,7.418586,7.149952,-0.103896,-0.049588,-0.144981
479023830.000,Miguel,recording,knock_twice_left,9,0.972480,7.406899,7.213825,-0.065459,-0.038551,-0.100376
479023840.000,Miguel,recording,knock_twice_left,9,1.144988,7.255935,7.192422,-0.024720,-0.042420,-0.064730
479023850.000,Miguel,recording,knock_twice_left,9,1.386372,7.210384,7.136615,0.015100,-0.059138,-0.046258
479023860.000,Miguel,recording,knock_twice_left,9,1.474691,7.122684,7.072719,0.051589,-0.089135,-0.045437
479023870.000,Miguel,recording,knock_twice_left,9,1.464630,7.006934,6.902204,0.081451,-0.129829,-0.060446
479023880.000,Miguel,recording,knock_twice_left,9,1.454779,7.060626,6.707134,0.099414,-0.171426,-0.087392
479023890.000,Miguel,recording,knock_twice_left,9,1.381402,7.123070,6.523902,0.105583,-0.203283,-0.118285
479023900.000,Miguel,recording,knock_twice_left,9,1.168625,7.154067,6.378498,0.104974,-0.216853,-0.142507
479023910.000,Miguel,recording,knock_twice_left,9,1.077255,7.213562,6.180023,0.098972,-0.208536,-0.153683
479023920.000,Miguel,recording,knock_twice_left,9,0.962601,7.274268,6.089028,0.087176,-0.181762,-0.152755
479023930.000,Miguel,recording,knock_twice_left,9,0.951994,7.293941,5.962513,0.072592,-0.142543,-0.146054
479023940.000,Miguel,recording,knock_twice_left,9,0.876906,7.270675,5.951930,0.059516,-0.095328,-0.138004
479023950.000,Miguel,recording,knock_twice_left,9,0.786603,7.278166,6.005893,0.050596,-0.045876,-0.126173
479023960.000,Miguel,recording,knock_twice_left,9,0.634291,7.374179,6.098118,0.049042,-0.005304,-0.106444
479023970.000,Miguel,recording,knock_twice_left,9,0.551579,7.416679,6.147694,0.054802,0.017013,-0.078333
479023980.000,Miguel,recording,knock_twice_left,9,0.563975,7.416056,6.114457,0.059016,0.019334,-0.047440
479023990.000,Miguel,recording,knock_twice_left,9,0.708781,7.418100,6.044414,0.051904,0.005961,-0.022186
479024000.000,Miguel,recording,knock_twice_left,9,0.694449,7.382225,6.039391,0.033148,-0.019278,-0.007091
479024010.000,Miguel,recording,knock_twice_left,9,0.675028,7.408103,6.084650,0.008952,-0.052204,-0.000285
479024020.000,Miguel,recording,knock_twice_left,9,0.642594,7.405424,6.101652,-0.014902,-0.082938,0.001460
479024030.000,Miguel,recording,knock_twice_left,9,0.621892,7.448353,6.197060,-0.032472,-0.102083,0.000089
479024040.000,Miguel,recording,knock_twice_left,9,0.661856,7.550077,6.234164,-0.040267,-0.102515,-0.002477
479024050.000,Miguel,recording,knock_twice_left,9,0.639914,7.602392,6.206514,-0.038325,-0.076472,-0.004668
479024060.000,Miguel,recording,knock_twice_left,9,0.537812,7.454646,6.178383,-0.028060,-0.028640,-0.002692
479024070.000,Miguel,recording,knock_twice_left,9,0.535459,7.571994,6.124457,-0.016890,0.028587,0.004845
479024080.000,Miguel,recording,knock_twice_left,9,0.520609,7.568677,6.233366,-0.009501,0.075594,0.012747
479024090.000,Miguel,recording,knock_twice_left,9,0.755810,7.398008,6.276740,-0.011328,0.055272,0.005538
479024100.000,Miguel,recording,knock_twice_left,9,2.573110,6.919711,5.545373,-0.057956,-0.039225,-0.059845
479024110.000,Miguel,recording,knock_twice_left,9,4.704383,6.532859,4.774278,-0.154117,-0.074319,-0.211752
479024120.000,Miguel,recording,knock_twice_left,9,0.431006,6.781198,7.437378,-0.209526,-0.041432,-0.371893
479024130.000,Miguel,recording,knock_twice_left,9,0.648046,7.411131,6.456716,-0.194003,-0.041387,-0.424994
479024140.000,Miguel,recording,knock_twice_left,9,-0.961661,7.990070,7.338273,-0.145563,-0.034508,-0.339437
479024150.000,Miguel,recording,knock_twice_left,9,-1.462943,8.241162,7.480962,-0.061166,-0.010320,-0.140088
479024160.000,Miguel,recording,knock_twice_left,9,-1.327276,7.568989,7.277634,0.040472,-0.005439,0.109545
479024170.000,Miguel,recording,knock_twice_left,9,-0.228275,7.232020,6.759360,0.112640,-0.022802,0.301151
479024180.000,Miguel,recording,knock_twice_left,9,1.050389,7.153660,5.855627,0.117494,-0.058883,0.361320
479024190.000,Miguel,recording,knock_twice_left,9,1.716456,6.984534,5.290993,0.046979,-0.089694,0.299681
479024200.000,Miguel,recording,knock_twice_left,9,2.216283,7.358253,5.247916,-0.064905,-0.093660,0.161790
479024210.000,Miguel,recording,knock_twice_left,9,1.929705,8.161587,5.922602,-0.158058,-0.056040,0.006106
479024220.000,Miguel,recording,knock_twice_left,9,0.724475,8.120091,6.876880,-0.176593,0.005814,-0.090487
479024230.000,Miguel,recording,knock_twice_left,9,-0.114730,7.233161,7.329617,-0.110259,0.057390,-0.085744
479024240.000,Miguel,recording,knock_twice_left,9,-0.004706,6.964733,7.301679,-0.003181,0.084027,-0.026367
479024250.000,Miguel,recording,knock_twice_left,9,1.391825,6.602353,6.396522,0.064606,0.055264,-0.012549
479024260.000,Miguel,recording,knock_twice_left,9,3.629006,6.368288,4.618023,0.015667,-0.004319,-0.118327
479024270.000,Miguel,recording,knock_twice_left,9,1.887915,6.722251,5.628091,-0.119877,-0.034887,-0.309109
479024280.000,Miguel,recording,knock_twice_left,9,1.995471,7.096592,5.460467,-0.244207,-0.045131,-0.466704
479024290.000,Miguel,recording,knock_twice_left,9,0.043686,7.331770,6.725816,-0.300003,-0.028029,-0.502389
479024300.000,Miguel,recording,knock_twice_left,9,-0.598526,7.875796,7.066416,-0.275129,0.020003,-0.403171
479024310.000,Miguel,recording,knock_twice_left,9,-1.231830,7.706635,7.436571,-0.193045,0.080303,-0.210290
479024320.000,Miguel,recording,knock_twice_left,9,-1.188202,7.599148,7.461917,-0.083879,0.143804,0.014571
479024330.000,Miguel,recording,knock_twice_left,9,-0.668244,7.360961,7.370374,0.031542,0.194132,0.212291
479024340.000,Miguel,recording,knock_twice_left,9,0.345711,7.234032,7.176205,0.133663,0.224491,0.333213
479024350.000,Miguel,recording,knock_twice_left,9,1.622667,7.123974,6.566548,0.194262,0.234256,0.343608
479024360.000,Miguel,recording,knock_twice_left,9,2.159041,6.989421,6.012869,0.190755,0.235541,0.246157
479024370.000,Miguel,recording,knock_twice_left,9,2.581162,7.143459,5.761119,0.130784,0.245320,0.075640
479024380.000,Miguel,recording,knock_twice_left,9,2.378050,7.254663,5.957465,0.050329,0.265363,-0.116423
479024390.000,Miguel,recording,knock_twice_left,9,1.896798,7.273876,6.330201,-0.013690,0.284574,-0.275385
479024400.000,Miguel,recording,knock_twice_left,9,1.262263,7.269695,6.698339,-0.042962,0.297052,-0.372558
479024410.000,Miguel,recording,knock_twice_left,9,0.858244,7.206842,6.950005,-0.039110,0.300369,-0.416549
479024420.000,Miguel,recording,knock_twice_left,9,0.574098,7.141617,7.013788,-0.017099,0.287565,-0.429335
479024430.000,Miguel,recording,knock_twice_left,9,0.389728,7.085035,6.944788,0.005396,0.252069,-0.426286
479024440.000,Miguel,recording,knock_twice_left,9,0.249427,7.068097,6.768589,0.016568,0.195606,-0.416676
479024450.000,Miguel,recording,knock_twice_left,9,0.265350,7.172063,6.634203,0.013077,0.127683,-0.404957
479024460.000,Miguel,recording,knock_twice_left,9,0.300710,7.264179,6.535805,0.000853,0.062499,-0.390451
479024470.000,Miguel,recording,knock_twice_left,9,0.265598,7.348948,6.540255,-0.010478,0.014765,-0.369993
479024480.000,Miguel,recording,knock_twice_left,9,0.215214,7.455915,6.597625,-0.014118,-0.012089,-0.341110
479024490.000,Miguel,recording,knock_twice_left,9,0.199495,7.535345,6.585678,-0.008814,-0.022317,-0.304457
479024500.000,Miguel,recording,knock_twice_left,9,0.201761,7.521520,6.573005,-0.001449,-0.020129,-0.265431
479024510.000,Miguel,recording,knock_twice_left,9,0.194929,7.377699,6.447067,0.000922,-0.010356,-0.232059
479024520.000,Miguel,recording,knock_twice_left,9,0.302372,7.258969,6.393773,-0.002594,-0.000700,-0.212771
479024530.000,Miguel,recording,knock_twice_left,9,0.403981,7.220058,6.415940,-0.010421,-0.001892,-0.210831
479024540.000,Miguel,recording,knock_twice_left,9,0.280563,7.302774,6.382034,-0.022946,-0.018172,-0.215266
479024550.000,Miguel,recording,knock_twice_left,9,0.033681,7.351181,6.333026,-0.042603,-0.050084,-0.211279
479024560.000,Miguel,recording,knock_twice_left,9,-0.053562,7.371328,6.232590,-0.070682,-0.097514,-0.198771
479024570.000,Miguel,recording,knock_twice_left,9,-0.005086,7.366945,6.125759,-0.106095,-0.152651,-0.188102
479024580.000,Miguel,recording,knock_twice_left,9,-0.010973,7.270385,5.991487,-0.148793,-0.201894,-0.184074
479024590.000,Miguel,recording,knock_twice_left,9,0.062402,7.219567,5.798686,-0.201948,-0.233874,-0.183974
479024600.000,Miguel,recording,knock_twice_left,9,-0.021148,7.249631,5.722187,-0.264782,-0.243780,-0.182512
479024610.000,Miguel,recording,knock_twice_left,9,-0.051520,7.388479,5.677078,-0.331393,-0.236696,-0.174078
479024620.000,Miguel,recording,knock_twice_left,9,-0.089003,7.481749,5.723888,-0.398080,-0.221624,-0.154642
479024630.000,Miguel,recording,knock_twice_left,9,-0.133198,7.541878,5.730942,-0.466652,-0.204906,-0.119156
479024640.000,Miguel,recording,knock_twice_left,9,-0.214366,7.501232,5.757764,-0.540990,-0.194147,-0.067506
479024650.000,Miguel,recording,knock_twice_left,9,-0.249618,7.343978,5.756965,-0.623326,-0.199531,-0.008024
479024660.000,Miguel,recording,knock_twice_left,9,-0.195913,7.218023,5.817454,-0.711843,-0.228926,0.048705
479024670.000,Miguel,recording,knock_twice_left,9,-0.125644,7.159663,5.899794,-0.802489,-0.284203,0.094460
479024680.000,Miguel,recording,knock_twice_left,9,0.120552,7.088328,5.996969,-0.896114,-0.362051,0.126152
479024690.000,Miguel,recording,knock_twice_left,9,0.505025,6.948923,6.063131,-0.996750,-0.454972,0.138442
479024700.000,Miguel,recording,knock_twice_left,9,0.877505,6.765454,6.160022,-1.103649,-0.552653,0.121328
479024710.000,Miguel,recording,knock_twice_left,9,1.143980,6.565382,6.399533,-1.204471,-0.635535,0.074124
479024720.000,Miguel,recording,knock_twice_left,9,1.115361,6.306823,6.992532,-1.273683,-0.679640,0.013165
479024730.000,Miguel,recording,knock_twice_left,9,0.891586,6.037089,7.554840,-1.287459,-0.682215,-0.037695
479024740.000,Miguel,recording,knock_twice_left,9,0.615706,5.899494,7.944764,-1.240654,-0.656919,-0.059421
479024750.000,Miguel,recording,knock_twice_left,9,0.340331,6.008896,8.140904,-1.145432,-0.602657,-0.045521
479024760.000,Miguel,recording,knock_twice_left,9,0.048362,6.122249,8.325930,-1.018922,-0.519613,-0.001213
479024770.000,Miguel,recording,knock_twice_left,9,0.002010,6.110891,8.301151,-0.881599,-0.435756,0.063533
479024780.000,Miguel,recording,knock_twice_left,9,0.309248,6.212707,8.104633,-0.757349,-0.365325,0.133103
479024790.000,Miguel,recording,knock_twice_left,9,0.697741,6.238838,7.970796,-0.660157,-0.284886,0.188939
479024800.000,Miguel,recording,knock_twice_left,9,0.892869,6.165763,7.939384,-0.588313,-0.181439,0.225484
479024810.000,Miguel,recording,knock_twice_left,9,0.891249,5.987712,7.761648,-0.536762,-0.070478,0.254012
479024820.000,Miguel,recording,knock_twice_left,9,0.618945,5.864258,7.378196,-0.512667,0.039466,0.286798
479024830.000,Miguel,recording,knock_twice_left,9,0.396441,5.783960,6.986889,-0.529546,0.151758,0.331609
479024840.000,Miguel,recording,knock_twice_left,9,0.673846,5.933155,6.649237,-0.590017,0.255108,0.387029
479024850.000,Miguel,recording,knock_twice_left,9,1.135368,6.050828,6.433324,-0.683634,0.324156,0.424475
479024860.000,Miguel,recording,knock_twice_left,9,1.368553,6.010573,6.701262,-0.789343,0.346405,0.406617
479024870.000,Miguel,recording,knock_twice_left,9,1.318502,5.791646,7.115281,-0.884980,0.331287,0.330072
479024880.000,Miguel,recording,knock_twice_left,9,0.918757,5.548782,7.551082,-0.951285,0.304085,0.225869
479024890.000,Miguel,recording,knock_twice_left,9,0.553565,5.350280,8.112862,-0.972394,0.296848,0.137332
479024900.000,Miguel,recording,knock_twice_left,9,0.243186,5.279351,8.517280,-0.944233,0.320840,0.098209
479024910.000,Miguel,recording,knock_twice_left,9,0.141448,5.304564,8.736011,-0.874933,0.357530,0.115011
479024920.000,Miguel,recording,knock_twice_left,9,0.287381,5.452847,8.853719,-0.784460,0.382580,0.169789
479024930.000,Miguel,recording,knock_twice_left,9,0.523341,5.545133,8.832138,-0.698769,0.379705,0.237936
479024940.000,Miguel,recording,knock_twice_left,10,0.706018,5.588692,8.650648,-0.638530,0.347847,0.304039
479024950.000,Miguel,recording,knock_twice_left,10,0.832246,5.752207,8.674491,-0.610759,0.293354,0.365825
479024960.000,Miguel,recording,knock_twice_left,10,0.761911,5.687870,8.929097,-0.605138,0.204016,0.426281
479024970.000,Miguel,recording,knock_twice_left,10,0.542613,5.589007,9.175098,-0.603063,0.067064,0.482542
479024980.000,Miguel,recording,knock_twice_left,10,0.417842,5.644952,9.558973,-0.595669,-0.103762,0.528413
479024990.000,Miguel,recording,knock_twice_left,10,0.215477,5.415983,9.567818,-0.592443,-0.284659,0.558697
479025000.000,Miguel,recording,knock_twice_left,10,0.240170,5.047332,9.200471,-0.617296,-0.468678,0.568710
479025010.000,Miguel,recording,knock_twice_left,10,0.544303,4.689648,8.824721,-0.699045,-0.680908,0.559419
479025020.000,Miguel,recording,knock_twice_left,10,0.727290,4.349355,8.267700,-0.852024,-0.950364,0.531429
479025030.000,Miguel,recording,knock_twice_left,10,0.924880,4.221821,7.826304,-1.059337,-1.264364,0.481931
479025040.000,Miguel,recording,knock_twice_left,10,1.338927,4.507051,7.844745,-1.284043,-1.569976,0.420857
479025050.000,Miguel,recording,knock_twice_left,10,1.841751,4.726976,7.974658,-1.494885,-1.801353,0.367145
479025060.000,Miguel,recording,knock_twice_left,10,2.206889,4.702144,8.175131,-1.678735,-1.903808,0.328783
479025070.000,Miguel,recording,knock_twice_left,10,2.534390,4.581608,8.359292,-1.836599,-1.849373,0.305696
479025080.000,Miguel,recording,knock_twice_left,10,2.679033,4.368841,8.491189,-1.967117,-1.637764,0.296537
479025090.000,Miguel,recording,knock_twice_left,10,2.489974,4.151941,8.805514,-2.057169,-1.286232,0.292538
479025100.000,Miguel,recording,knock_twice_left,10,2.174164,4.052218,9.320947,-2.083911,-0.813395,0.281065
479025110.000,Miguel,recording,knock_twice_left,10,2.026120,4.136782,10.304769,-2.021755,-0.236677,0.249184
479025120.000,Miguel,recording,knock_twice_left,10,2.025544,4.105964,10.979497,-1.863448,0.400027,0.193756
479025130.000,Miguel,recording,knock_twice_left,10,1.816854,3.746453,11.160166,-1.625668,1.014660,0.139718
479025140.000,Miguel,recording,knock_twice_left,10,1.554059,3.330693,10.976970,-1.342530,1.506694,0.130992
479025150.000,Miguel,recording,knock_twice_left,10,1.387634,2.792465,10.613739,-1.065896,1.783899,0.192315
479025160.000,Miguel,recording,knock_twice_left,10,0.976816,2.018580,10.242531,-0.828585,1.813414,0.301879
479025170.000,Miguel,recording,knock_twice_left,10,0.342754,1.781683,9.961348,-0.635661,1.610562,0.414008
479025180.000,Miguel,recording,knock_twice_left,10,0.347135,2.209987,9.811889,-0.491200,1.196656,0.498461
479025190.000,Miguel,recording,knock_twice_left,10,0.544886,1.964859,9.259276,-0.395477,0.632242,0.541745
479025200.000,Miguel,recording,knock_twice_left,10,0.332920,1.799618,8.812862,-0.324269,0.041673,0.533683
479025210.000,Miguel,recording,knock_twice_left,10,0.719418,1.999324,9.347868,-0.221612,-0.423634,0.465817
479025220.000,Miguel,recording,knock_twice_left,10,1.180737,2.272535,10.125744,-0.053094,-0.658111,0.342644
479025230.000,Miguel,recording,knock_twice_left,10,1.694616,2.206878,10.288417,0.155505,-0.657089,0.185739
479025240.000,Miguel,recording,knock_twice_left,10,2.120269,2.021572,9.960167,0.345428,-0.506616,0.019877
479025250.000,Miguel,recording,knock_twice_left,10,2.512629,1.840994,9.382759,0.461164,-0.315202,-0.142797
479025260.000,Miguel,recording,knock_twice_left,10,3.107877,1.688308,8.683554,0.477515,-0.141789,-0.310398
479025270.000,Miguel,recording,knock_twice_left,10,3.726873,1.543511,7.906136,0.392416,-0.001103,-0.491928
479025280.000,Miguel,recording,knock_twice_left,10,3.954013,1.467011,6.880163,0.200649,0.101903,-0.681879
479025290.000,Miguel,recording,knock_twice_left,10,3.813185,1.332180,6.233838,-0.107462,0.180646,-0.868337
479025300.000,Miguel,recording,knock_twice_left,10,3.462965,1.321465,6.236526,-0.521457,0.272578,-1.065739
479025310.000,Miguel,recording,knock_twice_left,10,3.116254,1.384641,6.748890,-0.983526,0.416489,-1.321965
479025320.000,Miguel,recording,knock_twice_left,10,2.107042,2.021778,7.841560,-1.324298,0.648001,-1.583761
479025330.000,Miguel,recording,knock_twice_left,10,0.004744,3.215219,10.989543,-1.283234,0.940737,-1.648739
479025340.000,Miguel,recording,knock_twice_left,10,-0.649039,2.738406,12.768791,-0.869313,1.029611,-1.403800
479025350.000,Miguel,recording,knock_twice_left,10,-0.715142,2.176823,12.908165,-0.336550,0.749332,-0.933774
479025360.000,Miguel,recording,knock_twice_left,10,-0.531923,2.639103,12.860051,0.189933,0.405687,-0.417966
479025370.000,Miguel,recording,knock_twice_left,10,-0.240647,2.499121,12.352780,0.668896,0.310326,-0.003402
479025380.000,Miguel,recording,knock_twice_left,10,0.507431,2.418677,10.628444,1.035733,0.405893,0.263707
479025390.000,Miguel,recording,knock_twice_left,10,1.083188,2.396520,9.391733,1.238075,0.475800,0.391011
479025400.000,Miguel,recording,knock_twice_left,10,1.578760,2.705177,8.726076,1.270217,0.400107,0.405938
479025410.000,Miguel,recording,knock_twice_left,10,1.496126,2.997928,8.301918,1.166467,0.195127,0.349396
479025420.000,Miguel,recording,knock_twice_left,10,1.254176,3.161672,7.920726,0.970424,-0.066626,0.263244
479025430.000,Miguel,recording,knock_twice_left,10,1.176989,3.220237,7.858933,0.727614,-0.306847,0.175685
479025440.000,Miguel,recording,knock_twice_left,10,1.207536,3.199168,8.476573,0.512383,-0.440181,0.104514
479025450.000,Miguel,recording,knock_twice_left,10,1.142834,2.955682,9.317028,0.397499,-0.425634,0.055529
479025460.000,Miguel,recording,knock_twice_left,10,0.915894,2.705480,9.674229,0.405431,-0.296079,0.028908
479025470.000,Miguel,recording,knock_twice_left,10,0.713324,2.932891,9.986204,0.514644,-0.117776,0.042684
479025480.000,Miguel,recording,knock_twice_left,10,0.142498,3.493762,10.219199,0.682052,0.024381,0.136506
479025490.000,Miguel,recording,knock_twice_left,10,-0.757431,4.233608,10.069628,0.859675,0.063925,0.336607
479025500.000,Miguel,recording,knock_twice_left,10,-1.125225,3.702460,9.098993,1.013801,0.039600,0.600471
479025510.000,Miguel,recording,knock_twice_left,10,-0.242406,3.534562,8.782588,1.144316,0.054947,0.826298
479025520.000,Miguel,recording,knock_twice_left,10,1.354843,2.929648,8.458706,1.255389,0.143691,0.945271
479025530.000,Miguel,recording,knock_twice_left,10,1.738453,4.098689,8.603946,1.321321,0.269761,0.957816
479025540.000,Miguel,recording,knock_twice_left,10,2.414485,2.950037,7.868417,1.334672,0.398921,0.875889
479025550.000,Miguel,recording,knock_twice_left,10,2.372131,2.783318,8.361968,1.322694,0.470060,0.714212
479025560.000,Miguel,recording,knock_twice_left,10,2.656356,2.631551,8.945613,1.327087,0.442202,0.492737
479025570.000,Miguel,recording,knock_twice_left,10,2.712281,2.650629,9.856120,1.388132,0.349026,0.224853
479025580.000,Miguel,recording,knock_twice_left,10,2.518786,2.704647,10.117282,1.508401,0.229506,-0.069352
479025590.000,Miguel,recording,knock_twice_left,10,2.115898,2.717535,9.814848,1.664397,0.108124,-0.366345
479025600.000,Miguel,recording,knock_twice_left,10,1.755373,2.856549,9.275590,1.830925,0.010667,-0.645007
479025610.000,Miguel,recording,knock_twice_left,10,1.557211,3.574777,8.612245,1.913043,-0.004123,-0.877179
479025620.000,Miguel,recording,knock_twice_left,10,1.691166,7.106535,6.058803,1.730696,0.147933,-0.997786
479025630.000,Miguel,recording,knock_twice_left,10,0.873152,8.233838,4.528992,1.311580,0.434430,-0.928802
479025640.000,Miguel,recording,knock_twice_left,10,-0.458042,6.909459,5.720677,0.915997,0.687749,-0.673197
479025650.000,Miguel,recording,knock_twice_left,10,-1.096755,6.122274,7.064234,0.681507,0.782345,-0.331943
479025660.000,Miguel,recording,knock_twice_left,10,-0.913335,5.777978,7.727867,0.589663,0.714415,-0.014508
479025670.000,Miguel,recording,knock_twice_left,10,-0.718633,5.394405,8.868659,0.603310,0.533141,0.217831
479025680.000,Miguel,recording,knock_twice_left,10,0.152604,5.327564,8.818875,0.664295,0.291032,0.336705
479025690.000,Miguel,recording,knock_twice_left,10,0.859205,5.546888,8.795485,0.716283,0.033311,0.346742
479025700.000,Miguel,recording,knock_twice_left,10,1.084953,5.472815,8.698370,0.742243,-0.215896,0.289548
479025710.000,Miguel,recording,knock_twice_left,10,0.856499,5.465833,8.412321,0.741253,-0.439507,0.214367
479025720.000,Miguel,recording,knock_twice_left,10,0.427666,5.593592,8.380161,0.738097,-0.638595,0.157927
479025730.000,Miguel,recording,knock_twice_left,10,0.182682,5.738458,8.425734,0.771015,-0.837816,0.145213
479025740.000,Miguel,recording,knock_twice_left,10,-0.017065,5.960854,8.333539,0.851862,-1.064901,0.189836
479025750.000,Miguel,recording,knock_twice_left,10,0.008359,5.931211,8.157264,0.969918,-1.323996,0.279214
479025760.000,Miguel,recording,knock_twice_left,10,0.363732,5.832421,7.940767,1.101271,-1.583576,0.371498
479025770.000,Miguel,recording,knock_twice_left,10,0.964274,5.685930,7.544401,1.194272,-1.736913,0.418550
479025780.000,Miguel,recording,knock_twice_left,10,1.661951,5.759726,6.950075,1.170943,-1.594195,0.390098
479025790.000,Miguel,recording,knock_twice_left,10,2.414562,5.982915,6.076219,1.017953,-1.114565,0.274960
479025800.000,Miguel,recording,knock_twice_left,10,2.689976,6.077126,6.435428,0.839355,-0.557550,0.090672
479025810.000,Miguel,recording,knock_twice_left,10,2.426214,5.961636,6.937004,0.733449,-0.199432,-0.105112
479025820.000,Miguel,recording,knock_twice_left,10,1.788044,5.945942,7.406174,0.718428,-0.081968,-0.255762
479025830.000,Miguel,recording,knock_twice_left,10,1.335465,5.955429,7.779424,0.768530,-0.094386,-0.343464
479025840.000,Miguel,recording,knock_twice_left,10,0.935866,6.148830,7.781752,0.848431,-0.127580,-0.374063
479025850.000,Miguel,recording,knock_twice_left,10,0.834566,6.258871,7.623414,0.935295,-0.132116,-0.355452
479025860.000,Miguel,recording,knock_twice_left,10,0.926388,6.431141,7.200302,1.002688,-0.099690,-0.300731
479025870.000,Miguel,recording,knock_twice_left,10,1.156545,6.575873,6.661800,1.019353,-0.043761,-0.235555
479025880.000,Miguel,recording,knock_twice_left,10,1.416593,6.562802,6.159224,0.971572,0.017040,-0.183746
479025890.000,Miguel,recording,knock_twice_left,10,1.669565,6.555974,5.837774,0.866397,0.064250,-0.158420
479025900.000,Miguel,recording,knock_twice_left,10,1.790173,6.656794,5.571682,0.724601,0.082428,-0.160375
479025910.000,Miguel,recording,knock_twice_left,10,1.626708,6.787329,5.402743,0.570758,0.084720,-0.173451
479025920.000,Miguel,recording,knock_twice_left,10,1.196039,7.024259,5.688726,0.424315,0.105698,-0.178474
479025930.000,Miguel,recording,knock_twice_left,10,0.846346,7.173228,5.972836,0.296789,0.163190,-0.163302
479025940.000,Miguel,recording,knock_twice_left,10,0.650642,7.141922,6.312903,0.199283,0.241057,-0.121546
479025950.000,Miguel,recording,knock_twice_left,10,0.757421,6.972464,6.567481,0.139561,0.304311,-0.060036
479025960.000,Miguel,recording,knock_twice_left,10,0.977109,6.877300,6.746869,0.113393,0.331737,0.000829
479025970.000,Miguel,recording,knock_twice_left,10,1.294637,6.845294,6.723538,0.107914,0.328183,0.040258
479025980.000,Miguel,recording,knock_twice_left,10,1.524101,6.820682,6.638077,0.108567,0.312840,0.047691
479025990.000,Miguel,recording,knock_twice_left,10,1.610269,6.803461,6.545661,0.105562,0.302206,0.023949
479026000.000,Miguel,recording,knock_twice_left,10,1.626251,6.653587,6.489249,0.101018,0.299770,-0.026214
479026010.000,Miguel,recording,knock_twice_left,10,1.516747,6.502021,6.652838,0.106687,0.300009,-0.097129
479026020.000,Miguel,recording,knock_twice_left,10,1.335536,6.534303,6.866628,0.129074,0.295104,-0.177063
479026030.000,Miguel,recording,knock_twice_left,10,1.323787,6.489023,6.991766,0.165558,0.285016,-0.256427
479026040.000,Miguel,recording,knock_twice_left,10,1.475218,6.361059,7.070924,0.206337,0.274242,-0.341312
479026050.000,Miguel,recording,knock_twice_left,10,1.619100,6.230209,6.922796,0.233222,0.259050,-0.442218
479026060.000,Miguel,recording,knock_twice_left,10,1.756726,6.301969,6.573648,0.222156,0.234015,-0.556329
479026070.000,Miguel,recording,knock_twice_left,10,1.802354,6.542236,6.192573,0.157199,0.201179,-0.666873
479026080.000,Miguel,recording,knock_twice_left,10,1.659039,6.854992,5.886690,0.048065,0.159106,-0.749509
479026090.000,Miguel,recording,knock_twice_left,10,1.361576,6.970943,5.876086,-0.069812,0.102489,-0.785035
479026100.000,Miguel,recording,knock_twice_left,10,1.030665,6.952675,6.346001,-0.148663,0.048637,-0.775755
479026110.000,Miguel,recording,knock_twice_left,10,0.750748,6.842785,6.931090,-0.156304,0.024951,-0.741435
479026120.000,Miguel,recording,knock_twice_left,10,0.676345,6.846241,7.373653,-0.093392,0.037867,-0.702002
479026130.000,Miguel,recording,knock_twice_left,10,0.680597,6.871354,7.546367,0.017817,0.082680,-0.673987
479026140.000,Miguel,recording,knock_twice_left,10,0.634462,6.801863,7.625165,0.147131,0.155161,-0.662972
479026150.000,Miguel,recording,knock_twice_left,10,0.462743,7.033589,7.442218,0.260493,0.228223,-0.650499
479026160.000,Miguel,recording,knock_twice_left,10,0.113180,7.437158,7.194736,0.331731,0.241595,-0.608449
479026170.000,Miguel,recording,knock_twice_left,10,-0.340908,7.762343,7.066362,0.355022,0.151787,-0.525306
479026180.000,Miguel,recording,knock_twice_left,10,-0.757338,7.806611,6.951498,0.334778,-0.024431,-0.412951
479026190.000,Miguel,recording,knock_twice_left,10,-0.868729,7.648554,6.695172,0.274916,-0.231551,-0.290899
479026200.000,Miguel,recording,knock_twice_left,10,-0.655047,7.499773,6.667341,0.193947,-0.420108,-0.174324
479026210.000,Miguel,recording,knock_twice_left,10,-0.318853,7.414764,6.663440,0.126556,-0.554084,-0.076629
479026220.000,Miguel,recording,knock_twice_left,10,0.088890,7.475986,6.697118,0.095033,-0.600057,-0.011112
479026230.000,Miguel,recording,knock_twice_left,10,0.482404,7.478451,6.822400,0.102775,-0.538495,0.012492
479026240.000,Miguel,recording,knock_twice_left,10,0.753576,7.384092,6.903426,0.146584,-0.382711,-0.005327
479026250.000,Miguel,recording,knock_twice_left,10,0.864530,7.318171,6.974630,0.215317,-0.176069,-0.050844
479026260.000,Miguel,recording,knock_twice_left,10,0.762009,7.401459,6.902511,0.289430,0.028308,-0.101351
479026270.000,Miguel,recording,knock_twice_left,10,0.450367,7.494810,6.946339,0.357013,0.187211,-0.136449
479026280.000,Miguel,recording,knock_twice_left,10,0.036422,7.464211,7.050318,0.420734,0.288855,-0.146492
479026290.000,Miguel,recording,knock_twice_left,10,-0.164294,7.471343,7.147148,0.484386,0.355234,-0.134879
479026300.000,Miguel,recording,knock_twice_left,10,-0.225734,7.490818,7.202680,0.546287,0.404786,-0.114124
479026310.000,Miguel,recording,knock_twice_left,10,-0.246013,7.558745,7.172562,0.601880,0.432996,-0.092774
479026320.000,Miguel,recording,knock_twice_left,10,-0.274330,7.623205,6.953749,0.638731,0.430805,-0.073197
479026330.000,Miguel,recording,knock_twice_left,10,-0.358176,7.708701,6.624558,0.642586,0.399028,-0.058479
479026340.000,Miguel,recording,knock_twice_left,10,-0.359312,7.781081,6.378774,0.611346,0.343769,-0.046807
479026350.000,Miguel,recording,knock_twice_left,10,-0.442164,7.939789,6.231022,0.556211,0.269432,-0.027315
479026360.000,Miguel,recording,knock_twice_left,10,-0.502395,8.043904,6.122001,0.493524,0.185353,0.009600
479026370.000,Miguel,recording,knock_twice_left,10,-0.558855,8.156031,6.075887,0.434427,0.107988,0.061857
479026380.000,Miguel,recording,knock_twice_left,10,-0.659403,8.198409,6.090039,0.385931,0.052052,0.123022
479026390.000,Miguel,recording,knock_twice_left,10,-0.644294,8.106509,6.146377,0.356077,0.026739,0.188164
479026400.000,Miguel,recording,knock_twice_left,10,-0.526306,8.014722,6.284077,0.351362,0.040440,0.248784
479026410.000,Miguel,recording,knock_twice_left,10,-0.412717,7.931568,6.406914,0.371291,0.092125,0.298287
479026420.000,Miguel,recording,knock_twice_left,10,-0.323387,7.889435,6.339807,0.408010,0.164185,0.338673
479026430.000,Miguel,recording,knock_twice_left,10,-0.182543,7.793372,6.126587,0.450226,0.244599,0.376770
479026440.000,Miguel,recording,knock_twice_left,10,-0.076634,7.796686,5.739093,0.481288,0.348787,0.414617
479026450.000,Miguel,recording,knock_twice_left,10,-0.030231,7.905968,5.229707,0.483060,0.499438,0.450585
479026460.000,Miguel,recording,knock_twice_left,10,-0.019374,7.997460,5.028358,0.454310,0.683404,0.484320
479026470.000,Miguel,recording,knock_twice_left,10,-0.024357,7.911005,5.111516,0.413209,0.852707,0.515999
479026480.000,Miguel,recording,knock_twice_left,10,0.090981,7.683655,5.379107,0.376347,0.972081,0.543780
479026490.000,Miguel,recording,knock_twice_left,10,0.423452,7.403193,5.704075,0.353278,1.035898,0.559440
479026500.000,Miguel,recording,knock_twice_left,10,0.812621,7.257004,6.074598,0.354476,1.043086,0.551593
479026510.000,Miguel,recording,knock_twice_left,10,1.201435,7.141190,6.323565,0.387852,0.995334,0.513507
479026520.000,Miguel,recording,knock_twice_left,10,1.531314,7.119756,6.465348,0.452634,0.912256,0.445101
479026530.000,Miguel,recording,knock_twice_left,10,1.531636,7.295183,6.423850,0.531696,0.815742,0.356611
479026540.000,Miguel,recording,knock_twice_left,10,1.177800,7.556603,5.963028,0.592449,0.706120,0.268895
479026550.000,Miguel,recording,knock_twice_left,10,0.778135,7.682434,5.493867,0.609827,0.581286,0.196754
479026560.000,Miguel,recording,knock_twice_left,10,0.421668,7.803099,5.207575,0.582784,0.454082,0.142797
479026570.000,Miguel,recording,knock_twice_left,10,0.209629,7.821964,5.004780,0.523336,0.329830,0.107413
479026580.000,Miguel,recording,knock_twice_left,10,0.185047,7.913443,4.729872,0.433553,0.208813,0.086930
479026590.000,Miguel,recording,knock_twice_left,10,0.306930,8.124776,4.495594,0.311087,0.105119,0.072795
479026600.000,Miguel,recording,knock_twice_left,10,0.344707,8.320576,4.631796,0.180235,0.029682,0.063158
479026610.000,Miguel,recording,knock_twice_left,10,0.266003,8.404429,5.070969,0.077267,-0.033315,0.060226
479026620.000,Miguel,recording,knock_twice_left,10,0.214543,8.314537,5.446622,0.015257,-0.104133,0.060540
479026630.000,Miguel,recording,knock_twice_left,10,0.193387,8.254382,5.629061,-0.012276,-0.183223,0.057393
479026640.000,Miguel,recording,knock_twice_left,10,0.137965,8.252357,5.701268,-0.011354,-0.263395,0.050308
479026650.000,Miguel,recording,knock_twice_left,10,0.037770,8.206208,5.777737,0.013315,-0.331767,0.044189
479026660.000,Miguel,recording,knock_twice_left,10,0.153974,8.193849,5.515088,0.045979,-0.367474,0.038077
479026670.000,Miguel,recording,knock_twice_left,10,0.244148,8.268912,5.339542,0.070251,-0.365921,0.025764
479026680.000,Miguel,recording,knock_twice_left,10,0.084318,8.199852,5.263501,0.084356,-0.350720,0.009428
479026690.000,Miguel,recording,knock_twice_left,10,0.032225,8.086597,5.209579,0.090930,-0.341486,-0.003256
479026700.000,Miguel,recording,knock_twice_left,10,0.150309,8.083134,5.158520,0.090368,-0.332689,-0.013885
479026710.000,Miguel,recording,knock_twice_left,10,0.270807,8.098998,5.105948,0.086078,-0.317158,-0.028234
479026720.000,Miguel,recording,knock_twice_left,10,0.469660,8.126119,5.041579,0.081328,-0.299660,-0.048080
479026730.000,Miguel,recording,knock_twice_left,10,0.600890,8.090556,5.042726,0.079197,-0.289285,-0.076710
479026740.000,Miguel,recording,knock_twice_left,10,0.594995,8.095556,5.117436,0.082789,-0.295314,-0.113537
479026750.000,Miguel,recording,knock_twice_left,10,0.474330,8.099820,5.087887,0.089580,-0.320250,-0.149565
479026760.000,Miguel,recording,knock_twice_left,10,0.406283,8.134676,4.979131,0.091010,-0.358327,-0.177735
479026770.000,Miguel,recording,knock_twice_left,10,0.343407,8.220880,4.745522,0.074489,-0.394129,-0.197051
479026780.000,Miguel,recording,knock_twice_left,10,0.315930,8.266957,4.530567,0.032120,-0.411759,-0.210354
479026790.000,Miguel,recording,knock_twice_left,10,0.325715,8.314002,4.548836,-0.025968,-0.409347,-0.218936
479026800.000,Miguel,recording,knock_twice_left,10,0.277097,8.234845,4.774148,-0.078948,-0.390898,-0.219237
479026810.000,Miguel,recording,knock_twice_left,10,0.186740,8.107149,5.080233,-0.111340,-0.362865,-0.208952
479026820.000,Miguel,recording,knock_twice_left,10,0.141240,8.072876,5.324642,-0.121534,-0.342127,-0.190963
479026830.000,Miguel,recording,knock_twice_left,10,0.091014,8.185191,5.443809,-0.120509,-0.347232,-0.167664
479026840.000,Miguel,recording,knock_twice_left,10,-0.012457,8.284755,5.304152,-0.121077,-0.385864,-0.134989
479026850.000,Miguel,recording,knock_twice_left,10,-0.123225,8.282739,5.126832,-0.132341,-0.448908,-0.088310
479026860.000,Miguel,recording,knock_twice_left,10,-0.085914,8.288819,4.775279,-0.163062,-0.509543,-0.032222
479026870.000,Miguel,recording,knock_twice_left,10,0.074019,8.342025,4.584579,-0.218249,-0.542414,0.022008
479026880.000,Miguel,recording,knock_twice_left,10,0.239542,8.288040,4.640385,-0.285586,-0.541924,0.066191
479026890.000,Miguel,recording,knock_twice_left,10,0.350502,8.153982,4.921734,-0.338706,-0.514944,0.095595
479026900.000,Miguel,recording,knock_twice_left,10,0.412736,8.000586,5.208504,-0.361888,-0.468498,0.110602
479026910.000,Miguel,recording,knock_twice_left,10,0.456390,7.980215,5.348110,-0.357327,-0.405178,0.117261
479026920.000,Miguel,recording,knock_twice_left,10,0.566045,7.975982,5.404450,-0.332946,-0.323666,0.117095
479026930.000,Miguel,recording,knock_twice_left,10,0.622014,7.995441,5.383509,-0.296782,-0.223619,0.110875
479026940.000,Miguel,recording,knock_twice_left,10,0.611995,7.972513,5.415402,-0.253697,-0.109588,0.105102
479026950.000,Miguel,recording,knock_twice_left,10,0.563615,8.007649,5.527352,-0.204520,0.005764,0.104603
479026960.000,Miguel,recording,knock_twice_left,10,0.492829,8.031738,5.637561,-0.154045,0.100563,0.109288
479026970.000,Miguel,recording,knock_twice_left,10,0.557193,8.064032,5.725363,-0.108392,0.156973,0.114167
479026980.000,Miguel,recording,knock_twice_left,10,0.638534,8.000340,5.888439,-0.067197,0.174188,0.111616
479026990.000,Miguel,recording,knock_twice_left,10,0.633160,7.920859,6.009182,-0.028615,0.158647,0.101344
479027000.000,Miguel,recording,knock_twice_left,10,0.610218,7.893029,5.965007,0.004373,0.114060,0.088799
479027010.000,Miguel,recording,knock_twice_left,10,0.643575,7.954813,5.772258,0.022785,0.048684,0.076590
479027020.000,Miguel,recording,knock_twice_left,10,0.631832,8.005535,5.564207,0.020346,-0.020584,0.066135
479027030.000,Miguel,recording,knock_twice_left,10,0.643658,8.014976,5.450502,0.002906,-0.081052,0.058372
479027040.000,Miguel,recording,knock_twice_left,10,0.579414,8.022134,5.519403,-0.017405,-0.132936,0.054807
479027050.000,Miguel,recording,knock_twice_left,10,0.448194,8.027327,5.586126,-0.033500,-0.178916,0.058871
479027060.000,Miguel,recording,knock_twice_left,10,0.454886,8.030633,5.577483,-0.043681,-0.211306,0.070592
479027070.000,Miguel,recording,knock_twice_left,10,0.395961,8.059346,5.591637,-0.046721,-0.221380,0.087234
479027080.000,Miguel,recording,knock_twice_left,10,0.473454,8.073606,5.564010,-0.040782,-0.207351,0.106797
479027090.000,Miguel,recording,knock_twice_left,10,0.595957,8.143090,5.523039,-0.027050,-0.166626,0.123092
479027100.000,Miguel,recording,knock_twice_left,10,0.816732,8.152196,5.443830,-0.008448,-0.100887,0.127560
479027110.000,Miguel,recording,knock_twice_left,10,0.900116,8.101085,5.495548,0.012962,-0.024923,0.116246
479027120.000,Miguel,recording,knock_twice_left,10,1.013456,8.001719,5.283549,0.028564,0.040923,0.088732
479027130.000,Miguel,recording,knock_twice_left,10,1.502270,7.770240,4.860385,0.022985,0.089679,0.039648
479027140.000,Miguel,recording,knock_twice_left,10,3.309038,7.485885,4.526431,-0.005314,0.149190,-0.058887
479027150.000,Miguel,recording,knock_twice_left,10,3.464357,7.558831,5.208221,-0.036927,0.244690,-0.222614
479027160.000,Miguel,recording,knock_twice_left,10,0.757205,7.960022,5.838329,-0.055687,0.298790,-0.364951
479027170.000,Miguel,recording,knock_twice_left,10,-0.419499,7.915655,5.728637,-0.064038,0.266277,-0.374223
479027180.000,Miguel,recording,knock_twice_left,10,-1.501873,8.325512,6.200888,-0.060079,0.212933,-0.250632
479027190.000,Miguel,recording,knock_twice_left,10,-1.727970,8.343370,6.502001,-0.028235,0.156838,-0.045125
479027200.000,Miguel,recording,knock_twice_left,10,-1.330847,7.983761,6.584752,0.030570,0.070874,0.180219
479027210.000,Miguel,recording,knock_twice_left,10,-0.258733,8.160567,6.150524,0.080090,-0.053897,0.339233
479027220.000,Miguel,recording,knock_twice_left,10,0.737275,7.859276,5.257495,0.078436,-0.180019,0.390453
479027230.000,Miguel,recording,knock_twice_left,10,1.414473,7.586788,4.825283,0.024821,-0.256157,0.348794
479027240.000,Miguel,recording,knock_twice_left,10,1.855571,7.814243,4.706931,-0.049647,-0.262522,0.247957
479027250.000,Miguel,recording,knock_twice_left,10,1.713013,8.270856,4.985561,-0.108289,-0.209015,0.135737
479027260.000,Miguel,recording,knock_twice_left,10,1.129806,8.399715,5.570648,-0.115761,-0.126789,0.059115
479027270.000,Miguel,recording,knock_twice_left,10,0.610498,7.905467,6.056185,-0.060388,-0.032103,0.036116
479027280.000,Miguel,recording,knock_twice_left,10,0.718910,7.684303,6.279309,0.033409,0.057856,0.042781
479027290.000,Miguel,recording,knock_twice_left,10,2.006198,7.382014,5.756978,0.120623,0.102320,0.017813
479027300.000,Miguel,recording,knock_twice_left,10,3.280858,7.351231,5.318911,0.150876,0.101642,-0.103091
479027310.000,Miguel,recording,knock_twice_left,10,2.334684,7.700882,4.701320,0.092856,0.075531,-0.287662
479027320.000,Miguel,recording,knock_twice_left,10,1.286881,7.622585,4.402225,-0.029210,0.058803,-0.424408
479027330.000,Miguel,recording,knock_twice_left,10,-0.058217,8.143600,5.073113,-0.145006,0.088561,-0.450040
479027340.000,Miguel,recording,knock_twice_left,10,-0.921830,8.530586,5.864691,-0.196138,0.135269,-0.360819
479027350.000,Miguel,recording,knock_twice_left,10,-1.359408,8.404474,6.353382,-0.174488,0.164080,-0.190319
479027360.000,Miguel,recording,knock_twice_left,10,-1.176636,8.328790,6.563759,-0.108191,0.166752,0.000996
479027370.000,Miguel,recording,knock_twice_left,10,-0.583512,8.186135,6.400048,-0.031792,0.137483,0.162700
479027380.000,Miguel,recording,knock_twice_left,10,0.127589,8.009494,6.039399,0.025056,0.076412,0.267603
479027390.000,Miguel,recording,knock_twice_left,10,0.944046,7.797510,5.544349,0.040499,-0.003056,0.303481
479027400.000,Miguel,recording,knock_twice_left,10,1.524833,7.728966,5.023858,0.004135,-0.073452,0.267889
479027410.000,Miguel,recording,knock_twice_left,10,2.051041,7.874103,4.648987,-0.075837,-0.109200,0.174185
479027420.000,Miguel,recording,knock_twice_left,10,2.047677,7.919348,4.721586,-0.168428,-0.102639,0.054483
479027430.000,Miguel,recording,knock_twice_left,10,1.672878,7.929023,5.150120,-0.237001,-0.056184,-0.054831
479027440.000,Miguel,recording,knock_twice_left,10,1.017198,7.876698,5.753337,-0.259623,0.017489,-0.127726
479027450.000,Miguel,recording,knock_twice_left,10,0.468520,7.784497,6.189612,-0.233154,0.096957,-0.155802
479027460.000,Miguel,recording,knock_twice_left,10,0.258807,7.766441,6.419284,-0.168922,0.165732,-0.149994
479027470.000,Miguel,recording,knock_twice_left,10,0.254704,7.789306,6.488985,-0.086979,0.213204,-0.130898
479027480.000,Miguel,recording,knock_twice_left,10,0.339721,7.848209,6.297956,-0.010324,0.235032,-0.110374
479027490.000,Miguel,recording,knock_twice_left,10,0.534977,7.979275,5.952152,0.039563,0.238897,-0.093374
479027500.000,Miguel,recording,knock_twice_left,10,0.564963,8.124424,5.736374,0.053220,0.228214,-0.083652
479027510.000,Miguel,recording,knock_twice_left,10,0.479855,8.108574,5.639854,0.037990,0.194772,-0.075517
479027520.000,Miguel,recording,knock_twice_left,10,0.393664,8.032608,5.542638,0.006159,0.141976,-0.060571
479027530.000,Miguel,recording,knock_twice_left,10,0.412858,8.023769,5.490580,-0.034805,0.087012,-0.043350
479027540.000,Miguel,recording,knock_twice_left,10,0.473027,8.025019,5.395779,-0.082179,0.046042,-0.032713
479027550.000,Miguel,recording,knock_twice_left,10,0.481408,8.004685,5.358845,-0.129919,0.030213,-0.028817
479027560.000,Miguel,recording,knock_twice_left,10,0.441647,7.893169,5.461540,-0.164519,0.040611,-0.025734
479027570.000,Miguel,recording,knock_twice_left,10,0.376004,7.843959,5.715135,-0.173572,0.063666,-0.018482
479027580.000,Miguel,recording,knock_twice_left,10,0.381930,7.791056,5.925832,-0.154740,0.084109,-0.009604
479027590.000,Miguel,recording,knock_twice_left,10,0.432952,7.761359,5.957062,-0.115749,0.096741,-0.004729
479027600.000,Miguel,recording,knock_twice_left,10,0.494697,7.747022,5.880795,-0.071032,0.101410,-0.005344
479027610.000,Miguel,recording,knock_twice_left,10,0.462011,7.766742,5.788861,-0.033636,0.098577,-0.007968
479027620.000,Miguel,recording,knock_twice_left,10,0.288818,7.751543,5.801402,-0.006110,0.086459,-0.005032
479027630.000,Miguel,recording,knock_twice_left,10,0.098501,7.703594,5.874293,0.014870,0.063067,0.009134
479027640.000,Miguel,recording,knock_twice_left,10,0.164720,7.740388,5.804761,0.030093,0.031961,0.028682
479027650.000,Miguel,recording,knock_twice_left,10,0.359395,7.792901,5.660018,0.036377,0.003832,0.042051
479027660.000,Miguel,recording,knock_twice_left,10,0.497539,7.858023,5.490588,0.027820,-0.008338,0.046001
479027670.000,Miguel,recording,knock_twice_left,10,0.460314,7.920240,5.421112,0.004769,0.001087,0.046741
479027680.000,Miguel,recording,knock_twice_left,10,0.366695,7.924927,5.450377,-0.023514,0.022605,0.053345
479027690.000,Miguel,recording,knock_twice_left,10,0.339189,7.927574,5.555221,-0.047226,0.040406,0.065658
479027700.000,Miguel,recording,knock_twice_left,10,0.466615,7.931989,5.661230,-0.063780,0.049120,0.075212
479027710.000,Miguel,recording,knock_twice_left,10,0.552105,7.908664,5.685632,-0.079193,0.052237,0.078635
479027720.000,Miguel,recording,knock_twice_left,10,0.526461,7.924904,5.697096,-0.099981,0.051807,0.079821
479027730.000,Miguel,recording,knock_twice_left,10,0.521241,7.895933,5.776143,-0.122457,0.047214,0.082594
479027740.000,Miguel,recording,knock_twice_left,10,0.450734,7.850953,6.044207,-0.130885,0.034034,0.088262
479027750.000,Miguel,recording,knock_twice_left,10,0.374707,7.752268,6.278134,-0.114204,0.004579,0.096284
479027760.000,Miguel,recording,knock_twice_left,10,0.506488,7.767613,6.340469,-0.079244,-0.032235,0.101338
479027770.000,Miguel,recording,knock_twice_left,10,0.629307,7.786235,6.260037,-0.039949,-0.054822,0.097761
479027780.000,Miguel,recording,knock_twice_left,10,0.689447,7.818472,6.085310,-0.007107,-0.054829,0.087226
479027790.000,Miguel,recording,knock_twice_left,10,0.711983,7.812155,5.946588,0.014864,-0.036134,0.075984
479027800.000,Miguel,recording,knock_twice_left,10,0.731610,7.829874,5.871147,0.027919,-0.006200,0.066993
479027810.000,Miguel,recording,knock_twice_left,10,0.672699,7.863242,5.785196,0.033980,0.021220,0.060612
479027820.000,Miguel,recording,knock_twice_left,10,0.680134,7.836350,5.720382,0.030343,0.033030,0.053833
479027830.000,Miguel,recording,knock_twice_left,10,0.665348,7.818763,5.638382,0.012232,0.027041,0.044607
479027840.000,Miguel,recording,knock_twice_left,10,0.665795,7.863843,5.583871,-0.019428,0.005038,0.036470
479027850.000,Miguel,recording,knock_twice_left,10,0.697524,7.837503,5.631670,-0.054189,-0.025855,0.030236
479027860.000,Miguel,recording,knock_twice_left,10,0.728265,7.815155,5.710561,-0.077828,-0.052641,0.023947
479027870.000,Miguel,recording,knock_twice_left,10,0.673179,7.774702,5.865844,-0.083086,-0.069663,0.020357
479027880.000,Miguel,recording,knock_twice_left,10,0.653452,7.768134,5.892188,-0.072246,-0.077861,0.020834
479027890.000,Miguel,recording,knock_twice_left,10,0.684020,7.708911,5.906606,-0.055631,-0.077648,0.019731
479027900.000,Miguel,recording,knock_twice_left,10,0.661434,7.772018,5.805887,-0.046093,-0.069958,0.014703
479027910.000,Miguel,recording,knock_twice_left,10,0.583436,7.794254,5.707591,-0.050257,-0.055983,0.011819
479027920.000,Miguel,recording,knock_twice_left,10,0.505540,7.833394,5.724161,-0.064692,-0.038845,0.017457
479027930.000,Miguel,recording,knock_twice_left,10,0.395530,7.857415,5.852501,-0.080986,-0.027474,0.032894
479027940.000,Miguel,recording,knock_twice_left,10,0.399291,7.811817,5.903298,-0.097642,-0.032381,0.054454
479027950.000,Miguel,recording,knock_twice_left,10,0.505227,7.774486,5.936071,-0.116062,-0.056427,0.073452
479027960.000,Miguel,recording,knock_twice_left,10,0.647680,7.712452,6.034053,-0.132242,-0.095165,0.081388
479027970.000,Miguel,recording,knock_twice_left,10,0.765012,7.646609,6.085654,-0.140021,-0.139390,0.075593
479027980.000,Miguel,recording,knock_twice_left,11,0.864276,7.628284,6.134990,-0.135387,-0.177560,0.057659
479027990.000,Miguel,recording,knock_twice_left,11,0.871518,7.645377,6.118474,-0.118197,-0.201401,0.032364
479028000.000,Miguel,recording,knock_twice_left,11,0.834976,7.642170,6.048424,-0.092411,-0.204969,0.008253
479028010.000,Miguel,recording,knock_twice_left,11,0.752947,7.688701,5.930276,-0.066997,-0.184929,-0.009484
479028020.000,Miguel,recording,knock_twice_left,11,0.755559,7.726588,5.798524,-0.049826,-0.143959,-0.020305
479028030.000,Miguel,recording,knock_twice_left,11,0.674168,7.758477,5.759735,-0.041767,-0.089717,-0.023807
479028040.000,Miguel,recording,knock_twice_left,11,0.506726,7.749842,5.881226,-0.037499,-0.036328,-0.018802
479028050.000,Miguel,recording,knock_twice_left,11,0.397887,7.727912,5.897492,-0.032129,0.000681,-0.004471
479028060.000,Miguel,recording,knock_twice_left,11,0.519314,7.714946,5.916504,-0.026004,0.022563,0.012176
479028070.000,Miguel,recording,knock_twice_left,11,0.697633,7.748981,5.877515,-0.020471,0.037789,0.022037
479028080.000,Miguel,recording,knock_twice_left,11,0.725719,7.757098,5.851399,-0.015497,0.041834,0.023491
479028090.000,Miguel,recording,knock_twice_left,11,0.780642,7.724614,5.797420,-0.013071,0.031132,0.018293
479028100.000,Miguel,recording,knock_twice_left,11,0.815138,7.744152,5.771205,-0.017951,0.015557,0.008363
479028110.000,Miguel,recording,knock_twice_left,11,0.811413,7.835299,5.744835,-0.030481,0.006130,-0.001641
479028120.000,Miguel,recording,knock_twice_left,11,0.783958,7.981686,5.780314,-0.045482,0.004505,-0.005316
479028130.000,Miguel,recording,knock_twice_left,11,0.839495,8.088625,5.865248,-0.059048,0.008578,-0.001969
479028140.000,Miguel,recording,knock_twice_left,11,0.856556,8.076704,5.970517,-0.068016,0.013123,0.002546
479028150.000,Miguel,recording,knock_twice_left,11,0.885887,8.001458,6.057363,-0.070164,0.006591,0.002739
479028160.000,Miguel,recording,knock_twice_left,11,1.017314,7.980421,6.089580,-0.067209,-0.015857,-0.004431
479028170.000,Miguel,recording,knock_twice_left,11,1.163146,7.963439,6.107282,-0.060056,-0.047419,-0.022407
479028180.000,Miguel,recording,knock_twice_left,11,1.167447,7.881234,6.161665,-0.045199,-0.079679,-0.049578
479028190.000,Miguel,recording,knock_twice_left,11,1.031949,7.780011,6.168834,-0.018998,-0.108319,-0.077057
479028200.000,Miguel,recording,knock_twice_left,11,0.904099,7.675287,6.099978,0.014316,-0.129496,-0.098265
479028210.000,Miguel,recording,knock_twice_left,11,0.744352,7.633610,5.971555,0.044221,-0.138831,-0.112157
479028220.000,Miguel,recording,knock_twice_left,11,0.552562,7.570681,5.838840,0.064920,-0.138924,-0.114506
479028230.000,Miguel,recording,knock_twice_left,11,0.405256,7.539245,5.756837,0.078594,-0.143995,-0.099690
479028240.000,Miguel,recording,knock_twice_left,11,0.393960,7.540316,5.712187,0.087789,-0.171521,-0.072975
479028250.000,Miguel,recording,knock_twice_left,11,0.672662,7.672121,5.483351,0.088429,-0.220058,-0.049582
479028260.000,Miguel,recording,knock_twice_left,11,0.993311,7.758853,5.214224,0.072608,-0.269028,-0.044186
479028270.000,Miguel,recording,knock_twice_left,11,1.179126,7.755178,5.061751,0.039656,-0.303171,-0.061552
479028280.000,Miguel,recording,knock_twice_left,11,1.135072,7.759563,5.086222,0.001103,-0.319486,-0.092377
479028290.000,Miguel,recording,knock_twice_left,11,0.950131,7.741056,5.208621,-0.031946,-0.317189,-0.121587
479028300.000,Miguel,recording,knock_twice_left,11,0.817156,7.697697,5.357697,-0.054608,-0.298739,-0.141372
479028310.000,Miguel,recording,knock_twice_left,11,0.717170,7.738967,5.504124,-0.064701,-0.277523,-0.149507
479028320.000,Miguel,recording,knock_twice_left,11,0.640896,7.755332,5.640771,-0.062623,-0.268675,-0.144111
479028330.000,Miguel,recording,knock_twice_left,11,0.589422,7.770244,5.696614,-0.049753,-0.280205,-0.125551
479028340.000,Miguel,recording,knock_twice_left,11,0.685223,7.783335,5.719929,-0.034084,-0.310703,-0.102712
479028350.000,Miguel,recording,knock_twice_left,11,0.901062,7.891944,5.568282,-0.030101,-0.345821,-0.089449
479028360.000,Miguel,recording,knock_twice_left,11,1.117081,7.911800,5.430296,-0.046216,-0.366875,-0.092095
479028370.000,Miguel,recording,knock_twice_left,11,1.199102,7.874549,5.422342,-0.076495,-0.366231,-0.108753
479028380.000,Miguel,recording,knock_twice_left,11,1.184165,7.809945,5.613840,-0.106307,-0.350220,-0.134593
479028390.000,Miguel,recording,knock_twice_left,11,1.102534,7.780246,5.808071,-0.128506,-0.325317,-0.162830
479028400.000,Miguel,recording,knock_twice_left,11,0.947091,7.801811,5.985481,-0.142836,-0.293093,-0.186521
479028410.000,Miguel,recording,knock_twice_left,11,0.684118,7.762835,6.241548,-0.144067,-0.257607,-0.197997
479028420.000,Miguel,recording,knock_twice_left,11,0.482481,7.721214,6.564989,-0.125135,-0.225080,-0.191273
479028430.000,Miguel,recording,knock_twice_left,11,0.434633,7.711084,6.752668,-0.085283,-0.198501,-0.170234
479028440.000,Miguel,recording,knock_twice_left,11,0.531830,7.714443,6.825742,-0.032012,-0.176912,-0.145017
479028450.000,Miguel,recording,knock_twice_left,11,0.712470,7.834713,6.679359,0.019197,-0.158578,-0.122748
479028460.000,Miguel,recording,knock_twice_left,11,0.855489,7.943830,6.483199,0.051742,-0.140070,-0.106969
479028470.000,Miguel,recording,knock_twice_left,11,0.919861,7.892774,6.377774,0.061800,-0.115022,-0.098102
479028480.000,Miguel,recording,knock_twice_left,11,0.943747,7.780976,6.489862,0.063669,-0.082737,-0.092166
479028490.000,Miguel,recording,knock_twice_left,11,0.809231,7.711626,6.698112,0.074598,-0.056634,-0.083169
479028500.000,Miguel,recording,knock_twice_left,11,0.764371,7.689054,6.746121,0.098257,-0.048997,-0.069717
479028510.000,Miguel,recording,knock_twice_left,11,0.873880,7.649935,6.797086,0.131556,-0.046735,-0.060162
479028520.000,Miguel,recording,knock_twice_left,11,0.949332,7.579003,6.854503,0.174888,-0.026614,-0.059474
479028530.000,Miguel,recording,knock_twice_left,11,0.955378,7.492163,6.780236,0.228788,0.016355,-0.062625
479028540.000,Miguel,recording,knock_twice_left,11,1.053960,7.506854,6.692577,0.288725,0.078211,-0.069699
479028550.000,Miguel,recording,knock_twice_left,11,1.148147,7.525338,6.569676,0.348197,0.154022,-0.085322
479028560.000,Miguel,recording,knock_twice_left,11,1.197786,7.507750,6.436225,0.404332,0.233337,-0.108960
479028570.000,Miguel,recording,knock_twice_left,11,1.228623,7.420288,6.322292,0.457407,0.307532,-0.139133
479028580.000,Miguel,recording,knock_twice_left,11,1.178621,7.348320,6.185360,0.503802,0.370456,-0.173902
479028590.000,Miguel,recording,knock_twice_left,11,1.015595,7.316223,5.936017,0.532684,0.413366,-0.207556
479028600.000,Miguel,recording,knock_twice_left,11,0.774926,7.257209,5.597044,0.530852,0.430216,-0.232977
479028610.000,Miguel,recording,knock_twice_left,11,0.615061,7.276486,5.203101,0.488516,0.426497,-0.246966
479028620.000,Miguel,recording,knock_twice_left,11,0.515705,7.467687,4.798250,0.404386,0.413978,-0.249154
479028630.000,Miguel,recording,knock_twice_left,11,0.399725,7.649009,4.445839,0.283821,0.395870,-0.236961
479028640.000,Miguel,recording,knock_twice_left,11,0.226365,7.806954,4.355040,0.143752,0.362164,-0.207778
479028650.000,Miguel,recording,knock_twice_left,11,0.006958,7.821156,4.673163,0.012145,0.294695,-0.164143
479028660.000,Miguel,recording,knock_twice_left,11,-0.034854,7.719064,4.997627,-0.091068,0.187549,-0.117254
479028670.000,Miguel,recording,knock_twice_left,11,0.005897,7.674047,5.259474,-0.160450,0.061113,-0.078947
479028680.000,Miguel,recording,knock_twice_left,11,0.088947,7.683888,5.359919,-0.197313,-0.048189,-0.049933
479028690.000,Miguel,recording,knock_twice_left,11,0.238389,7.783642,5.356775,-0.208219,-0.108191,-0.027260
479028700.000,Miguel,recording,knock_twice_left,11,0.422348,7.770804,5.374767,-0.201111,-0.115233,-0.013450
479028710.000,Miguel,recording,knock_twice_left,11,0.620439,7.745140,5.491151,-0.179873,-0.091461,-0.012913
479028720.000,Miguel,recording,knock_twice_left,11,0.797988,7.834184,5.617709,-0.150309,-0.062087,-0.027286
479028730.000,Miguel,recording,knock_twice_left,11,0.894864,7.995168,5.601898,-0.121933,-0.050460,-0.050654
479028740.000,Miguel,recording,knock_twice_left,11,0.887132,8.128099,5.577397,-0.095318,-0.071228,-0.071898
479028750.000,Miguel,recording,knock_twice_left,11,0.787507,8.272751,5.658741,-0.061805,-0.113229,-0.081227
479028760.000,Miguel,recording,knock_twice_left,11,0.496329,8.081285,5.592536,-0.027247,-0.152322,-0.066071
479028770.000,Miguel,recording,knock_twice_left,11,0.282424,8.058285,5.457161,-0.001071,-0.194043,-0.026522
479028780.000,Miguel,recording,knock_twice_left,11,0.499202,8.181744,5.611393,0.024409,-0.244283,0.002268
479028790.000,Miguel,recording,knock_twice_left,11,0.530892,7.907294,5.429147,0.039155,-0.239619,0.002593
479028800.000,Miguel,recording,knock_twice_left,11,0.337642,7.653043,5.189720,0.023357,-0.143829,-0.001773
479028810.000,Miguel,recording,knock_twice_left,11,0.289307,7.547235,5.254845,-0.011286,-0.019340,0.003574
479028820.000,Miguel,recording,knock_twice_left,11,0.383193,7.759848,5.348453,-0.045109,0.066967,0.015840
479028830.000,Miguel,recording,knock_twice_left,11,0.503761,8.003251,5.359666,-0.077269,0.096963,0.029634
479028840.000,Miguel,recording,knock_twice_left,11,0.579492,8.050196,5.332055,-0.117570,0.082587,0.040231
479028850.000,Miguel,recording,knock_twice_left,11,0.548060,7.923006,5.271826,-0.167512,0.035999,0.046289
479028860.000,Miguel,recording,knock_twice_left,11,0.525297,7.855440,5.426606,-0.213148,-0.032779,0.050288
479028870.000,Miguel,recording,knock_twice_left,11,0.472793,7.790596,5.614364,-0.241841,-0.104522,0.054198
479028880.000,Miguel,recording,knock_twice_left,11,0.484943,7.729858,5.667660,-0.252888,-0.156274,0.055199
479028890.000,Miguel,recording,knock_twice_left,11,0.475268,7.724122,5.696601,-0.249778,-0.178386,0.048282
479028900.000,Miguel,recording,knock_twice_left,11,0.377167,7.786500,5.673962,-0.234433,-0.175719,0.034502
479028910.000,Miguel,recording,knock_twice_left,11,0.221918,7.735529,5.663516,-0.206854,-0.159159,0.020167
479028920.000,Miguel,recording,knock_twice_left,11,0.112643,7.671384,5.625635,-0.169272,-0.140069,0.007155
479028930.000,Miguel,recording,knock_twice_left,11,0.013575,7.639470,5.644975,-0.129537,-0.123690,-0.004289
479028940.000,Miguel,recording,knock_twice_left,11,-0.243266,7.713866,5.609054,-0.096431,-0.114519,-0.006599
479028950.000,Miguel,recording,knock_twice_left,11,-0.684780,7.802835,5.613586,-0.072378,-0.120643,0.013818
479028960.000,Miguel,recording,knock_twice_left,11,-1.296231,8.008928,5.608583,-0.058282,-0.149046,0.068961
479028970.000,Miguel,recording,knock_twice_left,11,-2.005845,8.099565,5.572467,-0.057475,-0.199581,0.172373
479028980.000,Miguel,recording,knock_twice_left,11,-2.323782,7.956402,5.582768,-0.064483,-0.251111,0.333426
479028990.000,Miguel,recording,knock_twice_left,11,-2.027553,7.753778,5.653187,-0.067935,-0.268305,0.532321
479029000.000,Miguel,recording,knock_twice_left,11,-1.281686,7.646554,5.815821,-0.062955,-0.225121,0.724504
479029010.000,Miguel,recording,knock_twice_left,11,-0.419837,7.584769,5.800673,-0.051177,-0.116987,0.874859
479029020.000,Miguel,recording,knock_twice_left,11,0.534284,7.605058,5.795687,-0.035069,0.039387,0.966794
479029030.000,Miguel,recording,knock_twice_left,11,1.370055,7.757219,5.780475,-0.022696,0.211041,0.995764
479029040.000,Miguel,recording,knock_twice_left,11,1.884675,7.836457,5.657186,-0.037822,0.351181,0.975017
479029050.000,Miguel,recording,knock_twice_left,11,2.058645,7.818390,5.493350,-0.104778,0.410032,0.924635
479029060.000,Miguel,recording,knock_twice_left,11,2.133946,7.757789,5.504463,-0.227485,0.359988,0.855799
479029070.000,Miguel,recording,knock_twice_left,11,2.126370,7.638614,5.619407,-0.386969,0.218001,0.773929
479029080.000,Miguel,recording,knock_twice_left,11,2.177423,7.541623,6.025945,-0.546969,0.036531,0.682490
479029090.000,Miguel,recording,knock_twice_left,11,2.314335,7.458482,6.591158,-0.665805,-0.128001,0.585334
479029100.000,Miguel,recording,knock_twice_left,11,2.477601,7.424923,7.160152,-0.713562,-0.237438,0.487276
479029110.000,Miguel,recording,knock_twice_left,11,2.679605,7.331764,7.671647,-0.676125,-0.278631,0.388344
479029120.000,Miguel,recording,knock_twice_left,11,2.917923,7.275388,8.081975,-0.556284,-0.258376,0.282120
479029130.000,Miguel,recording,knock_twice_left,11,3.160318,7.305020,8.115587,-0.382738,-0.190139,0.165410
479029140.000,Miguel,recording,knock_twice_left,11,3.115510,7.324832,7.821730,-0.201464,-0.089178,0.046126
479029150.000,Miguel,recording,knock_twice_left,11,2.647076,7.361399,7.475046,-0.049101,0.019402,-0.057911
479029160.000,Miguel,recording,knock_twice_left,11,2.063663,7.282057,7.426171,0.070161,0.104619,-0.127324
479029170.000,Miguel,recording,knock_twice_left,11,1.725520,7.267108,7.613089,0.176907,0.153058,-0.157570
479029180.000,Miguel,recording,knock_twice_left,11,1.579375,7.323874,7.719462,0.285411,0.176599,-0.159866
479029190.000,Miguel,recording,knock_twice_left,11,1.601242,7.428148,7.543253,0.389912,0.187540,-0.146868
479029200.000,Miguel,recording,knock_twice_left,11,1.613302,7.453298,7.098353,0.473867,0.178871,-0.130245
479029210.000,Miguel,recording,knock_twice_left,11,1.715046,7.425941,6.622222,0.521804,0.140355,-0.123388
479029220.000,Miguel,recording,knock_twice_left,11,1.838178,7.386643,6.160367,0.529929,0.081469,-0.134513
479029230.000,Miguel,recording,knock_twice_left,11,1.955277,7.299348,5.817864,0.506770,0.022897,-0.162358
479029240.000,Miguel,recording,knock_twice_left,11,2.024796,7.306339,5.560202,0.462435,-0.024024,-0.202091
479029250.000,Miguel,recording,knock_twice_left,11,1.975291,7.434109,5.356760,0.401031,-0.057425,-0.246119
479029260.000,Miguel,recording,knock_twice_left,11,1.770533,7.544103,5.150974,0.324049,-0.078051,-0.283274
479029270.000,Miguel,recording,knock_twice_left,11,1.547259,7.514139,5.121086,0.240227,-0.087791,-0.304883
479029280.000,Miguel,recording,knock_twice_left,11,1.488742,7.440869,5.196790,0.165007,-0.084821,-0.313644
479029290.000,Miguel,recording,knock_twice_left,11,1.445741,7.398351,5.352974,0.108502,-0.064286,-0.320277
479029300.000,Miguel,recording,knock_twice_left,11,1.434036,7.439216,5.429207,0.071999,-0.028157,-0.329954
479029310.000,Miguel,recording,knock_twice_left,11,1.368803,7.476454,5.545091,0.055975,0.017431,-0.341943
479029320.000,Miguel,recording,knock_twice_left,11,1.323193,7.494590,5.648852,0.061950,0.072746,-0.356726
479029330.000,Miguel,recording,knock_twice_left,11,1.215641,7.523294,5.800318,0.091240,0.139330,-0.371824
479029340.000,Miguel,recording,knock_twice_left,11,1.031836,7.538403,5.946475,0.141230,0.213700,-0.379044
479029350.000,Miguel,recording,knock_twice_left,11,0.844186,7.558991,5.988871,0.205256,0.290101,-0.373506
479029360.000,Miguel,recording,knock_twice_left,11,0.714481,7.573531,5.955115,0.276182,0.363228,-0.355049
479029370.000,Miguel,recording,knock_twice_left,11,0.762346,7.563783,5.862811,0.346203,0.430906,-0.330562
479029380.000,Miguel,recording,knock_twice_left,11,0.893587,7.595210,5.729864,0.405774,0.491455,-0.310204
479029390.000,Miguel,recording,knock_twice_left,11,0.933391,7.674829,5.538746,0.445900,0.540891,-0.296117
479029400.000,Miguel,recording,knock_twice_left,11,0.912049,7.695447,5.392167,0.463390,0.574083,-0.287271
479029410.000,Miguel,recording,knock_twice_left,11,0.905241,7.710418,5.298644,0.460730,0.591543,-0.282838
479029420.000,Miguel,recording,knock_twice_left,11,0.816116,7.779056,5.236526,0.445007,0.600346,-0.278392
479029430.000,Miguel,recording,knock_twice_left,11,0.680902,7.785355,5.224466,0.423066,0.604168,-0.268220
479029440.000,Miguel,recording,knock_twice_left,11,0.521800,7.768293,5.150619,0.395760,0.601306,-0.250709
479029450.000,Miguel,recording,knock_twice_left,11,0.468982,7.798346,5.161415,0.363964,0.592213,-0.229847
479029460.000,Miguel,recording,knock_twice_left,11,0.395336,7.856088,5.214206,0.333846,0.579523,-0.211053
479029470.000,Miguel,recording,knock_twice_left,11,0.354892,7.883258,5.319665,0.311797,0.564333,-0.194883
479029480.000,Miguel,recording,knock_twice_left,11,0.273360,7.908672,5.490194,0.299659,0.545960,-0.180490
479029490.000,Miguel,recording,knock_twice_left,11,0.164792,7.990410,5.674955,0.296967,0.519556,-0.165166
479029500.000,Miguel,recording,knock_twice_left,11,0.096806,8.033030,5.797896,0.304339,0.480601,-0.142127
479029510.000,Miguel,recording,knock_twice_left,11,0.096935,8.111747,5.908861,0.321742,0.432080,-0.113726
479029520.000,Miguel,recording,knock_twice_left,11,0.156086,8.217319,5.956378,0.345598,0.383515,-0.089530
479029530.000,Miguel,recording,knock_twice_left,11,0.138783,8.287111,5.931291,0.365896,0.342558,-0.072384
479029540.000,Miguel,recording,knock_twice_left,11,-0.007869,8.336041,5.774974,0.369564,0.306714,-0.058032
479029550.000,Miguel,recording,knock_twice_left,11,-0.118472,8.339828,5.673568,0.352401,0.265258,-0.042204
479029560.000,Miguel,recording,knock_twice_left,11,-0.167929,8.387261,5.557446,0.317762,0.214023,-0.024881
479029570.000,Miguel,recording,knock_twice_left,11,-0.106174,8.437283,5.516665,0.267758,0.157469,-0.009139
479029580.000,Miguel,recording,knock_twice_left,11,0.020670,8.494636,5.512699,0.210669,0.094960,0.001097
479029590.000,Miguel,recording,knock_twice_left,11,0.157423,8.567740,5.578297,0.159492,0.020805,0.001286
479029600.000,Miguel,recording,knock_twice_left,11,0.231097,8.608905,5.734750,0.124436,-0.063787,-0.010376
479029610.000,Miguel,recording,knock_twice_left,11,0.172959,8.518510,5.896478,0.113974,-0.143582,-0.028831
479029620.000,Miguel,recording,knock_twice_left,11,0.125736,8.462921,5.941938,0.128367,-0.197937,-0.047700
479029630.000,Miguel,recording,knock_twice_left,11,0.071505,8.456511,5.897174,0.159749,-0.217441,-0.063272
479029640.000,Miguel,recording,knock_twice_left,11,-0.012012,8.437181,5.752273,0.199905,-0.210671,-0.071160
479029650.000,Miguel,recording,knock_twice_left,11,-0.101308,8.412677,5.553091,0.239616,-0.190985,-0.069168
479029660.000,Miguel,recording,knock_twice_left,11,-0.098603,8.362301,5.326813,0.270863,-0.162066,-0.061252
479029670.000,Miguel,recording,knock_twice_left,11,-0.039115,8.332337,5.096435,0.288374,-0.124691,-0.052781
479029680.000,Miguel,recording,knock_twice_left,11,0.072279,8.305221,4.929471,0.289900,-0.087879,-0.047279
479029690.000,Miguel,recording,knock_twice_left,11,0.126178,8.296479,4.784053,0.277194,-0.065389,-0.045947
479029700.000,Miguel,recording,knock_twice_left,11,0.131835,8.237675,4.664345,0.251160,-0.065653,-0.048119
479029710.000,Miguel,recording,knock_twice_left,11,0.050705,8.251130,4.572621,0.211293,-0.090834,-0.051925
479029720.000,Miguel,recording,knock_twice_left,11,-0.026143,8.267853,4.373101,0.157238,-0.136389,-0.052418
479029730.000,Miguel,recording,knock_twice_left,11,0.008748,8.304035,4.272231,0.090254,-0.190336,-0.049733
479029740.000,Miguel,recording,knock_twice_left,11,-0.021062,8.328131,4.216356,0.017189,-0.239884,-0.048088
479029750.000,Miguel,recording,knock_twice_left,11,-0.116061,8.358104,4.271426,-0.052602,-0.277025,-0.043638
479029760.000,Miguel,recording,knock_twice_left,11,-0.155584,8.384874,4.430015,-0.107352,-0.294647,-0.031533
479029770.000,Miguel,recording,knock_twice_left,11,-0.099465,8.377694,4.699813,-0.130731,-0.282995,-0.013822
479029780.000,Miguel,recording,knock_twice_left,11,-0.032461,8.371104,4.881643,-0.116672,-0.237665,0.004427
479029790.000,Miguel,recording,knock_twice_left,11,0.034247,8.353117,4.951696,-0.077731,-0.169342,0.019664
479029800.000,Miguel,recording,knock_twice_left,11,0.071987,8.392361,4.877491,-0.034246,-0.095434,0.030796
479029810.000,Miguel,recording,knock_twice_left,11,0.019293,8.443595,4.748151,-0.005047,-0.035613,0.042310
479029820.000,Miguel,recording,knock_twice_left,11,-0.050112,8.428702,4.603303,0.001172,-0.008944,0.057969
479029830.000,Miguel,recording,knock_twice_left,11,-0.066039,8.425424,4.543785,-0.010925,-0.017447,0.075823
479029840.000,Miguel,recording,knock_twice_left,11,-0.027919,8.428222,4.575189,-0.033213,-0.043965,0.094061
479029850.000,Miguel,recording,knock_twice_left,11,0.031240,8.443271,4.515892,-0.063694,-0.070233,0.109971
479029860.000,Miguel,recording,knock_twice_left,11,0.121796,8.379971,4.527849,-0.102027,-0.092121,0.120629
479029870.000,Miguel,recording,knock_twice_left,11,0.288865,8.286428,4.601192,-0.141080,-0.113739,0.121948
479029880.000,Miguel,recording,knock_twice_left,11,0.438024,8.211325,4.754395,-0.169971,-0.133712,0.110731
479029890.000,Miguel,recording,knock_twice_left,11,0.552869,8.203665,4.842801,-0.182058,-0.145403,0.089823
479029900.000,Miguel,recording,knock_twice_left,11,0.537190,8.209052,4.944126,-0.181333,-0.147285,0.067778
479029910.000,Miguel,recording,knock_twice_left,11,0.372251,8.260495,4.914668,-0.178110,-0.144294,0.055199
479029920.000,Miguel,recording,knock_twice_left,11,0.267886,8.262768,4.914334,-0.177195,-0.144221,0.056546
479029930.000,Miguel,recording,knock_twice_left,11,0.285732,8.256105,5.014920,-0.174572,-0.148928,0.066573
479029940.000,Miguel,recording,knock_twice_left,11,0.416824,8.217177,5.154353,-0.165033,-0.150689,0.075237
479029950.000,Miguel,recording,knock_twice_left,11,0.531690,8.192850,5.227265,-0.145932,-0.143835,0.075456
479029960.000,Miguel,recording,knock_twice_left,11,0.572851,8.148342,5.258930,-0.117519,-0.129014,0.068635
479029970.000,Miguel,recording,knock_twice_left,11,0.548117,8.119076,5.213245,-0.084729,-0.106654,0.061310
479029980.000,Miguel,recording,knock_twice_left,11,0.471222,8.149145,5.151393,-0.054604,-0.078855,0.059001
479029990.000,Miguel,recording,knock_twice_left,11,0.371329,8.141014,5.030043,-0.032903,-0.053876,0.064138
479030000.000,Miguel,recording,knock_twice_left,11,0.408090,8.185520,4.990635,-0.022685,-0.037541,0.074941
479030010.000,Miguel,recording,knock_twice_left,11,0.426369,8.199839,4.980201,-0.023446,-0.032468,0.086915
479030020.000,Miguel,recording,knock_twice_left,11,0.445019,8.183911,4.945043,-0.032475,-0.040535,0.096730
479030030.000,Miguel,recording,knock_twice_left,11,0.536815,8.136520,4.996629,-0.045905,-0.057465,0.101160
479030040.000,Miguel,recording,knock_twice_left,11,0.639136,8.081221,5.066601,-0.058276,-0.075259,0.096860
479030050.000,Miguel,recording,knock_twice_left,11,0.662666,8.087409,5.123883,-0.063516,-0.086021,0.085171
479030060.000,Miguel,recording,knock_twice_left,11,0.718939,8.130587,5.204026,-0.058437,-0.084767,0.069914
479030070.000,Miguel,recording,knock_twice_left,11,0.680491,8.168701,5.263399,-0.044771,-0.071708,0.055724
479030080.000,Miguel,recording,knock_twice_left,11,0.577791,8.196485,5.261073,-0.029104,-0.055538,0.047416
479030090.000,Miguel,recording,knock_twice_left,11,0.558250,8.203245,5.276875,-0.018495,-0.048941,0.044549
479030100.000,Miguel,recording,knock_twice_left,11,0.637935,8.190749,5.217388,-0.016856,-0.056747,0.041455
479030110.000,Miguel,recording,knock_twice_left,11,0.624945,8.227836,5.208791,-0.022812,-0.075707,0.032975
479030120.000,Miguel,recording,knock_twice_left,11,0.519327,8.240922,5.203661,-0.033635,-0.100190,0.020683
479030130.000,Miguel,recording,knock_twice_left,11,0.427283,8.195547,5.023469,-0.054127,-0.122157,0.008662
479030140.000,Miguel,recording,knock_twice_left,11,0.622402,8.144739,4.774865,-0.090238,-0.126157,-0.006156
479030150.000,Miguel,recording,knock_twice_left,11,0.880561,8.140637,4.625042,-0.138082,-0.091368,-0.033439
479030160.000,Miguel,recording,knock_twice_left,11,1.110327,8.131338,4.713588,-0.183812,-0.007124,-0.070400
479030170.000,Miguel,recording,knock_twice_left,11,1.137047,8.174142,5.016588,-0.209628,0.104711,-0.091592
479030180.000,Miguel,recording,knock_twice_left,11,0.859767,8.317867,5.599591,-0.204332,0.191675,-0.087823
479030190.000,Miguel,recording,knock_twice_left,11,0.135630,8.482516,5.894847,-0.181486,0.219073,-0.068393
479030200.000,Miguel,recording,knock_twice_left,11,-0.261237,8.352912,5.739932,-0.162912,0.180305,-0.022566
479030210.000,Miguel,recording,knock_twice_left,11,-0.319593,8.159617,5.900628,-0.148249,0.100276,0.046284
479030220.000,Miguel,recording,knock_twice_left,11,-0.165948,8.164947,5.835362,-0.135244,0.014002,0.108817
479030230.000,Miguel,recording,knock_twice_left,11,0.300532,8.127231,5.456359,-0.138611,-0.060466,0.145581
479030240.000,Miguel,recording,knock_twice_left,11,0.782994,8.151515,5.225835,-0.165897,-0.106865,0.143648
479030250.000,Miguel,recording,knock_twice_left,11,1.101003,8.060131,5.272004,-0.203367,-0.119694,0.104124
479030260.000,Miguel,recording,knock_twice_left,11,1.228148,8.101659,5.393335,-0.232725,-0.101174,0.045583
479030270.000,Miguel,recording,knock_twice_left,11,1.117667,8.236865,5.762877,-0.235479,-0.063179,-0.012897
479030280.000,Miguel,recording,knock_twice_left,11,0.801406,8.199332,6.186529,-0.195911,-0.026627,-0.054353
479030290.000,Miguel,recording,knock_twice_left,11,0.469430,8.111044,6.491590,-0.112116,-0.001298,-0.069751
479030300.000,Miguel,recording,knock_twice_left,11,0.226834,7.919642,6.671777,0.007465,0.015008,-0.061465
479030310.000,Miguel,recording,knock_twice_left,11,0.500107,7.708663,6.394296,0.142326,0.020953,-0.047422
479030320.000,Miguel,recording,knock_twice_left,11,2.069697,7.512660,5.706089,0.258535,0.033274,-0.078313
479030330.000,Miguel,recording,knock_twice_left,11,2.232104,7.879918,5.580185,0.329982,0.083281,-0.196902
479030340.000,Miguel,recording,knock_twice_left,11,2.122200,7.870058,4.782464,0.348364,0.148096,-0.359639
479030350.000,Miguel,recording,knock_twice_left,11,0.849519,7.940590,4.671035,0.317679,0.206183,-0.480370
479030360.000,Miguel,recording,knock_twice_left,11,-0.125656,8.095353,4.520732,0.251722,0.285637,-0.510873
479030370.000,Miguel,recording,knock_twice_left,11,-0.730137,8.196300,4.610053,0.174484,0.380374,-0.453202
479030380.000,Miguel,recording,knock_twice_left,11,-0.974367,8.453163,4.694601,0.102516,0.453930,-0.337999
479030390.000,Miguel,recording,knock_twice_left,11,-1.120766,8.475136,4.800798,0.037556,0.482254,-0.196921
479030400.000,Miguel,recording,knock_twice_left,11,-0.789490,8.388985,4.954008,-0.018550,0.455692,-0.060060
479030410.000,Miguel,recording,knock_twice_left,11,-0.358482,8.133518,5.088110,-0.064919,0.375279,0.044971
479030420.000,Miguel,recording,knock_twice_left,11,0.155206,8.035042,5.085811,-0.108251,0.246451,0.092350
479030430.000,Miguel,recording,knock_twice_left,11,0.733286,8.279995,4.941772,-0.157755,0.096847,0.077994
479030440.000,Miguel,recording,knock_twice_left,11,0.795960,8.280210,4.989957,-0.209162,-0.030089,0.029502
479030450.000,Miguel,recording,knock_twice_left,11,0.530946,8.219772,5.241027,-0.247592,-0.106176,-0.018423
479030460.000,Miguel,recording,knock_twice_left,11,0.157396,8.100640,5.557829,-0.259200,-0.125385,-0.044077
479030470.000,Miguel,recording,knock_twice_left,11,-0.003913,8.006541,5.837453,-0.238169,-0.098764,-0.047728
479030480.000,Miguel,recording,knock_twice_left,11,0.043327,8.010400,6.043643,-0.190628,-0.046186,-0.044830
479030490.000,Miguel,recording,knock_twice_left,11,0.112871,8.035016,6.086383,-0.129061,0.010728,-0.046594
479030500.000,Miguel,recording,knock_twice_left,11,0.155408,8.064911,6.007658,-0.065684,0.057697,-0.054576
479030510.000,Miguel,recording,knock_twice_left,11,0.158351,8.099590,5.885413,-0.010843,0.089485,-0.066430
479030520.000,Miguel,recording,knock_twice_left,11,0.119579,8.169109,5.656059,0.026595,0.108661,-0.079105
479030530.000,Miguel,recording,knock_twice_left,11,0.090829,8.197413,5.492659,0.042999,0.120690,-0.090821
479030540.000,Miguel,recording,knock_twice_left,11,0.003352,8.256044,5.446419,0.043371,0.124538,-0.097766
479030550.000,Miguel,recording,knock_twice_left,11,-0.154941,8.224720,5.489660,0.036335,0.115930,-0.092716
479030560.000,Miguel,recording,knock_twice_left,11,-0.207989,8.218778,5.514751,0.028893,0.098380,-0.073693
479030570.000,Miguel,recording,knock_twice_left,11,-0.202165,8.239845,5.524259,0.022470,0.077504,-0.048782
479030580.000,Miguel,recording,knock_twice_left,11,-0.170903,8.237250,5.481326,0.011775,0.052597,-0.025622
479030590.000,Miguel,recording,knock_twice_left,11,-0.172472,8.202708,5.449570,-0.005548,0.022300,-0.006454
479030600.000,Miguel,recording,knock_twice_left,11,-0.084750,8.175885,5.473827,-0.023452,-0.009644,0.007736
479030610.000,Miguel,recording,knock_twice_left,11,-0.089759,8.161854,5.591100,-0.033046,-0.038384,0.018525
479030620.000,Miguel,recording,knock_twice_left,11,-0.160650,8.151807,5.631946,-0.030406,-0.061764,0.029866
479030630.000,Miguel,recording,knock_twice_left,11,-0.111894,8.163312,5.573046,-0.019582,-0.074959,0.041941
479030640.000,Miguel,recording,knock_twice_left,11,-0.016163,8.151750,5.501397,-0.006980,-0.071194,0.050405
479030650.000,Miguel,recording,knock_twice_left,11,0.080163,8.126369,5.398444,0.004532,-0.051323,0.053500
479030660.000,Miguel,recording,knock_twice_left,11,0.138513,8.134291,5.420968,0.015812,-0.025198,0.053931
479030670.000,Miguel,recording,knock_twice_left,11,0.040818,8.142039,5.496797,0.026444,-0.005167,0.055369
479030680.000,Miguel,recording,knock_twice_left,11,-0.087740,8.097762,5.470509,0.031299,-0.000429,0.062265
479030690.000,Miguel,recording,knock_twice_left,11,-0.067999,8.115979,5.429617,0.027323,-0.014220,0.072645
479030700.000,Miguel,recording,knock_twice_left,11,0.016002,8.107132,5.402483,0.016468,-0.041188,0.079044
479030710.000,Miguel,recording,knock_twice_left,11,0.179391,8.098608,5.362155,0.001160,-0.071543,0.078070
479030720.000,Miguel,recording,knock_twice_left,11,0.251544,8.084330,5.297946,-0.016262,-0.096534,0.069899
479030730.000,Miguel,recording,knock_twice_left,11,0.272057,8.095121,5.356027,-0.029403,-0.107354,0.059195
479030740.000,Miguel,recording,knock_twice_left,11,0.119748,8.108029,5.525558,-0.028537,-0.098432,0.053721
479030750.000,Miguel,recording,knock_twice_left,11,0.061035,8.076129,5.644206,-0.011190,-0.071246,0.057448
479030760.000,Miguel,recording,knock_twice_left,11,0.127660,8.059533,5.668052,0.018077,-0.031382,0.065474
479030770.000,Miguel,recording,knock_twice_left,11,0.280148,8.066622,5.624896,0.051740,0.012347,0.068947
479030780.000,Miguel,recording,knock_twice_left,11,0.460740,8.064071,5.528758,0.080366,0.049950,0.063856
479030790.000,Miguel,recording,knock_twice_left,11,0.436273,8.102289,5.492210,0.098499,0.072532,0.053022
479030800.000,Miguel,recording,knock_twice_left,11,0.272391,8.095624,5.502832,0.105290,0.069791,0.044104
479030810.000,Miguel,recording,knock_twice_left,11,0.159188,8.074412,5.500723,0.105369,0.041462,0.042999
479030820.000,Miguel,recording,knock_twice_left,11,0.147460,8.078366,5.512236,0.102560,0.003842,0.047524
479030830.000,Miguel,recording,knock_twice_left,11,0.253944,8.083356,5.401720,0.096405,-0.027968,0.051499
479030840.000,Miguel,recording,knock_twice_left,11,0.422644,8.106423,5.266510,0.086485,-0.050391,0.049414
479030850.000,Miguel,recording,knock_twice_left,11,0.503568,8.097922,5.127212,0.069834,-0.062289,0.037366
479030860.000,Miguel,recording,knock_twice_left,11,0.487782,8.112397,5.026974,0.045106,-0.059960,0.018616
479030870.000,Miguel,recording,knock_twice_left,11,0.421563,8.125327,5.113048,0.020350,-0.043586,0.002263
479030880.000,Miguel,recording,knock_twice_left,11,0.302803,8.129897,5.285858,0.007183,-0.020228,-0.004868
479030890.000,Miguel,recording,knock_twice_left,11,0.171653,8.085236,5.434721,0.008014,-0.000107,-0.000606
479030900.000,Miguel,recording,knock_twice_left,11,0.150540,8.079974,5.486334,0.017154,0.008280,0.010670
479030910.000,Miguel,recording,knock_twice_left,11,0.267267,8.094539,5.439249,0.026484,0.003271,0.019773
479030920.000,Miguel,recording,knock_twice_left,11,0.358390,8.097113,5.379176,0.030366,-0.013231,0.020835
479030930.000,Miguel,recording,knock_twice_left,11,0.402855,8.059085,5.361749,0.030520,-0.038223,0.014800
479030940.000,Miguel,recording,knock_twice_left,11,0.452606,8.078711,5.283987,0.029006,-0.060290,0.004496
479030950.000,Miguel,recording,knock_twice_left,11,0.441664,8.085289,5.272233,0.024058,-0.065695,-0.007461
479030960.000,Miguel,recording,knock_twice_left,11,0.320139,8.126828,5.246229,0.015844,-0.054164,-0.014432
479030970.000,Miguel,recording,knock_twice_left,11,0.183281,8.154480,5.319029,0.007686,-0.038375,-0.010844
479030980.000,Miguel,recording,knock_twice_left,11,0.170978,8.176772,5.394474,0.002938,-0.029301,-0.001144
479030990.000,Miguel,recording,knock_twice_left,11,0.244259,8.150549,5.426275,0.001959,-0.029388,0.006238
479031000.000,Miguel,recording,knock_twice_left,12,0.382587,8.152558,5.411848,0.002269,-0.036253,0.007279
479031010.000,Miguel,recording,knock_twice_left,12,0.427144,8.158311,5.427355,0.004483,-0.045080,0.003095
479031020.000,Miguel,recording,knock_twice_left,12,0.383770,8.164498,5.462051,0.012319,-0.055850,-0.002310
479031030.000,Miguel,recording,knock_twice_left,12,0.348892,8.097481,5.476220,0.025372,-0.070499,-0.007160
479031040.000,Miguel,recording,knock_twice_left,12,0.363440,8.118718,5.406080,0.037088,-0.082735,-0.011500
479031050.000,Miguel,recording,knock_twice_left,12,0.322538,8.154974,5.326061,0.039931,-0.089251,-0.013196
479031060.000,Miguel,recording,knock_twice_left,12,0.283248,8.184691,5.298410,0.034306,-0.097621,-0.010103
479031070.000,Miguel,recording,knock_twice_left,12,0.348748,8.138855,5.283651,0.026017,-0.111133,-0.005128
479031080.000,Miguel,recording,knock_twice_left,12,0.418027,8.143751,5.206338,0.013694,-0.121262,-0.004514
479031090.000,Miguel,recording,knock_twice_left,12,0.439772,8.139177,5.052471,-0.007089,-0.122780,-0.010104
479031100.000,Miguel,recording,knock_twice_left,12,0.449155,8.132857,5.004937,-0.033776,-0.118668,-0.020194
479031110.000,Miguel,recording,knock_twice_left,12,0.481256,8.094055,4.990102,-0.060392,-0.107963,-0.035272
479031120.000,Miguel,recording,knock_twice_left,12,0.455885,8.093126,4.953245,-0.084203,-0.085658,-0.053165
479031130.000,Miguel,recording,knock_twice_left,12,0.406569,8.103400,4.914178,-0.105300,-0.045902,-0.067513
479031140.000,Miguel,recording,knock_twice_left,12,0.319851,8.110698,4.945763,-0.120653,0.011697,-0.074582
479031150.000,Miguel,recording,knock_twice_left,12,0.233431,8.111491,5.205801,-0.121510,0.075195,-0.075690
479031160.000,Miguel,recording,knock_twice_left,12,0.194610,8.072657,5.421190,-0.102378,0.125924,-0.071322
479031170.000,Miguel,recording,knock_twice_left,12,0.138580,8.026268,5.561442,-0.066378,0.151832,-0.062684
479031180.000,Miguel,recording,knock_twice_left,12,0.109706,8.006290,5.609201,-0.021937,0.156192,-0.053725
479031190.000,Miguel,recording,knock_twice_left,12,0.064621,7.974541,5.556755,0.018361,0.149286,-0.043724
479031200.000,Miguel,recording,knock_twice_left,12,-0.030057,7.995469,5.388307,0.044332,0.139757,-0.029720
479031210.000,Miguel,recording,knock_twice_left,12,-0.117894,8.042438,5.278434,0.052746,0.129962,-0.011358
479031220.000,Miguel,recording,knock_twice_left,12,-0.080403,8.088330,5.282601,0.048513,0.113723,0.007365
479031230.000,Miguel,recording,knock_twice_left,12,0.139155,8.150953,5.294549,0.041779,0.082827,0.014259
479031240.000,Miguel,recording,knock_twice_left,12,0.809378,8.440998,5.303660,0.036118,0.037102,-0.008827
479031250.000,Miguel,recording,knock_twice_left,12,0.905781,8.471150,4.969156,0.019746,-0.009379,-0.058547
479031260.000,Miguel,recording,knock_twice_left,12,0.600749,8.159085,4.666027,-0.023144,-0.036907,-0.104575
479031270.000,Miguel,recording,knock_twice_left,12,0.436112,8.154251,4.579751,-0.092239,-0.044885,-0.132547
479031280.000,Miguel,recording,knock_twice_left,12,0.326977,8.270858,4.540503,-0.172498,-0.052065,-0.146903
479031290.000,Miguel,recording,knock_twice_left,12,0.133344,8.241880,4.625795,-0.250779,-0.068319,-0.148692
479031300.000,Miguel,recording,knock_twice_left,12,-0.037153,8.049789,4.720511,-0.322889,-0.087561,-0.139913
479031310.000,Miguel,recording,knock_twice_left,12,-0.133517,7.911740,5.048105,-0.387531,-0.104040,-0.121004
479031320.000,Miguel,recording,knock_twice_left,12,-0.242762,7.866936,5.353856,-0.441467,-0.121910,-0.088062
479031330.000,Miguel,recording,knock_twice_left,12,-0.319230,7.957123,5.542529,-0.485630,-0.154761,-0.038953
479031340.000,Miguel,recording,knock_twice_left,12,-0.385580,8.038843,5.537608,-0.526970,-0.218049,0.026121
479031350.000,Miguel,recording,knock_twice_left,12,-0.250333,8.099311,5.631094,-0.568726,-0.321519,0.095697
479031360.000,Miguel,recording,knock_twice_left,12,0.096063,8.208309,5.680086,-0.611013,-0.457109,0.145757
479031370.000,Miguel,recording,knock_twice_left,12,0.407339,8.295077,5.745566,-0.646798,-0.608373,0.156536
479031380.000,Miguel,recording,knock_twice_left,12,0.798279,8.330086,5.873181,-0.657636,-0.766765,0.123738
479031390.000,Miguel,recording,knock_twice_left,12,1.074382,8.130023,5.875914,-0.640818,-0.900346,0.070985
479031400.000,Miguel,recording,knock_twice_left,12,0.929268,7.626047,5.837765,-0.610970,-0.951889,0.033275
479031410.000,Miguel,recording,knock_twice_left,12,0.790333,7.365575,6.000687,-0.572472,-0.890907,0.018948
479031420.000,Miguel,recording,knock_twice_left,12,0.756466,7.440141,6.141673,-0.527327,-0.741606,0.016664
479031430.000,Miguel,recording,knock_twice_left,12,0.792598,7.679293,6.289182,-0.481802,-0.573419,0.018537
479031440.000,Miguel,recording,knock_twice_left,12,0.763974,7.909947,6.460609,-0.439244,-0.460418,0.024108
479031450.000,Miguel,recording,knock_twice_left,12,0.741079,8.055640,6.588636,-0.398094,-0.445281,0.037300
479031460.000,Miguel,recording,knock_twice_left,12,0.824299,7.999328,6.820925,-0.350382,-0.528343,0.054548
479031470.000,Miguel,recording,knock_twice_left,12,0.817600,7.826119,6.824118,-0.296075,-0.664753,0.069268
479031480.000,Miguel,recording,knock_twice_left,12,0.709472,7.678336,6.814553,-0.240628,-0.792414,0.083108
479031490.000,Miguel,recording,knock_twice_left,12,0.609475,7.561204,6.886097,-0.180862,-0.868140,0.103292
479031500.000,Miguel,recording,knock_twice_left,12,0.634605,7.544373,6.853499,-0.111648,-0.877536,0.135447
479031510.000,Miguel,recording,knock_twice_left,12,0.757664,7.636521,6.861534,-0.029229,-0.831613,0.172141
479031520.000,Miguel,recording,knock_twice_left,12,0.961138,7.755763,6.896752,0.064986,-0.759138,0.196215
479031530.000,Miguel,recording,knock_twice_left,12,1.082046,7.829875,6.791347,0.163669,-0.682686,0.201245
479031540.000,Miguel,recording,knock_twice_left,12,1.045384,7.686089,6.557044,0.255929,-0.604255,0.197126
479031550.000,Miguel,recording,knock_twice_left,12,1.010125,7.656574,6.262954,0.325006,-0.523643,0.197960
479031560.000,Miguel,recording,knock_twice_left,12,0.898933,7.572094,5.870570,0.353792,-0.450496,0.213208
479031570.000,Miguel,recording,knock_twice_left,12,0.853488,7.533800,5.491352,0.338065,-0.400250,0.241343
479031580.000,Miguel,recording,knock_twice_left,12,0.896364,7.504333,5.255828,0.283900,-0.381002,0.271468
479031590.000,Miguel,recording,knock_twice_left,12,0.963916,7.549102,5.042351,0.196407,-0.388042,0.296013
479031600.000,Miguel,recording,knock_twice_left,12,1.008186,7.675154,4.978525,0.088901,-0.411341,0.312643
479031610.000,Miguel,recording,knock_twice_left,12,1.022975,7.667932,5.066345,-0.027870,-0.444372,0.328070
479031620.000,Miguel,recording,knock_twice_left,12,0.922849,7.493638,4.910291,-0.165331,-0.495950,0.359619
479031630.000,Miguel,recording,knock_twice_left,12,0.867213,7.283274,4.739586,-0.333797,-0.587564,0.412743
479031640.000,Miguel,recording,knock_twice_left,12,0.919995,7.094777,4.666307,-0.520855,-0.734854,0.470517
479031650.000,Miguel,recording,knock_twice_left,12,1.081752,7.020763,4.784045,-0.702105,-0.931127,0.507722
479031660.000,Miguel,recording,knock_twice_left,12,1.343140,6.904033,4.883464,-0.851986,-1.150394,0.512741
479031670.000,Miguel,recording,knock_twice_left,12,1.672336,6.862717,5.134812,-0.950510,-1.356544,0.490917
479031680.000,Miguel,recording,knock_twice_left,12,1.999098,7.075950,5.467800,-0.992029,-1.502401,0.448743
479031690.000,Miguel,recording,knock_twice_left,12,2.209204,7.250616,5.713953,-0.983302,-1.536342,0.393585
479031700.000,Miguel,recording,knock_twice_left,12,2.347031,7.274524,5.876859,-0.936044,-1.422725,0.341485
479031710.000,Miguel,recording,knock_twice_left,12,2.389766,7.161248,5.906151,-0.866936,-1.162695,0.312080
479031720.000,Miguel,recording,knock_twice_left,12,2.460194,7.147075,5.995662,-0.790863,-0.810363,0.315286
479031730.000,Miguel,recording,knock_twice_left,12,2.601772,7.215668,6.173645,-0.706531,-0.456733,0.340947
479031740.000,Miguel,recording,knock_twice_left,12,2.726143,7.085167,6.632111,-0.600852,-0.168644,0.362497
479031750.000,Miguel,recording,knock_twice_left,12,2.767308,6.848611,7.007220,-0.470168,0.045821,0.360076
479031760.000,Miguel,recording,knock_twice_left,12,2.779867,6.661588,7.021897,-0.327722,0.211547,0.336531
479031770.000,Miguel,recording,knock_twice_left,12,2.630453,6.555703,6.922791,-0.196206,0.353273,0.311540
479031780.000,Miguel,recording,knock_twice_left,12,2.442695,6.354337,6.687742,-0.102183,0.476212,0.305005
479031790.000,Miguel,recording,knock_twice_left,12,2.323063,6.125788,6.277867,-0.075852,0.560063,0.328290
479031800.000,Miguel,recording,knock_twice_left,12,2.238875,5.948502,5.909504,-0.138001,0.585981,0.380973
479031810.000,Miguel,recording,knock_twice_left,12,2.212842,6.048513,5.671091,-0.281271,0.557922,0.450989
479031820.000,Miguel,recording,knock_twice_left,12,2.207810,6.279718,5.522218,-0.486496,0.490686,0.520965
479031830.000,Miguel,recording,knock_twice_left,12,2.352358,6.610461,5.321809,-0.728191,0.397709,0.568260
479031840.000,Miguel,recording,knock_twice_left,12,2.538435,6.844669,5.518323,-0.960794,0.287387,0.579126
479031850.000,Miguel,recording,knock_twice_left,12,2.797134,7.042537,5.871384,-1.138542,0.165114,0.562123
479031860.000,Miguel,recording,knock_twice_left,12,3.101087,7.072172,6.436212,-1.237661,0.041045,0.535987
479031870.000,Miguel,recording,knock_twice_left,12,3.365873,6.994022,6.945161,-1.251548,-0.068538,0.512874
479031880.000,Miguel,recording,knock_twice_left,12,3.645974,6.808230,7.502079,-1.178418,-0.140495,0.490054
479031890.000,Miguel,recording,knock_twice_left,12,3.789406,6.620180,7.931233,-1.025347,-0.149278,0.457114
479031900.000,Miguel,recording,knock_twice_left,12,3.904789,6.283913,8.064419,-0.816433,-0.073904,0.409662
479031910.000,Miguel,recording,knock_twice_left,12,4.003024,6.132633,8.035233,-0.584133,0.104890,0.353572
479031920.000,Miguel,recording,knock_twice_left,12,3.974784,6.051716,8.148419,-0.351620,0.385658,0.298097
479031930.000,Miguel,recording,knock_twice_left,12,3.795096,5.859151,8.251721,-0.128787,0.718133,0.245375
479031940.000,Miguel,recording,knock_twice_left,12,3.710715,5.659904,8.264365,0.078707,1.028772,0.190508
479031950.000,Miguel,recording,knock_twice_left,12,3.564053,5.610190,8.209709,0.258086,1.269655,0.129897
479031960.000,Miguel,recording,knock_twice_left,12,3.313956,5.690740,7.963970,0.386399,1.422570,0.068602
479031970.000,Miguel,recording,knock_twice_left,12,3.077251,5.774778,7.509027,0.443058,1.486241,0.015083
479031980.000,Miguel,recording,knock_twice_left,12,2.727306,5.944743,7.283161,0.425827,1.473169,-0.026664
479031990.000,Miguel,recording,knock_twice_left,12,2.438312,5.961988,7.150050,0.351558,1.396934,-0.054600
479032000.000,Miguel,recording,knock_twice_left,12,2.212851,6.096935,7.027261,0.243530,1.265478,-0.066019
479032010.000,Miguel,recording,knock_twice_left,12,1.993105,6.194202,6.941490,0.126152,1.088175,-0.060449
479032020.000,Miguel,recording,knock_twice_left,12,1.896888,6.196375,6.925314,0.021581,0.882005,-0.043629
479032030.000,Miguel,recording,knock_twice_left,12,1.945208,6.213175,6.967420,-0.055562,0.673032,-0.026163
479032040.000,Miguel,recording,knock_twice_left,12,1.987046,6.174427,7.227545,-0.100642,0.491068,-0.015017
479032050.000,Miguel,recording,knock_twice_left,12,2.056893,6.099224,7.328379,-0.121475,0.363764,-0.009102
479032060.000,Miguel,recording,knock_twice_left,12,2.154168,6.157970,7.398575,-0.126609,0.311541,-0.005117
479032070.000,Miguel,recording,knock_twice_left,12,2.121671,6.188601,7.663085,-0.113915,0.336814,-0.001688
479032080.000,Miguel,recording,knock_twice_left,12,1.924687,6.207733,7.859595,-0.081889,0.415196,0.002499
479032090.000,Miguel,recording,knock_twice_left,12,1.882826,6.115975,7.873008,-0.037124,0.505083,0.007050
479032100.000,Miguel,recording,knock_twice_left,12,1.868429,6.051020,7.893954,0.012018,0.568736,0.006980
479032110.000,Miguel,recording,knock_twice_left,12,1.918928,6.013384,7.988422,0.066366,0.590645,-0.005142
479032120.000,Miguel,recording,knock_twice_left,12,1.901581,5.988526,8.047763,0.131653,0.579521,-0.033454
479032130.000,Miguel,recording,knock_twice_left,12,1.883853,6.009632,8.018290,0.208173,0.559081,-0.073004
479032140.000,Miguel,recording,knock_twice_left,12,1.883693,6.117486,7.966550,0.293335,0.556807,-0.112509
479032150.000,Miguel,recording,knock_twice_left,12,1.751292,6.198793,8.017298,0.382292,0.589232,-0.141068
479032160.000,Miguel,recording,knock_twice_left,12,1.586179,6.241491,7.883406,0.464560,0.649230,-0.152117
479032170.000,Miguel,recording,knock_twice_left,12,1.482449,6.266044,7.799519,0.533244,0.709032,-0.148956
479032180.000,Miguel,recording,knock_twice_left,12,1.406426,6.331853,7.749219,0.591161,0.741495,-0.143244
479032190.000,Miguel,recording,knock_twice_left,12,1.406100,6.379766,7.650755,0.643104,0.735871,-0.144421
479032200.000,Miguel,recording,knock_twice_left,12,1.328733,6.437719,7.597644,0.697257,0.699690,-0.155632
479032210.000,Miguel,recording,knock_twice_left,12,1.268572,6.473253,7.551913,0.761749,0.650079,-0.173489
479032220.000,Miguel,recording,knock_twice_left,12,1.179870,6.470131,7.479304,0.837744,0.603323,-0.191763
479032230.000,Miguel,recording,knock_twice_left,12,1.114453,6.533125,7.450264,0.919852,0.568575,-0.206387
479032240.000,Miguel,recording,knock_twice_left,12,1.066138,6.589686,7.409346,1.000240,0.547718,-0.216646
479032250.000,Miguel,recording,knock_twice_left,12,1.019158,6.622036,7.412844,1.075488,0.540242,-0.224341
479032260.000,Miguel,recording,knock_twice_left,12,1.015466,6.725031,7.302511,1.137628,0.543392,-0.228106
479032270.000,Miguel,recording,knock_twice_left,12,0.979430,6.827670,7.055801,1.167847,0.546467,-0.225575
479032280.000,Miguel,recording,knock_twice_left,12,0.951421,6.891710,6.772488,1.153698,0.524716,-0.218508
479032290.000,Miguel,recording,knock_twice_left,12,0.939804,6.944335,6.551509,1.101983,0.450925,-0.214592
479032300.000,Miguel,recording,knock_twice_left,12,0.945409,7.066219,6.449747,1.032914,0.321595,-0.222462
479032310.000,Miguel,recording,knock_twice_left,12,0.882957,7.121560,6.337001,0.962813,0.165403,-0.242625
479032320.000,Miguel,recording,knock_twice_left,12,0.827848,7.135674,6.235020,0.896276,0.025514,-0.268829
479032330.000,Miguel,recording,knock_twice_left,12,0.724076,7.168027,6.200007,0.837177,-0.060346,-0.294612
479032340.000,Miguel,recording,knock_twice_left,12,0.667382,7.182053,6.213005,0.796258,-0.072072,-0.316390
479032350.000,Miguel,recording,knock_twice_left,12,0.610555,7.294000,6.195662,0.779315,-0.009494,-0.330236
479032360.000,Miguel,recording,knock_twice_left,12,0.449019,7.484022,6.079318,0.777395,0.110145,-0.328203
479032370.000,Miguel,recording,knock_twice_left,12,0.267544,7.659418,5.895337,0.772679,0.249498,-0.302410
479032380.000,Miguel,recording,knock_twice_left,12,0.149573,7.752404,5.735787,0.751835,0.361543,-0.257814
479032390.000,Miguel,recording,knock_twice_left,12,0.137916,7.751814,5.595385,0.712748,0.415402,-0.211872
479032400.000,Miguel,recording,knock_twice_left,12,0.151724,7.705105,5.517587,0.656841,0.411742,-0.177420
479032410.000,Miguel,recording,knock_twice_left,12,0.220343,7.663312,5.519815,0.589177,0.372058,-0.158456
479032420.000,Miguel,recording,knock_twice_left,12,0.249260,7.636476,5.537716,0.520315,0.317069,-0.155157
479032430.000,Miguel,recording,knock_twice_left,12,0.289478,7.657440,5.677858,0.460792,0.258513,-0.162844
479032440.000,Miguel,recording,knock_twice_left,12,0.229731,7.715954,5.778568,0.415997,0.199686,-0.172323
479032450.000,Miguel,recording,knock_twice_left,12,0.088920,7.804126,5.815303,0.384576,0.138336,-0.176155
479032460.000,Miguel,recording,knock_twice_left,12,0.044983,7.828517,5.795190,0.361967,0.074773,-0.172867
479032470.000,Miguel,recording,knock_twice_left,12,-0.009295,7.841969,5.721873,0.344160,0.017482,-0.164538
479032480.000,Miguel,recording,knock_twice_left,12,-0.023981,7.857601,5.635550,0.326813,-0.022413,-0.153938
479032490.000,Miguel,recording,knock_twice_left,12,0.030364,7.885471,5.543498,0.304723,-0.042139,-0.144762
479032500.000,Miguel,recording,knock_twice_left,12,0.079525,7.883116,5.467703,0.276089,-0.050442,-0.140900
479032510.000,Miguel,recording,knock_twice_left,12,0.076714,7.885515,5.339783,0.239070,-0.057845,-0.142178
479032520.000,Miguel,recording,knock_twice_left,12,0.020525,7.896159,5.272698,0.193466,-0.067320,-0.144710
479032530.000,Miguel,recording,knock_twice_left,12,-0.038311,7.921450,5.300475,0.147751,-0.080443,-0.145426
479032540.000,Miguel,recording,knock_twice_left,12,-0.051667,7.894217,5.374820,0.113385,-0.097712,-0.142995
479032550.000,Miguel,recording,knock_twice_left,12,-0.039950,7.948713,5.464941,0.096265,-0.110747,-0.138847
479032560.000,Miguel,recording,knock_twice_left,12,-0.033463,7.988487,5.498590,0.095333,-0.111205,-0.136172
479032570.000,Miguel,recording,knock_twice_left,12,-0.024801,8.005599,5.569383,0.104028,-0.101841,-0.133666
479032580.000,Miguel,recording,knock_twice_left,12,-0.091176,8.017530,5.471581,0.111205,-0.090759,-0.125901
479032590.000,Miguel,recording,knock_twice_left,12,-0.164552,8.062507,5.380635,0.107112,-0.086517,-0.108345
479032600.000,Miguel,recording,knock_twice_left,12,-0.185903,8.053458,5.308440,0.091326,-0.094849,-0.082617
479032610.000,Miguel,recording,knock_twice_left,12,-0.164604,8.007002,5.272659,0.066681,-0.111976,-0.056278
479032620.000,Miguel,recording,knock_twice_left,12,-0.068385,7.974811,5.174747,0.032510,-0.130111,-0.035845
479032630.000,Miguel,recording,knock_twice_left,12,0.077637,7.953668,5.126541,-0.008429,-0.147477,-0.025943
479032640.000,Miguel,recording,knock_twice_left,12,0.207547,7.941270,5.285673,-0.045142,-0.173977,-0.031484
479032650.000,Miguel,recording,knock_twice_left,12,0.317381,7.794615,5.540215,-0.064131,-0.219190,-0.056257
479032660.000,Miguel,recording,knock_twice_left,12,0.354454,7.702356,5.768050,-0.058339,-0.276589,-0.098370
479032670.000,Miguel,recording,knock_twice_left,12,0.342606,7.669257,5.763188,-0.033448,-0.324481,-0.146732
479032680.000,Miguel,recording,knock_twice_left,12,0.363226,7.700964,5.668463,-0.001546,-0.338524,-0.188758
479032690.000,Miguel,recording,knock_twice_left,12,0.402676,7.765120,5.485944,0.031514,-0.309426,-0.220392
479032700.000,Miguel,recording,knock_twice_left,12,0.430062,7.826060,5.377312,0.065102,-0.241604,-0.244400
479032710.000,Miguel,recording,knock_twice_left,12,0.407342,7.914710,5.287632,0.100471,-0.140741,-0.264191
479032720.000,Miguel,recording,knock_twice_left,12,0.349153,7.952815,5.345781,0.140310,-0.010701,-0.277780
479032730.000,Miguel,recording,knock_twice_left,12,0.227279,7.988990,5.401737,0.184341,0.142468,-0.279417
479032740.000,Miguel,recording,knock_twice_left,12,0.095197,8.065987,5.362023,0.224370,0.301187,-0.267295
479032750.000,Miguel,recording,knock_twice_left,12,-0.023113,8.179230,5.253061,0.250383,0.438429,-0.244813
479032760.000,Miguel,recording,knock_twice_left,12,-0.105592,8.292964,5.245011,0.258818,0.536813,-0.215904
479032770.000,Miguel,recording,knock_twice_left,12,-0.187984,8.323052,5.217206,0.247225,0.594406,-0.183101
479032780.000,Miguel,recording,knock_twice_left,12,-0.226247,8.297528,5.292269,0.214188,0.608564,-0.151391
479032790.000,Miguel,recording,knock_twice_left,12,-0.257059,8.206487,5.473759,0.167363,0.575137,-0.127359
479032800.000,Miguel,recording,knock_twice_left,12,-0.311184,8.112344,5.731021,0.122637,0.499086,-0.111811
479032810.000,Miguel,recording,knock_twice_left,12,-0.349348,8.135653,5.936052,0.088727,0.394148,-0.096932
479032820.000,Miguel,recording,knock_twice_left,12,-0.481247,8.205208,5.973350,0.062456,0.275444,-0.072972
479032830.000,Miguel,recording,knock_twice_left,12,-0.585446,8.264357,5.977963,0.039493,0.150147,-0.035056
479032840.000,Miguel,recording,knock_twice_left,12,-0.612486,8.249338,5.880765,0.014408,0.024968,0.013750
479032850.000,Miguel,recording,knock_twice_left,12,-0.498206,8.144964,5.756232,-0.014968,-0.086052,0.058961
479032860.000,Miguel,recording,knock_twice_left,12,-0.298643,8.092213,5.714484,-0.041967,-0.168005,0.084641
479032870.000,Miguel,recording,knock_twice_left,12,-0.130942,8.090580,5.743519,-0.060455,-0.210541,0.088236
479032880.000,Miguel,recording,knock_twice_left,12,-0.066477,8.095610,5.742139,-0.067835,-0.213032,0.076409
479032890.000,Miguel,recording,knock_twice_left,12,-0.002900,8.081203,5.767826,-0.062439,-0.185333,0.056722
479032900.000,Miguel,recording,knock_twice_left,12,-0.019510,8.099647,5.806712,-0.045534,-0.142138,0.036593
479032910.000,Miguel,recording,knock_twice_left,12,-0.095870,8.130605,5.790762,-0.021336,-0.099922,0.021367
479032920.000,Miguel,recording,knock_twice_left,12,-0.126233,8.139309,5.715918,0.002757,-0.070728,0.012876
479032930.000,Miguel,recording,knock_twice_left,12,-0.165438,8.120426,5.639797,0.021366,-0.058997,0.009824
479032940.000,Miguel,recording,knock_twice_left,12,-0.207153,8.094721,5.595945,0.034630,-0.062769,0.010981
479032950.000,Miguel,recording,knock_twice_left,12,-0.188602,8.041504,5.514373,0.043657,-0.072682,0.013937
479032960.000,Miguel,recording,knock_twice_left,12,-0.183200,8.037360,5.491315,0.051476,-0.076655,0.014155
479032970.000,Miguel,recording,knock_twice_left,12,-0.162241,8.045514,5.500206,0.062147,-0.067979,0.012388
479032980.000,Miguel,recording,knock_twice_left,12,-0.179726,8.024839,5.448370,0.075720,-0.050080,0.012580
479032990.000,Miguel,recording,knock_twice_left,12,-0.157083,8.015812,5.374588,0.088667,-0.030642,0.013485
479033000.000,Miguel,recording,knock_twice_left,12,-0.172463,8.031770,5.295979,0.096392,-0.014721,0.013495
479033010.000,Miguel,recording,knock_twice_left,12,-0.169709,8.050494,5.186913,0.095165,-0.004718,0.014606
479033020.000,Miguel,recording,knock_twice_left,12,-0.136127,8.054685,5.123911,0.084727,-0.000993,0.016237
479033030.000,Miguel,recording,knock_twice_left,12,-0.127007,8.116890,5.099725,0.067333,-0.004253,0.016551
479033040.000,Miguel,recording,knock_twice_left,12,-0.120426,8.077400,5.089254,0.045859,-0.016700,0.015735
479033050.000,Miguel,recording,knock_twice_left,12,-0.116291,8.054726,5.076630,0.023740,-0.036988,0.013863
479033060.000,Miguel,recording,knock_twice_left,12,-0.095105,8.030888,5.124145,0.004279,-0.056188,0.009865
479033070.000,Miguel,recording,knock_twice_left,12,-0.073032,7.997666,5.204253,-0.007630,-0.065829,0.003711
479033080.000,Miguel,recording,knock_twice_left,12,-0.027004,7.990425,5.317887,-0.007005,-0.065460,-0.003520
479033090.000,Miguel,recording,knock_twice_left,12,-0.035930,8.013277,5.346786,0.004374,-0.053559,-0.010727
479033100.000,Miguel,recording,knock_twice_left,12,0.012213,8.005132,5.395014,0.021900,-0.028988,-0.017727
479033110.000,Miguel,recording,knock_twice_left,12,-0.082797,8.120872,5.422661,0.042565,-0.005677,-0.026457
479033120.000,Miguel,recording,knock_twice_left,12,-0.158079,8.024512,5.351549,0.061445,-0.001777,-0.037147
479033130.000,Miguel,recording,knock_twice_left,12,-0.164123,7.924800,5.175496,0.071546,-0.014866,-0.045608
479033140.000,Miguel,recording,knock_twice_left,12,0.292721,7.780870,5.024978,0.071664,-0.026561,-0.052675
479033150.000,Miguel,recording,knock_twice_left,12,2.139736,7.499513,4.976279,0.071826,-0.021637,-0.093081
479033160.000,Miguel,recording,knock_twice_left,12,1.176630,8.249392,5.577232,0.069316,0.009743,-0.202068
479033170.000,Miguel,recording,knock_twice_left,12,0.861815,8.358732,4.977780,0.041203,0.057199,-0.326918
479033180.000,Miguel,recording,knock_twice_left,12,-0.828657,8.234248,5.385989,-0.004622,0.110244,-0.376324
479033190.000,Miguel,recording,knock_twice_left,12,-1.602950,8.564101,5.643895,-0.033900,0.172980,-0.317809
479033200.000,Miguel,recording,knock_twice_left,12,-2.251838,8.809361,6.067665,-0.033797,0.226414,-0.168435
479033210.000,Miguel,recording,knock_twice_left,12,-2.440620,8.981774,6.165841,-0.013368,0.230159,0.036643
479033220.000,Miguel,recording,knock_twice_left,12,-2.134908,8.761864,5.990378,0.013608,0.155303,0.253066
479033230.000,Miguel,recording,knock_twice_left,12,-1.499871,8.101695,5.606052,0.031594,0.024404,0.429727
479033240.000,Miguel,recording,knock_twice_left,12,-0.494135,7.804553,5.075093,0.013600,-0.094778,0.516365
479033250.000,Miguel,recording,knock_twice_left,12,0.401760,8.202127,4.679847,-0.050170,-0.170692,0.493753
479033260.000,Miguel,recording,knock_twice_left,12,0.729818,8.591401,4.738084,-0.123985,-0.224466,0.405700
479033270.000,Miguel,recording,knock_twice_left,12,0.576494,8.450534,5.027427,-0.169928,-0.261925,0.319587
479033280.000,Miguel,recording,knock_twice_left,12,0.180890,8.093641,5.386100,-0.176927,-0.266625,0.268532
479033290.000,Miguel,recording,knock_twice_left,12,0.375362,7.439708,5.624876,-0.142709,-0.244218,0.239132
479033300.000,Miguel,recording,knock_twice_left,12,1.243061,7.264769,5.798008,-0.077412,-0.224036,0.176382
479033310.000,Miguel,recording,knock_twice_left,12,1.863034,7.452029,5.615882,-0.012701,-0.212487,0.035567
479033320.000,Miguel,recording,knock_twice_left,12,1.949375,7.373585,5.154049,0.018879,-0.175752,-0.160522
479033330.000,Miguel,recording,knock_twice_left,12,1.162287,7.552111,4.842138,0.011281,-0.082410,-0.342838
479033340.000,Miguel,recording,knock_twice_left,12,0.026633,7.959824,4.917331,-0.014623,0.061757,-0.444363
479033350.000,Miguel,recording,knock_twice_left,12,-1.145788,8.469781,5.287978,-0.028828,0.210641,-0.430248
479033360.000,Miguel,recording,knock_twice_left,12,-1.874871,8.505858,5.856595,-0.009352,0.322567,-0.312594
479033370.000,Miguel,recording,knock_twice_left,12,-1.952784,8.397042,6.223556,0.044988,0.386347,-0.140403
479033380.000,Miguel,recording,knock_twice_left,12,-1.444808,8.372274,6.234909,0.112863,0.391675,0.026666
479033390.000,Miguel,recording,knock_twice_left,12,-0.799199,8.351477,5.959525,0.165183,0.337521,0.147738
479033400.000,Miguel,recording,knock_twice_left,12,-0.315644,8.213105,5.551647,0.180161,0.237575,0.218028
479033410.000,Miguel,recording,knock_twice_left,12,-0.079417,7.921308,4.930769,0.145683,0.110780,0.249861
479033420.000,Miguel,recording,knock_twice_left,12,0.624455,8.165151,4.459502,0.060065,0.007074,0.230630
479033430.000,Miguel,recording,knock_twice_left,12,1.072082,8.432964,4.297508,-0.061101,-0.031853,0.151398
479033440.000,Miguel,recording,knock_twice_left,12,1.037382,8.369105,4.420684,-0.186288,-0.020208,0.048580
479033450.000,Miguel,recording,knock_twice_left,12,0.771612,8.148533,4.844923,-0.283797,0.012671,-0.038265
479033460.000,Miguel,recording,knock_twice_left,12,0.450636,7.991892,5.393281,-0.336184,0.047831,-0.098646
479033470.000,Miguel,recording,knock_twice_left,12,0.054686,7.773965,5.840477,-0.340799,0.073477,-0.136285
479033480.000,Miguel,recording,knock_twice_left,12,-0.171508,7.648783,6.167262,-0.303438,0.083500,-0.156074
479033490.000,Miguel,recording,knock_twice_left,12,-0.332710,7.714428,6.392587,-0.234894,0.076335,-0.161261
479033500.000,Miguel,recording,knock_twice_left,12,-0.421626,7.878427,6.434944,-0.147736,0.059176,-0.150796
479033510.000,Miguel,recording,knock_twice_left,12,-0.480549,8.042682,6.442824,-0.051143,0.042760,-0.123224
479033520.000,Miguel,recording,knock_twice_left,12,-0.508689,8.072508,6.300816,0.046017,0.034405,-0.082371
479033530.000,Miguel,recording,knock_twice_left,12,-0.434438,8.063881,6.031164,0.130011,0.039124,-0.037961
479033540.000,Miguel,recording,knock_twice_left,12,-0.333023,8.127390,5.716192,0.184665,0.052534,-0.001214
479033550.000,Miguel,recording,knock_twice_left,12,-0.227902,8.198724,5.473096,0.204484,0.062971,0.022142
479033560.000,Miguel,recording,knock_twice_left,12,-0.137643,8.207848,5.301817,0.196110,0.063212,0.033235
479033570.000,Miguel,recording,knock_twice_left,12,-0.041154,8.200682,5.145132,0.166510,0.053208,0.033582
479033580.000,Miguel,recording,knock_twice_left,12,0.027373,8.183433,5.056491,0.123180,0.038751,0.024023
479033590.000,Miguel,recording,knock_twice_left,12,0.019320,8.218108,5.033295,0.075431,0.026074,0.008808
479033600.000,Miguel,recording,knock_twice_left,12,-0.081619,8.190894,5.105308,0.032865,0.016735,-0.006577
479033610.000,Miguel,recording,knock_twice_left,12,-0.171000,8.094977,5.259768,0.003849,0.009257,-0.017112
479033620.000,Miguel,recording,knock_twice_left,12,-0.249977,7.981439,5.405188,-0.007851,0.004043,-0.020534
479033630.000,Miguel,recording,knock_twice_left,12,-0.314828,7.931239,5.522912,-0.002801,0.002632,-0.019798
479033640.000,Miguel,recording,knock_twice_left,12,-0.382581,8.050558,5.568756,0.016998,0.005487,-0.017601
479033650.000,Miguel,recording,knock_twice_left,12,-0.466281,8.110846,5.511535,0.048096,0.017844,-0.009694
479033660.000,Miguel,recording,knock_twice_left,12,-0.521881,8.091494,5.362222,0.083130,0.048661,0.008108
479033670.000,Miguel,recording,knock_twice_left,12,-0.506189,8.122418,5.186194,0.112362,0.096748,0.031530
479033680.000,Miguel,recording,knock_twice_left,12,-0.511179,8.166334,5.082583,0.130969,0.146479,0.053152
479033690.000,Miguel,recording,knock_twice_left,12,-0.527238,8.189208,5.023693,0.139217,0.183822,0.069649
479033700.000,Miguel,recording,knock_twice_left,12,-0.507309,8.151254,4.913119,0.136858,0.205381,0.081607
479033710.000,Miguel,recording,knock_twice_left,12,-0.608612,8.237315,4.978102,0.129145,0.217384,0.089003
479033720.000,Miguel,recording,knock_twice_left,12,-0.885624,8.347784,5.119037,0.129345,0.240594,0.097928
479033730.000,Miguel,recording,knock_twice_left,12,-1.000205,8.281735,5.198204,0.148668,0.299918,0.121428
479033740.000,Miguel,recording,knock_twice_left,12,-1.006405,8.279225,5.297598,0.193090,0.413416,0.158576
479033750.000,Miguel,recording,knock_twice_left,12,-0.844280,8.237660,5.316456,0.260911,0.592268,0.193242
479033760.000,Miguel,recording,knock_twice_left,12,-0.646404,8.235348,5.219350,0.344235,0.823328,0.214268
479033770.000,Miguel,recording,knock_twice_left,12,-0.422161,8.187865,5.131909,0.433160,1.061902,0.220106
479033780.000,Miguel,recording,knock_twice_left,12,-0.283642,8.264236,4.872323,0.505530,1.262043,0.216400
479033790.000,Miguel,recording,knock_twice_left,12,-0.172144,8.395029,4.556395,0.531601,1.392855,0.211144
479033800.000,Miguel,recording,knock_twice_left,12,-0.133878,8.476768,4.440343,0.499510,1.430305,0.202899
479033810.000,Miguel,recording,knock_twice_left,12,-0.257912,8.497231,4.502020,0.417972,1.362988,0.188379
479033820.000,Miguel,recording,knock_twice_left,12,-0.541220,8.398358,4.636080,0.301226,1.192028,0.175826
479033830.000,Miguel,recording,knock_twice_left,12,-0.824399,8.219088,4.806389,0.165080,0.925239,0.176705
479033840.000,Miguel,recording,knock_twice_left,12,-0.978160,8.148528,4.925589,0.028071,0.588918,0.190958
479033850.000,Miguel,recording,knock_twice_left,12,-0.966849,8.180807,4.996844,-0.099359,0.224267,0.209463
479033860.000,Miguel,recording,knock_twice_left,12,-0.838839,8.204204,5.043221,-0.212241,-0.117740,0.227367
479033870.000,Miguel,recording,knock_twice_left,12,-0.652978,8.311535,5.096452,-0.301999,-0.386046,0.243966
479033880.000,Miguel,recording,knock_twice_left,12,-0.481268,8.376825,5.095750,-0.363964,-0.552809,0.258662
479033890.000,Miguel,recording,knock_twice_left,12,-0.340867,8.413992,5.099313,-0.400326,-0.613331,0.270993
479033900.000,Miguel,recording,knock_twice_left,12,-0.199184,8.472819,5.161087,-0.416246,-0.585592,0.279843
479033910.000,Miguel,recording,knock_twice_left,12,-0.100545,8.389304,5.265420,-0.414992,-0.507897,0.282112
479033920.000,Miguel,recording,knock_twice_left,12,0.004214,8.255948,5.408397,-0.399095,-0.420144,0.274291
479033930.000,Miguel,recording,knock_twice_left,12,0.173614,8.110453,5.520611,-0.373219,-0.347871,0.253549
479033940.000,Miguel,recording,knock_twice_left,12,0.318795,8.059480,5.688561,-0.340716,-0.300869,0.218952
479033950.000,Miguel,recording,knock_twice_left,12,0.392024,8.008941,5.806850,-0.301008,-0.281687,0.174099
479033960.000,Miguel,recording,knock_twice_left,12,0.353065,8.019279,5.831106,-0.258766,-0.286184,0.126168
479033970.000,Miguel,recording,knock_twice_left,12,0.227903,7.978462,5.735080,-0.224207,-0.301481,0.084039
479033980.000,Miguel,recording,knock_twice_left,12,0.152208,7.968317,5.628326,-0.200389,-0.315917,0.053504
479033990.000,Miguel,recording,knock_twice_left,12,0.122034,7.940316,5.553659,-0.183703,-0.325304,0.033421
479034000.000,Miguel,recording,knock_twice_left,12,0.092270,8.023622,5.414647,-0.172681,-0.329012,0.021337
479034010.000,Miguel,recording,knock_twice_left,12,0.079399,8.033194,5.295066,-0.168827,-0.327329,0.017010
479034020.000,Miguel,recording,knock_twice_left,12,0.091006,8.050861,5.193925,-0.170927,-0.319386,0.017925
479034030.000,Miguel,recording,knock_twice_left,12,0.074609,8.037065,5.154568,-0.173958,-0.302670,0.019488
479034040.000,Miguel,recording,knock_twice_left,13,0.051300,8.021442,5.111313,-0.175069,-0.272640,0.020713
479034050.000,Miguel,recording,knock_twice_left,13,-0.003471,7.988731,5.144765,-0.172720,-0.223576,0.022903
479034060.000,Miguel,recording,knock_twice_left,13,0.047073,7.936520,5.266848,-0.157982,-0.149336,0.023804
479034070.000,Miguel,recording,knock_twice_left,13,0.136657,7.923155,5.501746,-0.119295,-0.045238,0.019127
479034080.000,Miguel,recording,knock_twice_left,13,0.252417,7.874628,5.661718,-0.053209,0.083608,0.007718
479034090.000,Miguel,recording,knock_twice_left,13,0.341559,7.850273,5.809371,0.036136,0.216326,-0.011187
479034100.000,Miguel,recording,knock_twice_left,13,0.384974,7.839770,5.879989,0.141855,0.328258,-0.038924
479034110.000,Miguel,recording,knock_twice_left,13,0.316548,7.806532,5.781717,0.253037,0.411162,-0.071802
479034120.000,Miguel,recording,knock_twice_left,13,0.217765,7.777799,5.536582,0.352020,0.469577,-0.103028
479034130.000,Miguel,recording,knock_twice_left,13,0.090114,7.846465,5.257652,0.419954,0.505518,-0.127260
479034140.000,Miguel,recording,knock_twice_left,13,0.011713,7.891049,4.977070,0.451054,0.517842,-0.144231
479034150.000,Miguel,recording,knock_twice_left,13,-0.058524,7.943941,4.855052,0.451540,0.506015,-0.157210
479034160.000,Miguel,recording,knock_twice_left,13,-0.170794,8.105461,4.739817,0.421181,0.472604,-0.165818
479034170.000,Miguel,recording,knock_twice_left,13,-0.348278,8.216457,4.648431,0.356796,0.417323,-0.165264
479034180.000,Miguel,recording,knock_twice_left,13,-0.439975,8.281047,4.681212,0.267735,0.333094,-0.154309
479034190.000,Miguel,recording,knock_twice_left,13,-0.437780,8.289073,4.767362,0.170633,0.218680,-0.138610
479034200.000,Miguel,recording,knock_twice_left,13,-0.371198,8.315884,4.931221,0.081218,0.085745,-0.124281
479034210.000,Miguel,recording,knock_twice_left,13,-0.253057,8.274908,5.115453,0.013795,-0.045272,-0.115677
479034220.000,Miguel,recording,knock_twice_left,13,-0.184974,8.296819,5.301619,-0.025138,-0.149692,-0.116704
479034230.000,Miguel,recording,knock_twice_left,13,-0.208969,8.341348,5.450549,-0.036071,-0.208338,-0.126121
479034240.000,Miguel,recording,knock_twice_left,13,-0.275997,8.304983,5.559083,-0.022419,-0.215817,-0.134623
479034250.000,Miguel,recording,knock_twice_left,13,-0.361259,8.257726,5.582265,0.009640,-0.183074,-0.134336
479034260.000,Miguel,recording,knock_twice_left,13,-0.280982,8.304101,5.620653,0.049046,-0.138991,-0.127275
479034270.000,Miguel,recording,knock_twice_left,13,-0.185378,8.445283,5.561953,0.079910,-0.117192,-0.123050
479034280.000,Miguel,recording,knock_twice_left,13,-0.093798,8.496837,5.523805,0.092718,-0.135326,-0.130475
479034290.000,Miguel,recording,knock_twice_left,13,-0.040723,8.447220,5.527409,0.088540,-0.190507,-0.150848
479034300.000,Miguel,recording,knock_twice_left,13,-0.021359,8.370104,5.600941,0.075194,-0.273599,-0.180487
479034310.000,Miguel,recording,knock_twice_left,13,-0.033347,8.302468,5.733090,0.062066,-0.370842,-0.215280
479034320.000,Miguel,recording,knock_twice_left,13,-0.138891,8.193090,5.794594,0.054818,-0.455472,-0.249218
479034330.000,Miguel,recording,knock_twice_left,13,-0.273181,8.196692,5.844749,0.059910,-0.507422,-0.272555
479034340.000,Miguel,recording,knock_twice_left,13,-0.363889,8.259875,5.914569,0.083198,-0.524955,-0.279850
479034350.000,Miguel,recording,knock_twice_left,13,-0.424405,8.327934,5.909803,0.122812,-0.508710,-0.275052
479034360.000,Miguel,recording,knock_twice_left,13,-0.478195,8.440458,5.736759,0.167675,-0.461235,-0.261818
479034370.000,Miguel,recording,knock_twice_left,13,-0.533066,8.495201,5.482731,0.201380,-0.393227,-0.239352
479034380.000,Miguel,recording,knock_twice_left,13,-0.558240,8.510666,5.263174,0.213458,-0.319692,-0.208660
479034390.000,Miguel,recording,knock_twice_left,13,-0.577735,8.510260,5.108898,0.207286,-0.259465,-0.173683
479034400.000,Miguel,recording,knock_twice_left,13,-0.540703,8.520396,5.107035,0.194041,-0.227627,-0.138415
479034410.000,Miguel,recording,knock_twice_left,13,-0.489386,8.381960,5.124357,0.177722,-0.219802,-0.107634
479034420.000,Miguel,recording,knock_twice_left,13,-0.469248,8.247253,5.084093,0.156131,-0.214462,-0.086976
479034430.000,Miguel,recording,knock_twice_left,13,-0.456993,8.214670,5.079722,0.131324,-0.203250,-0.076474
479034440.000,Miguel,recording,knock_twice_left,13,-0.459534,8.307919,5.062909,0.107338,-0.198785,-0.067944
479034450.000,Miguel,recording,knock_twice_left,13,-0.460972,8.394175,5.003369,0.086088,-0.213366,-0.055788
479034460.000,Miguel,recording,knock_twice_left,13,-0.432305,8.479010,4.938231,0.067450,-0.252196,-0.043022
479034470.000,Miguel,recording,knock_twice_left,13,-0.366506,8.453730,4.898256,0.049024,-0.309034,-0.035141
479034480.000,Miguel,recording,knock_twice_left,13,-0.378231,8.334232,4.748535,0.026536,-0.364544,-0.033549
479034490.000,Miguel,recording,knock_twice_left,13,-0.398141,8.258187,4.589384,-0.003324,-0.398447,-0.034400
479034500.000,Miguel,recording,knock_twice_left,13,-0.403243,8.183119,4.523900,-0.040324,-0.399642,-0.034589
479034510.000,Miguel,recording,knock_twice_left,13,-0.347173,8.162112,4.398434,-0.083640,-0.368693,-0.032659
479034520.000,Miguel,recording,knock_twice_left,13,-0.351374,8.189289,4.456341,-0.129407,-0.318495,-0.028440
479034530.000,Miguel,recording,knock_twice_left,13,-0.417969,8.187089,4.605525,-0.167657,-0.267747,-0.024584
479034540.000,Miguel,recording,knock_twice_left,13,-0.492240,8.172394,4.741771,-0.192820,-0.226801,-0.020536
479034550.000,Miguel,recording,knock_twice_left,13,-0.577246,8.136531,4.836674,-0.205629,-0.192347,-0.011361
479034560.000,Miguel,recording,knock_twice_left,13,-0.722676,8.131499,4.916581,-0.208327,-0.157573,0.006759
479034570.000,Miguel,recording,knock_twice_left,13,-0.829129,8.163401,4.926875,-0.204609,-0.120097,0.036253
479034580.000,Miguel,recording,knock_twice_left,13,-0.900784,8.212883,4.933783,-0.196987,-0.081837,0.078204
479034590.000,Miguel,recording,knock_twice_left,13,-0.868744,8.235122,4.867276,-0.189804,-0.046140,0.131375
479034600.000,Miguel,recording,knock_twice_left,13,-0.650374,8.299447,4.852325,-0.187631,-0.010555,0.191414
479034610.000,Miguel,recording,knock_twice_left,13,-0.336996,8.361017,4.888037,-0.187977,0.031737,0.243853
479034620.000,Miguel,recording,knock_twice_left,13,-0.019765,8.373600,5.004338,-0.184094,0.085636,0.268143
479034630.000,Miguel,recording,knock_twice_left,13,0.191757,8.275006,5.184220,-0.168757,0.153253,0.256345
479034640.000,Miguel,recording,knock_twice_left,13,0.209965,8.133823,5.393876,-0.139400,0.230533,0.218045
479034650.000,Miguel,recording,knock_twice_left,13,0.119014,8.149779,5.483690,-0.101925,0.304782,0.174036
479034660.000,Miguel,recording,knock_twice_left,13,-0.015433,8.218109,5.515044,-0.062672,0.364128,0.142735
479034670.000,Miguel,recording,knock_twice_left,13,-0.072765,8.326412,5.537684,-0.027238,0.405335,0.128714
479034680.000,Miguel,recording,knock_twice_left,13,-0.081486,8.343424,5.524677,-0.001020,0.429779,0.126957
479034690.000,Miguel,recording,knock_twice_left,13,-0.059481,8.364920,5.514884,0.014658,0.438239,0.130154
479034700.000,Miguel,recording,knock_twice_left,13,-0.054243,8.366931,5.541346,0.022311,0.428394,0.132209
479034710.000,Miguel,recording,knock_twice_left,13,-0.063036,8.325439,5.626360,0.029990,0.401426,0.128358
479034720.000,Miguel,recording,knock_twice_left,13,-0.099719,8.254251,5.710180,0.046766,0.371305,0.117474
479034730.000,Miguel,recording,knock_twice_left,13,-0.143675,8.227084,5.747326,0.074344,0.355827,0.104715
479034740.000,Miguel,recording,knock_twice_left,13,-0.161881,8.282210,5.705042,0.106635,0.355954,0.095930
479034750.000,Miguel,recording,knock_twice_left,13,-0.197811,8.371104,5.707275,0.134670,0.354685,0.093487
479034760.000,Miguel,recording,knock_twice_left,13,-0.216938,8.345047,5.570230,0.151219,0.337810,0.098018
479034770.000,Miguel,recording,knock_twice_left,13,-0.210548,8.313910,5.483837,0.153660,0.308218,0.105752
479034780.000,Miguel,recording,knock_twice_left,13,-0.098380,8.271085,5.406249,0.144280,0.279030,0.106819
479034790.000,Miguel,recording,knock_twice_left,13,0.027733,8.294563,5.430637,0.127520,0.259917,0.093926
479034800.000,Miguel,recording,knock_twice_left,13,0.075514,8.325032,5.450120,0.109061,0.249658,0.067884
479034810.000,Miguel,recording,knock_twice_left,13,0.016789,8.348092,5.478174,0.091834,0.239418,0.035343
479034820.000,Miguel,recording,knock_twice_left,13,-0.032206,8.375729,5.454910,0.073305,0.223770,0.004894
479034830.000,Miguel,recording,knock_twice_left,13,-0.098580,8.446055,5.397872,0.050699,0.202486,-0.018626
479034840.000,Miguel,recording,knock_twice_left,13,-0.222593,8.514614,5.369094,0.024923,0.170834,-0.031761
479034850.000,Miguel,recording,knock_twice_left,13,-0.365403,8.458051,5.383383,-0.001225,0.123125,-0.029346
479034860.000,Miguel,recording,knock_twice_left,13,-0.488340,8.380946,5.289180,-0.030862,0.066762,-0.010899
479034870.000,Miguel,recording,knock_twice_left,13,-0.504393,8.396672,5.205968,-0.069996,0.012572,0.017318
479034880.000,Miguel,recording,knock_twice_left,13,-0.462535,8.399552,5.224870,-0.114540,-0.041629,0.046610
479034890.000,Miguel,recording,knock_twice_left,13,-0.346649,8.426966,5.326080,-0.154030,-0.100340,0.068716
479034900.000,Miguel,recording,knock_twice_left,13,-0.280053,8.441082,5.462278,-0.180212,-0.158534,0.082415
479034910.000,Miguel,recording,knock_twice_left,13,-0.249509,8.437772,5.604067,-0.188116,-0.208272,0.091734
479034920.000,Miguel,recording,knock_twice_left,13,-0.244961,8.351531,5.818242,-0.173800,-0.249156,0.098218
479034930.000,Miguel,recording,knock_twice_left,13,-0.246725,8.211345,5.958117,-0.131298,-0.286871,0.103107
479034940.000,Miguel,recording,knock_twice_left,13,-0.218932,8.068525,5.991555,-0.060306,-0.316361,0.106989
479034950.000,Miguel,recording,knock_twice_left,13,-0.140757,8.083663,5.815382,0.024065,-0.318810,0.107232
479034960.000,Miguel,recording,knock_twice_left,13,-0.047942,8.082515,5.610041,0.104063,-0.285653,0.101809
479034970.000,Miguel,recording,knock_twice_left,13,0.041482,8.112842,5.387093,0.171280,-0.229617,0.090651
479034980.000,Miguel,recording,knock_twice_left,13,0.065333,8.146357,5.158943,0.220833,-0.166048,0.075262
479034990.000,Miguel,recording,knock_twice_left,13,0.078846,8.177434,4.987708,0.250760,-0.102525,0.057595
479035000.000,Miguel,recording,knock_twice_left,13,0.058099,8.188444,4.869216,0.262833,-0.044114,0.038876
479035010.000,Miguel,recording,knock_twice_left,13,0.091193,8.162308,4.786357,0.261514,0.008930,0.020652
479035020.000,Miguel,recording,knock_twice_left,13,0.090953,8.202433,4.760982,0.252293,0.054592,0.002940
479035030.000,Miguel,recording,knock_twice_left,13,0.094784,8.246226,4.748469,0.239777,0.086758,-0.013066
479035040.000,Miguel,recording,knock_twice_left,13,-0.004829,8.314610,4.727686,0.226168,0.104168,-0.023966
479035050.000,Miguel,recording,knock_twice_left,13,0.012986,8.333763,4.686144,0.208640,0.107674,-0.028332
479035060.000,Miguel,recording,knock_twice_left,13,-0.028844,8.308826,4.640977,0.185405,0.096917,-0.029201
479035070.000,Miguel,recording,knock_twice_left,13,-0.058463,8.325807,4.581351,0.155436,0.071044,-0.028525
479035080.000,Miguel,recording,knock_twice_left,13,-0.076759,8.309253,4.505683,0.114681,0.033205,-0.026513
479035090.000,Miguel,recording,knock_twice_left,13,-0.073300,8.320198,4.434072,0.064005,-0.008987,-0.026049
479035100.000,Miguel,recording,knock_twice_left,13,-0.059978,8.298544,4.484441,0.012953,-0.046989,-0.028507
479035110.000,Miguel,recording,knock_twice_left,13,-0.111291,8.282726,4.576182,-0.028462,-0.070723,-0.029861
479035120.000,Miguel,recording,knock_twice_left,13,-0.137483,8.282096,4.608155,-0.057958,-0.072988,-0.025093
479035130.000,Miguel,recording,knock_twice_left,13,-0.123006,8.236149,4.661283,-0.078365,-0.054500,-0.016804
479035140.000,Miguel,recording,knock_twice_left,13,-0.037119,8.236864,4.677287,-0.090348,-0.023331,-0.011412
479035150.000,Miguel,recording,knock_twice_left,13,0.056110,8.170639,4.838598,-0.090543,0.003371,-0.011814
479035160.000,Miguel,recording,knock_twice_left,13,0.120285,8.104891,4.989857,-0.078791,0.010731,-0.019108
479035170.000,Miguel,recording,knock_twice_left,13,0.101186,8.112504,5.043889,-0.060862,-0.000619,-0.031471
479035180.000,Miguel,recording,knock_twice_left,13,0.051979,8.140783,4.998324,-0.044564,-0.024126,-0.042944
479035190.000,Miguel,recording,knock_twice_left,13,0.023751,8.145486,4.943409,-0.033233,-0.050747,-0.050853
479035200.000,Miguel,recording,knock_twice_left,13,0.027612,8.166766,4.917482,-0.023805,-0.067402,-0.056440
479035210.000,Miguel,recording,knock_twice_left,13,0.080474,8.177097,4.914953,-0.013147,-0.063119,-0.060524
479035220.000,Miguel,recording,knock_twice_left,13,0.066239,8.205575,4.949986,0.002099,-0.041524,-0.065100
479035230.000,Miguel,recording,knock_twice_left,13,0.063947,8.172935,5.000349,0.026483,-0.018593,-0.072604
479035240.000,Miguel,recording,knock_twice_left,13,0.154190,8.084725,4.973397,0.059498,0.000600,-0.087298
479035250.000,Miguel,recording,knock_twice_left,13,0.311500,8.050166,4.908093,0.096721,0.028342,-0.114058
479035260.000,Miguel,recording,knock_twice_left,13,0.340035,8.109146,4.774322,0.134094,0.076788,-0.151106
479035270.000,Miguel,recording,knock_twice_left,13,0.167124,8.154099,4.671409,0.163135,0.140667,-0.186085
479035280.000,Miguel,recording,knock_twice_left,13,-0.072901,8.203955,4.533626,0.173311,0.201564,-0.205199
479035290.000,Miguel,recording,knock_twice_left,13,-0.223823,8.199854,4.438979,0.159834,0.240071,-0.207376
479035300.000,Miguel,recording,knock_twice_left,13,-0.259804,8.238756,4.390043,0.125939,0.248896,-0.202576
479035310.000,Miguel,recording,knock_twice_left,13,-0.283689,8.284277,4.413200,0.080339,0.237920,-0.199161
479035320.000,Miguel,recording,knock_twice_left,13,-0.349202,8.382939,4.470952,0.029121,0.221768,-0.195601
479035330.000,Miguel,recording,knock_twice_left,13,-0.523413,8.497546,4.585154,-0.024232,0.205970,-0.184294
479035340.000,Miguel,recording,knock_twice_left,13,-0.643581,8.520163,4.722065,-0.074293,0.186989,-0.162145
479035350.000,Miguel,recording,knock_twice_left,13,-0.677809,8.491649,4.901202,-0.115592,0.162221,-0.133678
479035360.000,Miguel,recording,knock_twice_left,13,-0.594150,8.533818,5.068261,-0.147472,0.132103,-0.107007
479035370.000,Miguel,recording,knock_twice_left,13,-0.573387,8.590740,5.186075,-0.174808,0.092234,-0.085773
479035380.000,Miguel,recording,knock_twice_left,13,-0.613789,8.603727,5.301324,-0.200852,0.033345,-0.066051
479035390.000,Miguel,recording,knock_twice_left,13,-0.674524,8.617129,5.435350,-0.225848,-0.044910,-0.045118
479035400.000,Miguel,recording,knock_twice_left,13,-0.756078,8.615604,5.503900,-0.250587,-0.125786,-0.024992
479035410.000,Miguel,recording,knock_twice_left,13,-0.861300,8.602448,5.597763,-0.274865,-0.186235,-0.005568
479035420.000,Miguel,recording,knock_twice_left,13,-0.909568,8.582248,5.689813,-0.293710,-0.213662,0.016251
479035430.000,Miguel,recording,knock_twice_left,13,-0.850245,8.574136,5.798926,-0.298676,-0.211576,0.040883
479035440.000,Miguel,recording,knock_twice_left,13,-0.679530,8.602823,5.998391,-0.281736,-0.192260,0.063705
479035450.000,Miguel,recording,knock_twice_left,13,-0.514340,8.646743,6.150827,-0.238910,-0.163848,0.078523
479035460.000,Miguel,recording,knock_twice_left,13,-0.414188,8.662073,6.276569,-0.172525,-0.130618,0.081488
479035470.000,Miguel,recording,knock_twice_left,13,-0.328461,8.559049,6.359005,-0.086801,-0.100987,0.073193
479035480.000,Miguel,recording,knock_twice_left,13,-0.335413,8.421674,6.361984,0.011887,-0.081150,0.057545
479035490.000,Miguel,recording,knock_twice_left,13,-0.331768,8.271121,6.244254,0.114200,-0.068658,0.037559
479035500.000,Miguel,recording,knock_twice_left,13,-0.352326,8.207722,6.016638,0.210463,-0.058322,0.015333
479035510.000,Miguel,recording,knock_twice_left,13,-0.384768,8.249147,5.732059,0.294524,-0.045593,-0.005581
479035520.000,Miguel,recording,knock_twice_left,13,-0.449523,8.270591,5.350178,0.363035,-0.026380,-0.019654
479035530.000,Miguel,recording,knock_twice_left,13,-0.510333,8.250472,4.996113,0.409559,0.001673,-0.024252
479035540.000,Miguel,recording,knock_twice_left,13,-0.599791,8.204110,4.654052,0.427064,0.037073,-0.019539
479035550.000,Miguel,recording,knock_twice_left,13,-0.587720,8.199112,4.359280,0.414280,0.071221,-0.006309
479035560.000,Miguel,recording,knock_twice_left,13,-0.492712,8.247844,4.170539,0.373887,0.090197,0.008317
479035570.000,Miguel,recording,knock_twice_left,13,-0.419531,8.331884,4.134676,0.312751,0.083254,0.016127
479035580.000,Miguel,recording,knock_twice_left,13,-0.333422,8.396552,4.094148,0.243908,0.050613,0.017530
479035590.000,Miguel,recording,knock_twice_left,13,-0.281028,8.418758,4.133956,0.176547,0.003285,0.016167
479035600.000,Miguel,recording,knock_twice_left,13,-0.245038,8.432346,4.144168,0.112977,-0.044199,0.012264
479035610.000,Miguel,recording,knock_twice_left,13,-0.233470,8.417974,4.261057,0.057574,-0.082792,0.007240
479035620.000,Miguel,recording,knock_twice_left,13,-0.323398,8.339786,4.419482,0.018517,-0.111242,0.005818
479035630.000,Miguel,recording,knock_twice_left,13,-0.340728,8.264243,4.575282,0.000602,-0.128127,0.009976
479035640.000,Miguel,recording,knock_twice_left,13,-0.365929,8.247397,4.723766,0.001950,-0.127592,0.017864
479035650.000,Miguel,recording,knock_twice_left,13,-0.299251,8.191954,4.775715,0.019249,-0.108089,0.025416
479035660.000,Miguel,recording,knock_twice_left,13,-0.157840,8.148996,4.837724,0.051336,-0.072467,0.027127
479035670.000,Miguel,recording,knock_twice_left,13,-0.032222,8.154541,4.859286,0.095322,-0.021014,0.018551
479035680.000,Miguel,recording,knock_twice_left,13,-0.021209,8.201405,4.814297,0.143386,0.048527,0.001093
479035690.000,Miguel,recording,knock_twice_left,13,-0.018101,8.242967,4.720136,0.184191,0.133684,-0.017331
479035700.000,Miguel,recording,knock_twice_left,13,0.023579,8.347861,4.690618,0.210787,0.220121,-0.033467
479035710.000,Miguel,recording,knock_twice_left,13,0.113782,8.469910,4.765837,0.225128,0.287570,-0.051990
479035720.000,Miguel,recording,knock_twice_left,13,0.141380,8.482772,4.838333,0.229787,0.318687,-0.073222
479035730.000,Miguel,recording,knock_twice_left,13,0.042234,8.518084,4.876826,0.223764,0.303337,-0.091697
479035740.000,Miguel,recording,knock_twice_left,13,-0.103021,8.505327,4.854708,0.204033,0.240489,-0.101828
479035750.000,Miguel,recording,knock_twice_left,13,-0.178355,8.539110,4.797172,0.168710,0.139989,-0.101898
479035760.000,Miguel,recording,knock_twice_left,13,-0.310287,8.579171,4.735656,0.119622,0.018955,-0.094699
479035770.000,Miguel,recording,knock_twice_left,13,-0.447772,8.629384,4.729111,0.063291,-0.101774,-0.081792
479035780.000,Miguel,recording,knock_twice_left,13,-0.500785,8.556022,4.765658,0.010369,-0.202797,-0.062540
479035790.000,Miguel,recording,knock_twice_left,13,-0.446601,8.489026,4.838489,-0.030703,-0.272422,-0.040570
479035800.000,Miguel,recording,knock_twice_left,13,-0.374171,8.511284,4.862532,-0.056744,-0.309450,-0.021673
479035810.000,Miguel,recording,knock_twice_left,13,-0.379089,8.526867,4.913784,-0.069241,-0.323463,-0.006421
479035820.000,Miguel,recording,knock_twice_left,13,-0.353441,8.506641,4.923687,-0.072824,-0.328220,0.006290
479035830.000,Miguel,recording,knock_twice_left,13,-0.236860,8.447063,4.941956,-0.071567,-0.333906,0.013492
479035840.000,Miguel,recording,knock_twice_left,13,-0.208389,8.442579,4.911347,-0.065658,-0.341228,0.012948
479035850.000,Miguel,recording,knock_twice_left,13,-0.238065,8.473573,4.865827,-0.056969,-0.343152,0.009921
479035860.000,Miguel,recording,knock_twice_left,13,-0.286578,8.456324,4.765281,-0.052638,-0.333882,0.010347
479035870.000,Miguel,recording,knock_twice_left,13,-0.260845,8.460692,4.659956,-0.057379,-0.317905,0.010295
479035880.000,Miguel,recording,knock_twice_left,13,-0.247840,8.473125,4.655831,-0.067954,-0.305993,0.003495
479035890.000,Miguel,recording,knock_twice_left,13,-0.286726,8.495672,4.661194,-0.079394,-0.302406,-0.006649
479035900.000,Miguel,recording,knock_twice_left,13,-0.309330,8.495043,4.674276,-0.090052,-0.303780,-0.014139
479035910.000,Miguel,recording,knock_twice_left,13,-0.319886,8.448176,4.749851,-0.095388,-0.308956,-0.018761
479035920.000,Miguel,recording,knock_twice_left,13,-0.294183,8.461319,4.812463,-0.088226,-0.319350,-0.022809
479035930.000,Miguel,recording,knock_twice_left,13,-0.297959,8.438400,4.854796,-0.064956,-0.329026,-0.026908
479035940.000,Miguel,recording,knock_twice_left,13,-0.382823,8.412343,4.795455,-0.031013,-0.324151,-0.027834
479035950.000,Miguel,recording,knock_twice_left,13,-0.460958,8.407923,4.663772,0.001228,-0.295392,-0.021747
479035960.000,Miguel,recording,knock_twice_left,13,-0.538854,8.448828,4.504688,0.023467,-0.249199,-0.005789
479035970.000,Miguel,recording,knock_twice_left,13,-0.568508,8.496656,4.417469,0.033119,-0.201902,0.020376
479035980.000,Miguel,recording,knock_twice_left,13,-0.490386,8.520411,4.322345,0.030069,-0.162986,0.049080
479035990.000,Miguel,recording,knock_twice_left,13,-0.375435,8.504986,4.324364,0.017387,-0.131879,0.068709
479036000.000,Miguel,recording,knock_twice_left,13,-0.221011,8.457079,4.388427,-0.000154,-0.106276,0.075673
479036010.000,Miguel,recording,knock_twice_left,13,-0.118229,8.473890,4.469744,-0.017384,-0.086022,0.072950
479036020.000,Miguel,recording,knock_twice_left,13,-0.021741,8.466304,4.545200,-0.029819,-0.073465,0.062137
479036030.000,Miguel,recording,knock_twice_left,13,0.041376,8.419810,4.597826,-0.037251,-0.071939,0.046285
479036040.000,Miguel,recording,knock_twice_left,13,0.020360,8.439147,4.646245,-0.040788,-0.079490,0.029262
479036050.000,Miguel,recording,knock_twice_left,13,-0.040364,8.397149,4.618097,-0.041795,-0.085424,0.015028
479036060.000,Miguel,recording,knock_twice_left,13,-0.098446,8.444903,4.590617,-0.045750,-0.078060,0.009386
479036070.000,Miguel,recording,knock_twice_left,13,-0.169084,8.497577,4.577386,-0.057492,-0.057974,0.013601
479036080.000,Miguel,recording,knock_twice_left,13,-0.192698,8.498881,4.556326,-0.077573,-0.037015,0.022264
479036090.000,Miguel,recording,knock_twice_left,13,-0.153691,8.496744,4.655032,-0.101529,-0.023935,0.029265
479036100.000,Miguel,recording,knock_twice_left,13,-0.133680,8.456016,4.776100,-0.120491,-0.020377,0.030773
479036110.000,Miguel,recording,knock_twice_left,13,-0.056155,8.389888,4.888551,-0.130036,-0.022954,0.026223
479036120.000,Miguel,recording,knock_twice_left,13,0.032436,8.377257,4.990532,-0.131198,-0.025081,0.017546
479036130.000,Miguel,recording,knock_twice_left,13,0.079601,8.407441,5.034356,-0.123979,-0.024048,0.008092
479036140.000,Miguel,recording,knock_twice_left,13,0.096601,8.433831,5.053860,-0.109872,-0.021382,-0.001305
479036150.000,Miguel,recording,knock_twice_left,13,0.104933,8.435755,5.048008,-0.094308,-0.014736,-0.012303
479036160.000,Miguel,recording,knock_twice_left,13,-0.034734,8.460618,5.052456,-0.080830,-0.000518,-0.021054
479036170.000,Miguel,recording,knock_twice_left,13,-0.138669,8.444379,5.075927,-0.067573,0.016902,-0.020756
479036180.000,Miguel,recording,knock_twice_left,13,-0.154002,8.414752,5.133373,-0.052313,0.027756,-0.014087
479036190.000,Miguel,recording,knock_twice_left,13,-0.149629,8.460967,5.149658,-0.035521,0.025832,-0.008532
479036200.000,Miguel,recording,knock_twice_left,13,-0.289362,8.590325,5.172869,-0.017721,0.011370,-0.001589
479036210.000,Miguel,recording,knock_twice_left,13,-0.401937,8.611657,5.244136,0.004821,-0.013681,0.015891
479036220.000,Miguel,recording,knock_twice_left,13,-0.430549,8.460712,5.111165,0.027454,-0.045666,0.041959
479036230.000,Miguel,recording,knock_twice_left,13,-0.257214,8.410977,4.770005,0.032074,-0.072976,0.058869
479036240.000,Miguel,recording,knock_twice_left,13,0.131500,8.324612,4.487313,0.014037,-0.102799,0.067427
479036250.000,Miguel,recording,knock_twice_left,13,1.667032,7.927249,4.164413,-0.016218,-0.121431,0.065874
479036260.000,Miguel,recording,knock_twice_left,13,2.104736,8.147347,4.703353,-0.051066,-0.066181,-0.013874
479036270.000,Miguel,recording,knock_twice_left,13,1.094360,8.810909,4.901222,-0.082811,-0.005006,-0.166772
479036280.000,Miguel,recording,knock_twice_left,13,0.043635,8.478839,5.055986,-0.106636,0.004348,-0.268693
479036290.000,Miguel,recording,knock_twice_left,13,-1.245355,8.490972,5.453439,-0.110370,0.017499,-0.257134
479036300.000,Miguel,recording,knock_twice_left,13,-1.706437,8.587827,5.857768,-0.077148,0.038091,-0.147864
479036310.000,Miguel,recording,knock_twice_left,13,-1.816498,8.508816,5.885866,-0.011908,0.042081,0.019793
479036320.000,Miguel,recording,knock_twice_left,13,-1.494059,8.416031,5.660962,0.060272,0.008784,0.198685
479036330.000,Miguel,recording,knock_twice_left,13,-0.829702,7.929787,5.142520,0.109969,-0.052558,0.343654
479036340.000,Miguel,recording,knock_twice_left,13,0.267342,7.913418,4.548855,0.112987,-0.090854,0.399960
479036350.000,Miguel,recording,knock_twice_left,13,1.260528,8.299916,4.243073,0.069085,-0.075752,0.340268
479036360.000,Miguel,recording,knock_twice_left,13,1.470955,8.662804,4.252039,0.006904,-0.042625,0.203793
479036370.000,Miguel,recording,knock_twice_left,13,1.164024,8.875880,4.405308,-0.046111,-0.026719,0.059586
479036380.000,Miguel,recording,knock_twice_left,13,0.492334,8.726217,4.749157,-0.076079,-0.024789,-0.041934
479036390.000,Miguel,recording,knock_twice_left,13,-0.156272,8.182383,5.010084,-0.079612,-0.020937,-0.077383
479036400.000,Miguel,recording,knock_twice_left,13,-0.313165,7.962093,5.222905,-0.060742,-0.033125,-0.052406
479036410.000,Miguel,recording,knock_twice_left,13,0.726456,7.653906,4.910071,-0.035364,-0.089288,-0.017170
479036420.000,Miguel,recording,knock_twice_left,13,1.493782,8.063579,4.872889,-0.029897,-0.144243,-0.055477
479036430.000,Miguel,recording,knock_twice_left,13,1.722663,8.175350,4.649108,-0.051500,-0.163303,-0.187928
479036440.000,Miguel,recording,knock_twice_left,13,1.013025,8.211601,4.646389,-0.089840,-0.153570,-0.340549
479036450.000,Miguel,recording,knock_twice_left,13,-0.024246,8.358384,4.531639,-0.136311,-0.097138,-0.430360
479036460.000,Miguel,recording,knock_twice_left,13,-0.923307,8.539025,4.857158,-0.173631,0.003786,-0.422118
479036470.000,Miguel,recording,knock_twice_left,13,-1.486102,8.770665,5.266362,-0.180288,0.108542,-0.324660
479036480.000,Miguel,recording,knock_twice_left,13,-1.889480,8.654245,5.619909,-0.150466,0.181400,-0.162733
479036490.000,Miguel,recording,knock_twice_left,13,-1.717221,8.456440,5.767074,-0.094291,0.222309,0.022913
479036500.000,Miguel,recording,knock_twice_left,13,-1.098330,8.276451,5.766743,-0.025861,0.241259,0.179526
479036510.000,Miguel,recording,knock_twice_left,13,-0.315890,8.221050,5.578416,0.042508,0.233336,0.270948
479036520.000,Miguel,recording,knock_twice_left,13,0.311311,8.291641,5.226079,0.093535,0.187679,0.292964
479036530.000,Miguel,recording,knock_twice_left,13,0.729369,8.272501,4.734769,0.102553,0.127981,0.255593
479036540.000,Miguel,recording,knock_twice_left,13,1.127029,8.477638,4.477370,0.060788,0.101431,0.168469
479036550.000,Miguel,recording,knock_twice_left,13,1.121168,8.553037,4.558619,-0.006336,0.106070,0.053543
479036560.000,Miguel,recording,knock_twice_left,13,0.803155,8.504476,4.864598,-0.064838,0.105881,-0.053629
479036570.000,Miguel,recording,knock_twice_left,13,0.310142,8.412716,5.118966,-0.100465,0.092468,-0.128253
479036580.000,Miguel,recording,knock_twice_left,13,-0.044351,8.306548,5.390137,-0.112661,0.078250,-0.167756
479036590.000,Miguel,recording,knock_twice_left,13,-0.243717,8.241132,5.596947,-0.102004,0.066033,-0.182346
479036600.000,Miguel,recording,knock_twice_left,13,-0.403230,8.283203,5.797195,-0.066865,0.047022,-0.181825
479036610.000,Miguel,recording,knock_twice_left,13,-0.481405,8.323276,5.844568,-0.008075,0.016955,-0.171707
479036620.000,Miguel,recording,knock_twice_left,13,-0.526297,8.380178,5.779512,0.062366,-0.013313,-0.155196
479036630.000,Miguel,recording,knock_twice_left,13,-0.519831,8.400969,5.553305,0.128659,-0.024241,-0.133965
479036640.000,Miguel,recording,knock_twice_left,13,-0.459984,8.401530,5.287875,0.182768,-0.006033,-0.108517
479036650.000,Miguel,recording,knock_twice_left,13,-0.390198,8.408416,5.083870,0.225502,0.035939,-0.081109
479036660.000,Miguel,recording,knock_twice_left,13,-0.331505,8.430426,4.929931,0.257935,0.087477,-0.055903
479036670.000,Miguel,recording,knock_twice_left,13,-0.267092,8.418500,4.742844,0.274466,0.134738,-0.037268
479036680.000,Miguel,recording,knock_twice_left,13,-0.236654,8.390734,4.592849,0.271347,0.169412,-0.029917
479036690.000,Miguel,recording,knock_twice_left,13,-0.210346,8.344695,4.493084,0.249885,0.188863,-0.032875
479036700.000,Miguel,recording,knock_twice_left,13,-0.194815,8.334877,4.436405,0.216326,0.193359,-0.040427
479036710.000,Miguel,recording,knock_twice_left,13,-0.196480,8.445514,4.470447,0.177338,0.183082,-0.047218
479036720.000,Miguel,recording,knock_twice_left,13,-0.245535,8.552512,4.543498,0.133773,0.157010,-0.048213
479036730.000,Miguel,recording,knock_twice_left,13,-0.391530,8.559802,4.631463,0.086850,0.111692,-0.039949
479036740.000,Miguel,recording,knock_twice_left,13,-0.494449,8.523124,4.686338,0.040635,0.049339,-0.024084
479036750.000,Miguel,recording,knock_twice_left,13,-0.463345,8.467489,4.700288,-0.001450,-0.019283,-0.007675
479036760.000,Miguel,recording,knock_twice_left,13,-0.355200,8.507746,4.716667,-0.036968,-0.077810,0.002282
479036770.000,Miguel,recording,knock_twice_left,13,-0.278315,8.536189,4.748660,-0.063434,-0.111322,0.005068
479036780.000,Miguel,recording,knock_twice_left,13,-0.283475,8.536593,4.857660,-0.076270,-0.116849,0.006712
479036790.000,Miguel,recording,knock_twice_left,13,-0.337010,8.452672,4.982644,-0.069910,-0.101030,0.011330
479036800.000,Miguel,recording,knock_twice_left,13,-0.278084,8.399127,5.030595,-0.045421,-0.074116,0.015931
479036810.000,Miguel,recording,knock_twice_left,13,-0.188301,8.382441,5.012806,-0.010922,-0.043750,0.014935
479036820.000,Miguel,recording,knock_twice_left,13,-0.127064,8.424485,4.887788,0.022575,-0.013957,0.007900
479036830.000,Miguel,recording,knock_twice_left,13,-0.160065,8.429741,4.735543,0.044547,0.013044,0.001122
479036840.000,Miguel,recording,knock_twice_left,13,-0.236757,8.436202,4.650738,0.050823,0.035453,0.001719
479036850.000,Miguel,recording,knock_twice_left,13,-0.351658,8.418937,4.639814,0.045052,0.047109,0.010197
479036860.000,Miguel,recording,knock_twice_left,13,-0.316907,8.353250,4.677117,0.034416,0.042942,0.020238
479036870.000,Miguel,recording,knock_twice_left,13,-0.249038,8.330795,4.698293,0.020307,0.026643,0.025285
479036880.000,Miguel,recording,knock_twice_left,13,-0.212889,8.408673,4.661286,0.000442,0.007470,0.026196
479036890.000,Miguel,recording,knock_twice_left,13,-0.209176,8.405366,4.700120,-0.022073,-0.010931,0.027781
479036900.000,Miguel,recording,knock_twice_left,13,-0.192767,8.383121,4.765979,-0.040208,-0.030902,0.029690
479036910.000,Miguel,recording,knock_twice_left,13,-0.134198,8.370815,4.803369,-0.051188,-0.049103,0.028384
479036920.000,Miguel,recording,knock_twice_left,13,-0.064024,8.381238,4.781588,-0.057387,-0.057341,0.021149
479036930.000,Miguel,recording,knock_twice_left,13,-0.000124,8.403260,4.770581,-0.060154,-0.052536,0.008506
479036940.000,Miguel,recording,knock_twice_left,13,-0.010407,8.432065,4.806952,-0.060215,-0.037091,-0.005317
479036950.000,Miguel,recording,knock_twice_left,13,-0.130314,8.402828,4.844926,-0.057919,-0.017812,-0.015253
479036960.000,Miguel,recording,knock_twice_left,13,-0.219617,8.342751,4.924724,-0.051699,-0.004433,-0.018715
479036970.000,Miguel,recording,knock_twice_left,13,-0.226345,8.316459,4.948141,-0.042025,0.000529,-0.017434
479036980.000,Miguel,recording,knock_twice_left,13,-0.173226,8.393402,4.935790,-0.033147,0.001984,-0.016077
479036990.000,Miguel,recording,knock_twice_left,13,-0.161267,8.477005,4.886987,-0.031846,0.001807,-0.015058
479037000.000,Miguel,recording,knock_twice_left,13,-0.293408,8.498144,4.893987,-0.041454,-0.006142,-0.009448
479037010.000,Miguel,recording,knock_twice_left,13,-0.401074,8.455042,4.962758,-0.055911,-0.028109,0.002455
479037020.000,Miguel,recording,knock_twice_left,13,-0.380767,8.462647,4.983617,-0.068306,-0.058724,0.015943
479037030.000,Miguel,recording,knock_twice_left,13,-0.272272,8.518634,5.009786,-0.076907,-0.084766,0.025117
479037040.000,Miguel,recording,knock_twice_left,13,-0.199064,8.528040,5.019211,-0.080094,-0.096326,0.028333
479037050.000,Miguel,recording,knock_twice_left,13,-0.179948,8.503448,5.066867,-0.076151,-0.091020,0.027746
479037060.000,Miguel,recording,knock_twice_left,14,-0.202257,8.397646,5.131421,-0.063853,-0.072880,0.025966
479037070.000,Miguel,recording,knock_twice_left,14,-0.198071,8.384903,5.154342,-0.042835,-0.050144,0.023822
479037080.000,Miguel,recording,knock_twice_left,14,-0.136469,8.360943,5.140990,-0.017939,-0.029954,0.019561
479037090.000,Miguel,recording,knock_twice_left,14,-0.114711,8.398166,5.065369,0.002808,-0.014006,0.012461
479037100.000,Miguel,recording,knock_twice_left,14,-0.155396,8.359522,4.972805,0.013848,-0.006152,0.005862
479037110.000,Miguel,recording,knock_twice_left,14,-0.163547,8.324137,4.897260,0.014526,-0.011629,0.002113
479037120.000,Miguel,recording,knock_twice_left,14,-0.155852,8.313110,4.859452,0.008334,-0.027477,-0.001858
479037130.000,Miguel,recording,knock_twice_left,14,-0.153124,8.325843,4.770787,-0.002498,-0.043484,-0.006466
479037140.000,Miguel,recording,knock_twice_left,14,-0.175332,8.362160,4.736982,-0.017469,-0.052761,-0.008147
479037150.000,Miguel,recording,knock_twice_left,14,-0.155246,8.354202,4.743204,-0.033753,-0.054649,-0.008553
479037160.000,Miguel,recording,knock_twice_left,14,-0.163472,8.371985,4.758354,-0.047881,-0.049189,-0.009784
479037170.000,Miguel,recording,knock_twice_left,14,-0.240568,8.396850,4.780842,-0.059715,-0.040767,-0.007731
479037180.000,Miguel,recording,knock_twice_left,14,-0.246630,8.370850,4.830367,-0.070205,-0.038279,-0.000349
479037190.000,Miguel,recording,knock_twice_left,14,-0.206907,8.384448,4.832007,-0.080865,-0.046062,0.007345
479037200.000,Miguel,recording,knock_twice_left,14,-0.141350,8.393253,4.862323,-0.093018,-0.060358,0.009547
479037210.000,Miguel,recording,knock_twice_left,14,-0.158277,8.396443,4.890369,-0.105341,-0.075370,0.007870
479037220.000,Miguel,recording,knock_twice_left,14,-0.198494,8.370665,4.931814,-0.115298,-0.086569,0.009304
479037230.000,Miguel,recording,knock_twice_left,14,-0.212154,8.334875,4.990536,-0.122505,-0.093655,0.015691
479037240.000,Miguel,recording,knock_twice_left,14,-0.191185,8.330086,5.019517,-0.127768,-0.098594,0.023350
479037250.000,Miguel,recording,knock_twice_left,14,-0.175514,8.295907,5.052879,-0.130033,-0.101041,0.028878
479037260.000,Miguel,recording,knock_twice_left,14,-0.122987,8.290056,5.091610,-0.128976,-0.098497,0.030573
479037270.000,Miguel,recording,knock_twice_left,14,-0.071710,8.292050,5.132750,-0.124216,-0.087207,0.027447
479037280.000,Miguel,recording,knock_twice_left,14,-0.018853,8.312312,5.162680,-0.115379,-0.067696,0.019234
479037290.000,Miguel,recording,knock_twice_left,14,-0.044025,8.362381,5.190548,-0.103292,-0.044601,0.008192
479037300.000,Miguel,recording,knock_twice_left,14,-0.089079,8.339898,5.261596,-0.087839,-0.023991,-0.000725
479037310.000,Miguel,recording,knock_twice_left,14,-0.119607,8.332921,5.260914,-0.070306,-0.009871,-0.004785
479037320.000,Miguel,recording,knock_twice_left,14,-0.126052,8.332135,5.241528,-0.055232,-0.001570,-0.005017
479037330.000,Miguel,recording,knock_twice_left,14,-0.125839,8.375401,5.260219,-0.043261,0.001963,-0.002667
479037340.000,Miguel,recording,knock_twice_left,14,-0.144196,8.374326,5.285861,-0.031645,-0.001042,0.000769
479037350.000,Miguel,recording,knock_twice_left,14,-0.137196,8.313886,5.279955,-0.020091,-0.010811,0.002995
479037360.000,Miguel,recording,knock_twice_left,14,-0.072017,8.258956,5.229715,-0.008522,-0.022056,0.001190
479037370.000,Miguel,recording,knock_twice_left,14,-0.007225,8.259092,5.159548,0.003559,-0.027908,-0.005450
479037380.000,Miguel,recording,knock_twice_left,14,0.004109,8.299459,5.082428,0.015224,-0.022926,-0.013643
479037390.000,Miguel,recording,knock_twice_left,14,-0.026173,8.340579,5.003509,0.023686,-0.005593,-0.019786
479037400.000,Miguel,recording,knock_twice_left,14,-0.087796,8.291137,4.948057,0.026539,0.016765,-0.021852
479037410.000,Miguel,recording,knock_twice_left,14,-0.067470,8.254017,4.920541,0.023364,0.034047,-0.021905
479037420.000,Miguel,recording,knock_twice_left,14,-0.042948,8.249806,4.911972,0.014107,0.042978,-0.025283
479037430.000,Miguel,recording,knock_twice_left,14,-0.120412,8.352876,4.911538,-0.002389,0.045628,-0.029540
479037440.000,Miguel,recording,knock_twice_left,14,-0.287826,8.405226,4.958499,-0.025192,0.038712,-0.023588
479037450.000,Miguel,recording,knock_twice_left,14,-0.352083,8.335016,5.035306,-0.048813,0.016027,-0.005750
479037460.000,Miguel,recording,knock_twice_left,14,-0.261532,8.291270,5.141478,-0.067907,-0.018572,0.012916
479037470.000,Miguel,recording,knock_twice_left,14,-0.127971,8.276496,5.186255,-0.079862,-0.053341,0.023127
479037480.000,Miguel,recording,knock_twice_left,14,-0.005928,8.333193,5.229993,-0.082758,-0.079229,0.023114
479037490.000,Miguel,recording,knock_twice_left,14,0.026083,8.328427,5.278580,-0.075621,-0.091982,0.015929
479037500.000,Miguel,recording,knock_twice_left,14,-0.052108,8.319836,5.315955,-0.061980,-0.091062,0.007550
479037510.000,Miguel,recording,knock_twice_left,14,-0.131050,8.311449,5.227984,-0.050342,-0.082630,0.004490
479037520.000,Miguel,recording,knock_twice_left,14,-0.155197,8.303526,5.175735,-0.047143,-0.077291,0.007110
479037530.000,Miguel,recording,knock_twice_left,14,-0.144173,8.348236,5.182662,-0.051398,-0.080487,0.010002
479037540.000,Miguel,recording,knock_twice_left,14,-0.132464,8.310777,5.225903,-0.055778,-0.087200,0.009754
479037550.000,Miguel,recording,knock_twice_left,14,-0.107227,8.246094,5.230912,-0.053554,-0.090762,0.007677
479037560.000,Miguel,recording,knock_twice_left,14,-0.054931,8.275457,5.243029,-0.044831,-0.085906,0.004196
479037570.000,Miguel,recording,knock_twice_left,14,-0.013825,8.313403,5.218387,-0.032127,-0.069654,-0.002235
479037580.000,Miguel,recording,knock_twice_left,14,-0.045423,8.256718,5.236079,-0.014930,-0.046699,-0.009769
479037590.000,Miguel,recording,knock_twice_left,14,-0.086712,8.221505,5.200619,0.004028,-0.022795,-0.014456
479037600.000,Miguel,recording,knock_twice_left,14,-0.109394,8.208060,5.092069,0.016055,-0.001037,-0.014831
479037610.000,Miguel,recording,knock_twice_left,14,-0.063572,8.207231,4.992952,0.016737,0.013378,-0.013285
479037620.000,Miguel,recording,knock_twice_left,14,-0.020042,8.223804,4.991787,0.009552,0.015715,-0.012815
479037630.000,Miguel,recording,knock_twice_left,14,-0.004866,8.184518,5.043045,-0.000269,0.008428,-0.012274
479037640.000,Miguel,recording,knock_twice_left,14,-0.012990,8.181126,5.035745,-0.011160,-0.003732,-0.007283
479037650.000,Miguel,recording,knock_twice_left,14,0.050746,8.119462,5.056865,-0.024559,-0.018106,0.006328
479037660.000,Miguel,recording,knock_twice_left,14,0.180313,7.982990,5.025384,-0.042867,-0.032680,0.028827
479037670.000,Miguel,recording,knock_twice_left,14,0.455627,7.771245,5.025154,-0.068620,-0.047963,0.051340
479037680.000,Miguel,recording,knock_twice_left,14,0.792200,7.693360,5.078284,-0.099975,-0.068097,0.059220
479037690.000,Miguel,recording,knock_twice_left,14,1.065586,7.683950,5.171574,-0.131089,-0.098976,0.039175
479037700.000,Miguel,recording,knock_twice_left,14,1.225160,7.790488,5.224636,-0.157646,-0.139838,-0.010511
479037710.000,Miguel,recording,knock_twice_left,14,1.175919,7.925241,5.266314,-0.176708,-0.179130,-0.076036
479037720.000,Miguel,recording,knock_twice_left,14,0.912799,8.031018,5.317666,-0.185982,-0.201968,-0.137213
479037730.000,Miguel,recording,knock_twice_left,14,0.624463,8.133855,5.377560,-0.184318,-0.202242,-0.179372
479037740.000,Miguel,recording,knock_twice_left,14,0.365466,8.244166,5.415956,-0.171846,-0.183141,-0.200566
479037750.000,Miguel,recording,knock_twice_left,14,0.079436,8.402025,5.486853,-0.149728,-0.153428,-0.203990
479037760.000,Miguel,recording,knock_twice_left,14,-0.090845,8.462723,5.620003,-0.118161,-0.124005,-0.192537
479037770.000,Miguel,recording,knock_twice_left,14,-0.219880,8.452272,5.709682,-0.078208,-0.099279,-0.171453
479037780.000,Miguel,recording,knock_twice_left,14,-0.265500,8.414696,5.708912,-0.036450,-0.079274,-0.148456
479037790.000,Miguel,recording,knock_twice_left,14,-0.306672,8.358082,5.627361,-0.001261,-0.067091,-0.131712
479037800.000,Miguel,recording,knock_twice_left,14,-0.300363,8.395187,5.555684,0.024306,-0.066743,-0.126586
479037810.000,Miguel,recording,knock_twice_left,14,-0.343840,8.434089,5.492292,0.040836,-0.073163,-0.131250
479037820.000,Miguel,recording,knock_twice_left,14,-0.476891,8.470077,5.453667,0.050483,-0.074319,-0.137496
479037830.000,Miguel,recording,knock_twice_left,14,-0.644005,8.432319,5.485906,0.059060,-0.065917,-0.136850
479037840.000,Miguel,recording,knock_twice_left,14,-0.815978,8.398518,5.511063,0.072654,-0.051693,-0.126179
479037850.000,Miguel,recording,knock_twice_left,14,-0.894825,8.401309,5.538183,0.091557,-0.037246,-0.107199
479037860.000,Miguel,recording,knock_twice_left,14,-0.927891,8.373759,5.484564,0.112707,-0.026161,-0.083763
479037870.000,Miguel,recording,knock_twice_left,14,-0.850806,8.378449,5.382189,0.131975,-0.016882,-0.061832
479037880.000,Miguel,recording,knock_twice_left,14,-0.757621,8.383464,5.234773,0.142112,-0.009033,-0.046305
479037890.000,Miguel,recording,knock_twice_left,14,-0.694168,8.399508,5.061671,0.137453,-0.006664,-0.039389
479037900.000,Miguel,recording,knock_twice_left,14,-0.681707,8.472570,4.911443,0.115804,-0.011890,-0.040082
479037910.000,Miguel,recording,knock_twice_left,14,-0.746138,8.514870,4.836374,0.081579,-0.020173,-0.041874
479037920.000,Miguel,recording,knock_twice_left,14,-0.814539,8.567482,4.885333,0.046100,-0.026618,-0.035869
479037930.000,Miguel,recording,knock_twice_left,14,-0.906903,8.542478,4.998040,0.019491,-0.030315,-0.018160
479037940.000,Miguel,recording,knock_twice_left,14,-0.901828,8.539778,5.125050,0.006795,-0.030913,0.008373
479037950.000,Miguel,recording,knock_twice_left,14,-0.842190,8.504595,5.164469,0.006985,-0.028678,0.039212
479037960.000,Miguel,recording,knock_twice_left,14,-0.734558,8.486841,5.202939,0.017951,-0.022052,0.069134
479037970.000,Miguel,recording,knock_twice_left,14,-0.590027,8.438531,5.243295,0.039256,-0.006348,0.093626
479037980.000,Miguel,recording,knock_twice_left,14,-0.433816,8.374579,5.236585,0.068485,0.020394,0.110864
479037990.000,Miguel,recording,knock_twice_left,14,-0.318750,8.345035,5.179628,0.098926,0.050700,0.120333
479038000.000,Miguel,recording,knock_twice_left,14,-0.238729,8.324236,5.012273,0.120806,0.073150,0.123397
479038010.000,Miguel,recording,knock_twice_left,14,-0.169734,8.264431,4.887814,0.127752,0.083250,0.122710
479038020.000,Miguel,recording,knock_twice_left,14,-0.126942,8.234259,4.767339,0.119846,0.082507,0.120025
479038030.000,Miguel,recording,knock_twice_left,14,-0.082230,8.206799,4.730509,0.098800,0.076162,0.117312
479038040.000,Miguel,recording,knock_twice_left,14,-0.072290,8.202170,4.701385,0.067397,0.067468,0.115571
479038050.000,Miguel,recording,knock_twice_left,14,-0.071179,8.212038,4.730015,0.031287,0.053796,0.114823
479038060.000,Miguel,recording,knock_twice_left,14,-0.045597,8.163463,4.804414,-0.001716,0.033871,0.114758
479038070.000,Miguel,recording,knock_twice_left,14,0.056163,8.148037,4.887738,-0.026584,0.013325,0.111310
479038080.000,Miguel,recording,knock_twice_left,14,0.129958,8.169190,4.944076,-0.042837,0.000614,0.101497
479038090.000,Miguel,recording,knock_twice_left,14,0.092518,8.237195,5.037502,-0.050597,-0.001324,0.090675
479038100.000,Miguel,recording,knock_twice_left,14,0.026079,8.212829,5.067811,-0.050135,0.004696,0.086739
479038110.000,Miguel,recording,knock_twice_left,14,0.047105,8.218026,5.099280,-0.044538,0.016777,0.088608
479038120.000,Miguel,recording,knock_twice_left,14,0.165164,8.214172,5.068020,-0.039958,0.032512,0.089026
479038130.000,Miguel,recording,knock_twice_left,14,0.191175,8.257739,5.071074,-0.041132,0.044210,0.084494
479038140.000,Miguel,recording,knock_twice_left,14,0.115531,8.285097,5.143253,-0.047968,0.045622,0.078970
479038150.000,Miguel,recording,knock_twice_left,14,0.034298,8.258800,5.210709,-0.056628,0.036892,0.077826
479038160.000,Miguel,recording,knock_twice_left,14,-0.018939,8.275701,5.287116,-0.063664,0.022369,0.081311
479038170.000,Miguel,recording,knock_twice_left,14,0.011273,8.279268,5.344031,-0.068468,0.007505,0.086877
479038180.000,Miguel,recording,knock_twice_left,14,0.062746,8.291141,5.388842,-0.068886,-0.006353,0.090756
479038190.000,Miguel,recording,knock_twice_left,14,0.142639,8.276037,5.477766,-0.060780,-0.018905,0.089375
479038200.000,Miguel,recording,knock_twice_left,14,0.173969,8.244731,5.508446,-0.042608,-0.027092,0.080735
479038210.000,Miguel,recording,knock_twice_left,14,0.185596,8.216875,5.498064,-0.016711,-0.027674,0.066645
479038220.000,Miguel,recording,knock_twice_left,14,0.154320,8.268446,5.387977,0.009765,-0.016360,0.053131
479038230.000,Miguel,recording,knock_twice_left,14,0.048001,8.267313,5.296995,0.030645,0.005564,0.045101
479038240.000,Miguel,recording,knock_twice_left,14,-0.017733,8.267619,5.199518,0.043853,0.029078,0.043768
479038250.000,Miguel,recording,knock_twice_left,14,-0.071929,8.282059,5.128567,0.047465,0.046989,0.048980
479038260.000,Miguel,recording,knock_twice_left,14,-0.069244,8.285718,5.046086,0.041197,0.052523,0.059384
479038270.000,Miguel,recording,knock_twice_left,14,0.002018,8.251488,4.995222,0.028072,0.039945,0.069148
479038280.000,Miguel,recording,knock_twice_left,14,0.095256,8.196928,4.972160,0.010557,0.014871,0.071874
479038290.000,Miguel,recording,knock_twice_left,14,0.199938,8.196448,4.906198,-0.010500,-0.009076,0.064736
479038300.000,Miguel,recording,knock_twice_left,14,0.161461,8.262078,4.946190,-0.031588,-0.021680,0.051252
479038310.000,Miguel,recording,knock_twice_left,14,0.028774,8.289096,5.032447,-0.045540,-0.021681,0.041690
479038320.000,Miguel,recording,knock_twice_left,14,-0.058005,8.262524,5.107885,-0.048743,-0.012140,0.043589
479038330.000,Miguel,recording,knock_twice_left,14,-0.053746,8.228739,5.149501,-0.045229,0.003816,0.055214
479038340.000,Miguel,recording,knock_twice_left,14,0.004559,8.230393,5.168619,-0.039144,0.019259,0.069336
479038350.000,Miguel,recording,knock_twice_left,14,0.101504,8.220555,5.225748,-0.031973,0.026311,0.079357
479038360.000,Miguel,recording,knock_twice_left,14,0.170522,8.192111,5.269786,-0.025424,0.020389,0.082217
479038370.000,Miguel,recording,knock_twice_left,14,0.192790,8.191582,5.227947,-0.020631,0.003582,0.079476
479038380.000,Miguel,recording,knock_twice_left,14,0.260061,8.203650,5.214049,-0.019032,-0.013908,0.075086
479038390.000,Miguel,recording,knock_twice_left,14,0.300384,8.188020,5.135147,-0.020427,-0.021993,0.071048
479038400.000,Miguel,recording,knock_twice_left,14,0.370251,8.195673,5.129630,-0.020841,-0.018146,0.064672
479038410.000,Miguel,recording,knock_twice_left,14,0.350876,8.185702,5.189743,-0.017662,-0.005303,0.053947
479038420.000,Miguel,recording,knock_twice_left,14,0.210890,8.188733,5.224323,-0.012225,0.013173,0.043659
479038430.000,Miguel,recording,knock_twice_left,14,0.160004,8.161434,5.241675,-0.006851,0.032422,0.039902
479038440.000,Miguel,recording,knock_twice_left,14,0.186935,8.214713,5.259977,-0.000453,0.046933,0.041454
479038450.000,Miguel,recording,knock_twice_left,14,0.279313,8.226180,5.268074,0.007082,0.051582,0.043035
479038460.000,Miguel,recording,knock_twice_left,14,0.343604,8.175620,5.194317,0.011886,0.044007,0.041744
479038470.000,Miguel,recording,knock_twice_left,14,0.400634,8.123128,5.163445,0.013097,0.028066,0.035460
479038480.000,Miguel,recording,knock_twice_left,14,0.474262,8.095926,5.128703,0.013236,0.009162,0.023675
479038490.000,Miguel,recording,knock_twice_left,14,0.511447,8.086590,5.057314,0.014393,-0.006624,0.006224
479038500.000,Miguel,recording,knock_twice_left,14,0.529307,8.163047,4.990488,0.016522,-0.011134,-0.017405
479038510.000,Miguel,recording,knock_twice_left,14,0.410480,8.207962,4.923033,0.018299,0.002159,-0.039262
479038520.000,Miguel,recording,knock_twice_left,14,0.188756,8.178405,4.864910,0.018154,0.031900,-0.048995
479038530.000,Miguel,recording,knock_twice_left,14,0.086917,8.112890,4.859687,0.014187,0.068521,-0.046457
479038540.000,Miguel,recording,knock_twice_left,14,0.099250,8.132851,4.859000,0.004898,0.099612,-0.037894
479038550.000,Miguel,recording,knock_twice_left,14,0.116502,8.154417,4.841420,-0.013465,0.112364,-0.027223
479038560.000,Miguel,recording,knock_twice_left,14,0.094191,8.163269,4.869290,-0.042409,0.097061,-0.015658
479038570.000,Miguel,recording,knock_twice_left,14,0.088743,8.104788,4.926183,-0.075937,0.055447,-0.005617
479038580.000,Miguel,recording,knock_twice_left,14,0.193078,8.086620,4.990176,-0.108909,0.003392,-0.000492
479038590.000,Miguel,recording,knock_twice_left,14,0.280508,8.115010,5.042495,-0.140209,-0.039347,-0.002470
479038600.000,Miguel,recording,knock_twice_left,14,0.303454,8.170057,5.126798,-0.164445,-0.062487,-0.009317
479038610.000,Miguel,recording,knock_twice_left,14,0.281115,8.150480,5.281114,-0.173140,-0.068202,-0.016211
479038620.000,Miguel,recording,knock_twice_left,14,0.258929,8.131683,5.470054,-0.164375,-0.059248,-0.022129
479038630.000,Miguel,recording,knock_twice_left,14,0.264230,8.129835,5.527798,-0.143055,-0.035141,-0.028406
479038640.000,Miguel,recording,knock_twice_left,14,0.207139,8.160872,5.576250,-0.116620,-0.003428,-0.033374
479038650.000,Miguel,recording,knock_twice_left,14,0.163667,8.199271,5.564389,-0.091023,0.022349,-0.035902
479038660.000,Miguel,recording,knock_twice_left,14,0.161866,8.205676,5.578235,-0.069226,0.036202,-0.037960
479038670.000,Miguel,recording,knock_twice_left,14,0.106496,8.272431,5.536648,-0.055227,0.040782,-0.040296
479038680.000,Miguel,recording,knock_twice_left,14,0.018725,8.311856,5.531471,-0.050238,0.037451,-0.039560
479038690.000,Miguel,recording,knock_twice_left,14,-0.029807,8.317878,5.552864,-0.049857,0.026342,-0.033739
479038700.000,Miguel,recording,knock_twice_left,14,-0.047362,8.350977,5.625421,-0.050494,0.012975,-0.025179
479038710.000,Miguel,recording,knock_twice_left,14,-0.020812,8.328266,5.677284,-0.048750,0.001982,-0.016281
479038720.000,Miguel,recording,knock_twice_left,14,0.027750,8.326667,5.720003,-0.039726,-0.008561,-0.009771
479038730.000,Miguel,recording,knock_twice_left,14,0.105125,8.263911,5.753093,-0.022433,-0.018349,-0.008349
479038740.000,Miguel,recording,knock_twice_left,14,0.139178,8.247395,5.693249,-0.002025,-0.022379,-0.013682
479038750.000,Miguel,recording,knock_twice_left,14,0.175329,8.225126,5.691211,0.019324,-0.020143,-0.025670
479038760.000,Miguel,recording,knock_twice_left,14,0.145973,8.238161,5.645352,0.043092,-0.015528,-0.039198
479038770.000,Miguel,recording,knock_twice_left,14,0.073351,8.235372,5.545928,0.066820,-0.007660,-0.048382
479038780.000,Miguel,recording,knock_twice_left,14,-0.026938,8.238198,5.418051,0.086156,0.005162,-0.050776
479038790.000,Miguel,recording,knock_twice_left,14,-0.112545,8.215170,5.349934,0.098442,0.019605,-0.046586
479038800.000,Miguel,recording,knock_twice_left,14,-0.146633,8.187223,5.245802,0.103521,0.030861,-0.037581
479038810.000,Miguel,recording,knock_twice_left,14,-0.166587,8.198947,5.208305,0.102638,0.037178,-0.026383
479038820.000,Miguel,recording,knock_twice_left,14,-0.152675,8.175726,5.126739,0.097074,0.041408,-0.014993
479038830.000,Miguel,recording,knock_twice_left,14,-0.123980,8.184304,5.124522,0.087863,0.045976,-0.004327
479038840.000,Miguel,recording,knock_twice_left,14,-0.077945,8.180455,5.077786,0.073710,0.047253,0.003514
479038850.000,Miguel,recording,knock_twice_left,14,-0.064650,8.197686,5.046234,0.053191,0.036969,0.006954
479038860.000,Miguel,recording,knock_twice_left,14,-0.084327,8.199501,5.064735,0.027989,0.012123,0.007766
479038870.000,Miguel,recording,knock_twice_left,14,-0.111659,8.213884,5.129239,0.002817,-0.022129,0.008564
479038880.000,Miguel,recording,knock_twice_left,14,-0.069867,8.226104,5.171682,-0.015711,-0.053773,0.010152
479038890.000,Miguel,recording,knock_twice_left,14,-0.060953,8.282097,5.221832,-0.023696,-0.068005,0.013007
479038900.000,Miguel,recording,knock_twice_left,14,-0.029440,8.279088,5.297498,-0.019895,-0.061456,0.019255
479038910.000,Miguel,recording,knock_twice_left,14,-0.016889,8.258724,5.374629,-0.004237,-0.044229,0.027994
479038920.000,Miguel,recording,knock_twice_left,14,0.066144,8.196583,5.351967,0.018865,-0.026878,0.033603
479038930.000,Miguel,recording,knock_twice_left,14,0.199374,8.180939,5.306617,0.041056,-0.012827,0.030806
479038940.000,Miguel,recording,knock_twice_left,14,0.308971,8.202058,5.237230,0.056806,-0.002061,0.018665
479038950.000,Miguel,recording,knock_twice_left,14,0.285412,8.220597,5.136812,0.063893,0.005067,0.003630
479038960.000,Miguel,recording,knock_twice_left,14,0.198889,8.204621,5.048317,0.060712,0.010031,-0.007302
479038970.000,Miguel,recording,knock_twice_left,14,0.126428,8.191729,5.054508,0.047696,0.014304,-0.011252
479038980.000,Miguel,recording,knock_twice_left,14,0.098624,8.218860,5.076179,0.029223,0.014117,-0.008800
479038990.000,Miguel,recording,knock_twice_left,14,0.063550,8.221867,5.133437,0.010892,0.004430,-0.002162
479039000.000,Miguel,recording,knock_twice_left,14,0.103545,8.170224,5.167878,-0.003637,-0.011782,0.005383
479039010.000,Miguel,recording,knock_twice_left,14,0.183636,8.141811,5.196181,-0.012113,-0.025186,0.007998
479039020.000,Miguel,recording,knock_twice_left,14,0.301827,8.156369,5.178237,-0.014738,-0.029069,0.002996
479039030.000,Miguel,recording,knock_twice_left,14,0.401857,8.128055,5.162701,-0.012887,-0.021380,-0.010590
479039040.000,Miguel,recording,knock_twice_left,14,0.450286,8.156645,5.185370,-0.007083,-0.001104,-0.032216
479039050.000,Miguel,recording,knock_twice_left,14,0.285792,8.161309,5.224771,0.003313,0.029706,-0.052984
479039060.000,Miguel,recording,knock_twice_left,14,0.115758,8.134725,5.255785,0.019136,0.065018,-0.062593
479039070.000,Miguel,recording,knock_twice_left,14,-0.003610,8.132343,5.306154,0.040450,0.101764,-0.060202
479039080.000,Miguel,recording,knock_twice_left,14,-0.050704,8.169062,5.387615,0.067229,0.137720,-0.049920
479039090.000,Miguel,recording,knock_twice_left,14,-0.117453,8.184779,5.461697,0.098608,0.162905,-0.031926
479039100.000,Miguel,recording,knock_twice_left,14,-0.117076,8.172113,5.440921,0.132026,0.167289,-0.009848
479039110.000,Miguel,recording,knock_twice_left,14,0.004084,8.132532,5.342309,0.161222,0.152862,0.004002
479039120.000,Miguel,recording,knock_twice_left,14,0.128002,8.120739,5.239137,0.178437,0.129947,0.002519
479039130.000,Miguel,recording,knock_twice_left,14,0.209717,8.176188,5.120273,0.181861,0.107039,-0.010700
479039140.000,Miguel,recording,knock_twice_left,14,0.234430,8.249768,5.063914,0.174894,0.089424,-0.028991
479039150.000,Miguel,recording,knock_twice_left,14,0.140588,8.319460,5.005404,0.158487,0.077391,-0.044219
479039160.000,Miguel,recording,knock_twice_left,14,0.020628,8.355026,4.921356,0.131265,0.066154,-0.051722
479039170.000,Miguel,recording,knock_twice_left,14,-0.066075,8.335833,4.871992,0.095288,0.050820,-0.052809
479039180.000,Miguel,recording,knock_twice_left,14,-0.074636,8.301912,4.927900,0.055586,0.028869,-0.050687
479039190.000,Miguel,recording,knock_twice_left,14,-0.068844,8.319773,4.980577,0.018471,0.000608,-0.048013
479039200.000,Miguel,recording,knock_twice_left,14,-0.077071,8.322726,5.081922,-0.008792,-0.034745,-0.044242
479039210.000,Miguel,recording,knock_twice_left,14,-0.085018,8.260545,5.208330,-0.021164,-0.074080,-0.039824
479039220.000,Miguel,recording,knock_twice_left,14,-0.105569,8.258531,5.259568,-0.020204,-0.106325,-0.036010
479039230.000,Miguel,recording,knock_twice_left,14,-0.034856,8.276692,5.194890,-0.013065,-0.120251,-0.032129
479039240.000,Miguel,recording,knock_twice_left,14,0.009526,8.327175,5.084216,-0.005267,-0.113621,-0.028970
479039250.000,Miguel,recording,knock_twice_left,14,0.053456,8.304078,5.101263,0.002128,-0.093999,-0.029457
479039260.000,Miguel,recording,knock_twice_left,14,0.032481,8.284257,5.102466,0.010140,-0.068929,-0.034975
479039270.000,Miguel,recording,knock_twice_left,14,0.013757,8.286713,5.095339,0.020106,-0.041871,-0.043304
479039280.000,Miguel,recording,knock_twice_left,14,-0.103789,8.302891,5.139268,0.033237,-0.018810,-0.050127
479039290.000,Miguel,recording,knock_twice_left,14,-0.211657,8.388605,5.224108,0.051279,-0.008779,-0.049167
479039300.000,Miguel,recording,knock_twice_left,14,-0.295265,8.384157,5.238552,0.072917,-0.020152,-0.038721
479039310.000,Miguel,recording,knock_twice_left,14,-0.224755,8.308152,5.037334,0.087540,-0.051647,-0.028618
479039320.000,Miguel,recording,knock_twice_left,14,0.001147,8.258089,4.722137,0.079584,-0.080946,-0.035368
479039330.000,Miguel,recording,knock_twice_left,14,0.217443,8.324537,4.523428,0.045499,-0.078581,-0.060172
479039340.000,Miguel,recording,knock_twice_left,14,0.455071,8.238594,4.481062,0.002538,-0.042817,-0.084802
479039350.000,Miguel,recording,knock_twice_left,14,1.771029,8.007322,4.487270,-0.028888,0.014517,-0.124409
479039360.000,Miguel,recording,knock_twice_left,14,0.516289,8.435074,5.422973,-0.042795,0.075069,-0.204447
479039370.000,Miguel,recording,knock_twice_left,14,-0.123070,8.493875,5.127639,-0.046559,0.078523,-0.263868
479039380.000,Miguel,recording,knock_twice_left,14,-1.344204,8.422406,5.426722,-0.046592,0.039343,-0.237683
479039390.000,Miguel,recording,knock_twice_left,14,-1.599904,8.530629,5.454252,-0.037231,0.031934,-0.134958
479039400.000,Miguel,recording,knock_twice_left,14,-1.775593,8.361716,5.646096,-0.008862,0.023283,0.016175
479039410.000,Miguel,recording,knock_twice_left,14,-1.338611,8.129692,5.449641,0.027281,-0.046964,0.165065
479039420.000,Miguel,recording,knock_twice_left,14,-0.293848,8.189528,5.063738,0.038444,-0.129972,0.237329
479039430.000,Miguel,recording,knock_twice_left,14,0.716358,8.350561,4.751635,0.014627,-0.153465,0.205854
479039440.000,Miguel,recording,knock_twice_left,14,0.908721,8.512024,4.669294,-0.020836,-0.126642,0.117508
479039450.000,Miguel,recording,knock_twice_left,14,0.711384,8.694565,4.901605,-0.039289,-0.084739,0.024158
479039460.000,Miguel,recording,knock_twice_left,14,0.173849,8.604395,5.248334,-0.026621,-0.044211,-0.042747
479039470.000,Miguel,recording,knock_twice_left,14,-0.428417,8.304997,5.458489,0.013206,-0.008144,-0.058819
479039480.000,Miguel,recording,knock_twice_left,14,-0.459599,8.033161,5.566827,0.070402,0.005288,-0.023987
479039490.000,Miguel,recording,knock_twice_left,14,0.322234,7.764364,5.293975,0.127993,-0.029070,0.012270
479039500.000,Miguel,recording,knock_twice_left,14,1.148649,7.872836,5.037742,0.159085,-0.080101,-0.025435
479039510.000,Miguel,recording,knock_twice_left,14,1.338549,8.046956,4.521485,0.146360,-0.102175,-0.144741
479039520.000,Miguel,recording,knock_twice_left,14,0.992669,8.149921,4.296897,0.096721,-0.076629,-0.282246
479039530.000,Miguel,recording,knock_twice_left,14,0.184129,8.554181,4.235444,0.030272,0.000412,-0.376151
479039540.000,Miguel,recording,knock_twice_left,14,-0.946475,8.664039,4.501060,-0.031980,0.109700,-0.382726
479039550.000,Miguel,recording,knock_twice_left,14,-1.594735,8.723528,4.856854,-0.074182,0.204908,-0.296072
479039560.000,Miguel,recording,knock_twice_left,14,-1.904610,8.604633,5.132280,-0.094883,0.247760,-0.151152
479039570.000,Miguel,recording,knock_twice_left,14,-1.627850,8.432490,5.419124,-0.098668,0.238596,0.005712
479039580.000,Miguel,recording,knock_twice_left,14,-1.097094,8.302417,5.593229,-0.083524,0.188591,0.134569
479039590.000,Miguel,recording,knock_twice_left,14,-0.449748,8.275189,5.559379,-0.051209,0.116784,0.211055
479039600.000,Miguel,recording,knock_twice_left,14,0.057434,8.280113,5.277327,-0.018466,0.038043,0.232310
479039610.000,Miguel,recording,knock_twice_left,14,0.403360,8.221914,4.787566,-0.011885,-0.022495,0.205092
479039620.000,Miguel,recording,knock_twice_left,14,0.909071,8.429011,4.579524,-0.042781,-0.023292,0.129805
479039630.000,Miguel,recording,knock_twice_left,14,0.834389,8.508393,4.758103,-0.087412,0.021453,0.027965
479039640.000,Miguel,recording,knock_twice_left,14,0.481492,8.402567,4.982636,-0.117945,0.058016,-0.058965
479039650.000,Miguel,recording,knock_twice_left,14,0.054045,8.226353,5.206865,-0.129310,0.071325,-0.114338
479039660.000,Miguel,recording,knock_twice_left,14,-0.121847,8.155377,5.396614,-0.126289,0.074057,-0.146551
479039670.000,Miguel,recording,knock_twice_left,14,-0.326283,8.241608,5.537598,-0.113108,0.069027,-0.161129
479039680.000,Miguel,recording,knock_twice_left,14,-0.537080,8.307571,5.615914,-0.092628,0.050056,-0.154883
479039690.000,Miguel,recording,knock_twice_left,14,-0.690522,8.380920,5.622964,-0.068202,0.018469,-0.127694
479039700.000,Miguel,recording,knock_twice_left,14,-0.787981,8.423357,5.567468,-0.042039,-0.017733,-0.087109
479039710.000,Miguel,recording,knock_twice_left,14,-0.697649,8.405616,5.493067,-0.015214,-0.048186,-0.044344
479039720.000,Miguel,recording,knock_twice_left,14,-0.605841,8.429085,5.422433,0.010529,-0.062774,-0.006976
479039730.000,Miguel,recording,knock_twice_left,14,-0.478299,8.512531,5.315115,0.033087,-0.055396,0.023810
479039740.000,Miguel,recording,knock_twice_left,14,-0.412761,8.490308,5.242229,0.050475,-0.028327,0.049843
479039750.000,Miguel,recording,knock_twice_left,14,-0.296892,8.435928,5.138948,0.060012,0.006209,0.069795
479039760.000,Miguel,recording,knock_twice_left,14,-0.165966,8.352202,5.096794,0.060234,0.031878,0.079034
479039770.000,Miguel,recording,knock_twice_left,14,-0.077300,8.341408,5.052527,0.051099,0.036789,0.076959
479039780.000,Miguel,recording,knock_twice_left,14,-0.067712,8.342708,5.046588,0.032158,0.017885,0.067909
479039790.000,Miguel,recording,knock_twice_left,14,-0.111769,8.288375,5.101934,0.008344,-0.020095,0.056134
479039800.000,Miguel,recording,knock_twice_left,14,-0.136614,8.259717,5.145519,-0.011811,-0.067829,0.043924
479039810.000,Miguel,recording,knock_twice_left,14,-0.153261,8.214478,5.196940,-0.022902,-0.111896,0.033148
479039820.000,Miguel,recording,knock_twice_left,14,-0.121451,8.239511,5.202227,-0.020202,-0.135658,0.025058
479039830.000,Miguel,recording,knock_twice_left,14,-0.207614,8.271013,5.242052,-0.002229,-0.128110,0.021599
479039840.000,Miguel,recording,knock_twice_left,14,-0.291973,8.236946,5.203102,0.026854,-0.091709,0.025515
479039850.000,Miguel,recording,knock_twice_left,14,-0.261541,8.240222,5.111394,0.060990,-0.037200,0.033107
479039860.000,Miguel,recording,knock_twice_left,14,-0.122529,8.265819,4.986367,0.091745,0.021050,0.036437
479039870.000,Miguel,recording,knock_twice_left,14,-0.023087,8.281199,4.815672,0.109442,0.067741,0.031568
479039880.000,Miguel,recording,knock_twice_left,14,-0.002697,8.281480,4.647880,0.105340,0.092440,0.019562
479039890.000,Miguel,recording,knock_twice_left,14,-0.027568,8.311445,4.573072,0.077246,0.092643,0.005450
479039900.000,Miguel,recording,knock_twice_left,14,-0.130242,8.311884,4.635086,0.034128,0.071944,-0.005650
479039910.000,Miguel,recording,knock_twice_left,14,-0.275498,8.299094,4.765111,-0.013878,0.034175,-0.007902
479039920.000,Miguel,recording,knock_twice_left,14,-0.440968,8.268717,4.831550,-0.058203,-0.014222,0.004259
479039930.000,Miguel,recording,knock_twice_left,14,-0.461439,8.330497,4.929684,-0.092787,-0.060799,0.027474
479039940.000,Miguel,recording,knock_twice_left,14,-0.409887,8.350459,5.077265,-0.114607,-0.095672,0.053194
479039950.000,Miguel,recording,knock_twice_left,14,-0.274209,8.292832,5.181257,-0.121402,-0.116696,0.074836
479039960.000,Miguel,recording,knock_twice_left,14,-0.145450,8.280378,5.173282,-0.119191,-0.124314,0.086846
479039970.000,Miguel,recording,knock_twice_left,14,-0.022002,8.318650,5.102944,-0.119275,-0.121858,0.087196
479039980.000,Miguel,recording,knock_twice_left,14,0.089679,8.347132,5.061329,-0.127631,-0.118083,0.078032
479039990.000,Miguel,recording,knock_twice_left,14,0.109873,8.388151,5.038265,-0.143885,-0.119300,0.062981
479040000.000,Miguel,recording,knock_twice_left,14,0.060420,8.369058,5.053135,-0.165106,-0.122295,0.047780
479040010.000,Miguel,recording,knock_twice_left,14,0.054378,8.314882,5.128602,-0.186535,-0.120131,0.035630
479040020.000,Miguel,recording,knock_twice_left,14,0.109446,8.287392,5.160899,-0.203898,-0.111355,0.024732
479040030.000,Miguel,recording,knock_twice_left,14,0.167867,8.215588,5.198450,-0.213101,-0.099843,0.012166
479040040.000,Miguel,recording,knock_twice_left,14,0.145310,8.121094,5.389401,-0.208101,-0.091802,-0.002686
479040050.000,Miguel,recording,knock_twice_left,14,0.097944,8.066135,5.563998,-0.183949,-0.087583,-0.016580
479040060.000,Miguel,recording,knock_twice_left,14,0.069609,8.033934,5.680089,-0.140309,-0.078616,-0.027451
479040070.000,Miguel,recording,knock_twice_left,14,0.026799,8.041833,5.657762,-0.083286,-0.053442,-0.034876
479040080.000,Miguel,recording,knock_twice_left,14,-0.052661,8.063465,5.605550,-0.022752,-0.009949,-0.035815
479040090.000,Miguel,recording,knock_twice_left,15,-0.150956,8.057217,5.528341,0.031992,0.038887,-0.027673
479040100.000,Miguel,recording,knock_twice_left,15,-0.150326,8.069497,5.379209,0.073424,0.079620,-0.014103
479040110.000,Miguel,recording,knock_twice_left,15,-0.071018,8.185524,5.269622,0.094964,0.105759,-0.003411
479040120.000,Miguel,recording,knock_twice_left,15,0.017035,8.239103,5.173289,0.095137,0.111044,-0.000082
479040130.000,Miguel,recording,knock_twice_left,15,0.062292,8.248491,5.153426,0.083569,0.093948,-0.004154
479040140.000,Miguel,recording,knock_twice_left,15,0.176091,8.271773,5.260841,0.072220,0.063477,-0.018148
479040150.000,Miguel,recording,knock_twice_left,15,0.385060,8.314794,5.462744,0.071017,0.027995,-0.046999
479040160.000,Miguel,recording,knock_twice_left,15,0.545347,8.341250,5.570013,0.086151,-0.007998,-0.088415
479040170.000,Miguel,recording,knock_twice_left,15,0.571512,8.345163,5.570122,0.111688,-0.037678,-0.133056
479040180.000,Miguel,recording,knock_twice_left,15,0.532483,8.316630,5.471576,0.132122,-0.062339,-0.173367
479040190.000,Miguel,recording,knock_twice_left,15,0.429212,8.387663,5.280753,0.125287,-0.105161,-0.199035
479040200.000,Miguel,recording,knock_twice_left,15,0.087294,8.612519,4.901371,0.061218,-0.218497,-0.189113
479040210.000,Miguel,recording,knock_twice_left,15,-0.355886,8.961724,4.575352,-0.075814,-0.466872,-0.130302
479040220.000,Miguel,recording,knock_twice_left,15,-0.654796,9.057528,4.658977,-0.261538,-0.871242,-0.036696
479040230.000,Miguel,recording,knock_twice_left,15,-0.769640,8.708954,4.708766,-0.442174,-1.375388,0.045933
479040240.000,Miguel,recording,knock_twice_left,15,-0.070353,8.859346,5.179573,-0.564093,-1.885796,0.067704
479040250.000,Miguel,recording,knock_twice_left,15,-0.088502,8.365129,5.501261,-0.618593,-2.306036,0.055483
479040260.000,Miguel,recording,knock_twice_left,15,-0.547405,7.619191,5.406807,-0.638639,-2.549691,0.081624
479040270.000,Miguel,recording,knock_twice_left,15,-0.697033,7.527176,5.587430,-0.633333,-2.576785,0.169691
479040280.000,Miguel,recording,knock_twice_left,15,-0.484646,7.842894,5.853694,-0.571152,-2.409266,0.295663
479040290.000,Miguel,recording,knock_twice_left,15,-0.146514,8.130372,6.187560,-0.422521,-2.104655,0.425037
479040300.000,Miguel,recording,knock_twice_left,15,0.229143,8.340571,6.195562,-0.209226,-1.717900,0.543863
479040310.000,Miguel,recording,knock_twice_left,15,0.506761,8.382197,5.854070,0.002269,-1.292107,0.657210
479040320.000,Miguel,recording,knock_twice_left,15,0.696515,8.421669,5.376552,0.160847,-0.868627,0.765070
479040330.000,Miguel,recording,knock_twice_left,15,1.032444,8.527679,5.246723,0.258802,-0.487637,0.856148
479040340.000,Miguel,recording,knock_twice_left,15,1.303634,8.547591,5.284260,0.319652,-0.176819,0.920034
479040350.000,Miguel,recording,knock_twice_left,15,1.506698,8.316366,5.330344,0.365298,0.055557,0.956420
479040360.000,Miguel,recording,knock_twice_left,15,1.648791,8.279807,5.133982,0.385971,0.216209,0.977579
479040370.000,Miguel,recording,knock_twice_left,15,1.635005,8.253604,4.726546,0.354739,0.316007,0.992592
479040380.000,Miguel,recording,knock_twice_left,15,1.639027,8.111861,4.365239,0.259482,0.364547,0.996113
479040390.000,Miguel,recording,knock_twice_left,15,1.706440,8.006319,4.067106,0.100494,0.375268,0.982439
479040400.000,Miguel,recording,knock_twice_left,15,1.839483,8.130124,3.740176,-0.114999,0.367717,0.952973
479040410.000,Miguel,recording,knock_twice_left,15,2.041302,8.080532,3.807431,-0.358697,0.356199,0.907695
479040420.000,Miguel,recording,knock_twice_left,15,2.292276,7.971220,4.033196,-0.593971,0.344363,0.844605
479040430.000,Miguel,recording,knock_twice_left,15,2.408755,7.800928,4.253506,-0.805983,0.330356,0.763493
479040440.000,Miguel,recording,knock_twice_left,15,2.391345,7.558447,4.414846,-1.002043,0.304868,0.666926
479040450.000,Miguel,recording,knock_twice_left,15,2.275232,7.419626,4.529353,-1.191414,0.252857,0.561888
479040460.000,Miguel,recording,knock_twice_left,15,2.153253,7.282038,4.620476,-1.366451,0.160147,0.455962
479040470.000,Miguel,recording,knock_twice_left,15,2.140500,6.915676,5.012617,-1.501001,0.028274,0.340147
479040480.000,Miguel,recording,knock_twice_left,15,1.976944,6.410055,5.168285,-1.582066,-0.111197,0.196475
479040490.000,Miguel,recording,knock_twice_left,15,2.414133,6.657017,5.298333,-1.622368,-0.211354,0.042332
479040500.000,Miguel,recording,knock_twice_left,15,2.376186,6.339077,5.180415,-1.636532,-0.227497,-0.083402
479040510.000,Miguel,recording,knock_twice_left,15,2.270438,6.089374,5.223898,-1.640433,-0.144116,-0.161214
479040520.000,Miguel,recording,knock_twice_left,15,2.069857,6.049087,5.286375,-1.653214,0.014637,-0.185187
479040530.000,Miguel,recording,knock_twice_left,15,2.091676,6.159383,5.544647,-1.682708,0.201626,-0.163237
479040540.000,Miguel,recording,knock_twice_left,15,1.884279,6.044330,5.808426,-1.722573,0.371128,-0.115593
479040550.000,Miguel,recording,knock_twice_left,15,1.745062,5.578552,6.177523,-1.765276,0.496786,-0.060285
479040560.000,Miguel,recording,knock_twice_left,15,1.379766,5.073612,6.453747,-1.810824,0.561087,-0.017309
479040570.000,Miguel,recording,knock_twice_left,15,1.357466,4.576902,6.750804,-1.868641,0.553523,-0.025433
479040580.000,Miguel,recording,knock_twice_left,15,1.634361,4.310600,6.729562,-1.967288,0.481219,-0.122348
479040590.000,Miguel,recording,knock_twice_left,15,2.172877,4.597406,6.790596,-2.116887,0.360347,-0.287440
479040600.000,Miguel,recording,knock_twice_left,15,2.338490,4.863091,7.194444,-2.276020,0.203130,-0.460336
479040610.000,Miguel,recording,knock_twice_left,15,2.338645,5.074351,7.526648,-2.395802,0.031578,-0.608096
479040620.000,Miguel,recording,knock_twice_left,15,2.183942,5.268660,8.037585,-2.447070,-0.124411,-0.723980
479040630.000,Miguel,recording,knock_twice_left,15,2.162904,5.370618,8.516595,-2.415350,-0.247476,-0.805300
479040640.000,Miguel,recording,knock_twice_left,15,2.177163,5.428593,8.993547,-2.303916,-0.334321,-0.847111
479040650.000,Miguel,recording,knock_twice_left,15,2.172453,5.581368,9.403454,-2.117708,-0.378579,-0.832297
479040660.000,Miguel,recording,knock_twice_left,15,2.001416,5.914239,10.017663,-1.852013,-0.362200,-0.735236
479040670.000,Miguel,recording,knock_twice_left,15,1.753311,6.154140,10.395516,-1.514739,-0.256549,-0.549508
479040680.000,Miguel,recording,knock_twice_left,15,1.569233,6.215149,10.601898,-1.130698,-0.034169,-0.304127
479040690.000,Miguel,recording,knock_twice_left,15,1.530252,6.112650,10.767973,-0.735725,0.301750,-0.046393
479040700.000,Miguel,recording,knock_twice_left,15,1.663082,5.655641,10.524569,-0.357270,0.711108,0.179676
479040710.000,Miguel,recording,knock_twice_left,15,1.546302,5.195569,10.271121,-0.008227,1.119135,0.344825
479040720.000,Miguel,recording,knock_twice_left,15,1.485435,4.660667,9.767358,0.290409,1.444485,0.439701
479040730.000,Miguel,recording,knock_twice_left,15,1.306426,4.403875,9.213956,0.507755,1.625373,0.474040
479040740.000,Miguel,recording,knock_twice_left,15,0.941744,4.446721,8.732055,0.613631,1.614617,0.469397
479040750.000,Miguel,recording,knock_twice_left,15,0.702640,4.580139,8.331985,0.601342,1.406699,0.445257
479040760.000,Miguel,recording,knock_twice_left,15,0.572185,4.745506,8.019090,0.493466,1.052326,0.415937
479040770.000,Miguel,recording,knock_twice_left,15,0.530116,4.948299,7.836538,0.322882,0.631553,0.396333
479040780.000,Miguel,recording,knock_twice_left,15,0.621904,5.045270,7.799515,0.126587,0.240811,0.391383
479040790.000,Miguel,recording,knock_twice_left,15,0.798342,4.965010,7.818513,-0.047943,-0.017601,0.384457
479040800.000,Miguel,recording,knock_twice_left,15,1.108412,4.873314,8.025329,-0.170930,-0.108048,0.352505
479040810.000,Miguel,recording,knock_twice_left,15,1.365061,4.889657,8.357578,-0.249450,-0.095770,0.294998
479040820.000,Miguel,recording,knock_twice_left,15,1.523907,4.652167,8.518323,-0.287526,-0.051126,0.222437
479040830.000,Miguel,recording,knock_twice_left,15,1.589908,4.575173,8.703549,-0.268552,0.024839,0.134125
479040840.000,Miguel,recording,knock_twice_left,15,1.520163,4.594623,8.945801,-0.187735,0.148106,0.034498
479040850.000,Miguel,recording,knock_twice_left,15,1.302040,4.680550,9.132941,-0.072333,0.294768,-0.054296
479040860.000,Miguel,recording,knock_twice_left,15,1.148225,4.690963,9.087247,0.040934,0.434259,-0.109607
479040870.000,Miguel,recording,knock_twice_left,15,1.232813,4.684184,8.906799,0.130862,0.557847,-0.130506
479040880.000,Miguel,recording,knock_twice_left,15,1.185722,4.665901,8.626565,0.190844,0.665960,-0.133719
479040890.000,Miguel,recording,knock_twice_left,15,1.164972,4.624375,8.308013,0.225685,0.768233,-0.137228
479040900.000,Miguel,recording,knock_twice_left,15,1.114595,4.651367,8.131563,0.250667,0.895901,-0.152063
479040910.000,Miguel,recording,knock_twice_left,15,1.114012,4.667862,7.918443,0.281219,1.091587,-0.176211
479040920.000,Miguel,recording,knock_twice_left,15,1.025033,4.776533,7.890721,0.321471,1.359269,-0.199941
479040930.000,Miguel,recording,knock_twice_left,15,0.658667,4.862264,8.118864,0.372209,1.640793,-0.213560
479040940.000,Miguel,recording,knock_twice_left,15,-0.082133,4.972964,8.607006,0.439962,1.856554,-0.208703
479040950.000,Miguel,recording,knock_twice_left,15,-0.763168,5.035736,9.039099,0.524316,1.955431,-0.179162
479040960.000,Miguel,recording,knock_twice_left,15,-1.209545,5.256133,9.185877,0.608149,1.924771,-0.119059
479040970.000,Miguel,recording,knock_twice_left,15,-1.198477,5.488316,8.914126,0.661768,1.776895,-0.029796
479040980.000,Miguel,recording,knock_twice_left,15,-0.944566,5.624408,8.464097,0.661261,1.539758,0.075872
479040990.000,Miguel,recording,knock_twice_left,15,-0.748028,5.837386,8.110383,0.604691,1.250103,0.176596
479041000.000,Miguel,recording,knock_twice_left,15,-0.642070,6.039220,7.970158,0.510175,0.943514,0.251541
479041010.000,Miguel,recording,knock_twice_left,15,-0.621243,5.994424,8.083221,0.420951,0.658712,0.290911
479041020.000,Miguel,recording,knock_twice_left,15,-0.667164,5.680099,8.602178,0.382146,0.437305,0.296143
479041030.000,Miguel,recording,knock_twice_left,15,-0.752242,5.592471,8.743401,0.373297,0.250308,0.275665
479041040.000,Miguel,recording,knock_twice_left,15,-0.834790,5.590906,8.499139,0.342019,-0.022818,0.239832
479041050.000,Miguel,recording,knock_twice_left,15,-0.844035,5.544495,8.615147,0.295606,-0.428936,0.199638
479041060.000,Miguel,recording,knock_twice_left,15,-0.755643,5.412586,8.670432,0.258054,-0.876667,0.158623
479041070.000,Miguel,recording,knock_twice_left,15,-0.533441,5.144228,8.613136,0.235951,-1.284506,0.105331
479041080.000,Miguel,recording,knock_twice_left,15,-0.264580,5.091249,9.330925,0.264050,-1.643051,0.034327
479041090.000,Miguel,recording,knock_twice_left,15,0.005896,5.117225,10.090417,0.360978,-1.920341,-0.030231
479041100.000,Miguel,recording,knock_twice_left,15,0.028581,5.687143,9.699131,0.480530,-2.037337,-0.033680
479041110.000,Miguel,recording,knock_twice_left,15,-0.109113,6.204506,8.839093,0.577227,-1.968049,0.050568
479041120.000,Miguel,recording,knock_twice_left,15,0.044873,6.170687,8.273530,0.644379,-1.782042,0.167110
479041130.000,Miguel,recording,knock_twice_left,15,0.550571,5.969053,7.745515,0.680423,-1.591279,0.222274
479041140.000,Miguel,recording,knock_twice_left,15,1.175975,5.944754,7.429702,0.673477,-1.464152,0.166974
479041150.000,Miguel,recording,knock_twice_left,15,1.188675,5.827430,6.830436,0.599990,-1.387508,0.042007
479041160.000,Miguel,recording,knock_twice_left,15,0.736581,5.783162,6.389039,0.460759,-1.323498,-0.066678
479041170.000,Miguel,recording,knock_twice_left,15,0.393395,6.067663,6.378617,0.294149,-1.249568,-0.100412
479041180.000,Miguel,recording,knock_twice_left,15,0.077172,6.332961,6.384995,0.133470,-1.147297,-0.049875
479041190.000,Miguel,recording,knock_twice_left,15,0.092833,6.230708,6.655077,0.001201,-1.013983,0.055721
479041200.000,Miguel,recording,knock_twice_left,15,0.507376,5.945492,7.121118,-0.078482,-0.862143,0.164494
479041210.000,Miguel,recording,knock_twice_left,15,1.033205,5.679808,7.396247,-0.090956,-0.719177,0.226138
479041220.000,Miguel,recording,knock_twice_left,15,1.624823,5.640670,7.835998,-0.043584,-0.645100,0.219184
479041230.000,Miguel,recording,knock_twice_left,15,2.048064,5.694492,7.831059,0.027447,-0.679720,0.156670
479041240.000,Miguel,recording,knock_twice_left,15,2.168315,5.728103,7.498773,0.073530,-0.781307,0.069356
479041250.000,Miguel,recording,knock_twice_left,15,2.011120,5.772364,6.998379,0.064749,-0.878889,-0.011311
479041260.000,Miguel,recording,knock_twice_left,15,1.760813,5.606799,6.640757,0.008085,-0.921989,-0.069127
479041270.000,Miguel,recording,knock_twice_left,15,1.606134,5.432179,6.732119,-0.056560,-0.868164,-0.104158
479041280.000,Miguel,recording,knock_twice_left,15,1.620454,5.495852,7.147519,-0.075769,-0.698905,-0.121023
479041290.000,Miguel,recording,knock_twice_left,15,1.761631,5.902427,7.818807,-0.025063,-0.436651,-0.128520
479041300.000,Miguel,recording,knock_twice_left,15,1.545942,6.333923,7.861899,0.062786,-0.142925,-0.123339
479041310.000,Miguel,recording,knock_twice_left,15,1.261845,6.337829,7.662026,0.144617,0.103709,-0.089220
479041320.000,Miguel,recording,knock_twice_left,15,1.204300,6.144495,7.720403,0.209212,0.253371,-0.031376
479041330.000,Miguel,recording,knock_twice_left,15,1.485678,6.039510,7.813536,0.272607,0.297747,0.019533
479041340.000,Miguel,recording,knock_twice_left,15,2.055766,5.994963,8.238384,0.361239,0.249478,0.036065
479041350.000,Miguel,recording,knock_twice_left,15,2.624863,5.978240,8.393193,0.480764,0.164237,0.006060
479041360.000,Miguel,recording,knock_twice_left,15,2.882458,6.009510,8.260004,0.607202,0.134931,-0.068546
479041370.000,Miguel,recording,knock_twice_left,15,2.769262,5.812295,8.037811,0.713497,0.204467,-0.167431
479041380.000,Miguel,recording,knock_twice_left,15,2.433855,5.681097,7.728226,0.782205,0.327148,-0.262893
479041390.000,Miguel,recording,knock_twice_left,15,2.060292,5.834843,7.231923,0.806885,0.423712,-0.334566
479041400.000,Miguel,recording,knock_twice_left,15,1.703725,6.196493,6.939258,0.796022,0.450636,-0.366538
479041410.000,Miguel,recording,knock_twice_left,15,1.556731,6.552627,6.820538,0.762335,0.420915,-0.359237
479041420.000,Miguel,recording,knock_twice_left,15,1.432866,6.496241,6.621888,0.703668,0.378285,-0.335496
479041430.000,Miguel,recording,knock_twice_left,15,1.274848,6.360860,6.437128,0.614850,0.350196,-0.320015
479041440.000,Miguel,recording,knock_twice_left,15,1.308581,6.145957,6.571002,0.512441,0.322064,-0.331791
479041450.000,Miguel,recording,knock_twice_left,15,1.591919,5.793480,7.266500,0.428780,0.252712,-0.384696
479041460.000,Miguel,recording,knock_twice_left,15,1.836615,5.819237,7.646168,0.380744,0.121493,-0.470861
479041470.000,Miguel,recording,knock_twice_left,15,1.783288,6.240383,7.715374,0.361498,-0.051663,-0.551277
479041480.000,Miguel,recording,knock_twice_left,15,1.496920,6.730290,7.485800,0.361546,-0.231182,-0.579601
479041490.000,Miguel,recording,knock_twice_left,15,0.977073,7.173693,7.091223,0.371591,-0.383165,-0.532547
479041500.000,Miguel,recording,knock_twice_left,15,0.651578,7.264377,6.577647,0.371684,-0.479800,-0.424901
479041510.000,Miguel,recording,knock_twice_left,15,0.546535,7.034701,6.236507,0.344083,-0.498170,-0.303797
479041520.000,Miguel,recording,knock_twice_left,15,0.704301,6.741325,6.302252,0.293112,-0.434065,-0.211815
479041530.000,Miguel,recording,knock_twice_left,15,0.888957,6.633755,6.383804,0.239487,-0.316269,-0.159834
479041540.000,Miguel,recording,knock_twice_left,15,1.031618,6.732074,6.576944,0.202686,-0.189147,-0.135918
479041550.000,Miguel,recording,knock_twice_left,15,1.076922,6.827989,6.790840,0.189904,-0.089632,-0.123416
479041560.000,Miguel,recording,knock_twice_left,15,0.890807,6.933555,6.911337,0.191844,-0.035486,-0.112061
479041570.000,Miguel,recording,knock_twice_left,15,0.718645,6.896244,6.872962,0.188709,-0.027694,-0.097189
479041580.000,Miguel,recording,knock_twice_left,15,0.648811,6.845272,6.883302,0.172051,-0.081908,-0.079802
479041590.000,Miguel,recording,knock_twice_left,15,0.725348,6.783690,7.012951,0.146959,-0.221820,-0.063689
479041600.000,Miguel,recording,knock_twice_left,15,0.792814,6.724475,7.001438,0.117455,-0.425599,-0.046524
479041610.000,Miguel,recording,knock_twice_left,15,0.909638,6.848240,7.127619,0.095045,-0.625311,-0.027026
479041620.000,Miguel,recording,knock_twice_left,15,1.112124,6.893177,7.269201,0.102222,-0.757173,-0.011307
479041630.000,Miguel,recording,knock_twice_left,15,1.391007,6.960392,7.380706,0.155185,-0.795362,-0.003960
479041640.000,Miguel,recording,knock_twice_left,15,1.365205,7.029747,7.347186,0.246730,-0.732809,-0.001998
479041650.000,Miguel,recording,knock_twice_left,15,1.282794,7.163375,7.061111,0.343804,-0.576230,0.003756
479041660.000,Miguel,recording,knock_twice_left,15,1.161993,7.274752,6.620819,0.409434,-0.358939,0.021777
479041670.000,Miguel,recording,knock_twice_left,15,1.053915,7.424082,6.288392,0.433438,-0.125039,0.053779
479041680.000,Miguel,recording,knock_twice_left,15,1.030685,7.427786,6.178623,0.427630,0.091672,0.093558
479041690.000,Miguel,recording,knock_twice_left,15,1.114933,7.368388,6.324015,0.409278,0.262358,0.128072
479041700.000,Miguel,recording,knock_twice_left,15,1.159690,7.312572,6.564257,0.390645,0.364946,0.146113
479041710.000,Miguel,recording,knock_twice_left,15,1.021816,7.207136,6.684746,0.370878,0.387090,0.148530
479041720.000,Miguel,recording,knock_twice_left,15,0.793946,7.050040,6.683239,0.348672,0.311861,0.144265
479041730.000,Miguel,recording,knock_twice_left,15,0.683478,6.869431,6.663155,0.319159,0.154207,0.139058
479041740.000,Miguel,recording,knock_twice_left,15,0.850537,6.880589,6.504194,0.276256,-0.033988,0.130980
479041750.000,Miguel,recording,knock_twice_left,15,1.093979,6.956671,6.469179,0.230763,-0.200071,0.115710
479041760.000,Miguel,recording,knock_twice_left,15,1.224129,7.013408,6.438135,0.199564,-0.293129,0.093399
479041770.000,Miguel,recording,knock_twice_left,15,1.311128,7.126613,6.397079,0.187013,-0.272507,0.066876
479041780.000,Miguel,recording,knock_twice_left,15,1.354667,7.236737,6.302120,0.184833,-0.139786,0.040568
479041790.000,Miguel,recording,knock_twice_left,15,1.398230,7.183601,6.205252,0.184897,0.050500,0.016100
479041800.000,Miguel,recording,knock_twice_left,15,1.580478,7.077445,6.244376,0.185036,0.237510,-0.012673
479041810.000,Miguel,recording,knock_twice_left,15,1.692763,7.163680,6.278954,0.179348,0.393208,-0.052147
479041820.000,Miguel,recording,knock_twice_left,15,1.539078,7.245592,6.165007,0.158229,0.513141,-0.098482
479041830.000,Miguel,recording,knock_twice_left,15,1.296925,7.306653,6.080923,0.122478,0.599741,-0.139378
479041840.000,Miguel,recording,knock_twice_left,15,1.115414,7.318159,6.109798,0.091328,0.653592,-0.167830
479041850.000,Miguel,recording,knock_twice_left,15,1.132770,7.354821,6.205500,0.087466,0.659387,-0.182418
479041860.000,Miguel,recording,knock_twice_left,15,1.237823,7.397255,6.187687,0.118589,0.587232,-0.178110
479041870.000,Miguel,recording,knock_twice_left,15,1.155707,7.232820,6.280758,0.175170,0.445103,-0.156546
479041880.000,Miguel,recording,knock_twice_left,15,1.246682,7.208505,6.454164,0.239047,0.283453,-0.136237
479041890.000,Miguel,recording,knock_twice_left,15,1.225271,7.297459,6.460318,0.292680,0.145611,-0.130172
479041900.000,Miguel,recording,knock_twice_left,15,1.156979,7.206659,6.448430,0.323093,0.063054,-0.128343
479041910.000,Miguel,recording,knock_twice_left,15,1.032128,7.000860,6.500712,0.330463,0.057335,-0.119041
479041920.000,Miguel,recording,knock_twice_left,15,1.104232,6.899165,6.727826,0.331206,0.119659,-0.108534
479041930.000,Miguel,recording,knock_twice_left,15,1.218870,7.016904,6.968832,0.348289,0.204125,-0.109341
479041940.000,Miguel,recording,knock_twice_left,15,1.194150,7.210159,7.230976,0.399286,0.260374,-0.124180
479041950.000,Miguel,recording,knock_twice_left,15,1.022170,7.370836,7.367608,0.486002,0.274006,-0.139713
479041960.000,Miguel,recording,knock_twice_left,15,0.891093,7.452474,7.206722,0.593975,0.270102,-0.136428
479041970.000,Miguel,recording,knock_twice_left,15,0.834982,7.592108,6.997566,0.703677,0.286709,-0.108972
479041980.000,Miguel,recording,knock_twice_left,15,0.901502,7.719029,6.643633,0.798340,0.345561,-0.070800
479041990.000,Miguel,recording,knock_twice_left,15,1.079077,7.886168,6.328558,0.866643,0.440133,-0.042934
479042000.000,Miguel,recording,knock_twice_left,15,1.209267,7.892846,5.960793,0.904442,0.551271,-0.036157
479042010.000,Miguel,recording,knock_twice_left,15,1.282707,7.901163,5.656413,0.910771,0.662800,-0.047329
479042020.000,Miguel,recording,knock_twice_left,15,1.300638,8.052690,5.460934,0.887246,0.762386,-0.071436
479042030.000,Miguel,recording,knock_twice_left,15,1.189812,8.142368,5.400182,0.845902,0.838579,-0.101024
479042040.000,Miguel,recording,knock_twice_left,15,0.970349,7.905277,5.384890,0.797435,0.876254,-0.123060
479042050.000,Miguel,recording,knock_twice_left,15,0.740307,7.737904,5.313070,0.740234,0.857901,-0.133333
479042060.000,Miguel,recording,knock_twice_left,15,0.614246,7.741405,5.338430,0.673508,0.776951,-0.139365
479042070.000,Miguel,recording,knock_twice_left,15,0.484406,7.844870,5.320463,0.601520,0.646443,-0.145301
479042080.000,Miguel,recording,knock_twice_left,15,0.352583,7.929773,5.302325,0.529409,0.492627,-0.146185
479042090.000,Miguel,recording,knock_twice_left,15,0.223597,8.008796,5.255056,0.463910,0.345314,-0.137043
479042100.000,Miguel,recording,knock_twice_left,15,0.152684,8.019335,5.243229,0.409938,0.228653,-0.120180
479042110.000,Miguel,recording,knock_twice_left,15,0.155985,8.005998,5.212006,0.366543,0.155811,-0.101671
479042120.000,Miguel,recording,knock_twice_left,15,0.241473,8.101133,5.098854,0.324973,0.125479,-0.085022
479042130.000,Miguel,recording,knock_twice_left,15,0.241960,8.285383,4.892964,0.277125,0.119096,-0.070191
479042140.000,Miguel,recording,knock_twice_left,15,0.181383,8.358884,4.755162,0.221551,0.115526,-0.055596
479042150.000,Miguel,recording,knock_twice_left,15,0.130347,8.312937,4.589387,0.156997,0.105988,-0.036921
479042160.000,Miguel,recording,knock_twice_left,15,0.179062,8.257506,4.498815,0.084051,0.090938,-0.015820
479042170.000,Miguel,recording,knock_twice_left,15,0.244371,8.192180,4.519160,0.008585,0.073679,-0.002094
479042180.000,Miguel,recording,knock_twice_left,15,0.345419,8.163035,4.636579,-0.059784,0.058399,0.000609
479042190.000,Miguel,recording,knock_twice_left,15,0.356371,8.166967,4.847227,-0.108233,0.054810,-0.003204
479042200.000,Miguel,recording,knock_twice_left,15,0.288860,8.142968,5.124725,-0.126153,0.075269,-0.008670
479042210.000,Miguel,recording,knock_twice_left,15,0.111923,8.098353,5.255977,-0.116132,0.122723,-0.010821
479042220.000,Miguel,recording,knock_twice_left,15,0.034491,8.006959,5.335617,-0.090005,0.186781,-0.005862
479042230.000,Miguel,recording,knock_twice_left,15,0.086226,7.961075,5.353706,-0.056564,0.252402,0.001638
479042240.000,Miguel,recording,knock_twice_left,15,0.214815,7.981473,5.411753,-0.022783,0.306043,0.001970
479042250.000,Miguel,recording,knock_twice_left,15,0.279876,8.016879,5.380436,0.004188,0.337718,-0.007657
479042260.000,Miguel,recording,knock_twice_left,15,0.232913,8.060641,5.382284,0.020331,0.338361,-0.021522
479042270.000,Miguel,recording,knock_twice_left,15,0.005729,8.196154,5.376751,0.025061,0.298367,-0.031440
479042280.000,Miguel,recording,knock_twice_left,15,-0.262920,8.320248,5.333981,0.019106,0.215511,-0.029136
479042290.000,Miguel,recording,knock_twice_left,15,-0.458820,8.243056,5.273781,0.004102,0.105157,-0.008527
479042300.000,Miguel,recording,knock_twice_left,15,-0.429524,8.197980,5.182298,-0.015493,-0.003660,0.026802
479042310.000,Miguel,recording,knock_twice_left,15,-0.430261,8.220343,5.133853,-0.030781,-0.088133,0.063325
479042320.000,Miguel,recording,knock_twice_left,15,-0.178809,8.018594,5.020661,-0.039533,-0.133651,0.099209
479042330.000,Miguel,recording,knock_twice_left,15,0.614858,7.950042,4.900271,-0.047911,-0.132668,0.127313
479042340.000,Miguel,recording,knock_twice_left,15,2.480579,8.174377,4.917996,-0.059792,-0.094708,0.090399
479042350.000,Miguel,recording,knock_twice_left,15,1.227798,8.524047,5.260862,-0.089062,-0.037560,-0.035375
479042360.000,Miguel,recording,knock_twice_left,15,0.673455,8.256656,4.887434,-0.149183,0.016968,-0.164344
479042370.000,Miguel,recording,knock_twice_left,15,-0.854266,7.998595,5.331311,-0.216891,0.046609,-0.202919
479042380.000,Miguel,recording,knock_twice_left,15,-1.232664,8.099010,5.540720,-0.257852,0.053024,-0.137533
479042390.000,Miguel,recording,knock_twice_left,15,-1.377188,8.209984,5.750231,-0.266719,0.061686,-0.007596
479042400.000,Miguel,recording,knock_twice_left,15,-0.928222,8.171647,5.860780,-0.249309,0.095494,0.134772
479042410.000,Miguel,recording,knock_twice_left,15,-0.356915,8.034279,6.066508,-0.205154,0.132738,0.235559
479042420.000,Miguel,recording,knock_twice_left,15,0.219481,7.965550,5.949711,-0.147198,0.132663,0.264638
479042430.000,Miguel,recording,knock_twice_left,15,0.630093,8.002980,5.738807,-0.100620,0.099999,0.231153
479042440.000,Miguel,recording,knock_twice_left,15,0.569470,8.214490,5.707022,-0.071759,0.060458,0.167002
479042450.000,Miguel,recording,knock_twice_left,15,0.233930,8.283989,5.766452,-0.046290,0.025849,0.116382
479042460.000,Miguel,recording,knock_twice_left,15,-0.253907,8.203911,5.956668,-0.004435,-0.000313,0.112749
479042470.000,Miguel,recording,knock_twice_left,15,-0.210538,7.847528,6.131695,0.064152,-0.029948,0.158790
479042480.000,Miguel,recording,knock_twice_left,15,0.758706,7.508971,5.802236,0.144063,-0.084335,0.214489
479042490.000,Miguel,recording,knock_twice_left,15,1.658725,7.701585,5.489837,0.195417,-0.134301,0.194382
479042500.000,Miguel,recording,knock_twice_left,15,2.228104,7.852461,4.990593,0.186294,-0.134639,0.061588
479042510.000,Miguel,recording,knock_twice_left,15,1.734977,7.864813,5.041281,0.131320,-0.092270,-0.122656
479042520.000,Miguel,recording,knock_twice_left,15,0.785598,7.924281,5.120267,0.072191,-0.038962,-0.269548
479042530.000,Miguel,recording,knock_twice_left,15,-0.355389,8.089378,5.292970,0.027987,0.027123,-0.319829
479042540.000,Miguel,recording,knock_twice_left,15,-1.109570,8.300879,5.357532,-0.003656,0.125421,-0.266520
479042550.000,Miguel,recording,knock_twice_left,15,-1.470726,8.377911,5.565014,-0.021666,0.228292,-0.138458
479042560.000,Miguel,recording,knock_twice_left,15,-1.246624,8.309135,5.727509,-0.022537,0.290920,0.017186
479042570.000,Miguel,recording,knock_twice_left,15,-0.661784,8.170145,5.781791,-0.010784,0.311441,0.147065
479042580.000,Miguel,recording,knock_twice_left,15,-0.017634,8.029084,5.792567,0.005012,0.314184,0.217883
479042590.000,Miguel,recording,knock_twice_left,15,0.578451,8.027502,5.676477,0.019091,0.299159,0.227525
479042600.000,Miguel,recording,knock_twice_left,15,0.992135,7.974602,5.503673,0.028144,0.253882,0.191145
479042610.000,Miguel,recording,knock_twice_left,15,1.138277,7.932808,5.368329,0.027178,0.195652,0.120474
479042620.000,Miguel,recording,knock_twice_left,15,1.254156,8.064771,5.348022,0.013766,0.163079,0.025910
479042630.000,Miguel,recording,knock_twice_left,15,1.060812,8.073811,5.418933,-0.004039,0.175317,-0.072679
479042640.000,Miguel,recording,knock_twice_left,15,0.818883,8.018996,5.685680,-0.010584,0.220777,-0.153684
479042650.000,Miguel,recording,knock_twice_left,15,0.462462,7.934568,5.929910,0.005112,0.273708,-0.207932
479042660.000,Miguel,recording,knock_twice_left,15,0.101033,7.933296,6.102586,0.040368,0.312047,-0.237870
479042670.000,Miguel,recording,knock_twice_left,15,-0.154594,7.963629,6.147471,0.085144,0.321360,-0.247465
479042680.000,Miguel,recording,knock_twice_left,15,-0.264278,8.043704,6.086743,0.130522,0.296679,-0.240371
479042690.000,Miguel,recording,knock_twice_left,15,-0.261750,8.112459,5.939092,0.170507,0.247368,-0.221501
479042700.000,Miguel,recording,knock_twice_left,15,-0.218040,8.233920,5.747748,0.200711,0.192571,-0.197640
479042710.000,Miguel,recording,knock_twice_left,15,-0.175610,8.304026,5.578218,0.218142,0.150286,-0.174909
479042720.000,Miguel,recording,knock_twice_left,15,-0.225945,8.349720,5.489068,0.225129,0.128320,-0.154246
479042730.000,Miguel,recording,knock_twice_left,15,-0.316697,8.312626,5.504535,0.228715,0.120610,-0.132544
479042740.000,Miguel,recording,knock_twice_left,15,-0.476392,8.288154,5.452862,0.231869,0.116216,-0.105060
479042750.000,Miguel,recording,knock_twice_left,15,-0.536738,8.237102,5.356318,0.231590,0.107060,-0.068822
479042760.000,Miguel,recording,knock_twice_left,15,-0.439787,8.219069,5.242439,0.224253,0.089009,-0.030777
479042770.000,Miguel,recording,knock_twice_left,15,-0.275035,8.234537,5.124319,0.207657,0.063390,-0.002192
479042780.000,Miguel,recording,knock_twice_left,15,-0.133437,8.218815,4.967128,0.181542,0.033833,0.012003
479042790.000,Miguel,recording,knock_twice_left,15,-0.036196,8.170363,4.893821,0.148068,0.004410,0.012033
479042800.000,Miguel,recording,knock_twice_left,15,-0.003833,8.122183,4.833482,0.110930,-0.020391,0.001128
479042810.000,Miguel,recording,knock_twice_left,15,-0.086642,8.182215,4.755599,0.070917,-0.037599,-0.013373
479042820.000,Miguel,recording,knock_twice_left,15,-0.206957,8.165195,4.731343,0.029809,-0.045754,-0.022279
479042830.000,Miguel,recording,knock_twice_left,15,-0.313178,8.131630,4.711415,-0.009256,-0.044979,-0.021611
479042840.000,Miguel,recording,knock_twice_left,15,-0.363094,8.137864,4.695851,-0.046183,-0.035747,-0.013607
479042850.000,Miguel,recording,knock_twice_left,15,-0.317795,8.165888,4.673363,-0.080985,-0.020786,-0.003138
479042860.000,Miguel,recording,knock_twice_left,15,-0.243866,8.165055,4.873004,-0.108182,-0.006057,0.003219
479042870.000,Miguel,recording,knock_twice_left,15,-0.180881,8.132049,5.075057,-0.120088,0.005501,0.001916
479042880.000,Miguel,recording,knock_twice_left,15,-0.165042,8.104350,5.140201,-0.120316,0.018055,-0.003698
479042890.000,Miguel,recording,knock_twice_left,15,-0.157379,8.157079,5.072815,-0.120404,0.037637,-0.009738
479042900.000,Miguel,recording,knock_twice_left,15,-0.227041,8.207053,5.026921,-0.127421,0.063758,-0.014285
479042910.000,Miguel,recording,knock_twice_left,15,-0.339247,8.205810,5.020736,-0.142422,0.087855,-0.014094
479042920.000,Miguel,recording,knock_twice_left,15,-0.446791,8.205174,5.071020,-0.164226,0.098345,-0.005549
479042930.000,Miguel,recording,knock_twice_left,15,-0.443791,8.161812,5.063578,-0.192671,0.086691,0.010188
479042940.000,Miguel,recording,knock_twice_left,15,-0.418021,8.167568,5.163994,-0.227323,0.052452,0.025564
479042950.000,Miguel,recording,knock_twice_left,15,-0.384075,8.214484,5.303433,-0.263101,0.002657,0.034951
479042960.000,Miguel,recording,knock_twice_left,15,-0.382180,8.141528,5.372332,-0.294316,-0.055090,0.039834
479042970.000,Miguel,recording,knock_twice_left,15,-0.375521,8.026603,5.443148,-0.321733,-0.117780,0.042604
479042980.000,Miguel,recording,knock_twice_left,15,-0.349570,7.945618,5.446491,-0.354547,-0.194446,0.041135
479042990.000,Miguel,recording,knock_twice_left,15,-0.202910,7.720610,5.412950,-0.406743,-0.312563,0.028280
479043000.000,Miguel,recording,knock_twice_left,15,-0.018842,7.512058,5.390797,-0.488683,-0.498008,-0.005881
479043010.000,Miguel,recording,knock_twice_left,15,0.286302,7.300771,5.376964,-0.606137,-0.751847,-0.069071
479043020.000,Miguel,recording,knock_twice_left,15,0.495724,7.211297,5.284413,-0.758257,-1.054099,-0.159188
479043030.000,Miguel,recording,knock_twice_left,15,0.681073,7.146987,5.283465,-0.932355,-1.376156,-0.264881
479043040.000,Miguel,recording,knock_twice_left,15,0.908657,7.060402,5.367707,-1.105743,-1.681450,-0.376237
479043050.000,Miguel,recording,knock_twice_left,15,1.129203,7.129718,5.663739,-1.248840,-1.919590,-0.484512
479043060.000,Miguel,recording,knock_twice_left,15,1.195654,7.165545,6.118430,-1.334121,-2.050574,-0.574372
479043070.000,Miguel,recording,knock_twice_left,15,1.096514,7.125892,6.433414,-1.354541,-2.070251,-0.632203
479043080.000,Miguel,recording,knock_twice_left,15,0.906948,7.134501,6.373223,-1.324125,-1.995204,-0.658006
479043090.000,Miguel,recording,knock_twice_left,15,0.755742,7.024684,6.447730,-1.248802,-1.844971,-0.664637
479043100.000,Miguel,recording,knock_twice_left,15,0.658909,7.175603,6.681958,-1.122778,-1.639831,-0.665208
479043110.000,Miguel,recording,knock_twice_left,15,0.551311,7.718317,6.854526,-0.955048,-1.391453,-0.650511
479043120.000,Miguel,recording,knock_twice_left,16,0.364850,8.221349,6.851532,-0.773164,-1.108947,-0.590096
479043130.000,Miguel,recording,knock_twice_left,16,-0.003578,8.505280,6.730029,-0.614296,-0.822445,-0.468319
479043140.000,Miguel,recording,knock_twice_left,16,-0.367652,8.620814,6.171951,-0.509851,-0.577624,-0.299165
479043150.000,Miguel,recording,knock_twice_left,16,-0.472999,8.486600,5.906494,-0.462467,-0.395517,-0.107126
479043160.000,Miguel,recording,knock_twice_left,16,-0.369307,8.205400,5.868020,-0.448984,-0.252358,0.081327
479043170.000,Miguel,recording,knock_twice_left,16,-0.112344,7.818208,6.245646,-0.434885,-0.107066,0.237620
479043180.000,Miguel,recording,knock_twice_left,16,0.232486,7.409188,6.736373,-0.388615,0.054451,0.339122
479043190.000,Miguel,recording,knock_twice_left,16,0.721461,6.919802,7.043928,-0.306855,0.209027,0.375513
479043200.000,Miguel,recording,knock_twice_left,16,1.095983,6.671399,7.030285,-0.220324,0.324990,0.348850
479043210.000,Miguel,recording,knock_twice_left,16,1.243915,6.681369,6.810486,-0.162818,0.386116,0.275614
479043220.000,Miguel,recording,knock_twice_left,16,1.201426,6.730508,6.711606,-0.140542,0.390865,0.185142
479043230.000,Miguel,recording,knock_twice_left,16,0.957842,6.735826,6.811591,-0.137909,0.345618,0.108757
479043240.000,Miguel,recording,knock_twice_left,16,0.706358,6.752519,6.812641,-0.141772,0.269831,0.063445
479043250.000,Miguel,recording,knock_twice_left,16,0.564090,6.801794,6.830720,-0.148900,0.190631,0.046967
479043260.000,Miguel,recording,knock_twice_left,16,0.513870,6.932045,6.766141,-0.159920,0.125830,0.048617
479043270.000,Miguel,recording,knock_twice_left,16,0.566143,7.022703,6.661236,-0.175340,0.082628,0.056679
479043280.000,Miguel,recording,knock_twice_left,16,0.564389,7.110606,6.537535,-0.194165,0.069476,0.064967
479043290.000,Miguel,recording,knock_twice_left,16,0.561244,7.132419,6.506916,-0.213582,0.095112,0.077055
479043300.000,Miguel,recording,knock_twice_left,16,0.543616,7.240232,6.666685,-0.228439,0.154944,0.094050
479043310.000,Miguel,recording,knock_twice_left,16,0.557663,7.361602,6.906902,-0.231974,0.215239,0.110832
479043320.000,Miguel,recording,knock_twice_left,16,0.568003,7.183831,7.051188,-0.221229,0.227419,0.127841
479043330.000,Miguel,recording,knock_twice_left,16,0.678937,6.909758,7.108739,-0.205366,0.175065,0.141409
479043340.000,Miguel,recording,knock_twice_left,16,0.891773,6.857414,7.098507,-0.198263,0.087611,0.140825
479043350.000,Miguel,recording,knock_twice_left,16,1.064215,6.886468,7.246183,-0.201450,-0.004127,0.124729
479043360.000,Miguel,recording,knock_twice_left,16,1.055421,6.828138,7.302926,-0.202359,-0.098976,0.102147
479043370.000,Miguel,recording,knock_twice_left,16,1.104731,6.673006,7.143946,-0.201691,-0.202573,0.083167
479043380.000,Miguel,recording,knock_twice_left,16,1.181396,6.733110,6.796468,-0.224702,-0.317015,0.065863
479043390.000,Miguel,recording,knock_twice_left,16,1.350034,6.788067,6.453982,-0.283373,-0.447657,0.040402
479043400.000,Miguel,recording,knock_twice_left,16,1.456807,6.771819,6.208502,-0.362658,-0.579976,0.003931
479043410.000,Miguel,recording,knock_twice_left,16,1.403632,6.758672,6.280749,-0.444419,-0.672799,-0.035693
479043420.000,Miguel,recording,knock_twice_left,16,1.197687,6.643253,6.481356,-0.513943,-0.693117,-0.065414
479043430.000,Miguel,recording,knock_twice_left,16,0.848524,6.603386,6.899741,-0.551591,-0.630181,-0.074295
479043440.000,Miguel,recording,knock_twice_left,16,0.428304,6.633168,7.591643,-0.534408,-0.500448,-0.051820
479043450.000,Miguel,recording,knock_twice_left,16,0.127299,6.674827,8.030757,-0.456537,-0.348697,0.011346
479043460.000,Miguel,recording,knock_twice_left,16,0.211828,6.709001,8.173829,-0.340958,-0.214226,0.110556
479043470.000,Miguel,recording,knock_twice_left,16,0.676985,6.814311,8.099693,-0.222269,-0.118610,0.220096
479043480.000,Miguel,recording,knock_twice_left,16,1.348637,6.930036,7.919836,-0.100921,-0.074249,0.305315
479043490.000,Miguel,recording,knock_twice_left,16,1.796479,6.908970,8.350403,0.054968,-0.057495,0.350234
479043500.000,Miguel,recording,knock_twice_left,16,1.801018,7.030825,8.319631,0.219038,-0.004350,0.365888
479043510.000,Miguel,recording,knock_twice_left,16,1.738925,6.710408,7.828499,0.334011,0.110296,0.362711
479043520.000,Miguel,recording,knock_twice_left,16,1.695249,6.551987,7.567544,0.393732,0.240069,0.342295
479043530.000,Miguel,recording,knock_twice_left,16,1.557557,6.356719,7.401074,0.420994,0.324048,0.307086
479043540.000,Miguel,recording,knock_twice_left,16,1.436258,6.255322,7.187478,0.434427,0.327000,0.264732
479043550.000,Miguel,recording,knock_twice_left,16,1.333565,6.141875,6.890421,0.435291,0.245733,0.224011
479043560.000,Miguel,recording,knock_twice_left,16,1.154171,6.102191,6.543727,0.411722,0.102041,0.188930
479043570.000,Miguel,recording,knock_twice_left,16,0.864520,6.177683,6.225926,0.350666,-0.070515,0.162333
479043580.000,Miguel,recording,knock_twice_left,16,0.609652,6.254027,5.968706,0.250231,-0.239146,0.147465
479043590.000,Miguel,recording,knock_twice_left,16,0.543688,6.305011,5.888528,0.122543,-0.380370,0.154057
479043600.000,Miguel,recording,knock_twice_left,16,0.836701,6.311420,5.868536,-0.011313,-0.479998,0.200465
479043610.000,Miguel,recording,knock_twice_left,16,1.394807,6.378838,6.170555,-0.121214,-0.520988,0.285474
479043620.000,Miguel,recording,knock_twice_left,16,1.600140,6.537652,6.661436,-0.178192,-0.489978,0.375544
479043630.000,Miguel,recording,knock_twice_left,16,1.673542,6.874931,7.142985,-0.173759,-0.382911,0.425838
479043640.000,Miguel,recording,knock_twice_left,16,1.621666,7.317814,7.471407,-0.114105,-0.220468,0.404417
479043650.000,Miguel,recording,knock_twice_left,16,1.359740,7.682014,7.773392,-0.007503,-0.063509,0.337469
479043660.000,Miguel,recording,knock_twice_left,16,0.806089,7.505129,7.737548,0.120962,0.049630,0.303427
479043670.000,Miguel,recording,knock_twice_left,16,0.390846,7.010495,7.633642,0.250196,0.130334,0.345407
479043680.000,Miguel,recording,knock_twice_left,16,0.458059,6.972327,7.914056,0.396988,0.182222,0.433962
479043690.000,Miguel,recording,knock_twice_left,16,0.877971,6.908813,8.102397,0.582110,0.211616,0.517275
479043700.000,Miguel,recording,knock_twice_left,16,1.191528,6.837496,7.932973,0.790048,0.260898,0.561248
479043710.000,Miguel,recording,knock_twice_left,16,1.492517,6.795238,7.542751,0.974130,0.367604,0.550615
479043720.000,Miguel,recording,knock_twice_left,16,1.635645,6.715356,6.716256,1.083700,0.526949,0.486577
479043730.000,Miguel,recording,knock_twice_left,16,1.760412,6.730475,5.991923,1.095529,0.704869,0.384373
479043740.000,Miguel,recording,knock_twice_left,16,1.873715,6.820166,5.385284,1.021577,0.870150,0.263575
479043750.000,Miguel,recording,knock_twice_left,16,1.835069,6.927501,5.096309,0.889219,1.009802,0.142820
479043760.000,Miguel,recording,knock_twice_left,16,1.729217,6.918896,4.875879,0.723525,1.120607,0.036129
479043770.000,Miguel,recording,knock_twice_left,16,1.558332,6.873554,4.841187,0.545157,1.203755,-0.054758
479043780.000,Miguel,recording,knock_twice_left,16,1.346567,6.954256,5.066016,0.380275,1.270415,-0.133668
479043790.000,Miguel,recording,knock_twice_left,16,1.151919,7.152743,5.648778,0.259657,1.332592,-0.195667
479043800.000,Miguel,recording,knock_twice_left,16,0.841613,7.361603,6.347811,0.198344,1.376841,-0.226147
479043810.000,Miguel,recording,knock_twice_left,16,0.357120,7.433573,6.727382,0.184807,1.370354,-0.214353
479043820.000,Miguel,recording,knock_twice_left,16,-0.050911,7.479971,7.015460,0.199179,1.296818,-0.165615
479043830.000,Miguel,recording,knock_twice_left,16,-0.188343,7.426239,7.173903,0.223192,1.162320,-0.097907
479043840.000,Miguel,recording,knock_twice_left,16,-0.088046,7.452553,7.164686,0.238984,0.981916,-0.030330
479043850.000,Miguel,recording,knock_twice_left,16,0.077862,7.531993,7.005265,0.232213,0.776344,0.024593
479043860.000,Miguel,recording,knock_twice_left,16,0.109800,7.687034,6.810692,0.196959,0.570131,0.064009
479043870.000,Miguel,recording,knock_twice_left,16,0.085200,7.702616,6.671345,0.140742,0.378383,0.096071
479043880.000,Miguel,recording,knock_twice_left,16,0.178115,7.573372,6.646824,0.082346,0.207203,0.128686
479043890.000,Miguel,recording,knock_twice_left,16,0.446123,7.468418,6.694037,0.040992,0.069555,0.156459
479043900.000,Miguel,recording,knock_twice_left,16,0.760900,7.408925,6.729347,0.029691,-0.017684,0.167970
479043910.000,Miguel,recording,knock_twice_left,16,1.024950,7.324968,6.825682,0.057387,-0.035843,0.159651
479043920.000,Miguel,recording,knock_twice_left,16,1.105915,7.236114,6.825753,0.121326,0.029940,0.133312
479043930.000,Miguel,recording,knock_twice_left,16,1.117995,7.167200,6.829316,0.208973,0.162799,0.089138
479043940.000,Miguel,recording,knock_twice_left,16,1.115233,7.009726,6.874310,0.308800,0.314762,0.029031
479043950.000,Miguel,recording,knock_twice_left,16,1.128612,6.836489,6.852568,0.408706,0.448715,-0.043039
479043960.000,Miguel,recording,knock_twice_left,16,1.011764,6.875290,6.653528,0.492996,0.552113,-0.119736
479043970.000,Miguel,recording,knock_twice_left,16,0.867444,7.009925,6.436730,0.550798,0.617277,-0.188022
479043980.000,Miguel,recording,knock_twice_left,16,0.742980,7.242835,6.288413,0.582465,0.637797,-0.238162
479043990.000,Miguel,recording,knock_twice_left,16,0.635733,7.496325,6.169097,0.592563,0.607946,-0.266872
479044000.000,Miguel,recording,knock_twice_left,16,0.458390,7.609519,5.972008,0.584490,0.533981,-0.275602
479044010.000,Miguel,recording,knock_twice_left,16,0.224225,7.658920,5.699155,0.559823,0.444276,-0.268547
479044020.000,Miguel,recording,knock_twice_left,16,0.108721,7.653297,5.406536,0.521622,0.363084,-0.246509
479044030.000,Miguel,recording,knock_twice_left,16,0.070945,7.730324,5.078387,0.469945,0.308526,-0.211308
479044040.000,Miguel,recording,knock_twice_left,16,0.155712,7.795317,4.796257,0.403731,0.314595,-0.176408
479044050.000,Miguel,recording,knock_twice_left,16,0.392553,7.896275,4.877418,0.339633,0.387557,-0.159296
479044060.000,Miguel,recording,knock_twice_left,16,0.334908,7.886160,5.066238,0.296242,0.487193,-0.162551
479044070.000,Miguel,recording,knock_twice_left,16,0.114773,7.857268,5.191948,0.271440,0.578627,-0.171387
479044080.000,Miguel,recording,knock_twice_left,16,-0.175403,7.798103,5.307115,0.255971,0.643802,-0.170726
479044090.000,Miguel,recording,knock_twice_left,16,-0.396065,7.691525,5.406914,0.241245,0.663356,-0.156151
479044100.000,Miguel,recording,knock_twice_left,16,-0.478890,7.561263,5.440234,0.215427,0.618220,-0.131672
479044110.000,Miguel,recording,knock_twice_left,16,-0.469119,7.502118,5.306980,0.169533,0.502933,-0.108124
479044120.000,Miguel,recording,knock_twice_left,16,-0.476611,7.561477,5.191285,0.108396,0.332129,-0.093993
479044130.000,Miguel,recording,knock_twice_left,16,-0.484002,7.454505,5.091515,0.053455,0.137620,-0.089302
479044140.000,Miguel,recording,knock_twice_left,16,-0.540645,7.010427,4.967916,0.029053,-0.033296,-0.094133
479044150.000,Miguel,recording,knock_twice_left,16,-0.598147,6.747894,4.674626,0.042809,-0.112672,-0.118440
479044160.000,Miguel,recording,knock_twice_left,16,-0.624007,6.922089,4.331319,0.085302,-0.035629,-0.170030
479044170.000,Miguel,recording,knock_twice_left,16,-0.761183,7.525181,4.035323,0.141821,0.211519,-0.231259
479044180.000,Miguel,recording,knock_twice_left,16,-0.949019,8.238354,3.816553,0.199164,0.584535,-0.262194
479044190.000,Miguel,recording,knock_twice_left,16,-1.190885,8.784157,3.708721,0.237290,1.021166,-0.219970
479044200.000,Miguel,recording,knock_twice_left,16,-1.319041,8.697908,3.887109,0.242245,1.436261,-0.089512
479044210.000,Miguel,recording,knock_twice_left,16,-1.462421,8.298250,4.466867,0.225006,1.706985,0.089316
479044220.000,Miguel,recording,knock_twice_left,16,-1.478754,7.750587,4.812190,0.189411,1.749943,0.252862
479044230.000,Miguel,recording,knock_twice_left,16,-1.378346,7.331979,4.928351,0.119046,1.572138,0.362720
479044240.000,Miguel,recording,knock_twice_left,16,-1.103615,7.260075,4.908229,-0.000734,1.235282,0.413702
479044250.000,Miguel,recording,knock_twice_left,16,-0.701528,7.555362,4.818086,-0.179776,0.822801,0.416161
479044260.000,Miguel,recording,knock_twice_left,16,-0.246418,7.889664,4.902132,-0.401766,0.407456,0.379266
479044270.000,Miguel,recording,knock_twice_left,16,0.079708,8.050587,5.256813,-0.628888,0.021375,0.310333
479044280.000,Miguel,recording,knock_twice_left,16,0.219976,8.013551,5.623573,-0.838220,-0.310076,0.223397
479044290.000,Miguel,recording,knock_twice_left,16,0.084176,7.850684,5.955844,-1.021774,-0.558126,0.141703
479044300.000,Miguel,recording,knock_twice_left,16,-0.194822,7.812176,6.346167,-1.172948,-0.729895,0.088025
479044310.000,Miguel,recording,knock_twice_left,16,-0.455231,7.808439,6.863391,-1.280796,-0.851516,0.074122
479044320.000,Miguel,recording,knock_twice_left,16,-0.627467,7.839117,7.466683,-1.338407,-0.940964,0.095831
479044330.000,Miguel,recording,knock_twice_left,16,-0.683174,7.839481,7.939370,-1.347648,-1.001338,0.141233
479044340.000,Miguel,recording,knock_twice_left,16,-0.600038,7.804843,8.383608,-1.306699,-1.019250,0.201147
479044350.000,Miguel,recording,knock_twice_left,16,-0.431753,7.676833,8.790897,-1.213160,-0.972504,0.263067
479044360.000,Miguel,recording,knock_twice_left,16,-0.159413,7.531774,9.152473,-1.066219,-0.847810,0.307395
479044370.000,Miguel,recording,knock_twice_left,16,0.159413,7.349111,9.533516,-0.864083,-0.653985,0.319821
479044380.000,Miguel,recording,knock_twice_left,16,0.420557,7.251113,9.745217,-0.617206,-0.415532,0.303847
479044390.000,Miguel,recording,knock_twice_left,16,0.511575,7.170563,9.652851,-0.354606,-0.168623,0.276536
479044400.000,Miguel,recording,knock_twice_left,16,0.543207,7.202890,9.289138,-0.111916,0.045947,0.251610
479044410.000,Miguel,recording,knock_twice_left,16,0.615482,7.219909,8.826289,0.087300,0.198735,0.227470
479044420.000,Miguel,recording,knock_twice_left,16,0.680606,7.230766,8.449340,0.233922,0.283811,0.195521
479044430.000,Miguel,recording,knock_twice_left,16,0.642357,7.221782,8.131712,0.332645,0.313173,0.154228
479044440.000,Miguel,recording,knock_twice_left,16,0.511967,7.301663,7.871602,0.395997,0.300915,0.110343
479044450.000,Miguel,recording,knock_twice_left,16,0.291357,7.348500,7.671688,0.433125,0.257116,0.073174
479044460.000,Miguel,recording,knock_twice_left,16,0.095448,7.268547,7.499896,0.450055,0.188555,0.046720
479044470.000,Miguel,recording,knock_twice_left,16,-0.043743,7.175434,7.277928,0.451826,0.102846,0.029909
479044480.000,Miguel,recording,knock_twice_left,16,-0.097652,7.186824,6.982659,0.440716,0.014528,0.021009
479044490.000,Miguel,recording,knock_twice_left,16,-0.084024,7.274885,6.688358,0.419698,-0.056160,0.018530
479044500.000,Miguel,recording,knock_twice_left,16,-0.047730,7.341905,6.463900,0.394417,-0.091792,0.020634
479044510.000,Miguel,recording,knock_twice_left,16,-0.035179,7.358806,6.333873,0.371571,-0.087413,0.026540
479044520.000,Miguel,recording,knock_twice_left,16,0.050845,7.344361,6.214321,0.356073,-0.045326,0.034043
479044530.000,Miguel,recording,knock_twice_left,16,0.212094,7.315954,6.125900,0.347163,0.027738,0.034896
479044540.000,Miguel,recording,knock_twice_left,16,0.363346,7.232757,6.071423,0.338960,0.111031,0.021720
479044550.000,Miguel,recording,knock_twice_left,16,0.397243,7.206247,5.986456,0.321430,0.174242,-0.002065
479044560.000,Miguel,recording,knock_twice_left,16,0.343080,7.191971,5.888869,0.285431,0.192798,-0.026780
479044570.000,Miguel,recording,knock_twice_left,16,0.274507,7.227353,5.883239,0.233690,0.157370,-0.047810
479044580.000,Miguel,recording,knock_twice_left,16,0.199727,7.269433,6.045314,0.179756,0.079390,-0.064621
479044590.000,Miguel,recording,knock_twice_left,16,0.089901,7.288869,6.146233,0.133957,-0.014885,-0.072546
479044600.000,Miguel,recording,knock_twice_left,16,0.069217,7.278108,6.227566,0.102559,-0.104129,-0.067370
479044610.000,Miguel,recording,knock_twice_left,16,0.079535,7.319989,6.393091,0.092919,-0.178821,-0.056257
479044620.000,Miguel,recording,knock_twice_left,16,0.075494,7.374705,6.510563,0.107565,-0.230041,-0.047508
479044630.000,Miguel,recording,knock_twice_left,16,0.089735,7.383605,6.565516,0.141175,-0.248031,-0.040871
479044640.000,Miguel,recording,knock_twice_left,16,0.131758,7.440575,6.573031,0.185836,-0.232840,-0.034579
479044650.000,Miguel,recording,knock_twice_left,16,0.211607,7.474970,6.461565,0.234511,-0.197330,-0.028942
479044660.000,Miguel,recording,knock_twice_left,16,0.250057,7.514035,6.394712,0.279031,-0.161639,-0.025936
479044670.000,Miguel,recording,knock_twice_left,16,0.240328,7.529793,6.290437,0.311376,-0.142955,-0.025972
479044680.000,Miguel,recording,knock_twice_left,16,0.203021,7.550697,6.281460,0.330307,-0.149972,-0.027249
479044690.000,Miguel,recording,knock_twice_left,16,0.195643,7.509494,6.256164,0.337858,-0.182724,-0.029510
479044700.000,Miguel,recording,knock_twice_left,16,0.223680,7.511570,6.142588,0.334704,-0.234085,-0.035078
479044710.000,Miguel,recording,knock_twice_left,16,0.299430,7.488643,6.097123,0.322927,-0.294448,-0.049682
479044720.000,Miguel,recording,knock_twice_left,16,0.433378,7.458486,6.046589,0.307039,-0.353237,-0.078657
479044730.000,Miguel,recording,knock_twice_left,16,0.569606,7.478807,5.979822,0.293194,-0.402063,-0.121813
479044740.000,Miguel,recording,knock_twice_left,16,0.548853,7.540470,5.996010,0.287784,-0.436199,-0.172924
479044750.000,Miguel,recording,knock_twice_left,16,0.467613,7.640676,6.018083,0.293308,-0.447794,-0.221156
479044760.000,Miguel,recording,knock_twice_left,16,0.349618,7.738527,6.008193,0.309010,-0.432163,-0.257292
479044770.000,Miguel,recording,knock_twice_left,16,0.290708,7.781747,5.999015,0.332637,-0.394516,-0.279424
479044780.000,Miguel,recording,knock_twice_left,16,0.172864,7.803409,5.943258,0.360406,-0.346636,-0.290726
479044790.000,Miguel,recording,knock_twice_left,16,0.070854,7.814601,5.885398,0.387543,-0.307712,-0.295410
479044800.000,Miguel,recording,knock_twice_left,16,-0.093694,7.782052,5.896281,0.410308,-0.294180,-0.295222
479044810.000,Miguel,recording,knock_twice_left,16,-0.224668,7.777490,5.799561,0.428369,-0.300592,-0.286205
479044820.000,Miguel,recording,knock_twice_left,16,-0.334629,7.873055,5.730491,0.444161,-0.303971,-0.262820
479044830.000,Miguel,recording,knock_twice_left,16,-0.389388,7.970674,5.600320,0.457187,-0.284292,-0.225175
479044840.000,Miguel,recording,knock_twice_left,16,-0.300642,8.033721,5.456730,0.462846,-0.241366,-0.182261
479044850.000,Miguel,recording,knock_twice_left,16,-0.176996,8.019812,5.384472,0.459358,-0.192556,-0.146588
479044860.000,Miguel,recording,knock_twice_left,16,-0.103465,8.003326,5.286191,0.445719,-0.156848,-0.125979
479044870.000,Miguel,recording,knock_twice_left,16,-0.057209,7.980371,5.197002,0.419382,-0.143368,-0.119170
479044880.000,Miguel,recording,knock_twice_left,16,-0.025522,8.014740,5.109572,0.380616,-0.150571,-0.119550
479044890.000,Miguel,recording,knock_twice_left,16,-0.051918,8.098823,5.098757,0.336224,-0.173902,-0.121683
479044900.000,Miguel,recording,knock_twice_left,16,-0.080198,8.180924,5.162760,0.297272,-0.203445,-0.120431
479044910.000,Miguel,recording,knock_twice_left,16,-0.189492,8.167207,5.283696,0.270436,-0.224091,-0.111054
479044920.000,Miguel,recording,knock_twice_left,16,-0.259178,8.103036,5.255674,0.252055,-0.226273,-0.090664
479044930.000,Miguel,recording,knock_twice_left,16,-0.213694,8.131308,5.169567,0.234440,-0.210402,-0.064442
479044940.000,Miguel,recording,knock_twice_left,16,-0.129087,8.202301,5.139279,0.212719,-0.186491,-0.043628
479044950.000,Miguel,recording,knock_twice_left,16,-0.059384,8.219498,5.096835,0.183441,-0.171305,-0.032040
479044960.000,Miguel,recording,knock_twice_left,16,-0.016552,8.170806,5.108101,0.147772,-0.175956,-0.028023
479044970.000,Miguel,recording,knock_twice_left,16,0.054509,8.151857,5.159453,0.111431,-0.195603,-0.030917
479044980.000,Miguel,recording,knock_twice_left,16,0.116004,8.192783,5.209398,0.081039,-0.213127,-0.038180
479044990.000,Miguel,recording,knock_twice_left,16,0.131521,8.192852,5.323192,0.063809,-0.213882,-0.045402
479045000.000,Miguel,recording,knock_twice_left,16,0.064133,8.159850,5.354872,0.061529,-0.196000,-0.047870
479045010.000,Miguel,recording,knock_twice_left,16,0.031814,8.124353,5.327924,0.067187,-0.164115,-0.042923
479045020.000,Miguel,recording,knock_twice_left,16,0.037073,8.168643,5.196633,0.071432,-0.126080,-0.034625
479045030.000,Miguel,recording,knock_twice_left,16,0.069938,8.186845,5.182850,0.069653,-0.098217,-0.031444
479045040.000,Miguel,recording,knock_twice_left,16,0.088796,8.199480,5.242322,0.064542,-0.094865,-0.035819
479045050.000,Miguel,recording,knock_twice_left,16,0.067075,8.142663,5.333816,0.061793,-0.111460,-0.044390
479045060.000,Miguel,recording,knock_twice_left,16,0.036922,8.104703,5.399002,0.064683,-0.128453,-0.050807
479045070.000,Miguel,recording,knock_twice_left,16,0.046869,8.119961,5.459712,0.077221,-0.134071,-0.048381
479045080.000,Miguel,recording,knock_twice_left,16,-0.007330,8.123790,5.462129,0.100006,-0.131774,-0.036304
479045090.000,Miguel,recording,knock_twice_left,16,0.007775,8.096316,5.309686,0.122112,-0.126469,-0.018956
479045100.000,Miguel,recording,knock_twice_left,16,0.086610,8.145785,5.112442,0.131124,-0.120245,-0.004398
479045110.000,Miguel,recording,knock_twice_left,16,0.152869,8.140799,4.953814,0.120755,-0.121246,-0.000323
479045120.000,Miguel,recording,knock_twice_left,16,0.241115,8.131778,4.770870,0.087980,-0.136993,-0.008354
479045130.000,Miguel,recording,knock_twice_left,16,0.377608,8.153491,4.690933,0.040978,-0.160925,-0.027128
479045140.000,Miguel,recording,knock_twice_left,16,0.377175,8.199811,4.829630,-0.001836,-0.179991,-0.052840
479045150.000,Miguel,recording,knock_twice_left,16,0.198204,8.124999,5.027146,-0.024322,-0.183584,-0.075267
479045160.000,Miguel,recording,knock_twice_left,16,0.075534,8.109119,5.187273,-0.020830,-0.164307,-0.086499
479045170.000,Miguel,recording,knock_twice_left,16,-0.010104,8.147786,5.253267,0.003505,-0.123836,-0.086106
479045180.000,Miguel,recording,knock_twice_left,16,-0.006299,8.202604,5.283415,0.038702,-0.074921,-0.075297
479045190.000,Miguel,recording,knock_twice_left,16,-0.052329,8.190933,5.196412,0.073673,-0.036525,-0.056342
479045200.000,Miguel,recording,knock_twice_left,16,-0.004291,8.160145,5.042688,0.096643,-0.021990,-0.037009
479045210.000,Miguel,recording,knock_twice_left,16,0.147883,8.174706,4.913772,0.100204,-0.029323,-0.028304
479045220.000,Miguel,recording,knock_twice_left,16,0.259455,8.201048,4.710763,0.084337,-0.048602,-0.034028
479045230.000,Miguel,recording,knock_twice_left,16,0.268661,8.185425,4.642234,0.054371,-0.072196,-0.048508
479045240.000,Miguel,recording,knock_twice_left,16,0.189562,8.156680,4.668409,0.020822,-0.095412,-0.065300
479045250.000,Miguel,recording,knock_twice_left,16,0.070939,8.145515,4.876955,-0.003110,-0.111782,-0.081292
479045260.000,Miguel,recording,knock_twice_left,16,-0.069697,8.208041,5.111129,-0.004827,-0.112427,-0.091239
479045270.000,Miguel,recording,knock_twice_left,16,-0.252446,8.172173,5.287720,0.020183,-0.092810,-0.086147
479045280.000,Miguel,recording,knock_twice_left,16,-0.459410,8.088197,5.143317,0.057650,-0.057564,-0.063207
479045290.000,Miguel,recording,knock_twice_left,16,-0.233126,8.026735,4.772846,0.081091,-0.012058,-0.034216
479045300.000,Miguel,recording,knock_twice_left,16,0.166521,8.108200,4.424626,0.073097,0.044722,-0.018491
479045310.000,Miguel,recording,knock_twice_left,16,0.805596,8.113615,4.158349,0.028444,0.090548,-0.026270
479045320.000,Miguel,recording,knock_twice_left,16,2.136441,8.162168,3.910038,-0.052160,0.091686,-0.069876
479045330.000,Miguel,recording,knock_twice_left,16,0.669911,8.607718,4.394583,-0.166201,0.069297,-0.153651
479045340.000,Miguel,recording,knock_twice_left,16,-0.129348,8.577655,4.402901,-0.298021,0.019293,-0.214549
479045350.000,Miguel,recording,knock_twice_left,16,-1.009375,8.428405,5.057114,-0.403856,-0.064024,-0.183365
479045360.000,Miguel,recording,knock_twice_left,16,-1.174212,8.323264,5.741589,-0.442330,-0.139564,-0.070633
479045370.000,Miguel,recording,knock_twice_left,16,-1.106262,8.041061,6.052746,-0.416923,-0.224969,0.069576
479045380.000,Miguel,recording,knock_twice_left,16,-0.411400,7.972855,5.728827,-0.375385,-0.320371,0.175921
479045390.000,Miguel,recording,knock_twice_left,16,0.205677,8.009117,5.606130,-0.350614,-0.381612,0.208248
479045400.000,Miguel,recording,knock_twice_left,16,0.633929,8.091319,5.623764,-0.331979,-0.392602,0.176118
479045410.000,Miguel,recording,knock_twice_left,16,0.563900,8.198553,5.773644,-0.298565,-0.355309,0.118591
479045420.000,Miguel,recording,knock_twice_left,16,0.319359,8.285598,5.877169,-0.241307,-0.281397,0.071081
479045430.000,Miguel,recording,knock_twice_left,16,0.055652,8.185217,6.041769,-0.157224,-0.179512,0.050937
479045440.000,Miguel,recording,knock_twice_left,16,-0.041994,8.003611,6.315325,-0.043748,-0.056807,0.059449
479045450.000,Miguel,recording,knock_twice_left,16,0.102004,7.767689,6.358136,0.090233,0.042996,0.088999
479045460.000,Miguel,recording,knock_twice_left,16,1.857216,7.435076,5.703320,0.212987,0.068673,0.093847
479045470.000,Miguel,recording,knock_twice_left,16,2.207570,7.935566,5.391931,0.269547,0.051591,-0.001263
479045480.000,Miguel,recording,knock_twice_left,16,2.355693,8.086562,4.418664,0.222757,0.036949,-0.188334
479045490.000,Miguel,recording,knock_twice_left,16,1.324885,7.875252,4.467936,0.105170,0.030772,-0.373804
479045500.000,Miguel,recording,knock_twice_left,16,0.195309,8.054127,4.787554,-0.013398,0.051386,-0.478628
479045510.000,Miguel,recording,knock_twice_left,16,-0.889345,8.335414,5.432679,-0.085956,0.103097,-0.469241
479045520.000,Miguel,recording,knock_twice_left,16,-1.455831,8.413326,5.814233,-0.100261,0.168504,-0.357813
479045530.000,Miguel,recording,knock_twice_left,16,-1.577463,8.266587,6.081354,-0.069246,0.224867,-0.186907
479045540.000,Miguel,recording,knock_twice_left,16,-1.154859,8.162512,6.095529,-0.015545,0.255120,-0.010425
479045550.000,Miguel,recording,knock_twice_left,16,-0.553693,8.181613,5.953302,0.037216,0.257382,0.126000
479045560.000,Miguel,recording,knock_twice_left,16,-0.017634,8.193760,5.771800,0.074802,0.231342,0.199607
479045570.000,Miguel,recording,knock_twice_left,16,0.514302,8.247099,5.512824,0.093354,0.176920,0.212275
479045580.000,Miguel,recording,knock_twice_left,16,0.811982,8.134967,5.317380,0.091015,0.108277,0.177836
479045590.000,Miguel,recording,knock_twice_left,16,0.908495,8.170011,5.202002,0.068177,0.047015,0.108241
479045600.000,Miguel,recording,knock_twice_left,16,0.841718,8.128555,5.123982,0.030352,0.011046,0.021782
479045610.000,Miguel,recording,knock_twice_left,16,0.591499,8.159726,5.235995,-0.006910,0.003963,-0.055843
479045620.000,Miguel,recording,knock_twice_left,16,0.274613,8.058896,5.438767,-0.024693,0.018164,-0.108287
479045630.000,Miguel,recording,knock_twice_left,16,0.025894,8.008833,5.585389,-0.016916,0.047774,-0.133710
479045640.000,Miguel,recording,knock_twice_left,16,-0.110853,8.002225,5.725675,0.011090,0.085071,-0.140865
479045650.000,Miguel,recording,knock_twice_left,16,-0.121399,8.127576,5.765938,0.050303,0.122398,-0.139990
479045660.000,Miguel,recording,knock_twice_left,16,-0.276907,8.277322,5.747082,0.090030,0.152795,-0.132539
479045670.000,Miguel,recording,knock_twice_left,16,-0.466027,8.326786,5.650502,0.120576,0.165735,-0.111452
479045680.000,Miguel,recording,knock_twice_left,16,-0.600587,8.324913,5.514842,0.136250,0.152718,-0.072772
479045690.000,Miguel,recording,knock_twice_left,16,-0.508585,8.346071,5.373963,0.135847,0.117942,-0.024596
479045700.000,Miguel,recording,knock_twice_left,16,-0.340716,8.398110,5.228130,0.121139,0.078720,0.017069
479045710.000,Miguel,recording,knock_twice_left,16,-0.195004,8.403848,5.199088,0.096490,0.049060,0.042730
479045720.000,Miguel,recording,knock_twice_left,16,-0.154215,8.351063,5.220701,0.069086,0.032480,0.056806
479045730.000,Miguel,recording,knock_twice_left,16,-0.104492,8.273540,5.291597,0.047984,0.027419,0.066716
479045740.000,Miguel,recording,knock_twice_left,16,-0.051467,8.192920,5.417506,0.040681,0.027180,0.073009
479045750.000,Miguel,recording,knock_twice_left,16,0.017653,8.150488,5.446031,0.046744,0.025550,0.073597
479045760.000,Miguel,recording,knock_twice_left,16,0.121780,8.104152,5.412712,0.059149,0.023534,0.065911
479045770.000,Miguel,recording,knock_twice_left,16,0.172884,8.118804,5.403224,0.073594,0.024292,0.049059
479045780.000,Miguel,recording,knock_twice_left,16,0.019767,8.077232,5.402818,0.088788,0.027400,0.032049
479045790.000,Miguel,recording,knock_twice_left,16,-0.097110,8.031747,5.359587,0.103490,0.029818,0.024993
479045800.000,Miguel,recording,knock_twice_left,16,-0.053766,8.059667,5.263300,0.118114,0.031004,0.025474
479045810.000,Miguel,recording,knock_twice_left,16,0.047681,8.095265,5.130449,0.129961,0.037661,0.025125
479045820.000,Miguel,recording,knock_twice_left,16,0.155902,8.157741,4.959439,0.130417,0.056501,0.019824
479045830.000,Miguel,recording,knock_twice_left,16,0.103794,8.208735,4.931663,0.116044,0.077686,0.011784
479045840.000,Miguel,recording,knock_twice_left,16,-0.040996,8.189326,4.990572,0.095239,0.080999,0.007001
479045850.000,Miguel,recording,knock_twice_left,16,-0.072504,8.143833,5.011654,0.075003,0.061169,0.008720
479045860.000,Miguel,recording,knock_twice_left,16,0.006868,8.137567,5.000869,0.055881,0.030873,0.012114
479045870.000,Miguel,recording,knock_twice_left,16,0.104982,8.162889,4.963515,0.037647,0.004063,0.009868
479045880.000,Miguel,recording,knock_twice_left,16,0.140905,8.213183,4.858175,0.016344,-0.014817,0.001387
479045890.000,Miguel,recording,knock_twice_left,16,0.067952,8.190159,4.832231,-0.011535,-0.028265,-0.007629
479045900.000,Miguel,recording,knock_twice_left,16,-0.062928,8.206170,4.904708,-0.040135,-0.038994,-0.010558
479045910.000,Miguel,recording,knock_twice_left,16,-0.154593,8.187614,5.124861,-0.061131,-0.048050,-0.004303
479045920.000,Miguel,recording,knock_twice_left,16,-0.166412,8.152482,5.199378,-0.073157,-0.056666,0.009003
479045930.000,Miguel,recording,knock_twice_left,16,-0.073255,8.136549,5.261423,-0.080179,-0.069091,0.023894
479045940.000,Miguel,recording,knock_twice_left,16,0.034813,8.177276,5.264579,-0.085438,-0.089172,0.033680
479045950.000,Miguel,recording,knock_twice_left,16,0.085050,8.196282,5.243548,-0.090387,-0.113214,0.036558
479045960.000,Miguel,recording,knock_twice_left,16,0.154998,8.172628,5.197596,-0.095835,-0.129878,0.034537
479045970.000,Miguel,recording,knock_twice_left,16,0.254117,8.164075,5.144962,-0.100183,-0.129020,0.026693
479045980.000,Miguel,recording,knock_twice_left,16,0.377017,8.202071,5.182121,-0.101836,-0.108403,0.012769
479045990.000,Miguel,recording,knock_twice_left,16,0.223938,8.223295,5.282726,-0.098138,-0.076756,-0.002843
479046000.000,Miguel,recording,knock_twice_left,16,0.032040,8.143966,5.413326,-0.086578,-0.051472,-0.010935
479046010.000,Miguel,recording,knock_twice_left,16,0.015105,8.067429,5.474094,-0.069005,-0.039840,-0.009344
479046020.000,Miguel,recording,knock_twice_left,16,0.130364,8.052721,5.464750,-0.051198,-0.035148,-0.007538
479046030.000,Miguel,recording,knock_twice_left,16,0.230922,8.130112,5.404228,-0.040938,-0.034882,-0.011297
479046040.000,Miguel,recording,knock_twice_left,16,0.184902,8.165057,5.359488,-0.040822,-0.044317,-0.016151
479046050.000,Miguel,recording,knock_twice_left,16,0.099664,8.146783,5.366790,-0.048110,-0.063621,-0.015839
479046060.000,Miguel,recording,knock_twice_left,16,0.044488,8.143753,5.322315,-0.059714,-0.085655,-0.010662
479046070.000,Miguel,recording,knock_twice_left,16,0.052003,8.160187,5.315246,-0.073277,-0.105906,-0.004099
479046080.000,Miguel,recording,knock_twice_left,16,0.114944,8.172949,5.323839,-0.086576,-0.122827,0.001090
479046090.000,Miguel,recording,knock_twice_left,16,0.085060,8.202587,5.390787,-0.095394,-0.133667,0.004622
479046100.000,Miguel,recording,knock_twice_left,16,0.005939,8.156692,5.469175,-0.094969,-0.135364,0.009100
479046110.000,Miguel,recording,knock_twice_left,16,0.058418,8.079581,5.500743,-0.083747,-0.125609,0.014399
479046120.000,Miguel,recording,knock_twice_left,16,0.240551,8.067372,5.502976,-0.064858,-0.104325,0.014906
479046130.000,Miguel,recording,knock_twice_left,16,0.356495,8.110812,5.444107,-0.044302,-0.076121,0.005650
479046140.000,Miguel,recording,knock_twice_left,16,0.385695,8.129588,5.378380,-0.028544,-0.045588,-0.009441
479046150.000,Miguel,recording,knock_twice_left,16,0.270997,8.181306,5.358180,-0.021656,-0.014744,-0.022253
479046160.000,Miguel,recording,knock_twice_left,17,0.048585,8.229164,5.446175,-0.022093,0.010363,-0.026332
479046170.000,Miguel,recording,knock_twice_left,17,-0.120274,8.233361,5.654028,-0.023340,0.019034,-0.017436
479046180.000,Miguel,recording,knock_twice_left,17,-0.086583,8.215865,5.768415,-0.020059,0.006161,0.001097
479046190.000,Miguel,recording,knock_twice_left,17,0.057520,8.232485,5.914193,-0.009306,-0.022629,0.016862
479046200.000,Miguel,recording,knock_twice_left,17,0.258495,8.165472,6.001791,0.011578,-0.058926,0.019814
479046210.000,Miguel,recording,knock_twice_left,17,0.444422,8.088106,5.965184,0.043562,-0.092964,0.008165
479046220.000,Miguel,recording,knock_twice_left,17,0.542442,8.066437,5.818522,0.083054,-0.110630,-0.016092
479046230.000,Miguel,recording,knock_twice_left,17,0.606917,8.032732,5.641798,0.124420,-0.102138,-0.048186
479046240.000,Miguel,recording,knock_twice_left,17,0.616879,8.065604,5.437611,0.164859,-0.066346,-0.082354
479046250.000,Miguel,recording,knock_twice_left,17,0.441562,8.056180,5.256854,0.200776,-0.008859,-0.111781
479046260.000,Miguel,recording,knock_twice_left,17,0.224840,8.004972,5.003801,0.225665,0.059679,-0.130124
479046270.000,Miguel,recording,knock_twice_left,17,0.068368,7.972404,4.825568,0.236363,0.130312,-0.137044
479046280.000,Miguel,recording,knock_twice_left,17,0.016250,8.020806,4.717328,0.236098,0.202650,-0.138280
479046290.000,Miguel,recording,knock_twice_left,17,0.014950,8.053851,4.627284,0.231287,0.287233,-0.141262
479046300.000,Miguel,recording,knock_twice_left,17,0.131383,8.030706,4.577952,0.229758,0.401768,-0.153235
479046310.000,Miguel,recording,knock_twice_left,17,0.397672,8.003458,4.612885,0.235799,0.556008,-0.180856
479046320.000,Miguel,recording,knock_twice_left,17,0.602552,8.085292,4.725087,0.247456,0.732792,-0.225831
479046330.000,Miguel,recording,knock_twice_left,17,0.570826,8.131453,4.839484,0.261510,0.886674,-0.280367
479046340.000,Miguel,recording,knock_twice_left,17,0.350197,8.135217,5.027948,0.272564,0.973480,-0.331294
479046350.000,Miguel,recording,knock_twice_left,17,0.059038,8.116593,5.030744,0.271984,0.983243,-0.367425
479046360.000,Miguel,recording,knock_twice_left,17,-0.272519,8.258246,5.016965,0.253691,0.925341,-0.382665
479046370.000,Miguel,recording,knock_twice_left,17,-0.654034,8.282893,5.007747,0.217730,0.806089,-0.373693
479046380.000,Miguel,recording,knock_twice_left,17,-0.960464,8.265288,4.966522,0.168099,0.642689,-0.341599
479046390.000,Miguel,recording,knock_twice_left,17,-1.143485,8.337572,4.912699,0.108449,0.467891,-0.292756
479046400.000,Miguel,recording,knock_twice_left,17,-1.252677,8.451433,4.794578,0.038720,0.306885,-0.233609
479046410.000,Miguel,recording,knock_twice_left,17,-1.205492,8.419929,4.778092,-0.042202,0.153737,-0.177163
479046420.000,Miguel,recording,knock_twice_left,17,-0.889718,8.097105,4.870773,-0.134237,-0.021758,-0.147844
479046430.000,Miguel,recording,knock_twice_left,17,-0.454352,7.973963,4.891826,-0.238922,-0.232059,-0.165668
479046440.000,Miguel,recording,knock_twice_left,17,-0.202537,8.035376,4.839991,-0.357793,-0.456129,-0.226372
479046450.000,Miguel,recording,knock_twice_left,17,-0.124157,8.170376,4.846217,-0.485096,-0.663453,-0.303695
479046460.000,Miguel,recording,knock_twice_left,17,-0.185015,8.292841,4.894141,-0.605708,-0.833800,-0.369002
479046470.000,Miguel,recording,knock_twice_left,17,-0.321498,8.271445,4.999542,-0.703784,-0.955684,-0.407013
479046480.000,Miguel,recording,knock_twice_left,17,-0.425222,8.267430,5.224302,-0.770800,-1.020646,-0.417718
479046490.000,Miguel,recording,knock_twice_left,17,-0.538804,8.250244,5.550392,-0.800941,-1.032902,-0.408031
479046500.000,Miguel,recording,knock_twice_left,17,-0.680793,8.174846,5.967321,-0.787831,-1.010865,-0.383743
479046510.000,Miguel,recording,knock_twice_left,17,-0.894590,8.131403,6.295679,-0.730321,-0.968488,-0.346247
479046520.000,Miguel,recording,knock_twice_left,17,-0.977382,8.082070,6.514123,-0.636998,-0.908673,-0.296067
479046530.000,Miguel,recording,knock_twice_left,17,-0.988963,8.105570,6.528887,-0.525224,-0.834975,-0.238704
479046540.000,Miguel,recording,knock_twice_left,17,-0.906682,8.135960,6.369509,-0.414265,-0.756320,-0.180715
479046550.000,Miguel,recording,knock_twice_left,17,-0.853129,8.141659,6.116273,-0.321291,-0.684512,-0.124363
479046560.000,Miguel,recording,knock_twice_left,17,-0.713875,8.135866,5.844808,-0.259116,-0.627307,-0.071988
479046570.000,Miguel,recording,knock_twice_left,17,-0.621524,8.146277,5.666564,-0.231073,-0.585633,-0.027021
479046580.000,Miguel,recording,knock_twice_left,17,-0.523223,8.064287,5.551502,-0.226606,-0.555057,0.009268
479046590.000,Miguel,recording,knock_twice_left,17,-0.436552,7.921230,5.528414,-0.231256,-0.523800,0.036504
479046600.000,Miguel,recording,knock_twice_left,17,-0.333173,7.847390,5.525759,-0.237882,-0.480309,0.054822
479046610.000,Miguel,recording,knock_twice_left,17,-0.306084,7.869139,5.548966,-0.242202,-0.422132,0.068388
479046620.000,Miguel,recording,knock_twice_left,17,-0.297495,7.878967,5.538067,-0.244193,-0.353868,0.082048
479046630.000,Miguel,recording,knock_twice_left,17,-0.343353,7.835279,5.524459,-0.248746,-0.286495,0.094942
479046640.000,Miguel,recording,knock_twice_left,17,-0.283887,7.740921,5.558560,-0.257038,-0.231555,0.104253
479046650.000,Miguel,recording,knock_twice_left,17,-0.251307,7.724376,5.655372,-0.263613,-0.191005,0.109470
479046660.000,Miguel,recording,knock_twice_left,17,-0.241284,7.678603,5.968364,-0.257385,-0.162495,0.112928
479046670.000,Miguel,recording,knock_twice_left,17,-0.215322,7.646683,6.126320,-0.232096,-0.146815,0.115684
479046680.000,Miguel,recording,knock_twice_left,17,-0.124956,7.594513,6.214612,-0.193823,-0.142523,0.113343
479046690.000,Miguel,recording,knock_twice_left,17,-0.047529,7.590952,6.209669,-0.150942,-0.141776,0.103352
479046700.000,Miguel,recording,knock_twice_left,17,-0.043243,7.664717,6.098471,-0.108042,-0.134770,0.091355
479046710.000,Miguel,recording,knock_twice_left,17,-0.099681,7.701365,6.009257,-0.069981,-0.115393,0.085750
479046720.000,Miguel,recording,knock_twice_left,17,-0.146542,7.693849,5.880057,-0.041963,-0.081867,0.087764
479046730.000,Miguel,recording,knock_twice_left,17,-0.147639,7.667748,5.824596,-0.023457,-0.038240,0.091749
479046740.000,Miguel,recording,knock_twice_left,17,-0.094802,7.665751,5.840183,-0.008558,0.009860,0.094950
479046750.000,Miguel,recording,knock_twice_left,17,-0.067237,7.694867,5.886195,0.007721,0.059654,0.098069
479046760.000,Miguel,recording,knock_twice_left,17,-0.054152,7.688107,5.915131,0.027052,0.107902,0.101897
479046770.000,Miguel,recording,knock_twice_left,17,0.010858,7.661881,5.934658,0.049515,0.153859,0.106376
479046780.000,Miguel,recording,knock_twice_left,17,0.063578,7.663537,5.909480,0.073855,0.200502,0.109901
479046790.000,Miguel,recording,knock_twice_left,17,0.126171,7.663703,5.987926,0.098319,0.249667,0.110703
479046800.000,Miguel,recording,knock_twice_left,17,0.150964,7.641328,6.055787,0.125076,0.298249,0.107873
479046810.000,Miguel,recording,knock_twice_left,17,0.164240,7.641729,6.162846,0.156604,0.342693,0.101991
479046820.000,Miguel,recording,knock_twice_left,17,0.143300,7.702193,6.250018,0.190553,0.378742,0.097229
479046830.000,Miguel,recording,knock_twice_left,17,0.030443,7.787280,6.247043,0.220589,0.399738,0.099820
479046840.000,Miguel,recording,knock_twice_left,17,-0.060041,7.829440,6.189208,0.241183,0.404819,0.112348
479046850.000,Miguel,recording,knock_twice_left,17,0.005831,7.928587,6.057184,0.248161,0.401315,0.132516
479046860.000,Miguel,recording,knock_twice_left,17,0.118683,8.024970,6.000261,0.241422,0.398822,0.154300
479046870.000,Miguel,recording,knock_twice_left,17,0.233974,8.077731,6.087835,0.230141,0.402342,0.171222
479046880.000,Miguel,recording,knock_twice_left,17,0.306675,8.021658,6.213204,0.225777,0.410211,0.180210
479046890.000,Miguel,recording,knock_twice_left,17,0.373029,7.926734,6.268761,0.234844,0.420861,0.179896
479046900.000,Miguel,recording,knock_twice_left,17,0.317114,7.853893,6.396872,0.259079,0.431319,0.169350
479046910.000,Miguel,recording,knock_twice_left,17,0.243225,7.809478,6.434547,0.296252,0.433856,0.151255
479046920.000,Miguel,recording,knock_twice_left,17,0.126390,7.813484,6.441422,0.339155,0.425027,0.129802
479046930.000,Miguel,recording,knock_twice_left,17,-0.059810,7.825961,6.309473,0.378401,0.404517,0.109897
479046940.000,Miguel,recording,knock_twice_left,17,-0.208962,7.855386,6.120704,0.408832,0.374466,0.098469
479046950.000,Miguel,recording,knock_twice_left,17,-0.289324,7.863073,5.940878,0.427544,0.341201,0.097324
479046960.000,Miguel,recording,knock_twice_left,17,-0.291831,7.926596,5.679036,0.431612,0.307933,0.102074
479046970.000,Miguel,recording,knock_twice_left,17,-0.282814,7.936763,5.537579,0.421562,0.271985,0.106533
479046980.000,Miguel,recording,knock_twice_left,17,-0.280185,7.957604,5.332866,0.400471,0.232145,0.106416
479046990.000,Miguel,recording,knock_twice_left,17,-0.308134,8.027350,5.206786,0.371014,0.195080,0.101681
479047000.000,Miguel,recording,knock_twice_left,17,-0.339765,8.037348,5.115821,0.335861,0.169490,0.093240
479047010.000,Miguel,recording,knock_twice_left,17,-0.372640,8.029468,5.076120,0.299024,0.157531,0.081440
479047020.000,Miguel,recording,knock_twice_left,17,-0.459851,8.071721,5.022702,0.263591,0.155814,0.069023
479047030.000,Miguel,recording,knock_twice_left,17,-0.569446,8.145333,4.976146,0.229909,0.160915,0.062459
479047040.000,Miguel,recording,knock_twice_left,17,-0.828514,8.206353,4.872188,0.195650,0.175284,0.068456
479047050.000,Miguel,recording,knock_twice_left,17,-1.190358,8.360910,4.662349,0.154722,0.210304,0.093757
479047060.000,Miguel,recording,knock_twice_left,17,-1.572626,8.546599,4.502937,0.101144,0.275256,0.147513
479047070.000,Miguel,recording,knock_twice_left,17,-1.824274,8.685098,4.474922,0.038853,0.364069,0.232321
479047080.000,Miguel,recording,knock_twice_left,17,-1.743224,8.635661,4.573545,-0.022519,0.462322,0.336559
479047090.000,Miguel,recording,knock_twice_left,17,-1.501621,8.659770,4.674492,-0.076782,0.561419,0.440155
479047100.000,Miguel,recording,knock_twice_left,17,-1.232897,8.588307,4.908716,-0.119918,0.657401,0.525872
479047110.000,Miguel,recording,knock_twice_left,17,-0.977584,8.390073,5.387455,-0.145858,0.735168,0.588744
479047120.000,Miguel,recording,knock_twice_left,17,-0.824797,8.195055,5.795704,-0.151217,0.764861,0.633078
479047130.000,Miguel,recording,knock_twice_left,17,-0.639914,8.169570,6.082046,-0.143847,0.714754,0.662615
479047140.000,Miguel,recording,knock_twice_left,17,-0.555614,8.120606,6.138952,-0.136222,0.566028,0.679108
479047150.000,Miguel,recording,knock_twice_left,17,-0.511917,8.118539,6.065028,-0.135203,0.331586,0.683411
479047160.000,Miguel,recording,knock_twice_left,17,-0.463459,8.097409,6.004505,-0.139838,0.066585,0.677159
479047170.000,Miguel,recording,knock_twice_left,17,-0.367679,8.068974,5.912223,-0.146187,-0.165178,0.665541
479047180.000,Miguel,recording,knock_twice_left,17,-0.246215,8.099329,5.770536,-0.148699,-0.317125,0.653154
479047190.000,Miguel,recording,knock_twice_left,17,-0.021725,8.114421,5.752957,-0.138173,-0.365149,0.638253
479047200.000,Miguel,recording,knock_twice_left,17,0.282063,8.126667,5.771793,-0.107266,-0.317064,0.614089
479047210.000,Miguel,recording,knock_twice_left,17,0.534722,8.152608,5.846614,-0.054261,-0.201356,0.577746
479047220.000,Miguel,recording,knock_twice_left,17,0.631053,8.197403,5.880916,0.015473,-0.055490,0.533876
479047230.000,Miguel,recording,knock_twice_left,17,0.671078,8.160213,5.913970,0.091171,0.083053,0.489811
479047240.000,Miguel,recording,knock_twice_left,17,0.676670,8.079894,5.827416,0.160472,0.189193,0.450724
479047250.000,Miguel,recording,knock_twice_left,17,0.735830,8.035858,5.704007,0.213226,0.254517,0.416819
479047260.000,Miguel,recording,knock_twice_left,17,0.860060,7.959462,5.614108,0.247696,0.278086,0.382078
479047270.000,Miguel,recording,knock_twice_left,17,0.985478,7.869774,5.593851,0.269621,0.262568,0.338160
479047280.000,Miguel,recording,knock_twice_left,17,1.088464,7.749425,5.486511,0.282136,0.219325,0.280677
479047290.000,Miguel,recording,knock_twice_left,17,1.172499,7.670695,5.316359,0.281565,0.167579,0.211788
479047300.000,Miguel,recording,knock_twice_left,17,1.122770,7.757891,5.091576,0.264690,0.126419,0.142272
479047310.000,Miguel,recording,knock_twice_left,17,0.968940,7.900711,4.933697,0.235219,0.103659,0.087045
479047320.000,Miguel,recording,knock_twice_left,17,0.825126,7.944025,4.863435,0.199467,0.091599,0.054052
479047330.000,Miguel,recording,knock_twice_left,17,0.810423,7.937694,4.824474,0.161553,0.077425,0.039945
479047340.000,Miguel,recording,knock_twice_left,17,0.820102,7.947179,4.804389,0.119933,0.050681,0.035280
479047350.000,Miguel,recording,knock_twice_left,17,0.865209,7.941253,4.711755,0.067931,0.006355,0.031058
479047360.000,Miguel,recording,knock_twice_left,17,0.918780,7.959352,4.646504,0.004430,-0.050619,0.022115
479047370.000,Miguel,recording,knock_twice_left,17,0.940429,8.044015,4.752734,-0.059137,-0.105242,0.008815
479047380.000,Miguel,recording,knock_twice_left,17,0.862716,8.051783,4.987546,-0.106975,-0.140007,-0.003933
479047390.000,Miguel,recording,knock_twice_left,17,0.742250,8.018331,5.211395,-0.131000,-0.143054,-0.009607
479047400.000,Miguel,recording,knock_twice_left,17,0.698625,7.977912,5.347255,-0.132033,-0.110942,-0.005798
479047410.000,Miguel,recording,knock_twice_left,17,0.705139,8.013516,5.507094,-0.112029,-0.050920,0.001513
479047420.000,Miguel,recording,knock_twice_left,17,0.783919,7.993731,5.640862,-0.071267,0.021063,0.005035
479047430.000,Miguel,recording,knock_twice_left,17,0.858532,7.977441,5.686763,-0.016012,0.089185,0.002853
479047440.000,Miguel,recording,knock_twice_left,17,0.875409,7.976666,5.625718,0.038910,0.144586,-0.004378
479047450.000,Miguel,recording,knock_twice_left,17,0.797101,8.032287,5.478981,0.077670,0.178205,-0.012386
479047460.000,Miguel,recording,knock_twice_left,17,0.735257,8.029155,5.349485,0.093582,0.180592,-0.017191
479047470.000,Miguel,recording,knock_twice_left,17,0.775541,8.005722,5.241005,0.090007,0.152617,-0.023039
479047480.000,Miguel,recording,knock_twice_left,17,0.828572,8.008281,5.180185,0.073398,0.107087,-0.037092
479047490.000,Miguel,recording,knock_twice_left,17,0.833406,7.994121,5.130955,0.050140,0.062071,-0.058751
479047500.000,Miguel,recording,knock_twice_left,17,0.732466,8.022929,5.179858,0.026467,0.030833,-0.080600
479047510.000,Miguel,recording,knock_twice_left,17,0.592382,8.063407,5.253468,0.010627,0.017595,-0.095653
479047520.000,Miguel,recording,knock_twice_left,17,0.443945,8.096778,5.420250,0.011023,0.020331,-0.098985
479047530.000,Miguel,recording,knock_twice_left,17,0.311635,8.072520,5.519114,0.029642,0.034181,-0.090640
479047540.000,Miguel,recording,knock_twice_left,17,0.353870,8.060750,5.555884,0.062280,0.055874,-0.077572
479047550.000,Miguel,recording,knock_twice_left,17,0.473843,8.145870,5.501838,0.100744,0.084516,-0.068530
479047560.000,Miguel,recording,knock_twice_left,17,0.556753,8.186270,5.381528,0.134911,0.116773,-0.066075
479047570.000,Miguel,recording,knock_twice_left,17,0.563137,8.206932,5.201582,0.154791,0.144513,-0.067176
479047580.000,Miguel,recording,knock_twice_left,17,0.529119,8.230674,5.039576,0.154174,0.159677,-0.069747
479047590.000,Miguel,recording,knock_twice_left,17,0.464939,8.251563,4.969731,0.135155,0.159818,-0.072136
479047600.000,Miguel,recording,knock_twice_left,17,0.321227,8.263196,4.949396,0.103854,0.145211,-0.070119
479047610.000,Miguel,recording,knock_twice_left,17,0.236690,8.222672,4.935207,0.067123,0.117290,-0.061759
479047620.000,Miguel,recording,knock_twice_left,17,0.199779,8.201220,4.966054,0.031646,0.084057,-0.051137
479047630.000,Miguel,recording,knock_twice_left,17,0.175244,8.214837,5.023637,0.002924,0.059229,-0.042238
479047640.000,Miguel,recording,knock_twice_left,17,0.171247,8.177922,5.131854,-0.013779,0.050456,-0.034711
479047650.000,Miguel,recording,knock_twice_left,17,0.198591,8.157898,5.208514,-0.015732,0.057216,-0.029073
479047660.000,Miguel,recording,knock_twice_left,17,0.233089,8.155160,5.292399,-0.004628,0.078499,-0.027606
479047670.000,Miguel,recording,knock_twice_left,17,0.258224,8.153021,5.377670,0.017123,0.111431,-0.028037
479047680.000,Miguel,recording,knock_twice_left,17,0.275148,8.134944,5.387591,0.044882,0.147967,-0.027144
479047690.000,Miguel,recording,knock_twice_left,17,0.358702,8.175421,5.345364,0.071260,0.177919,-0.027409
479047700.000,Miguel,recording,knock_twice_left,17,0.412523,8.190255,5.269422,0.091594,0.192251,-0.033789
479047710.000,Miguel,recording,knock_twice_left,17,0.479859,8.173075,5.209078,0.101726,0.187603,-0.048803
479047720.000,Miguel,recording,knock_twice_left,17,0.475097,8.205301,5.148552,0.099307,0.168943,-0.070221
479047730.000,Miguel,recording,knock_twice_left,17,0.389713,8.248681,5.122744,0.084881,0.144460,-0.090745
479047740.000,Miguel,recording,knock_twice_left,17,0.223955,8.251868,5.155380,0.065303,0.116623,-0.103886
479047750.000,Miguel,recording,knock_twice_left,17,0.164056,8.222287,5.241342,0.051133,0.083758,-0.108918
479047760.000,Miguel,recording,knock_twice_left,17,0.165458,8.203018,5.221212,0.044346,0.050369,-0.110253
479047770.000,Miguel,recording,knock_twice_left,17,0.231531,8.179578,5.135336,0.038817,0.026499,-0.113952
479047780.000,Miguel,recording,knock_twice_left,17,0.195401,8.218554,5.016419,0.027890,0.019456,-0.122002
479047790.000,Miguel,recording,knock_twice_left,17,0.153701,8.252221,4.936853,0.009531,0.027791,-0.129748
479047800.000,Miguel,recording,knock_twice_left,17,0.037671,8.265543,4.914572,-0.014267,0.044048,-0.130497
479047810.000,Miguel,recording,knock_twice_left,17,-0.014892,8.274523,4.961912,-0.040217,0.058808,-0.122800
479047820.000,Miguel,recording,knock_twice_left,17,-0.051072,8.271144,5.014895,-0.065295,0.061827,-0.109409
479047830.000,Miguel,recording,knock_twice_left,17,-0.064977,8.226285,5.091305,-0.087739,0.047128,-0.093030
479047840.000,Miguel,recording,knock_twice_left,17,-0.042703,8.207525,5.154901,-0.106861,0.014567,-0.077276
479047850.000,Miguel,recording,knock_twice_left,17,-0.005497,8.214350,5.191460,-0.122023,-0.033913,-0.066558
479047860.000,Miguel,recording,knock_twice_left,17,0.042503,8.152624,5.185265,-0.133489,-0.091649,-0.062309
479047870.000,Miguel,recording,knock_twice_left,17,0.123000,8.176253,5.110719,-0.141551,-0.144162,-0.064013
479047880.000,Miguel,recording,knock_twice_left,17,0.190556,8.196972,5.062462,-0.146565,-0.177739,-0.071650
479047890.000,Miguel,recording,knock_twice_left,17,0.165559,8.116716,4.978077,-0.150382,-0.188343,-0.081745
479047900.000,Miguel,recording,knock_twice_left,17,0.104681,8.095972,4.860130,-0.158987,-0.180042,-0.088511
479047910.000,Miguel,recording,knock_twice_left,17,-0.092234,8.130465,4.772715,-0.179013,-0.158124,-0.088463
479047920.000,Miguel,recording,knock_twice_left,17,-0.272309,8.148106,4.792639,-0.207690,-0.130934,-0.076420
479047930.000,Miguel,recording,knock_twice_left,17,-0.345819,8.117843,4.860204,-0.234995,-0.105817,-0.050415
479047940.000,Miguel,recording,knock_twice_left,17,-0.169717,8.094040,5.026220,-0.251367,-0.080326,-0.023276
479047950.000,Miguel,recording,knock_twice_left,17,-0.000505,8.097913,5.130883,-0.252352,-0.050855,-0.009219
479047960.000,Miguel,recording,knock_twice_left,17,0.226860,8.055414,5.253442,-0.240098,-0.020737,-0.009968
479047970.000,Miguel,recording,knock_twice_left,17,0.339762,8.018782,5.322146,-0.215506,0.004424,-0.023408
479047980.000,Miguel,recording,knock_twice_left,17,0.473530,7.932988,5.351446,-0.180207,0.023097,-0.048794
479047990.000,Miguel,recording,knock_twice_left,17,0.457413,7.915810,5.289382,-0.142316,0.040319,-0.082802
479048000.000,Miguel,recording,knock_twice_left,17,0.220585,7.947137,5.236863,-0.110041,0.063149,-0.114882
479048010.000,Miguel,recording,knock_twice_left,17,-0.112809,7.998272,5.265748,-0.084236,0.090713,-0.129183
479048020.000,Miguel,recording,knock_twice_left,17,-0.356544,7.980938,5.332698,-0.060831,0.116493,-0.118526
479048030.000,Miguel,recording,knock_twice_left,17,-0.498716,8.019897,5.310230,-0.043005,0.139214,-0.088191
479048040.000,Miguel,recording,knock_twice_left,17,-0.455981,8.043607,5.273119,-0.037593,0.159201,-0.047433
479048050.000,Miguel,recording,knock_twice_left,17,-0.276705,8.128413,5.244565,-0.043207,0.171373,-0.009213
479048060.000,Miguel,recording,knock_twice_left,17,-0.055087,8.131436,5.291121,-0.054530,0.171369,0.013960
479048070.000,Miguel,recording,knock_twice_left,17,0.061157,8.190286,5.319442,-0.072740,0.155833,0.022247
479048080.000,Miguel,recording,knock_twice_left,17,-0.060018,8.184992,5.366645,-0.101808,0.119226,0.027392
479048090.000,Miguel,recording,knock_twice_left,17,-0.091063,8.170387,5.456894,-0.138299,0.062074,0.035681
479048100.000,Miguel,recording,knock_twice_left,17,-0.056106,8.132524,5.675838,-0.170173,-0.004870,0.043284
479048110.000,Miguel,recording,knock_twice_left,17,0.002540,8.102672,5.913605,-0.186121,-0.064291,0.046461
479048120.000,Miguel,recording,knock_twice_left,17,-0.037176,8.094952,6.167975,-0.180395,-0.105217,0.046333
479048130.000,Miguel,recording,knock_twice_left,17,-0.077214,8.047726,6.375003,-0.151009,-0.129578,0.046357
479048140.000,Miguel,recording,knock_twice_left,17,-0.013990,7.982218,6.443648,-0.101216,-0.135208,0.045742
479048150.000,Miguel,recording,knock_twice_left,17,0.101636,8.009890,6.369172,-0.041685,-0.113572,0.039462
479048160.000,Miguel,recording,knock_twice_left,17,0.169188,8.041213,6.186137,0.010648,-0.068782,0.027826
479048170.000,Miguel,recording,knock_twice_left,17,0.173977,8.092351,5.880676,0.041075,-0.021070,0.016727
479048180.000,Miguel,recording,knock_twice_left,17,0.174898,8.124356,5.612998,0.040507,0.008705,0.008191
479048190.000,Miguel,recording,knock_twice_left,17,0.173782,8.155238,5.399556,0.005779,0.012042,-0.001935
479048200.000,Miguel,recording,knock_twice_left,17,0.168211,8.167681,5.322217,-0.056597,-0.006746,-0.017174
479048210.000,Miguel,recording,knock_twice_left,17,0.120621,8.153850,5.336212,-0.131443,-0.040937,-0.034159
479048220.000,Miguel,recording,knock_twice_left,17,0.021662,8.108903,5.569150,-0.198618,-0.084921,-0.046452
479048230.000,Miguel,recording,knock_twice_left,17,-0.053749,8.077239,5.811354,-0.241957,-0.130019,-0.048889
479048240.000,Miguel,recording,knock_twice_left,17,-0.076901,8.025432,5.999034,-0.257439,-0.169875,-0.041519
479048250.000,Miguel,recording,knock_twice_left,17,-0.113453,7.995621,6.077337,-0.248801,-0.202204,-0.029962
479048260.000,Miguel,recording,knock_twice_left,17,-0.124563,7.981840,6.126818,-0.220870,-0.221890,-0.017207
479048270.000,Miguel,recording,knock_twice_left,17,-0.147948,7.982873,6.165918,-0.178613,-0.224666,-0.002360
479048280.000,Miguel,recording,knock_twice_left,17,-0.077130,7.964375,6.159260,-0.128429,-0.211954,0.013077
479048290.000,Miguel,recording,knock_twice_left,17,0.069906,7.957958,6.034921,-0.078282,-0.188781,0.021977
479048300.000,Miguel,recording,knock_twice_left,17,0.164401,7.918053,5.988465,-0.033482,-0.164668,0.019258
479048310.000,Miguel,recording,knock_twice_left,17,0.118757,7.897761,5.996268,0.008340,-0.148881,0.009346
479048320.000,Miguel,recording,knock_twice_left,17,0.045850,7.939062,5.967256,0.049732,-0.139467,0.001746
479048330.000,Miguel,recording,knock_twice_left,17,-0.032346,8.083708,5.871591,0.085225,-0.129044,0.001534
479048340.000,Miguel,recording,knock_twice_left,17,-0.158588,8.191578,5.739172,0.107027,-0.131318,0.007801
479048350.000,Miguel,recording,knock_twice_left,17,-0.225960,7.989014,5.338142,0.106216,-0.164432,0.018629
479048360.000,Miguel,recording,knock_twice_left,17,-0.041213,7.862636,4.948937,0.078509,-0.253651,0.042851
479048370.000,Miguel,recording,knock_twice_left,17,1.876595,7.500741,4.297780,0.031664,-0.400226,0.076311
479048380.000,Miguel,recording,knock_twice_left,17,1.849402,7.510312,5.009944,-0.035440,-0.483920,0.041726
479048390.000,Miguel,recording,knock_twice_left,17,1.657923,8.364871,5.287620,-0.122813,-0.481573,-0.090485
479048400.000,Miguel,recording,knock_twice_left,17,0.436989,7.786113,5.774216,-0.202567,-0.451257,-0.219561
479048410.000,Miguel,recording,knock_twice_left,17,-0.309734,7.949953,6.490314,-0.224643,-0.378727,-0.265378
479048420.000,Miguel,recording,knock_twice_left,17,-0.934661,8.015218,7.321497,-0.154941,-0.277288,-0.221539
479048430.000,Miguel,recording,knock_twice_left,17,-1.270666,8.171090,7.614422,-0.005862,-0.162124,-0.104926
479048440.000,Miguel,recording,knock_twice_left,17,-1.605872,8.173206,7.649162,0.189321,-0.068600,0.059166
479048450.000,Miguel,recording,knock_twice_left,17,-1.144416,8.019624,7.043401,0.389826,-0.021920,0.228623
479048460.000,Miguel,recording,knock_twice_left,17,-0.550657,7.811206,6.028358,0.542407,0.006570,0.360687
479048470.000,Miguel,recording,knock_twice_left,17,-0.085054,7.369271,4.719848,0.598797,0.041744,0.438470
479048480.000,Miguel,recording,knock_twice_left,17,0.764350,7.435738,3.523111,0.534817,0.103837,0.440933
479048490.000,Miguel,recording,knock_twice_left,17,1.948205,8.490683,3.071605,0.369723,0.206952,0.340201
479048500.000,Miguel,recording,knock_twice_left,17,1.969461,8.906592,3.317471,0.167575,0.299356,0.169591
479048510.000,Miguel,recording,knock_twice_left,17,1.308057,8.483009,4.025350,-0.002473,0.318045,0.016001
479048520.000,Miguel,recording,knock_twice_left,17,0.354414,7.761177,4.862764,-0.103607,0.264038,-0.060340
479048530.000,Miguel,recording,knock_twice_left,17,0.179546,7.272184,5.428393,-0.133289,0.145167,-0.060885
479048540.000,Miguel,recording,knock_twice_left,17,1.090039,7.186100,5.462872,-0.121440,-0.038974,-0.054370
479048550.000,Miguel,recording,knock_twice_left,17,1.663430,7.520136,5.189626,-0.122768,-0.210023,-0.117228
479048560.000,Miguel,recording,knock_twice_left,17,1.831827,7.400958,4.893621,-0.164480,-0.277443,-0.249416
479048570.000,Miguel,recording,knock_twice_left,17,1.244800,7.617407,5.066373,-0.224721,-0.236509,-0.398585
479048580.000,Miguel,recording,knock_twice_left,17,0.351152,7.938459,5.400441,-0.267983,-0.108475,-0.502071
479048590.000,Miguel,recording,knock_twice_left,17,-0.744505,8.273625,6.002077,-0.264556,0.087683,-0.504584
479048600.000,Miguel,recording,knock_twice_left,17,-1.422986,8.446865,6.580658,-0.200664,0.288806,-0.397502
479048610.000,Miguel,recording,knock_twice_left,17,-1.724444,8.306814,6.868385,-0.090427,0.431714,-0.221614
479048620.000,Miguel,recording,knock_twice_left,17,-1.358035,8.251493,6.730735,0.028336,0.510543,-0.038404
479048630.000,Miguel,recording,knock_twice_left,17,-0.702322,8.166283,6.338587,0.117185,0.543595,0.101590
479048640.000,Miguel,recording,knock_twice_left,17,-0.094692,8.167740,5.856209,0.159504,0.533416,0.175870
479048650.000,Miguel,recording,knock_twice_left,17,0.457871,8.275663,5.398246,0.154584,0.459922,0.184823
479048660.000,Miguel,recording,knock_twice_left,17,0.936092,8.236915,4.870850,0.097104,0.328008,0.148587
479048670.000,Miguel,recording,knock_twice_left,17,1.044538,8.034150,4.633848,-0.012604,0.193889,0.085161
479048680.000,Miguel,recording,knock_twice_left,17,1.127057,8.027206,4.800797,-0.145334,0.097424,-0.002782
479048690.000,Miguel,recording,knock_twice_left,17,0.883046,7.907487,5.272332,-0.257528,0.028724,-0.101052
479048700.000,Miguel,recording,knock_twice_left,17,0.521451,7.821703,5.724012,-0.318904,-0.020675,-0.181843
479048710.000,Miguel,recording,knock_twice_left,17,0.099593,7.684761,6.254759,-0.318591,-0.043293,-0.231038
479048720.000,Miguel,recording,knock_twice_left,17,-0.286818,7.642472,6.690433,-0.258526,-0.033937,-0.248399
479048730.000,Miguel,recording,knock_twice_left,17,-0.504001,7.650553,6.956257,-0.149372,-0.000150,-0.237915
479048740.000,Miguel,recording,knock_twice_left,17,-0.624495,7.734368,6.918412,-0.013405,0.042321,-0.206040
479048750.000,Miguel,recording,knock_twice_left,17,-0.563706,7.884869,6.578638,0.119053,0.081244,-0.163261
479048760.000,Miguel,recording,knock_twice_left,17,-0.343550,8.012275,6.122050,0.221852,0.115355,-0.124693
479048770.000,Miguel,recording,knock_twice_left,17,-0.101553,8.137711,5.728723,0.282501,0.150153,-0.103098
479048780.000,Miguel,recording,knock_twice_left,17,0.040536,8.205133,5.467228,0.302198,0.186693,-0.099510
479048790.000,Miguel,recording,knock_twice_left,17,-0.039468,8.240510,5.375992,0.289743,0.214208,-0.103035
479048800.000,Miguel,recording,knock_twice_left,17,-0.202153,8.190764,5.340473,0.258009,0.215840,-0.102389
479048810.000,Miguel,recording,knock_twice_left,17,-0.322253,8.167168,5.392607,0.218806,0.185515,-0.094549
479048820.000,Miguel,recording,knock_twice_left,17,-0.396638,8.152302,5.438470,0.181022,0.134025,-0.081966
479048830.000,Miguel,recording,knock_twice_left,17,-0.456381,8.069389,5.484904,0.149736,0.079040,-0.066000
479048840.000,Miguel,recording,knock_twice_left,17,-0.467626,8.016348,5.438997,0.125241,0.030225,-0.046638
479048850.000,Miguel,recording,knock_twice_left,17,-0.391733,7.960966,5.362904,0.107138,-0.011184,-0.027858
479048860.000,Miguel,recording,knock_twice_left,17,-0.271796,7.946092,5.263252,0.093696,-0.041538,-0.015989
479048870.000,Miguel,recording,knock_twice_left,17,-0.203278,7.949427,5.068592,0.077190,-0.052934,-0.012761
479048880.000,Miguel,recording,knock_twice_left,17,-0.219332,8.010193,5.021830,0.054288,-0.041045,-0.013352
479048890.000,Miguel,recording,knock_twice_left,17,-0.282129,8.019723,5.154419,0.036307,-0.015296,-0.010448
479048900.000,Miguel,recording,knock_twice_left,17,-0.307557,7.950338,5.281130,0.031747,0.009466,-0.004484
479048910.000,Miguel,recording,knock_twice_left,17,-0.263584,7.950590,5.316840,0.034909,0.028110,-0.001969
479048920.000,Miguel,recording,knock_twice_left,17,-0.218869,7.988230,5.245531,0.036317,0.042920,-0.005600
479048930.000,Miguel,recording,knock_twice_left,17,-0.202710,8.031692,5.210419,0.031529,0.053094,-0.013465
479048940.000,Miguel,recording,knock_twice_left,17,-0.184363,8.035418,5.210803,0.024050,0.055702,-0.022310
479048950.000,Miguel,recording,knock_twice_left,17,-0.226391,8.022372,5.246814,0.019392,0.051956,-0.030375
479048960.000,Miguel,recording,knock_twice_left,17,-0.229158,7.987564,5.270199,0.018559,0.043376,-0.036073
479048970.000,Miguel,recording,knock_twice_left,17,-0.257923,8.023901,5.263950,0.018299,0.032103,-0.038786
479048980.000,Miguel,recording,knock_twice_left,17,-0.275740,8.044875,5.233732,0.015943,0.024592,-0.039652
479048990.000,Miguel,recording,knock_twice_left,17,-0.297556,8.040446,5.189201,0.012613,0.025043,-0.039371
479049000.000,Miguel,recording,knock_twice_left,17,-0.257000,8.031266,5.158092,0.010277,0.031612,-0.039093
479049010.000,Miguel,recording,knock_twice_left,17,-0.286638,8.017609,5.088357,0.009205,0.042806,-0.040321
479049020.000,Miguel,recording,knock_twice_left,17,-0.261170,8.010480,4.983609,0.007863,0.060416,-0.044408
479049030.000,Miguel,recording,knock_twice_left,17,-0.211348,7.985319,4.927577,0.005777,0.090536,-0.052152
479049040.000,Miguel,recording,knock_twice_left,17,-0.206130,7.968142,4.925988,0.005979,0.136762,-0.062916
479049050.000,Miguel,recording,knock_twice_left,17,-0.237442,7.888461,4.999992,0.012496,0.195028,-0.075264
479049060.000,Miguel,recording,knock_twice_left,17,-0.289165,7.878540,5.056610,0.024585,0.258239,-0.086342
479049070.000,Miguel,recording,knock_twice_left,17,-0.277043,7.853566,5.078952,0.037276,0.316411,-0.095497
479049080.000,Miguel,recording,knock_twice_left,17,-0.239456,7.845937,5.105786,0.047260,0.360310,-0.108089
479049090.000,Miguel,recording,knock_twice_left,17,-0.226383,7.903129,5.091497,0.049204,0.386236,-0.123721
479049100.000,Miguel,recording,knock_twice_left,17,-0.369420,7.969664,4.989508,0.032374,0.390652,-0.132540
479049110.000,Miguel,recording,knock_twice_left,17,-0.525115,8.057328,4.984875,-0.008269,0.365495,-0.128248
479049120.000,Miguel,recording,knock_twice_left,17,-0.618115,8.098172,5.029821,-0.064453,0.310200,-0.113991
479049130.000,Miguel,recording,knock_twice_left,17,-0.614437,8.111104,5.211599,-0.119188,0.240217,-0.097060
479049140.000,Miguel,recording,knock_twice_left,17,-0.571927,8.057487,5.430571,-0.156756,0.174353,-0.083133
479049150.000,Miguel,recording,knock_twice_left,17,-0.406266,7.987611,5.530186,-0.171868,0.128897,-0.077658
479049160.000,Miguel,recording,knock_twice_left,17,-0.273288,7.977089,5.583241,-0.167174,0.118410,-0.085874
479049170.000,Miguel,recording,knock_twice_left,17,-0.223673,7.988480,5.643860,-0.148656,0.144125,-0.105867
479049180.000,Miguel,recording,knock_twice_left,17,-0.392977,7.987997,5.717287,-0.123952,0.185692,-0.123928
479049190.000,Miguel,recording,knock_twice_left,18,-0.547102,7.993322,5.723903,-0.102718,0.217237,-0.127431
479049200.000,Miguel,recording,knock_twice_left,18,-0.692686,8.035729,5.687080,-0.096273,0.224801,-0.116189
479049210.000,Miguel,recording,knock_twice_left,18,-0.747302,8.075037,5.727885,-0.107804,0.206307,-0.097834
479049220.000,Miguel,recording,knock_twice_left,18,-0.707121,8.063769,5.827296,-0.127968,0.166871,-0.080495
479049230.000,Miguel,recording,knock_twice_left,18,-0.687514,8.029852,6.042700,-0.142306,0.115264,-0.069609
479049240.000,Miguel,recording,knock_twice_left,18,-0.642526,8.001502,6.198381,-0.142903,0.061386,-0.066670
479049250.000,Miguel,recording,knock_twice_left,18,-0.577677,8.013028,6.309249,-0.127179,0.014169,-0.069539
479049260.000,Miguel,recording,knock_twice_left,18,-0.546296,8.038587,6.320898,-0.095568,-0.022847,-0.075407
479049270.000,Miguel,recording,knock_twice_left,18,-0.526951,8.056471,6.190372,-0.058347,-0.050397,-0.080955
479049280.000,Miguel,recording,knock_twice_left,18,-0.531307,8.071752,6.023762,-0.030368,-0.069064,-0.084670
479049290.000,Miguel,recording,knock_twice_left,18,-0.619436,8.098116,5.873022,-0.020185,-0.086951,-0.087443
479049300.000,Miguel,recording,knock_twice_left,18,-0.792339,8.021843,5.785286,-0.026326,-0.116008,-0.088067
479049310.000,Miguel,recording,knock_twice_left,18,-0.982091,7.990961,5.668525,-0.043504,-0.152024,-0.081418
479049320.000,Miguel,recording,knock_twice_left,18,-1.058663,7.999563,5.555005,-0.068847,-0.176804,-0.065026
479049330.000,Miguel,recording,knock_twice_left,18,-1.042375,8.003554,5.473991,-0.099089,-0.177638,-0.044423
479049340.000,Miguel,recording,knock_twice_left,18,-0.997013,7.994493,5.516161,-0.128206,-0.153571,-0.026088
479049350.000,Miguel,recording,knock_twice_left,18,-0.909457,8.006384,5.594092,-0.149768,-0.112600,-0.011991
479049360.000,Miguel,recording,knock_twice_left,18,-0.785310,8.014674,5.782684,-0.158085,-0.067189,-0.001923
479049370.000,Miguel,recording,knock_twice_left,18,-0.745925,8.055593,5.976210,-0.152834,-0.032982,0.004967
479049380.000,Miguel,recording,knock_twice_left,18,-0.748291,8.056419,6.070819,-0.142055,-0.026841,0.008924
479049390.000,Miguel,recording,knock_twice_left,18,-0.745665,8.041805,6.119679,-0.132459,-0.053529,0.008838
479049400.000,Miguel,recording,knock_twice_left,18,-0.755266,8.053178,6.203733,-0.124255,-0.102503,0.005809
479049410.000,Miguel,recording,knock_twice_left,18,-0.848006,8.030617,6.264759,-0.115272,-0.157413,0.004131
479049420.000,Miguel,recording,knock_twice_left,18,-0.928545,8.027667,6.418551,-0.097383,-0.203958,0.007156
479049430.000,Miguel,recording,knock_twice_left,18,-0.856756,7.954751,6.562971,-0.060725,-0.230375,0.012776
479049440.000,Miguel,recording,knock_twice_left,18,-0.679972,7.955991,6.593100,-0.005455,-0.223091,0.015379
479049450.000,Miguel,recording,knock_twice_left,18,-0.639405,7.975236,6.598235,0.063312,-0.177610,0.013364
479049460.000,Miguel,recording,knock_twice_left,18,-0.664789,7.997555,6.540455,0.140073,-0.109424,0.011320
479049470.000,Miguel,recording,knock_twice_left,18,-0.687506,8.073200,6.522148,0.218357,-0.043257,0.015726
479049480.000,Miguel,recording,knock_twice_left,18,-0.771907,8.125070,6.480078,0.295678,0.007155,0.028486
479049490.000,Miguel,recording,knock_twice_left,18,-0.816555,8.108322,6.388582,0.369652,0.044554,0.046265
479049500.000,Miguel,recording,knock_twice_left,18,-0.767503,7.990158,6.165992,0.430244,0.073761,0.063368
479049510.000,Miguel,recording,knock_twice_left,18,-0.616224,8.007009,5.923790,0.468448,0.092055,0.073223
479049520.000,Miguel,recording,knock_twice_left,18,-0.468774,7.987580,5.694284,0.486801,0.096814,0.070732
479049530.000,Miguel,recording,knock_twice_left,18,-0.434461,8.038183,5.526440,0.490499,0.091417,0.057331
479049540.000,Miguel,recording,knock_twice_left,18,-0.543080,8.066047,5.413173,0.481236,0.079404,0.044247
479049550.000,Miguel,recording,knock_twice_left,18,-0.652578,8.048845,5.398184,0.464597,0.060864,0.040855
479049560.000,Miguel,recording,knock_twice_left,18,-0.605037,8.093347,5.369831,0.450083,0.037025,0.044085
479049570.000,Miguel,recording,knock_twice_left,18,-0.586968,8.131971,5.254609,0.438849,0.012410,0.048119
479049580.000,Miguel,recording,knock_twice_left,18,-0.602473,8.193398,5.160345,0.425326,-0.008542,0.053357
479049590.000,Miguel,recording,knock_twice_left,18,-0.682177,8.237394,5.094298,0.410741,-0.021697,0.061915
479049600.000,Miguel,recording,knock_twice_left,18,-0.622614,8.254215,5.144307,0.400385,-0.023433,0.073018
479049610.000,Miguel,recording,knock_twice_left,18,-0.613097,8.231388,5.166085,0.395973,-0.012386,0.083337
479049620.000,Miguel,recording,knock_twice_left,18,-0.587422,8.251308,5.169214,0.396100,0.006432,0.091958
479049630.000,Miguel,recording,knock_twice_left,18,-0.581630,8.262387,5.169320,0.398560,0.019901,0.099532
479049640.000,Miguel,recording,knock_twice_left,18,-0.561737,8.223088,5.114573,0.400594,0.018017,0.105261
479049650.000,Miguel,recording,knock_twice_left,18,-0.525167,8.229683,4.985088,0.397405,0.001831,0.107317
479049660.000,Miguel,recording,knock_twice_left,18,-0.564343,8.238953,4.819866,0.383649,-0.023206,0.105547
479049670.000,Miguel,recording,knock_twice_left,18,-0.692997,8.293560,4.694109,0.357455,-0.050770,0.106874
479049680.000,Miguel,recording,knock_twice_left,18,-0.817250,8.340129,4.564255,0.321741,-0.074896,0.120456
479049690.000,Miguel,recording,knock_twice_left,18,-0.827889,8.358971,4.510798,0.283019,-0.095914,0.144967
479049700.000,Miguel,recording,knock_twice_left,18,-0.745327,8.324348,4.488275,0.246030,-0.117534,0.171167
479049710.000,Miguel,recording,knock_twice_left,18,-0.659590,8.268183,4.450184,0.215495,-0.141878,0.192489
479049720.000,Miguel,recording,knock_twice_left,18,-0.469988,8.138009,4.403989,0.197924,-0.162255,0.203825
479049730.000,Miguel,recording,knock_twice_left,18,-0.337033,7.995295,4.229547,0.194002,-0.155085,0.201425
479049740.000,Miguel,recording,knock_twice_left,18,-0.205535,7.907961,3.892950,0.192501,-0.086969,0.184194
479049750.000,Miguel,recording,knock_twice_left,18,-0.012264,7.953565,3.453182,0.170769,0.056715,0.153755
479049760.000,Miguel,recording,knock_twice_left,18,0.085759,8.088153,3.156915,0.114635,0.238366,0.115642
479049770.000,Miguel,recording,knock_twice_left,18,0.003207,8.161057,3.023498,0.029500,0.400934,0.078609
479049780.000,Miguel,recording,knock_twice_left,18,-0.155897,8.154838,2.995088,-0.074498,0.513427,0.052592
479049790.000,Miguel,recording,knock_twice_left,18,-0.406004,8.070570,3.060469,-0.190335,0.567891,0.041992
479049800.000,Miguel,recording,knock_twice_left,18,-0.691021,7.989146,3.064452,-0.314227,0.569637,0.047967
479049810.000,Miguel,recording,knock_twice_left,18,-0.919866,8.008081,2.960069,-0.451640,0.531303,0.077644
479049820.000,Miguel,recording,knock_twice_left,18,-0.961638,8.049743,2.858186,-0.609557,0.468631,0.132882
479049830.000,Miguel,recording,knock_twice_left,18,-0.871273,8.160162,2.913202,-0.781191,0.392815,0.203300
479049840.000,Miguel,recording,knock_twice_left,18,-0.667042,8.152492,3.253313,-0.945229,0.305978,0.272701
479049850.000,Miguel,recording,knock_twice_left,18,-0.324398,7.699499,3.865477,-1.076352,0.210497,0.316932
479049860.000,Miguel,recording,knock_twice_left,18,0.056690,7.477128,4.174986,-1.173557,0.131508,0.317005
479049870.000,Miguel,recording,knock_twice_left,18,0.464348,7.624490,4.331178,-1.258256,0.100494,0.276959
479049880.000,Miguel,recording,knock_twice_left,18,0.788637,7.811710,4.724029,-1.335593,0.114543,0.212493
479049890.000,Miguel,recording,knock_twice_left,18,0.931305,7.896176,5.364177,-1.388802,0.141386,0.132400
479049900.000,Miguel,recording,knock_twice_left,18,0.838939,7.736242,6.092396,-1.398933,0.149343,0.040821
479049910.000,Miguel,recording,knock_twice_left,18,0.504674,7.471405,6.772547,-1.363107,0.122821,-0.053119
479049920.000,Miguel,recording,knock_twice_left,18,0.089867,7.251427,7.238285,-1.295224,0.063939,-0.135762
479049930.000,Miguel,recording,knock_twice_left,18,-0.324935,7.261686,7.625517,-1.206962,-0.014984,-0.192157
479049940.000,Miguel,recording,knock_twice_left,18,-0.626808,7.414146,7.898901,-1.101874,-0.101000,-0.211393
479049950.000,Miguel,recording,knock_twice_left,18,-0.865416,7.579085,8.140342,-0.983186,-0.184201,-0.195908
479049960.000,Miguel,recording,knock_twice_left,18,-0.922076,7.703758,8.239855,-0.857780,-0.257534,-0.156982
479049970.000,Miguel,recording,knock_twice_left,18,-0.938527,7.784790,8.238577,-0.735151,-0.315573,-0.104680
479049980.000,Miguel,recording,knock_twice_left,18,-0.795446,7.759682,8.100021,-0.623484,-0.354470,-0.049805
479049990.000,Miguel,recording,knock_twice_left,18,-0.530712,7.754031,7.982264,-0.526205,-0.375402,-0.006862
479050000.000,Miguel,recording,knock_twice_left,18,-0.350967,7.704379,7.808337,-0.444779,-0.384163,0.015513
479050010.000,Miguel,recording,knock_twice_left,18,-0.261843,7.632705,7.712185,-0.379282,-0.387848,0.022180
479050020.000,Miguel,recording,knock_twice_left,18,-0.253470,7.549264,7.703697,-0.324564,-0.396199,0.023116
479050030.000,Miguel,recording,knock_twice_left,18,-0.170317,7.495860,7.636888,-0.276005,-0.419704,0.021490
479050040.000,Miguel,recording,knock_twice_left,18,-0.048685,7.414580,7.528705,-0.235599,-0.456501,0.012035
479050050.000,Miguel,recording,knock_twice_left,18,0.088819,7.345028,7.363864,-0.207938,-0.492361,-0.008573
479050060.000,Miguel,recording,knock_twice_left,18,0.105867,7.291094,7.276500,-0.189340,-0.516520,-0.038290
479050070.000,Miguel,recording,knock_twice_left,18,-0.002510,7.306605,7.361948,-0.166001,-0.525289,-0.070640
479050080.000,Miguel,recording,knock_twice_left,18,-0.139353,7.246171,7.409351,-0.124523,-0.513735,-0.095545
479050090.000,Miguel,recording,knock_twice_left,18,-0.212314,7.226424,7.473991,-0.059911,-0.469924,-0.107974
479050100.000,Miguel,recording,knock_twice_left,18,-0.188710,7.194757,7.420919,0.022211,-0.387518,-0.110823
479050110.000,Miguel,recording,knock_twice_left,18,-0.158853,7.193011,7.240005,0.109140,-0.282075,-0.107488
479050120.000,Miguel,recording,knock_twice_left,18,-0.051728,7.203564,7.014319,0.186361,-0.181798,-0.101392
479050130.000,Miguel,recording,knock_twice_left,18,0.036023,7.302984,6.812246,0.242513,-0.106677,-0.096464
479050140.000,Miguel,recording,knock_twice_left,18,0.068035,7.373118,6.665281,0.272257,-0.065067,-0.095081
479050150.000,Miguel,recording,knock_twice_left,18,-0.015821,7.395018,6.569381,0.275502,-0.059595,-0.099015
479050160.000,Miguel,recording,knock_twice_left,18,-0.147606,7.326450,6.524580,0.258042,-0.084029,-0.103937
479050170.000,Miguel,recording,knock_twice_left,18,-0.296016,7.308361,6.545512,0.231440,-0.121993,-0.102354
479050180.000,Miguel,recording,knock_twice_left,18,-0.331603,7.350975,6.534368,0.205418,-0.158762,-0.090712
479050190.000,Miguel,recording,knock_twice_left,18,-0.266874,7.388074,6.547897,0.183847,-0.190260,-0.070709
479050200.000,Miguel,recording,knock_twice_left,18,-0.224939,7.437968,6.514144,0.168040,-0.217169,-0.047334
479050210.000,Miguel,recording,knock_twice_left,18,-0.191414,7.473032,6.380297,0.155737,-0.237365,-0.022265
479050220.000,Miguel,recording,knock_twice_left,18,-0.117922,7.434875,6.285351,0.142403,-0.246855,0.003946
479050230.000,Miguel,recording,knock_twice_left,18,0.010122,7.411847,6.244536,0.126394,-0.247013,0.027315
479050240.000,Miguel,recording,knock_twice_left,18,0.195954,7.398127,6.256032,0.108406,-0.246154,0.043155
479050250.000,Miguel,recording,knock_twice_left,18,0.349383,7.436320,6.324413,0.089171,-0.258373,0.049523
479050260.000,Miguel,recording,knock_twice_left,18,0.378644,7.463364,6.481541,0.070680,-0.299938,0.050341
479050270.000,Miguel,recording,knock_twice_left,18,0.371921,7.431131,6.703878,0.061401,-0.376258,0.050086
479050280.000,Miguel,recording,knock_twice_left,18,0.425490,7.251491,6.860498,0.073115,-0.472516,0.044031
479050290.000,Miguel,recording,knock_twice_left,18,0.515071,7.137280,6.774780,0.106682,-0.562146,0.024888
479050300.000,Miguel,recording,knock_twice_left,18,0.564085,7.142557,6.411091,0.144824,-0.619856,-0.004720
479050310.000,Miguel,recording,knock_twice_left,18,0.574311,7.300185,5.963067,0.164234,-0.628584,-0.034047
479050320.000,Miguel,recording,knock_twice_left,18,0.606452,7.383566,5.661245,0.154444,-0.589585,-0.054049
479050330.000,Miguel,recording,knock_twice_left,18,0.727190,7.430662,5.480037,0.120627,-0.522916,-0.065430
479050340.000,Miguel,recording,knock_twice_left,18,0.890789,7.396405,5.509900,0.080734,-0.453350,-0.080151
479050350.000,Miguel,recording,knock_twice_left,18,0.967687,7.295331,5.537555,0.044337,-0.389732,-0.109720
479050360.000,Miguel,recording,knock_twice_left,18,0.934595,7.211217,5.497969,0.004561,-0.327530,-0.152290
479050370.000,Miguel,recording,knock_twice_left,18,0.898365,7.144441,5.448036,-0.037982,-0.267098,-0.199494
479050380.000,Miguel,recording,knock_twice_left,18,0.763593,7.177717,5.580404,-0.075471,-0.209242,-0.243969
479050390.000,Miguel,recording,knock_twice_left,18,0.663137,7.186327,5.662107,-0.108799,-0.154474,-0.279998
479050400.000,Miguel,recording,knock_twice_left,18,0.514652,7.175656,5.808105,-0.143433,-0.112394,-0.304925
479050410.000,Miguel,recording,knock_twice_left,18,0.218510,7.304970,5.950802,-0.174744,-0.097647,-0.312955
479050420.000,Miguel,recording,knock_twice_left,18,-0.118908,7.413233,6.160779,-0.186494,-0.112463,-0.294505
479050430.000,Miguel,recording,knock_twice_left,18,-0.456517,7.512771,6.677411,-0.158484,-0.140871,-0.246210
479050440.000,Miguel,recording,knock_twice_left,18,-0.758919,7.596319,6.889054,-0.090513,-0.166413,-0.172193
479050450.000,Miguel,recording,knock_twice_left,18,-0.788125,7.540726,6.764027,-0.014017,-0.179039,-0.079735
479050460.000,Miguel,recording,knock_twice_left,18,-0.619005,7.546893,6.491394,0.038683,-0.164830,0.014530
479050470.000,Miguel,recording,knock_twice_left,18,-0.339577,7.545970,6.438453,0.064087,-0.118218,0.089696
479050480.000,Miguel,recording,knock_twice_left,18,-0.128295,7.536341,6.562045,0.078722,-0.056862,0.135111
479050490.000,Miguel,recording,knock_twice_left,18,0.070191,7.524574,6.684610,0.096940,-0.005485,0.153562
479050500.000,Miguel,recording,knock_twice_left,18,0.269440,7.459465,6.671046,0.123648,0.026401,0.151931
479050510.000,Miguel,recording,knock_twice_left,18,0.418207,7.391752,6.633718,0.155516,0.053096,0.130720
479050520.000,Miguel,recording,knock_twice_left,18,0.485545,7.417928,6.651548,0.190221,0.098981,0.089975
479050530.000,Miguel,recording,knock_twice_left,18,0.439974,7.423431,6.714539,0.230303,0.171897,0.036262
479050540.000,Miguel,recording,knock_twice_left,18,0.401673,7.419015,6.647394,0.275220,0.259186,-0.020396
479050550.000,Miguel,recording,knock_twice_left,18,0.341685,7.486298,6.483101,0.318602,0.342830,-0.073167
479050560.000,Miguel,recording,knock_twice_left,18,0.256578,7.651655,6.282765,0.350050,0.408384,-0.121081
479050570.000,Miguel,recording,knock_twice_left,18,0.105059,7.710481,6.084071,0.362470,0.446646,-0.163600
479050580.000,Miguel,recording,knock_twice_left,18,-0.030805,7.709015,6.011261,0.357505,0.453278,-0.196739
479050590.000,Miguel,recording,knock_twice_left,18,-0.220270,7.705980,5.947762,0.341678,0.428653,-0.219027
479050600.000,Miguel,recording,knock_twice_left,18,-0.422184,7.713289,5.887235,0.321738,0.382019,-0.233200
479050610.000,Miguel,recording,knock_twice_left,18,-0.664034,7.683004,5.870957,0.303436,0.329723,-0.239247
479050620.000,Miguel,recording,knock_twice_left,18,-0.803096,7.639354,5.932045,0.291840,0.286558,-0.236702
479050630.000,Miguel,recording,knock_twice_left,18,-0.849956,7.619546,5.897099,0.287481,0.263021,-0.226791
479050640.000,Miguel,recording,knock_twice_left,18,-0.837053,7.646109,5.877477,0.283463,0.255066,-0.212178
479050650.000,Miguel,recording,knock_twice_left,18,-0.832797,7.716251,5.733719,0.269287,0.238792,-0.197162
479050660.000,Miguel,recording,knock_twice_left,18,-0.761933,7.845567,5.543203,0.238907,0.190805,-0.182211
479050670.000,Miguel,recording,knock_twice_left,18,-0.662856,7.915534,5.430361,0.194193,0.107919,-0.165708
479050680.000,Miguel,recording,knock_twice_left,18,-0.634079,7.889026,5.393445,0.140679,0.006594,-0.149872
479050690.000,Miguel,recording,knock_twice_left,18,-0.641252,7.849886,5.333606,0.082362,-0.095018,-0.135779
479050700.000,Miguel,recording,knock_twice_left,18,-0.658357,7.762067,5.221840,0.020528,-0.189968,-0.118486
479050710.000,Miguel,recording,knock_twice_left,18,-0.699551,7.741656,5.114271,-0.046028,-0.279205,-0.093459
479050720.000,Miguel,recording,knock_twice_left,18,-0.717132,7.807226,4.968727,-0.117749,-0.365005,-0.060701
479050730.000,Miguel,recording,knock_twice_left,18,-0.709437,7.861735,4.768056,-0.197114,-0.439837,-0.018899
479050740.000,Miguel,recording,knock_twice_left,18,-0.558839,7.968238,4.683137,-0.288287,-0.481184,0.035811
479050750.000,Miguel,recording,knock_twice_left,18,-0.333482,7.991035,4.916995,-0.377821,-0.473782,0.097319
479050760.000,Miguel,recording,knock_twice_left,18,-0.112798,7.853009,5.547147,-0.427814,-0.425487,0.145542
479050770.000,Miguel,recording,knock_twice_left,18,0.043198,7.696407,6.210041,-0.409217,-0.346814,0.166605
479050780.000,Miguel,recording,knock_twice_left,18,0.028987,7.508442,6.626193,-0.328557,-0.238220,0.167995
479050790.000,Miguel,recording,knock_twice_left,18,-0.010313,7.381151,6.747285,-0.211418,-0.106475,0.168510
479050800.000,Miguel,recording,knock_twice_left,18,0.106055,7.428901,6.734019,-0.083425,0.033838,0.175506
479050810.000,Miguel,recording,knock_twice_left,18,0.238917,7.582277,6.536080,0.031233,0.173131,0.182703
479050820.000,Miguel,recording,knock_twice_left,18,0.396710,7.679810,6.274102,0.111853,0.300521,0.187447
479050830.000,Miguel,recording,knock_twice_left,18,0.491297,7.754658,6.223787,0.151912,0.399476,0.188861
479050840.000,Miguel,recording,knock_twice_left,18,0.534252,7.748066,6.363513,0.164273,0.452735,0.178965
479050850.000,Miguel,recording,knock_twice_left,18,0.461873,7.658304,6.574486,0.166503,0.454469,0.155490
479050860.000,Miguel,recording,knock_twice_left,18,0.293158,7.596276,6.563772,0.162961,0.419118,0.130692
479050870.000,Miguel,recording,knock_twice_left,18,0.158685,7.671672,6.586866,0.155323,0.369017,0.113490
479050880.000,Miguel,recording,knock_twice_left,18,0.032138,7.815788,6.775815,0.153622,0.313945,0.104113
479050890.000,Miguel,recording,knock_twice_left,18,-0.064781,7.892495,6.817032,0.163573,0.256171,0.105652
479050900.000,Miguel,recording,knock_twice_left,18,-0.248777,8.021537,6.996204,0.185836,0.202233,0.122321
479050910.000,Miguel,recording,knock_twice_left,18,-0.383029,8.045109,7.234348,0.226921,0.151045,0.154357
479050920.000,Miguel,recording,knock_twice_left,18,-0.387041,7.953589,7.432910,0.291061,0.096001,0.193213
479050930.000,Miguel,recording,knock_twice_left,18,-0.453237,7.901753,7.300200,0.364025,0.037096,0.230013
479050940.000,Miguel,recording,knock_twice_left,18,-0.448903,7.924696,6.822111,0.416954,-0.017339,0.264840
479050950.000,Miguel,recording,knock_twice_left,18,-0.292688,8.008378,6.265483,0.429293,-0.058364,0.295794
479050960.000,Miguel,recording,knock_twice_left,18,-0.069168,8.082915,5.814338,0.401464,-0.081712,0.317481
479050970.000,Miguel,recording,knock_twice_left,18,0.138825,8.063828,5.560863,0.348550,-0.088532,0.325449
479050980.000,Miguel,recording,knock_twice_left,18,0.363605,7.993859,5.504210,0.287873,-0.087561,0.315213
479050990.000,Miguel,recording,knock_twice_left,18,0.562866,7.896216,5.488795,0.231600,-0.084285,0.282727
479051000.000,Miguel,recording,knock_twice_left,18,0.684073,7.764356,5.415367,0.182568,-0.073886,0.230889
479051010.000,Miguel,recording,knock_twice_left,18,0.725886,7.737776,5.413452,0.140390,-0.051157,0.168155
479051020.000,Miguel,recording,knock_twice_left,18,0.638001,7.691544,5.509972,0.111218,-0.019581,0.106667
479051030.000,Miguel,recording,knock_twice_left,18,0.401313,7.689592,5.649367,0.102363,0.012526,0.059609
479051040.000,Miguel,recording,knock_twice_left,18,0.146841,7.723303,5.744544,0.112954,0.041938,0.032348
479051050.000,Miguel,recording,knock_twice_left,18,0.029381,7.786027,5.816607,0.135687,0.069570,0.024676
479051060.000,Miguel,recording,knock_twice_left,18,0.008308,7.753304,5.892726,0.167037,0.092697,0.030116
479051070.000,Miguel,recording,knock_twice_left,18,0.046834,7.725736,5.986934,0.205517,0.108982,0.038255
479051080.000,Miguel,recording,knock_twice_left,18,0.119960,7.785414,5.927139,0.244155,0.114518,0.044964
479051090.000,Miguel,recording,knock_twice_left,18,0.216470,7.873058,5.655162,0.268783,0.100848,0.051594
479051100.000,Miguel,recording,knock_twice_left,18,0.334339,7.944061,5.304384,0.264740,0.065426,0.056159
479051110.000,Miguel,recording,knock_twice_left,18,0.459209,7.982603,5.028206,0.227292,0.014206,0.054003
479051120.000,Miguel,recording,knock_twice_left,18,0.522125,8.004494,4.830567,0.163601,-0.041875,0.044480
479051130.000,Miguel,recording,knock_twice_left,18,0.527383,7.989932,4.834952,0.085628,-0.088520,0.031013
479051140.000,Miguel,recording,knock_twice_left,18,0.393415,8.011403,4.994979,0.009059,-0.115364,0.020874
479051150.000,Miguel,recording,knock_twice_left,18,0.165776,7.985522,5.421785,-0.043827,-0.124712,0.022253
479051160.000,Miguel,recording,knock_twice_left,18,0.121703,7.887542,5.743272,-0.056785,-0.125247,0.037801
479051170.000,Miguel,recording,knock_twice_left,18,0.158026,7.824626,5.916104,-0.033897,-0.121050,0.061419
479051180.000,Miguel,recording,knock_twice_left,18,0.322374,7.767869,5.839148,0.004736,-0.112519,0.081182
479051190.000,Miguel,recording,knock_twice_left,18,0.479638,7.816173,5.673913,0.039958,-0.100958,0.088762
479051200.000,Miguel,recording,knock_twice_left,18,0.531651,7.805308,5.514724,0.063570,-0.091667,0.084434
479051210.000,Miguel,recording,knock_twice_left,18,0.544609,7.798994,5.417591,0.076978,-0.092840,0.073001
479051220.000,Miguel,recording,knock_twice_left,18,0.658522,7.784731,5.307767,0.081342,-0.104290,0.059822
479051230.000,Miguel,recording,knock_twice_left,18,0.804225,7.773618,5.155795,0.073418,-0.113550,0.045274
479051240.000,Miguel,recording,knock_twice_left,18,0.912796,7.743183,5.114876,0.056070,-0.110020,0.022281
479051250.000,Miguel,recording,knock_twice_left,18,0.956037,7.742277,5.167527,0.038786,-0.095956,-0.012716
479051260.000,Miguel,recording,knock_twice_left,18,0.906902,7.755296,5.206260,0.028658,-0.074069,-0.052646
479051270.000,Miguel,recording,knock_twice_left,18,0.795857,7.800361,5.323863,0.028275,-0.037985,-0.085215
479051280.000,Miguel,recording,knock_twice_left,18,0.598253,7.883781,5.440050,0.039090,0.007177,-0.101006
479051290.000,Miguel,recording,knock_twice_left,18,0.370920,7.856207,5.538334,0.061123,0.036579,-0.096946
479051300.000,Miguel,recording,knock_twice_left,18,0.205726,7.849417,5.635514,0.091586,0.035345,-0.080297
479051310.000,Miguel,recording,knock_twice_left,18,0.135518,7.891960,5.744556,0.130257,0.005279,-0.061959
479051320.000,Miguel,recording,knock_twice_left,18,0.163191,7.837882,5.705533,0.174257,-0.055611,-0.044832
479051330.000,Miguel,recording,knock_twice_left,18,0.421686,7.706018,5.248645,0.204547,-0.144251,-0.033585
479051340.000,Miguel,recording,knock_twice_left,18,1.066146,7.546366,4.546021,0.193594,-0.238337,-0.033306
479051350.000,Miguel,recording,knock_twice_left,18,2.334473,7.272342,3.861116,0.130844,-0.299113,-0.057245
479051360.000,Miguel,recording,knock_twice_left,18,3.252552,7.520457,4.081778,0.035583,-0.284954,-0.169310
479051370.000,Miguel,recording,knock_twice_left,18,2.340470,8.325257,4.506559,-0.070520,-0.208101,-0.385456
479051380.000,Miguel,recording,knock_twice_left,18,0.850772,7.996992,4.458923,-0.189425,-0.081394,-0.576570
479051390.000,Miguel,recording,knock_twice_left,18,-1.181778,8.249225,5.000100,-0.301906,0.089947,-0.614240
479051400.000,Miguel,recording,knock_twice_left,18,-2.165026,8.381303,5.846609,-0.356640,0.239424,-0.479799
479051410.000,Miguel,recording,knock_twice_left,18,-2.423291,8.415925,6.495707,-0.331918,0.292010,-0.231108
479051420.000,Miguel,recording,knock_twice_left,18,-1.989968,8.271139,6.539172,-0.266469,0.210152,0.042506
479051430.000,Miguel,recording,knock_twice_left,18,-0.960714,7.844179,5.960835,-0.226159,0.031706,0.254539
479051440.000,Miguel,recording,knock_twice_left,18,0.445104,7.794086,5.564980,-0.241049,-0.151848,0.344260
479051450.000,Miguel,recording,knock_twice_left,18,1.176707,7.988499,5.487179,-0.289928,-0.288821,0.312874
479051460.000,Miguel,recording,knock_twice_left,18,1.381469,8.275749,5.560270,-0.334911,-0.375305,0.218529
479051470.000,Miguel,recording,knock_twice_left,18,1.069499,8.254511,5.799220,-0.349620,-0.405701,0.122055
479051480.000,Miguel,recording,knock_twice_left,18,0.537027,8.095857,6.018047,-0.322541,-0.373553,0.061669
479051490.000,Miguel,recording,knock_twice_left,18,0.512301,7.422786,6.185345,-0.246523,-0.299655,0.049652
479051500.000,Miguel,recording,knock_twice_left,18,1.802601,6.918802,5.955917,-0.135556,-0.219342,0.038693
479051510.000,Miguel,recording,knock_twice_left,18,2.470618,7.277964,6.102197,-0.029309,-0.134305,-0.062765
479051520.000,Miguel,recording,knock_twice_left,18,2.808591,7.502625,5.374318,0.024878,-0.027095,-0.267715
479051530.000,Miguel,recording,knock_twice_left,18,1.786911,7.438426,5.081608,0.000784,0.114045,-0.489501
479051540.000,Miguel,recording,knock_twice_left,18,0.403845,7.683885,5.068601,-0.078305,0.264119,-0.636218
479051550.000,Miguel,recording,knock_twice_left,18,-0.971955,8.083644,5.472934,-0.162966,0.360313,-0.649400
479051560.000,Miguel,recording,knock_twice_left,18,-1.957440,8.073772,5.958476,-0.216799,0.385513,-0.522377
479051570.000,Miguel,recording,knock_twice_left,18,-2.145462,8.073873,6.351337,-0.231515,0.367729,-0.307827
479051580.000,Miguel,recording,knock_twice_left,18,-1.456994,8.136267,6.491878,-0.217773,0.324235,-0.084513
479051590.000,Miguel,recording,knock_twice_left,18,-0.575942,7.942204,6.236628,-0.200049,0.264714,0.093250
479051600.000,Miguel,recording,knock_twice_left,18,-0.006618,7.516931,5.712258,-0.208416,0.187201,0.204730
479051610.000,Miguel,recording,knock_twice_left,18,1.006505,7.719433,5.113473,-0.266971,0.087867,0.221156
479051620.000,Miguel,recording,knock_twice_left,18,1.746668,8.041745,4.707732,-0.383032,-0.004761,0.129439
479051630.000,Miguel,recording,knock_twice_left,18,1.707648,8.033696,4.906423,-0.527646,-0.057913,-0.025124
479051640.000,Miguel,recording,knock_twice_left,18,0.996515,7.714072,5.763898,-0.640951,-0.064195,-0.171934
479051650.000,Miguel,recording,knock_twice_left,18,0.199876,7.412985,6.828719,-0.670091,-0.028810,-0.260911
479051660.000,Miguel,recording,knock_twice_left,18,-0.278026,7.318117,7.702484,-0.597837,0.033604,-0.284363
479051670.000,Miguel,recording,knock_twice_left,18,-0.462917,7.396907,8.178485,-0.446019,0.099425,-0.265534
479051680.000,Miguel,recording,knock_twice_left,18,-0.571605,7.526662,8.246515,-0.259998,0.145178,-0.230529
479051690.000,Miguel,recording,knock_twice_left,18,-0.555620,7.642697,7.904886,-0.085376,0.153696,-0.193830
479051700.000,Miguel,recording,knock_twice_left,18,-0.480653,7.694739,7.422779,0.043896,0.120533,-0.159468
479051710.000,Miguel,recording,knock_twice_left,18,-0.323789,7.753907,6.807321,0.105060,0.055440,-0.129813
479051720.000,Miguel,recording,knock_twice_left,18,-0.169857,7.907404,6.322929,0.093767,-0.035387,-0.111622
479051730.000,Miguel,recording,knock_twice_left,18,-0.107775,7.918575,6.014623,0.025668,-0.158300,-0.107092
479051740.000,Miguel,recording,knock_twice_left,18,-0.026231,7.825459,5.793064,-0.079166,-0.313703,-0.111117
479051750.000,Miguel,recording,knock_twice_left,18,-0.005430,7.737412,5.746970,-0.202382,-0.482883,-0.120140
479051760.000,Miguel,recording,knock_twice_left,18,0.007866,7.579087,5.799639,-0.325536,-0.639405,-0.129024
479051770.000,Miguel,recording,knock_twice_left,18,0.039521,7.415647,5.926869,-0.432936,-0.761659,-0.131903
479051780.000,Miguel,recording,knock_twice_left,18,0.197402,7.239761,6.026090,-0.513683,-0.834114,-0.128969
479051790.000,Miguel,recording,knock_twice_left,18,0.396447,7.145356,6.103530,-0.565939,-0.856125,-0.124141
479051800.000,Miguel,recording,knock_twice_left,18,0.637647,7.023733,6.131220,-0.596642,-0.850162,-0.121341
479051810.000,Miguel,recording,knock_twice_left,18,0.933177,6.717779,6.199616,-0.611045,-0.846132,-0.131115
479051820.000,Miguel,recording,knock_twice_left,18,1.291573,6.450800,6.442116,-0.607177,-0.854431,-0.168529
479051830.000,Miguel,recording,knock_twice_left,18,1.583211,6.414003,6.586016,-0.584858,-0.863238,-0.232719
479051840.000,Miguel,recording,knock_twice_left,18,1.716198,6.452774,6.523653,-0.552407,-0.856267,-0.305962
479051850.000,Miguel,recording,knock_twice_left,18,1.745561,6.561989,6.460858,-0.516942,-0.827474,-0.370159
479051860.000,Miguel,recording,knock_twice_left,18,1.748157,6.564677,6.452104,-0.478174,-0.782928,-0.416106
479051870.000,Miguel,recording,knock_twice_left,18,1.707491,6.595463,6.341294,-0.438354,-0.728853,-0.444519
479051880.000,Miguel,recording,knock_twice_left,18,1.628547,6.619641,6.185639,-0.408394,-0.667627,-0.461337
479051890.000,Miguel,recording,knock_twice_left,18,1.538726,6.670572,5.990005,-0.397926,-0.600768,-0.473703
479051900.000,Miguel,recording,knock_twice_left,18,1.398197,6.773657,5.993632,-0.406213,-0.527389,-0.484574
479051910.000,Miguel,recording,knock_twice_left,18,1.153945,6.952967,6.124057,-0.425796,-0.453085,-0.492993
479051920.000,Miguel,recording,knock_twice_left,18,0.860986,7.088065,6.296649,-0.447702,-0.394888,-0.493433
479051930.000,Miguel,recording,knock_twice_left,18,0.569850,7.104822,6.433168,-0.464285,-0.362151,-0.475797
479051940.000,Miguel,recording,knock_twice_left,18,0.416979,7.074002,6.515976,-0.473954,-0.345948,-0.437811
479051950.000,Miguel,recording,knock_twice_left,18,0.297547,7.054421,6.601550,-0.475999,-0.335287,-0.385577
479051960.000,Miguel,recording,knock_twice_left,18,0.194602,6.958553,6.760119,-0.464893,-0.318936,-0.325531
479051970.000,Miguel,recording,knock_twice_left,18,0.046868,6.885133,7.138730,-0.430093,-0.281643,-0.262301
479051980.000,Miguel,recording,knock_twice_left,18,-0.016605,6.800730,7.484104,-0.361105,-0.222866,-0.194200
479051990.000,Miguel,recording,knock_twice_left,18,0.142245,6.604879,7.585403,-0.262756,-0.148567,-0.125907
479052000.000,Miguel,recording,knock_twice_left,18,0.501712,6.522289,7.452590,-0.155680,-0.056118,-0.084088
479052010.000,Miguel,recording,knock_twice_left,18,0.685901,6.570166,7.287044,-0.054763,0.044500,-0.091070
479052020.000,Miguel,recording,knock_twice_left,18,0.681740,6.619538,7.117262,0.038393,0.130498,-0.137551
479052030.000,Miguel,recording,knock_twice_left,18,0.540685,6.572857,6.904458,0.121106,0.198757,-0.201813
479052040.000,Miguel,recording,knock_twice_left,18,0.330518,6.587256,6.806109,0.191115,0.268897,-0.266090
479052050.000,Miguel,recording,knock_twice_left,18,0.063779,6.687223,6.863610,0.253151,0.358314,-0.310661
479052060.000,Miguel,recording,knock_twice_left,18,-0.244805,6.769065,6.783188,0.307645,0.463089,-0.317636
479052070.000,Miguel,recording,knock_twice_left,18,-0.519747,6.795887,6.613811,0.344293,0.551359,-0.283409
479052080.000,Miguel,recording,knock_twice_left,18,-0.589552,6.639070,6.408367,0.350039,0.588668,-0.223542
479052090.000,Miguel,recording,knock_twice_left,18,-0.517859,6.512223,6.188431,0.319849,0.584902,-0.160689
479052100.000,Miguel,recording,knock_twice_left,18,-0.445478,6.420927,6.135931,0.265379,0.581844,-0.109495
479052110.000,Miguel,recording,knock_twice_left,18,-0.247253,6.376508,6.254192,0.212881,0.611093,-0.074715
479052120.000,Miguel,recording,knock_twice_left,18,0.174429,6.422726,6.380707,0.183208,0.689261,-0.064080
479052130.000,Miguel,recording,knock_twice_left,18,0.654450,6.425620,6.510014,0.124861,0.568855,-0.100808
479052140.000,Miguel,recording,knock_twice_left,18,-2.059978,7.314590,8.232054,-0.100160,-0.108715,-0.154593
479052150.000,Miguel,recording,knock_twice_left,18,-5.683015,8.911930,7.949804,-0.477136,-0.866264,-0.096237
479052160.000,Miguel,recording,knock_twice_left,18,-5.182465,8.911444,7.113458,-0.761763,-1.119774,0.102930
479052170.000,Miguel,recording,knock_twice_left,18,-3.241972,7.655129,8.649388,-0.779529,-1.042922,0.309322
479052180.000,Miguel,recording,knock_twice_left,18,-0.273048,7.271868,9.350767,-0.579084,-0.846470,0.370469
479052190.000,Miguel,recording,knock_twice_left,18,2.072634,6.371563,9.562964,-0.280926,-0.580940,0.228183
479052200.000,Miguel,recording,knock_twice_left,18,2.866090,6.298395,10.473541,0.076793,-0.310681,-0.037993
479052210.000,Miguel,recording,knock_twice_left,18,2.443838,6.005022,10.370757,0.499444,-0.063048,-0.322514
479052220.000,Miguel,recording,knock_twice_left,18,1.091129,6.244003,9.446418,0.917908,0.204115,-0.547549
479052230.000,Miguel,recording,knock_twice_left,19,0.052057,6.700813,8.237483,1.225578,0.452821,-0.653856
479052240.000,Miguel,recording,knock_twice_left,19,-0.554748,7.130341,7.307497,1.396563,0.594366,-0.628368
479052250.000,Miguel,recording,knock_twice_left,19,-0.163249,7.809214,6.206200,1.439428,0.590139,-0.525833
479052260.000,Miguel,recording,knock_twice_left,19,0.486281,8.125552,4.736525,1.341652,0.425591,-0.423094
479052270.000,Miguel,recording,knock_twice_left,19,0.620097,8.027501,4.119919,1.126305,0.130927,-0.346038
479052280.000,Miguel,recording,knock_twice_left,19,0.415414,8.386256,3.715245,0.848704,-0.167585,-0.282281
479052290.000,Miguel,recording,knock_twice_left,19,0.205847,8.589250,3.930491,0.569591,-0.328228,-0.228780
479052300.000,Miguel,recording,knock_twice_left,19,-0.211021,8.458196,4.264311,0.335797,-0.316822,-0.180579
479052310.000,Miguel,recording,knock_twice_left,19,-0.308963,8.949744,4.841652,0.153760,-0.190429,-0.124157
479052320.000,Miguel,recording,knock_twice_left,19,-0.044915,8.431931,5.232927,0.026288,-0.021185,-0.062282
479052330.000,Miguel,recording,knock_twice_left,19,0.558134,7.918747,5.331034,-0.051439,0.138237,-0.014585
479052340.000,Miguel,recording,knock_twice_left,19,1.043777,7.828924,5.102787,-0.110251,0.246607,0.010310
479052350.000,Miguel,recording,knock_twice_left,19,1.181278,8.292584,5.104982,-0.177529,0.212644,0.029625
479052360.000,Miguel,recording,knock_twice_left,19,1.231785,9.005147,5.094477,-0.306909,0.018089,0.025781
479052370.000,Miguel,recording,knock_twice_left,19,0.905963,8.106758,4.943836,-0.477663,-0.164763,-0.041535
479052380.000,Miguel,recording,knock_twice_left,19,-0.429987,7.010468,7.046878,-0.454690,-0.311170,-0.106331
479052390.000,Miguel,recording,knock_twice_left,19,-1.432598,6.264963,8.675770,-0.205503,-0.440326,-0.096872
479052400.000,Miguel,recording,knock_twice_left,19,-1.385012,6.585783,7.183749,0.020966,-0.467300,-0.036604
479052410.000,Miguel,recording,knock_twice_left,19,-1.538887,6.445964,7.700607,0.145342,-0.462593,0.042731
479052420.000,Miguel,recording,knock_twice_left,19,-0.816188,6.743841,7.278820,0.233128,-0.522040,0.118918
479052430.000,Miguel,recording,knock_twice_left,19,0.055103,6.778791,6.693565,0.303447,-0.590133,0.166421
479052440.000,Miguel,recording,knock_twice_left,19,0.280993,6.728073,6.692544,0.344353,-0.594267,0.174722
479052450.000,Miguel,recording,knock_twice_left,19,0.379093,7.226515,6.474265,0.362358,-0.561102,0.170814
479052460.000,Miguel,recording,knock_twice_left,19,0.253604,7.420376,6.305031,0.358659,-0.509354,0.178763
479052470.000,Miguel,recording,knock_twice_left,19,0.455587,7.598052,6.224449,0.331556,-0.439368,0.189394
479052480.000,Miguel,recording,knock_twice_left,19,0.842315,7.773563,6.151708,0.282418,-0.359940,0.180575
479052490.000,Miguel,recording,knock_twice_left,19,0.934256,7.782401,6.101281,0.219952,-0.268486,0.143143
479052500.000,Miguel,recording,knock_twice_left,19,0.841266,7.728796,6.053719,0.162754,-0.159541,0.085843
479052510.000,Miguel,recording,knock_twice_left,19,0.640813,7.677094,5.921704,0.122255,-0.035733,0.018342
479052520.000,Miguel,recording,knock_twice_left,19,0.449941,7.609439,5.774823,0.084294,0.112924,-0.061265
479052530.000,Miguel,recording,knock_twice_left,19,0.643346,7.883686,5.669599,0.021529,0.324855,-0.159910
479052540.000,Miguel,recording,knock_twice_left,19,0.681247,7.736835,5.886317,-0.062418,0.587004,-0.264361
479052550.000,Miguel,recording,knock_twice_left,19,0.279846,7.179588,6.125431,-0.136585,0.820558,-0.346290
479052560.000,Miguel,recording,knock_twice_left,19,-0.162806,7.032759,6.152589,-0.180222,0.973879,-0.389560
479052570.000,Miguel,recording,knock_twice_left,19,-0.452291,7.196562,6.119520,-0.192389,1.037322,-0.400077
479052580.000,Miguel,recording,knock_twice_left,19,-0.601309,7.396775,6.064220,-0.181842,1.017185,-0.400440
479052590.000,Miguel,recording,knock_twice_left,19,-0.733229,7.371283,6.103291,-0.152234,0.929353,-0.408311
479052600.000,Miguel,recording,knock_twice_left,19,-1.164678,7.172279,6.176758,-0.104993,0.788156,-0.414339
479052610.000,Miguel,recording,knock_twice_left,19,-1.708176,7.089537,6.244514,-0.046737,0.600457,-0.388746
479052620.000,Miguel,recording,knock_twice_left,19,-2.251106,7.092460,6.333525,0.014848,0.380048,-0.309357
479052630.000,Miguel,recording,knock_twice_left,19,-2.440449,7.166555,6.450159,0.078449,0.155571,-0.180305
479052640.000,Miguel,recording,knock_twice_left,19,-2.301548,7.233299,6.527941,0.146514,-0.039093,-0.033266
479052650.000,Miguel,recording,knock_twice_left,19,-1.984063,7.252341,6.487382,0.208770,-0.178066,0.091329
479052660.000,Miguel,recording,knock_twice_left,19,-1.642654,7.303361,6.288146,0.245580,-0.258298,0.173400
479052670.000,Miguel,recording,knock_twice_left,19,-1.358035,7.450429,6.063679,0.245039,-0.289483,0.215704
479052680.000,Miguel,recording,knock_twice_left,19,-1.138258,7.602726,5.975397,0.209753,-0.280293,0.225555
479052690.000,Miguel,recording,knock_twice_left,19,-0.777151,7.668770,6.124269,0.155894,-0.237541,0.206495
479052700.000,Miguel,recording,knock_twice_left,19,-0.567287,7.557482,6.294860,0.103457,-0.160195,0.163591
479052710.000,Miguel,recording,knock_twice_left,19,-0.500728,7.448358,6.445607,0.059930,-0.051355,0.109977
479052720.000,Miguel,recording,knock_twice_left,19,-0.619447,7.421264,6.455284,0.017259,0.073520,0.060806
479052730.000,Miguel,recording,knock_twice_left,19,-0.812401,7.448789,6.508395,-0.031461,0.197825,0.025905
479052740.000,Miguel,recording,knock_twice_left,19,-0.983103,7.460667,6.548078,-0.082083,0.313370,0.006016
479052750.000,Miguel,recording,knock_twice_left,19,-1.127947,7.393028,6.588660,-0.124092,0.417233,-0.002122
479052760.000,Miguel,recording,knock_twice_left,19,-1.257813,7.327059,6.714688,-0.145230,0.503751,0.002082
479052770.000,Miguel,recording,knock_twice_left,19,-1.366240,7.306869,6.808133,-0.137910,0.565419,0.019875
479052780.000,Miguel,recording,knock_twice_left,19,-1.404788,7.412026,6.729634,-0.106259,0.597414,0.049142
479052790.000,Miguel,recording,knock_twice_left,19,-1.382776,7.622639,6.548010,-0.061018,0.597047,0.084574
479052800.000,Miguel,recording,knock_twice_left,19,-1.287857,7.764271,6.355419,-0.013880,0.563450,0.119478
479052810.000,Miguel,recording,knock_twice_left,19,-1.099348,7.899235,6.143382,0.025042,0.501728,0.146164
479052820.000,Miguel,recording,knock_twice_left,19,-0.882200,7.988410,6.004977,0.049375,0.423929,0.157434
479052830.000,Miguel,recording,knock_twice_left,19,-0.630325,8.121633,5.845374,0.056727,0.344945,0.149407
479052840.000,Miguel,recording,knock_twice_left,19,-0.476615,8.182390,5.749189,0.048485,0.269869,0.125033
479052850.000,Miguel,recording,knock_twice_left,19,-0.393141,8.211725,5.846585,0.032936,0.196219,0.095610
479052860.000,Miguel,recording,knock_twice_left,19,-0.301547,8.266736,6.010563,0.019536,0.132956,0.068367
479052870.000,Miguel,recording,knock_twice_left,19,-0.044018,8.241936,6.096609,0.011164,0.092986,0.037561
479052880.000,Miguel,recording,knock_twice_left,19,0.192062,8.145252,6.191628,0.006805,0.076988,-0.005229
479052890.000,Miguel,recording,knock_twice_left,19,0.196662,8.030231,6.307432,0.005857,0.076591,-0.057560
479052900.000,Miguel,recording,knock_twice_left,19,-0.009548,7.965806,6.472661,0.013745,0.080971,-0.107874
479052910.000,Miguel,recording,knock_twice_left,19,-0.186845,7.845238,6.654205,0.037698,0.084923,-0.146080
479052920.000,Miguel,recording,knock_twice_left,19,-0.382365,7.668741,6.754389,0.082742,0.092168,-0.168032
479052930.000,Miguel,recording,knock_twice_left,19,-0.590485,7.495464,6.758129,0.151330,0.104545,-0.171577
479052940.000,Miguel,recording,knock_twice_left,19,-0.830166,7.331080,6.730206,0.237603,0.115702,-0.154768
479052950.000,Miguel,recording,knock_twice_left,19,-1.038192,7.219657,6.523945,0.329346,0.119698,-0.119519
479052960.000,Miguel,recording,knock_twice_left,19,-1.186286,7.155332,6.189041,0.410511,0.115569,-0.072269
479052970.000,Miguel,recording,knock_twice_left,19,-1.183262,7.140139,5.690151,0.461842,0.104065,-0.022770
479052980.000,Miguel,recording,knock_twice_left,19,-1.136235,7.151512,5.256130,0.474035,0.086092,0.021636
479052990.000,Miguel,recording,knock_twice_left,19,-1.055361,7.208605,4.879808,0.453719,0.060944,0.057637
479053000.000,Miguel,recording,knock_twice_left,19,-0.960263,7.179028,4.609005,0.409003,0.023509,0.083029
479053010.000,Miguel,recording,knock_twice_left,19,-0.874441,7.201828,4.407355,0.344648,-0.032030,0.097477
479053020.000,Miguel,recording,knock_twice_left,19,-0.868999,7.270441,4.382917,0.269833,-0.099309,0.104656
479053030.000,Miguel,recording,knock_twice_left,19,-0.927809,7.424791,4.446337,0.197832,-0.161986,0.109715
479053040.000,Miguel,recording,knock_twice_left,19,-0.896052,7.486874,4.571210,0.135601,-0.210868,0.112174
479053050.000,Miguel,recording,knock_twice_left,19,-0.805436,7.510258,4.701358,0.081035,-0.247144,0.107888
479053060.000,Miguel,recording,knock_twice_left,19,-0.702322,7.571080,4.810108,0.030152,-0.270051,0.096711
479053070.000,Miguel,recording,knock_twice_left,19,-0.649941,7.603266,4.993872,-0.015935,-0.278122,0.081632
479053080.000,Miguel,recording,knock_twice_left,19,-0.647639,7.641644,5.243162,-0.050928,-0.279817,0.067008
479053090.000,Miguel,recording,knock_twice_left,19,-0.706996,7.585408,5.498931,-0.068140,-0.287677,0.061390
479053100.000,Miguel,recording,knock_twice_left,19,-0.854850,7.538866,5.750543,-0.063757,-0.307483,0.072547
479053110.000,Miguel,recording,knock_twice_left,19,-0.940224,7.583046,5.946933,-0.041145,-0.335156,0.099655
479053120.000,Miguel,recording,knock_twice_left,19,-0.943637,7.660711,5.984243,-0.016855,-0.355908,0.132208
479053130.000,Miguel,recording,knock_twice_left,19,-0.860520,7.767613,5.842188,-0.016282,-0.350808,0.157342
479053140.000,Miguel,recording,knock_twice_left,19,-0.778295,7.865967,5.793657,-0.053038,-0.307175,0.171871
479053150.000,Miguel,recording,knock_twice_left,19,-0.718413,7.899707,5.900854,-0.115587,-0.222988,0.180552
479053160.000,Miguel,recording,knock_twice_left,19,-0.671333,7.835841,6.109876,-0.179136,-0.110211,0.188186
479053170.000,Miguel,recording,knock_twice_left,19,-0.622824,7.793995,6.375695,-0.224519,0.007639,0.196967
479053180.000,Miguel,recording,knock_twice_left,19,-0.557618,7.724792,6.576588,-0.242815,0.105853,0.206110
479053190.000,Miguel,recording,knock_twice_left,19,-0.493044,7.741492,6.758400,-0.231731,0.170798,0.213902
479053200.000,Miguel,recording,knock_twice_left,19,-0.350379,7.773981,6.770304,-0.196452,0.201945,0.214591
479053210.000,Miguel,recording,knock_twice_left,19,-0.179254,7.845334,6.681033,-0.149133,0.205007,0.198365
479053220.000,Miguel,recording,knock_twice_left,19,-0.048271,7.867402,6.533968,-0.103783,0.188462,0.161151
479053230.000,Miguel,recording,knock_twice_left,19,-0.063244,7.909280,6.396518,-0.067526,0.162509,0.114071
479053240.000,Miguel,recording,knock_twice_left,19,-0.168443,7.937344,6.304098,-0.039356,0.131195,0.073908
479053250.000,Miguel,recording,knock_twice_left,19,-0.282619,7.906253,6.198236,-0.018145,0.090480,0.050558
479053260.000,Miguel,recording,knock_twice_left,19,-0.397490,7.911151,6.176474,0.000307,0.039235,0.046719
479053270.000,Miguel,recording,knock_twice_left,19,-0.350140,7.822578,6.193765,0.025045,-0.013031,0.057040
479053280.000,Miguel,recording,knock_twice_left,19,-0.287475,7.816740,6.160958,0.058831,-0.057312,0.069380
479053290.000,Miguel,recording,knock_twice_left,19,-0.150022,7.836096,6.069699,0.094649,-0.100306,0.074127
479053300.000,Miguel,recording,knock_twice_left,19,-0.052395,7.892171,5.945282,0.124581,-0.151329,0.070700
479053310.000,Miguel,recording,knock_twice_left,19,0.075837,7.931358,5.789933,0.143399,-0.205688,0.061887
479053320.000,Miguel,recording,knock_twice_left,19,0.189061,7.919006,5.660027,0.147828,-0.253319,0.050212
479053330.000,Miguel,recording,knock_twice_left,19,0.253158,7.887616,5.597350,0.139063,-0.288615,0.037568
479053340.000,Miguel,recording,knock_twice_left,19,0.292571,7.928113,5.652585,0.124090,-0.307575,0.023945
479053350.000,Miguel,recording,knock_twice_left,19,0.413826,7.929782,5.757352,0.112114,-0.303510,0.006455
479053360.000,Miguel,recording,knock_twice_left,19,0.468188,7.895842,5.806429,0.108068,-0.272510,-0.020180
479053370.000,Miguel,recording,knock_twice_left,19,0.448488,7.860685,5.761042,0.108784,-0.222651,-0.055929
479053380.000,Miguel,recording,knock_twice_left,19,0.336931,7.832375,5.668672,0.105651,-0.168176,-0.090056
479053390.000,Miguel,recording,knock_twice_left,19,0.077921,7.841505,5.551095,0.094287,-0.120977,-0.109017
479053400.000,Miguel,recording,knock_twice_left,19,-0.136645,7.811134,5.512039,0.079513,-0.088063,-0.106012
479053410.000,Miguel,recording,knock_twice_left,19,-0.178081,7.805718,5.478346,0.068993,-0.074212,-0.086401
479053420.000,Miguel,recording,knock_twice_left,19,-0.136606,7.767669,5.491783,0.069237,-0.081187,-0.063267
479053430.000,Miguel,recording,knock_twice_left,19,-0.120903,7.802252,5.494516,0.082388,-0.104034,-0.045903
479053440.000,Miguel,recording,knock_twice_left,19,-0.105236,7.853095,5.453816,0.101563,-0.134884,-0.036822
479053450.000,Miguel,recording,knock_twice_left,19,-0.085743,7.898315,5.289341,0.111394,-0.168347,-0.036087
479053460.000,Miguel,recording,knock_twice_left,19,-0.011962,7.921286,5.094447,0.096712,-0.200354,-0.044221
479053470.000,Miguel,recording,knock_twice_left,19,0.086431,7.940467,4.923378,0.052326,-0.225388,-0.061646
479053480.000,Miguel,recording,knock_twice_left,19,0.185979,7.957465,4.850395,-0.016628,-0.243549,-0.088311
479053490.000,Miguel,recording,knock_twice_left,19,0.233509,7.943372,4.898469,-0.097796,-0.263869,-0.122604
479053500.000,Miguel,recording,knock_twice_left,19,0.295574,7.981155,5.016048,-0.175912,-0.295997,-0.164717
479053510.000,Miguel,recording,knock_twice_left,19,0.367392,7.930280,5.156273,-0.241492,-0.341705,-0.218425
479053520.000,Miguel,recording,knock_twice_left,19,0.361455,7.874431,5.383424,-0.292458,-0.390582,-0.278170
479053530.000,Miguel,recording,knock_twice_left,19,0.229133,7.812215,5.654267,-0.328602,-0.427821,-0.330911
479053540.000,Miguel,recording,knock_twice_left,19,0.012656,7.759273,5.964642,-0.348420,-0.441965,-0.366283
479053550.000,Miguel,recording,knock_twice_left,19,-0.203094,7.688373,6.285523,-0.350969,-0.426161,-0.376560
479053560.000,Miguel,recording,knock_twice_left,19,-0.440697,7.568022,6.570101,-0.338477,-0.383835,-0.358705
479053570.000,Miguel,recording,knock_twice_left,19,-0.585942,7.457901,6.816948,-0.314299,-0.323566,-0.314674
479053580.000,Miguel,recording,knock_twice_left,19,-0.676833,7.344025,6.983754,-0.282993,-0.248502,-0.251231
479053590.000,Miguel,recording,knock_twice_left,19,-0.730171,7.284612,7.077579,-0.249027,-0.156715,-0.176282
479053600.000,Miguel,recording,knock_twice_left,19,-0.749416,7.285100,7.058301,-0.213655,-0.052407,-0.096685
479053610.000,Miguel,recording,knock_twice_left,19,-0.726265,7.358005,7.061772,-0.175819,0.051411,-0.021124
479053620.000,Miguel,recording,knock_twice_left,19,-0.649502,7.333309,6.970328,-0.135805,0.139299,0.043090
479053630.000,Miguel,recording,knock_twice_left,19,-0.610314,7.395358,6.857185,-0.095839,0.199010,0.092725
479053640.000,Miguel,recording,knock_twice_left,19,-0.528395,7.469228,6.604311,-0.062078,0.223026,0.129113
479053650.000,Miguel,recording,knock_twice_left,19,-0.402042,7.618781,6.403358,-0.044221,0.206504,0.155764
479053660.000,Miguel,recording,knock_twice_left,19,-0.167848,7.732403,6.260500,-0.044094,0.159178,0.168831
479053670.000,Miguel,recording,knock_twice_left,19,0.197945,7.786942,6.245249,-0.051187,0.104001,0.160635
479053680.000,Miguel,recording,knock_twice_left,19,0.459846,7.801080,6.304108,-0.050503,0.057855,0.127885
479053690.000,Miguel,recording,knock_twice_left,19,0.549320,7.843125,6.317168,-0.032005,0.025650,0.073921
479053700.000,Miguel,recording,knock_twice_left,19,0.450544,7.881326,6.340244,0.002028,0.003073,0.009538
479053710.000,Miguel,recording,knock_twice_left,19,0.302686,7.914991,6.233429,0.040853,-0.015571,-0.052340
479053720.000,Miguel,recording,knock_twice_left,19,0.124469,7.876742,6.149096,0.078135,-0.032630,-0.102521
479053730.000,Miguel,recording,knock_twice_left,19,-0.027890,7.831491,5.987471,0.110482,-0.052003,-0.137781
479053740.000,Miguel,recording,knock_twice_left,19,-0.102307,7.808513,5.819890,0.132962,-0.082444,-0.161172
479053750.000,Miguel,recording,knock_twice_left,19,-0.131135,7.800134,5.619147,0.141770,-0.130212,-0.177015
479053760.000,Miguel,recording,knock_twice_left,19,-0.174137,7.820326,5.567088,0.136213,-0.192662,-0.188196
479053770.000,Miguel,recording,knock_twice_left,19,-0.193772,7.771553,5.593450,0.123409,-0.259080,-0.197482
479053780.000,Miguel,recording,knock_twice_left,19,-0.184322,7.720752,5.636658,0.112033,-0.317649,-0.205412
479053790.000,Miguel,recording,knock_twice_left,19,-0.230445,7.601332,5.640719,0.103138,-0.362572,-0.210732
479053800.000,Miguel,recording,knock_twice_left,19,-0.266942,7.549134,5.628847,0.091994,-0.391051,-0.210257
479053810.000,Miguel,recording,knock_twice_left,19,-0.348428,7.420259,5.592122,0.072949,-0.399572,-0.199178
479053820.000,Miguel,recording,knock_twice_left,19,-0.379933,7.367705,5.574612,0.042515,-0.387551,-0.176847
479053830.000,Miguel,recording,knock_twice_left,19,-0.347639,7.334193,5.637276,-0.001703,-0.354818,-0.147205
479053840.000,Miguel,recording,knock_twice_left,19,-0.275838,7.340349,5.828434,-0.056662,-0.296534,-0.114344
479053850.000,Miguel,recording,knock_twice_left,19,-0.269178,7.341973,6.068539,-0.112190,-0.207683,-0.081823
479053860.000,Miguel,recording,knock_twice_left,19,-0.246570,7.339698,6.274625,-0.159652,-0.095371,-0.052639
479053870.000,Miguel,recording,knock_twice_left,19,-0.306166,7.338116,6.483859,-0.192246,0.020431,-0.027777
479053880.000,Miguel,recording,knock_twice_left,19,-0.396637,7.331564,6.650097,-0.203167,0.120490,-0.004607
479053890.000,Miguel,recording,knock_twice_left,19,-0.534592,7.315374,6.782760,-0.190374,0.192567,0.021417
479053900.000,Miguel,recording,knock_twice_left,19,-0.656657,7.369881,6.815147,-0.157985,0.229661,0.053117
479053910.000,Miguel,recording,knock_twice_left,19,-0.708272,7.436463,6.801414,-0.113399,0.230297,0.089933
479053920.000,Miguel,recording,knock_twice_left,19,-0.637906,7.488395,6.726160,-0.063880,0.200501,0.127927
479053930.000,Miguel,recording,knock_twice_left,19,-0.488486,7.568180,6.650613,-0.015047,0.152747,0.160797
479053940.000,Miguel,recording,knock_twice_left,19,-0.336038,7.643042,6.574036,0.030270,0.100277,0.180901
479053950.000,Miguel,recording,knock_twice_left,19,-0.151409,7.684469,6.487271,0.070628,0.053736,0.182894
479053960.000,Miguel,recording,knock_twice_left,19,-0.025713,7.756329,6.374356,0.102449,0.022903,0.166753
479053970.000,Miguel,recording,knock_twice_left,19,0.116006,7.761521,6.205271,0.119444,0.012392,0.137495
479053980.000,Miguel,recording,knock_twice_left,19,0.166031,7.792484,6.047557,0.117064,0.019985,0.104276
479053990.000,Miguel,recording,knock_twice_left,19,0.135674,7.816564,5.949192,0.098024,0.040671,0.075526
479054000.000,Miguel,recording,knock_twice_left,19,0.103871,7.826502,5.891885,0.069795,0.067124,0.051901
479054010.000,Miguel,recording,knock_twice_left,19,0.116152,7.836013,5.804965,0.040551,0.088632,0.029853
479054020.000,Miguel,recording,knock_twice_left,19,0.126875,7.817492,5.777068,0.016330,0.095041,0.008503
479054030.000,Miguel,recording,knock_twice_left,19,0.068264,7.793159,5.780070,-0.001853,0.084005,-0.012177
479054040.000,Miguel,recording,knock_twice_left,19,-0.001122,7.765444,5.740794,-0.014772,0.061044,-0.030940
479054050.000,Miguel,recording,knock_twice_left,19,-0.109497,7.724629,5.772356,-0.022011,0.033857,-0.043556
479054060.000,Miguel,recording,knock_twice_left,19,-0.175710,7.656576,5.778887,-0.024839,0.009223,-0.046970
479054070.000,Miguel,recording,knock_twice_left,19,-0.216700,7.630938,5.837674,-0.025911,-0.010273,-0.040783
479054080.000,Miguel,recording,knock_twice_left,19,-0.219949,7.589838,5.857045,-0.027730,-0.023737,-0.026584
479054090.000,Miguel,recording,knock_twice_left,19,-0.193339,7.581444,5.898619,-0.032689,-0.027136,-0.009085
479054100.000,Miguel,recording,knock_twice_left,19,-0.126914,7.554843,5.868701,-0.042118,-0.018663,0.004464
479054110.000,Miguel,recording,knock_twice_left,19,-0.086524,7.550378,5.866911,-0.056797,-0.002708,0.010697
479054120.000,Miguel,recording,knock_twice_left,19,-0.086061,7.558468,5.888350,-0.075170,0.015733,0.011730
479054130.000,Miguel,recording,knock_twice_left,19,-0.131364,7.546448,5.869417,-0.094177,0.032946,0.010145
479054140.000,Miguel,recording,knock_twice_left,19,-0.149055,7.557969,5.908673,-0.112167,0.044071,0.007407
479054150.000,Miguel,recording,knock_twice_left,19,-0.173355,7.571035,5.921411,-0.128361,0.044785,0.005100
479054160.000,Miguel,recording,knock_twice_left,19,-0.170922,7.599369,5.964390,-0.141782,0.032258,0.003576
479054170.000,Miguel,recording,knock_twice_left,19,-0.173732,7.604472,6.003316,-0.151357,0.005867,0.001151
479054180.000,Miguel,recording,knock_twice_left,19,-0.150704,7.567444,6.118618,-0.155895,-0.027877,-0.002278
479054190.000,Miguel,recording,knock_twice_left,19,-0.117980,7.562321,6.247923,-0.153321,-0.056857,-0.008523
479054200.000,Miguel,recording,knock_twice_left,19,-0.105026,7.569290,6.405795,-0.143641,-0.074576,-0.020453
479054210.000,Miguel,recording,knock_twice_left,19,-0.117399,7.602622,6.551107,-0.127630,-0.080653,-0.036558
479054220.000,Miguel,recording,knock_twice_left,19,-0.159798,7.559216,6.676420,-0.105800,-0.074727,-0.052856
479054230.000,Miguel,recording,knock_twice_left,19,-0.220337,7.506639,6.693018,-0.082473,-0.057608,-0.065301
479054240.000,Miguel,recording,knock_twice_left,19,-0.303058,7.412388,6.686704,-0.063899,-0.032731,-0.070612
479054250.000,Miguel,recording,knock_twice_left,19,-0.329269,7.372479,6.557338,-0.059394,-0.030027,-0.075396
479054260.000,Miguel,recording,knock_twice_left,19,1.453342,7.390620,5.864829,-0.072952,-0.067750,-0.090400
479054270.000,Miguel,recording,knock_twice_left,19,-0.134475,7.926929,6.223747,-0.086065,-0.077211,-0.095319
479054280.000,Miguel,recording,knock_twice_left,19,-0.710007,7.659644,6.222413,-0.089224,-0.049136,-0.076014
479054290.000,Miguel,recording,knock_twice_left,19,-0.658256,7.587016,6.458547,-0.088619,-0.026402,-0.056538
479054300.000,Miguel,recording,knock_twice_left,19,-0.470650,7.441855,6.494478,-0.079314,0.018556,-0.047942
479054310.000,Miguel,recording,knock_twice_left,19,-0.655882,7.336669,6.721046,-0.060446,0.091979,-0.034760
479054320.000,Miguel,recording,knock_twice_left,19,-0.555119,7.213068,6.505138,-0.041360,0.157968,-0.004354
479054330.000,Miguel,recording,knock_twice_left,19,-0.700656,7.219011,6.308186,-0.024793,0.191715,0.039227
479054340.000,Miguel,recording,knock_twice_left,19,-0.605101,7.375343,6.099635,-0.003629,0.190119,0.083108
479054350.000,Miguel,recording,knock_twice_left,19,-0.429660,7.454192,5.911451,0.025963,0.152559,0.112620
479054360.000,Miguel,recording,knock_twice_left,19,-0.229711,7.483908,5.687888,0.060784,0.084057,0.118609
479054370.000,Miguel,recording,knock_twice_left,19,-0.016250,7.507156,5.497422,0.092482,-0.006348,0.100112
479054380.000,Miguel,recording,knock_twice_left,19,0.186288,7.546094,5.245518,0.106950,-0.108288,0.060239
479054390.000,Miguel,recording,knock_twice_left,19,0.326717,7.580054,5.052534,0.090140,-0.202371,0.006021
479054400.000,Miguel,recording,knock_twice_left,19,0.256071,7.593713,4.981723,0.037588,-0.272837,-0.050938
479054410.000,Miguel,recording,knock_twice_left,19,0.135203,7.519894,5.121701,-0.046751,-0.319318,-0.094978
479054420.000,Miguel,recording,knock_twice_left,19,0.753512,7.261268,5.259176,-0.153915,-0.341930,-0.125905
479054430.000,Miguel,recording,knock_twice_left,19,1.826844,7.459752,5.381741,-0.263366,-0.337642,-0.163344
479054440.000,Miguel,recording,knock_twice_left,19,-0.008815,7.835539,5.723940,-0.344333,-0.320907,-0.192423
479054450.000,Miguel,recording,knock_twice_left,19,0.076826,7.699573,6.467336,-0.378976,-0.276756,-0.190707
479054460.000,Miguel,recording,knock_twice_left,19,-0.884828,7.436660,7.231655,-0.372255,-0.167721,-0.163194
479054470.000,Miguel,recording,knock_twice_left,19,-0.877020,7.266648,7.796217,-0.340567,-0.011083,-0.119442
479054480.000,Miguel,recording,knock_twice_left,19,-0.880397,7.090930,7.936116,-0.298430,0.140825,-0.067940
479054490.000,Miguel,recording,knock_twice_left,19,-1.059593,7.074606,7.729774,-0.253297,0.247082,-0.004892
479054500.000,Miguel,recording,knock_twice_left,19,-1.052110,7.023782,7.471959,-0.211096,0.308842,0.070475
479054510.000,Miguel,recording,knock_twice_left,19,-0.842397,7.084551,7.293808,-0.175793,0.343938,0.143936
479054520.000,Miguel,recording,knock_twice_left,19,-0.548181,7.181249,7.192417,-0.146040,0.350398,0.198681
479054530.000,Miguel,recording,knock_twice_left,19,-0.300144,7.308325,7.110536,-0.114727,0.324673,0.224584
479054540.000,Miguel,recording,knock_twice_left,19,-0.047286,7.442944,7.054684,-0.073628,0.274708,0.217033
479054550.000,Miguel,recording,knock_twice_left,19,0.196764,7.492042,6.890643,-0.024936,0.209005,0.178540
479054560.000,Miguel,recording,knock_twice_left,19,0.353961,7.529255,6.699118,0.018094,0.133220,0.119940
479054570.000,Miguel,recording,knock_twice_left,19,0.387541,7.548497,6.545639,0.047297,0.057743,0.056698
479054580.000,Miguel,recording,knock_twice_left,19,0.291775,7.509088,6.439721,0.064832,-0.002708,0.001997
479054590.000,Miguel,recording,knock_twice_left,19,0.207759,7.499052,6.344172,0.072731,-0.040381,-0.037945
479054600.000,Miguel,recording,knock_twice_left,19,0.151464,7.516601,6.218257,0.067788,-0.056361,-0.064278
479054610.000,Miguel,recording,knock_twice_left,19,0.145907,7.554444,6.128064,0.047474,-0.050536,-0.082524
479054620.000,Miguel,recording,knock_twice_left,19,0.165181,7.589822,6.048513,0.017109,-0.026262,-0.097368
479054630.000,Miguel,recording,knock_twice_left,19,0.160157,7.569500,6.090955,-0.011867,0.005401,-0.113273
479054640.000,Miguel,recording,knock_twice_left,19,0.088709,7.490049,6.107523,-0.029510,0.032059,-0.132377
479054650.000,Miguel,recording,knock_twice_left,19,-0.013446,7.446609,6.075257,-0.032830,0.042339,-0.151003
479054660.000,Miguel,recording,knock_twice_left,19,-0.091613,7.429015,6.040851,-0.025034,0.030161,-0.164471
479054670.000,Miguel,recording,knock_twice_left,19,-0.160959,7.392403,5.896237,-0.012304,-0.002994,-0.171654
479054680.000,Miguel,recording,knock_twice_left,19,-0.183233,7.373238,5.733557,-0.001685,-0.050919,-0.174421
479054690.000,Miguel,recording,knock_twice_left,19,-0.219636,7.343481,5.623788,0.004052,-0.106931,-0.174599
479054700.000,Miguel,recording,knock_twice_left,19,-0.248558,7.333727,5.522365,0.007495,-0.164854,-0.174197
479054710.000,Miguel,recording,knock_twice_left,19,-0.292267,7.253380,5.442120,0.009967,-0.222039,-0.174819
479054720.000,Miguel,recording,knock_twice_left,19,-0.320139,7.193222,5.380442,0.008764,-0.279479,-0.176418
479054730.000,Miguel,recording,knock_twice_left,19,-0.367959,7.139819,5.315505,-0.000503,-0.334988,-0.177184
479054740.000,Miguel,recording,knock_twice_left,19,-0.387814,7.060111,5.188869,-0.027757,-0.385881,-0.174824
479054750.000,Miguel,recording,knock_twice_left,19,-0.419811,7.009487,5.111414,-0.088228,-0.430158,-0.165984
479054760.000,Miguel,recording,knock_twice_left,19,-0.422769,7.041445,5.213431,-0.186650,-0.457947,-0.149752
479054770.000,Miguel,recording,knock_twice_left,19,-0.329809,7.105586,5.627677,-0.310518,-0.452282,-0.133347
479054780.000,Miguel,recording,knock_twice_left,19,-0.213832,7.021242,6.247311,-0.436746,-0.401358,-0.121625
479054790.000,Miguel,recording,knock_twice_left,19,-0.275539,6.852784,7.174572,-0.538783,-0.304538,-0.105074
479054800.000,Miguel,recording,knock_twice_left,19,-0.452060,6.680419,8.187661,-0.592872,-0.172487,-0.067031
479054810.000,Miguel,recording,knock_twice_left,19,-0.594290,6.541282,9.072197,-0.585020,-0.020112,-0.002286
479054820.000,Miguel,recording,knock_twice_left,19,-0.685548,6.601814,9.763975,-0.514340,0.141918,0.080486
479054830.000,Miguel,recording,knock_twice_left,19,-0.696428,6.715529,10.116636,-0.392350,0.308288,0.166867
479054840.000,Miguel,recording,knock_twice_left,19,-0.566642,6.848647,10.153644,-0.240981,0.469058,0.240939
479054850.000,Miguel,recording,knock_twice_left,19,-0.408747,7.037628,9.968475,-0.086239,0.611104,0.291357
479054860.000,Miguel,recording,knock_twice_left,19,-0.229733,7.237338,9.745639,0.055622,0.733360,0.314182
479054870.000,Miguel,recording,knock_twice_left,19,-0.119920,7.355097,9.474387,0.189864,0.839045,0.311764
479054880.000,Miguel,recording,knock_twice_left,19,-0.054896,7.351347,9.107633,0.327123,0.916865,0.288850
479054890.000,Miguel,recording,knock_twice_left,19,-0.020571,7.368218,8.545705,0.463097,0.938376,0.250063
479054900.000,Miguel,recording,knock_twice_left,19,-0.090984,7.450386,7.862381,0.583613,0.883534,0.202747
479054910.000,Miguel,recording,knock_twice_left,19,-0.248170,7.632234,7.186698,0.679000,0.760857,0.156369
479054920.000,Miguel,recording,knock_twice_left,19,-0.306377,7.740391,6.621507,0.749364,0.593388,0.112711
479054930.000,Miguel,recording,knock_twice_left,19,-0.207169,7.746606,6.126356,0.798736,0.404993,0.064020
479054940.000,Miguel,recording,knock_twice_left,19,-0.111571,7.693969,5.643031,0.828193,0.218209,0.004835
479054950.000,Miguel,recording,knock_twice_left,19,-0.023689,7.702887,5.167708,0.834479,0.046658,-0.063824
479054960.000,Miguel,recording,knock_twice_left,19,0.099495,7.710093,4.709584,0.812354,-0.108860,-0.140064
479054970.000,Miguel,recording,knock_twice_left,19,0.124297,7.684066,4.354035,0.762166,-0.247273,-0.219316
479054980.000,Miguel,recording,knock_twice_left,19,0.102028,7.634937,4.056270,0.688958,-0.365378,-0.293487
479054990.000,Miguel,recording,knock_twice_left,19,0.004538,7.563600,3.794025,0.594511,-0.460730,-0.354584
479055000.000,Miguel,recording,knock_twice_left,19,-0.107073,7.487788,3.630018,0.483270,-0.529075,-0.396907
479055010.000,Miguel,recording,knock_twice_left,19,-0.228714,7.436808,3.506300,0.363693,-0.568789,-0.421396
479055020.000,Miguel,recording,knock_twice_left,19,-0.296983,7.378236,3.439857,0.239822,-0.585980,-0.434999
479055030.000,Miguel,recording,knock_twice_left,19,-0.341254,7.310285,3.310558,0.112066,-0.593678,-0.441612
479055040.000,Miguel,recording,knock_twice_left,19,-0.402051,7.238889,3.238450,-0.020020,-0.600169,-0.439104
479055050.000,Miguel,recording,knock_twice_left,19,-0.560174,7.136993,3.207539,-0.157145,-0.604432,-0.423450
479055060.000,Miguel,recording,knock_twice_left,19,-0.757434,7.082483,3.200469,-0.300627,-0.607113,-0.393685
479055070.000,Miguel,recording,knock_twice_left,19,-0.995779,7.071707,3.354945,-0.450369,-0.613255,-0.352535
479055080.000,Miguel,recording,knock_twice_left,19,-1.182535,7.075225,3.691906,-0.597191,-0.617181,-0.301466
479055090.000,Miguel,recording,knock_twice_left,19,-1.246203,7.006559,4.192982,-0.725081,-0.605031,-0.241736
479055100.000,Miguel,recording,knock_twice_left,19,-1.190182,6.831415,4.727073,-0.827646,-0.571457,-0.176234
479055110.000,Miguel,recording,knock_twice_left,19,-1.216358,6.646460,5.200474,-0.915713,-0.520307,-0.104413
479055120.000,Miguel,recording,knock_twice_left,19,-1.327300,6.516224,5.721199,-1.004144,-0.452433,-0.017828
479055130.000,Miguel,recording,knock_twice_left,19,-1.383593,6.462360,6.501940,-1.093266,-0.356346,0.089999
479055140.000,Miguel,recording,knock_twice_left,19,-1.303593,6.425799,7.519260,-1.162599,-0.219998,0.211739
479055150.000,Miguel,recording,knock_twice_left,19,-1.065187,6.384124,8.639387,-1.182656,-0.045317,0.331583
479055160.000,Miguel,recording,knock_twice_left,19,-0.769558,6.429369,9.703008,-1.133345,0.156132,0.429754
479055170.000,Miguel,recording,knock_twice_left,19,-0.424685,6.590580,10.459805,-1.015778,0.368578,0.488762
479055180.000,Miguel,recording,knock_twice_left,19,-0.191454,6.768734,10.924990,-0.849954,0.573046,0.505028
479055190.000,Miguel,recording,knock_twice_left,19,-0.059474,6.856116,11.161985,-0.658168,0.753639,0.489908
479055200.000,Miguel,recording,knock_twice_left,19,-0.048303,6.922791,11.206891,-0.452661,0.902920,0.461337
479055210.000,Miguel,recording,knock_twice_left,19,-0.106227,6.950004,11.047616,-0.240190,1.017721,0.432459
479055220.000,Miguel,recording,knock_twice_left,19,-0.199138,6.983836,10.693914,-0.029533,1.090998,0.408595
479055230.000,Miguel,recording,knock_twice_left,19,-0.296825,7.040125,10.168530,0.166349,1.114422,0.390904
479055240.000,Miguel,recording,knock_twice_left,19,-0.411355,7.202562,9.452753,0.333785,1.084295,0.376754
479055250.000,Miguel,recording,knock_twice_left,19,-0.361359,7.404519,8.816861,0.464530,1.003166,0.358930
479055260.000,Miguel,recording,knock_twice_left,19,-0.277289,7.511620,8.170843,0.556597,0.885565,0.328732
479055270.000,Miguel,recording,knock_twice_left,20,-0.116889,7.572543,7.602468,0.617088,0.749819,0.281061
479055280.000,Miguel,recording,knock_twice_left,20,-0.020680,7.600400,7.123208,0.657023,0.607799,0.217351
479055290.000,Miguel,recording,knock_twice_left,20,-0.012217,7.561943,6.715964,0.682518,0.469294,0.143519
479055300.000,Miguel,recording,knock_twice_left,20,-0.030367,7.517376,6.384718,0.699513,0.341450,0.067420
479055310.000,Miguel,recording,knock_twice_left,20,-0.117372,7.459929,6.115896,0.716415,0.220375,-0.003724
479055320.000,Miguel,recording,knock_twice_left,20,-0.115764,7.427085,5.819046,0.733994,0.095192,-0.068817
479055330.000,Miguel,recording,knock_twice_left,20,-0.114708,7.370264,5.434381,0.742191,-0.039322,-0.129486
479055340.000,Miguel,recording,knock_twice_left,20,-0.154644,7.295878,5.037974,0.729487,-0.181418,-0.183429
479055350.000,Miguel,recording,knock_twice_left,20,-0.192937,7.258125,4.747225,0.691623,-0.325711,-0.225558
479055360.000,Miguel,recording,knock_twice_left,20,-0.279898,7.253906,4.564123,0.635216,-0.465771,-0.253013
479055370.000,Miguel,recording,knock_twice_left,20,-0.348660,7.226012,4.523762,0.573345,-0.596219,-0.268500
479055380.000,Miguel,recording,knock_twice_left,20,-0.407037,7.200374,4.507960,0.517096,-0.716396,-0.276378
479055390.000,Miguel,recording,knock_twice_left,20,-0.514999,7.200679,4.562935,0.468750,-0.828841,-0.278401
479055400.000,Miguel,recording,knock_twice_left,20,-0.543619,7.227168,4.682950,0.425879,-0.931671,-0.274418
479055410.000,Miguel,recording,knock_twice_left,20,-0.544503,7.237342,4.819942,0.386486,-1.013525,-0.264278
479055420.000,Miguel,recording,knock_twice_left,20,-0.580289,7.196880,4.993723,0.351074,-1.061028,-0.249455
479055430.000,Miguel,recording,knock_twice_left,20,-0.621924,7.205213,5.193081,0.321779,-1.073912,-0.229620
479055440.000,Miguel,recording,knock_twice_left,20,-0.688056,7.254542,5.397592,0.297427,-1.063226,-0.202649
479055450.000,Miguel,recording,knock_twice_left,20,-0.641898,7.295689,5.541385,0.271819,-1.032608,-0.170331
479055460.000,Miguel,recording,knock_twice_left,20,-0.536247,7.369623,5.613901,0.236434,-0.974946,-0.137679
479055470.000,Miguel,recording,knock_twice_left,20,-0.428098,7.466934,5.714153,0.187310,-0.883833,-0.109545
479055480.000,Miguel,recording,knock_twice_left,20,-0.352201,7.497351,5.843044,0.127149,-0.759488,-0.087714
479055490.000,Miguel,recording,knock_twice_left,20,-0.307902,7.505622,5.958219,0.061434,-0.614459,-0.070383
479055500.000,Miguel,recording,knock_twice_left,20,-0.362079,7.504180,6.018883,-0.005756,-0.468766,-0.053314
479055510.000,Miguel,recording,knock_twice_left,20,-0.443273,7.575310,6.099701,-0.069715,-0.337048,-0.033774
479055520.000,Miguel,recording,knock_twice_left,20,-0.534376,7.592132,6.302195,-0.122911,-0.224310,-0.011665
479055530.000,Miguel,recording,knock_twice_left,20,-0.605274,7.613566,6.428536,-0.159926,-0.128612,0.012595
479055540.000,Miguel,recording,knock_twice_left,20,-0.671532,7.595405,6.547424,-0.183708,-0.047637,0.038289
479055550.000,Miguel,recording,knock_twice_left,20,-0.643298,7.618962,6.616725,-0.201209,0.020434,0.065392
479055560.000,Miguel,recording,knock_twice_left,20,-0.553174,7.608756,6.746333,-0.212242,0.083748,0.091702
479055570.000,Miguel,recording,knock_twice_left,20,-0.413836,7.585883,6.808744,-0.216451,0.151544,0.110591
479055580.000,Miguel,recording,knock_twice_left,20,-0.284887,7.564992,6.821725,-0.221556,0.227860,0.116357
479055590.000,Miguel,recording,knock_twice_left,20,-0.236280,7.561877,6.805015,-0.234637,0.314946,0.112039
479055600.000,Miguel,recording,knock_twice_left,20,-0.266068,7.552676,6.816295,-0.254640,0.411905,0.107900
479055610.000,Miguel,recording,knock_twice_left,20,-0.329115,7.511174,6.850377,-0.274310,0.514973,0.111972
479055620.000,Miguel,recording,knock_twice_left,20,-0.357834,7.481093,6.829757,-0.287881,0.615484,0.124195
479055630.000,Miguel,recording,knock_twice_left,20,-0.340842,7.415209,6.805629,-0.293612,0.704075,0.139239
479055640.000,Miguel,recording,knock_twice_left,20,-0.329698,7.434274,6.696145,-0.291840,0.778407,0.151838
479055650.000,Miguel,recording,knock_twice_left,20,-0.311979,7.401930,6.590063,-0.284612,0.835908,0.159413
479055660.000,Miguel,recording,knock_twice_left,20,-0.300451,7.437105,6.429796,-0.272009,0.865821,0.159710
479055670.000,Miguel,recording,knock_twice_left,20,-0.272788,7.461377,6.269347,-0.252362,0.853211,0.150287
479055680.000,Miguel,recording,knock_twice_left,20,-0.238979,7.482279,6.140623,-0.225158,0.789908,0.130554
479055690.000,Miguel,recording,knock_twice_left,20,-0.245822,7.491559,5.957217,-0.193131,0.678075,0.103035
479055700.000,Miguel,recording,knock_twice_left,20,-0.224910,7.503041,5.785934,-0.161344,0.523238,0.073120
479055710.000,Miguel,recording,knock_twice_left,20,-0.192426,7.478744,5.678463,-0.128326,0.326203,0.044339
479055720.000,Miguel,recording,knock_twice_left,20,-0.119947,7.424845,5.713593,-0.086491,0.088206,0.014796
479055730.000,Miguel,recording,knock_twice_left,20,-0.123211,7.382081,5.884118,-0.030027,-0.176348,-0.017421
479055740.000,Miguel,recording,knock_twice_left,20,-0.150391,7.374720,6.141917,0.045957,-0.441247,-0.048371
479055750.000,Miguel,recording,knock_twice_left,20,-0.228489,7.368565,6.382725,0.141753,-0.678721,-0.071913
479055760.000,Miguel,recording,knock_twice_left,20,-0.239134,7.306244,6.498642,0.247427,-0.869127,-0.086669
479055770.000,Miguel,recording,knock_twice_left,20,-0.218953,7.290173,6.449379,0.345776,-1.004545,-0.096230
479055780.000,Miguel,recording,knock_twice_left,20,-0.261169,7.317726,6.247722,0.416185,-1.082549,-0.100793
479055790.000,Miguel,recording,knock_twice_left,20,-0.296505,7.397254,6.055360,0.442747,-1.103204,-0.097404
479055800.000,Miguel,recording,knock_twice_left,20,-0.276476,7.460679,5.932117,0.421776,-1.067024,-0.087353
479055810.000,Miguel,recording,knock_twice_left,20,-0.224762,7.509105,5.991890,0.362235,-0.969085,-0.073904
479055820.000,Miguel,recording,knock_twice_left,20,-0.171906,7.460940,6.077933,0.275749,-0.800559,-0.059042
479055830.000,Miguel,recording,knock_twice_left,20,-0.175572,7.422861,6.192000,0.171305,-0.566383,-0.041439
479055840.000,Miguel,recording,knock_twice_left,20,-0.216591,7.416761,6.236348,0.058019,-0.298986,-0.017982
479055850.000,Miguel,recording,knock_twice_left,20,-0.349676,7.431204,6.280781,-0.058243,-0.030342,0.012583
479055860.000,Miguel,recording,knock_twice_left,20,-0.391223,7.442105,6.308679,-0.173443,0.221179,0.049005
479055870.000,Miguel,recording,knock_twice_left,20,-0.402582,7.454951,6.440144,-0.279841,0.439632,0.086644
479055880.000,Miguel,recording,knock_twice_left,20,-0.404686,7.436414,6.629533,-0.364997,0.619830,0.122216
479055890.000,Miguel,recording,knock_twice_left,20,-0.399362,7.389878,6.900884,-0.416213,0.765562,0.155231
479055900.000,Miguel,recording,knock_twice_left,20,-0.356795,7.359061,7.110149,-0.429821,0.875765,0.184373
479055910.000,Miguel,recording,knock_twice_left,20,-0.361102,7.358926,7.173259,-0.414926,0.945258,0.207294
479055920.000,Miguel,recording,knock_twice_left,20,-0.332013,7.381815,7.142264,-0.381095,0.974362,0.222511
479055930.000,Miguel,recording,knock_twice_left,20,-0.340029,7.404607,7.141788,-0.326152,0.964733,0.228395
479055940.000,Miguel,recording,knock_twice_left,20,-0.280622,7.436354,7.096419,-0.245806,0.912583,0.221966
479055950.000,Miguel,recording,knock_twice_left,20,-0.295382,7.450263,6.945046,-0.147051,0.808772,0.202303
479055960.000,Miguel,recording,knock_twice_left,20,-0.313532,7.505676,6.728555,-0.044396,0.649324,0.175391
479055970.000,Miguel,recording,knock_twice_left,20,-0.331980,7.551369,6.511176,0.050859,0.448102,0.149486
479055980.000,Miguel,recording,knock_twice_left,20,-0.324297,7.505031,6.302194,0.133203,0.233334,0.127185
479055990.000,Miguel,recording,knock_twice_left,20,-0.245462,7.486292,6.147828,0.199007,0.032703,0.105447
479056000.000,Miguel,recording,knock_twice_left,20,-0.166249,7.423877,5.971675,0.242583,-0.132948,0.080815
479056010.000,Miguel,recording,knock_twice_left,20,-0.101921,7.421219,5.841646,0.258679,-0.249856,0.054014
479056020.000,Miguel,recording,knock_twice_left,20,-0.067751,7.417349,5.754150,0.250204,-0.316725,0.027800
479056030.000,Miguel,recording,knock_twice_left,20,-0.038509,7.422787,5.753259,0.223409,-0.338437,0.002614
479056040.000,Miguel,recording,knock_twice_left,20,-0.046856,7.424427,5.722262,0.177285,-0.317914,-0.021321
479056050.000,Miguel,recording,knock_twice_left,20,-0.100148,7.452694,5.704074,0.111639,-0.255799,-0.040426
479056060.000,Miguel,recording,knock_twice_left,20,-0.181921,7.455331,5.792076,0.034578,-0.154733,-0.048134
479056070.000,Miguel,recording,knock_twice_left,20,-0.222357,7.386289,5.988048,-0.042566,-0.027509,-0.040982
479056080.000,Miguel,recording,knock_twice_left,20,-0.206281,7.317212,6.196827,-0.108699,0.104261,-0.024297
479056090.000,Miguel,recording,knock_twice_left,20,-0.228632,7.337814,6.409512,-0.158672,0.216163,-0.008465
479056100.000,Miguel,recording,knock_twice_left,20,-0.261123,7.388586,6.654622,-0.190659,0.293538,0.001363
479056110.000,Miguel,recording,knock_twice_left,20,-0.354098,7.420707,6.871428,-0.201878,0.338890,0.008986
479056120.000,Miguel,recording,knock_twice_left,20,-0.385069,7.408319,7.038978,-0.192335,0.362522,0.019269
479056130.000,Miguel,recording,knock_twice_left,20,-0.361335,7.413433,7.202715,-0.164315,0.373643,0.031664
479056140.000,Miguel,recording,knock_twice_left,20,-0.362277,7.446376,7.330641,-0.120756,0.377425,0.040510
479056150.000,Miguel,recording,knock_twice_left,20,-0.330204,7.484394,7.353228,-0.064363,0.373489,0.041630
479056160.000,Miguel,recording,knock_twice_left,20,-0.355819,7.501495,7.379078,0.003787,0.358639,0.036435
479056170.000,Miguel,recording,knock_twice_left,20,-0.361460,7.512969,7.286015,0.081438,0.330587,0.026868
479056180.000,Miguel,recording,knock_twice_left,20,-0.380863,7.515306,7.089609,0.160601,0.284066,0.015199
479056190.000,Miguel,recording,knock_twice_left,20,-0.432466,7.542076,6.824174,0.230592,0.214880,0.006108
479056200.000,Miguel,recording,knock_twice_left,20,-0.474537,7.529076,6.540979,0.284859,0.129068,0.001660
479056210.000,Miguel,recording,knock_twice_left,20,-0.476061,7.532629,6.289616,0.323489,0.040949,0.000360
479056220.000,Miguel,recording,knock_twice_left,20,-0.444058,7.547733,6.077235,0.347427,-0.036984,-0.001036
479056230.000,Miguel,recording,knock_twice_left,20,-0.409055,7.513096,5.831647,0.354936,-0.102289,-0.004788
479056240.000,Miguel,recording,knock_twice_left,20,-0.396943,7.541421,5.674224,0.346353,-0.157482,-0.009752
479056250.000,Miguel,recording,knock_twice_left,20,-0.437506,7.565440,5.548744,0.327549,-0.203075,-0.014377
479056260.000,Miguel,recording,knock_twice_left,20,-0.469885,7.568234,5.495798,0.306210,-0.241085,-0.018462
479056270.000,Miguel,recording,knock_twice_left,20,-0.470673,7.528246,5.420238,0.286039,-0.276998,-0.022097
479056280.000,Miguel,recording,knock_twice_left,20,-0.477742,7.483356,5.312500,0.268787,-0.314609,-0.022917
479056290.000,Miguel,recording,knock_twice_left,20,-0.549328,7.474211,5.292617,0.255091,-0.354728,-0.016000
479056300.000,Miguel,recording,knock_twice_left,20,-0.578991,7.436538,5.204574,0.243722,-0.397971,-0.000014
479056310.000,Miguel,recording,knock_twice_left,20,-0.537650,7.434344,5.082128,0.229670,-0.443551,0.020927
479056320.000,Miguel,recording,knock_twice_left,20,-0.482820,7.412969,4.895013,0.201480,-0.488701,0.041646
479056330.000,Miguel,recording,knock_twice_left,20,-0.480632,7.397682,4.719345,0.148445,-0.526622,0.061565
479056340.000,Miguel,recording,knock_twice_left,20,-0.507439,7.435822,4.684452,0.071338,-0.544954,0.083866
479056350.000,Miguel,recording,knock_twice_left,20,-0.457263,7.465766,4.772713,-0.018866,-0.534961,0.106957
479056360.000,Miguel,recording,knock_twice_left,20,-0.335034,7.450569,4.936248,-0.111725,-0.497332,0.124100
479056370.000,Miguel,recording,knock_twice_left,20,-0.190312,7.456822,5.178879,-0.202445,-0.436449,0.129746
479056380.000,Miguel,recording,knock_twice_left,20,-0.025907,7.510179,5.508540,-0.287788,-0.355804,0.121594
479056390.000,Miguel,recording,knock_twice_left,20,0.143943,7.561988,5.910766,-0.361091,-0.254302,0.100848
479056400.000,Miguel,recording,knock_twice_left,20,0.260654,7.540170,6.334753,-0.415167,-0.127669,0.070545
479056410.000,Miguel,recording,knock_twice_left,20,0.308079,7.493238,6.651112,-0.447254,0.014755,0.034299
479056420.000,Miguel,recording,knock_twice_left,20,0.193132,7.484326,6.982153,-0.457284,0.146413,0.000375
479056430.000,Miguel,recording,knock_twice_left,20,-0.044379,7.524530,7.185960,-0.448395,0.246826,-0.023622
479056440.000,Miguel,recording,knock_twice_left,20,-0.245683,7.582771,7.315380,-0.424741,0.307807,-0.035731
479056450.000,Miguel,recording,knock_twice_left,20,-0.397759,7.591682,7.498672,-0.384700,0.325946,-0.037142
479056460.000,Miguel,recording,knock_twice_left,20,-0.446585,7.619826,7.633452,-0.327066,0.305447,-0.032275
479056470.000,Miguel,recording,knock_twice_left,20,-0.456915,7.583735,7.746786,-0.256107,0.259427,-0.025360
479056480.000,Miguel,recording,knock_twice_left,20,-0.419985,7.557734,7.777718,-0.177116,0.208249,-0.017701
479056490.000,Miguel,recording,knock_twice_left,20,-0.417325,7.484660,7.775573,-0.095637,0.169727,-0.009533
479056500.000,Miguel,recording,knock_twice_left,20,-0.374315,7.417091,7.715180,-0.016192,0.150086,-0.000923
479056510.000,Miguel,recording,knock_twice_left,20,-0.344812,7.369371,7.562632,0.058161,0.148079,0.007313
479056520.000,Miguel,recording,knock_twice_left,20,-0.305840,7.383155,7.284125,0.121233,0.157051,0.012762
479056530.000,Miguel,recording,knock_twice_left,20,-0.221520,7.390794,7.000457,0.165430,0.167264,0.015760
479056540.000,Miguel,recording,knock_twice_left,20,-0.189234,7.395371,6.700724,0.186463,0.177091,0.018565
479056550.000,Miguel,recording,knock_twice_left,20,-0.142502,7.389565,6.450518,0.184740,0.193475,0.020581
479056560.000,Miguel,recording,knock_twice_left,20,-0.099879,7.364463,6.303990,0.167041,0.220816,0.020496
479056570.000,Miguel,recording,knock_twice_left,20,-0.057975,7.368593,6.194739,0.142441,0.257621,0.017385
479056580.000,Miguel,recording,knock_twice_left,20,-0.054703,7.390100,6.097580,0.116835,0.298292,0.011068
479056590.000,Miguel,recording,knock_twice_left,20,-0.104532,7.385680,5.948668,0.092800,0.332741,0.003690
479056600.000,Miguel,recording,knock_twice_left,20,-0.177919,7.392552,5.859937,0.071337,0.350758,-0.002431
479056610.000,Miguel,recording,knock_twice_left,20,-0.251071,7.401993,5.781836,0.053795,0.348751,-0.003519
479056620.000,Miguel,recording,knock_twice_left,20,-0.327089,7.410877,5.745823,0.041086,0.330813,0.002467
479056630.000,Miguel,recording,knock_twice_left,20,-0.314395,7.426023,5.657463,0.033418,0.301146,0.012632
479056640.000,Miguel,recording,knock_twice_left,20,-0.267030,7.438495,5.671832,0.031876,0.261965,0.021830
479056650.000,Miguel,recording,knock_twice_left,20,-0.255006,7.487168,5.636415,0.037162,0.218750,0.025104
479056660.000,Miguel,recording,knock_twice_left,20,-0.233082,7.518021,5.591135,0.048153,0.176220,0.020597
479056670.000,Miguel,recording,knock_twice_left,20,-0.219111,7.539451,5.548463,0.064699,0.136259,0.009496
479056680.000,Miguel,recording,knock_twice_left,20,-0.222317,7.518053,5.493216,0.085557,0.092983,-0.007008
479056690.000,Miguel,recording,knock_twice_left,20,-0.250479,7.522803,5.359727,0.101323,0.031405,-0.026460
479056700.000,Miguel,recording,knock_twice_left,20,-0.299976,7.534037,5.235079,0.100332,-0.051422,-0.043385
479056710.000,Miguel,recording,knock_twice_left,20,-0.355781,7.524696,5.246941,0.084075,-0.139872,-0.052730
479056720.000,Miguel,recording,knock_twice_left,20,-0.317852,7.490067,5.399909,0.065528,-0.218182,-0.053931
479056730.000,Miguel,recording,knock_twice_left,20,-0.313144,7.396914,5.626546,0.056224,-0.281519,-0.051453
479056740.000,Miguel,recording,knock_twice_left,20,-0.306359,7.397691,5.838989,0.060409,-0.332984,-0.048867
479056750.000,Miguel,recording,knock_twice_left,20,-0.347831,7.379838,6.057590,0.073954,-0.374459,-0.045766
479056760.000,Miguel,recording,knock_twice_left,20,-0.311375,7.438559,6.235899,0.087443,-0.395632,-0.042843
479056770.000,Miguel,recording,knock_twice_left,20,-0.270368,7.426386,6.317086,0.088333,-0.383080,-0.043507
479056780.000,Miguel,recording,knock_twice_left,20,-0.293684,7.489433,6.287350,0.063029,-0.335610,-0.047724
479056790.000,Miguel,recording,knock_twice_left,20,-0.300443,7.567686,6.363776,0.009935,-0.255825,-0.051174
479056800.000,Miguel,recording,knock_twice_left,20,-0.333432,7.603757,6.537838,-0.055351,-0.146058,-0.051249
479056810.000,Miguel,recording,knock_twice_left,20,-0.360854,7.576046,6.775228,-0.111350,-0.020578,-0.048045
479056820.000,Miguel,recording,knock_twice_left,20,-0.365667,7.555564,6.991405,-0.142376,0.097183,-0.042555
479056830.000,Miguel,recording,knock_twice_left,20,-0.404078,7.540514,7.135100,-0.144798,0.189108,-0.037121
479056840.000,Miguel,recording,knock_twice_left,20,-0.477231,7.557616,7.237414,-0.121413,0.243794,-0.031400
479056850.000,Miguel,recording,knock_twice_left,20,-0.615970,7.609807,7.272704,-0.078121,0.257001,-0.021858
479056860.000,Miguel,recording,knock_twice_left,20,-0.669215,7.613248,7.223738,-0.023333,0.233395,-0.009014
479056870.000,Miguel,recording,knock_twice_left,20,-0.676201,7.630345,7.107665,0.035689,0.185557,0.003189
479056880.000,Miguel,recording,knock_twice_left,20,-0.641184,7.648402,7.005171,0.093885,0.130800,0.013437
479056890.000,Miguel,recording,knock_twice_left,20,-0.597749,7.617650,6.915864,0.148005,0.083283,0.020068
479056900.000,Miguel,recording,knock_twice_left,20,-0.533137,7.589066,6.756056,0.196200,0.048111,0.021269
479056910.000,Miguel,recording,knock_twice_left,20,-0.449490,7.580892,6.582044,0.237672,0.021533,0.016396
479056920.000,Miguel,recording,knock_twice_left,20,-0.401699,7.599695,6.359255,0.268972,-0.005720,0.004952
479056930.000,Miguel,recording,knock_twice_left,20,-0.299533,7.592888,6.157141,0.286650,-0.040481,-0.010508
479056940.000,Miguel,recording,knock_twice_left,20,-0.264241,7.571361,5.993652,0.293252,-0.080048,-0.027343
479056950.000,Miguel,recording,knock_twice_left,20,-0.262430,7.550279,5.900655,0.295079,-0.116354,-0.044100
479056960.000,Miguel,recording,knock_twice_left,20,-0.315424,7.520275,5.815233,0.295070,-0.146365,-0.057671
479056970.000,Miguel,recording,knock_twice_left,20,-0.373376,7.552304,5.721752,0.290059,-0.175652,-0.065089
479056980.000,Miguel,recording,knock_twice_left,20,-0.447864,7.567059,5.621031,0.276392,-0.207584,-0.066137
479056990.000,Miguel,recording,knock_twice_left,20,-0.458973,7.557756,5.524928,0.253505,-0.237096,-0.063292
479057000.000,Miguel,recording,knock_twice_left,20,-0.502790,7.553749,5.483855,0.224664,-0.259917,-0.056659
479057010.000,Miguel,recording,knock_twice_left,20,-0.515937,7.518689,5.493610,0.194225,-0.273282,-0.043942
479057020.000,Miguel,recording,knock_twice_left,20,-0.541330,7.513389,5.502554,0.162225,-0.274388,-0.026648
479057030.000,Miguel,recording,knock_twice_left,20,-0.555497,7.500605,5.502804,0.124699,-0.260056,-0.006473
479057040.000,Miguel,recording,knock_twice_left,20,-0.511063,7.542384,5.500622,0.077554,-0.226179,0.014949
479057050.000,Miguel,recording,knock_twice_left,20,-0.403303,7.547155,5.494929,0.019630,-0.177865,0.032002
479057060.000,Miguel,recording,knock_twice_left,20,-0.339151,7.574163,5.521765,-0.046355,-0.129776,0.041436
479057070.000,Miguel,recording,knock_twice_left,20,-0.280530,7.598901,5.558109,-0.113462,-0.095593,0.045353
479057080.000,Miguel,recording,knock_twice_left,20,-0.315212,7.645788,5.719208,-0.170938,-0.081778,0.046517
479057090.000,Miguel,recording,knock_twice_left,20,-0.308856,7.680473,6.012724,-0.204895,-0.086483,0.044703
479057100.000,Miguel,recording,knock_twice_left,20,-0.222590,7.677112,6.305498,-0.206115,-0.103469,0.036426
479057110.000,Miguel,recording,knock_twice_left,20,-0.236339,7.689889,6.496213,-0.177698,-0.128851,0.021147
479057120.000,Miguel,recording,knock_twice_left,20,-0.320029,7.723702,6.601553,-0.130383,-0.159072,0.004752
479057130.000,Miguel,recording,knock_twice_left,20,-0.380408,7.772437,6.706259,-0.075142,-0.182476,-0.005825
479057140.000,Miguel,recording,knock_twice_left,20,-0.405674,7.728425,6.759888,-0.019787,-0.181968,-0.007731
479057150.000,Miguel,recording,knock_twice_left,20,-0.372499,7.654915,6.722840,0.030787,-0.153322,-0.002208
479057160.000,Miguel,recording,knock_twice_left,20,-0.360247,7.578299,6.645672,0.074032,-0.112492,0.009338
479057170.000,Miguel,recording,knock_twice_left,20,-0.304581,7.597474,6.632159,0.114242,-0.080780,0.025019
479057180.000,Miguel,recording,knock_twice_left,20,-0.151284,7.596452,6.722549,0.162355,-0.064041,0.037999
479057190.000,Miguel,recording,knock_twice_left,20,-0.058673,7.595048,6.604868,0.220213,-0.056394,0.041943
479057200.000,Miguel,recording,knock_twice_left,20,-0.038850,7.638553,6.376577,0.274755,-0.063016,0.037869
479057210.000,Miguel,recording,knock_twice_left,20,-0.032433,7.721195,6.132258,0.314327,-0.091619,0.031361
479057220.000,Miguel,recording,knock_twice_left,20,-0.050743,7.769870,5.907744,0.335887,-0.133610,0.024880
479057230.000,Miguel,recording,knock_twice_left,20,-0.061189,7.794205,5.714653,0.339152,-0.170997,0.018069
479057240.000,Miguel,recording,knock_twice_left,20,-0.029431,7.848159,5.561507,0.323844,-0.191435,0.011499
479057250.000,Miguel,recording,knock_twice_left,20,0.022662,7.841074,5.442017,0.290478,-0.191207,0.003505
479057260.000,Miguel,recording,knock_twice_left,20,0.077738,7.857918,5.278022,0.239186,-0.168515,-0.009045
479057270.000,Miguel,recording,knock_twice_left,20,0.057660,7.805864,5.142122,0.169702,-0.123977,-0.024303
479057280.000,Miguel,recording,knock_twice_left,20,-0.048185,7.817226,5.013114,0.083546,-0.062216,-0.035133
479057290.000,Miguel,recording,knock_twice_left,20,-0.133622,7.794983,4.948665,-0.017036,0.013609,-0.036156
479057300.000,Miguel,recording,knock_twice_left,20,-0.234681,7.754972,4.946315,-0.127812,0.098876,-0.025810
479057310.000,Miguel,recording,knock_twice_left,20,-0.268720,7.741709,5.029070,-0.237628,0.180599,-0.006615
479057320.000,Miguel,recording,knock_twice_left,20,-0.296181,7.695684,5.290158,-0.332058,0.246069,0.016501
479057330.000,Miguel,recording,knock_twice_left,20,-0.255251,7.710026,5.559807,-0.400232,0.295604,0.037719
479057340.000,Miguel,recording,knock_twice_left,20,-0.215036,7.673762,5.792183,-0.437586,0.330026,0.050554
479057350.000,Miguel,recording,knock_twice_left,20,-0.175171,7.653009,6.024167,-0.445268,0.341687,0.052824
479057360.000,Miguel,recording,knock_twice_left,20,-0.136646,7.634338,6.293957,-0.424382,0.333219,0.046014
479057370.000,Miguel,recording,knock_twice_left,20,-0.153099,7.608491,6.389591,-0.378014,0.311433,0.033491
479057380.000,Miguel,recording,knock_twice_left,20,-0.192694,7.605063,6.485670,-0.311880,0.268346,0.020658
479057390.000,Miguel,recording,knock_twice_left,20,-0.264827,7.582267,6.642633,-0.229728,0.198376,0.011012
479057400.000,Miguel,recording,knock_twice_left,20,-0.296199,7.587901,6.770131,-0.136786,0.116026,0.004954
479057410.000,Miguel,recording,knock_twice_left,20,-0.311818,7.600390,6.730126,-0.044741,0.039535,0.001778
479057420.000,Miguel,recording,knock_twice_left,20,-0.298819,7.633208,6.643265,0.032344,-0.025247,0.000524
479057430.000,Miguel,recording,knock_twice_left,20,-0.287119,7.628926,6.500411,0.084305,-0.079210,0.001004
479057440.000,Miguel,recording,knock_twice_left,20,-0.268234,7.660262,6.410025,0.110558,-0.116787,0.002418
479057450.000,Miguel,recording,knock_twice_left,20,-0.265556,7.714522,6.368055,0.120732,-0.127207,0.002796
479057460.000,Miguel,recording,knock_twice_left,20,-0.274994,7.709296,6.346111,0.124436,-0.110902,0.001144
479057470.000,Miguel,recording,knock_twice_left,20,-0.311066,7.697982,6.249468,0.123191,-0.083263,-0.001851
479057480.000,Miguel,recording,knock_twice_left,20,-0.338644,7.719446,6.120901,0.113067,-0.059377,-0.004056
479057490.000,Miguel,recording,knock_twice_left,20,-0.388849,7.741117,6.008783,0.092491,-0.041168,-0.001492
479057500.000,Miguel,recording,knock_twice_left,20,-0.283253,7.697923,5.946391,0.061597,-0.044715,-0.007167
479057510.000,Miguel,recording,knock_twice_left,20,2.180568,7.765922,5.246988,0.022114,-0.094370,-0.042754
479057520.000,Miguel,recording,knock_twice_left,20,-0.003072,8.408008,5.400943,-0.008219,-0.149028,-0.079466
479057530.000,Miguel,recording,knock_twice_left,20,-0.564230,7.987822,5.737986,-0.016910,-0.174001,-0.082308
479057540.000,Miguel,recording,knock_twice_left,20,-0.521228,7.754778,6.003799,-0.010464,-0.179731,-0.073817
479057550.000,Miguel,recording,knock_twice_left,20,-0.241028,7.589837,6.183531,0.006752,-0.148612,-0.075490
479057560.000,Miguel,recording,knock_twice_left,20,-0.501374,7.499544,6.387242,0.028391,-0.067303,-0.073345
479057570.000,Miguel,recording,knock_twice_left,20,-0.377765,7.287074,6.325473,0.042696,0.029822,-0.053466
479057580.000,Miguel,recording,knock_twice_left,20,-0.539453,7.329431,6.034155,0.043122,0.091485,-0.022559
479057590.000,Miguel,recording,knock_twice_left,20,-0.444176,7.515391,5.845094,0.029729,0.101548,0.004192
479057600.000,Miguel,recording,knock_twice_left,20,-0.373183,7.622509,5.691453,0.005741,0.072662,0.016500
479057610.000,Miguel,recording,knock_twice_left,20,-0.248583,7.615282,5.694424,-0.021890,0.022749,0.015245
479057620.000,Miguel,recording,knock_twice_left,20,-0.166592,7.576559,5.806711,-0.048293,-0.029449,0.007469
479057630.000,Miguel,recording,knock_twice_left,20,-0.138550,7.544973,5.982373,-0.069780,-0.064487,-0.002708
479057640.000,Miguel,recording,knock_twice_left,20,-0.144527,7.574604,6.156640,-0.080628,-0.070923,-0.011703
479057650.000,Miguel,recording,knock_twice_left,20,-0.171085,7.587301,6.398200,-0.081099,-0.073965,-0.019501
479057660.000,Miguel,recording,knock_twice_left,20,1.903374,7.380211,5.982410,-0.080962,-0.131327,-0.048512
479057670.000,Miguel,recording,knock_twice_left,20,2.658525,8.077854,5.074787,-0.080491,-0.242559,-0.111589
479057680.000,Miguel,recording,knock_twice_left,20,0.091855,8.227137,5.080781,-0.066343,-0.347819,-0.160275
479057690.000,Miguel,recording,knock_twice_left,20,-0.008461,8.309939,5.505516,-0.034708,-0.374480,-0.168621
479057700.000,Miguel,recording,knock_twice_left,20,-0.894378,7.963557,6.244725,0.007247,-0.271062,-0.163640
479057710.000,Miguel,recording,knock_twice_left,20,-1.123150,7.870713,6.789182,0.042451,-0.075987,-0.161243
479057720.000,Miguel,recording,knock_twice_left,20,-1.016075,7.715069,6.750609,0.051323,0.115622,-0.159927
479057730.000,Miguel,recording,knock_twice_left,20,-1.035404,7.506337,6.059943,0.027104,0.239791,-0.140918
479057740.000,Miguel,recording,knock_twice_left,20,-1.081921,7.256305,5.682912,-0.023618,0.309225,-0.086965
479057750.000,Miguel,recording,knock_twice_left,20,-1.123014,7.300176,5.535499,-0.089208,0.343684,-0.007435
479057760.000,Miguel,recording,knock_twice_left,20,-0.824804,7.432478,5.606624,-0.156325,0.325627,0.063632
479057770.000,Miguel,recording,knock_twice_left,20,-0.567698,7.564591,5.801807,-0.204707,0.258870,0.099652
479057780.000,Miguel,recording,knock_twice_left,20,-0.334565,7.606436,6.142089,-0.213660,0.177427,0.099376
479057790.000,Miguel,recording,knock_twice_left,20,-0.140020,7.536660,6.392171,-0.180818,0.109377,0.075158
479057800.000,Miguel,recording,knock_twice_left,20,-0.047337,7.431164,6.444961,-0.124794,0.058589,0.041064
479057810.000,Miguel,recording,knock_twice_left,20,-0.022306,7.354824,6.314271,-0.068750,0.016813,0.008564
479057820.000,Miguel,recording,knock_twice_left,20,-0.082508,7.373933,6.149336,-0.033950,-0.019674,-0.015475
479057830.000,Miguel,recording,knock_twice_left,20,-0.133243,7.472885,6.002412,-0.030587,-0.043189,-0.029414
479057840.000,Miguel,recording,knock_twice_left,20,-0.184384,7.552560,5.997141,-0.053048,-0.044418,-0.037130
479057850.000,Miguel,recording,knock_twice_left,20,-0.232037,7.587292,6.079002,-0.087011,-0.024174,-0.043703
479057860.000,Miguel,recording,knock_twice_left,20,-0.302932,7.580077,6.243957,-0.115994,0.008253,-0.048795
479057870.000,Miguel,recording,knock_twice_left,20,-0.373268,7.578126,6.446288,-0.131748,0.044842,-0.047088
479057880.000,Miguel,recording,knock_twice_left,20,-0.445559,7.577100,6.562891,-0.133638,0.080610,-0.036923
479057890.000,Miguel,recording,knock_twice_left,20,-0.468510,7.558548,6.631284,-0.123043,0.111001,-0.021973
479057900.000,Miguel,recording,knock_twice_left,20,-0.467971,7.547915,6.605177,-0.104681,0.131514,-0.006774
479057910.000,Miguel,recording,knock_twice_left,20,-0.438075,7.575217,6.530792,-0.085017,0.139125,0.004931
479057920.000,Miguel,recording,knock_twice_left,20,-0.416616,7.589889,6.466711,-0.066954,0.136064,0.011786
479057930.000,Miguel,recording,knock_twice_left,20,-0.374769,7.585532,6.423740,-0.050244,0.128580,0.014066
479057940.000,Miguel,recording,knock_twice_left,20,-0.338530,7.557189,6.366205,-0.035114,0.119539,0.013577
479057950.000,Miguel,recording,knock_twice_left,20,-0.309943,7.512304,6.338038,-0.022726,0.106512,0.013107
479057960.000,Miguel,recording,knock_twice_left,20,-0.299067,7.547087,6.312515,-0.012040,0.088780,0.012396
479057970.000,Miguel,recording,knock_twice_left,20,-0.278200,7.518644,6.269606,-0.000827,0.070712,0.009384
479057980.000,Miguel,recording,knock_twice_left,20,-0.280897,7.523028,6.222361,0.010279,0.055700,0.003124
479057990.000,Miguel,recording,knock_twice_left,20,-0.312288,7.522159,6.137096,0.019220,0.041497,-0.006044
479058000.000,Miguel,recording,knock_twice_left,20,-0.361051,7.532635,6.062664,0.025113,0.025780,-0.016178
479058010.000,Miguel,recording,knock_twice_left,20,-0.410339,7.517981,5.974467,0.027479,0.008898,-0.024767
479058020.000,Miguel,recording,knock_twice_left,20,-0.461283,7.480933,5.879677,0.025051,-0.008662,-0.028503
479058030.000,Miguel,recording,knock_twice_left,20,-0.497866,7.469331,5.841942,0.018461,-0.027851,-0.027137
479058040.000,Miguel,recording,knock_twice_left,20,-0.529963,7.439693,5.839656,0.008954,-0.048051,-0.021814
479058050.000,Miguel,recording,knock_twice_left,20,-0.535636,7.399489,5.870683,-0.007011,-0.069209,-0.011880
479058060.000,Miguel,recording,knock_twice_left,20,-0.545970,7.348560,5.844470,-0.036256,-0.090214,0.001907
479058070.000,Miguel,recording,knock_twice_left,20,-0.567734,7.348480,5.905315,-0.078542,-0.100048,0.018005
479058080.000,Miguel,recording,knock_twice_left,20,-0.554949,7.399193,6.072200,-0.125789,-0.082414,0.032651
479058090.000,Miguel,recording,knock_twice_left,20,-0.494271,7.423733,6.411052,-0.167996,-0.029568,0.041813
479058100.000,Miguel,recording,knock_twice_left,20,-0.441037,7.350986,6.789113,-0.192729,0.051542,0.048065
479058110.000,Miguel,recording,knock_twice_left,20,-0.487803,7.215529,7.056858,-0.190864,0.148550,0.059479
479058120.000,Miguel,recording,knock_twice_left,20,-0.589710,7.177687,7.190096,-0.164977,0.248302,0.082344
479058130.000,Miguel,recording,knock_twice_left,20,-0.691911,7.204076,7.206105,-0.124062,0.332101,0.117885
479058140.000,Miguel,recording,knock_twice_left,20,-0.752531,7.290640,7.144737,-0.074895,0.381192,0.157815
479058150.000,Miguel,recording,knock_twice_left,20,-0.700833,7.400511,7.035025,-0.019145,0.389236,0.189860
479058160.000,Miguel,recording,knock_twice_left,20,-0.576407,7.491602,6.886238,0.040625,0.361517,0.205834
479058170.000,Miguel,recording,knock_twice_left,20,-0.465983,7.583104,6.668799,0.095083,0.307078,0.203187
479058180.000,Miguel,recording,knock_twice_left,20,-0.323723,7.635264,6.458909,0.135413,0.236862,0.184167
479058190.000,Miguel,recording,knock_twice_left,20,-0.214856,7.706179,6.287234,0.160514,0.162980,0.152562
479058200.000,Miguel,recording,knock_twice_left,20,-0.137155,7.717934,6.146422,0.173456,0.093090,0.111918
479058210.000,Miguel,recording,knock_twice_left,20,-0.119309,7.727255,6.005764,0.176085,0.029643,0.067907
479058220.000,Miguel,recording,knock_twice_left,20,-0.151423,7.699064,5.909257,0.168556,-0.023884,0.028759
479058230.000,Miguel,recording,knock_twice_left,20,-0.210292,7.674604,5.809669,0.149836,-0.063200,0.000043
479058240.000,Miguel,recording,knock_twice_left,20,-0.294477,7.598526,5.766231,0.121426,-0.085016,-0.016299
479058250.000,Miguel,recording,knock_twice_left,20,-0.367105,7.569473,5.713401,0.087731,-0.089057,-0.021621
479058260.000,Miguel,recording,knock_twice_left,20,-0.375244,7.583396,5.743763,0.051054,-0.079968,-0.019563
479058270.000,Miguel,recording,knock_twice_left,20,-0.324386,7.571455,5.854299,0.014897,-0.062070,-0.014899
479058280.000,Miguel,recording,knock_twice_left,20,-0.322783,7.543283,5.974586,-0.014178,-0.036716,-0.010515
479058290.000,Miguel,recording,knock_twice_left,20,-0.313673,7.504734,6.067341,-0.031553,-0.009858,-0.006841